type,timestamp,x,y,yaw,target_waypoint_idx
actual,1745427124.112353,394655.856893327,4438783.036587364,0.03349084376383897,0
actual,1745427124.1124253,394655.856893327,4438783.036587364,0.03349084376383897,0
actual,1745427124.112462,394655.856893327,4438783.036587364,0.03349084376383897,0
actual,1745427124.443567,394655.85929035454,4438783.038324972,0.03328684968086575,0
actual,1745427124.4436111,394655.85929035454,4438783.038324972,0.03328684968086575,0
actual,1745427124.4436402,394655.85929035454,4438783.038324972,0.03328684968086575,0
actual,1745427124.7778566,394655.85930889484,4438783.038341432,0.03330948660126427,0
actual,1745427124.777957,394655.85930889484,4438783.038341432,0.03330948660126427,0
actual,1745427124.777999,394655.85930889484,4438783.038341432,0.03330948660126427,0
actual,1745427125.2676616,394655.85930889484,4438783.038341432,0.03338458811897746,0
actual,1745427125.267798,394655.85930889484,4438783.038341432,0.03338458811897746,0
actual,1745427125.3773835,394655.8588360864,4438783.038481132,0.03350683097978705,0
actual,1745427125.7538843,394655.8615142697,4438783.037312546,0.03350683097978705,0
actual,1745427125.7539356,394655.8615142697,4438783.037312546,0.03350683097978705,0
actual,1745427125.7539632,394655.8615142697,4438783.037312546,0.03350683097978705,0
actual,1745427126.2357647,394655.8615142697,4438783.037312546,0.033460614661194356,0
actual,1745427126.235844,394655.8615142697,4438783.037312546,0.033460614661194356,0
actual,1745427127.2870383,394655.8627875078,4438783.037067301,0.033400173909197854,0
actual,1745427127.287091,394655.8627875078,4438783.037067301,0.033400173909197854,0
actual,1745427128.7548652,394655.85685501643,4438783.037593455,0.03336327764881059,0
actual,1745427128.7549584,394655.85685501643,4438783.037593455,0.03336327764881059,0
actual,1745427130.290263,394655.85684903717,4438783.037597975,0.03338884672235224,0
actual,1745427130.2904453,394655.85684903717,4438783.037597975,0.03338884672235224,0
actual,1745427132.4007769,394655.8581044142,4438783.035621102,0.0335102867317062,0
actual,1745427132.4008298,394655.8581044142,4438783.035621102,0.0335102867317062,0
actual,1745427134.6036913,394655.8581044142,4438783.035621102,0.033471540422311784,0
actual,1745427134.603756,394655.8581044142,4438783.035621102,0.033471540422311784,0
actual,1745427136.4529433,394655.85657579766,4438783.036825578,0.033408691115947416,0
actual,1745427136.453031,394655.85657579766,4438783.036825578,0.033408691115947416,0
actual,1745427138.3720958,394655.8590026041,4438783.039585755,0.0333949728280269,0
actual,1745427138.372253,394655.8590026041,4438783.039585755,0.0333949728280269,0
actual,1745427140.6208286,394655.8590026041,4438783.039585755,0.03341015719251911,0
actual,1745427140.6209095,394655.8590026041,4438783.039585755,0.03341015719251911,0
actual,1745427140.9772553,394655.8580781686,4438783.03813714,0.03338113236705855,0
actual,1745427140.9773443,394655.8580781686,4438783.03813714,0.03338113236705855,0
actual,1745427140.9773738,394655.8580781686,4438783.03813714,0.03338113236705855,0
actual,1745427141.0210197,394655.8580781686,4438783.03813714,0.03338113236705855,0
actual,1745427141.373847,394655.8588955509,4438783.038509847,0.033512555659733774,0
actual,1745427141.3739896,394655.8588955509,4438783.038509847,0.033512555659733774,0
actual,1745427141.37406,394655.8588955509,4438783.038509847,0.033512555659733774,0
actual,1745427143.011808,394655.8588955509,4438783.038509847,0.03352253894305503,0
actual,1745427143.0118563,394655.8588955509,4438783.038509847,0.03352253894305503,0
actual,1745427145.4467638,394655.8565512406,4438783.040095676,0.03336062474834756,0
actual,1745427145.4468136,394655.8565512406,4438783.040095676,0.03336062474834756,0
actual,1745427146.9128573,394655.85491729795,4438783.041103992,0.03336062474834756,0
actual,1745427146.912919,394655.85491729795,4438783.041103992,0.03336062474834756,0
actual,1745427149.3689444,394655.8589269734,4438783.040172918,0.03336062474834756,0
actual,1745427149.3691094,394655.8589269734,4438783.040172918,0.03336062474834756,0
actual,1745427150.7873065,394655.8564295224,4438783.041116979,0.033435447013380644,0
actual,1745427150.7873557,394655.8564295224,4438783.041116979,0.033435447013380644,0
actual,1745427152.0082562,394655.8575252018,4438783.040882296,0.03347527542691105,0
actual,1745427152.008339,394655.8575252018,4438783.040882296,0.03347527542691105,0
actual,1745427152.1746578,394655.8572583352,4438783.039885032,0.03337472700870379,0
actual,1745427153.931979,394655.8572527816,4438783.039889191,0.03338472774531751,0
actual,1745427153.9320254,394655.8572527816,4438783.039889191,0.03338472774531751,0
actual,1745427158.2246585,394655.8585795322,4438783.039306933,0.03351295708546171,0
actual,1745427158.2247555,394655.8585795322,4438783.039306933,0.03351295708546171,0
actual,1745427158.8762174,394655.8586100772,4438783.03932049,0.033503497400915724,0
actual,1745427158.8763442,394655.8586100772,4438783.03932049,0.033503497400915724,0
actual,1745427161.1578643,394655.85591810907,4438783.039203342,0.03348459548511673,0
actual,1745427161.1579719,394655.85591810907,4438783.039203342,0.03348459548511673,0
actual,1745427161.9355264,394655.85591810907,4438783.039203342,0.03348459548511673,0
actual,1745427161.935574,394655.85591810907,4438783.039203342,0.03348459548511673,0
actual,1745427162.562986,394655.85591810907,4438783.039203342,0.03344078772089166,0
actual,1745427162.563126,394655.85591810907,4438783.039203342,0.03344078772089166,0
actual,1745427165.2922025,394655.8566840695,4438783.039560481,0.03339523462741453,0
actual,1745427165.2922904,394655.8566840695,4438783.039560481,0.03339523462741453,0
actual,1745427166.5975676,394655.8566840695,4438783.039560481,0.03339523462741453,0
actual,1745427166.5976446,394655.8566840695,4438783.039560481,0.03339523462741453,0
actual,1745427169.9804142,394655.8566840695,4438783.039560481,0.033392442100611444,0
actual,1745427169.9804616,394655.8566840695,4438783.039560481,0.033392442100611444,0
actual,1745427170.0996618,394655.85553462966,4438783.041595892,0.0334365116642244,0
actual,1745427174.8850083,394655.855040467,4438783.042491416,0.0334365116642244,0
actual,1745427174.885066,394655.855040467,4438783.042491416,0.0334365116642244,0
actual,1745427175.3595133,394655.85542805516,4438783.039160954,0.03344850207618559,0
actual,1745427175.359623,394655.85542805516,4438783.039160954,0.03344850207618559,0
actual,1745427175.7412472,394655.8553522533,4438783.039151293,0.033427994457474595,0
actual,1745427175.741294,394655.8553522533,4438783.039151293,0.033427994457474595,0
actual,1745427175.7413223,394655.8553522533,4438783.039151293,0.033427994457474595,0
actual,1745427182.5734668,394655.8552026226,4438783.039127273,0.033596034757856476,0
actual,1745427182.5735695,394655.8552026226,4438783.039127273,0.033596034757856476,0
actual,1745427182.8770797,394655.8572326058,4438783.03961251,0.03349883737181301,0
actual,1745427182.8775258,394655.8572326058,4438783.03961251,0.03349883737181301,0
actual,1745427182.877632,394655.8572326058,4438783.03961251,0.03349883737181301,0
actual,1745427184.2954273,394655.8572326058,4438783.03961251,0.03349883737181301,0
actual,1745427184.2956638,394655.8572326058,4438783.03961251,0.03349883737181301,0
actual,1745427184.5895302,394655.8572217932,4438783.039592451,0.033530654724076896,0
actual,1745427184.5896602,394655.8572217932,4438783.039592451,0.033530654724076896,0
actual,1745427185.4009712,394655.8575348219,4438783.039813498,0.033537583681207184,0
actual,1745427185.401147,394655.8575348219,4438783.039813498,0.033537583681207184,0
actual,1745427186.7817917,394655.85718120047,4438783.040153742,0.03362401238576599,0
actual,1745427186.7818904,394655.85718120047,4438783.040153742,0.03362401238576599,0
actual,1745427193.0783055,394655.858790318,4438783.040149252,0.03354491406406565,0
actual,1745427193.078386,394655.858790318,4438783.040149252,0.03354491406406565,0
actual,1745427195.6662695,394655.858790318,4438783.040149252,0.03354491406406565,0
actual,1745427195.6663935,394655.858790318,4438783.040149252,0.03354491406406565,0
actual,1745427196.436296,394655.858790318,4438783.040149252,0.033542645136038086,0
actual,1745427196.436343,394655.858790318,4438783.040149252,0.033542645136038086,0
actual,1745427198.2127664,394655.8587855563,4438783.040127337,0.033542645136038086,0
actual,1745427198.2128327,394655.8587855563,4438783.040127337,0.033542645136038086,0
actual,1745427198.379492,394655.8587855563,4438783.040127337,0.03352054926770782,0
actual,1745427198.6674786,394655.85712781467,4438783.039877886,0.03352054926770782,0
actual,1745427198.6676183,394655.85712781467,4438783.039877886,0.03352054926770782,0
actual,1745427198.6676502,394655.85712781467,4438783.039877886,0.03352054926770782,0
actual,1745427198.8594294,394655.85843277624,4438783.039392784,0.03350695315283488,0
actual,1745427198.8595278,394655.85843277624,4438783.039392784,0.03350695315283488,0
actual,1745427200.3737168,394655.85843277624,4438783.039392784,0.03359257900593757,0
actual,1745427200.3738072,394655.85843277624,4438783.039392784,0.03359257900593757,0
actual,1745427200.5016806,394655.85843277624,4438783.039392784,0.033494578768438234,0
actual,1745427207.9167051,394655.8570837616,4438783.038976583,0.03353212080064859,0
actual,1745427207.9167585,394655.8570837616,4438783.038976583,0.03353212080064859,0
actual,1745427208.140467,394655.86049438454,4438783.039375138,0.03362094060628255,0
actual,1745427208.1405258,394655.86049438454,4438783.039375138,0.03362094060628255,0
actual,1745427208.2513638,394655.85991974,4438783.0399674615,0.033651972560383034,0
actual,1745427208.316863,394655.8600675262,4438783.038799647,0.0337302680306275,0
actual,1745427208.4169834,394655.8600228741,4438783.038573401,0.033766623238946525,0
actual,1745427208.516914,394655.86023738666,4438783.0397155145,0.03356102345306156,0
actual,1745427208.6169262,394655.86026748247,4438783.039733437,0.03360071224025191,0
actual,1745427208.7169456,394655.86038876843,4438783.039622674,0.03360244011621149,0
actual,1745427208.8169394,394655.86047847435,4438783.039524411,0.03363586317138712,0
actual,1745427208.9169745,394655.85920496966,4438783.0397335235,0.033508419229406575,0
actual,1745427209.0169127,394655.85907157155,4438783.039545098,0.033567411358123855,0
actual,1745427209.1169262,394655.8589816049,4438783.03944704,0.033553570897155514,0
actual,1745427209.2243328,394655.8588489184,4438783.039253462,0.033602160863531134,0
actual,1745427209.317054,394655.85874334804,4438783.0390651645,0.033609089820661416,0
actual,1745427209.4998996,394655.85864924226,4438783.038903567,0.03361987595543879,0
actual,1745427209.5184577,394655.85917045106,4438783.0397148775,0.033534791154404095,0
actual,1745427209.6170108,394655.8591786135,4438783.039725248,0.03351494676080892,0
actual,1745427209.7170498,394655.859183289,4438783.039758679,0.03353318545149235,0
actual,1745427209.8169653,394655.85922741494,4438783.039807288,0.03353852615900336,0
actual,1745427209.9169338,394655.85853348544,4438783.040600618,0.033502293123731916,0
actual,1745427210.0168443,394655.85847281816,4438783.040602834,0.03351908319113612,0
actual,1745427210.1169295,394655.8584607698,4438783.040576128,0.03352959007323314,0
actual,1745427210.2170234,394655.85846133856,4438783.040528131,0.03353105614980483,0
actual,1745427210.3170176,394655.85838924965,4438783.040426872,0.03357952394313262,0
actual,1745427210.416939,394655.858325801,4438783.040325859,0.03360043298757155,0
actual,1745427210.516902,394655.8585074489,4438783.041285656,0.03352693717277011,0
actual,1745427210.6169376,394655.8585133237,4438783.041317264,0.03353465152806404,0
actual,1745427210.7168424,394655.85850054934,4438783.041334494,0.033540254034962934,0
actual,1745427210.8169384,394655.8585392465,4438783.041344945,0.03353985260923475,0
actual,1745427210.9169,394655.85859887366,4438783.041366087,0.03356301312840877,0
actual,1745427211.01696,394655.85754569527,4438783.040437189,0.033568214209579735,0
actual,1745427211.1169374,394655.85747464246,4438783.040351868,0.03357980319581298,0
actual,1745427211.2169285,394655.85741868353,4438783.040269334,0.03358711612537898,0
actual,1745427211.3169255,394655.8573364787,4438783.040194651,0.03358633072721558,0
actual,1745427211.4170845,394655.85726095014,4438783.040131735,0.03359338185739344,0
actual,1745427211.5169773,394655.8589333026,4438783.040064677,0.03352972969957319,0
actual,1745427211.6169672,394655.85904012044,4438783.039992343,0.03354465226467777,0
actual,1745427211.716921,394655.8592082534,4438783.039935844,0.03355610162457096,0
actual,1745427211.8170164,394655.8593882073,4438783.039898666,0.03355449592165922,0
actual,1745427211.916964,394655.8595160367,4438783.039837106,0.033540254034962934,0
actual,1745427212.0170486,394655.85814889544,4438783.040220876,0.03347487400118311,0
actual,1745427212.116925,394655.85810650134,4438783.040164967,0.033500303448384706,0
actual,1745427212.2170558,394655.85806287354,4438783.040072106,0.03355449592165922,0
actual,1745427212.3169744,394655.8579753648,4438783.039968563,0.03360802516981766,0
actual,1745427212.4168575,394655.8579145486,4438783.0398976,0.03362120240567043,0
actual,1745427212.5169485,394655.85792757745,4438783.040260515,0.03352040964136776,0
actual,1745427212.6169167,394655.85789095005,4438783.040215239,0.03353732188181955,0
actual,1745427212.7169318,394655.8578599606,4438783.040150091,0.03357207138722657,0
actual,1745427212.8169453,394655.85784927994,4438783.04004623,0.03359497010701296,0
actual,1745427212.9169073,394655.8578042869,4438783.039928801,0.0336359853444347,0
actual,1745427213.0169358,394655.8586198158,4438783.03899902,0.033541580485194324,0
actual,1745427213.1169422,394655.8586773538,4438783.038855572,0.033557026649074416,0
actual,1745427213.2169352,394655.85872676654,4438783.038681479,0.03357660924328196,0
actual,1745427213.3170054,394655.8588102309,4438783.038511,0.03357819749290123,0
actual,1745427213.4170046,394655.85893814726,4438783.038297743,0.033614011649152016,0
actual,1745427213.516938,394655.8594885277,4438783.038667951,0.03356913923408343,0
actual,1745427213.6169958,394655.85956563597,4438783.038583396,0.033616821629247826,0
actual,1745427213.7169752,394655.8597459945,4438783.038464237,0.03366502762318798,0
actual,1745427213.8169982,394655.8598954112,4438783.038393913,0.03369138209489303,0
actual,1745427213.9169323,394655.85979979596,4438783.038307622,0.033508698482086686,0
actual,1745427214.0169039,394655.8597080767,4438783.038304764,0.03352133466587121,0
actual,1745427214.1169093,394655.85966908437,4438783.038229961,0.033534791154404095,0
actual,1745427214.217001,394655.85970517993,4438783.03813998,0.03354957409316837,0
actual,1745427214.316894,394655.85975559044,4438783.038024512,0.03359750083442817,0
actual,1745427214.4169345,394655.85984064615,4438783.037955772,0.03357620781755402,0
actual,1745427214.5169423,394655.859036876,4438783.037703357,0.033499378423881,0
actual,1745427214.6169522,394655.85898548306,4438783.037606786,0.03349976239631646,0
actual,1745427214.7169073,394655.85892100603,4438783.037478682,0.033563292381089134,0
actual,1745427214.8169172,394655.8588735445,4438783.037339733,0.0335663467072801,0
actual,1745427214.9169161,394655.85900656576,4438783.03862242,0.033521072866483335,0
actual,1745427215.0169208,394655.85897833004,4438783.038644533,0.03355184302119619,0
actual,1745427215.1169958,394655.8589626367,4438783.038642865,0.03358739537805909,0
actual,1745427215.2169964,394655.8589474674,4438783.03868705,0.03361069552357342,0
actual,1745427215.3169177,394655.85895272857,4438783.038741245,0.03361760702741123,0
actual,1745427215.4169743,394655.85894517007,4438783.038766155,0.033615879151451644,0
actual,1745427215.5169008,394655.8580049637,4438783.039195304,0.03351215423400584,0
actual,1745427215.616917,394655.857897362,4438783.039182713,0.0335489108680528,0
actual,1745427215.716925,394655.8577565538,4438783.039132472,0.03359697723565265,0
actual,1745427215.8169286,394655.8576807858,4438783.039093159,0.03361176017441692,0
actual,1745427215.9169433,394655.8567412162,4438783.039019862,0.03354503623711323,0
actual,1745427216.0169115,394655.85664050473,4438783.038933091,0.03353999223557505,0
actual,1745427216.1169033,394655.8565250182,4438783.038819716,0.03355863235198642,0
actual,1745427216.2170234,394655.8564148574,4438783.038677896,0.03361575697840407,0
actual,1745427216.316928,394655.8563386309,4438783.038514298,0.03363451926786301,0
actual,1745427216.4169314,394655.85625293956,4438783.038335447,0.03362959743937241,0
actual,1745427216.516896,394655.8578818892,4438783.039292417,0.03351707606249644,0
actual,1745427216.616939,394655.8579951805,4438783.039161265,0.03359510973335302,0
actual,1745427216.7168658,394655.85815065505,4438783.039052185,0.03365956474262914,0
actual,1745427216.8169403,394655.8582883823,4438783.038972241,0.033683266313871155,0
actual,1745427216.9169543,394655.85847302485,4438783.03821207,0.033535454379519915,0
actual,1745427217.0169158,394655.85867192224,4438783.038071555,0.033577796067173295,0
actual,1745427217.1169364,394655.85905890074,4438783.037872866,0.03362413455881357,0
actual,1745427217.216938,394655.85952351324,4438783.037660272,0.03363305319129131,0
actual,1745427217.3169236,394655.85979513876,4438783.03746519,0.033624413811493926,0
actual,1745427217.4169185,394655.8597077783,4438783.037254428,0.03357727246839753,0
actual,1745427217.5169559,394655.8594368457,4438783.037688024,0.03350335777457567,0
actual,1745427217.6170068,394655.85893830075,4438783.037646441,0.03343584843910858,0
actual,1745427217.716951,394655.85839282523,4438783.037328211,0.03358167069811261,0
actual,1745427217.816906,394655.85788335244,4438783.037268269,0.0334983137730375,0
actual,1745427217.9169323,394655.85753562336,4438783.037067651,0.033571949214179,0
actual,1745427218.016806,394655.857939928,4438783.039554254,0.03350922208086245,0
actual,1745427218.116894,394655.85846066487,4438783.03957891,0.03360137546536773,0
actual,1745427218.2169669,394655.85928129643,4438783.03968657,0.03362732851134484,0
actual,1745427218.3169115,394655.86035630014,4438783.0397185795,0.033631988540447556,0
actual,1745427218.416991,394655.86146652175,4438783.039837453,0.03365530613925436,0
actual,1745427218.5169237,394655.8571295611,4438783.03942705,0.03351175280827765,0
actual,1745427218.61693,394655.85696029756,4438783.039421611,0.033671537701297855,0
actual,1745427218.7169018,394655.8565669241,4438783.039625263,0.033544512638337715,0
actual,1745427218.8169498,394655.8558591161,4438783.039687122,0.033682603088755585,0
actual,1745427218.9169433,394655.855106561,4438783.039875842,0.033575806391825835,0
actual,1745427219.0169687,394655.85647430446,4438783.04059676,0.033743846692207966,0
actual,1745427219.1169565,394655.85616730753,4438783.04089382,0.03363040029082828,0
actual,1745427219.2169595,394655.8558187588,4438783.041014841,0.0337948452129512,0
actual,1745427219.3169496,394655.8555375338,4438783.041313968,0.03369937570286707,0
actual,1745427219.4171278,394655.8552070998,4438783.041441354,0.0338674160032492,0
actual,1745427219.5169766,394655.8573906664,4438783.040749889,0.03357660924328196,0
actual,1745427219.6169465,394655.8573413858,4438783.040651164,0.033733461983158526,0
actual,1745427219.716934,394655.85732316313,4438783.040760315,0.03362732851134484,0
actual,1745427219.8169188,394655.8572660193,4438783.040604203,0.033793117336991876,0
actual,1745427219.916919,394655.8572274234,4438783.040645774,0.033694314248036414,0
actual,1745427220.01697,394655.8561851678,4438783.0391417,0.03354836981598456,0
actual,1745427220.116934,394655.85600872035,4438783.039014643,0.03350122847288816,0
actual,1745427220.2169166,394655.85578071803,4438783.038779823,0.03355969700282992,0
actual,1745427220.3169332,394655.8555685415,4438783.03857666,0.033525209296810535,0
actual,1745427220.416904,394655.8553266048,4438783.038283223,0.03352959007323314,0
actual,1745427220.5169103,394655.85732181737,4438783.040204891,0.03351787891395231,0
actual,1745427220.616895,394655.8574016721,4438783.040218238,0.03356927886042349,0
actual,1745427220.716962,394655.85747731803,4438783.040191146,0.03357367709013857,0
actual,1745427220.8169858,394655.8575434194,4438783.040151726,0.033579401770085046,0
actual,1745427220.9169788,394655.8563991842,4438783.039836783,0.03354756696452868,0
actual,1745427221.016928,394655.85631472734,4438783.039730153,0.033605494442402455,0
actual,1745427221.1169093,394655.8562116509,4438783.039599254,0.033666092274031736,0
actual,1745427221.2169309,394655.85610374546,4438783.039518272,0.03368246346241528,0
actual,1745427221.317018,394655.85599361325,4438783.039410282,0.03370311070746633,0
actual,1745427221.416931,394655.8576748027,4438783.039436581,0.03351094995682178,0
actual,1745427221.5169685,394655.85775874124,4438783.039407671,0.03352906647445762,0
actual,1745427221.6171224,394655.85785429156,4438783.039357958,0.03355184302119619,0
actual,1745427221.7170591,394655.85792037373,4438783.039293114,0.03357060531065513,0
actual,1745427221.8169677,394655.85797044233,4438783.039200112,0.033605494442402455,0
actual,1745427221.916967,394655.8581216454,4438783.039410864,0.033529869325913494,0
actual,1745427222.0169172,394655.8581478493,4438783.039349865,0.03354358761383426,0
actual,1745427222.1169136,394655.8581373185,4438783.039306051,0.03355343127081546,0
actual,1745427222.2169178,394655.85812118475,4438783.039272612,0.03356514243009629,0
actual,1745427222.317061,394655.8581166394,4438783.039177262,0.03358578967514734,0
actual,1745427222.4170837,394655.85809122387,4438783.039068264,0.0335968376093126,0
actual,1745427222.5169313,394655.8586252072,4438783.038169745,0.03354065546069087,0
actual,1745427222.6169496,394655.8585438451,4438783.03796958,0.03358645290026316,0
actual,1745427222.7169063,394655.85843055724,4438783.0377626605,0.0336184098788671,0
actual,1745427222.8170094,394655.8583014363,4438783.037563929,0.03362945781303236,0
actual,1745427222.9169068,394655.8598315509,4438783.038332375,0.03347340792461142,0
actual,1745427223.016951,394655.8598914413,4438783.038323739,0.033499378423881,0
actual,1745427223.1169329,394655.85991430073,4438783.038284661,0.03353013112530138,0
actual,1745427223.2170205,394655.8599096726,4438783.038202317,0.03358498682369146,0
actual,1745427223.3169723,394655.8598758292,4438783.038107273,0.033636788195890575,0
actual,1745427223.4169328,394655.8598675545,4438783.038285435,0.03350855885574663,0
actual,1745427223.5169249,394655.85980616795,4438783.038228617,0.03353119577614489,0
actual,1745427223.6169076,394655.85976355197,4438783.038172512,0.03354850944232486,0
actual,1745427223.7169554,394655.8596985402,4438783.038102654,0.03357008171187936,0
actual,1745427223.8169467,394655.8596047713,4438783.037984284,0.033597902260156104,0
actual,1745427223.9169776,394655.8594913615,4438783.037813084,0.03364130859865324,0
actual,1745427224.0169113,394655.8568928705,4438783.039118016,0.03355343127081546,0
actual,1745427224.1169193,394655.8566191417,4438783.039053101,0.03354198191092227,0
actual,1745427224.216905,394655.85632646177,4438783.038984703,0.03354278476237814,0
actual,1745427224.3169188,394655.85601328255,4438783.038888135,0.0335929804316655,0
actual,1745427224.4169376,394655.8557326462,4438783.038743582,0.03356913923408343,0
actual,1745427224.5169249,394655.8567142939,4438783.0390070565,0.0335496962662162,0
actual,1745427224.6169515,394655.85662418953,4438783.038925399,0.033583258947731884,0
actual,1745427224.7169394,394655.8565279918,4438783.038791558,0.03361188234746475,0
actual,1745427224.816905,394655.856431168,4438783.038635287,0.03363385604274719,0
actual,1745427224.91693,394655.85787114623,4438783.039278936,0.03353732188181955,0
actual,1745427225.0168982,394655.85792738287,4438783.03924732,0.0335284032493418,0
actual,1745427225.1169908,394655.8579804319,4438783.039165842,0.03354224371031014,0
actual,1745427225.216939,394655.85798395996,4438783.039034469,0.03358659252660321,0
actual,1745427225.3169286,394655.85794569715,4438783.03889186,0.03360296371498701,0
actual,1745427225.4169793,394655.8578714469,4438783.038690928,0.03365729581460157,0
actual,1745427225.516905,394655.85734519316,4438783.038342335,0.03352000821563957,0
actual,1745427225.6169739,394655.8572425334,4438783.0381982485,0.033530532551029314,0
actual,1745427225.7169256,394655.8571295638,4438783.038014155,0.03353692045609161,0
actual,1745427225.816944,394655.8569783194,4438783.037754205,0.03355929557710199,0
actual,1745427225.9169319,394655.8568202185,4438783.037472722,0.03359750083442817,0
actual,1745427226.016902,394655.8566099418,4438783.037761571,0.03353985260923475,0
actual,1745427226.1169558,394655.8564365391,4438783.037683842,0.03354250550969778,0
actual,1745427226.2169738,394655.85640719737,4438783.037600583,0.03350323560152809,0
actual,1745427226.3169432,394655.8564633139,4438783.037395338,0.033541580485194324,0
actual,1745427226.4169385,394655.85669530346,4438783.037245437,0.033538386532663306,0
actual,1745427226.5169425,394655.85828531213,4438783.03785443,0.033598565485271924,0
actual,1745427226.6170278,394655.8582228827,4438783.03799575,0.03357952394313262,0
actual,1745427226.7169502,394655.8578525351,4438783.038056116,0.03357341529075069,0
actual,1745427226.8169172,394655.85731469747,4438783.038053268,0.03361495412694819,0
actual,1745427226.9169042,394655.85913225624,4438783.039027866,0.03352187571793921,0
actual,1745427227.0168226,394655.8591428031,4438783.038932996,0.033587517551106914,0
actual,1745427227.1169014,394655.8591883814,4438783.038824264,0.0336184098788671,0
actual,1745427227.2169595,394655.8593581845,4438783.0388000645,0.033660489767132845,0
actual,1745427227.3169425,394655.8596773752,4438783.03883665,0.03368632064006213,0
actual,1745427227.4169705,394655.8591632857,4438783.038829017,0.03349138481590696,0
actual,1745427227.5169203,394655.8591860202,4438783.03867281,0.03353266185271658,0
actual,1745427227.6169007,394655.8590794072,4438783.038546414,0.03356022060160569,0
actual,1745427227.7169025,394655.85889601754,4438783.03840258,0.033563955606204954,0
actual,1745427227.8169446,394655.8586819405,4438783.038196448,0.033550778370352426,0
actual,1745427227.9169638,394655.85875523905,4438783.038799071,0.03351042635804626,0
actual,1745427228.01691,394655.8587182652,4438783.038773204,0.03350988530597802,0
actual,1745427228.1169424,394655.8586901075,4438783.038680613,0.033540376208010515,0
actual,1745427228.2169588,394655.8586291223,4438783.038669787,0.03351801854029236,0
actual,1745427228.3169155,394655.85854078,4438783.038611898,0.03352679754643005,0
actual,1745427228.4168954,394655.8584495865,4438783.0385300685,0.0335572884484623,0
actual,1745427228.5169306,394655.85933406895,4438783.039394211,0.03355955737648987,0
actual,1745427228.616927,394655.85930965655,4438783.039421135,0.033579925368860564,0
actual,1745427228.7169247,394655.859239464,4438783.039440757,0.03357699321571742,0
actual,1745427228.8169055,394655.8591336473,4438783.039434692,0.03361601877779195,0
actual,1745427228.9168968,394655.85722120985,4438783.039056064,0.03351560998592474,0
actual,1745427229.0169537,394655.85698489565,4438783.038917083,0.033555036973727206,0
actual,1745427229.1169066,394655.85673705686,4438783.038793868,0.0335489108680528,0
actual,1745427229.2169256,394655.8565223095,4438783.038681508,0.03354571691552153,0
actual,1745427229.3168976,394655.8562760621,4438783.038574145,0.033532801479056885,0
actual,1745427229.416909,394655.8559655665,4438783.038429867,0.03354358761383426,0
actual,1745427229.5168653,394655.85852441884,4438783.038033875,0.033518943564796067,0
actual,1745427229.6169307,394655.85852916545,4438783.037882071,0.03353027075164144,0
actual,1745427229.7169044,394655.85848184687,4438783.037705468,0.03354172011153438,0
actual,1745427229.8168654,394655.85845067,4438783.03748262,0.03359484793396514,0
actual,1745427229.9168954,394655.8584644857,4438783.037295723,0.033609892672117295,0
actual,1745427230.0170097,394655.85931205604,4438783.038477855,0.033568737808355495,0
actual,1745427230.1169412,394655.85932275443,4438783.0384113,0.0335538326965434,0
actual,1745427230.2169406,394655.85931048566,4438783.03836248,0.03357620781755402,0
actual,1745427230.3169498,394655.85931024724,4438783.038278947,0.03358872182829072,0
actual,1745427230.416926,394655.8592426735,4438783.038141026,0.03362001558177885,0
actual,1745427230.516981,394655.858470962,4438783.0377650075,0.03353266185271658,0
actual,1745427230.6169677,394655.8583693856,4438783.037682742,0.03355889415137405,0
actual,1745427230.716917,394655.8582657485,4438783.037574495,0.03355742807480236,0
actual,1745427230.8169281,394655.8580951891,4438783.037440569,0.03354690373941286,0
actual,1745427230.916855,394655.85786711896,4438783.038120023,0.033514021736305466,0
actual,1745427231.0169363,394655.85780885036,4438783.038101807,0.03352705934581769,0
actual,1745427231.1169171,394655.85776308994,4438783.038060088,0.03353266185271658,0
actual,1745427231.2168992,394655.85771447705,4438783.038037838,0.033529991498961076,0
actual,1745427231.3169136,394655.85765970865,4438783.038021631,0.03350948388025008,0
actual,1745427231.416923,394655.8575863254,4438783.03796103,0.033513882109965164,0
actual,1745427231.5169234,394655.85899415123,4438783.037313983,0.03350976313293044,0
actual,1745427231.6169047,394655.85900418437,4438783.037214065,0.03356435703193289,0
actual,1745427231.7168965,394655.85903272196,4438783.037067746,0.03359352148373375,0
actual,1745427231.816939,394655.85904799926,4438783.036892045,0.033627869563412835,0
actual,1745427231.9171958,394655.8590724877,4438783.036683671,0.033682725261803166,0
actual,1745427232.0169713,394655.8587193568,4438783.036691156,0.03359390545616921,0
actual,1745427232.1168902,394655.85857737204,4438783.036539364,0.03361374984976438,0
actual,1745427232.216941,394655.8584642831,4438783.036360266,0.03367420805505336,0
actual,1745427232.3170006,394655.8583188597,4438783.036109702,0.03372321690044939,0
actual,1745427232.4169385,394655.85812298366,4438783.035864064,0.03377048041659337,0
actual,1745427232.5169528,394655.85957810486,4438783.037423581,0.033555036973727206,0
actual,1745427232.6169682,394655.8595793982,4438783.037432971,0.03354144085885427,0
actual,1745427232.7169073,394655.85950533126,4438783.03745918,0.03359284080532545,0
actual,1745427232.8169477,394655.85942310584,4438783.037467882,0.033655690111689826,0
actual,1745427232.9169538,394655.8592122029,4438783.037362168,0.03354957409316837,0
actual,1745427233.016961,394655.8590961659,4438783.03738439,0.03355063874401212,0
actual,1745427233.1169446,394655.85892440064,4438783.037352065,0.033569680286151427,0
actual,1745427233.2169423,394655.85879799863,4438783.0372787705,0.033606436920198386,0
actual,1745427233.3169434,394655.85867803893,4438783.037199076,0.033597378661380586,0
actual,1745427233.4170318,394655.85851590533,4438783.037059332,0.03362586243477315,0
actual,1745427233.516952,394655.8591191268,4438783.037302718,0.03354358761383426,0
actual,1745427233.6170082,394655.85895800457,4438783.037190876,0.03357008171187936,0
actual,1745427233.716953,394655.85887100303,4438783.037076375,0.03355037694462449,0
actual,1745427233.8169708,394655.858720865,4438783.036872561,0.03357460211464203,0
actual,1745427233.916972,394655.8585776275,4438783.036776377,0.033572211013566874,0
actual,1745427234.0168602,394655.85811493086,4438783.0360084595,0.03350588850199112,0
actual,1745427234.1168952,394655.8580019352,4438783.035831625,0.03352972969957319,0
actual,1745427234.2170882,394655.8578764273,4438783.035685816,0.03357819749290123,0
actual,1745427234.3169827,394655.85777166905,4438783.035511233,0.033593120058005806,0
actual,1745427234.4169388,394655.85763980425,4438783.035318635,0.033633332443971674,0
actual,1745427234.5169263,394655.8586729927,4438783.03555916,0.03357886071801705,0
actual,1745427234.6169617,394655.8586952137,4438783.035507469,0.03361509375328825,0
actual,1745427234.7169156,394655.858721992,4438783.035456266,0.03362401238576599,0
actual,1745427234.8169055,394655.8586714969,4438783.03538052,0.03364757433066795,0
actual,1745427234.9169507,394655.8581551343,4438783.035355754,0.033527862197273564,0
actual,1745427235.0169523,394655.8581323115,4438783.035346555,0.0335374615081596,0
actual,1745427235.1169899,394655.8580584081,4438783.035306454,0.03355543839945514,0
actual,1745427235.2170064,394655.8579850736,4438783.035297232,0.03356660850666798,0
actual,1745427235.3169708,394655.8579200838,4438783.035276818,0.033582595722616314,0
actual,1745427235.4170089,394655.8578341793,4438783.035209038,0.03362387275942594,0
actual,1745427235.5169594,394655.8598744083,4438783.037109653,0.03354850944232486,0
actual,1745427235.6169083,394655.859971455,4438783.037220046,0.03359470830762508,0
actual,1745427235.7169666,394655.8600767884,4438783.037304069,0.03360736194470209,0
actual,1745427235.8169503,394655.86020644626,4438783.037415978,0.03364530540264039,0
actual,1745427235.9169834,394655.8582242027,4438783.036546187,0.03352280074244291,0
actual,1745427236.0169818,394655.85800522467,4438783.036513068,0.033535454379519915,0
actual,1745427236.1169999,394655.8578152277,4438783.036475022,0.033543971586269476,0
actual,1745427236.2169778,394655.85754436615,4438783.036379204,0.0335679524101921,0
actual,1745427236.3168333,394655.8572198678,4438783.036342926,0.03355596199823066,0
actual,1745427236.416925,394655.85766956245,4438783.036356419,0.03357008171187936,0
actual,1745427236.5168405,394655.85751843627,4438783.036268481,0.033624274185153874,0
actual,1745427236.6169293,394655.85739514156,4438783.03621365,0.033675010906509234,0
actual,1745427236.716919,394655.8572662399,4438783.036145791,0.03367420805505336,0
actual,1745427236.8168674,394655.8571038515,4438783.036071411,0.03368872919443,0
actual,1745427236.9169316,394655.85848722945,4438783.036360859,0.03353852615900336,0
actual,1745427237.0169322,394655.8585593455,4438783.03629371,0.033549312293780734,0
actual,1745427237.116935,394655.85858581966,4438783.03620945,0.03360031081452398,0
actual,1745427237.2169337,394655.85856637196,4438783.036149846,0.03363212816678786,0
actual,1745427237.3169043,394655.8585462324,4438783.036057701,0.033661816217364235,0
actual,1745427237.416923,394655.8585176861,4438783.035993435,0.033691783520620966,0
actual,1745427237.5169275,394655.8602933423,4438783.037186122,0.03356381597986465,0
actual,1745427237.616956,394655.8603859707,4438783.0372070195,0.03361282482526068,0
actual,1745427237.7169132,394655.86052549264,4438783.037221519,0.03365036685747104,0
actual,1745427237.8169065,394655.8605791471,4438783.037286225,0.03367420805505336,0
actual,1745427237.916893,394655.8603339495,4438783.037560649,0.03355397232288345,0
actual,1745427238.0170443,394655.86036944063,4438783.037573954,0.033606960518974154,0
actual,1745427238.1168885,394655.860377415,4438783.037556494,0.033638254272462274,0
actual,1745427238.2169292,394655.8603446454,4438783.0375828445,0.03364144822499354,0
actual,1745427238.3169882,394655.8602986055,4438783.037611189,0.03363879532453051,0
actual,1745427238.4169443,394655.86021630646,4438783.037546514,0.033656894388873634,0
actual,1745427238.5169806,394655.85938968725,4438783.036259151,0.03355037694462449,0
actual,1745427238.616941,394655.8593025587,4438783.036097641,0.033525872521926355,0
actual,1745427238.716925,394655.85919096164,4438783.035866574,0.0335712685357707,0
actual,1745427238.8169088,394655.8590717574,4438783.035684073,0.03355302984508752,0
actual,1745427238.9169319,394655.8609615997,4438783.036439218,0.033514545335080984,0
actual,1745427239.0169504,394655.8610339953,4438783.036392185,0.033539712982894695,0
actual,1745427239.1170323,394655.86109044444,4438783.036346664,0.03355582237189061,0
actual,1745427239.2169175,394655.8611261095,4438783.03631119,0.0335663467072801,0
actual,1745427239.3169508,394655.8611023622,4438783.036342034,0.03357966356947293,0
actual,1745427239.4168375,394655.86106668494,4438783.03637366,0.03359484793396514,0
actual,1745427239.5170445,394655.8583534673,4438783.035215447,0.03354437301199766,0
actual,1745427239.6169002,394655.8581042347,4438783.0350998035,0.03356981991249173,0
actual,1745427239.7168312,394655.85784470045,4438783.0350185335,0.033574863914029904,0
actual,1745427239.816935,394655.8575566082,4438783.034940942,0.033613889476104435,0
actual,1745427239.9168258,394655.85727282224,4438783.034790259,0.03364837718212383,0
actual,1745427240.016945,394655.8577894373,4438783.036492864,0.03356622453423252,0
actual,1745427240.1169233,394655.85772557533,4438783.036504836,0.033573013865022754,0
actual,1745427240.2169409,394655.85766268,4438783.036513922,0.03359058933059036,0
actual,1745427240.3169181,394655.8575816584,4438783.036533075,0.033608426595545846,0
actual,1745427240.416947,394655.8574826635,4438783.036494677,0.03360270191559912,0
actual,1745427240.5169356,394655.85934562003,4438783.036916164,0.033486183734736004,0
actual,1745427240.616936,394655.85935074295,4438783.036938389,0.03346848609612082,0
actual,1745427240.7169116,394655.859386295,4438783.036868627,0.03346394824006568,0
actual,1745427240.8169112,394655.8593821284,4438783.036784529,0.0335052252768753,0
actual,1745427240.9169455,394655.85913565214,4438783.037048277,0.0335242668190146,0
actual,1745427241.016948,394655.85908547044,4438783.03695355,0.03352067144075539,0
actual,1745427241.1169202,394655.859047529,4438783.036830402,0.033562489529633255,0
actual,1745427241.2169366,394655.8590245408,4438783.036785958,0.03357592856487367,0
actual,1745427241.316907,394655.8589978264,4438783.036745801,0.033569680286151427,0
actual,1745427241.4169466,394655.8590982997,4438783.036552295,0.0335679524101921,0
actual,1745427241.5169172,394655.8589174291,4438783.036140668,0.03360177689109567,0
actual,1745427241.617052,394655.8589621129,4438783.036055547,0.033534127929288275,0
actual,1745427241.7169297,394655.85885636695,4438783.035761462,0.03366249689577253,0
actual,1745427241.8169153,394655.8584968229,4438783.035643071,0.0336325295925158,0
actual,1745427241.9169328,394655.8585126842,4438783.033693655,0.03365370043634237,0
actual,1745427242.016896,394655.8582843736,4438783.033171964,0.033677943059652625,0
actual,1745427242.1169088,394655.8582290904,4438783.032659436,0.03371415864163159,0
actual,1745427242.216929,394655.8582022494,4438783.03212693,0.03370949861252862,0
actual,1745427242.3169312,394655.85829717666,4438783.031606448,0.03370656645938549,0
actual,1745427242.4169698,394655.85842848837,4438783.030966259,0.033747180271079286,0
actual,1745427242.5169191,394655.85851676436,4438783.030340631,0.03376461611030659,0
actual,1745427242.6169813,394655.8593594077,4438783.033964937,0.03358832040256279,0
actual,1745427242.716931,394655.8590552802,4438783.033908468,0.03359418470884957,0
actual,1745427242.8169305,394655.85873842303,4438783.033850035,0.03363532211931888,0
actual,1745427242.9169354,394655.8584318614,4438783.03383425,0.03365609153741776,0
actual,1745427243.0168512,394655.86013869505,4438783.033920178,0.03355529877311509,0
actual,1745427243.116926,394655.8604246228,4438783.03391419,0.03358273534895637,0
actual,1745427243.2169209,394655.86067073286,4438783.033885099,0.03363586317138712,0
actual,1745427243.3169222,394655.86086049565,4438783.033884741,0.03366129261858872,0
actual,1745427243.4168463,394655.8610147766,4438783.033942174,0.03365171076099516,0
actual,1745427243.5169017,394655.86039665475,4438783.034813746,0.03351560998592474,0
actual,1745427243.616913,394655.860426651,4438783.034843169,0.03355742807480236,0
actual,1745427243.7169385,394655.8604460224,4438783.034910861,0.033565421682776646,0
actual,1745427243.8169415,394655.86047701194,4438783.034949856,0.03358924542706624,0
actual,1745427243.9169157,394655.8605199451,4438783.035005291,0.03361575697840407,0
actual,1745427244.0169156,394655.858146489,4438783.035368255,0.03353999223557505,0
actual,1745427244.116898,394655.8579278749,4438783.035393972,0.03356913923408343,0
actual,1745427244.2169096,394655.8576904988,4438783.035410612,0.03361308662464856,0
actual,1745427244.3171093,394655.8574317675,4438783.035439298,0.033607100145314206,0
actual,1745427244.4169786,394655.8571235055,4438783.0354458755,0.03362973706571246,0
actual,1745427244.5169082,394655.85853178287,4438783.034695082,0.033549312293780734,0
actual,1745427244.6169178,394655.858474576,4438783.034601807,0.03355262841935958,0
actual,1745427244.716943,394655.8583769724,4438783.034523169,0.03355756770114266,0
actual,1745427244.816958,394655.8582320557,4438783.034452352,0.03360057261391186,0
actual,1745427244.9169555,394655.8571620381,4438783.034372529,0.03350496347748742,0
actual,1745427245.0169513,394655.8569843335,4438783.034317699,0.033535454379519915,0
actual,1745427245.116903,394655.85683628806,4438783.034327045,0.033536117604635485,0
actual,1745427245.2170253,394655.8566784958,4438783.034296162,0.03355316947142758,0
actual,1745427245.316846,394655.8565136443,4438783.034232187,0.03355903377771435,0
actual,1745427245.416864,394655.85632899764,4438783.03413077,0.03358886145463078,0
actual,1745427245.5169554,394655.85728926456,4438783.035539101,0.033556223797618544,0
actual,1745427245.6169071,394655.85727814824,4438783.035623829,0.033520950693435754,0
actual,1745427245.7169652,394655.8572551573,4438783.035681008,0.033503497400915724,0
actual,1745427245.8169096,394655.8571791918,4438783.03577309,0.03350190915129645,0
actual,1745427245.9169157,394655.8570758365,4438783.035856435,0.033518943564796067,0
actual,1745427246.0169039,394655.8580821809,4438783.034474866,0.03356835383592004,0
actual,1745427246.1170025,394655.8580600488,4438783.034342828,0.03361601877779195,0
actual,1745427246.2170367,394655.85802912165,4438783.034231108,0.03362120240567043,0
actual,1745427246.3170233,394655.8580014108,4438783.034102826,0.03362453598454176,0
actual,1745427246.4170136,394655.8579602792,4438783.03393034,0.033669548025950645,0
actual,1745427246.5169175,394655.8591112513,4438783.035417231,0.03356102345306156,0
actual,1745427246.6169593,394655.8591875811,4438783.035442566,0.03358711612537898,0
actual,1745427246.7171474,394655.85926086374,4438783.035472493,0.033595772958468835,0
actual,1745427246.8169763,394655.8593028105,4438783.035479885,0.03363373386969961,0
actual,1745427246.9169338,394655.859867803,4438783.03488256,0.033525069670470475,0
actual,1745427247.016938,394655.8599169132,4438783.03484574,0.03353692045609161,0
actual,1745427247.1169825,394655.8599247218,4438783.034755211,0.03356421740559284,0
actual,1745427247.216932,394655.85993650625,4438783.03469593,0.033569680286151427,0
actual,1745427247.316915,394655.8599286402,4438783.034599386,0.03359430688189714,0
actual,1745427247.4169126,394655.8599095148,4438783.034478813,0.0336325295925158,0
actual,1745427247.5170405,394655.8605471512,4438783.034398342,0.03355196519424376,0
actual,1745427247.616904,394655.8605474534,4438783.034332955,0.03355316947142758,0
actual,1745427247.7169244,394655.86054903106,4438783.034206034,0.03357673141632954,0
actual,1745427247.8171475,394655.86057175614,4438783.034100211,0.033589646852794176,0
actual,1745427247.9170375,394655.860576632,4438783.03395818,0.0336325295925158,0
actual,1745427248.0170364,394655.85891289986,4438783.03435823,0.03354638014063735,0
actual,1745427248.1170635,394655.85870118777,4438783.034314359,0.033557829500530295,0
actual,1745427248.2168903,394655.85845331836,4438783.034271156,0.033580064995200866,0
actual,1745427248.3169177,394655.85818451503,4438783.034186763,0.03361294699830851,0
actual,1745427248.4169393,394655.85791609983,4438783.03411704,0.033646509679824195,0
actual,1745427248.516949,394655.86072876246,4438783.034448449,0.033571669961498636,0
actual,1745427248.616936,394655.8608437199,4438783.034500079,0.03355903377771435,0
actual,1745427248.716859,394655.86096529214,4438783.034509937,0.033595772958468835,0
actual,1745427248.816929,394655.8610944636,4438783.034549202,0.033610416270893055,0
actual,1745427248.9169168,394655.8612540531,4438783.03461021,0.03358020462154092,0
actual,1745427249.01691,394655.85901648254,4438783.033431669,0.033570884563335235,0
actual,1745427249.1168113,394655.8588708381,4438783.0334555,0.03352814144995392,0
actual,1745427249.2169242,394655.8587526042,4438783.033223467,0.033631988540447556,0
actual,1745427249.3168993,394655.85861524637,4438783.033202881,0.0335804664209288,0
actual,1745427249.4169197,394655.85842675215,4438783.03310396,0.0336260020611132,0
actual,1745427249.5169303,394655.8588705951,4438783.035903614,0.03368792634297412,0
actual,1745427249.6169949,394655.85872671916,4438783.036395792,0.03359671543626477,0
actual,1745427249.7169254,394655.8585470798,4438783.036775736,0.033726271226640354,0
actual,1745427249.8169067,394655.8583977786,4438783.037407099,0.03356913923408343,0
actual,1745427249.9169319,394655.8582110129,4438783.03769354,0.033804165271156886,0
actual,1745427250.0169015,394655.8572283209,4438783.034761708,0.03364771395700801,0
actual,1745427250.1169262,394655.8567834792,4438783.034490464,0.03386408242437787,0
actual,1745427250.2169526,394655.8562769565,4438783.034625684,0.03372068617303394,0
actual,1745427250.316943,394655.85584088863,4438783.034442462,0.03378020190052699,0
actual,1745427250.4169812,394655.85848992784,4438783.033318682,0.03384877588683783,0
actual,1745427250.5169427,394655.8586247894,4438783.033106563,0.03374464954366384,0
actual,1745427250.6170018,394655.85867210256,4438783.032695613,0.033931068161069444,0
actual,1745427250.7169085,394655.858739988,4438783.032550765,0.03371030146398475,0
actual,1745427250.8168964,394655.8587507561,4438783.031971473,0.03400283609991131,0
actual,1745427250.916947,394655.8587680673,4438783.0318999365,0.0337483845482631,0
actual,1745427251.016952,394655.85772257275,4438783.03353288,0.034059559300601276,0
actual,1745427251.1169612,394655.8575450538,4438783.033756883,0.03385662986847182,0
actual,1745427251.2169352,394655.8574304082,4438783.033624085,0.03402041156547892,0
actual,1745427251.3169258,394655.8572310357,4438783.0337520335,0.03399737321935272,0
actual,1745427251.4168494,394655.8570861012,4438783.033783004,0.03398114165730923,0
actual,1745427251.5169168,394655.86042798957,4438783.033861543,0.03414253225324093,0
actual,1745427251.6169393,394655.8607895526,4438783.034033991,0.03396328693906127,0
actual,1745427251.716911,394655.8610969521,4438783.03383025,0.03426343121052666,0
actual,1745427251.8169198,394655.86147107324,4438783.034159471,0.03395836511057067,0
actual,1745427251.916994,394655.8617787994,4438783.033973309,0.03424585574495905,0
actual,1745427252.016916,394655.8587915844,4438783.032479894,0.03396328693906127,0
actual,1745427252.116916,394655.85857469507,4438783.032056029,0.03420564335899319,0
actual,1745427252.2169724,394655.8582890628,4438783.032037368,0.03407221293767828,0
actual,1745427252.3169298,394655.858039946,4438783.031695517,0.0341885914922011,0
actual,1745427252.4169216,394655.8577301017,4438783.0314756865,0.03423946783989676,0
actual,1745427252.5169032,394655.8599179084,4438783.033898746,0.0341506480342628,0
actual,1745427252.6170456,394655.8599809845,4438783.033969344,0.03436315932398557,0
actual,1745427252.7169428,394655.8600950113,4438783.0343992775,0.03412801111386454,0
actual,1745427252.8169088,394655.8601068643,4438783.034463851,0.03439832770841326,0
actual,1745427252.91693,394655.8581342449,4438783.034575626,0.03417035280151792,0
actual,1745427253.0168993,394655.85783452494,4438783.034596706,0.03449034146657849,0
actual,1745427253.1169093,394655.8575232568,4438783.035144124,0.03425238327636165,0
actual,1745427253.216905,394655.85723013076,4438783.0352125745,0.03449632794591285,0
actual,1745427253.3169098,394655.8569900194,4438783.035690547,0.03437356148632749,0
actual,1745427253.4169335,394655.8568163764,4438783.03586904,0.03444159442057034,0
actual,1745427253.516941,394655.858097314,4438783.036231102,0.03452055311593038,0
actual,1745427253.6168978,394655.8580022062,4438783.036632633,0.03439511630258976,0
actual,1745427253.7169285,394655.8576432145,4438783.03681299,0.03465478638870141,0
actual,1745427253.8168945,394655.8572277124,4438783.037501222,0.03436396217544145,0
actual,1745427253.9169753,394655.85675505636,4438783.037588487,0.034722958949284316,0
actual,1745427254.0169199,394655.8610132793,4438783.036978674,0.034387803373023766,0
actual,1745427254.1169114,394655.8613777332,4438783.03699785,0.03469339307175553,0
actual,1745427254.2169182,394655.86186322186,4438783.037493764,0.0345013894007435,0
actual,1745427254.3171303,394655.8625099803,4438783.03766138,0.03466091249437582,0
actual,1745427254.4169834,394655.8630952023,4438783.038011801,0.034658503940008197,0
actual,1745427254.517058,394655.8608834619,4438783.0338867735,0.034634278769990416,0
actual,1745427254.6170542,394655.8609086329,4438783.033435665,0.03483760962784781,0
actual,1745427254.7175083,394655.86090903985,4438783.033277567,0.03462349263521304,0
actual,1745427254.8173645,394655.86080339306,4438783.032650036,0.034919360850011176,0
actual,1745427254.9170141,394655.8601240774,4438783.03639963,0.03463574484656211,0
actual,1745427255.0169146,394655.859954693,4438783.036382918,0.03491484044724852,0
actual,1745427255.1170397,394655.85975909064,4438783.036903498,0.03469393412382352,0
actual,1745427255.216951,394655.8595833548,4438783.037066741,0.03488834634920317,0
actual,1745427255.3169255,394655.8593945826,4438783.037495851,0.0347828761025053,0
actual,1745427255.41713,394655.859204988,4438783.037748807,0.03488900957431899,0
actual,1745427255.5169554,394655.8608196076,4438783.035102431,0.03492149015169869,0
actual,1745427255.6170049,394655.860865926,4438783.0350122275,0.034856389370599226,0
actual,1745427255.7169452,394655.8607669244,4438783.0348245185,0.03500484707677381,0
actual,1745427255.8173022,394655.86066691345,4438783.034887799,0.034867297678424176,0
actual,1745427255.9169676,394655.86054666014,4438783.034610351,0.035054658773625715,0
actual,1745427256.0169718,394655.85858925385,4438783.034315922,0.03488914920065929,0
actual,1745427256.116923,394655.8581438356,4438783.033966478,0.03508940827903299,0
actual,1745427256.2171357,394655.85769169556,4438783.033857234,0.034994863793452555,0
actual,1745427256.3169582,394655.8572292134,4438783.03356488,0.035116583055486636,0
actual,1745427256.4169085,394655.85680307134,4438783.033426039,0.03504254618861695,0
actual,1745427256.5169108,394655.86165096494,4438783.0351764215,0.03359990938879604,0
actual,1745427256.6169505,394655.86173489096,4438783.03520213,0.03353519258013203,0
actual,1745427256.7169628,394655.8617898274,4438783.035075206,0.03361509375328825,0
actual,1745427256.817027,394655.8618226558,4438783.0350339515,0.03358872182829072,0
actual,1745427256.9169455,394655.8600615236,4438783.034660032,0.03353306327844452,0
actual,1745427257.0169702,394655.8599340246,4438783.03461693,0.033525209296810535,0
actual,1745427257.1169503,394655.85976172064,4438783.034556533,0.03357767389412547,0
actual,1745427257.2169383,394655.8595839782,4438783.034535522,0.03358179287116019,0
actual,1745427257.317309,394655.85936701554,4438783.034483348,0.03363026066448823,0
actual,1745427257.4169917,394655.85914554505,4438783.03448648,0.03361708342863571,0
actual,1745427257.5169556,394655.8602913046,4438783.03674704,0.03352121249282364,0
actual,1745427257.6169882,394655.8602223464,4438783.036878854,0.03353199862760101,0
actual,1745427257.7169845,394655.86010940466,4438783.036988086,0.033564758457660826,0
actual,1745427257.8170075,394655.8599654287,4438783.037117645,0.03358020462154092,0
actual,1745427257.916949,394655.8598185427,4438783.037258473,0.0335995079630681,0
actual,1745427258.016904,394655.8596544937,4438783.034650796,0.033529869325913494,0
actual,1745427258.1169968,394655.85959899926,4438783.034542041,0.03353784548059507,0
actual,1745427258.2169595,394655.8595487798,4438783.0344365565,0.033559155950761935,0
actual,1745427258.3169162,394655.85948247346,4438783.034374478,0.03353119577614489,0
actual,1745427258.4169073,394655.8593222375,4438783.034229762,0.03351721568883649,0
actual,1745427258.5169854,394655.8599416295,4438783.035216258,0.033485660135960486,0
actual,1745427258.6169505,394655.85991859983,4438783.035231753,0.03350723240551499,0
actual,1745427258.7169297,394655.85996470053,4438783.035173588,0.03350789563063081,0
actual,1745427258.816945,394655.8599383502,4438783.035117711,0.033534127929288275,0
actual,1745427258.9169223,394655.8590037129,4438783.035087117,0.033521613918551574,0
actual,1745427259.0169044,394655.858899324,4438783.035020408,0.033516814263108555,0
actual,1745427259.116996,394655.85880270624,4438783.034978132,0.033518140713339944,0
actual,1745427259.2169268,394655.85876367986,4438783.034946638,0.03354903304110038,0
actual,1745427259.3168964,394655.8586930695,4438783.034854904,0.03354491406406565,0
actual,1745427259.4170942,394655.8585556082,4438783.03478916,0.03355929557710199,0
actual,1745427259.5173156,394655.85972851416,4438783.035584752,0.033516151037992735,0
actual,1745427259.6171393,394655.8597570666,4438783.035614321,0.03353585580524785,0
actual,1745427259.7169151,394655.8597269418,4438783.035672088,0.033550097691944135,0
actual,1745427259.8170292,394655.8596580381,4438783.0357374,0.03358498682369146,0
actual,1745427259.9169517,394655.85963582527,4438783.035832777,0.03358765717744697,0
actual,1745427260.0170903,394655.8589179525,4438783.034948034,0.033556363423958846,0
actual,1745427260.117089,394655.8588267976,4438783.034969321,0.033557166275414725,0
actual,1745427260.2171443,394655.8587505597,4438783.034947718,0.033607100145314206,0
actual,1745427260.3169534,394655.85864880006,4438783.034972191,0.03360230048987119,0
actual,1745427260.4169044,394655.8585009246,4438783.034958096,0.03362001558177885,0
actual,1745427260.5169091,394655.8596812788,4438783.035460842,0.03349976239631646,0
actual,1745427260.6169782,394655.85966353794,4438783.035408616,0.03355090054340001,0
actual,1745427260.7169294,394655.85963774304,4438783.035353908,0.03357526533975785,0
actual,1745427260.8169148,394655.859594039,4438783.0352743715,0.033608426595545846,0
actual,1745427260.9168622,394655.8589644363,4438783.035413952,0.033516814263108555,0
actual,1745427261.0169055,394655.8588700862,4438783.035372348,0.03354903304110038,0
actual,1745427261.1169477,394655.858730713,4438783.035360282,0.033534791154404095,0
actual,1745427261.2168999,394655.858578282,4438783.035314746,0.03349883737181301,0
actual,1745427261.3168983,394655.85840737366,4438783.035247451,0.033494718394778286,0
actual,1745427261.4170427,394655.8581507973,4438783.035159523,0.03351508638714898,0
actual,1745427261.5169573,394655.8584513931,4438783.035590713,0.03349843594608507,0
actual,1745427261.616899,394655.85839457833,4438783.035604454,0.033516151037992735,0
actual,1745427261.7169085,394655.85830587713,4438783.035638082,0.03351828033968025,0
actual,1745427261.8169167,394655.85811347305,4438783.0356950555,0.03351175280827765,0
actual,1745427261.9169903,394655.8601434179,4438783.035377997,0.03352414464596702,0
actual,1745427262.0169208,394655.86034388654,4438783.035303102,0.03352201534427951,0
actual,1745427262.1169121,394655.860511791,4438783.035229141,0.03352826362300175,0
actual,1745427262.217153,394655.86068301107,4438783.035116811,0.03355969700282992,0
actual,1745427262.3169537,394655.8608650762,4438783.034934891,0.03357753426778541,0
actual,1745427262.4171405,394655.86083588965,4438783.034832033,0.033529206100797675,0
actual,1745427262.51698,394655.8588762968,4438783.036483061,0.03347620045141475,0
actual,1745427262.6169136,394655.85830933746,4438783.036485634,0.03358472502430358,0
actual,1745427262.7169273,394655.85803994455,4438783.036695804,0.033510688157434146,0
actual,1745427262.816899,394655.8578161686,4438783.036643,0.033623733133085636,0
actual,1745427262.9168966,394655.8598181499,4438783.036610635,0.033474472575455175,0
actual,1745427263.017098,394655.8599994625,4438783.036591377,0.033550778370352426,0
actual,1745427263.116919,394655.86004886613,4438783.036611514,0.03353732188181955,0
actual,1745427263.2170124,394655.8599643525,4438783.036652594,0.03355276804569964,0
actual,1745427263.316917,394655.8598037896,4438783.03664558,0.03358112964604462,0
actual,1745427263.4171147,394655.85964469943,4438783.036628711,0.03362893421425659,0
actual,1745427263.516948,394655.8603295379,4438783.035556815,0.033563152754749075,0
actual,1745427263.6169212,394655.8603615101,4438783.035470401,0.033572333186614456,0
actual,1745427263.7169232,394655.86040337157,4438783.035373973,0.03356688775934834,0
actual,1745427263.8169239,394655.86039608525,4438783.03524998,0.03359058933059036,0
actual,1745427263.9169266,394655.8603960349,4438783.035110732,0.03356102345306156,0
actual,1745427264.0171695,394655.8586883383,4438783.033934066,0.03347473437484306,0
actual,1745427264.1170206,394655.85848471196,4438783.033805246,0.033499378423881,0
actual,1745427264.2169905,394655.85830370546,4438783.033670622,0.03349857557242513,0
actual,1745427264.3169312,394655.85807512526,4438783.033484001,0.033525069670470475,0
actual,1745427264.4169023,394655.8578449412,4438783.0334132835,0.03354997551889655,0
actual,1745427264.516866,394655.8595538183,4438783.034090962,0.03353812473327542,0
actual,1745427264.616913,394655.85986096377,4438783.034127377,0.033480057629061595,0
actual,1745427264.7169292,394655.86022332206,4438783.034163821,0.03352147429221127,0
actual,1745427264.8171387,394655.86070568336,4438783.034217876,0.03352705934581769,0
actual,1745427264.917036,394655.8610953251,4438783.034151087,0.033563414554136715,0
actual,1745427265.0170095,394655.85991720867,4438783.034989358,0.03358339857407219,0
actual,1745427265.1168997,394655.8592382111,4438783.035091006,0.03352746077154563,0
actual,1745427265.2169185,394655.8584009102,4438783.035106551,0.03357687104266959,0
actual,1745427265.3169265,394655.8576851407,4438783.035232631,0.0336044297915587,0
actual,1745427265.416904,394655.85639358877,4438783.035265026,0.033764354310918954,0
actual,1745427265.5170293,394655.8596490284,4438783.034067443,0.03339151707610799,0
actual,1745427265.6170197,394655.8589180116,4438783.03373573,0.03348712621253218,0
actual,1745427265.7171092,394655.8588685966,4438783.033492558,0.03361109694930135,0
actual,1745427265.8170443,394655.85896331817,4438783.033335877,0.03362266848224212,0
actual,1745427265.9169002,394655.85923554865,4438783.033234,0.03363373386969961,0
actual,1745427266.016928,394655.85861249256,4438783.033091879,0.033650768283199226,0
actual,1745427266.1169086,394655.8589947395,4438783.032785921,0.033752102099569886,0
actual,1745427266.2169347,394655.85930297436,4438783.032631379,0.03365329901061443,0
actual,1745427266.316927,394655.8594301438,4438783.032450558,0.03371468224040711,0
actual,1745427266.4169238,394655.8594799086,4438783.032309771,0.033701505004554586,0
actual,1745427266.5169065,394655.8610242265,4438783.03524374,0.03353105614980483,0
actual,1745427266.6172073,394655.8607663353,4438783.035318917,0.03355449592165922,0
actual,1745427266.716964,394655.86044240854,4438783.0353882,0.03356554385582423,0
actual,1745427266.8170893,394655.86007084494,4438783.035404061,0.03360322551437489,0
actual,1745427266.9169247,394655.8608595019,4438783.03485089,0.03351348068423723,0
actual,1745427267.017069,394655.8608272078,4438783.034816921,0.03352533146985836,0
actual,1745427267.1170557,394655.8607019288,4438783.034735138,0.03360802516981766,0
actual,1745427267.2170432,394655.8605575569,4438783.034750855,0.033571949214179,0
actual,1745427267.3170466,394655.8603722807,4438783.034552819,0.033627869563412835,0
actual,1745427267.417228,394655.8600781075,4438783.034477268,0.03361694380229541,0
actual,1745427267.5169687,394655.8618648602,4438783.034538156,0.033502170950684335,0
actual,1745427267.616993,394655.8617890864,4438783.034371077,0.033576469616941655,0
actual,1745427267.7170346,394655.8617327664,4438783.034269727,0.03352054926770782,0
actual,1745427267.8172455,394655.861609895,4438783.034029095,0.03367207875336584,0
actual,1745427267.9171073,394655.8614728967,4438783.034038138,0.03357379926318615,0
actual,1745427268.0169573,394655.86205410777,4438783.03400662,0.03357367709013857,0
actual,1745427268.1170442,394655.8619772345,4438783.034032893,0.033501507725568515,0
actual,1745427268.2171156,394655.861967524,4438783.033767901,0.03359352148373375,0
actual,1745427268.3169386,394655.86182184645,4438783.033619918,0.03364345535363323,0
actual,1745427268.4169328,394655.8617437624,4438783.033517894,0.03356421740559284,0
actual,1745427268.5168974,394655.861791689,4438783.034055183,0.033557829500530295,0
actual,1745427268.6170096,394655.86178285856,4438783.034113076,0.03341001756617905,0
actual,1745427268.7172444,394655.8618143132,4438783.033800932,0.03361149837502929,0
actual,1745427268.8169832,394655.86180729436,4438783.033877718,0.03345689710988757,0
actual,1745427268.9170356,394655.8618343884,4438783.033495154,0.03366647624646695,0
actual,1745427269.01692,394655.860037895,4438783.03394032,0.03366448657111974,0
actual,1745427269.117021,394655.859938013,4438783.033838535,0.033639720349033966,0
actual,1745427269.2169278,394655.85967673943,4438783.033637462,0.03370017855432319,0
actual,1745427269.316907,394655.85944024485,4438783.03351353,0.03364118642560566,0
actual,1745427269.417069,394655.85921788326,4438783.033247172,0.03375583710416915,0
actual,1745427269.5171838,394655.8601099625,4438783.035558078,0.033525732895586295,0
actual,1745427269.6170652,394655.859992717,4438783.035443173,0.03367354482993754,0
actual,1745427269.7170262,394655.85985380894,4438783.035547899,0.03360189906414325,0
actual,1745427269.8169274,394655.8596606727,4438783.03550072,0.03367446985444124,0
actual,1745427269.9170516,394655.8594608528,4438783.035533611,0.03367872845781602,0
actual,1745427270.0169244,394655.8588313086,4438783.035566058,0.03354796839025662,0
actual,1745427270.116904,394655.858644435,4438783.035516875,0.033561948477565016,0
actual,1745427270.2169807,394655.85843917064,4438783.035448879,0.03361800845313916,0
actual,1745427270.3169382,394655.8581801285,4438783.035427307,0.033623069907970066,0
actual,1745427270.4170375,394655.85788797756,4438783.035353109,0.033668081949378946,0
actual,1745427270.5170374,394655.8609372827,4438783.03491547,0.03356407777925253,0
actual,1745427270.6170352,394655.861030014,4438783.034800194,0.03361481450060814,0
actual,1745427270.7169564,394655.861126494,4438783.034733622,0.03361708342863571,0
actual,1745427270.8169017,394655.8612160645,4438783.034679802,0.03362148165835054,0
actual,1745427270.9168944,394655.8586164554,4438783.03518467,0.03350628992771906,0
actual,1745427271.0171285,394655.85840913036,4438783.035117946,0.03357833711924129,0
actual,1745427271.117034,394655.85818399186,4438783.035137125,0.0335763299906016,0
actual,1745427271.217085,394655.8579121011,4438783.035198105,0.03363319281763162,0
actual,1745427271.3169355,394655.85767988116,4438783.035238279,0.0336184098788671,0
actual,1745427271.41709,394655.8573665781,4438783.035254526,0.03364691110555213,0
actual,1745427271.516938,394655.8589536915,4438783.035220132,0.033572333186614456,0
actual,1745427271.6169577,394655.85886484775,4438783.035235692,0.03357727246839753,0
actual,1745427271.7170272,394655.85873245314,4438783.035262619,0.03357273461234239,0
actual,1745427271.8170648,394655.8585857317,4438783.035287552,0.03359217758020963,0
actual,1745427271.9170732,394655.858384596,4438783.035322314,0.03362879458791654,0
actual,1745427272.0170538,394655.85985199467,4438783.034642911,0.033516011411652676,0
actual,1745427272.117046,394655.85986317927,4438783.034605266,0.03349644627073786,0
actual,1745427272.2169828,394655.85985693,4438783.034558799,0.03352386539328667,0
actual,1745427272.317012,394655.85985273024,4438783.034522131,0.03353599543158791,0
actual,1745427272.4169505,394655.85982303764,4438783.034468194,0.03354117905946639,0
actual,1745427272.5169883,394655.86109048926,4438783.033743348,0.033500966673500526,0
actual,1745427272.6170297,394655.86109191587,4438783.033577672,0.03354531548979359,0
actual,1745427272.7170014,394655.8611972844,4438783.033406956,0.033578075319853656,0
actual,1745427272.8170888,394655.86131245334,4438783.033228715,0.033629859238760294,0
actual,1745427272.9171185,394655.86032444745,4438783.03403826,0.033507092779174935,0
actual,1745427273.0170746,394655.8601775099,4438783.0340112485,0.033523079995123266,0
actual,1745427273.1169603,394655.8599612845,4438783.033952956,0.033500163822044404,0
actual,1745427273.2168844,394655.8597114667,4438783.033810894,0.033586191100875275,0
actual,1745427273.316976,394655.8595082213,4438783.033688568,0.03363785284673434,0
actual,1745427273.417079,394655.85923687,4438783.03357998,0.033657557613989454,0
actual,1745427273.517056,394655.86042647454,4438783.032962323,0.0335423833366502,0
actual,1745427273.6170833,394655.8603256377,4438783.032913611,0.03355196519424376,0
actual,1745427273.7169812,394655.86018251244,4438783.032827535,0.03358711612537898,0
actual,1745427273.8170557,394655.8599836768,4438783.032697349,0.033612563025873045,0
actual,1745427273.9170165,394655.8598119974,4438783.032615926,0.033651972560383034,0
actual,1745427274.0170135,394655.8595549921,4438783.034213946,0.03352627394765429,0
actual,1745427274.1169953,394655.8593278089,4438783.034238131,0.033538246906323003,0
actual,1745427274.217061,394655.8590641322,4438783.034282896,0.03353185900126071,0
actual,1745427274.3170223,394655.8588199287,4438783.034286732,0.03353999223557505,0
actual,1745427274.417112,394655.85937353066,4438783.033776734,0.03355184302119619,0
actual,1745427274.5170553,394655.85935751203,4438783.033716132,0.03354863161537244,0
actual,1745427274.617116,394655.8592610544,4438783.033642204,0.03352213751732709,0
actual,1745427274.717005,394655.8590124527,4438783.033485702,0.03358886145463078,0
actual,1745427274.8170378,394655.8587502824,4438783.033360614,0.03359617438419678,0
actual,1745427274.9170263,394655.85818314087,4438783.034256587,0.033516674636768495,0
actual,1745427275.01696,394655.85811495536,4438783.034267325,0.03351560998592474,0
actual,1745427275.1171284,394655.8580348911,4438783.034252943,0.03356502025704871,0
actual,1745427275.2170613,394655.8579090949,4438783.034272598,0.03355063874401212,0
actual,1745427275.3170767,394655.8578212773,4438783.034232486,0.033572211013566874,0
actual,1745427275.416995,394655.8589453141,4438783.0342614725,0.03344544774999462,0
actual,1745427275.5170257,394655.85890444706,4438783.034231318,0.03345756033500339,0
actual,1745427275.6169696,394655.85890209145,4438783.0341261,0.03349723166890126,0
actual,1745427275.7171392,394655.8588609881,4438783.034133041,0.03350976313293044,0
actual,1745427275.8170435,394655.8588027869,4438783.034093206,0.03350190915129645,0
actual,1745427275.9171157,394655.85892435245,4438783.034716527,0.03349124518956691,0
actual,1745427276.0170667,394655.85892463743,4438783.03481957,0.033513358511189646,0
actual,1745427276.117038,394655.8589458808,4438783.034895279,0.033527198972157994,0
actual,1745427276.2170367,394655.8589839359,4438783.034987182,0.033507756004290755,0
actual,1745427276.317069,394655.85896803247,4438783.035056209,0.03352972969957319,0
actual,1745427276.4170566,394655.8589815644,4438783.03515621,0.033539049757778876,0
actual,1745427276.5170252,394655.8593627515,4438783.034378725,0.03354957409316837,0
actual,1745427276.617067,394655.8593885592,4438783.034352449,0.03355903377771435,0
actual,1745427276.717143,394655.859412939,4438783.034355735,0.03356208810390532,0
actual,1745427276.8170485,394655.8594612498,4438783.034371234,0.03358099001970432,0
actual,1745427276.917127,394655.8595073619,4438783.034362609,0.03358633072721558,0
actual,1745427277.017122,394655.8606656643,4438783.034011779,0.033522399316714975,0
actual,1745427277.1171227,394655.86069330527,4438783.03393452,0.03354105688641881,0
actual,1745427277.2171147,394655.860732314,4438783.033879794,0.033529869325913494,0
actual,1745427277.317046,394655.8607671321,4438783.033810532,0.03354756696452868,0
actual,1745427277.4171429,394655.8608294478,4438783.033729894,0.03355596199823066,0
actual,1745427277.517091,394655.8617442819,4438783.0334765855,0.03349058196445109,0
actual,1745427277.6169991,394655.86177978927,4438783.033397744,0.03353306327844452,0
actual,1745427277.7169626,394655.8617383741,4438783.033335552,0.03353985260923475,0
actual,1745427277.8170562,394655.8616132817,4438783.033233545,0.03356208810390532,0
actual,1745427277.916975,394655.86153823946,4438783.033157848,0.03355596199823066,0
actual,1745427278.0170255,394655.8618938022,4438783.033997209,0.033519606789911637,0
actual,1745427278.117024,394655.86191981187,4438783.033990384,0.03357886071801705,0
actual,1745427278.217031,394655.86186583247,4438783.034036131,0.03355676484968678,0
actual,1745427278.3170724,394655.8618262063,4438783.034083494,0.03359551115908096,0
actual,1745427278.4170926,394655.8618636519,4438783.034196097,0.03355250624631176,0
actual,1745427278.517079,394655.86057374836,4438783.034991455,0.03351149100889002,0
actual,1745427278.61702,394655.860418229,4438783.035017827,0.033535454379519915,0
actual,1745427278.7169785,394655.8602593889,4438783.035035822,0.03354105688641881,0
actual,1745427278.8171673,394655.8600918672,4438783.03500483,0.0335712685357707,0
actual,1745427278.9170341,394655.8622540123,4438783.036001933,0.033473146125223535,0
actual,1745427279.01697,394655.86234818253,4438783.036101647,0.03351149100889002,0
actual,1745427279.1170444,394655.86244133586,4438783.036194536,0.03354997551889655,0
actual,1745427279.2170343,394655.8625763538,4438783.036314818,0.03354465226467777,0
actual,1745427279.3169737,394655.8626407223,4438783.036468605,0.03354917266744043,0
actual,1745427279.4170215,394655.8626861941,4438783.036621275,0.033564758457660826,0
actual,1745427279.5169635,394655.86127898877,4438783.0351983495,0.033530532551029314,0
actual,1745427279.6169827,394655.8611790795,4438783.035096163,0.0335523666199717,0
actual,1745427279.7170057,394655.86097236007,4438783.035087241,0.03356981991249173,0
actual,1745427279.8169982,394655.8606322912,4438783.035066265,0.03354091726007851,0
actual,1745427279.9170032,394655.8602845803,4438783.034947227,0.03353425010233586,0
actual,1745427280.0170267,394655.85987741506,4438783.036076412,0.03350735457856282,0
actual,1745427280.116992,394655.8598059219,4438783.036148895,0.03354770659086874,0
actual,1745427280.2169652,394655.85968181695,4438783.036270694,0.0334903201650632,0
actual,1745427280.3169405,394655.8596908742,4438783.036193754,0.03354091726007851,0
actual,1745427280.4169574,394655.8599948066,4438783.0362791205,0.03357367709013857,0
actual,1745427280.5169463,394655.85899229045,4438783.037466205,0.033533464704172455,0
actual,1745427280.6170158,394655.85932718206,4438783.037574103,0.033600031561843616,0
actual,1745427280.7170393,394655.859556191,4438783.037769804,0.033613348424036446,0
actual,1745427280.8169901,394655.8595357241,4438783.037933385,0.033670874476182035,0
actual,1745427280.9169285,394655.86093197495,4438783.036604569,0.033522277143667394,0
actual,1745427281.0169768,394655.8606613417,4438783.036657452,0.03350269454945985,0
actual,1745427281.1170077,394655.86034844845,4438783.036720602,0.03345316210528831,0
actual,1745427281.2170463,394655.8601693981,4438783.036615909,0.0334687478955087,0
actual,1745427281.3170059,394655.8601007688,4438783.0364789115,0.033499378423881,0
actual,1745427281.4169743,394655.8600333771,4438783.036344876,0.033547444791481106,0
actual,1745427281.517034,394655.86114437797,4438783.037061006,0.03360256228925907,0
actual,1745427281.6170797,394655.86070427025,4438783.037008631,0.03363506031993125,0
actual,1745427281.7169673,394655.85995642154,4438783.036973009,0.03361374984976438,0
actual,1745427281.8170457,394655.8591812485,4438783.036733863,0.03365050648381134,0
actual,1745427281.9169703,394655.85859650886,4438783.03661773,0.03365384006268267,0
actual,1745427282.0170465,394655.8602999165,4438783.035457946,0.03355863235198642,0
actual,1745427282.1170065,394655.86079663876,4438783.035332419,0.03357420068891409,0
actual,1745427282.217052,394655.86145693343,4438783.035139056,0.033589786479134486,0
actual,1745427282.3170679,394655.8620818027,4438783.0349044,0.03359510973335302,0
actual,1745427282.4170558,394655.86269310844,4438783.034684907,0.033648499355171405,0
actual,1745427282.517045,394655.8610715445,4438783.035032708,0.03353505295379198,0
actual,1745427282.6170502,394655.8608786346,4438783.034913201,0.03360509301667452,0
actual,1745427282.7170477,394655.8606763971,4438783.034876463,0.033579401770085046,0
actual,1745427282.8169878,394655.8605190632,4438783.034802909,0.03361601877779195,0
actual,1745427282.9170327,394655.8604596135,4438783.035095622,0.033498697745472955,0
actual,1745427283.017014,394655.86025455024,4438783.035043034,0.03352760039788593,0
actual,1745427283.117023,394655.86005775124,4438783.034955594,0.03356208810390532,0
actual,1745427283.2169695,394655.8597866227,4438783.034792225,0.0335971168619927,0
actual,1745427283.3170266,394655.85952240514,4438783.0346754715,0.033629859238760294,0
actual,1745427283.4170039,394655.8592572923,4438783.034485064,0.03363120314228416,0
actual,1745427283.5172834,394655.8613340992,4438783.034686996,0.03353599543158791,0
actual,1745427283.6170683,394655.8614651826,4438783.034671955,0.03352201534427951,0
actual,1745427283.71696,394655.86149649497,4438783.034525481,0.03357753426778541,0
actual,1745427283.8170033,394655.86142952205,4438783.034424558,0.0335968376093126,0
actual,1745427283.9170861,394655.86130334873,4438783.0343451565,0.03364277467522493,0
actual,1745427284.0169623,394655.8597441835,4438783.033880669,0.03356062202733363,0
actual,1745427284.1170063,394655.8595452185,4438783.033727433,0.03358472502430358,0
actual,1745427284.2170763,394655.8593083646,4438783.033559839,0.033596575809924714,0
actual,1745427284.3169887,394655.85911883006,4438783.033387909,0.03359484793396514,0
actual,1745427284.4169536,394655.8589653987,4438783.03319416,0.03362413455881357,0
actual,1745427284.5169907,394655.8599164204,4438783.034184619,0.033508419229406575,0
actual,1745427284.6170273,394655.8598051949,4438783.034176033,0.03355170339485588,0
actual,1745427284.7170265,394655.85969186557,4438783.034270018,0.03351695388944861,0
actual,1745427284.8170092,394655.8596309974,4438783.034285808,0.03354983589255625,0
actual,1745427284.9170115,394655.85983220505,4438783.036008097,0.03352972969957319,0
actual,1745427285.0171099,394655.8597077147,4438783.036166333,0.033539712982894695,0
actual,1745427285.1170697,394655.85956773773,4438783.036338959,0.03354117905946639,0
actual,1745427285.216921,394655.8594423898,4438783.036432732,0.03360043298757155,0
actual,1745427285.317115,394655.8592999949,4438783.036593488,0.03357673141632954,0
actual,1745427285.4171488,394655.86051135464,4438783.036785563,0.033525872521926355,0
actual,1745427285.5172246,394655.8604889832,4438783.036837126,0.033541580485194324,0
actual,1745427285.6173356,394655.86049496185,4438783.036862234,0.033567411358123855,0
actual,1745427285.7173004,394655.86045580066,4438783.036923237,0.03360868839493348,0
actual,1745427285.8173287,394655.86038286675,4438783.03701624,0.033626263860501084,0
actual,1745427285.917169,394655.8602982412,4438783.037075732,0.03362813136280072,0
actual,1745427286.01708,394655.8592869915,4438783.035784461,0.033563955606204954,0
actual,1745427286.1172383,394655.8591335464,4438783.035689513,0.03354212153726257,0
actual,1745427286.2171526,394655.8589402118,4438783.035559348,0.033556503050298905,0
actual,1745427286.317064,394655.8587698103,4438783.035363619,0.033561948477565016,0
actual,1745427286.4170337,394655.8585526133,4438783.035121082,0.0336093516200493,0
actual,1745427286.5170135,394655.85858291865,4438783.037834652,0.03355184302119619,0
actual,1745427286.617037,394655.85839968093,4438783.0379829975,0.033573013865022754,0
actual,1745427286.7169971,394655.858242083,4438783.038113824,0.033579925368860564,0
actual,1745427286.817044,394655.8580806385,4438783.038286657,0.03362586243477315,0
actual,1745427286.9170885,394655.8578473378,4438783.038406751,0.03364305392790529,0
actual,1745427287.0171282,394655.8584962344,4438783.037565432,0.033496708070125496,0
actual,1745427287.1170857,394655.8583752585,4438783.037513315,0.03353571617890755,0
actual,1745427287.2168665,394655.8582322873,4438783.037467604,0.03356847600896761,0
actual,1745427287.3169663,394655.858097545,4438783.03734631,0.03360177689109567,0
actual,1745427287.417003,394655.8579327954,4438783.037229169,0.03361961415605091,0
actual,1745427287.5169175,394655.85995535395,4438783.038545052,0.033533464704172455,0
actual,1745427287.6169612,394655.85995519813,4438783.0385565525,0.03354370978688184,0
actual,1745427287.7170832,394655.85992726067,4438783.038611147,0.03354290693542596,0
actual,1745427287.8170624,394655.8598006345,4438783.038614867,0.033572333186614456,0
actual,1745427287.9170315,394655.859667444,4438783.03858958,0.03358659252660321,0
actual,1745427288.0170176,394655.85920727026,4438783.036021521,0.033576469616941655,0
actual,1745427288.1170142,394655.85908407567,4438783.0358371,0.03355475772104685,0
actual,1745427288.2169552,394655.85894549714,4438783.035600057,0.03354796839025662,0
actual,1745427288.3169272,394655.85875115043,4438783.035396488,0.033549312293780734,0
actual,1745427288.416988,394655.85992794955,4438783.035376618,0.03350922208086245,0
actual,1745427288.516953,394655.8598824892,4438783.035238982,0.03348712621253218,0
actual,1745427288.6169353,394655.8598511177,4438783.035059899,0.033494578768438234,0
actual,1745427288.7169137,394655.85977583023,4438783.034787827,0.033545839088569104,0
actual,1745427288.8169413,394655.8596436308,4438783.034499151,0.03358886145463078,0
actual,1745427288.9169192,394655.8590062239,4438783.0346915545,0.033536117604635485,0
actual,1745427289.0169392,394655.85885332094,4438783.034551848,0.03357261243929482,0
actual,1745427289.1167984,394655.8586438921,4438783.03438702,0.033600171188183675,0
actual,1745427289.2169533,394655.8583848449,4438783.034211115,0.03364823755578377,0
actual,1745427289.3169377,394655.8581285907,4438783.0340703335,0.033671537701297855,0
actual,1745427289.4169078,394655.85785680177,4438783.033856148,0.03369511709949229,0
actual,1745427289.516929,394655.8591804815,4438783.035864907,0.03356369380681707,0
actual,1745427289.617134,394655.85914537223,4438783.035938193,0.03356847600896761,0
actual,1745427289.716977,394655.85908185027,4438783.035970028,0.03358886145463078,0
actual,1745427289.8169324,394655.85898640903,4438783.035990192,0.03360802516981766,0
actual,1745427289.9169555,394655.8597437294,4438783.036251439,0.0335208110670957,0
actual,1745427290.0169163,394655.8596781938,4438783.036327138,0.033543308361153906,0
actual,1745427290.1169407,394655.85964848986,4438783.036366856,0.0335523666199717,0
actual,1745427290.216904,394655.8596704713,4438783.036390681,0.03356208810390532,0
actual,1745427290.3169308,394655.85968383815,4438783.036460291,0.03357767389412547,0
actual,1745427290.4169497,394655.8596438394,4438783.036534329,0.0335968376093126,0
actual,1745427290.5169263,394655.86009140516,4438783.0346644875,0.03356301312840877,0
actual,1745427290.6169233,394655.86011221557,4438783.03456935,0.033588460028902846,0
actual,1745427290.7169282,394655.8600669345,4438783.03445282,0.033625077036609746,0
actual,1745427290.8169372,394655.8599770374,4438783.034322054,0.033634135295427546,0
actual,1745427290.9169364,394655.8589325666,4438783.035663667,0.03351854213906813,0
actual,1745427291.0169854,394655.8587842166,4438783.035611981,0.0335614248787895,0
actual,1745427291.116985,394655.8586488893,4438783.035597475,0.03356901706103561,0
actual,1745427291.2169185,394655.85852105904,4438783.035570431,0.03362694453890938,0
actual,1745427291.3169096,394655.85851074394,4438783.035549878,0.03361242339953274,0
actual,1745427291.4168985,394655.8584840249,4438783.035556234,0.0335929804316655,0
actual,1745427291.5168176,394655.8602443172,4438783.035084683,0.033505766328943545,0
actual,1745427291.6169248,394655.8602150037,4438783.034849793,0.033493252318206594,0
actual,1745427291.7169614,394655.8601917894,4438783.034680853,0.03351534818653686,0
actual,1745427291.816949,394655.8602163662,4438783.034406142,0.03352906647445762,0
actual,1745427291.9169774,394655.8602235791,4438783.0340115605,0.03356154705183708,0
actual,1745427292.0169132,394655.8602431467,4438783.036060601,0.0335184199660203,0
actual,1745427292.116895,394655.8598580177,4438783.036146144,0.03347965620333365,0
actual,1745427292.2169464,394655.85939800483,4438783.036070257,0.03348471765816431,0
actual,1745427292.3169224,394655.8590908347,4438783.035987715,0.03348885408849151,0
actual,1745427292.4169283,394655.858920825,4438783.035946527,0.033503497400915724,0
actual,1745427292.5169349,394655.8604172193,4438783.036481838,0.03353864833205094,0
actual,1745427292.6169498,394655.8605347121,4438783.036511241,0.03359430688189714,0
actual,1745427292.7169147,394655.8606881463,4438783.036476811,0.0335804664209288,0
actual,1745427292.8169072,394655.8609302627,4438783.036414795,0.03358273534895637,0
actual,1745427292.9169016,394655.8611865949,4438783.036422524,0.03355343127081546,0
actual,1745427293.0168545,394655.86079404695,4438783.037456479,0.03349751092158137,0
actual,1745427293.116927,394655.8606659662,4438783.0374737885,0.03349072159079114,0
actual,1745427293.216937,394655.860525833,4438783.037533897,0.03350375920030361,0
actual,1745427293.3169491,394655.86041966965,4438783.037610245,0.03347539759995863,0
actual,1745427293.4169393,394655.8602509414,4438783.037569163,0.03347353009765899,0
actual,1745427293.5169551,394655.8607506764,4438783.037232221,0.033502293123731916,0
actual,1745427293.6169095,394655.86064203706,4438783.037103331,0.033544512638337715,0
actual,1745427293.716901,394655.860486865,4438783.03696918,0.03356714955873597,0
actual,1745427293.8168974,394655.86027319153,4438783.036823795,0.033581269272384674,0
actual,1745427293.916839,394655.86003311316,4438783.036700973,0.03356488063070841,0
actual,1745427294.016901,394655.8618322054,4438783.03523325,0.0335333250778324,0
actual,1745427294.1169467,394655.86185554124,4438783.034998911,0.0335538326965434,0
actual,1745427294.2168934,394655.8618199269,4438783.034713456,0.03357767389412547,0
actual,1745427294.3169744,394655.8617628368,4438783.034392713,0.03359071150363794,0
actual,1745427294.416932,394655.86170230387,4438783.0340405945,0.03361509375328825,0
actual,1745427294.51691,394655.8597845819,4438783.036297573,0.033570884563335235,0
actual,1745427294.6169012,394655.8595655207,4438783.036297122,0.033574479941594446,0
actual,1745427294.716931,394655.85932817217,4438783.036291858,0.03357687104266959,0
actual,1745427294.8168337,394655.8590244015,4438783.036252092,0.033619352356663273,0
actual,1745427294.916935,394655.859308467,4438783.036953374,0.03354704336575317,0
actual,1745427295.0169172,394655.859140026,4438783.036949438,0.033584864650643885,0
actual,1745427295.1169145,394655.85895492637,4438783.036929334,0.033580728220316686,0
actual,1745427295.2169096,394655.8587441632,4438783.03687061,0.03359404508250926,0
actual,1745427295.3169475,394655.8585066349,4438783.036818283,0.03358858220195067,0
actual,1745427295.416931,394655.85825163475,4438783.036782911,0.03359976976245573,0
actual,1745427295.5169034,394655.86057053035,4438783.036289567,0.03351948461686406,0
actual,1745427295.61691,394655.8605830636,4438783.036225548,0.033529206100797675,0
actual,1745427295.7169018,394655.86056848307,4438783.036174136,0.03352280074244291,0
actual,1745427295.8169627,394655.86054482654,4438783.036095248,0.03355329164447515,0
actual,1745427295.9169216,394655.8605206099,4438783.036025548,0.033598705111612226,0
actual,1745427296.0169034,394655.8590519315,4438783.037785201,0.03355903377771435,0
actual,1745427296.1168978,394655.8588958273,4438783.037865753,0.03357460211464203,0
actual,1745427296.2169116,394655.85873515694,4438783.037935255,0.033607623744089724,0
actual,1745427296.3169017,394655.8585575,4438783.038012455,0.03359976976245573,0
actual,1745427296.4169762,394655.8583378843,4438783.038055634,0.033619352356663273,0
actual,1745427296.5169523,394655.8599042084,4438783.037792691,0.033551040169740066,0
actual,1745427296.6169305,394655.8598306012,4438783.037676623,0.0336134880503765,0
actual,1745427296.7168977,394655.85974102933,4438783.037574261,0.033634798520543366,0
actual,1745427296.8170247,394655.8596500361,4438783.037471171,0.03363451926786301,0
actual,1745427296.9169106,394655.8587817013,4438783.03654677,0.03350749420490287,0
actual,1745427297.0168936,394655.8585999888,4438783.036472589,0.03349630664439756,0
actual,1745427297.1168962,394655.85839291656,4438783.036380725,0.03350243275007222,0
actual,1745427297.2169015,394655.858168955,4438783.036226257,0.03353093397675726,0
actual,1745427297.3169594,394655.8579128041,4438783.036088697,0.03352814144995392,0
actual,1745427297.4169025,394655.85766227497,4438783.035924312,0.03354117905946639,0
actual,1745427297.5169532,394655.8602985585,4438783.0368234925,0.03354503623711323,0
actual,1745427297.6169043,394655.8603596579,4438783.036770706,0.03357859891862917,0
actual,1745427297.7169216,394655.8604042091,4438783.036728979,0.03360031081452398,0
actual,1745427297.816897,394655.8604245608,4438783.036701865,0.03360310334132706,0
actual,1745427297.916882,394655.8604008757,4438783.036642549,0.03362879458791654,0
actual,1745427298.0169225,394655.8589688033,4438783.037231251,0.0335447744377256,0
actual,1745427298.1169565,394655.858797024,4438783.03717817,0.03357566676548578,0
actual,1745427298.217014,394655.8586333401,4438783.037106412,0.033572874238682694,0
actual,1745427298.3169403,394655.8584179445,4438783.036992456,0.03361069552357342,0
actual,1745427298.4168415,394655.8581990494,4438783.036903232,0.03363040029082828,0
actual,1745427298.5169318,394655.86055730947,4438783.036947466,0.0335679524101921,0
actual,1745427298.616943,394655.86059415503,4438783.036871338,0.03360057261391186,0
actual,1745427298.7169273,394655.86062515056,4438783.036793253,0.033616158404132006,0
actual,1745427298.8169346,394655.86060412694,4438783.036688153,0.03366569084830355,0
actual,1745427298.9169412,394655.85924609157,4438783.036798127,0.033542645136038086,0
actual,1745427299.0169497,394655.8590639953,4438783.036749265,0.033549434466828315,0
actual,1745427299.1170552,394655.8588124983,4438783.036662787,0.033574863914029904,0
actual,1745427299.2169428,394655.85856326495,4438783.0365277305,0.0336044297915587,0
actual,1745427299.3169386,394655.85832120583,4438783.036429585,0.03359497010701296,0
actual,1745427299.416932,394655.85804500745,4438783.036330263,0.03362706671195696,0
actual,1745427299.51684,394655.8596191016,4438783.0377345625,0.03355156376851583,0
actual,1745427299.6169171,394655.8596744406,4438783.037758808,0.03358633072721558,0
actual,1745427299.716949,394655.8598994812,4438783.03775655,0.03361374984976438,0
actual,1745427299.8169339,394655.86025413376,4438783.037752565,0.03363425746847513,0
actual,1745427299.9171374,394655.86061122135,4438783.037811651,0.03366980982533828,0
actual,1745427300.01692,394655.8587075718,4438783.037949624,0.03358099001970432,0
actual,1745427300.116929,394655.8581880053,4438783.038013973,0.03359844331222434,0
actual,1745427300.216893,394655.8571641757,4438783.037999071,0.033651972560383034,0
actual,1745427300.3169272,394655.8558091345,4438783.037987497,0.03364478180386487,0
actual,1745427300.4169574,394655.8545902744,4438783.038073353,0.03359125255570618,0
actual,1745427300.5169406,394655.8609016284,4438783.039034357,0.03358472502430358,0
actual,1745427300.617065,394655.8617217714,4438783.038987862,0.03357859891862917,0
actual,1745427300.7169821,394655.86241481255,4438783.03895035,0.033612563025873045,0
actual,1745427300.8169231,394655.86325619044,4438783.039008783,0.03361668200290777,0
actual,1745427300.9168303,394655.8643584843,4438783.038841302,0.03367607555735299,0
actual,1745427301.0170176,394655.8593709842,4438783.0382128,0.03357566676548578,0
actual,1745427301.1169336,394655.8592208354,4438783.038111978,0.0335944465082372,0
actual,1745427301.216978,394655.8588819279,4438783.0379496515,0.03364331572729318,0
actual,1745427301.3171067,394655.8586079512,4438783.037837218,0.033645846454708375,0
actual,1745427301.4170358,394655.8582958467,4438783.037596259,0.03372000549462564,0
actual,1745427301.5169857,394655.8603161338,4438783.037454158,0.033614011649152016,0
actual,1745427301.6169667,394655.8602176227,4438783.037373832,0.03358791897683485,0
actual,1745427301.7169504,394655.86010163906,4438783.0372004695,0.033622406682854246,0
actual,1745427301.8169599,394655.86001901206,4438783.037039964,0.03365890151751332,0
actual,1745427301.9170883,394655.8615664336,4438783.037856885,0.03347700330287062,0
actual,1745427302.0169692,394655.86140005506,4438783.037767088,0.03348859228910388,0
actual,1745427302.117017,394655.861318266,4438783.0376605755,0.033502973802140214,0
actual,1745427302.2170153,394655.8612914167,4438783.037580333,0.033529991498961076,0
actual,1745427302.3169668,394655.861212879,4438783.037457369,0.033529991498961076,0
actual,1745427302.4169426,394655.86110066844,4438783.037288249,0.03354411121260978,0
actual,1745427302.5171778,394655.86191830697,4438783.035585765,0.033522277143667394,0
actual,1745427302.6169853,394655.8618833295,4438783.035382696,0.03355090054340001,0
actual,1745427302.7169201,394655.86183823243,4438783.035222723,0.033552907672039695,0
actual,1745427302.816955,394655.8617563655,4438783.035125358,0.033550778370352426,0
actual,1745427302.9169343,394655.86167902837,4438783.034991835,0.033543971586269476,0
actual,1745427303.0169606,394655.8622461857,4438783.036762029,0.033470877197195964,0
actual,1745427303.1169744,394655.86220591696,4438783.036871991,0.033501629898616096,0
actual,1745427303.217116,394655.8621834384,4438783.036910839,0.03350976313293044,0
actual,1745427303.3171763,394655.862146882,4438783.03694423,0.03352693717277011,0
actual,1745427303.416957,394655.86214464484,4438783.036991829,0.033513882109965164,0
actual,1745427303.5168989,394655.86100557976,4438783.038997669,0.033528525422389384,0
actual,1745427303.6169143,394655.86089039553,4438783.039073768,0.03353945118350681,0
actual,1745427303.7169044,394655.86061177484,4438783.039084921,0.0335489108680528,0
actual,1745427303.8169754,394655.8602075211,4438783.039058533,0.033569540659811374,0
actual,1745427303.9169102,394655.8597942489,4438783.039168707,0.03354543766284117,0
actual,1745427304.0171092,394655.8600190275,4438783.03724627,0.03348246618342922,0
actual,1745427304.1170154,394655.8602061975,4438783.03709004,0.033504160626031544,0
actual,1745427304.216899,394655.8605990609,4438783.037025983,0.03352386539328667,0
actual,1745427304.3168933,394655.860815561,4438783.03679407,0.033557026649074416,0
actual,1745427304.4168873,394655.8604776503,4438783.037598756,0.033510688157434146,0
actual,1745427304.516931,394655.8602012233,4438783.037667005,0.033467683244664946,0
actual,1745427304.6170335,394655.8599261203,4438783.0377294505,0.0335192053641837,0
actual,1745427304.716939,394655.8596843328,4438783.037759382,0.03352814144995392,0
actual,1745427304.8169055,394655.85943653894,4438783.0377220865,0.03353864833205094,0
actual,1745427304.9169261,394655.85935116874,4438783.037213348,0.033522399316714975,0
actual,1745427305.0169039,394655.85933533346,4438783.037220525,0.03354796839025662,0
actual,1745427305.1169147,394655.85927670787,4438783.0372329075,0.033510688157434146,0
actual,1745427305.2169085,394655.85911743797,4438783.037200909,0.033540254034962934,0
actual,1745427305.3169167,394655.85895023495,4438783.037175216,0.03355130196912794,0
actual,1745427305.4169607,394655.8588264644,4438783.037088794,0.033609892672117295,0
actual,1745427305.5169168,394655.85957606777,4438783.037891595,0.03362027738116673,0
actual,1745427305.6169162,394655.8595856758,4438783.03789623,0.03362800918975314,0
actual,1745427305.7169337,394655.85946522665,4438783.037874374,0.03364438037813693,0
actual,1745427305.8168995,394655.8593011382,4438783.037829726,0.03365516651291406,0
actual,1745427305.916945,394655.85919521056,4438783.037848781,0.033661816217364235,0
actual,1745427306.0169284,394655.8584788203,4438783.039966186,0.03352414464596702,0
actual,1745427306.1169615,394655.85837936285,4438783.040100625,0.033511892434617954,0
actual,1745427306.2169216,394655.858237133,4438783.040169799,0.03352133466587121,0
actual,1745427306.317158,394655.8580624408,4438783.040239199,0.03352346396755873,0
actual,1745427306.416999,394655.85792601865,4438783.040287139,0.033525069670470475,0
actual,1745427306.5169384,394655.85867062566,4438783.038698667,0.0335144231620334,0
actual,1745427306.6169357,394655.85862521944,4438783.038620676,0.03354997551889655,0
actual,1745427306.716926,394655.85853541427,4438783.038556183,0.03353145757553277,0
actual,1745427306.8169367,394655.85843674204,4438783.038477218,0.03353372650356034,0
actual,1745427306.9169338,394655.85846341826,4438783.03837533,0.03356421740559284,0
actual,1745427307.0169263,394655.8583956628,4438783.038751754,0.03354198191092227,0
actual,1745427307.1170435,394655.85817972495,4438783.038733837,0.03353999223557505,0
actual,1745427307.2169425,394655.85793709394,4438783.038712659,0.03355184302119619,0
actual,1745427307.3169138,394655.85770000773,4438783.0386806,0.0335755445924382,0
actual,1745427307.4169242,394655.85747562116,4438783.0386878485,0.03357620781755402,0
actual,1745427307.5168986,394655.85919224686,4438783.039712301,0.03352187571793921,0
actual,1745427307.6169102,394655.859198963,4438783.039755197,0.03355116234278789,0
actual,1745427307.7169309,394655.85913635656,4438783.039826549,0.03354638014063735,0
actual,1745427307.8168535,394655.85908631684,4438783.039885083,0.033558353099306056,0
actual,1745427307.9169052,394655.8590358051,4438783.039909251,0.033618811304595035,0
actual,1745427308.0169296,394655.8590834553,4438783.038568891,0.033563152754749075,0
actual,1745427308.116922,394655.85902521864,4438783.038445069,0.03360722231836179,0
actual,1745427308.2169034,394655.8589644096,4438783.03830068,0.033617484854363645,0
actual,1745427308.3169174,394655.858927921,4438783.038144367,0.033614552701220254,0
actual,1745427308.4169385,394655.85885636986,4438783.037982656,0.033633332443971674,0
actual,1745427308.516941,394655.8598100371,4438783.037676582,0.0335052252768753,0
actual,1745427308.6169176,394655.8597615722,4438783.037555281,0.03354224371031014,0
actual,1745427308.7169254,394655.8596500898,4438783.037422572,0.03359910653734016,0
actual,1745427308.8169243,394655.85952596075,4438783.037339857,0.03357247281295476,0
actual,1745427308.9169312,394655.85904925887,4438783.036421631,0.03353212080064859,0
actual,1745427309.016897,394655.8589880491,4438783.036251209,0.033523743220239086,0
actual,1745427309.1168957,394655.8589034413,4438783.036019641,0.03353812473327542,0
actual,1745427309.2169406,394655.8587912851,4438783.035814929,0.03354465226467777,0
actual,1745427309.3169968,394655.8586530334,4438783.035598516,0.03355941775014981,0
actual,1745427309.4169204,394655.85849870264,4438783.035356196,0.03357966356947293,0
actual,1745427309.5169203,394655.85988322535,4438783.037277308,0.03349363629064205,0
actual,1745427309.616912,394655.85990266904,4438783.037338962,0.03352346396755873,0
actual,1745427309.717066,394655.8598675373,4438783.0373634,0.033577796067173295,0
actual,1745427309.8168604,394655.859798854,4438783.03744379,0.03357500354036996,0
actual,1745427309.9169302,394655.8596644071,4438783.037512027,0.03359324223105339,0
actual,1745427310.0169566,394655.8590218075,4438783.037116411,0.0335538326965434,0
actual,1745427310.116922,394655.8587927295,4438783.037018335,0.033574863914029904,0
actual,1745427310.216976,394655.85857551894,4438783.036911469,0.0336316045680121,0
actual,1745427310.3169224,394655.8584398892,4438783.03689495,0.03365677221582605,0
actual,1745427310.4169116,394655.858120392,4438783.036764467,0.03368899099381788,0
actual,1745427310.5168176,394655.8575492641,4438783.036249064,0.03357980319581298,0
actual,1745427310.6169403,394655.8570880411,4438783.036141904,0.033616158404132006,0
actual,1745427310.7169042,394655.85670540005,4438783.035998953,0.033600834413299495,0
actual,1745427310.8169348,394655.856398179,4438783.035805776,0.03365356081000231,0
actual,1745427310.9169273,394655.8560574122,4438783.035660702,0.03366022796774496,0
actual,1745427311.0169883,394655.8589298608,4438783.036164205,0.03353519258013203,0
actual,1745427311.1169233,394655.85883032274,4438783.036087954,0.03357060531065513,0
actual,1745427311.21705,394655.8587989419,4438783.0360105615,0.03360669871958627,0
actual,1745427311.3169143,394655.85871619906,4438783.035896141,0.03367886808415632,0
actual,1745427311.416951,394655.8586523314,4438783.0358200995,0.03369817142568326,0
actual,1745427311.5169418,394655.85868724895,4438783.037527747,0.03355316947142758,0
actual,1745427311.6170142,394655.85869185464,4438783.037576071,0.033540376208010515,0
actual,1745427311.7168827,394655.85868638614,4438783.037614228,0.033571949214179,0
actual,1745427311.8169878,394655.85866483615,4438783.037648945,0.033596575809924714,0
actual,1745427311.9170666,394655.85863817774,4438783.037678171,0.03360203869048355,0
actual,1745427312.016953,394655.85804474837,4438783.038587483,0.03354065546069087,0
actual,1745427312.1169322,394655.8578808196,4438783.038645052,0.03353651903036367,0
actual,1745427312.2169101,394655.8577176261,4438783.03866794,0.03353119577614489,0
actual,1745427312.3169537,394655.85754489555,4438783.038686233,0.03355210482058382,0
actual,1745427312.4170592,394655.85731789167,4438783.038719806,0.03356381597986465,0
actual,1745427312.5172164,394655.8584617025,4438783.038161885,0.03350882065513451,0
actual,1745427312.61695,394655.85835309303,4438783.038125554,0.03350056524777259,0
actual,1745427312.7169085,394655.85820350645,4438783.038056611,0.033507756004290755,0
actual,1745427312.8169363,394655.8580251938,4438783.038015871,0.03351054853109384,0
actual,1745427312.9170017,394655.8578508546,4438783.037942964,0.0335572884484623,0
actual,1745427313.0169663,394655.8582969541,4438783.037948155,0.033558353099306056,0
actual,1745427313.1170657,394655.85813338193,4438783.0378535325,0.0335496962662162,0
actual,1745427313.216953,394655.85795939085,4438783.037729789,0.0335755445924382,0
actual,1745427313.317014,394655.8577971312,4438783.037715735,0.03358472502430358,0
actual,1745427313.4169946,394655.8576079648,4438783.037599895,0.033648499355171405,0
actual,1745427313.5170937,394655.8580892531,4438783.039205465,0.03358086784665674,0
actual,1745427313.6170094,394655.8579570944,4438783.039298715,0.033581932497500494,0
actual,1745427313.7169292,394655.85781058075,4438783.039420052,0.03355329164447515,0
actual,1745427313.8169506,394655.85763146245,4438783.039494028,0.033569680286151427,0
actual,1745427313.9169075,394655.8574052755,4438783.039593043,0.033572874238682694,0
actual,1745427314.0169091,394655.8584015308,4438783.038538479,0.0335116131819376,0
actual,1745427314.1169233,394655.85830452916,4438783.03848232,0.03353292365210447,0
actual,1745427314.216928,394655.8581510414,4438783.038440594,0.03353798510693512,0
actual,1745427314.3169372,394655.8579722666,4438783.038400322,0.03354184228458221,0
actual,1745427314.4169073,394655.85773516045,4438783.038355428,0.03356994208553931,0
actual,1745427314.516858,394655.85809262004,4438783.037368787,0.033551040169740066,0
actual,1745427314.616908,394655.85793530016,4438783.03731818,0.03354290693542596,0
actual,1745427314.7169132,394655.85776426515,4438783.037248712,0.03354610088795699,0
actual,1745427314.8169487,394655.8575217735,4438783.037095464,0.033603626940102826,0
actual,1745427314.916949,394655.8571334151,4438783.037532049,0.03348471765816431,0
actual,1745427315.0168755,394655.8569764752,4438783.0374988755,0.03348525871023255,0
actual,1745427315.1169178,394655.85677088,4438783.037447274,0.03349897699815307,0
actual,1745427315.2169356,394655.8565276821,4438783.037415513,0.03349976239631646,0
actual,1745427315.3169093,394655.8562155925,4438783.037353413,0.03350683097978705,0
actual,1745427315.4170916,394655.85674635187,4438783.037570263,0.033497912347309554,0
actual,1745427315.516932,394655.85663604416,4438783.037605961,0.03347180222169967,0
actual,1745427315.616984,394655.8565073876,4438783.0375926,0.033475799025686565,0
actual,1745427315.7169552,394655.8563475776,4438783.037522428,0.033486986586191876,0
actual,1745427315.8169274,394655.8560853158,4438783.037491878,0.033477928327374076,0
actual,1745427315.9169872,394655.85582877597,4438783.037428601,0.03347887080517026,0
actual,1745427316.017011,394655.85694043397,4438783.037059716,0.033493252318206594,0
actual,1745427316.1169543,394655.85687167133,4438783.0369220255,0.03349431696905035,0
actual,1745427316.2169151,394655.8567350128,4438783.036795464,0.03349723166890126,0
actual,1745427316.3169832,394655.8565828577,4438783.036615036,0.03349723166890126,0
actual,1745427316.417031,394655.8570489109,4438783.036550024,0.03354531548979359,0
actual,1745427316.5172114,394655.8570634822,4438783.036475212,0.03355529877311509,0
actual,1745427316.617061,394655.857036108,4438783.036451118,0.03354571691552153,0
actual,1745427316.7169573,394655.85696864175,4438783.036385346,0.03358366037345983,0
actual,1745427316.816954,394655.85689278337,4438783.036314383,0.033597239035040534,0
actual,1745427316.917095,394655.8571525809,4438783.037877743,0.03348086048051747,0
actual,1745427317.0170562,394655.85713788157,4438783.0380065795,0.03347567685263898,0
actual,1745427317.1170833,394655.8571142711,4438783.0380938025,0.033476462250802384,0
actual,1745427317.2170389,394655.85708943836,4438783.038240463,0.0334595500103506,0
actual,1745427317.3171816,394655.85701773793,4438783.03834323,0.03346501289090944,0
actual,1745427317.4169848,394655.8569415942,4438783.038379237,0.03349909917120089,0
actual,1745427317.5169408,394655.8571797741,4438783.037227544,0.03351828033968025,0
actual,1745427317.616932,394655.8570539228,4438783.037226372,0.03349417734271029,0
actual,1745427317.7168946,394655.8568756599,4438783.037171408,0.03350456205175949,0
actual,1745427317.8169103,394655.85664201353,4438783.037129287,0.03349817414669719,0
actual,1745427317.9169753,394655.8563775921,4438783.037065476,0.03351761711456443,0
actual,1745427318.0169334,394655.85679905774,4438783.038468585,0.03355276804569964,0
actual,1745427318.116939,394655.8567253697,4438783.038533464,0.0335522269936314,0
actual,1745427318.2169206,394655.8565227081,4438783.038581758,0.03353784548059507,0
actual,1745427318.316926,394655.85632470064,4438783.038656251,0.03356168667817738,0
actual,1745427318.4169111,394655.8561288086,4438783.03865799,0.03360109621268737,0
actual,1745427318.516899,394655.85754129343,4438783.038122205,0.03353999223557505,0
actual,1745427318.6169147,394655.85741805274,4438783.038056278,0.03357819749290123,0
actual,1745427318.7169504,394655.85732225893,4438783.038021934,0.033540376208010515,0
actual,1745427318.8169694,394655.857185153,4438783.037896274,0.03357767389412547,0
actual,1745427318.9169512,394655.85702953464,4438783.037799102,0.033582595722616314,0
actual,1745427319.0169365,394655.85689155885,4438783.038501176,0.033525069670470475,0
actual,1745427319.116895,394655.85670949094,4438783.038581467,0.033521736091599155,0
actual,1745427319.2168305,394655.8564673538,4438783.038534001,0.033556887022734364,0
actual,1745427319.3169408,394655.85628472414,4438783.038618284,0.03355130196912794,0
actual,1745427319.4170125,394655.85610373225,4438783.0387145765,0.03353531475317961,0
actual,1745427319.517274,394655.8569979316,4438783.03808206,0.033498697745472955,0
actual,1745427319.6170456,394655.85692113184,4438783.038071621,0.033464751091521555,0
actual,1745427319.7171004,394655.85676285595,4438783.038033487,0.0334736697239993,0
actual,1745427319.8169315,394655.8566784654,4438783.037961229,0.03345316210528831,0
actual,1745427319.916961,394655.85655336315,4438783.037868662,0.03349417734271029,0
actual,1745427320.0169606,394655.8562845897,4438783.038052598,0.03348871446215145,0
actual,1745427320.116977,394655.85611501115,4438783.0380584495,0.03352814144995392,0
actual,1745427320.2169755,394655.8559241999,4438783.038137166,0.033505103103827726,0
actual,1745427320.3171375,394655.85569289903,4438783.038139408,0.03356447920498047,0
actual,1745427320.4172196,394655.85546955984,4438783.038162007,0.03358058859397638,0
actual,1745427320.5170465,394655.8575680428,4438783.037564287,0.03354370978688184,0
actual,1745427320.6169612,394655.85759822436,4438783.03759822,0.033537723307547486,0
actual,1745427320.7172906,394655.85761453805,4438783.037609248,0.03354091726007851,0
actual,1745427320.8172693,394655.85758214863,4438783.037649065,0.03353199862760101,0
actual,1745427320.9169598,394655.856240818,4438783.039002133,0.033533464704172455,0
actual,1745427321.016959,394655.856082724,4438783.03913481,0.033526535747042174,0
actual,1745427321.116979,394655.8558854541,4438783.039206172,0.033583922172847704,0
actual,1745427321.2169166,394655.85565636744,4438783.039327588,0.03361601877779195,0
actual,1745427321.3170316,394655.8554106819,4438783.03943869,0.03364144822499354,0
actual,1745427321.4169586,394655.85513291694,4438783.039553445,0.033639580722693914,0
actual,1745427321.5171287,394655.85626556596,4438783.038251197,0.033499378423881,0
actual,1745427321.6169548,394655.85610332707,4438783.038223497,0.033532801479056885,0
actual,1745427321.7170622,394655.8559538086,4438783.038198885,0.03353306327844452,0
actual,1745427321.8169866,394655.8557306956,4438783.038201222,0.0335628909553612,0
actual,1745427321.9170616,394655.8554858334,4438783.038250639,0.033529869325913494,0
actual,1745427322.0170238,394655.8588824973,4438783.038304982,0.033486846959851824,0
actual,1745427322.1169505,394655.8590196032,4438783.038274953,0.033511892434617954,0
actual,1745427322.2169654,394655.859111605,4438783.038217412,0.033528665048729686,0
actual,1745427322.3171444,394655.85921094037,4438783.038167652,0.033568214209579735,0
actual,1745427322.417088,394655.85932058725,4438783.03813264,0.033589786479134486,0
actual,1745427322.5169754,394655.85936592636,4438783.038135523,0.033583258947731884,0
actual,1745427322.6171064,394655.8583936536,4438783.038173944,0.03352414464596702,0
actual,1745427322.7170763,394655.8582597601,4438783.038077679,0.03358086784665674,0
actual,1745427322.8169847,394655.8580961943,4438783.038107108,0.03356022060160569,0
actual,1745427322.9169571,394655.857887596,4438783.038017216,0.0335944465082372,0
actual,1745427323.0171158,394655.85736691527,4438783.037814516,0.033602160863531134,0
actual,1745427323.1171453,394655.85718867,4438783.03780572,0.03356222773024538,0
actual,1745427323.2169163,394655.85699507885,4438783.037679102,0.03357926214374499,0
actual,1745427323.3169172,394655.8567682932,4438783.037544351,0.03357434031525439,0
actual,1745427323.4169421,394655.8565202077,4438783.037389395,0.033579925368860564,0
actual,1745427323.5169175,394655.85800661356,4438783.036738045,0.033477265102258257,0
actual,1745427323.6169615,394655.8579321131,4438783.036630527,0.03349484056782587,0
actual,1745427323.7169485,394655.85777933337,4438783.0364598725,0.03354184228458221,0
actual,1745427323.8170636,394655.8576265586,4438783.036277079,0.03357367709013857,0
actual,1745427323.9169412,394655.85743421444,4438783.03614504,0.03359205540716205,0
actual,1745427324.016845,394655.85795681283,4438783.0371515555,0.03358671469965104,0
actual,1745427324.116954,394655.85785933485,4438783.037173699,0.03358765717744697,0
actual,1745427324.2169075,394655.85771500506,4438783.037229299,0.03362973706571246,0
actual,1745427324.316906,394655.8575300272,4438783.037320477,0.03362800918975314,0
actual,1745427324.416947,394655.85729959165,4438783.037418976,0.03365582973802988,0
actual,1745427324.51696,394655.85765815404,4438783.037392686,0.03353505295379198,0
actual,1745427324.6169443,394655.8574237487,4438783.037367611,0.033586854325991095,0
actual,1745427324.7169788,394655.8571763086,4438783.037410659,0.03356062202733363,0
actual,1745427324.8169138,394655.8569453197,4438783.037381958,0.03360790299677008,0
actual,1745427324.9169126,394655.8568464389,4438783.037376752,0.033631464941672046,0
actual,1745427325.0169082,394655.8568194205,4438783.0377858495,0.033566748133008036,0
actual,1745427325.1169221,394655.856737492,4438783.037813899,0.03356022060160569,0
actual,1745427325.2173219,394655.8565617525,4438783.037895287,0.03355449592165922,0
actual,1745427325.3169942,394655.8562931456,4438783.037896088,0.03356154705183708,0
actual,1745427325.4169226,394655.8576595349,4438783.037538851,0.03348885408849151,0
actual,1745427325.5169206,394655.8576381594,4438783.037552865,0.033543308361153906,0
actual,1745427325.6169314,394655.8576872889,4438783.037549833,0.03354011440862263,0
actual,1745427325.7168398,394655.8576744316,4438783.037557188,0.033568214209579735,0
actual,1745427325.8169017,394655.85763417877,4438783.037597316,0.033558492725646115,0
actual,1745427325.91695,394655.85760115745,4438783.037584082,0.0336085662218859,0
actual,1745427326.016994,394655.85680554836,4438783.038174423,0.03354198191092227,0
actual,1745427326.1169274,394655.85672593367,4438783.038163125,0.033586191100875275,0
actual,1745427326.2169385,394655.8565801852,4438783.038200076,0.03358872182829072,0
actual,1745427326.3169339,394655.8564184264,4438783.038217388,0.03360828696920554,0
actual,1745427326.4169693,394655.8562949375,4438783.038241428,0.03357566676548578,0
actual,1745427326.5169666,394655.8578214515,4438783.037929226,0.03349817414669719,0
actual,1745427326.6169038,394655.8578167488,4438783.037913357,0.03347433294911512,0
actual,1745427326.7169642,394655.8578046424,4438783.037821873,0.033504300252371846,0
actual,1745427326.8169363,394655.8577848873,4438783.0377518665,0.03352814144995392,0
actual,1745427326.916982,394655.8577203696,4438783.0376694705,0.03356554385582423,0
actual,1745427327.016925,394655.8580429614,4438783.038361332,0.03356514243009629,0
actual,1745427327.1169357,394655.8579533383,4438783.038345939,0.03356568348216428,0
actual,1745427327.2169015,394655.8578250969,4438783.03832287,0.03360390619278318,0
actual,1745427327.3169615,394655.8576708667,4438783.0383294495,0.03360031081452398,0
actual,1745427327.4169223,394655.85747879115,4438783.038291071,0.03362453598454176,0
actual,1745427327.5169106,394655.85752336006,4438783.038319253,0.03354624051429729,0
actual,1745427327.6169045,394655.85740493314,4438783.03831678,0.03354304656176602,0
actual,1745427327.716987,394655.8572420393,4438783.0383016635,0.0335663467072801,0
actual,1745427327.816848,394655.8570259481,4438783.038277943,0.033607623744089724,0
actual,1745427327.9169557,394655.85679343826,4438783.038221739,0.033655567938641995,0
actual,1745427328.0169306,394655.8572744045,4438783.038015242,0.03354957409316837,0
actual,1745427328.1169298,394655.8572275465,4438783.037959792,0.03358245609627601,0
actual,1745427328.21694,394655.857116135,4438783.037927045,0.03356913923408343,0
actual,1745427328.3170407,394655.85697279294,4438783.037839334,0.0335895246797466,0
actual,1745427328.4169703,394655.85683986143,4438783.037751727,0.03360043298757155,0
actual,1745427328.517018,394655.8576355465,4438783.037367129,0.03353864833205094,0
actual,1745427328.6169097,394655.85754695704,4438783.037268646,0.033529869325913494,0
actual,1745427328.7169359,394655.8574423769,4438783.037206517,0.033524546071694965,0
actual,1745427328.8169084,394655.85736530327,4438783.037115384,0.03355809129991818,0
actual,1745427328.9168954,394655.85754773853,4438783.0371873975,0.03350070487411264,0
actual,1745427329.01691,394655.85742315394,4438783.037122181,0.0335333250778324,0
actual,1745427329.11693,394655.8573082879,4438783.0370366825,0.033583258947731884,0
actual,1745427329.216956,394655.85713735514,4438783.036924211,0.033658220839105024,0
actual,1745427329.3169081,394655.8569640661,4438783.0368930055,0.03363373386969961,0
actual,1745427329.4169734,394655.85802757693,4438783.03600976,0.03356714955873597,0
actual,1745427329.5169475,394655.857985648,4438783.035929637,0.03356369380681707,0
actual,1745427329.6169426,394655.85793790186,4438783.03581237,0.03358458539796352,0
actual,1745427329.7168972,394655.85785215,4438783.03569576,0.03360031081452398,0
actual,1745427329.8169491,394655.8577451104,4438783.035601672,0.033607100145314206,0
actual,1745427329.917005,394655.85761598195,4438783.035474239,0.03364078499987772,0
actual,1745427330.0169823,394655.85543317976,4438783.037940348,0.033521613918551574,0
actual,1745427330.1169238,394655.85519941035,4438783.038122589,0.033519606789911637,0
actual,1745427330.2170389,394655.8549476341,4438783.038302413,0.03354784621720904,0
actual,1745427330.3169522,394655.8546603864,4438783.038498771,0.033525209296810535,0
actual,1745427330.4169035,394655.85431739036,4438783.038728317,0.03354543766284117,0
actual,1745427330.516922,394655.8560976124,4438783.038425471,0.03357606819121372,0
actual,1745427330.6169305,394655.85613833,4438783.038538647,0.03352627394765429,0
actual,1745427330.7169387,394655.8560829178,4438783.038563786,0.033572211013566874,0
actual,1745427330.8169954,394655.85600269155,4438783.0385655435,0.0336351999462713,0
actual,1745427330.916919,394655.85560561053,4438783.037799446,0.03351655246372067,0
actual,1745427331.0170798,394655.8555369535,4438783.03767365,0.03352147429221127,0
actual,1745427331.1169357,394655.85550432064,4438783.037652307,0.033518140713339944,0
actual,1745427331.216913,394655.85547240044,4438783.037573881,0.0335152085601968,0
actual,1745427331.3169127,394655.8553206238,4438783.037421321,0.0335572884484623,0
actual,1745427331.4169228,394655.85501165903,4438783.037392386,0.033488976261539335,0
actual,1745427331.5169096,394655.8570264892,4438783.0387086915,0.03348232655708916,0
actual,1745427331.616955,394655.85677900177,4438783.038693683,0.0334927112661386,0
actual,1745427331.7168772,394655.85654124455,4438783.038657907,0.03349696986951338,0
actual,1745427331.8168943,394655.85650206584,4438783.03861287,0.03350695315283488,0
actual,1745427331.916972,394655.85654100345,4438783.038650781,0.03348871446215145,0
actual,1745427332.0169344,394655.85584869544,4438783.038598491,0.0335523666199717,0
actual,1745427332.1169386,394655.8555485873,4438783.038572655,0.03353718225547925,0
actual,1745427332.2168975,394655.85525176465,4438783.038547194,0.03353692045609161,0
actual,1745427332.3169856,394655.8548744574,4438783.038435015,0.033537723307547486,0
actual,1745427332.4169815,394655.8544479553,4438783.038335685,0.033584061799188006,0
actual,1745427332.51694,394655.85756703274,4438783.040194633,0.033565282056436344,0
actual,1745427332.61691,394655.8574990684,4438783.040239177,0.03355863235198642,0
actual,1745427332.7169247,394655.85741804354,4438783.0402850285,0.0336009740396398,0
actual,1745427332.816927,394655.8573955969,4438783.0402983865,0.033628532788528655,0
actual,1745427332.916935,394655.8559013459,4438783.039570437,0.033519606789911637,0
actual,1745427333.0169122,394655.8556284736,4438783.0395486625,0.03353079435041695,0
actual,1745427333.1169345,394655.85536071216,4438783.039567301,0.03351016455865838,0
actual,1745427333.2170086,394655.85506065056,4438783.039540516,0.03350375920030361,0
actual,1745427333.3168943,394655.8546158211,4438783.039435447,0.03350122847288816,0
actual,1745427333.4171166,394655.8542013902,4438783.039394838,0.03356594528155216,0
actual,1745427333.5169003,394655.8564653107,4438783.040581761,0.033578738544969226,0
actual,1745427333.6169596,394655.85651146685,4438783.0406084,0.03359404508250926,0
actual,1745427333.7168982,394655.8565766909,4438783.040693221,0.03360177689109567,0
actual,1745427333.8169253,394655.85663262795,4438783.040685481,0.03362027738116673,0
actual,1745427333.9169705,394655.85660513875,4438783.040695279,0.033586191100875275,0
actual,1745427334.0169716,394655.85692353256,4438783.0393890785,0.03348511908389225,0
actual,1745427334.116964,394655.8568454268,4438783.03928924,0.03347806795371438,0
actual,1745427334.216919,394655.8567043197,4438783.039183996,0.03348393226000091,0
actual,1745427334.316913,394655.8564864361,4438783.039189129,0.0334495667270291,0
actual,1745427334.4169042,394655.856172048,4438783.03904927,0.033497912347309554,0
actual,1745427334.5169327,394655.85679321806,4438783.038408275,0.033565282056436344,0
actual,1745427334.6168926,394655.85653321765,4438783.038313829,0.03352693717277011,0
actual,1745427334.716995,394655.85642334766,4438783.038106113,0.03356116307940162,0
actual,1745427334.8169208,394655.8566978083,4438783.037893357,0.033539049757778876,0
actual,1745427334.9169211,394655.8589416995,4438783.037815424,0.03359551115908096,0
actual,1745427335.0169086,394655.8602622712,4438783.037401804,0.03361481450060814,0
actual,1745427335.1169512,394655.86180610996,4438783.037455739,0.033609630872729654,0
actual,1745427335.2168503,394655.8626647389,4438783.037462586,0.03368352811325904,0
actual,1745427335.316922,394655.86243984016,4438783.037326782,0.03358020462154092,0
actual,1745427335.4168468,394655.8616747869,4438783.03696303,0.03366143224492877,0
actual,1745427335.51707,394655.85663726827,4438783.03914456,0.03360523264301458,0
actual,1745427335.616927,394655.8556769417,4438783.039171259,0.0337268122787086,0
actual,1745427335.717034,394655.85478360904,4438783.039239805,0.033728260901987564,0
actual,1745427335.8169172,394655.85386849643,4438783.039505549,0.03366356154661629,0
actual,1745427335.9169822,394655.8530416611,4438783.039595423,0.03371468224040711,0
actual,1745427336.0169656,394655.8546985915,4438783.037756101,0.03373866306432948,0
actual,1745427336.1169045,394655.8543263572,4438783.037628894,0.033788055882160974,0
actual,1745427336.2169278,394655.8538229747,4438783.037472251,0.03375103744872613,0
actual,1745427336.3169317,394655.8532527309,4438783.03722201,0.03381468960654638,0
actual,1745427336.4169104,394655.8527530936,4438783.037064941,0.03384359225895935,0
actual,1745427336.5168731,394655.85823462013,4438783.037446336,0.03386954530493671,0
actual,1745427336.616915,394655.8585104098,4438783.037369136,0.03384984053768159,0
actual,1745427336.716936,394655.8587988558,4438783.037310021,0.03385717092054006,0
actual,1745427336.8169334,394655.85906697443,4438783.037182172,0.033891379373879094,0
actual,1745427336.9169135,394655.85932412907,4438783.037068342,0.03391268984404596,0
actual,1745427337.0169702,394655.85663528816,4438783.038394731,0.03358512645003152,0
actual,1745427337.116951,394655.8564661772,4438783.038391763,0.03362041700750703,0
actual,1745427337.216835,394655.8562864382,4438783.038428249,0.03362893421425659,0
actual,1745427337.317034,394655.8561427643,4438783.0384497065,0.03362879458791654,0
actual,1745427337.4169512,394655.85595673387,4438783.038410461,0.03365329901061443,0
actual,1745427337.5170422,394655.8570074997,4438783.0379540585,0.03354144085885427,0
actual,1745427337.6169305,394655.85688169586,4438783.0378761105,0.03356835383592004,0
actual,1745427337.7169213,394655.85680130945,4438783.037787635,0.03359217758020963,0
actual,1745427337.8169065,394655.856649196,4438783.037698199,0.03363572354504682,0
actual,1745427337.9169059,394655.85644567123,4438783.037660552,0.033630801716556226,0
actual,1745427338.0169303,394655.85699605773,4438783.039051465,0.03353386612990064,0
actual,1745427338.1169229,394655.8569128639,4438783.039091269,0.033534791154404095,0
actual,1745427338.2170289,394655.8568019705,4438783.039086919,0.03356688775934834,0
actual,1745427338.317012,394655.856657027,4438783.0390849905,0.03357886071801705,0
actual,1745427338.4169056,394655.8564905322,4438783.039053044,0.03359137472875376,0
actual,1745427338.5169437,394655.8584340499,4438783.037909274,0.033567550984463915,0
actual,1745427338.6168942,394655.8585313184,4438783.037757276,0.033603504767054995,0
actual,1745427338.7169707,394655.85856335086,4438783.037621256,0.03360603549447045,0
actual,1745427338.8169658,394655.858438355,4438783.037417743,0.03357434031525439,0
actual,1745427338.9169867,394655.8581997213,4438783.037128135,0.033624413811493926,0
actual,1745427339.0169404,394655.85771910666,4438783.038253567,0.03353651903036367,0
actual,1745427339.1168978,394655.85774447606,4438783.038171144,0.03353692045609161,0
actual,1745427339.2168925,394655.85777719377,4438783.0380871035,0.03358339857407219,0
actual,1745427339.3170393,394655.8577801726,4438783.038024333,0.03358020462154092,0
actual,1745427339.416958,394655.85770131456,4438783.037851132,0.03363985997537427,0
actual,1745427339.516916,394655.85722493276,4438783.038080691,0.033554234122271334,0
actual,1745427339.6169171,394655.8570880126,4438783.038011895,0.03359617438419678,0
actual,1745427339.7169151,394655.8569605012,4438783.037991088,0.03358153107177256,0
actual,1745427339.8170443,394655.85678640736,4438783.037982691,0.03360655909324621,0
actual,1745427339.9169714,394655.8565947154,4438783.037948819,0.033572874238682694,0
actual,1745427340.0169284,394655.85612908646,4438783.038177734,0.033446774200226015,0
actual,1745427340.1170278,394655.85600715794,4438783.03819548,0.033455832459043815,0
actual,1745427340.2170453,394655.85586160386,4438783.038165846,0.03346595536870537,0
actual,1745427340.3169982,394655.8556983825,4438783.038171734,0.03345742070866309,0
actual,1745427340.416962,394655.855482729,4438783.038156016,0.03350562670260324,0
actual,1745427340.516986,394655.85580920964,4438783.0389936585,0.03353878795839124,0
actual,1745427340.617079,394655.85567849263,4438783.039060523,0.03355662522334648,0
actual,1745427340.7169793,394655.85551415663,4438783.03909081,0.03356927886042349,0
actual,1745427340.8169954,394655.85529513966,4438783.039120247,0.033559819175877754,0
actual,1745427340.916954,394655.8550821484,4438783.039131091,0.03357739464144536,0
actual,1745427341.0170386,394655.8554159137,4438783.038242585,0.033529869325913494,0
actual,1745427341.1170182,394655.85534985596,4438783.038187081,0.033528001823613866,0
actual,1745427341.217124,394655.8552536241,4438783.038142364,0.033534791154404095,0
actual,1745427341.3170369,394655.85515129415,4438783.038068945,0.03355156376851583,0
actual,1745427341.41698,394655.85505501373,4438783.038011761,0.03352679754643005,0
actual,1745427341.5170572,394655.8561195483,4438783.038218414,0.03348445585877668,0
actual,1745427341.6169212,394655.8560919648,4438783.038144044,0.033483391207932915,0
actual,1745427341.7170277,394655.85606638517,4438783.038042207,0.03350190915129645,0
actual,1745427341.8169549,394655.85601012304,4438783.037931367,0.0334968476964658,0
actual,1745427341.9171205,394655.8559441546,4438783.037826388,0.033498034520357135,0
actual,1745427342.0170014,394655.85784553003,4438783.037653631,0.033480598681129584,0
actual,1745427342.1170323,394655.85793190147,4438783.037560684,0.033486986586191876,0
actual,1745427342.217102,394655.8580226064,4438783.037465544,0.03350922208086245,0
actual,1745427342.316949,394655.85808359017,4438783.037360945,0.03352187571793921,0
actual,1745427342.4169083,394655.8581507975,4438783.037280109,0.03354437301199766,0
actual,1745427342.5169666,394655.8585004092,4438783.036844102,0.03355582237189061,0
actual,1745427342.6169097,394655.85852321074,4438783.036808592,0.03358299714834425,0
actual,1745427342.7169812,394655.8585007726,4438783.036787186,0.03358153107177256,0
actual,1745427342.816959,394655.8584753979,4438783.036732041,0.03360922944700172,0
actual,1745427342.9169397,394655.8587187891,4438783.03725588,0.033526535747042174,0
actual,1745427343.0168257,394655.8586405546,4438783.037251631,0.033528001823613866,0
actual,1745427343.1171196,394655.8585188942,4438783.037272671,0.03353891013143882,0
actual,1745427343.2169447,394655.85842965206,4438783.037243002,0.03355929557710199,0
actual,1745427343.3169618,394655.85831913096,4438783.037166522,0.03358366037345983,0
actual,1745427343.4169376,394655.8581219867,4438783.037075076,0.033633332443971674,0
actual,1745427343.516916,394655.8571978913,4438783.03756905,0.03354411121260978,0
actual,1745427343.616919,394655.85710800963,4438783.037558309,0.033554356295318916,0
actual,1745427343.7169209,394655.8569802352,4438783.037538558,0.03356594528155216,0
actual,1745427343.8169317,394655.85676800983,4438783.037532233,0.03352667537338223,0
actual,1745427343.9169338,394655.85656856786,4438783.037463651,0.03356369380681707,0
actual,1745427344.016904,394655.85739389015,4438783.037693995,0.033546781566365286,0
actual,1745427344.1168945,394655.8573684136,4438783.037634408,0.03357620781755402,0
actual,1745427344.2169042,394655.85736316093,4438783.03760651,0.03355329164447515,0
actual,1745427344.3169186,394655.8573879824,4438783.037542508,0.03356728918507628,0
actual,1745427344.4169385,394655.8574144346,4438783.037434489,0.03359352148373375,0
actual,1745427344.517032,394655.85843635513,4438783.037240535,0.03350403845298397,0
actual,1745427344.6169612,394655.8584667124,4438783.037146806,0.033527198972157994,0
actual,1745427344.716858,394655.85849330766,4438783.037062904,0.033523743220239086,0
actual,1745427344.8169265,394655.8583855612,4438783.036950184,0.033502834175800154,0
actual,1745427344.91692,394655.85705159325,4438783.036487458,0.03347846937944232,0
actual,1745427345.0169,394655.85703505203,4438783.036396969,0.03346075428753441,0
actual,1745427345.1169195,394655.8570695226,4438783.036178619,0.033530654724076896,0
actual,1745427345.2170212,394655.85702149273,4438783.036040383,0.033500163822044404,0
actual,1745427345.3170452,394655.85690696567,4438783.035918226,0.03350110629984058,0
actual,1745427345.417058,394655.85676052386,4438783.035726077,0.03348672478680424,0
actual,1745427345.5169783,394655.858118961,4438783.036763435,0.033539590809847114,0
actual,1745427345.616997,394655.858175941,4438783.036734651,0.03349843594608507,0
actual,1745427345.7169433,394655.8581757095,4438783.036588453,0.03355756770114266,0
actual,1745427345.816946,394655.85818207276,4438783.036553248,0.03353386612990064,0
actual,1745427345.917053,394655.8581289209,4438783.03648662,0.033565282056436344,0
actual,1745427346.017011,394655.8586136794,4438783.037706798,0.033504300252371846,0
actual,1745427346.1170104,394655.8585253759,4438783.037737352,0.033534791154404095,0
actual,1745427346.2170148,394655.85830532206,4438783.037831444,0.03350588850199112,0
actual,1745427346.3169763,394655.8580383229,4438783.037930014,0.03357767389412547,0
actual,1745427346.4169638,394655.8582778851,4438783.037809161,0.03351948461686406,0
actual,1745427346.5168748,394655.8583233664,4438783.0376166925,0.03354718299209322,0
actual,1745427346.61692,394655.8582316964,4438783.037575924,0.03357074493699518,0
actual,1745427346.7169034,394655.8582419474,4438783.03745163,0.03353878795839124,0
actual,1745427346.8169982,394655.85821818025,4438783.03723517,0.033511892434617954,0
actual,1745427346.9170363,394655.85879737814,4438783.037781136,0.03350403845298397,0
actual,1745427347.016926,394655.85869852983,4438783.0377141675,0.03354836981598456,0
actual,1745427347.1168911,394655.85857785336,4438783.037663929,0.03355276804569964,0
actual,1745427347.2169502,394655.8584153986,4438783.037698217,0.033567550984463915,0
actual,1745427347.3169534,394655.8582458739,4438783.037714111,0.03354796839025662,0
actual,1745427347.416947,394655.8588681352,4438783.036227276,0.0334983137730375,0
actual,1745427347.5169308,394655.85877197643,4438783.036231785,0.033520270015027456,0
actual,1745427347.616997,394655.8586386219,4438783.036216239,0.0335208110670957,0
actual,1745427347.7171075,394655.8584306957,4438783.036171675,0.03353079435041695,0
actual,1745427347.8170698,394655.8582371115,4438783.036181728,0.03353999223557505,0
actual,1745427347.9169219,394655.8580239781,4438783.036171407,0.033555036973727206,0
actual,1745427348.0170987,394655.8587531671,4438783.0360415215,0.033502973802140214,0
actual,1745427348.1169782,394655.8586544844,4438783.036007943,0.03352547109619842,0
actual,1745427348.2169635,394655.8585152322,4438783.035910422,0.033544512638337715,0
actual,1745427348.3169553,394655.8582808179,4438783.035847065,0.03354770659086874,0
actual,1745427348.4169872,394655.86041081644,4438783.036549016,0.033498697745472955,0
actual,1745427348.516848,394655.860521456,4438783.036559613,0.033505103103827726,0
actual,1745427348.617075,394655.8605825462,4438783.03656262,0.03351281745912141,0
actual,1745427348.7170973,394655.8605506824,4438783.036567818,0.03349098339017902,0
actual,1745427348.8169386,394655.8605089675,4438783.036550727,0.03354358761383426,0
actual,1745427348.9169424,394655.85921523673,4438783.036667559,0.03352826362300175,0
actual,1745427349.0169914,394655.85903114197,4438783.036676447,0.03352892684811732,0
actual,1745427349.1169355,394655.8587526489,4438783.036659778,0.03356714955873597,0
actual,1745427349.2169728,394655.8584876816,4438783.036614373,0.033589123254018666,0
actual,1745427349.3170228,394655.8582319902,4438783.036518784,0.033604970843626694,0
actual,1745427349.417032,394655.85794831294,4438783.036365539,0.0336466493061645,0
actual,1745427349.5169694,394655.8590298894,4438783.037028843,0.03354358761383426,0
actual,1745427349.616903,394655.85897887894,4438783.0369709665,0.033572874238682694,0
actual,1745427349.7169445,394655.85890720115,4438783.036931784,0.03356222773024538,0
actual,1745427349.816898,394655.8587870166,4438783.036864711,0.033558754525034,0
actual,1745427349.9169457,394655.8586109307,4438783.036782879,0.03355302984508752,0
actual,1745427350.0169442,394655.8596226765,4438783.037652389,0.03349377591698211,0
actual,1745427350.1170084,394655.85949976416,4438783.037594324,0.03351414390935305,0
actual,1745427350.2169106,394655.85934279417,4438783.037519946,0.033516151037992735,0
actual,1745427350.3169997,394655.85917152336,4438783.0374459205,0.033535594005859974,0
actual,1745427350.4169447,394655.858956681,4438783.037379424,0.033540376208010515,0
actual,1745427350.5169044,394655.8597485638,4438783.037703314,0.03346993471940004,0
actual,1745427350.6169713,394655.85963569547,4438783.037653548,0.03345382533040413,0
actual,1745427350.7170088,394655.85947511136,4438783.037582786,0.03345529140697582,0
actual,1745427350.8169565,394655.8592566747,4438783.037415064,0.0334636864406778,0
actual,1745427350.9169943,394655.8590516554,4438783.037189494,0.033477404728598566,0
actual,1745427351.0169775,394655.85825331014,4438783.037216451,0.033521736091599155,0
actual,1745427351.1170084,394655.858091246,4438783.037168301,0.033492571639798296,0
actual,1745427351.2169561,394655.85766826465,4438783.037045828,0.03349018053872315,0
actual,1745427351.316921,394655.8571807357,4438783.036973197,0.03348431623243637,0
actual,1745427351.4170225,394655.85676494706,4438783.036835646,0.033498697745472955,0
actual,1745427351.5169232,394655.85817121336,4438783.037014152,0.03352121249282364,0
actual,1745427351.6169238,394655.85817134916,4438783.037040253,0.03352040964136776,0
actual,1745427351.7169707,394655.8581532618,4438783.037015562,0.03353438972867616,0
actual,1745427351.8169575,394655.8580798125,4438783.0370191485,0.033523743220239086,0
actual,1745427351.916996,394655.85785859503,4438783.037003718,0.03354531548979359,0
actual,1745427352.017011,394655.85785083415,4438783.037282735,0.03353318545149235,0
actual,1745427352.11692,394655.8576770747,4438783.037310114,0.03352213751732709,0
actual,1745427352.2169955,394655.85741702,4438783.037298666,0.03348724838557976,0
actual,1745427352.3169208,394655.8571406832,4438783.037272532,0.03348805123703563,0
actual,1745427352.4169753,394655.8568282144,4438783.037245529,0.0335144231620334,0
actual,1745427352.5169046,394655.8588909951,4438783.037357478,0.033565282056436344,0
actual,1745427352.6169481,394655.8587755755,4438783.037403056,0.03357566676548578,0
actual,1745427352.7168615,394655.8586435134,4438783.037422918,0.033605494442402455,0
actual,1745427352.8169231,394655.85852029047,4438783.037415184,0.033647975756395894,0
actual,1745427352.9169285,394655.8583092243,4438783.037430143,0.03367380662932542,0
actual,1745427353.0169303,394655.85921511636,4438783.037408146,0.0335664863336204,0
actual,1745427353.116906,394655.8591216288,4438783.037371624,0.03360828696920554,0
actual,1745427353.2169788,394655.858976899,4438783.037325902,0.033648778607851766,0
actual,1745427353.3169837,394655.8588260102,4438783.03728292,0.03367274197848166,0
actual,1745427353.4169366,394655.860069187,4438783.037370317,0.03354903304110038,0
actual,1745427353.516932,394655.85996324173,4438783.037283249,0.033526535747042174,0
actual,1745427353.6169217,394655.8595989378,4438783.037193894,0.033548771241712495,0
actual,1745427353.716952,394655.8593098204,4438783.037143548,0.03361015447150517,0
actual,1745427353.8169277,394655.8591546549,4438783.03696287,0.033586854325991095,0
actual,1745427353.916939,394655.8589007462,4438783.036837567,0.03363373386969961,0
actual,1745427354.0169594,394655.85921058053,4438783.0377828935,0.033556363423958846,0
actual,1745427354.1171176,394655.85916577035,4438783.037824328,0.03357592856487367,0
actual,1745427354.217102,394655.8589684637,4438783.037978782,0.03356981991249173,0
actual,1745427354.317056,394655.8586812337,4438783.038155331,0.033591112929365875,0
actual,1745427354.4169643,394655.8583811131,4438783.038261022,0.033612685198920626,0
actual,1745427354.5169165,394655.85943323944,4438783.038457465,0.03356700993239592,0
actual,1745427354.6170607,394655.85928934335,4438783.0385620855,0.03356622453423252,0
actual,1745427354.717107,394655.8590748628,4438783.038629857,0.033589646852794176,0
actual,1745427354.817073,394655.8588591629,4438783.03871183,0.03361907310398292,0
actual,1745427354.916969,394655.8586188742,4438783.038752207,0.03363732924795882,0
actual,1745427355.0169458,394655.85835927876,4438783.038403636,0.03353185900126071,0
actual,1745427355.1169217,394655.85814419074,4438783.0383589715,0.03351761711456443,0
actual,1745427355.2169135,394655.85780983535,4438783.038302479,0.033500163822044404,0
actual,1745427355.3169355,394655.85737266985,4438783.038204296,0.033535454379519915,0
actual,1745427355.4169648,394655.85691435845,4438783.038148668,0.0335522269936314,0
actual,1745427355.5168753,394655.8599618644,4438783.038905921,0.03351054853109384,0
actual,1745427355.6169326,394655.86019131663,4438783.03889905,0.03349630664439756,0
actual,1745427355.716935,394655.8603354043,4438783.038885284,0.033547444791481106,0
actual,1745427355.8168461,394655.86050283746,4438783.038885155,0.033542645136038086,0
actual,1745427355.9169288,394655.85930279316,4438783.038328708,0.03349564341928174,0
actual,1745427356.0169156,394655.8590938224,4438783.038283444,0.03351149100889002,0
actual,1745427356.1169248,394655.85885172384,4438783.038244767,0.03349909917120089,0
actual,1745427356.216893,394655.85858432483,4438783.038217737,0.03350962350659038,0
actual,1745427356.316967,394655.8582822725,4438783.038199058,0.03350723240551499,0
actual,1745427356.4169044,394655.859031801,4438783.038095281,0.0335144231620334,0
actual,1745427356.5169072,394655.85888415226,4438783.038054632,0.033537723307547486,0
actual,1745427356.6169384,394655.8586779494,4438783.038059318,0.033542645136038086,0
actual,1745427356.7169306,394655.8584926228,4438783.0380284125,0.03354425083894983,0
actual,1745427356.8169181,394655.85830092954,4438783.0379596995,0.03356582310850458,0
actual,1745427356.9169092,394655.8587485349,4438783.037729269,0.033502834175800154,0
actual,1745427357.0169208,394655.8586442782,4438783.037704632,0.03349084376383897,0
actual,1745427357.1169274,394655.85850588186,4438783.037625928,0.03348471765816431,0
actual,1745427357.216926,394655.85830144165,4438783.03751544,0.03351042635804626,0
actual,1745427357.3169844,394655.85802922485,4438783.037428876,0.03348578230900807,0
actual,1745427357.4169254,394655.857719766,4438783.037262719,0.03349817414669719,0
actual,1745427357.5169616,394655.8592055611,4438783.037702218,0.03352693717277011,0
actual,1745427357.6169393,394655.8590755988,4438783.037639531,0.033552907672039695,0
actual,1745427357.7168968,394655.85897113796,4438783.03753992,0.033576469616941655,0
actual,1745427357.8169203,394655.85892537294,4438783.037423227,0.03361867167825498,0
actual,1745427357.9169488,394655.85884542915,4438783.037396355,0.033612563025873045,0
actual,1745427358.016934,394655.86040066637,4438783.037054033,0.03349857557242513,0
actual,1745427358.1169984,394655.8602551299,4438783.036957581,0.03351494676080892,0
actual,1745427358.216927,394655.8601759669,4438783.036899467,0.033524406445354656,0
actual,1745427358.3169417,394655.860129103,4438783.036824776,0.0334983137730375,0
actual,1745427358.4169056,394655.8599903264,4438783.036722996,0.03350896028147456,0
actual,1745427358.5169268,394655.859721059,4438783.037209619,0.033489779112995215,0
actual,1745427358.6169007,394655.8595351704,4438783.037171295,0.03352040964136776,0
actual,1745427358.7169003,394655.85931959475,4438783.037186549,0.033483391207932915,0
actual,1745427358.8169162,394655.8589991459,4438783.037170116,0.033493252318206594,0
actual,1745427358.9169133,394655.86067133,4438783.0377793005,0.0335052252768753,0
actual,1745427359.0169237,394655.8606588234,4438783.037803386,0.03354290693542596,0
actual,1745427359.1169403,394655.8606094137,4438783.037866587,0.03354491406406565,0
actual,1745427359.216906,394655.86051097646,4438783.037939303,0.033588460028902846,0
actual,1745427359.31683,394655.86038917967,4438783.038041488,0.0335929804316655,0
actual,1745427359.4169142,394655.86021043826,4438783.0381203415,0.03362067880689467,0
actual,1745427359.5169966,394655.8588564637,4438783.036464197,0.03356076165367368,0
actual,1745427359.616989,394655.8585956156,4438783.036338094,0.03358526607637182,0
actual,1745427359.7169397,394655.85829949763,4438783.036219222,0.0336093516200493,0
actual,1745427359.817004,394655.85795496055,4438783.036146935,0.03360722231836179,0
actual,1745427359.9169297,394655.8576049725,4438783.03609432,0.03358153107177256,0
actual,1745427360.016928,394655.8599920892,4438783.036859096,0.033467683244664946,0
actual,1745427360.1169064,394655.8599745523,4438783.036837871,0.033495241993553804,0
actual,1745427360.2169259,394655.8598967654,4438783.036825006,0.03350269454945985,0
actual,1745427360.3169417,394655.85975277086,4438783.036844621,0.03351175280827765,0
actual,1745427360.416954,394655.85957013397,4438783.036818995,0.03356222773024538,0
actual,1745427360.5169156,394655.8591742647,4438783.038349552,0.033554897347387154,0
actual,1745427360.6169965,394655.8590180983,4438783.038436161,0.033556503050298905,0
actual,1745427360.716933,394655.8588138282,4438783.038512891,0.033565421682776646,0
actual,1745427360.816929,394655.8585827842,4438783.03856056,0.03357753426778541,0
actual,1745427360.9169648,394655.8591813747,4438783.038276199,0.03353438972867616,0
actual,1745427361.0169451,394655.859051832,4438783.038210684,0.03355889415137405,0
actual,1745427361.1169033,394655.8588784445,4438783.038147481,0.03359217758020963,0
actual,1745427361.2169633,394655.8586964373,4438783.038086294,0.03361242339953274,0
actual,1745427361.3169174,394655.8584368448,4438783.0379685005,0.03363040029082828,0
actual,1745427361.4169145,394655.8581336779,4438783.037862105,0.033658500091785386,0
actual,1745427361.5169182,394655.85908645147,4438783.03829539,0.03351215423400584,0
actual,1745427361.6168957,394655.85896500247,4438783.038246453,0.03354824764293698,0
actual,1745427361.7169173,394655.8588071725,4438783.038187317,0.033568214209579735,0
actual,1745427361.81684,394655.8586524122,4438783.038100609,0.03356154705183708,0
actual,1745427361.9169083,394655.8603919282,4438783.037808634,0.033497371295241316,0
actual,1745427362.016941,394655.8604068515,4438783.03771466,0.03351016455865838,0
actual,1745427362.1169066,394655.8604116719,4438783.037633834,0.03353159720187283,0
actual,1745427362.2168581,394655.86036369385,4438783.037505724,0.03356622453423252,0
actual,1745427362.316898,394655.86031851737,4438783.037325671,0.03359643618358441,0
actual,1745427362.4169173,394655.8602957001,4438783.037152282,0.03362907384059689,0
actual,1745427362.5169394,394655.86041201174,4438783.036770288,0.03350976313293044,0
actual,1745427362.6169004,394655.86023543787,4438783.036625229,0.03353505295379198,0
actual,1745427362.7169387,394655.8599927564,4438783.036457768,0.0335572884484623,0
actual,1745427362.8169963,394655.8598140849,4438783.036309525,0.03353039292468901,0
actual,1745427362.916974,394655.859259383,4438783.037748752,0.03355210482058382,0
actual,1745427363.0169115,394655.8590546866,4438783.037865466,0.03353372650356034,0
actual,1745427363.116905,394655.85880544956,4438783.03791331,0.03358167069811261,0
actual,1745427363.217032,394655.85858024104,4438783.0379813295,0.03359390545616921,0
actual,1745427363.316891,394655.8583337977,4438783.038036324,0.033634798520543366,0
actual,1745427363.4168966,394655.85809366155,4438783.0381825445,0.03362694453890938,0
actual,1745427363.5169277,394655.8597041698,4438783.038443768,0.03355397232288345,0
actual,1745427363.6169395,394655.8595733177,4438783.038515671,0.03358099001970432,0
actual,1745427363.7169383,394655.85934283375,4438783.03859319,0.033623069907970066,0
actual,1745427363.8169525,394655.8591135588,4438783.038686372,0.03362973706571246,0
actual,1745427363.9169526,394655.8589818316,4438783.038688723,0.03365609153741776,0
actual,1745427364.0169115,394655.85932400584,4438783.0365671,0.03355582237189061,0
actual,1745427364.1170259,394655.8592113697,4438783.036481657,0.03351494676080892,0
actual,1745427364.21695,394655.859101591,4438783.036334076,0.033604167992170815,0
actual,1745427364.3169343,394655.85893349664,4438783.036310899,0.033534127929288275,0
actual,1745427364.4169533,394655.8592466066,4438783.036373748,0.03357566676548578,0
actual,1745427364.5170405,394655.85915169603,4438783.036375811,0.03356781278385179,0
actual,1745427364.616982,394655.8589109998,4438783.036312132,0.03358285752200395,0
actual,1745427364.716981,394655.8587715653,4438783.03624545,0.033625740261725566,0
actual,1745427364.8169584,394655.8587074098,4438783.036216847,0.0336323899661755,0
actual,1745427364.9169314,394655.85895764356,4438783.037718479,0.03352267856939533,0
actual,1745427365.0169432,394655.85882967885,4438783.037795592,0.033555560572502724,0
actual,1745427365.11699,394655.85863209516,4438783.037865923,0.03359257900593757,0
actual,1745427365.2169464,394655.858342365,4438783.037951678,0.03359284080532545,0
actual,1745427365.3169825,394655.85802483384,4438783.038079911,0.03357474174098233,0
actual,1745427365.4168844,394655.8594673342,4438783.037075374,0.033529328273845256,0
actual,1745427365.5169632,394655.8594635327,4438783.037001941,0.03355582237189061,0
actual,1745427365.6169353,394655.8593719345,4438783.03698094,0.033557026649074416,0
actual,1745427365.7169216,394655.85927374626,4438783.0369229885,0.033590449704250305,0
actual,1745427365.8169026,394655.85917877126,4438783.036859356,0.033610416270893055,0
actual,1745427365.9168625,394655.859749233,4438783.036809451,0.03349723166890126,0
actual,1745427366.0169272,394655.8596680795,4438783.036674656,0.033500827047160224,0
actual,1745427366.1170125,394655.85958690546,4438783.036545343,0.03351175280827765,0
actual,1745427366.2169495,394655.8594610049,4438783.036428656,0.03352133466587121,0
actual,1745427366.3169327,394655.85928209417,4438783.0362949725,0.03351094995682178,0
actual,1745427366.416911,394655.8591008099,4438783.036096705,0.03353918938411918,0
actual,1745427366.5169015,394655.86126870965,4438783.037851733,0.03352959007323314,0
actual,1745427366.6169376,394655.86128655897,4438783.03787616,0.033528525422389384,0
actual,1745427366.7168598,394655.86126687494,4438783.03783968,0.033555036973727206,0
actual,1745427366.816952,394655.8612346216,4438783.037798731,0.0335712685357707,0
actual,1745427366.9168146,394655.86186407803,4438783.036578145,0.033513358511189646,0
actual,1745427367.017084,394655.8618285735,4438783.03644043,0.03352693717277011,0
actual,1745427367.1169171,394655.86176985916,4438783.036296046,0.033525872521926355,0
actual,1745427367.216959,394655.86167753185,4438783.036095682,0.033563955606204954,0
actual,1745427367.3169491,394655.86155268084,4438783.035925245,0.03358512645003152,0
actual,1745427367.4169333,394655.8613852136,4438783.035710628,0.033648778607851766,0
actual,1745427367.5169487,394655.86092346796,4438783.0370090725,0.033555560572502724,0
actual,1745427367.6169932,394655.86072531255,4438783.03700569,0.03359404508250926,0
actual,1745427367.7169259,394655.86056262313,4438783.036986314,0.033622406682854246,0
actual,1745427367.8169568,394655.8603151686,4438783.036919724,0.03367101410252234,0
actual,1745427367.9169338,394655.86005429865,4438783.036864111,0.033661030819200834,0
actual,1745427368.0169022,394655.8600843989,4438783.0369521575,0.03352054926770782,0
actual,1745427368.1168501,394655.859883555,4438783.036930464,0.03353226042698865,0
actual,1745427368.2169037,394655.85962234763,4438783.036833626,0.03356421740559284,0
actual,1745427368.3169365,394655.85932334064,4438783.036744874,0.033550097691944135,0
actual,1745427368.4169238,394655.85902266076,4438783.036679835,0.03358179287116019,0
actual,1745427368.5169165,394655.8587758109,4438783.038264665,0.03354597871490941,0
actual,1745427368.6168194,394655.85861219955,4438783.038330483,0.033568877434695554,0
actual,1745427368.7169101,394655.85836716765,4438783.038395093,0.03356835383592004,0
actual,1745427368.8169,394655.8580939069,4438783.03843421,0.03360537226935463,0
actual,1745427368.9169834,394655.8585671086,4438783.037375549,0.03350763383124317,0
actual,1745427369.016911,394655.8584571664,4438783.037262738,0.03352386539328667,0
actual,1745427369.11693,394655.85833093635,4438783.037148178,0.03353386612990064,0
actual,1745427369.216918,394655.85818892706,4438783.037049982,0.03351707606249644,0
actual,1745427369.3168998,394655.85798634903,4438783.036940557,0.03352493004413042,0
actual,1745427369.4168885,394655.85777634976,4438783.036807444,0.0335242668190146,0
actual,1745427369.5168922,394655.8589368793,4438783.037881115,0.0335052252768753,0
actual,1745427369.616903,394655.85881398065,4438783.037852147,0.033526396120702115,0
actual,1745427369.7169049,394655.8586901587,4438783.037805979,0.033546502313684924,0
actual,1745427369.8169365,394655.8585503453,4438783.037779876,0.0335333250778324,0
actual,1745427369.9169526,394655.85837821476,4438783.0377452355,0.033553693070203096,0
actual,1745427370.0169458,394655.8577990544,4438783.037577063,0.03352121249282364,0
actual,1745427370.1168973,394655.8576017908,4438783.03749709,0.033575806391825835,0
actual,1745427370.2169216,394655.85743484943,4438783.037432217,0.03359976976245573,0
actual,1745427370.3169048,394655.85725788254,4438783.037399722,0.03357606819121372,0
actual,1745427370.4169512,394655.8587029911,4438783.03812602,0.03350922208086245,0
actual,1745427370.5169146,394655.8586311653,4438783.038134268,0.03353692045609161,0
actual,1745427370.616897,394655.85853325704,4438783.038161903,0.03354903304110038,0
actual,1745427370.7169104,394655.8584059587,4438783.038159871,0.03357341529075069,0
actual,1745427370.8169403,394655.8582222286,4438783.038161508,0.03360575624179009,0
actual,1745427370.9169178,394655.8571205308,4438783.037197965,0.033525069670470475,0
actual,1745427371.0169003,394655.8569475361,4438783.037109639,0.033523743220239086,0
actual,1745427371.116913,394655.85674872267,4438783.037011338,0.03354624051429729,0
actual,1745427371.2168977,394655.8564921349,4438783.036892063,0.03353159720187283,0
actual,1745427371.3169034,394655.85618651577,4438783.03675868,0.033550097691944135,0
actual,1745427371.4168487,394655.8558878459,4438783.036633907,0.03356301312840877,0
actual,1745427371.516967,394655.85841103137,4438783.03706358,0.033495381619894106,0
actual,1745427371.61691,394655.85841586965,4438783.037075704,0.03348752763826012,0
actual,1745427371.7169614,394655.8584240014,4438783.0370634,0.03348152370563329,0
actual,1745427371.816901,394655.85840565286,4438783.037037088,0.033502170950684335,0
actual,1745427371.916926,394655.8583921021,4438783.037023495,0.03348646298741636,0
actual,1745427372.0169024,394655.85789325915,4438783.037105065,0.03350309597518779,0
actual,1745427372.1168933,394655.85781526554,4438783.037060924,0.03352493004413042,0
actual,1745427372.2168953,394655.8577182755,4438783.03698397,0.03354784621720904,0
actual,1745427372.3169332,394655.8575998252,4438783.036871202,0.03359830368588404,0
actual,1745427372.416935,394655.8574414897,4438783.036769983,0.03362732851134484,0
actual,1745427372.516847,394655.8582772929,4438783.036398884,0.033527198972157994,0
actual,1745427372.6168935,394655.85820674524,4438783.036315724,0.03353985260923475,0
actual,1745427372.7169373,394655.85813789145,4438783.036272351,0.03354117905946639,0
actual,1745427372.816902,394655.8580233776,4438783.036225943,0.033564618831320774,0
actual,1745427372.9169004,394655.86028669385,4438783.035959175,0.033501507725568515,0
actual,1745427373.0168953,394655.8603875348,4438783.035943135,0.033474472575455175,0
actual,1745427373.1168215,394655.8605336051,4438783.035887497,0.033472203647427604,0
actual,1745427373.2169738,394655.86064248555,4438783.035782718,0.03348791161069558,0
actual,1745427373.3169363,394655.8606725184,4438783.035711389,0.033492571639798296,0
actual,1745427373.4169366,394655.8606925708,4438783.0356756905,0.03347806795371438,0
actual,1745427373.5168798,394655.859149796,4438783.037348564,0.03348325158159261,0
actual,1745427373.6169071,394655.8590886491,4438783.037407536,0.03349630664439756,0
actual,1745427373.716808,394655.85897408676,4438783.037411589,0.03354011440862263,0
actual,1745427373.816968,394655.8587801045,4438783.037403767,0.033555700198843026,0
actual,1745427373.9169526,394655.85858938226,4438783.037415331,0.033595772958468835,0
actual,1745427374.0169754,394655.8599832436,4438783.037037151,0.033550097691944135,0
actual,1745427374.117029,394655.8599742105,4438783.037006359,0.03356154705183708,0
actual,1745427374.2169764,394655.8598955437,4438783.036980058,0.033589123254018666,0
actual,1745427374.3169265,394655.85978740914,4438783.036966359,0.033604831217286635,0
actual,1745427374.4169278,394655.8596545214,4438783.036953728,0.033621080232622606,0
actual,1745427374.5169032,394655.85888809623,4438783.036596557,0.03353306327844452,0
actual,1745427374.6169076,394655.8587072715,4438783.036514999,0.03351508638714898,0
actual,1745427374.7169614,394655.8584346824,4438783.0364352185,0.03356421740559284,0
actual,1745427374.8169272,394655.85811011656,4438783.036388304,0.03360177689109567,0
actual,1745427374.9169068,394655.8577765763,4438783.03629429,0.03360949124638935,0
actual,1745427375.0169446,394655.8593356011,4438783.037541882,0.033560482400993324,0
actual,1745427375.116913,394655.8592972648,4438783.037587297,0.033548108016596925,0
actual,1745427375.216901,394655.8592365466,4438783.037636998,0.03355063874401212,0
actual,1745427375.3169057,394655.85916117975,4438783.037683792,0.0335572884484623,0
actual,1745427375.416895,394655.859075598,4438783.037720598,0.033542645136038086,0
actual,1745427375.5169659,394655.8577638697,4438783.037089774,0.03347953403028583,0
actual,1745427375.6169782,394655.8575793775,4438783.037072786,0.03345769996134344,0
actual,1745427375.7169526,394655.85733326786,4438783.0370242195,0.03347194184803972,0
actual,1745427375.816908,394655.8570233637,4438783.036894483,0.033528525422389384,0
actual,1745427375.916903,394655.856704894,4438783.0367598,0.033511892434617954,0
actual,1745427376.0168939,394655.85744947,4438783.036817127,0.03353159720187283,0
actual,1745427376.1169198,394655.85735899094,4438783.036771897,0.03350976313293044,0
actual,1745427376.2168932,394655.85720687953,4438783.0366747985,0.033517477488224375,0
actual,1745427376.3169143,394655.85701319546,4438783.036564143,0.03353465152806404,0
actual,1745427376.416939,394655.85798480344,4438783.037356344,0.033512014607665536,0
actual,1745427376.5169504,394655.8579694161,4438783.037327754,0.03351735531517654,0
actual,1745427376.6169662,394655.85793035873,4438783.037286062,0.03353599543158791,0
actual,1745427376.7169313,394655.85788306675,4438783.037279172,0.033545175863453534,0
actual,1745427376.8169405,394655.8577803221,4438783.037284355,0.033528525422389384,0
actual,1745427376.916911,394655.85773920384,4438783.038676767,0.03345689710988757,0
actual,1745427377.016873,394655.8577351814,4438783.038779503,0.033470336145127975,0
actual,1745427377.1169214,394655.8577012731,4438783.038889194,0.03346208073776605,0
actual,1745427377.2168293,394655.8575887172,4438783.038958498,0.03347806795371438,0
actual,1745427377.3169708,394655.8575062387,4438783.039056035,0.033482727982817095,0
actual,1745427377.4222326,394655.8575976679,4438783.038671275,0.03354091726007851,0
actual,1745427377.5169106,394655.8575423112,4438783.038639661,0.0335374615081596,0
actual,1745427377.6169713,394655.85745077487,4438783.03861733,0.033541580485194324,0
actual,1745427377.7169366,394655.85734673793,4438783.038621787,0.033523743220239086,0
actual,1745427377.816896,394655.8572066921,4438783.038643918,0.03352627394765429,0
actual,1745427377.916904,394655.85706807266,4438783.038562817,0.033543308361153906,0
actual,1745427378.0169666,394655.85831866466,4438783.038277372,0.0335968376093126,0
actual,1745427378.1169345,394655.8584511894,4438783.038231864,0.03354491406406565,0
actual,1745427378.216908,394655.8584209318,4438783.038129055,0.03356301312840877,0
actual,1745427378.3169026,394655.85838598077,4438783.038026811,0.03355063874401212,0
actual,1745427378.4168994,394655.8582644314,4438783.037834959,0.03360922944700172,0
actual,1745427378.5168965,394655.85786540905,4438783.036800292,0.03362453598454176,0
actual,1745427378.6169016,394655.85781988665,4438783.036661633,0.033625077036609746,0
actual,1745427378.7169337,394655.85777119047,4438783.036420462,0.03368378991264692,0
actual,1745427378.8168702,394655.8577341146,4438783.036212435,0.033714560067359525,0
actual,1745427378.916962,394655.85744062264,4438783.036803216,0.03349550379294169,0
actual,1745427379.016924,394655.8572625651,4438783.036715175,0.0335017695249564,0
actual,1745427379.1169047,394655.8570500432,4438783.036589745,0.03354863161537244,0
actual,1745427379.2168927,394655.8568454257,4438783.036491637,0.03354690373941286,0
actual,1745427379.3169713,394655.8565828132,4438783.036332695,0.033550097691944135,0
actual,1745427379.416936,394655.8573803036,4438783.036462437,0.03351175280827765,0
actual,1745427379.5169625,394655.8572149778,4438783.036377208,0.03358352074711977,0
actual,1745427379.6169515,394655.8570208729,4438783.036376329,0.03354425083894983,0
actual,1745427379.7169154,394655.85692874034,4438783.036302967,0.03356660850666798,0
actual,1745427379.8169034,394655.85691376217,4438783.036218246,0.03362041700750703,0
actual,1745427379.9169729,394655.85668697127,4438783.036223272,0.033577132842057475,0
actual,1745427380.016923,394655.85613578634,4438783.036044936,0.03346633934114083,0
actual,1745427380.1168957,394655.855466846,4438783.036014902,0.03346661859382119,0
actual,1745427380.2168972,394655.8546056821,4438783.035966913,0.03350044307472476,0
actual,1745427380.3169181,394655.8535503867,4438783.036032238,0.033445168497314264,0
actual,1745427380.4169126,394655.8557596796,4438783.037098622,0.033373941610540386,0
actual,1745427380.5170438,394655.8571978224,4438783.037043615,0.033455692832703755,0
actual,1745427380.6168103,394655.8595499787,4438783.037189749,0.03346848609612082,0
actual,1745427380.7169147,394655.8624806802,4438783.037271376,0.03354718299209322,0
actual,1745427380.8169093,394655.86541821976,4438783.037541006,0.033597378661380586,0
actual,1745427380.916932,394655.86746795056,4438783.037722966,0.033616542376567464,0
actual,1745427381.016908,394655.8643839287,4438783.037922035,0.03368551778860625,0
actual,1745427381.1168985,394655.86378963286,4438783.0380284665,0.03363092388960405,0
actual,1745427381.2169352,394655.86259709724,4438783.038045369,0.03368113701218389,0
actual,1745427381.3170936,394655.8608751757,4438783.038066163,0.033688188142361755,0
actual,1745427381.4169333,394655.8587410965,4438783.038067018,0.033684732390442854,0
actual,1745427381.5169065,394655.8617604489,4438783.036912402,0.03369338922353272,0
actual,1745427381.6169095,394655.86126413144,4438783.036713134,0.03371375721590365,0
actual,1745427381.7168999,394655.8611370261,4438783.036619194,0.033689793845273756,0
actual,1745427381.8169742,394655.86155794805,4438783.0364501495,0.033706967885113424,0
actual,1745427381.916989,394655.8626509503,4438783.036311504,0.0336987124777515,0
actual,1745427382.0169368,394655.8563122946,4438783.035541509,0.03369005564466139,0
actual,1745427382.1169088,394655.8572441502,4438783.035503827,0.033689654218933454,0
actual,1745427382.216946,394655.8582954214,4438783.035402992,0.03371574689125086,0
actual,1745427382.3169463,394655.85927118536,4438783.0353091685,0.03371415864163159,0
actual,1745427382.416902,394655.86010463047,4438783.035207149,0.0337077707365693,0
actual,1745427382.516907,394655.85604968324,4438783.034495817,0.033731193055130955,0
actual,1745427382.6169004,394655.8553474111,4438783.03433869,0.03372054654669388,0
actual,1745427382.7169151,394655.85447431717,4438783.034137123,0.0337261316003003,0
actual,1745427382.816938,394655.8536088831,4438783.033891551,0.03373918666310525,0
actual,1745427382.916984,394655.85757715884,4438783.035535295,0.03373904703676494,0
actual,1745427383.0169063,394655.85751674743,4438783.035621285,0.033780603326254925,0
actual,1745427383.1170146,394655.8574075276,4438783.035704134,0.033745173142439605,0
actual,1745427383.2169657,394655.85725264007,4438783.035737563,0.03374197918990833,0
actual,1745427383.316968,394655.85714135563,4438783.035818598,0.033769415765749614,0
actual,1745427383.4168978,394655.85699154035,4438783.03590239,0.033772749344620934,0
actual,1745427383.516952,394655.8568599903,4438783.035278803,0.033718155445618736,0
actual,1745427383.6169877,394655.85671543557,4438783.035165176,0.03377487864630845,0
actual,1745427383.7169068,394655.8565871609,4438783.035011352,0.03380097131862586,0
actual,1745427383.8169022,394655.8564155879,4438783.034865836,0.033790988035304365,0
actual,1745427383.9169533,394655.8562068234,4438783.034688391,0.03381055317621918,0
actual,1745427384.016919,394655.8552376935,4438783.035651853,0.03375356817614158,0
actual,1745427384.1169019,394655.85513245396,4438783.035664458,0.03378100475198286,0
actual,1745427384.2169008,394655.8550005093,4438783.035644753,0.03383626187610113,0
actual,1745427384.3169603,394655.85482152965,4438783.035658832,0.0338245507168203,0
actual,1745427384.4169393,394655.85467517894,4438783.035631277,0.03380790027575615,0
actual,1745427384.5170267,394655.85621537763,4438783.036855884,0.03368166061095941,0
actual,1745427384.616955,394655.85629756417,4438783.036883805,0.033720284747306,0
actual,1745427384.7169573,394655.85635102156,4438783.036834927,0.033793117336991876,0
actual,1745427384.8169057,394655.8563256617,4438783.036856513,0.033746517045963466,0
actual,1745427384.9169052,394655.8562528469,4438783.036807157,0.033760497133272116,0
actual,1745427385.016897,394655.8555847501,4438783.035553274,0.033761823583503506,0
actual,1745427385.1169133,394655.8552298715,4438783.035359454,0.033812420678518806,0
actual,1745427385.2170954,394655.8545245314,4438783.03520371,0.03382188036306454,0
actual,1745427385.3169637,394655.85381358105,4438783.035032194,0.03382254358818036,0
actual,1745427385.41693,394655.85333378625,4438783.034814088,0.033845180508578876,0
actual,1745427385.516914,394655.8558153163,4438783.035940314,0.033751979926522305,0
actual,1745427385.6169055,394655.8565375157,4438783.03591016,0.03375463282698534,0
actual,1745427385.7169244,394655.8575497053,4438783.035833271,0.033784600130242065,0
actual,1745427385.8168945,394655.8587803334,4438783.035698743,0.033829734344698534,0
actual,1745427385.9169765,394655.85627347964,4438783.036602339,0.03367193912702579,0
actual,1745427386.016895,394655.85601126886,4438783.036649785,0.033677943059652625,0
actual,1745427386.1169183,394655.85557459947,4438783.036641576,0.03371243076567201,0
actual,1745427386.216984,394655.85502986977,4438783.03666023,0.033703494679901795,0
actual,1745427386.3169086,394655.85419279913,4438783.036631838,0.03378699123131722,0
actual,1745427386.4168966,394655.857893767,4438783.03771894,0.03372773730321205,0
actual,1745427386.5169342,394655.8573271597,4438783.037764108,0.03375103744872613,0
actual,1745427386.616897,394655.85697216773,4438783.037842041,0.033694314248036414,0
actual,1745427386.7169528,394655.857016352,4438783.037870174,0.03374557456816754,0
actual,1745427386.8169134,394655.8572545732,4438783.037917017,0.0337556974778291,0
actual,1745427386.9169188,394655.8575286751,4438783.037896593,0.033821339310996554,0
actual,1745427387.0168505,394655.85667976015,4438783.037377862,0.03384465690980311,0
actual,1745427387.116933,394655.8565215523,4438783.037284897,0.0338583577444314,0
actual,1745427387.2169037,394655.85628077027,4438783.03718935,0.03386488527583374,0
actual,1745427387.3169158,394655.8559455006,4438783.037084146,0.03382746541667096,0
actual,1745427387.416901,394655.85559368186,4438783.036900773,0.03388219894201347,0
actual,1745427387.516938,394655.8576288661,4438783.036484478,0.033744509917323785,0
actual,1745427387.6168664,394655.8576008843,4438783.036348642,0.033777130121043546,0
actual,1745427387.7169182,394655.8575587586,4438783.03623983,0.033765960013830705,0
actual,1745427387.8168716,394655.8575282224,4438783.036115562,0.03378405907817383,0
actual,1745427387.9168756,394655.8574870439,4438783.03596929,0.033803502046041066,0
actual,1745427388.0168443,394655.85733920964,4438783.036167962,0.03373253695865507,0
actual,1745427388.1169088,394655.85709242243,4438783.036125196,0.03369164389428091,0
actual,1745427388.2169106,394655.85658391577,4438783.035997064,0.03372253622204109,0
actual,1745427388.3169012,394655.8560573667,4438783.035939609,0.033738924863717365,0
actual,1745427388.4169476,394655.85588792677,4438783.035736577,0.03378938233239261,0
actual,1745427388.516926,394655.85737283,4438783.034006139,0.03374810529558274,0
actual,1745427388.6169508,394655.8578170895,4438783.033845711,0.03376023533388423,0
actual,1745427388.7169354,394655.8584078841,4438783.033593524,0.0337772697473836,0
actual,1745427388.8169324,394655.858941536,4438783.03335357,0.033775803670811906,0
actual,1745427388.9169276,394655.8570435474,4438783.0353950225,0.0336921849463489,0
actual,1745427389.0169327,394655.85647907393,4438783.035508131,0.033707090058161,0
actual,1745427389.1169038,394655.85580933536,4438783.035481148,0.03372333907349697,0
actual,1745427389.216945,394655.8550456755,4438783.035528293,0.033729203379783745,0
actual,1745427389.3168974,394655.85425444564,4438783.035635491,0.03375236389895777,0
actual,1745427389.416966,394655.8535201743,4438783.035679553,0.03375650032928497,0
actual,1745427389.5169368,394655.8569015611,4438783.035703793,0.033751299248114014,0
actual,1745427389.6168973,394655.85698137525,4438783.035747332,0.03377114364170919,0
actual,1745427389.7168946,394655.85699726414,4438783.035757054,0.03378365765244589,0
actual,1745427389.8168924,394655.8569280243,4438783.035765923,0.033804165271156886,0
actual,1745427389.916897,394655.8568471194,4438783.0357659925,0.03382121713794897,0
actual,1745427390.0169485,394655.85504961835,4438783.035245167,0.0338385308041287,0
actual,1745427390.1169076,394655.8548637169,4438783.035199743,0.03383212544577393,0
actual,1745427390.2169225,394655.8546043313,4438783.035141434,0.033881937142625836,0
actual,1745427390.3168995,394655.854328859,4438783.035117249,0.033861691323302724,0
actual,1745427390.4169188,394655.8540709957,4438783.035084494,0.033894311527022485,0
actual,1745427390.5169208,394655.8558848187,4438783.037029641,0.03372653302602824,0
actual,1745427390.616928,394655.856116637,4438783.037150763,0.033738122012261486,0
actual,1745427390.7169485,394655.8563425082,4438783.037330798,0.03375449320064503,0
actual,1745427390.8169248,394655.8562698828,4438783.037605757,0.03368246346241528,0
actual,1745427390.9169414,394655.85789900855,4438783.03575664,0.03370736931084136,0
actual,1745427391.016959,394655.8571368847,4438783.035545967,0.033894311527022485,0
actual,1745427391.116957,394655.85703558347,4438783.035664887,0.03370815470900476,0
actual,1745427391.216928,394655.85720490565,4438783.035409078,0.03381854678419322,0
actual,1745427391.3168952,394655.85762122023,4438783.035446212,0.03384797303538196,0
actual,1745427391.416901,394655.8580527967,4438783.035389764,0.033881273917510016,0
actual,1745427391.5169194,394655.8570137991,4438783.034578216,0.03373438700766223,0
actual,1745427391.616927,394655.85681439826,4438783.03447082,0.03373998951456112,0
actual,1745427391.716833,394655.85685390723,4438783.034178123,0.033776344722880144,0
actual,1745427391.817017,394655.8570286487,4438783.033872801,0.033777130121043546,0
actual,1745427391.9169436,394655.8570710982,4438783.033655978,0.03382161856367691,0
actual,1745427392.0169477,394655.8567973575,4438783.036866042,0.03374850672131068,0
actual,1745427392.116901,394655.8564374065,4438783.036945025,0.033788195508501026,0
actual,1745427392.2169397,394655.85592809104,4438783.037126978,0.033744387744276204,0
actual,1745427392.3169453,394655.8553720651,4438783.037146904,0.033822142162452426,0
actual,1745427392.4169707,394655.8548578771,4438783.03719339,0.03384132333093178,0
actual,1745427392.516911,394655.8574350345,4438783.036924274,0.033780463699914866,0
actual,1745427392.6169007,394655.8574709334,4438783.036885964,0.03382441109048,0
actual,1745427392.7169003,394655.8574482832,4438783.03688911,0.033835459024645256,0
actual,1745427392.8170216,394655.85734565597,4438783.036878699,0.03385277269082498,0
actual,1745427392.9169214,394655.85720277287,4438783.036136304,0.03372960480551168,0
actual,1745427393.0168984,394655.85711991263,4438783.036032477,0.033779660848458994,0
actual,1745427393.1169322,394655.8569829251,4438783.035911039,0.03383640150244118,0
actual,1745427393.216922,394655.8568047468,4438783.035781745,0.033877800712298636,0
actual,1745427393.3169348,394655.8566035753,4438783.035601478,0.033890716148763274,0
actual,1745427393.416981,394655.85644432297,4438783.035415133,0.03391110159442669,0
actual,1745427393.5169382,394655.8585599238,4438783.036914219,0.03371974369523801,0
actual,1745427393.6169047,394655.8585240269,4438783.036914105,0.03376702466467446,0
actual,1745427393.7169,394655.85858827084,4438783.036915886,0.03375876925731254,0
actual,1745427393.8168926,394655.85862112546,4438783.036888857,0.03377620509653984,0
actual,1745427393.9169283,394655.8585638672,4438783.036832259,0.03374344526648002,0
actual,1745427394.0168803,394655.8561585795,4438783.0349389715,0.03370110357882665,0
actual,1745427394.116993,394655.8558141986,4438783.034783526,0.03370323288051416,0
actual,1745427394.2169425,394655.8555034306,4438783.0346615715,0.03368939241954582,0
actual,1745427394.3169172,394655.85521469935,4438783.0343840895,0.03369551852522023,0
actual,1745427394.416923,394655.8563551924,4438783.034465205,0.03370496075647349,0
actual,1745427394.5169232,394655.8568699986,4438783.034515213,0.033698572851411195,0
actual,1745427394.6169329,394655.86099863175,4438783.034619948,0.033656231163757815,0
actual,1745427394.7169802,394655.86845734785,4438783.034811652,0.033668081949378946,0
actual,1745427394.8169198,394655.8809288064,4438783.035088515,0.03366569084830355,0
actual,1745427394.916946,394655.8998576094,4438783.035364508,0.03369817142568326,0
actual,1745427395.0169451,394655.9233644257,4438783.035741398,0.03370110357882665,0
actual,1745427395.1169014,394655.95677791955,4438783.036184892,0.033720284747306,0
actual,1745427395.216929,394655.9993391319,4438783.036610951,0.03374824492192304,0
actual,1745427395.3169315,394656.05193489784,4438783.037300196,0.033732135532927136,0
actual,1745427395.4169037,394656.1205211177,4438783.039309713,0.03358645290026316,0
actual,1745427395.5169237,394656.1956528083,4438783.040730675,0.03357913997069716,0
actual,1745427395.6169307,394656.28264624486,4438783.042188714,0.03364078499987772,0
actual,1745427395.716906,394656.38190403103,4438783.043800707,0.033719481895850126,0
actual,1745427395.8169026,394656.49462884746,4438783.045574853,0.03384984053768159,0
actual,1745427395.916942,394656.6208846981,4438783.047315928,0.034088601579354304,0
actual,1745427396.0169318,394656.7544899874,4438783.056086925,0.03448913718939468,0
actual,1745427396.1169376,394656.90813349467,4438783.059503546,0.03472123107332474,5
actual,1745427396.2169065,394657.07595039695,4438783.062694618,0.03518780994226051,5
actual,1745427396.3169167,394657.25808792555,4438783.066562419,0.035825780143741964,5
actual,1745427396.4168997,394657.4545760356,4438783.070382046,0.038239535592664936,5
actual,1745427396.5169017,394657.6709576379,4438783.0766739035,0.04146048836734307,6
actual,1745427396.616976,394657.89651745895,4438783.083240345,0.04514590816256169,6
actual,1745427396.716915,394658.13595814497,4438783.091754216,0.04911761431498513,6
actual,1745427396.8168921,394658.3898590633,4438783.101067557,0.05426204209840845,6
actual,1745427396.9168952,394658.6573677559,4438783.112046624,0.05978902860057636,6
actual,1745427397.0168924,394658.9343140787,4438783.122803009,0.06554758538789907,7
actual,1745427397.1169012,394659.2097832812,4438783.136720188,0.07119161366970585,7
actual,1745427397.2169151,394659.48441157903,4438783.151717191,0.07768521587150588,7
actual,1745427397.3169038,394659.7581820971,4438783.168726353,0.08556975822068282,7
actual,1745427397.417013,394660.0305297091,4438783.188509369,0.09277069000843854,7
actual,1745427397.516934,394660.3104362407,4438783.208363147,0.10005469946858928,7
actual,1745427397.6169314,394660.5832246897,4438783.232052022,0.10719635987494712,7
actual,1745427397.716926,394660.8538602272,4438783.257643467,0.11417170785688266,7
actual,1745427397.8169236,394661.1226570597,4438783.284363595,0.12159447099256684,7
actual,1745427397.91698,394661.3906377059,4438783.313167792,0.12850311249049115,7
actual,1745427398.0169234,394661.6504814625,4438783.348850818,0.13488244798616317,7
actual,1745427398.1170602,394661.9156443134,4438783.382532898,0.141371913757636,9
actual,1745427398.2169805,394662.17909218033,4438783.417430396,0.1480282155523069,9
actual,1745427398.316941,394662.4406636295,4438783.454149125,0.15475988066407886,10
actual,1745427398.4169326,394662.7011031087,4438783.491854846,0.16348347259785956,10
actual,1745427398.5169072,394662.96543750825,4438783.530456733,0.17334981885938364,10
actual,1745427398.6169014,394663.2233874486,4438783.573019299,0.18505654500396543,11
actual,1745427398.7169886,394663.4795300464,4438783.618581509,0.19681545649318202,11
actual,1745427398.8169584,394663.7337642436,4438783.668054877,0.20899982689415705,11
actual,1745427398.9169273,394663.990136395,4438783.711702027,0.22284559366339826,11
actual,1745427399.0169263,394664.24138917495,4438783.765583618,0.23545167051824026,11
actual,1745427399.1168952,394664.49065104884,4438783.822007606,0.24857014113488277,11
actual,1745427399.2169278,394664.7374447816,4438783.880904461,0.2617356134682816,13
actual,1745427399.3168952,394664.98207415844,4438783.943876824,0.27423794795238504,13
actual,1745427399.4168932,394665.2242542264,4438784.008901584,0.2871937015228642,13
actual,1745427399.5169017,394665.4623472466,4438784.072937955,0.30139567253914473,13
actual,1745427399.6169732,394665.6996492124,4438784.142179412,0.3170192316844674,13
actual,1745427399.7168546,394665.933585811,4438784.21517407,0.3332874281890139,13
actual,1745427399.8169243,394666.1643450916,4438784.291751852,0.3498999607016866,13
actual,1745427399.9168968,394666.3925533879,4438784.372089006,0.36572245247515134,13
actual,1745427400.0170763,394666.6183061908,4438784.458248988,0.3821851833781253,15
actual,1745427400.1169147,394666.8407486473,4438784.544708273,0.3975782543424294,15
actual,1745427400.21689,394667.0604325061,4438784.63341071,0.41335295900097463,15
actual,1745427400.3169672,394667.2767069344,4438784.7244892,0.43043154678380735,15
actual,1745427400.4169424,394667.4892574134,4438784.818726685,0.4480923065919352,15
actual,1745427400.5169199,394667.70697975374,4438784.913550142,0.46656165998921945,15
actual,1745427400.6169536,394667.91341140575,4438785.013869097,0.4857249039372192,15
actual,1745427400.7169151,394668.11652497796,4438785.117706957,0.5041274112241521,17
actual,1745427400.8169305,394668.3161299107,4438785.223875209,0.5226112159476428,17
actual,1745427400.9169776,394668.51193867845,4438785.332599109,0.5415090651295844,17
actual,1745427401.0168056,394668.69937923097,4438785.443125343,0.561133896304859,17
actual,1745427401.1169329,394668.8864410712,4438785.556773908,0.5812730585574039,17
actual,1745427401.216901,394669.0693635765,4438785.672609568,0.6023687485065042,18
actual,1745427401.3169274,394669.24744406587,4438785.791446052,0.6238288457501284,18
actual,1745427401.4169059,394669.4213259725,4438785.9130636435,0.6458082482593911,18
actual,1745427401.516977,394669.598087458,4438786.033168354,0.6688816755036813,18
actual,1745427401.616934,394669.7631545274,4438786.158669015,0.6926289394655815,18
actual,1745427401.716925,394669.92306264763,4438786.286681737,0.7167840170605028,19
actual,1745427401.816894,394670.0777369253,4438786.417336346,0.7401600494905037,19
actual,1745427401.9170084,394670.2267518946,4438786.548862607,0.7641123896395132,19
actual,1745427402.0169294,394670.36275242374,4438786.69251698,0.7879642511834855,19
actual,1745427402.116905,394670.50091407145,4438786.828789193,0.813522800389813,20
actual,1745427402.2168965,394670.6340508116,4438786.96643505,0.8396594724575709,20
actual,1745427402.3169384,394670.76141588343,4438787.105564343,0.8665480149137955,20
actual,1745427402.4169245,394670.8825883619,4438787.245999316,0.8937340312877301,20
actual,1745427402.5168946,394671.0064565187,4438787.3726924285,0.92174955029526,20
actual,1745427402.6169236,394671.1160035531,4438787.511826438,0.9502935026404161,20
actual,1745427402.7168984,394671.21933119604,4438787.651768115,0.9785632288534991,20
actual,1745427402.8169186,394671.31737371715,4438787.792014322,1.007064438085274,20
actual,1745427402.916978,394671.4038110872,4438787.939978261,1.034786514885666,21
actual,1745427403.0169427,394671.4896304766,4438788.08195731,1.0614890401502133,21
actual,1745427403.1169014,394671.57030038093,4438788.22340557,1.0882455484485245,21
actual,1745427403.216899,394671.64544933557,4438788.364034481,1.1150820277331621,21
actual,1745427403.3169227,394671.71545488486,4438788.5038172,1.1421543882662069,21
actual,1745427403.4169269,394671.79110640043,4438788.634033717,1.1699107607864003,21
actual,1745427403.5169086,394671.8523825778,4438788.769405122,1.1969375856792606,21
actual,1745427403.6169388,394671.9081704649,4438788.9032256035,1.224083983079175,21
actual,1745427403.7169037,394671.958980692,4438789.034869159,1.251588609308061,21
actual,1745427403.8171253,394672.00469138054,4438789.164641286,1.2788775826545709,21
actual,1745427403.9169457,394672.0466582616,4438789.29230006,1.306575730990918,21
actual,1745427404.0168676,394672.0801691233,4438789.42775314,1.3341699973301866,21
actual,1745427404.116936,394672.1126173398,4438789.552544841,1.3613515980211137,21
actual,1745427404.216918,394672.14085656626,4438789.675201811,1.3885784027396673,21
actual,1745427404.3169456,394672.1653015949,4438789.796023238,1.41546769568747,21
actual,1745427404.4169645,394672.18584261555,4438789.915111089,1.442427273044251,21
actual,1745427404.516859,394672.2163944138,4438790.027212631,1.4693696938144847,21
actual,1745427404.6169837,394672.2322044378,4438790.141184687,1.4953369642250443,21
actual,1745427404.7170084,394672.24520483403,4438790.2520979615,1.5216722722149718,21
actual,1745427404.8169224,394672.25489934924,4438790.359964204,1.5474983105824596,21
actual,1745427404.9169083,394672.26161565725,4438790.464716968,1.5727063453151093,21
actual,1745427405.016923,394672.2482808761,4438790.574574495,1.5975610905005695,21
actual,1745427405.1169088,394672.2478256385,4438790.674907773,1.622362044638484,21
actual,1745427405.216915,394672.2450121669,4438790.773128506,1.6469211834085342,21
actual,1745427405.3169322,394672.23947759427,4438790.868668263,1.6711426358749086,21
actual,1745427405.4169955,394672.23178118304,4438790.961312439,1.6951638118096177,21
actual,1745427405.5169387,394672.2215465457,4438791.049961087,1.7187791288800667,21
actual,1745427405.6168942,394672.21024299064,4438791.137504445,1.742367812226131,21
actual,1745427405.7169857,394672.1974108913,4438791.223014126,1.7655943048458211,21
actual,1745427405.8169396,394672.1830169532,4438791.305818517,1.7886290555938864,21
actual,1745427405.9169664,394672.1670793253,4438791.386373208,1.811152477230996,21
actual,1745427406.0169177,394672.14961161884,4438791.464876064,1.8334916095523872,21
actual,1745427406.1168995,394672.1343139871,4438791.541024343,1.8557641575628145,21
actual,1745427406.216927,394672.114108913,4438791.617253194,1.8780644039484715,21
actual,1745427406.3169281,394672.09232289647,4438791.694089595,1.9011784973643335,21
actual,1745427406.416899,394672.06807252654,4438791.772914412,1.9250164660874598,21
actual,1745427406.5168962,394672.04046530125,4438791.84640386,1.9500001038381796,21
actual,1745427406.6168916,394672.00921304506,4438791.931030959,1.9769513036145512,21
actual,1745427406.7169693,394671.97317093785,4438792.020197419,2.005634603047187,21
actual,1745427406.8169327,394671.9316811868,4438792.114313203,2.036522480217894,21
actual,1745427406.916932,394671.88371274056,4438792.214546812,2.0697933601361034,21
actual,1745427407.0168936,394671.8310865474,4438792.327345437,2.1054157919686958,21
actual,1745427407.1168952,394671.7680943088,4438792.439208399,2.1440145861345914,21
actual,1745427407.2169416,394671.6954805975,4438792.556124565,2.1852903837604885,21
actual,1745427407.3169012,394671.61190436146,4438792.678805027,2.229734826643381,21
actual,1745427407.4168932,394671.5161907248,4438792.806536135,2.2774101881309807,21
actual,1745427407.5169234,394671.4055249006,4438792.95063749,2.3265508407920916,21
actual,1745427407.6170087,394671.2817781304,4438793.087450489,2.3790087185894215,21
actual,1745427407.7169716,394671.1435458314,4438793.224000766,2.4331752911777462,21
actual,1745427407.816901,394670.9934372766,4438793.357441197,2.4876039074999645,21
actual,1745427407.9169319,394670.8342295106,4438793.483478639,2.5406636620898437,21
actual,1745427408.0169284,394670.66840648686,4438793.592164233,2.592610751828285,21
actual,1745427408.116897,394670.4984915557,4438793.698057331,2.6426259889775707,21
actual,1745427408.2169237,394670.32429073367,4438793.795241926,2.691163700195288,21
actual,1745427408.3170576,394670.14659676235,4438793.882508908,2.7378244145222412,21
actual,1745427408.416969,394669.9653719233,4438793.961367115,2.782935695352443,21
actual,1745427408.516942,394669.776045779,4438794.040939515,2.8262850313961723,21
actual,1745427408.616927,394669.589660733,4438794.1046842085,2.868263376405874,21
actual,1745427408.716929,394669.4018653537,4438794.160158501,2.908430767783707,21
actual,1745427408.8168356,394669.21251238085,4438794.207942115,2.947320386162862,21
actual,1745427408.916928,394669.02222915046,4438794.248717418,2.9848645651282406,21
actual,1745427409.016892,394668.8302970068,4438794.2728762785,3.020862504549399,21
actual,1745427409.1170163,394668.63858971966,4438794.29759033,3.05579252936114,21
actual,1745427409.2168515,394668.4461529304,4438794.315990904,3.089759010252732,21
actual,1745427409.3170235,394668.253561874,4438794.327783093,3.1232605179783004,21
actual,1745427409.4169369,394668.0710564527,4438794.337618983,-3.1273516744647307,21
actual,1745427409.5169463,394667.8799897061,4438794.33771861,-3.0959508624801555,21
actual,1745427409.6168985,394667.68922993663,4438794.331752573,-3.0654832431400356,21
actual,1745427409.7169318,394667.49870682735,4438794.3195867045,-3.03656556344215,21
actual,1745427409.8169203,394667.3088867217,4438794.302485561,-3.0082098274035287,21
actual,1745427409.9169059,394667.1193483,4438794.279764793,-2.9815894024269953,21
actual,1745427410.0169184,394666.92056751973,4438794.24593405,-2.9559048055420885,21
actual,1745427410.1169279,394666.7308195547,4438794.21262203,-2.931256724793357,21
actual,1745427410.2169445,394666.54144509643,4438794.174435438,-2.9079833526299588,21
actual,1745427410.3169036,394666.3528929154,4438794.1320533855,-2.8850969548683114,21
actual,1745427410.4168272,394666.16492456273,4438794.084880144,-2.864055317766146,21
actual,1745427410.516924,394665.9933908324,4438794.030056155,-2.84374071501719,21
actual,1745427410.6169376,394665.8088450142,4438793.974476785,-2.824262090073355,21
actual,1745427410.7169378,394665.62476502,4438793.915183475,-2.8060372922108603,21
actual,1745427410.8169372,394665.4416825402,4438793.852744668,-2.788754431092374,21
actual,1745427410.916994,394665.2596485672,4438793.787072804,-2.771856153274565,21
actual,1745427411.0169365,394665.069172396,4438793.713035862,-2.7558851688883403,21
actual,1745427411.1169682,394664.88735256915,4438793.639970365,-2.74088704848047,21
actual,1745427411.216927,394664.706314615,4438793.564174319,-2.7263081037990515,21
actual,1745427411.3169305,394664.52597957174,4438793.485346949,-2.712759269895452,21
actual,1745427411.4169362,394664.346064537,4438793.403916674,-2.7003611839275705,21
actual,1745427411.5169377,394664.17328985705,4438793.3320407355,-2.6882736269402034,21
actual,1745427411.616977,394663.9956975374,4438793.247256896,-2.6782987561057903,21
actual,1745427411.7169285,394663.81878925895,4438793.160797694,-2.668948940036394,21
actual,1745427411.8169696,394663.6424693227,4438793.072747579,-2.6606270879898375,21
actual,1745427411.9169354,394663.4666169828,4438792.983105103,-2.653876782761654,21
actual,1745427412.0169182,394663.2867940273,4438792.890411129,-2.6477238164699655,21
actual,1745427412.1169066,394663.1111998528,4438792.79781808,-2.642921333593593,21
actual,1745427412.2168932,394662.9361106403,4438792.704383668,-2.639015007474949,21
actual,1745427412.3169587,394662.76098003436,4438792.610623302,-2.6359731429348185,21
actual,1745427412.416931,394662.58581042464,4438792.516177308,-2.6341691182600795,21
actual,1745427412.5169668,394662.4179036311,4438792.411420883,-2.6333616416816445,21
actual,1745427412.6169322,394662.24403371883,4438792.314593249,-2.6333238378500465,21
actual,1745427412.7169044,394662.06990599935,4438792.217800229,-2.633738493173735,21
actual,1745427412.816896,394661.89518785616,4438792.121111939,-2.6351872386259383,21
actual,1745427412.9169204,394661.71940063545,4438792.031030737,-2.6374141740317274,21
actual,1745427413.016923,394661.54462507355,4438791.935480317,-2.6404866691002313,21
actual,1745427413.1169236,394661.3692358097,4438791.840197464,-2.64474986269103,21
actual,1745427413.216925,394661.19296239485,4438791.745816587,-2.6496828263822816,21
actual,1745427413.3169382,394661.01584381895,4438791.652196341,-2.6557742872711296,21
actual,1745427413.416898,394660.8381818065,4438791.559237896,-2.6631661580790533,21
actual,1745427413.5168982,394660.66233362054,4438791.461906132,-2.671748448156593,21
actual,1745427413.6168969,394660.4831658461,4438791.371282451,-2.6811638013394017,21
actual,1745427413.716899,394660.3029643226,4438791.282077822,-2.69211951230685,21
actual,1745427413.8169315,394660.122012408,4438791.194533485,-2.703923959436251,21
actual,1745427413.9169571,394659.94009085104,4438791.108900922,-2.7170671962749795,21
actual,1745427414.0169058,394659.7572703839,4438791.030707286,-2.7311012666172187,21
actual,1745427414.11693,394659.5733159011,4438790.95095029,-2.7461861997020827,21
actual,1745427414.2169278,394659.388472561,4438790.874100643,-2.762159313389995,21
actual,1745427414.3169332,394659.2025981437,4438790.800050966,-2.7791750518664635,21
actual,1745427414.4169214,394659.0156856984,4438790.729776205,-2.7968094397495933,21
actual,1745427414.516921,394658.8240236656,4438790.655316636,-2.8151879138527263,21
actual,1745427414.616842,394658.63449075934,4438790.590929519,-2.834419661973867,21
actual,1745427414.7169635,394658.4440481952,4438790.530166115,-2.8547158689525065,21
actual,1745427414.816951,394658.25314580713,4438790.473260004,-2.8756238138339696,21
actual,1745427414.9169183,394658.06001501554,4438790.42221956,-2.897578380307976,21
actual,1745427415.0169022,394657.86792528577,4438790.373887614,-2.920514589766475,21
actual,1745427415.1169205,394657.6754074482,4438790.330502772,-2.9444899682616104,21
actual,1745427415.216894,394657.48275886726,4438790.291641097,-2.9697191563847944,21
actual,1745427415.3169255,394657.2904397781,4438790.258531868,-2.995663667701908,21
actual,1745427415.4169247,394657.09834743146,4438790.23048882,-3.0230857049505895,21
actual,1745427415.516908,394656.8982611488,4438790.2090223245,-3.0511479813287803,21
actual,1745427415.6169236,394656.70611511945,4438790.19190779,-3.0803127821954557,21
actual,1745427415.7170072,394656.5150154861,4438790.180812151,-3.1102259453388013,21
actual,1745427415.8169074,394656.3249201944,4438790.175393786,-3.1397097923927415,21
actual,1745427415.9169016,394656.1359671153,4438790.176001582,3.115653989125674,21
actual,1745427416.016918,394655.9489848211,4438790.172494906,3.088441810266252,21
actual,1745427416.1169071,394655.7625665177,4438790.181910654,3.0630325914307246,21
actual,1745427416.2168965,394655.5777339453,4438790.196140797,3.0384899634753983,21
actual,1745427416.3169549,394655.39426436217,4438790.214325115,3.0154978336676668,21
actual,1745427416.4169023,394655.2124262487,4438790.236185574,2.993502793008306,21
actual,1745427416.516903,394655.0275208141,4438790.274393118,2.9731301406084287,21
actual,1745427416.616921,394654.84841935994,4438790.305957332,2.9540070392332254,21
actual,1745427416.7169986,394654.6708282912,4438790.33997955,2.9353462755768747,21
actual,1745427416.8169308,394654.49507704173,4438790.377459307,2.918275419602628,21
actual,1745427416.916924,394654.32064841886,4438790.417530548,2.9014958939871254,21
actual,1745427417.0169206,394654.1422794819,4438790.458760553,2.885895634987317,21
actual,1745427417.1169114,394653.97073159035,4438790.504278193,2.8714208166490716,21
actual,1745427417.2168999,394653.8000982725,4438790.551303815,2.8569577269234006,21
actual,1745427417.316937,394653.6314775507,4438790.601127049,2.8437809448564484,21
actual,1745427417.4168944,394653.4640541178,4438790.652303338,2.831217733288036,21
actual,1745427417.5168984,394653.3034817566,4438790.706181824,2.8198945083399947,21
actual,1745427417.6169279,394653.14019257517,4438790.761250184,2.8092610375123415,21
actual,1745427417.716851,394652.9780605773,4438790.817336003,2.799677382229763,21
actual,1745427417.8169024,394652.8174461332,4438790.874562818,2.79116113541112,21
actual,1745427417.9169211,394652.6579591961,4438790.93313852,2.7835998803992887,21
actual,1745427418.0169349,394652.4982000103,4438791.0009580515,2.77734571991757,21
actual,1745427418.1170187,394652.3413095858,4438791.062385863,2.7717994126205827,21
actual,1745427418.2170079,394652.1850468021,4438791.1242351355,2.7672565998303216,21
actual,1745427418.3169093,394652.0300277151,4438791.186665733,2.7634706490701877,21
actual,1745427418.4168956,394651.8757022972,4438791.248944157,2.7604090797628023,21
actual,1745427418.5169225,394651.72065879905,4438791.313584282,2.7583014550646796,21
actual,1745427418.6168938,394651.5686690707,4438791.376211494,2.7568915780949186,21
actual,1745427418.7169454,394651.4178607033,4438791.438909654,2.756285966297769,21
actual,1745427418.8169575,394651.26767702063,4438791.501311841,2.7565640147009036,21
actual,1745427418.9169037,394651.11623504723,4438791.562965903,2.757254292420068,21
actual,1745427419.0169184,394650.96713312797,4438791.624863895,2.7587456762658964,21
actual,1745427419.1169026,394650.8185376333,4438791.686320213,2.760902292356123,21
actual,1745427419.2169244,394650.67073671956,4438791.7467535995,2.763464261165126,21
actual,1745427419.316908,394650.5234895381,4438791.806615151,2.7672097202866133,21
actual,1745427419.416895,394650.3769020282,4438791.865556086,2.7712710490961263,21
actual,1745427419.5169697,394650.23736770824,4438791.92309811,2.7761494363416683,21
actual,1745427419.6169286,394650.0936601617,4438791.979929947,2.782077621678992,21
actual,1745427419.7169292,394649.950378317,4438792.035020163,2.788491043454956,21
actual,1745427419.8169622,394649.8076146819,4438792.088833674,2.796193984295462,21
actual,1745427419.9169364,394649.6654737335,4438792.141430188,2.8046564400665597,21
actual,1745427420.016895,394649.5226176846,4438792.192176568,2.8140179847485296,21
actual,1745427420.116923,394649.3808846469,4438792.242146361,2.824075147857174,21
actual,1745427420.2169237,394649.2396175862,4438792.290004234,2.8348156771811444,21
actual,1745427420.316935,394649.0988244442,4438792.3361287145,2.8462843055091693,21
actual,1745427420.4169211,394648.9581737972,4438792.380569841,2.8581651980598077,21
actual,1745427420.5170162,394648.8241024441,4438792.428198401,2.8707614138043756,21
actual,1745427420.6169353,394648.68508067424,4438792.469685152,2.883856182849777,21
actual,1745427420.716922,394648.546357163,4438792.508825615,2.897221530289113,21
actual,1745427420.8169382,394648.40825122944,4438792.545813046,2.911183937412266,21
actual,1745427420.9168532,394648.26463674655,4438792.578721382,2.9257706139022703,21
actual,1745427421.0168946,394648.12619838736,4438792.610985654,2.941007617524861,21
actual,1745427421.1169302,394647.9880444056,4438792.641088566,2.9569189465572525,21
actual,1745427421.2169397,394647.85037494905,4438792.668832938,2.973849198806958,21
actual,1745427421.3169625,394647.7130654503,4438792.6942298245,2.9913983622627134,21
actual,1745427421.4169216,394647.57631714427,4438792.717152005,3.00939281157053,21
actual,1745427421.5168915,394647.4365115856,4438792.737426192,3.028414160250343,21
actual,1745427421.61693,394647.2998901101,4438792.755206991,3.047068536001631,21
actual,1745427421.7168944,394647.1632723185,4438792.770218659,3.0647375512171204,21
actual,1745427421.816894,394647.0266786661,4438792.782893753,3.0818105539463474,21
actual,1745427421.9169602,394646.8899617195,4438792.793497879,3.0978976376344147,21
actual,1745427422.0169334,394646.7609404578,4438792.804905138,3.11327472138277,21
actual,1745427422.1168995,394646.62583738036,4438792.811236129,3.127630229013349,21
actual,1745427422.2169278,394646.4913770426,4438792.815675944,3.1411665489062117,21
actual,1745427422.3168945,394646.35737663397,4438792.818291599,-3.1288995022585695,21
actual,1745427422.4169457,394646.22377918253,4438792.819156733,-3.1166068690840927,21
actual,1745427422.5169024,394646.0844748856,4438792.810723489,-3.104755280611595,21
actual,1745427422.6168966,394645.9500318864,4438792.80790072,-3.09325361320083,21
actual,1745427422.7169728,394645.81563362386,4438792.803201944,-3.082839600073323,21
actual,1745427422.8169088,394645.681511247,4438792.797245458,-3.072732887067214,21
actual,1745427422.9169254,394645.5504474099,4438792.782782718,-3.0634981231021094,21
actual,1745427423.0170343,394645.4167232349,4438792.773142273,-3.0548337850964344,21
actual,1745427423.1169155,394645.2829634087,4438792.762299545,-3.046634455163368,21
actual,1745427423.2168975,394645.14910713024,4438792.749831806,-3.0395717534523694,21
actual,1745427423.316905,394645.01538796985,4438792.736671435,-3.0326331446511885,21
actual,1745427423.4169216,394644.8819886189,4438792.722836433,-3.0268743260644784,21
actual,1745427423.5169249,394644.73818736424,4438792.713204938,-3.0218159255598858,21
actual,1745427423.6168993,394644.6034643085,4438792.698536811,-3.0173087872995352,21
actual,1745427423.716905,394644.4685983143,4438792.683312996,-3.0136613109622554,21
actual,1745427423.8168957,394644.3332848514,4438792.667830159,-3.010931581105551,21
actual,1745427423.9169447,394644.19763543445,4438792.651541711,-3.008570953479059,21
actual,1745427424.0169024,394644.06927633524,4438792.632153055,-3.0070763931339908,21
actual,1745427424.1169238,394643.9348237366,4438792.61490615,-3.0062619875984256,21
actual,1745427424.216906,394643.79996793554,4438792.597896618,-3.005925906997662,21
actual,1745427424.316907,394643.66524191183,4438792.580619704,-3.0063711753964304,21
actual,1745427424.416924,394643.53068221407,4438792.563322833,-3.007155212203011,21
actual,1745427424.516915,394643.397575134,4438792.544195737,-3.0086162273198553,21
actual,1745427424.6169062,394643.2635967928,4438792.527053798,-3.0105555324649163,21
actual,1745427424.7169201,394643.12990575115,4438792.510449755,-3.0129454641695497,21
actual,1745427424.8168986,394642.996228721,4438792.493520119,-3.0164560368803035,21
actual,1745427424.916894,394642.85885658464,4438792.476516596,-3.0201285412390577,21
actual,1745427425.0169,394642.7246263428,4438792.461115588,-3.0245930585590743,21
actual,1745427425.1169057,394642.5907695028,4438792.44606788,-3.030085033756447,21
actual,1745427425.216924,394642.4573815195,4438792.431765576,-3.0361154953879383,21
actual,1745427425.3170815,394642.32416432747,4438792.41813949,-3.042845310450703,21
actual,1745427425.4169526,394642.1911321921,4438792.405448259,-3.050702695476719,21
actual,1745427425.5169332,394642.05819898687,4438792.398738366,-3.0596620988457364,21
actual,1745427425.6168985,394641.9259812817,4438792.388997896,-3.0688057915304716,21
actual,1745427425.716899,394641.7943238534,4438792.380379416,-3.0786477729956383,21
actual,1745427425.8169153,394641.66306870175,4438792.373633896,-3.088890290070844,21
actual,1745427425.9169142,394641.5325023256,4438792.367998229,-3.099748000800794,21
actual,1745427426.0169399,394641.4017661912,4438792.351628513,-3.1109684258558925,21
actual,1745427426.1169026,394641.2724877616,4438792.347176642,-3.122767305384979,21
actual,1745427426.2170272,394641.14404660405,4438792.344184683,-3.1349443454030963,21
actual,1745427426.3169296,394641.0168122228,4438792.342993691,3.1363494227174145,21
actual,1745427426.416922,394640.8924410199,4438792.343144128,3.1253319270944453,21
actual,1745427426.5169249,394640.76569185825,4438792.351371243,3.114863040815255,21
actual,1745427426.6169002,394640.64718169643,4438792.354903076,3.104838899336058,21
actual,1745427426.7168386,394640.5336269935,4438792.3595675,3.095567902335682,21
actual,1745427426.8169196,394640.42395162204,4438792.364862773,3.086529138845577,21
actual,1745427426.916914,394640.3184934674,4438792.370656718,3.0778924992151304,21
actual,1745427427.0169594,394640.21731357195,4438792.374901578,3.0698534777738598,21
actual,1745427427.1169236,394640.12011109083,4438792.381151674,3.0618608122775206,21
actual,1745427427.2169185,394640.02685496985,4438792.3881000625,3.0545461722889984,21
actual,1745427427.3169618,394639.9383632053,4438792.395385551,3.047398246150625,21
actual,1745427427.4169254,394639.85625003686,4438792.402800963,3.0409837597238187,21
actual,1745427427.51698,394639.7797080951,4438792.417036097,3.0349186707599682,21
actual,1745427427.61692,394639.70997422887,4438792.424409829,3.029379292420111,21
actual,1745427427.7169566,394639.64504388656,4438792.431415594,3.0239810763101547,21
actual,1745427427.8168948,394639.58701781515,4438792.438276998,3.0193461101353885,21
actual,1745427427.916837,394639.5347367058,4438792.444481299,3.0152128737606936,21
actual,1745427428.0168977,394639.4795639905,4438792.453462268,3.0114780611476433,21
actual,1745427428.1169086,394639.43817409396,4438792.45894631,3.008292381477148,21
actual,1745427428.216899,394639.40168757807,4438792.463743282,3.0054960673094806,21
actual,1745427428.3169363,394639.37098133983,4438792.467994208,3.003205741545258,21
actual,1745427428.4169376,394639.354760944,4438792.470125711,3.0019716366844658,21
