type,timestamp,x,y,yaw,target_waypoint_idx
actual,1745430996.3073149,394656.51852947165,4438783.463423289,0.027129362986414926,0
actual,1745430996.3073766,394656.51852947165,4438783.463423289,0.027129362986414926,0
actual,1745430996.702931,394656.5215003513,4438783.462073809,0.027036686003133876,0
actual,1745430996.7029822,394656.5215003513,4438783.462073809,0.027036686003133876,0
actual,1745430996.7030115,394656.5215003513,4438783.462073809,0.027036686003133876,0
actual,1745430997.4362519,394656.5215354972,4438783.46207616,0.02701856948549828,0
actual,1745430997.4363515,394656.5215354972,4438783.46207616,0.02701856948549828,0
actual,1745430997.6202178,394656.517060205,4438783.4619099535,0.027057577594280333,0
actual,1745430997.7748754,394656.5184966289,4438783.462488525,0.027052393966401852,0
actual,1745430997.7749395,394656.5184966289,4438783.462488525,0.027052393966401852,0
actual,1745430998.112651,394656.5192059043,4438783.462761768,0.02710925679343187,0
actual,1745430998.1127064,394656.5192059043,4438783.462761768,0.02710925679343187,0
actual,1745430998.1127381,394656.5192059043,4438783.462761768,0.02710925679343187,0
actual,1745430998.1725135,394656.5192059043,4438783.462761768,0.027110321444275626,0
actual,1745430998.4361103,394656.5194036442,4438783.46279232,0.027098470658654495,0
actual,1745430998.4361827,394656.5194036442,4438783.46279232,0.027098470658654495,0
actual,1745430998.446475,394656.51849501923,4438783.462761495,0.02708728309814918,0
actual,1745430999.4053652,394656.51719218417,4438783.462165371,0.027092606352367717,0
actual,1745430999.405416,394656.51719218417,4438783.462165371,0.027092606352367717,0
actual,1745431000.1795697,394656.51710680913,4438783.462131325,0.027092606352367717,0
actual,1745431000.1796246,394656.51710680913,4438783.462131325,0.027092606352367717,0
actual,1745431000.443106,394656.5170360656,4438783.462083336,0.027058240819396152,0
actual,1745431000.4431593,394656.5170360656,4438783.462083336,0.027058240819396152,0
actual,1745431000.8177454,394656.5182503847,4438783.461556701,0.02708661987303336,0
actual,1745431000.8178148,394656.5182503847,4438783.461556701,0.02708661987303336,0
actual,1745431001.1632435,394656.51816107775,4438783.462297468,0.027081680591250285,0
actual,1745431001.163304,394656.51816107775,4438783.462297468,0.027081680591250285,0
actual,1745431001.1633375,394656.51816107775,4438783.462297468,0.027081680591250285,0
actual,1745431001.560815,394656.51863122144,4438783.46212657,0.027157986386147543,0
actual,1745431001.5608664,394656.51863122144,4438783.46212657,0.027157986386147543,0
actual,1745431002.4317768,394656.5171196499,4438783.463080434,0.0272045866771757,0
actual,1745431002.4318483,394656.5171196499,4438783.463080434,0.0272045866771757,0
actual,1745431003.8046114,394656.5171196499,4438783.463080434,0.0272045866771757,0
actual,1745431003.8046587,394656.5171196499,4438783.463080434,0.0272045866771757,0
actual,1745431003.990381,394656.51835081016,4438783.461955737,0.0272045866771757,0
actual,1745431005.3463385,394656.51835081016,4438783.461955737,0.027097126755130378,0
actual,1745431005.3463871,394656.51835081016,4438783.461955737,0.027097126755130378,0
actual,1745431006.0321567,394656.5198324076,4438783.463267898,0.02712163117782852,0
actual,1745431006.0322626,394656.5198324076,4438783.463267898,0.02712163117782852,0
actual,1745431008.9031897,394656.5190163791,4438783.462433176,0.02715384995582034,0
actual,1745431008.9032805,394656.5190163791,4438783.462433176,0.02715384995582034,0
actual,1745431009.3267684,394656.5190806062,4438783.4639447555,0.027151598481085247,0
actual,1745431009.326826,394656.5190806062,4438783.4639447555,0.027151598481085247,0
actual,1745431009.428618,394656.5190924092,4438783.46397762,0.027094997453443112,0
actual,1745431011.331396,394656.51916255424,4438783.463636088,0.027072360533044605,0
actual,1745431011.331472,394656.51916255424,4438783.463636088,0.027072360533044605,0
actual,1745431015.9705656,394656.5187380815,4438783.46307185,0.027046128234387137,0
actual,1745431015.970643,394656.5187380815,4438783.46307185,0.027046128234387137,0
actual,1745431017.1675773,394656.5187380815,4438783.46307185,0.027130689436646316,0
actual,1745431017.167646,394656.5187380815,4438783.46307185,0.027130689436646316,0
actual,1745431017.5660481,394656.5188518747,4438783.465063521,0.027086480246693308,0
actual,1745431017.5660975,394656.5188518747,4438783.465063521,0.027086480246693308,0
actual,1745431017.566178,394656.5188518747,4438783.465063521,0.027086480246693308,0
actual,1745431017.625033,394656.5171075445,4438783.462870193,0.02714213879653951,0
actual,1745431017.8580563,394656.5179358605,4438783.464666507,0.02714213879653951,0
actual,1745431017.8581288,394656.5179358605,4438783.464666507,0.02714213879653951,0
actual,1745431017.874296,394656.5188457336,4438783.462364576,0.027158911410650997,0
actual,1745431018.1722069,394656.5188457336,4438783.462364576,0.027158911410650997,0
actual,1745431018.172257,394656.5188457336,4438783.462364576,0.027158911410650997,0
actual,1745431018.172287,394656.5188457336,4438783.462364576,0.027158911410650997,0
actual,1745431021.2157586,394656.51843367115,4438783.462484764,0.02713868304462036,0
actual,1745431021.2158442,394656.51843367115,4438783.462484764,0.02713868304462036,0
actual,1745431021.5990663,394656.51843367115,4438783.462484764,0.027143063821042965,0
actual,1745431021.5991144,394656.51843367115,4438783.462484764,0.027143063821042965,0
actual,1745431021.599144,394656.51843367115,4438783.462484764,0.027143063821042965,0
actual,1745431021.6538243,394656.51767427544,4438783.463141327,0.02706024794803584,0
actual,1745431023.4202456,394656.5178757885,4438783.463208451,0.027110845043051144,0
actual,1745431023.4203985,394656.5178757885,4438783.463208451,0.027110845043051144,0
actual,1745431026.5083838,394656.5178757885,4438783.463208451,0.027110845043051144,0
actual,1745431026.5084407,394656.5178757885,4438783.463208451,0.027110845043051144,0
actual,1745431027.4372091,394656.5194222328,4438783.463413242,0.02719339911667039,0
actual,1745431027.437291,394656.5194222328,4438783.463413242,0.02719339911667039,0
actual,1745431030.394972,394656.5192821963,4438783.462417559,0.027168510721537035,0
actual,1745431030.3950229,394656.5192821963,4438783.462417559,0.027168510721537035,0
actual,1745431032.9712112,394656.51961571036,4438783.462489778,0.027168510721537035,0
actual,1745431032.9712632,394656.51961571036,4438783.462489778,0.027168510721537035,0
actual,1745431034.8261745,394656.51749060093,4438783.463246835,0.027086340620353252,0
actual,1745431034.8262231,394656.51749060093,4438783.463246835,0.027086340620353252,0
actual,1745431035.432679,394656.5174996453,4438783.463399149,0.027079429116515195,0
actual,1745431035.4327474,394656.5174996453,4438783.463399149,0.027079429116515195,0
actual,1745431037.468345,394656.5174996453,4438783.463399149,0.027079429116515195,0
actual,1745431037.4684227,394656.5174996453,4438783.463399149,0.027079429116515195,0
actual,1745431038.260201,394656.5174996453,4438783.463399149,0.027079429116515195,0
actual,1745431038.2602713,394656.5174996453,4438783.463399149,0.027079429116515195,0
actual,1745431040.4780118,394656.5176070246,4438783.463428366,0.02712723368472741,0
actual,1745431040.47806,394656.5176070246,4438783.463428366,0.02712723368472741,0
actual,1745431040.824452,394656.5182260552,4438783.46268654,0.02703628457740594,0
actual,1745431040.8245254,394656.5182260552,4438783.46268654,0.02703628457740594,0
actual,1745431040.8245542,394656.5182260552,4438783.46268654,0.02703628457740594,0
actual,1745431041.1231277,394656.51569259475,4438783.462681438,0.02703628457740594,0
actual,1745431041.1231773,394656.51569259475,4438783.462681438,0.02703628457740594,0
actual,1745431041.1232083,394656.51569259475,4438783.462681438,0.02703628457740594,0
actual,1745431041.2032168,394656.51588835334,4438783.463350801,0.027112311119622836,0
actual,1745431042.7843606,394656.51588835334,4438783.463350801,0.027112311119622836,0
actual,1745431042.7844079,394656.51588835334,4438783.463350801,0.027112311119622836,0
actual,1745431043.0527496,394656.5158857475,4438783.463353047,0.027102991061417156,0
actual,1745431043.5552273,394656.5168923245,4438783.462313111,0.02717130324834012,0
actual,1745431044.140242,394656.5168923245,4438783.462313111,0.02717130324834012,0
actual,1745431044.1403072,394656.5168923245,4438783.462313111,0.02717130324834012,0
actual,1745431044.9231048,394656.5168923245,4438783.462313111,0.02717130324834012,0
actual,1745431044.9232016,394656.5168923245,4438783.462313111,0.02717130324834012,0
actual,1745431045.4465437,394656.5168923245,4438783.462313111,0.027073966235956603,0
actual,1745431045.4466822,394656.5168923245,4438783.462313111,0.027073966235956603,0
actual,1745431047.342745,394656.51536572643,4438783.463386782,0.027117232948113437,0
actual,1745431047.342799,394656.51536572643,4438783.463386782,0.027117232948113437,0
actual,1745431048.621949,394656.51593725913,4438783.463619634,0.027133220164061767,0
actual,1745431048.6220608,394656.51593725913,4438783.463619634,0.027133220164061767,0
actual,1745431048.8109465,394656.51593725913,4438783.463619634,0.027078085212991328,0
actual,1745431051.3309817,394656.51593725913,4438783.463619634,0.02723481577982031,0
actual,1745431051.3310342,394656.51593725913,4438783.463619634,0.02723481577982031,0
actual,1745431052.4034798,394656.5177228909,4438783.462846755,0.027366378698835587,0
actual,1745431052.4035344,394656.5177228909,4438783.462846755,0.027366378698835587,0
actual,1745431056.87279,394656.51780944015,4438783.462883024,0.027503125245729343,0
actual,1745431056.8728578,394656.51780944015,4438783.462883024,0.027503125245729343,0
actual,1745431056.9943404,394656.5192493958,4438783.461094025,0.027110705416711088,0
actual,1745431057.3186834,394656.51813440607,4438783.465885111,0.027138403791940248,0
actual,1745431057.3187947,394656.51813440607,4438783.465885111,0.027138403791940248,0
actual,1745431057.3188255,394656.51813440607,4438783.465885111,0.027138403791940248,0
actual,1745431058.2631857,394656.51816137537,4438783.46583883,0.027097929606586503,0
actual,1745431058.2632363,394656.51816137537,4438783.46583883,0.027097929606586503,0
actual,1745431058.4764464,394656.51750055293,4438783.46613038,0.027127495484115294,0
actual,1745431058.4765174,394656.51750055293,4438783.46613038,0.027127495484115294,0
actual,1745431058.9278882,394656.5174924913,4438783.466144604,0.027332414591591962,0
actual,1745431058.9279416,394656.5174924913,4438783.466144604,0.027332414591591962,0
actual,1745431059.2093222,394656.5174924913,4438783.466144604,0.027332414591591962,0
actual,1745431059.2093694,394656.5174924913,4438783.466144604,0.027332414591591962,0
actual,1745431059.4468615,394656.5174924913,4438783.466144604,0.027613779120305937,0
actual,1745431059.446916,394656.5174924913,4438783.466144604,0.027613779120305937,0
actual,1745431059.4469452,394656.5174924913,4438783.466144604,0.027613779120305937,0
actual,1745431059.5694923,394656.5171377048,4438783.465982085,0.027645072873794058,0
actual,1745431059.6284301,394656.5207627658,4438783.464757202,0.027513387781731204,0
actual,1745431059.9493916,394656.5207802421,4438783.4647369785,0.027621912354620033,0
actual,1745431059.9494474,394656.5207802421,4438783.4647369785,0.027621912354620033,0
actual,1745431059.9494808,394656.5207802421,4438783.4647369785,0.027621912354620033,0
actual,1745431060.4223747,394656.5211381782,4438783.464738769,0.02767956057981345,0
actual,1745431060.4224386,394656.5211381782,4438783.464738769,0.02767956057981345,0
actual,1745431061.6261873,394656.5179105901,4438783.468492199,0.027528833945611297,0
actual,1745431061.6263027,394656.5179105901,4438783.468492199,0.027528833945611297,0
actual,1745431061.8830104,394656.5191237746,4438783.464475147,0.027528833945611297,0
actual,1745431061.8830748,394656.5191237746,4438783.464475147,0.027528833945611297,0
actual,1745431062.2668447,394656.519030193,4438783.466928396,0.02781313062746866,0
actual,1745431062.2669168,394656.519030193,4438783.466928396,0.02781313062746866,0
actual,1745431063.3111987,394656.5172843671,4438783.466259671,0.027983160603197995,0
actual,1745431063.3112457,394656.5172843671,4438783.466259671,0.027983160603197995,0
actual,1745431063.5977123,394656.51794593,4438783.465953101,0.028287423851698114,0
actual,1745431063.5977547,394656.51794593,4438783.465953101,0.028287423851698114,0
actual,1745431063.84788,394656.51766515715,4438783.465339453,0.028277440568376614,0
actual,1745431063.847943,394656.51766515715,4438783.465339453,0.028277440568376614,0
actual,1745431063.8479717,394656.51766515715,4438783.465339453,0.028277440568376614,0
actual,1745431064.1700273,394656.517648353,4438783.465356531,0.028247351092072305,0
actual,1745431064.170073,394656.517648353,4438783.465356531,0.028247351092072305,0
actual,1745431064.170104,394656.517648353,4438783.465356531,0.028247351092072305,0
actual,1745431064.2123845,394656.5173646003,4438783.465257193,0.02816093984080597,0
actual,1745431065.7850046,394656.5198946914,4438783.466272181,0.028234435655607664,0
actual,1745431065.7850618,394656.5198946914,4438783.466272181,0.028234435655607664,0
actual,1745431067.0647202,394656.51993344096,4438783.46626407,0.028283165248323333,0
actual,1745431067.0647705,394656.51993344096,4438783.46626407,0.028283165248323333,0
actual,1745431067.1649652,394656.52206627117,4438783.463984655,0.027534017573489777,0
actual,1745431067.2649534,394656.51888261945,4438783.468129099,0.027093007778095656,0
actual,1745431067.3649979,394656.5186424641,4438783.468156272,0.027239615435263334,0
actual,1745431067.4649203,394656.51847930625,4438783.468319928,0.027237887559303755,0
actual,1745431067.564954,394656.518388188,4438783.4684582455,0.027220573893124034,0
actual,1745431067.6649508,394656.51822051057,4438783.468426349,0.02729593721022511,0
actual,1745431067.7649887,394656.5185124689,4438783.4673653785,0.027086881672421244,0
actual,1745431067.8649633,394656.51828575257,4438783.467215396,0.02720978775834666,0
actual,1745431067.9649704,394656.5180240581,4438783.467066863,0.027136274490252736,0
actual,1745431068.0649238,394656.51770165254,4438783.46687257,0.02724453726375393,0
actual,1745431068.175798,394656.51747523143,4438783.466928498,0.027002320470162065,0
actual,1745431068.2649226,394656.51920104836,4438783.4667803645,0.027054645441136945,0
actual,1745431068.365431,394656.5192044063,4438783.466523995,0.027044801784155748,0
actual,1745431068.4654763,394656.5192772644,4438783.466325046,0.027051992540673916,0
actual,1745431068.5993302,394656.5192992416,4438783.466234327,0.02709340920382384,0
actual,1745431068.6651406,394656.5195510059,4438783.465952851,0.027070109058309512,0
actual,1745431068.765027,394656.51866860397,4438783.4676581705,0.027097789980246197,0
actual,1745431068.8649457,394656.5187095982,4438783.467639319,0.027066234427370196,0
actual,1745431068.9649913,394656.51878463646,4438783.467683338,0.027034678874494192,0
actual,1745431069.0649424,394656.5187444731,4438783.467561177,0.027143465246770904,0
actual,1745431069.1650221,394656.51861431584,4438783.467528183,0.02708248344270616,0
actual,1745431069.2649028,394656.5195792488,4438783.468438959,0.027071836934269088,0
actual,1745431069.3650365,394656.51972241106,4438783.468526531,0.02706504760347886,0
actual,1745431069.4649289,394656.5199648384,4438783.468534142,0.027034678874494192,0
actual,1745431069.5649974,394656.5202103752,4438783.468662976,0.0270647683507985,0
actual,1745431069.6649275,394656.52046026144,4438783.4688566625,0.026969839892782607,0
actual,1745431069.764946,394656.5202862015,4438783.468465217,0.027075955911303812,0
actual,1745431069.8649676,394656.5203406662,4438783.468467136,0.027030420271119165,0
actual,1745431069.9650137,394656.52035287453,4438783.468429158,0.027039077104209275,0
actual,1745431070.0649395,394656.52036378154,4438783.468361299,0.02705544829259282,0
actual,1745431070.1651382,394656.5204792508,4438783.46827776,0.027011518355320167,0
actual,1745431070.2649848,394656.5193155242,4438783.46816647,0.02701204195409568,0
actual,1745431070.3650057,394656.519279651,4438783.468070388,0.02697928212403587,0
actual,1745431070.46492,394656.51921634143,4438783.467784966,0.027097929606586503,0
actual,1745431070.5649707,394656.51906519616,4438783.46771197,0.02700884800156466,0
actual,1745431070.6649485,394656.51876852766,4438783.467568457,0.027051451488605674,0
actual,1745431070.7649984,394656.51893006644,4438783.467928675,0.027111106842439024,0
actual,1745431070.864927,394656.5191054746,4438783.467902536,0.02710152498484546,0
actual,1745431070.965101,394656.5193369204,4438783.467810783,0.027146659199302176,0
actual,1745431071.0650024,394656.519618029,4438783.467969651,0.02705305719151767,0
actual,1745431071.1650739,394656.5198295647,4438783.467849748,0.0271119096938949,0
actual,1745431071.2649195,394656.51875221863,4438783.468032578,0.027128682308006632,0
actual,1745431071.3649864,394656.5186060255,4438783.468019566,0.027138141992552368,0
actual,1745431071.464921,394656.51845203125,4438783.467949427,0.027134948040021097,0
actual,1745431071.5650628,394656.51823122305,4438783.467751704,0.02714027129423988,0
actual,1745431071.665047,394656.5180846724,4438783.467588651,0.027219509242280275,0
actual,1745431071.7651114,394656.51971019764,4438783.467717055,0.027098732458042375,0
actual,1745431071.8649318,394656.51991686824,4438783.46753999,0.0271871508379484,0
actual,1745431071.9649742,394656.52013649954,4438783.467530024,0.027152785304976584,0
actual,1745431072.0649595,394656.5203328875,4438783.467408915,0.027192613718506987,0
actual,1745431072.1649566,394656.52049513406,4438783.467298346,0.027199525222345047,0
actual,1745431072.2649946,394656.51884153613,4438783.468197598,0.027098069232926555,0
actual,1745431072.365047,394656.51865511935,4438783.468181533,0.02711217149328278,0
actual,1745431072.4650636,394656.51848341763,4438783.468166356,0.027118297598957192,0
actual,1745431072.5651882,394656.51833128923,4438783.4681432275,0.02718128653166162,0
actual,1745431072.6649358,394656.5182069123,4438783.468202973,0.02717409577514345,0
actual,1745431072.7649922,394656.51912549185,4438783.467039154,0.02712243402928439,0
actual,1745431072.8649702,394656.5191626146,4438783.46695268,0.027129886585190444,0
actual,1745431072.964964,394656.51917869336,4438783.466858406,0.027133621589789707,0
actual,1745431073.064939,394656.5191501366,4438783.466703204,0.027142278422879567,0
actual,1745431073.165011,394656.51916164014,4438783.466513609,0.02714706062503011,0
actual,1745431073.2649817,394656.51831069094,4438783.467916015,0.02710885536770393,0
actual,1745431073.3650527,394656.51827994373,4438783.467960201,0.027089935998612213,0
actual,1745431073.4649992,394656.51824950456,4438783.467971518,0.02711311397107871,0
actual,1745431073.5650027,394656.51819591585,4438783.467957225,0.0271334819634494,0
actual,1745431073.6649418,394656.5181106726,4438783.467971084,0.027161319965018867,0
actual,1745431073.764861,394656.51865612186,4438783.467376461,0.027137880193164484,0
actual,1745431073.8649845,394656.51871630654,4438783.4673882285,0.02713215551321801,0
actual,1745431073.9650056,394656.51877441385,4438783.467357353,0.02717329292368758,0
actual,1745431074.0650363,394656.51883048005,4438783.467338148,0.027150132404513555,0
actual,1745431074.1650178,394656.51884161524,4438783.467275389,0.027186347986492523,0
actual,1745431074.2650301,394656.51892291446,4438783.468682683,0.0271019264105734,0
actual,1745431074.3650353,394656.51891755016,4438783.468660568,0.02715545565873209,0
actual,1745431074.4649196,394656.51888514066,4438783.468695277,0.027166643219237403,0
actual,1745431074.5650113,394656.51880734565,4438783.468792,0.027145070949682652,0
actual,1745431074.6649234,394656.51869252167,4438783.468787844,0.027194603393854447,0
actual,1745431074.7651095,394656.51843142393,4438783.468585991,0.027177952952790296,0
actual,1745431074.865026,394656.518391621,4438783.468544428,0.027189280139635664,0
actual,1745431074.965032,394656.5183622033,4438783.468510509,0.027177289727674477,0
actual,1745431075.0649254,394656.5183454893,4438783.468386736,0.027184358311145063,0
actual,1745431075.165005,394656.51829569635,4438783.46826635,0.027204185251447764,0
actual,1745431075.2649257,394656.5179774743,4438783.468313227,0.02709312995114348,0
actual,1745431075.365026,394656.51784707245,4438783.468300336,0.027090075624952515,0
actual,1745431075.464963,394656.5176971941,4438783.4682831615,0.02710632464028848,0
actual,1745431075.565008,394656.5176122729,4438783.468293648,0.027111106842439024,0
actual,1745431075.6649842,394656.51753302576,4438783.468335197,0.02709672532940244,0
actual,1745431075.7650456,394656.5175110465,4438783.4688222585,0.027113515396806648,0
actual,1745431075.8649561,394656.5174825187,4438783.468793985,0.027137478767436548,0
actual,1745431075.9649937,394656.5174872135,4438783.468837559,0.02712283545501233,0
actual,1745431076.06495,394656.5174199756,4438783.46892697,0.027101263185457827,0
actual,1745431076.164928,394656.5172831421,4438783.469022361,0.027098470658654495,0
actual,1745431076.2649405,394656.5169264291,4438783.4692555545,0.027125627981815663,0
actual,1745431076.3649557,394656.51690402813,4438783.46923691,0.027123359053787845,0
actual,1745431076.4649732,394656.51691007696,4438783.46932313,0.02711363756985423,0
actual,1745431076.5651183,394656.51691901457,4438783.469319485,0.027134284814905527,0
actual,1745431076.6649969,394656.51698584796,4438783.4692708375,0.027146135600526408,0
actual,1745431076.7649677,394656.5165068015,4438783.469595924,0.027073564810228667,0
actual,1745431076.86496,394656.5164573953,4438783.469559361,0.027105661415172663,0
actual,1745431076.9649394,394656.51634806977,4438783.469567376,0.02706145222521965,0
actual,1745431077.0649538,394656.51612234546,4438783.469550014,0.02709087847640839,0
actual,1745431077.1650236,394656.5158834839,4438783.4695655275,0.027057455421232755,0
actual,1745431077.2649505,394656.51688365394,4438783.467785589,0.0270598465223079,0
actual,1745431077.3651218,394656.5169844634,4438783.467619328,0.02707928949017514,0
actual,1745431077.464942,394656.517084362,4438783.467450512,0.02708182021759059,0
actual,1745431077.5649526,394656.51716621214,4438783.467154319,0.027141074145695755,0
actual,1745431077.664963,394656.5172743994,4438783.466933272,0.027140009494852,0
actual,1745431077.7649794,394656.5174397625,4438783.467473272,0.027059986148647956,0
actual,1745431077.8649359,394656.51746767823,4438783.467337396,0.027117896173229256,0
actual,1745431077.9650195,394656.51742599224,4438783.467267183,0.02710672606601642,0
actual,1745431078.0649269,394656.5173769152,4438783.467234014,0.02708115699247477,0
actual,1745431078.1650617,394656.51744908927,4438783.4671396455,0.027057176168552396,0
actual,1745431078.2650983,394656.5180452203,4438783.46782946,0.027112450745962892,0
actual,1745431078.3649805,394656.5181410636,4438783.467718859,0.02714320344738302,0
actual,1745431078.4649305,394656.51819141454,4438783.467726527,0.027083949519277856,0
actual,1745431078.5649607,394656.5182404275,4438783.467581904,0.027133883389177587,0
actual,1745431078.6649244,394656.51842676825,4438783.467416119,0.027103916085920856,0
actual,1745431078.7650032,394656.51817261335,4438783.468003219,0.027087806696924947,0
actual,1745431078.8649735,394656.51819437544,4438783.467962922,0.027133743762837285,0
actual,1745431078.9651234,394656.51798748615,4438783.467942552,0.027115505072154107,0
actual,1745431079.0650918,394656.51781279355,4438783.468001226,0.027101664611185763,0
actual,1745431079.164949,394656.5177168649,4438783.467965842,0.027134686240633463,0
actual,1745431079.2649722,394656.51791523985,4438783.467544655,0.027148125275873868,0
actual,1745431079.3649755,394656.5180533294,4438783.467339705,0.02717262969857176,0
actual,1745431079.4649055,394656.5181933038,4438783.467182668,0.027165700741441225,0
actual,1745431079.5650585,394656.5181542218,4438783.46701303,0.02713442444124558,0
actual,1745431079.6650283,394656.51802998414,4438783.466764383,0.027171565047728004,0
actual,1745431079.7651386,394656.51777455234,4438783.467099431,0.027112712545350776,0
actual,1745431079.864961,394656.5176744189,4438783.467031704,0.027138141992552368,0
actual,1745431079.965011,394656.5176303159,4438783.466993256,0.027104457137988848,0
actual,1745431080.065005,394656.5176034618,4438783.466878153,0.02711857685163755,0
actual,1745431080.1648967,394656.5175965709,4438783.466791595,0.027105923214560543,0
actual,1745431080.264982,394656.51688898116,4438783.468268288,0.027047594310958833,0
actual,1745431080.3650827,394656.5168140279,4438783.468314164,0.027085275969509496,0
actual,1745431080.46494,394656.51676600927,4438783.468350532,0.02709047705068045,0
actual,1745431080.565081,394656.5167256241,4438783.468370678,0.027119641502481306,0
actual,1745431080.6649399,394656.5166413644,4438783.468434328,0.027135611265136916,0
actual,1745431080.7651253,394656.51777098194,4438783.468193219,0.027081680591250285,0
actual,1745431080.8651214,394656.5178460866,4438783.468220862,0.027082082016978225,0
actual,1745431080.9650385,394656.5178830918,4438783.468315509,0.027086742046081188,0
actual,1745431081.0649486,394656.5179375223,4438783.468424981,0.027051992540673916,0
actual,1745431081.164986,394656.51796232467,4438783.468454779,0.0270689047811257,0
actual,1745431081.265079,394656.5167349869,4438783.469085532,0.027084350945005792,0
actual,1745431081.3649895,394656.51667493646,4438783.469166584,0.027073023758160425,0
actual,1745431081.464986,394656.5166150383,4438783.469204404,0.02707316338450048,0
actual,1745431081.5649824,394656.51651750016,4438783.46917982,0.027096864955742744,0
actual,1745431081.6649578,394656.5163939721,4438783.469176359,0.027112974344738656,0
actual,1745431081.76498,394656.5166573414,4438783.468302821,0.027114841847038287,0
actual,1745431081.8648596,394656.5166050923,4438783.468250192,0.027105783588220488,0
actual,1745431081.964987,394656.5165248169,4438783.46816549,0.027088871347768453,0
actual,1745431082.0650887,394656.5165184192,4438783.468018318,0.027102991061417156,0
actual,1745431082.165007,394656.5164837443,4438783.467884029,0.027131213035421833,0
actual,1745431082.2649775,394656.5170355232,4438783.468663165,0.027064244752022983,0
actual,1745431082.3650093,394656.51695093774,4438783.468618019,0.02710632464028848,0
actual,1745431082.464976,394656.5168263286,4438783.468593275,0.027080214514678593,0
actual,1745431082.5650253,394656.51670750015,4438783.468578451,0.027091140275796025,0
actual,1745431082.6650116,394656.5166196619,4438783.468570111,0.027085014170121612,0
actual,1745431082.7650256,394656.51718322304,4438783.466790535,0.0270779630399435,0
actual,1745431082.8650115,394656.51730308385,4438783.466555091,0.02710019853461407,0
actual,1745431082.9650314,394656.5173894479,4438783.466347297,0.02710805251624806,0
actual,1745431083.0649433,394656.5174403952,4438783.466115787,0.0271549146066641,0
actual,1745431083.1649544,394656.5174332198,4438783.46583932,0.027178895430586474,0
actual,1745431083.2649143,394656.51801452896,4438783.46641874,0.027115906497882043,0
actual,1745431083.364918,394656.5180124449,4438783.466325806,0.027115906497882043,0
actual,1745431083.464971,394656.51809122064,4438783.466300533,0.027087143471809128,0
actual,1745431083.5650027,394656.51818049664,4438783.466232386,0.027088749174720875,0
actual,1745431083.6649652,394656.51833682624,4438783.466046491,0.02710218820996128,0
actual,1745431083.764964,394656.5179772288,4438783.466985754,0.027113916822534587,0
actual,1745431083.8649192,394656.5179247847,4438783.4669579705,0.02718795368940427,0
actual,1745431083.96491,394656.5178534093,4438783.467042828,0.027090738850068085,0
actual,1745431084.064919,394656.5177047718,4438783.466994262,0.027128420508618748,0
actual,1745431084.1649647,394656.5173557579,4438783.466953909,0.027136012690864852,0
actual,1745431084.26496,394656.5185138584,4438783.46720812,0.027083286294162283,0
actual,1745431084.3650296,394656.5184217396,4438783.467256375,0.027012583006163923,0
actual,1745431084.4650295,394656.51857569476,4438783.46714123,0.027081959843930643,0
actual,1745431084.5650818,394656.518804907,4438783.467109904,0.027087143471809128,0
actual,1745431084.6649833,394656.51914408745,4438783.467199906,0.0270647683507985,0
actual,1745431084.7650092,394656.51878374553,4438783.468257597,0.02700884800156466,0
actual,1745431084.864932,394656.51912483893,4438783.468304996,0.027002861522230304,0
actual,1745431084.964978,394656.5195270383,4438783.4683380425,0.02695784948082142,0
actual,1745431085.064967,394656.51992835745,4438783.468329818,0.027008045150108784,0
actual,1745431085.1649814,394656.52005806495,4438783.468240568,0.02699766044105935,0
actual,1745431085.2650778,394656.51852179616,4438783.468185578,0.027098069232926555,0
actual,1745431085.3653054,394656.5179081699,4438783.46827419,0.02706864298173782,0
actual,1745431085.4650428,394656.51711699285,4438783.468241665,0.027126954432047053,0
actual,1745431085.5649767,394656.5162743693,4438783.468223571,0.027144006298839143,0
actual,1745431085.665013,394656.51552701526,4438783.468359797,0.02712229440294434,0
actual,1745431085.764887,394656.5180831598,4438783.467405519,0.027098732458042375,0
actual,1745431085.864931,394656.51846039953,4438783.467372374,0.027085555222189854,0
actual,1745431085.9650397,394656.5189487967,4438783.467367822,0.027087143471809128,0
actual,1745431086.0650039,394656.51945038163,4438783.4673744645,0.027063581526907163,0
actual,1745431086.16506,394656.51987669413,4438783.4673108645,0.027056652569776633,0
actual,1745431086.2649646,394656.5168865359,4438783.466663879,0.0270738266096163,0
actual,1745431086.3650045,394656.51655499515,4438783.466564804,0.027052132167013968,0
actual,1745431086.4649274,394656.5161803592,4438783.466389812,0.027065571202254377,0
actual,1745431086.5649164,394656.5158817227,4438783.466190924,0.02706824155600988,0
actual,1745431086.6649413,394656.5157116646,4438783.465974941,0.027109780392207385,0
actual,1745431086.7650778,394656.51749224094,4438783.466940181,0.027091803500911844,0
actual,1745431086.8649743,394656.5178146439,4438783.4669075385,0.02709047705068045,0
actual,1745431086.965049,394656.518113208,4438783.466922567,0.027102729262029272,0
actual,1745431087.0649707,394656.51837441017,4438783.466901288,0.02710711003845188,0
actual,1745431087.1650448,394656.5185797849,4438783.466807248,0.02712482513035954,0
actual,1745431087.264929,394656.5187775994,4438783.467626707,0.027089534572884273,0
actual,1745431087.3649561,394656.5188143315,4438783.467704894,0.02708061594040653,0
actual,1745431087.4649315,394656.5188926257,4438783.467709061,0.0271028514350771,0
actual,1745431087.5650442,394656.5190036738,4438783.4676800445,0.02710711003845188,0
actual,1745431087.6649086,394656.51916207385,4438783.46763678,0.02713082906298637,0
actual,1745431087.7650733,394656.5178155441,4438783.467176119,0.02711124646877908,0
actual,1745431087.8650024,394656.5178318616,4438783.467057416,0.027112450745962892,0
actual,1745431087.9650273,394656.51779504656,4438783.466900016,0.02714772385014568,0
actual,1745431088.06494,394656.5176936707,4438783.466721699,0.027193137317282755,0
actual,1745431088.1649475,394656.5175852552,4438783.4665204575,0.027198059145773352,0
actual,1745431088.26499,394656.519171359,4438783.467976411,0.02708915060044881,0
actual,1745431088.3651197,394656.5193022527,4438783.467991745,0.027115243272766223,0
actual,1745431088.4649901,394656.5194824879,4438783.46797943,0.027120706153324816,0
actual,1745431088.5650284,394656.5196080242,4438783.467945202,0.027155979257507856,0
actual,1745431088.6650171,394656.5196995195,4438783.467934203,0.027176364703171023,0
actual,1745431088.7649841,394656.51983065496,4438783.4671316445,0.027105259989444724,0
actual,1745431088.8649366,394656.5198708446,4438783.467030984,0.027096201730626924,0
actual,1745431088.9649863,394656.5199178351,4438783.466912168,0.0270970045820828,0
actual,1745431089.064935,394656.520002727,4438783.466793535,0.02707276195877254,0
actual,1745431089.165056,394656.5200392942,4438783.466627098,0.027106848239063997,0
actual,1745431089.2650616,394656.5193215033,4438783.467374733,0.027103514660192674,0
actual,1745431089.3650067,394656.51919231686,4438783.467365314,0.02709606210428687,0
actual,1745431089.4649367,394656.51903534686,4438783.467299372,0.027124964756699843,0
actual,1745431089.5649905,394656.51891487296,4438783.46718906,0.027144407724567082,0
actual,1745431089.6649284,394656.518790036,4438783.467106061,0.027153989582160396,0
actual,1745431089.7649844,394656.5183842453,4438783.467357177,0.027145873801138774,0
actual,1745431089.8649316,394656.5182663393,4438783.4673224,0.027154652807276216,0
actual,1745431089.9649858,394656.51817322464,4438783.467274612,0.02717329292368758,0
actual,1745431090.0649388,394656.5181004504,4438783.467225757,0.02715318673070452,0
actual,1745431090.1650028,394656.51803661126,4438783.467105702,0.02717250752552418,0
actual,1745431090.2650158,394656.51919889817,4438783.467267333,0.027093932802599356,0
actual,1745431090.3649652,394656.51926907466,4438783.467160354,0.027120165101256824,0
actual,1745431090.4649236,394656.51934884145,4438783.467038309,0.02715105742901701,0
actual,1745431090.5649712,394656.5194029114,4438783.466933193,0.027157986386147543,0
actual,1745431090.6648438,394656.51941898535,4438783.466803663,0.027216315289749254,0
actual,1745431090.7650225,394656.51849272574,4438783.466124702,0.0271541292085007,0
actual,1745431090.8651443,394656.5184449294,4438783.465990938,0.027177691153402662,0
actual,1745431090.9649942,394656.51843141456,4438783.465842355,0.027220172467396095,0
actual,1745431091.0649602,394656.51849086443,4438783.465700424,0.027220172467396095,0
actual,1745431091.1650007,394656.51852335286,4438783.465554745,0.027228689674145903,0
actual,1745431091.2649527,394656.51759892085,4438783.466935217,0.027078085212991328,0
actual,1745431091.3649774,394656.51739451324,4438783.466985186,0.027059322923532386,0
actual,1745431091.4649296,394656.5171503605,4438783.467012118,0.027083548093549917,0
actual,1745431091.5650134,394656.5168800102,4438783.467085285,0.027075292686187993,0
actual,1745431091.6649804,394656.5166266593,4438783.467141536,0.027094072428939412,0
actual,1745431091.7651076,394656.51625077357,4438783.465426399,0.027094735654055232,0
actual,1745431091.8649418,394656.5162643596,4438783.465259506,0.027113375770466595,0
actual,1745431091.965039,394656.5163160685,4438783.46512381,0.0271119096938949,0
actual,1745431092.0649385,394656.5163821911,4438783.4649928445,0.027117634373841373,0
actual,1745431092.1649656,394656.5164600944,4438783.4648334915,0.027134686240633463,0
actual,1745431092.2649565,394656.51642014546,4438783.46421354,0.027132417312605895,0
actual,1745431092.365054,394656.51632098074,4438783.464079837,0.027123359053787845,0
actual,1745431092.4650757,394656.51622353063,4438783.463906517,0.027124964756699843,0
actual,1745431092.5650828,394656.5160967461,4438783.463710039,0.027140410920579935,0
actual,1745431092.6649463,394656.5158251918,4438783.463457542,0.027169697545428372,0
actual,1745431092.7649643,394656.51658754796,4438783.463723661,0.027091943127252147,0
actual,1745431092.8649223,394656.5168490201,4438783.463695894,0.02705918329719208,0
actual,1745431092.964961,394656.5174148546,4438783.463606815,0.02709419460198724,0
actual,1745431093.064948,394656.5180765198,4438783.463582059,0.027082082016978225,0
actual,1745431093.1650107,394656.5185630697,4438783.463510754,0.027102450009349164,0
actual,1745431093.2649322,394656.51734396577,4438783.466359965,0.02707155768158873,0
actual,1745431093.3651001,394656.516898253,4438783.466524709,0.02708115699247477,0
actual,1745431093.465013,394656.5163829072,4438783.466664173,0.027077160188487624,0
actual,1745431093.5649831,394656.51593703404,4438783.4667345295,0.027105521788832607,0
actual,1745431093.6649241,394656.51560011075,4438783.466854006,0.027093269577483536,0
actual,1745431093.7649598,394656.51854093885,4438783.466244121,0.02703933890359691,0
actual,1745431093.8649218,394656.518939213,4438783.46617421,0.027049060387530525,0
actual,1745431093.9650848,394656.5193747935,4438783.466097957,0.027019634136342036,0
actual,1745431094.0650127,394656.5197221672,4438783.465984719,0.02704506358354338,0
actual,1745431094.1650128,394656.5199490987,4438783.465847395,0.02707955128956302,0
actual,1745431094.264921,394656.51882084814,4438783.466878615,0.027121107579053002,0
actual,1745431094.3650773,394656.51872331137,4438783.466826719,0.02716997679810873,0
actual,1745431094.464937,394656.5186095804,4438783.466760146,0.02718421868480501,0
actual,1745431094.565022,394656.51848164585,4438783.466660164,0.027206855605203268,0
actual,1745431094.6649282,394656.5183775827,4438783.466513749,0.027229893951329714,0
actual,1745431094.7650137,394656.51830810716,4438783.466379631,0.027241081511835026,0
actual,1745431094.86495,394656.51992879034,4438783.466628844,0.02711444042131035,0
actual,1745431094.9651496,394656.52006647375,4438783.466535677,0.027141074145695755,0
actual,1745431095.0649424,394656.52018226916,4438783.466456404,0.027126832258999475,0
actual,1745431095.1650028,394656.5202213034,4438783.466334729,0.027153727782772762,0
actual,1745431095.2648647,394656.51914932753,4438783.46707456,0.02711857685163755,0
actual,1745431095.3649528,394656.5190323999,4438783.467053126,0.02708115699247477,0
actual,1745431095.4649816,394656.5188945236,4438783.467037078,0.027087806696924947,0
actual,1745431095.5650194,394656.51878154353,4438783.466981063,0.02710072213338959,0
actual,1745431095.6652005,394656.51868943364,4438783.466906985,0.02711924007675337,0
actual,1745431095.7652717,394656.5190081068,4438783.466891176,0.027139206643396124,0
actual,1745431095.8649905,394656.5189566662,4438783.466868392,0.027139869868511943,0
actual,1745431095.9649715,394656.51890795137,4438783.46681913,0.027133080537721465,0
actual,1745431096.0649672,394656.5188580361,4438783.4667681735,0.027092344552980083,0
actual,1745431096.1650074,394656.5188075456,4438783.466682293,0.027065169776526437,0
actual,1745431096.2649508,394656.5188708279,4438783.466026915,0.02703281137219456,0
actual,1745431096.365056,394656.51887185464,4438783.465874386,0.027071173709153268,0
actual,1745431096.4650698,394656.51895224606,4438783.465729918,0.02708127916552235,0
actual,1745431096.5650194,394656.5190273634,4438783.465615742,0.02705544829259282,0
actual,1745431096.6649556,394656.51909166074,4438783.465446702,0.027043073908196172,0
actual,1745431096.7649724,394656.5186530353,4438783.466089505,0.02709021525129257,0
actual,1745431096.86497,394656.51857449877,4438783.466013711,0.027108576115023573,0
actual,1745431096.9650238,394656.5184687423,4438783.465937493,0.027113515396806648,0
actual,1745431097.0649674,394656.51837554004,4438783.46580962,0.027127495484115294,0
actual,1745431097.1650813,394656.5183013673,4438783.465686099,0.027141597744471273,0
actual,1745431097.2650151,394656.51679933426,4438783.466629056,0.02707609553764387,0
actual,1745431097.3650568,394656.5166872606,4438783.466623528,0.027082745242094045,0
actual,1745431097.4649441,394656.5165692384,4438783.466642452,0.027098069232926555,0
actual,1745431097.5649729,394656.51643194456,4438783.466664112,0.02712962478580256,0
actual,1745431097.6649628,394656.5162860444,4438783.466657434,0.027150394203901435,0
actual,1745431097.7650256,394656.5169121959,4438783.466360476,0.027126832258999475,0
actual,1745431097.8649504,394656.5168454479,4438783.466346713,0.027121491551488214,0
actual,1745431097.9650156,394656.5167286344,4438783.4663089765,0.027136815542320728,0
actual,1745431098.0649393,394656.5164910052,4438783.466210114,0.027171826847115884,0
actual,1745431098.1649618,394656.51609102555,4438783.466129625,0.027206454179475332,0
actual,1745431098.2649565,394656.5173842582,4438783.465008356,0.027094997453443112,0
actual,1745431098.3650198,394656.5172527536,4438783.464872367,0.02711803579956931,0
actual,1745431098.4649348,394656.5172108052,4438783.4647140065,0.027149189926717377,0
actual,1745431098.564998,394656.5172488644,4438783.464598514,0.027156921735303784,0
actual,1745431098.6649656,394656.5173089631,4438783.464503521,0.027125627981815663,0
actual,1745431098.7650511,394656.5176278862,4438783.465116759,0.027065972627982313,0
actual,1745431098.864966,394656.5176512077,4438783.465014273,0.027093269577483536,0
actual,1745431098.9649396,394656.5176583184,4438783.464896314,0.027112049320234956,0
actual,1745431099.0649598,394656.5176355506,4438783.464787926,0.027129223360074624,0
actual,1745431099.1649528,394656.5175891097,4438783.4646040015,0.0271119096938949,0
actual,1745431099.2649322,394656.517182959,4438783.465164007,0.027093810629551778,0
actual,1745431099.3649592,394656.51707520033,4438783.465111937,0.02707209873365697,0
actual,1745431099.4648812,394656.517039338,4438783.465061458,0.027026824892860204,0
actual,1745431099.5650232,394656.51709073,4438783.464895063,0.027039740329324845,0
actual,1745431099.6650002,394656.5172730689,4438783.464736595,0.02702975704600359,0
actual,1745431099.7651782,394656.51645373413,4438783.465591386,0.027075030886800112,0
actual,1745431099.865081,394656.5164142466,4438783.465600944,0.027068503355397764,0
actual,1745431099.9649704,394656.51618326735,4438783.465593706,0.02706930620685364,0
actual,1745431100.0649815,394656.5157582384,4438783.465676695,0.027058240819396152,0
actual,1745431100.1649625,394656.51521995885,4438783.465665846,0.02706824155600988,0
actual,1745431100.2649162,394656.51718073006,4438783.4652449945,0.027091279902136327,0
actual,1745431100.3650088,394656.5172078658,4438783.465201481,0.027093671003211472,0
actual,1745431100.4649339,394656.51733455027,4438783.465156439,0.027099919281933713,0
actual,1745431100.5650423,394656.51755869866,4438783.464966985,0.027135349465749282,0
actual,1745431100.6649384,394656.5178598149,4438783.464784374,0.027165700741441225,0
actual,1745431100.7650115,394656.5171223215,4438783.465087869,0.027129223360074624,0
actual,1745431100.8649447,394656.51712871646,4438783.465086099,0.027133621589789707,0
actual,1745431100.964997,394656.51710386254,4438783.465005352,0.02715318673070452,0
actual,1745431101.0648863,394656.51703351096,4438783.464933575,0.027170901822612184,0
actual,1745431101.165077,394656.51692131575,4438783.464817325,0.027187011211608096,0
actual,1745431101.2650566,394656.51765234984,4438783.464583425,0.02709033742434015,0
actual,1745431101.3650773,394656.51768827316,4438783.464456132,0.02707342518388836,0
actual,1745431101.4649322,394656.5177338437,4438783.464310144,0.027077020562147572,0
actual,1745431101.564961,394656.5177760292,4438783.464165677,0.02708049376735895,0
actual,1745431101.6649234,394656.5178421752,4438783.464081918,0.027076619136419632,0
actual,1745431101.7649615,394656.5174879598,4438783.464377685,0.027075030886800112,0
actual,1745431101.8649254,394656.51748553495,4438783.464334947,0.0270689047811257,0
actual,1745431101.9651127,394656.5174449701,4438783.464294837,0.02704747213791125,0
actual,1745431102.0649395,394656.51736170973,4438783.464213276,0.027058921497804447,0
actual,1745431102.1650245,394656.51731454243,4438783.46410191,0.027033212797922496,0
actual,1745431102.264923,394656.51767104707,4438783.464869235,0.027097929606586503,0
actual,1745431102.3649566,394656.51773389935,4438783.464815194,0.027091279902136327,0
actual,1745431102.4649234,394656.5177630084,4438783.464752489,0.02710937896647945,0
actual,1745431102.56496,394656.5177585197,4438783.464639186,0.027118838651025184,0
actual,1745431102.6649399,394656.517674555,4438783.4645002205,0.027136274490252736,0
actual,1745431102.7650704,394656.5186079962,4438783.464501245,0.02707276195877254,0
actual,1745431102.8650477,394656.5186297754,4438783.46440776,0.027085153796461914,0
actual,1745431102.9651458,394656.5186896586,4438783.464292105,0.027098191405974137,0
actual,1745431103.0648975,394656.51876722096,4438783.464220642,0.027056251144048693,0
actual,1745431103.1649592,394656.51878614037,4438783.464099483,0.02709539887917105,0
actual,1745431103.26493,394656.5177401968,4438783.464930239,0.027099395683158195,0
actual,1745431103.3650029,394656.51761798176,4438783.464872706,0.02712376047951603,0
actual,1745431103.4651136,394656.51750251686,4438783.464848802,0.027130427637258436,0
actual,1745431103.5650265,394656.5173893523,4438783.464811838,0.027152785304976584,0
actual,1745431103.6649928,394656.51726615825,4438783.464786511,0.027157846759807487,0
actual,1745431103.764994,394656.5189612393,4438783.465041923,0.02708475237073373,0
actual,1745431103.864917,394656.51896780403,4438783.465068304,0.027091279902136327,0
actual,1745431103.9649901,394656.51897574996,4438783.465047935,0.027125627981815663,0
actual,1745431104.0649223,394656.5190193497,4438783.465059684,0.027136012690864852,0
actual,1745431104.164962,394656.5190770014,4438783.465087526,0.027138944844008243,0
actual,1745431104.264925,394656.5183462021,4438783.4654469425,0.027118838651025184,0
actual,1745431104.3650124,394656.51826415904,4438783.465428719,0.027140410920579935,0
actual,1745431104.465048,394656.51819155214,4438783.465414401,0.027155595285072394,0
actual,1745431104.5650911,394656.5181577601,4438783.465379575,0.027168231468856677,0
actual,1745431104.6649253,394656.51812413,4438783.465322518,0.02715638068323579,0
actual,1745431104.7650099,394656.5180997867,4438783.464107633,0.027081959843930643,0
actual,1745431104.8649187,394656.5179964941,4438783.463962186,0.02707262233243249,0
actual,1745431104.9650414,394656.51785788673,4438783.463779986,0.027092344552980083,0
actual,1745431105.0649474,394656.5177267258,4438783.463594401,0.02709965748254583,0
actual,1745431105.1649873,394656.5175735004,4438783.46338237,0.027106586439676363,0
actual,1745431105.2649643,394656.5175741371,4438783.465523954,0.027090599223728033,0
actual,1745431105.3650844,394656.517494692,4438783.465577333,0.02706543157591432,0
actual,1745431105.4649422,394656.5173901424,4438783.465581119,0.027100460334001705,0
actual,1745431105.5649621,394656.5172993243,4438783.465611343,0.027099797108886135,0
actual,1745431105.6649702,394656.5172270956,4438783.465642125,0.02707316338450048,0
actual,1745431105.7649574,394656.5180837321,4438783.464756926,0.027033614223650432,0
actual,1745431105.864942,394656.5180885541,4438783.46464724,0.02703375384999049,0
actual,1745431105.9650311,394656.51806408714,4438783.464521422,0.027056652569776633,0
actual,1745431106.0649714,394656.51801245543,4438783.464337858,0.02706571082859468,0
actual,1745431106.164951,394656.51790273737,4438783.464124135,0.02710152498484546,0
actual,1745431106.2649257,394656.5182742004,4438783.465126696,0.027101385358505408,0
actual,1745431106.3649626,394656.5182876339,4438783.465087029,0.027094735654055232,0
actual,1745431106.4649646,394656.518273734,4438783.464970382,0.027146537026254348,0
actual,1745431106.5649636,394656.5182675569,4438783.464911548,0.0271549146066641,0
actual,1745431106.664956,394656.5183009467,4438783.46482747,0.02713934626973618,0
actual,1745431106.765085,394656.51768007467,4438783.467175675,0.027120165101256824,0
actual,1745431106.8650181,394656.517818921,4438783.46731605,0.027112712545350776,0
actual,1745431106.9650755,394656.517902069,4438783.467390537,0.027159190663331355,0
actual,1745431107.0650718,394656.517704696,4438783.467367965,0.02721683888852477,0
actual,1745431107.165012,394656.5172623377,4438783.467341602,0.02723481577982031,0
actual,1745431107.2650683,394656.5174630494,4438783.46863234,0.027104055712260912,0
actual,1745431107.3650014,394656.51734524,4438783.46869673,0.02711670934933792,0
actual,1745431107.4649246,394656.5172886342,4438783.468693262,0.0271574453340793,0
actual,1745431107.565016,394656.5173174726,4438783.468754427,0.02716957537238079,0
actual,1745431107.6648755,394656.5174939026,4438783.46875827,0.02716158176440675,0
actual,1745431107.7651262,394656.5163050172,4438783.4677164005,0.027151458854744945,0
actual,1745431107.8649516,394656.51640473644,4438783.46752858,0.027168231468856677,0
actual,1745431107.9650378,394656.51646216435,4438783.467324893,0.027175422225374845,0
actual,1745431108.0649266,394656.5165261901,4438783.467030583,0.02716704464496534,0
actual,1745431108.1650305,394656.51662398817,4438783.466678793,0.027217903539368527,0
actual,1745431108.2649324,394656.5160213482,4438783.467680004,0.027135611265136916,0
actual,1745431108.3650846,394656.51610733866,4438783.467538007,0.02715093525596943,0
actual,1745431108.46498,394656.5161364902,4438783.467357412,0.02714081234630787,0
actual,1745431108.5650928,394656.51604260085,4438783.467134872,0.027173170750639998,0
actual,1745431108.664869,394656.51595774735,4438783.466921381,0.027165700741441225,0
actual,1745431108.7650292,394656.5178005672,4438783.465755387,0.027054785067477,0
actual,1745431108.8649464,394656.51796636335,4438783.465491722,0.02705864224512409,0
actual,1745431108.9649732,394656.5180732654,4438783.4652062,0.027099133883770315,0
actual,1745431109.0649374,394656.5181811406,4438783.464909056,0.027118175425909614,0
actual,1745431109.1650932,394656.5183117114,4438783.464593987,0.027130427637258436,0
actual,1745431109.265075,394656.5176462843,4438783.468477944,0.02709965748254583,0
actual,1745431109.365141,394656.51758679486,4438783.468607259,0.02711004219159527,0
actual,1745431109.4649467,394656.5174946622,4438783.468707068,0.02712643083327154,0
actual,1745431109.565006,394656.51741743623,4438783.468827266,0.027104858563716788,0
actual,1745431109.6649745,394656.51732744684,4438783.468885598,0.027131213035421833,0
actual,1745431109.7650003,394656.5163395261,4438783.468855736,0.0271119096938949,0
actual,1745431109.8649344,394656.51630086324,4438783.468830415,0.02711124646877908,0
actual,1745431109.965039,394656.5162593448,4438783.468803886,0.027126692632659172,0
actual,1745431110.0650113,394656.51619837916,4438783.468798762,0.027132556938945947,0
actual,1745431110.1651435,394656.51610174467,4438783.468713746,0.02715238387924865,0
actual,1745431110.2649567,394656.51605892566,4438783.468346318,0.02710672606601642,0
actual,1745431110.3651674,394656.5159138753,4438783.468311638,0.027112974344738656,0
actual,1745431110.4649715,394656.5158374068,4438783.4682308,0.027102066036913702,0
actual,1745431110.5649977,394656.5158304443,4438783.468100051,0.027099797108886135,0
actual,1745431110.6649497,394656.5158546776,4438783.468013778,0.0270928681517556,0
actual,1745431110.7650595,394656.51722181984,4438783.4658568,0.02707609553764387,0
actual,1745431110.864987,394656.51724980876,4438783.465615632,0.02708901097410876,0
actual,1745431110.9650347,394656.5172954733,4438783.465357646,0.027080092341631015,0
actual,1745431111.065008,394656.5173201493,4438783.465123111,0.027070109058309512,0
actual,1745431111.1650193,394656.51729398686,4438783.464851507,0.027062918301791344,0
actual,1745431111.2649336,394656.5159414025,4438783.467609204,0.027082623069046463,0
actual,1745431111.3649547,394656.51579859835,4438783.467629309,0.027095137079783168,0
actual,1745431111.4649224,394656.51565979543,4438783.467624871,0.027098592831702073,0
actual,1745431111.5649805,394656.51553163887,4438783.467570043,0.027128821934346684,0
actual,1745431111.6650186,394656.5154495777,4438783.467544277,0.027117896173229256,0
actual,1745431111.7649999,394656.51618775027,4438783.467883539,0.027112852171690828,0
actual,1745431111.8649516,394656.51620435296,4438783.467873128,0.02709340920382384,0
actual,1745431111.965,394656.51616260904,4438783.467830209,0.027091943127252147,0
actual,1745431112.0650022,394656.5160633603,4438783.467804925,0.027091402075183905,0
actual,1745431112.1650176,394656.5159445483,4438783.467748964,0.027131754087490075,0
actual,1745431112.2649558,394656.5177787196,4438783.468328078,0.027125366182427783,0
actual,1745431112.3650188,394656.5178301119,4438783.468256496,0.02716077891295063,0
actual,1745431112.465031,394656.51785734814,4438783.468179303,0.027201130925256795,0
actual,1745431112.565077,394656.51792287605,4438783.4680729965,0.027230016124377292,0
actual,1745431112.6650412,394656.51804881555,4438783.467974801,0.02726783740926801,0
actual,1745431112.7649825,394656.5182503894,4438783.467887163,0.027269303485839703,0
actual,1745431112.8649561,394656.51911148155,4438783.464962784,0.027124563330971907,0
actual,1745431112.9649808,394656.51916775946,4438783.464692794,0.02714840452855398,0
actual,1745431113.064952,394656.5191099701,4438783.464376761,0.027170500396884244,0
actual,1745431113.1650636,394656.5189842662,4438783.464072393,0.027179558655702294,0
actual,1745431113.264964,394656.51891250204,4438783.463790404,0.02717009897115631,0
actual,1745431113.3649905,394656.5185288289,4438783.467209833,0.027118960824073012,0
actual,1745431113.4649544,394656.5185647065,4438783.467309981,0.027131352661762136,0
actual,1745431113.5649545,394656.518620863,4438783.467379095,0.027145332749070536,0
actual,1745431113.664958,394656.51865385904,4438783.467485613,0.027139869868511943,0
actual,1745431113.7649567,394656.51696885505,4438783.467328563,0.027093007778095656,0
actual,1745431113.8649244,394656.5167215626,4438783.467351401,0.027104317511648796,0
actual,1745431113.9649951,394656.5164543765,4438783.467382168,0.02711430079497005,0
actual,1745431114.0649374,394656.51624933566,4438783.467355561,0.027146135600526408,0
actual,1745431114.1650267,394656.51613053295,4438783.467379756,0.027128158709230868,0
actual,1745431114.2650197,394656.51957221644,4438783.467356921,0.0270647683507985,0
actual,1745431114.3649566,394656.519791184,4438783.467417165,0.027062918301791344,0
actual,1745431114.4649339,394656.519960259,4438783.467454551,0.02706864298173782,0
actual,1745431114.5649488,394656.5200888732,4438783.467471269,0.02705958472292002,0
actual,1745431114.6649168,394656.52020799834,4438783.467478638,0.02707077228342533,0
actual,1745431114.7650368,394656.5199555403,4438783.463840991,0.027094735654055232,0
actual,1745431114.8649619,394656.5199346121,4438783.463697703,0.027052655765789736,0
actual,1745431114.965054,394656.5200189924,4438783.463406388,0.027107912889907753,0
actual,1745431115.0649436,394656.5201451221,4438783.463137921,0.0271209679527127,0
actual,1745431115.1649919,394656.5201813322,4438783.46290408,0.027136937715368556,0
actual,1745431115.2649481,394656.517739682,4438783.46676196,0.02704920001387083,0
actual,1745431115.3649778,394656.5173466635,4438783.466881927,0.02705532611954524,0
actual,1745431115.4648767,394656.5169204879,4438783.466974281,0.02709353137687142,0
actual,1745431115.5650606,394656.5164825766,4438783.467135355,0.027076619136419632,0
actual,1745431115.6649647,394656.51604369894,4438783.4672356155,0.027085014170121612,0
actual,1745431115.7650473,394656.5174067365,4438783.469842322,0.027063180101179227,0
actual,1745431115.8649585,394656.5173679504,4438783.470014656,0.027070493030744974,0
actual,1745431115.965029,394656.51732840703,4438783.4701282615,0.027075955911303812,0
actual,1745431116.0649574,394656.5172538415,4438783.470217506,0.027087544897537064,0
actual,1745431116.1650462,394656.5171559817,4438783.470409941,0.027072360533044605,0
actual,1745431116.264924,394656.5175591103,4438783.470821254,0.02702375311337676,0
actual,1745431116.3651452,394656.51758514927,4438783.470909691,0.02703893747786897,0
actual,1745431116.4651241,394656.5175935854,4438783.471025566,0.027043073908196172,0
actual,1745431116.5651226,394656.51756593573,4438783.471121407,0.027028814568207413,0
actual,1745431116.6649377,394656.51749606023,4438783.471151358,0.027036406750453518,0
actual,1745431116.7650118,394656.5187123109,4438783.466742229,0.027094473854667348,0
actual,1745431116.864951,394656.5188680625,4438783.466479754,0.027110845043051144,0
actual,1745431116.96501,394656.5190687477,4438783.466177148,0.02712548835547536,0
actual,1745431117.064926,394656.5192801626,4438783.465880357,0.027117110775065855,0
actual,1745431117.1650503,394656.5194367429,4438783.46557454,0.027143744499451262,0
actual,1745431117.2650058,394656.519822808,4438783.465497352,0.02708314666782198,0
actual,1745431117.3651128,394656.51981142035,4438783.465332444,0.027100599960342007,0
actual,1745431117.4649422,394656.5197117706,4438783.465172186,0.027110443617323204,0
actual,1745431117.5649683,394656.5196227465,4438783.464994791,0.02709353137687142,0
actual,1745431117.664883,394656.5195186654,4438783.464754248,0.027139869868511943,0
actual,1745431117.7649856,394656.5196030426,4438783.467872239,0.027117232948113437,0
actual,1745431117.8649485,394656.51958947995,4438783.46804948,0.02715425138154828,0
actual,1745431117.965004,394656.51957098255,4438783.468196017,0.02718235118250538,0
actual,1745431118.0650578,394656.51953666017,4438783.468371001,0.027195668044698203,0
actual,1745431118.1649656,394656.51946153736,4438783.468575513,0.027187814063064218,0
actual,1745431118.2649992,394656.5191823649,4438783.469526234,0.02708447311805362,0
actual,1745431118.3649697,394656.51902371965,4438783.469642964,0.027126553006319117,0
actual,1745431118.4649267,394656.5189272326,4438783.469794059,0.02712829833557117,0
actual,1745431118.5649765,394656.5188122309,4438783.469913595,0.027165700741441225,0
actual,1745431118.6649137,394656.5186842298,4438783.4700130755,0.027167969669469043,0
actual,1745431118.7650466,394656.5191567351,4438783.468948867,0.02714866632794186,0
actual,1745431118.864993,394656.51912028185,4438783.4688607715,0.027172228272843824,0
actual,1745431118.9650295,394656.5190634158,4438783.468767282,0.027159976061494753,0
actual,1745431119.064935,394656.5189980392,4438783.468613539,0.027165316769006013,0
actual,1745431119.164934,394656.51892703236,4438783.46848234,0.02719167124071106,0
actual,1745431119.264914,394656.5190906065,4438783.469222211,0.027130427637258436,0
actual,1745431119.3650048,394656.5190598844,4438783.469178492,0.02713960806912406,0
actual,1745431119.4649205,394656.5190174755,4438783.469148302,0.02715318673070452,0
actual,1745431119.5650086,394656.5189847405,4438783.469059167,0.027191409441323176,0
actual,1745431119.6649442,394656.51897196687,4438783.468966043,0.027182089383117496,0
actual,1745431119.7650516,394656.5186594855,4438783.468355033,0.027099919281933713,0
actual,1745431119.8649323,394656.5185662788,4438783.4682985125,0.027110181817935324,0
actual,1745431119.9650009,394656.5184554531,4438783.468186364,0.027138141992552368,0
actual,1745431120.0649152,394656.51836445363,4438783.468068069,0.027114178621922468,0
actual,1745431120.1650052,394656.51824844046,4438783.46794169,0.027144268098226777,0
actual,1745431120.2649791,394656.5195878396,4438783.468961522,0.027119763675528888,0
actual,1745431120.3650086,394656.51972038904,4438783.468971661,0.027112049320234956,0
actual,1745431120.4650126,394656.51981378824,4438783.468928354,0.027142400595927145,0
actual,1745431120.5650158,394656.5198921769,4438783.468856242,0.027161983190134686,0
actual,1745431120.6649735,394656.51997343183,4438783.468758317,0.02717196647345594,0
actual,1745431120.7650127,394656.520278716,4438783.46898393,0.027110443617323204,0
actual,1745431120.864922,394656.52030512557,4438783.468932341,0.027140149121192055,0
actual,1745431120.9649787,394656.5203238308,4438783.468896802,0.02713934626973618,0
actual,1745431121.0649211,394656.52029959526,4438783.4688486215,0.0271260294075436,0
actual,1745431121.1650276,394656.52025269635,4438783.4687977955,0.027121770804168572,0
actual,1745431121.2649362,394656.51964999037,4438783.469379347,0.027099919281933713,0
actual,1745431121.3650835,394656.5195151614,4438783.469333794,0.02712229440294434,0
actual,1745431121.4649749,394656.51936679974,4438783.469303128,0.02711803579956931,0
actual,1745431121.564989,394656.5192721714,4438783.469292643,0.027094596027715176,0
actual,1745431121.6649272,394656.51920511597,4438783.469168514,0.027075955911303812,0
actual,1745431121.7649374,394656.51908455114,4438783.468977877,0.027097406007810736,0
actual,1745431121.8649154,394656.5194594086,4438783.468518477,0.027072360533044605,0
actual,1745431121.9650314,394656.5194208111,4438783.468382459,0.027046931085843013,0
actual,1745431122.0650523,394656.5194455931,4438783.468145243,0.02704920001387083,0
actual,1745431122.165,394656.5194806374,4438783.467898384,0.027066112254322615,0
actual,1745431122.2649856,394656.51964067755,4438783.467569187,0.02708061594040653,0
actual,1745431122.3649945,394656.51952857047,4438783.467505348,0.027075554485575876,0
actual,1745431122.4649522,394656.5194056798,4438783.467333985,0.027120426900644708,0
actual,1745431122.5649838,394656.51933772594,4438783.467195089,0.027136553742933094,0
actual,1745431122.6649227,394656.51924549456,4438783.467087519,0.027140410920579935,0
actual,1745431122.7650154,394656.51972711063,4438783.467674235,0.02708314666782198,0
actual,1745431122.864891,394656.519579731,4438783.4675759,0.02707408840900418,0
actual,1745431122.965034,394656.51941377425,4438783.467449156,0.0270928681517556,0
actual,1745431123.06496,394656.5192698018,4438783.467260479,0.027101123559117524,0
actual,1745431123.1649919,394656.51919631916,4438783.467045,0.027118838651025184,0
actual,1745431123.2649858,394656.5180585797,4438783.469535728,0.02712416190524397,0
actual,1745431123.364951,394656.51795449044,4438783.469684454,0.027105521788832607,0
actual,1745431123.464942,394656.5177040897,4438783.469707025,0.0271028514350771,0
actual,1745431123.5650632,394656.51733443915,4438783.469668668,0.02711616829726968,0
actual,1745431123.6649392,394656.5168543386,4438783.469635072,0.02712376047951603,0
actual,1745431123.7650363,394656.5190791903,4438783.469963479,0.02709833103231444,0
actual,1745431123.864962,394656.5192117132,4438783.470004194,0.027107249664791933,0
actual,1745431123.9649634,394656.51950027334,4438783.470035982,0.027097126755130378,0
actual,1745431124.064926,394656.5198111987,4438783.470009515,0.027095137079783168,0
actual,1745431124.1649444,394656.52003437735,4438783.46997458,0.02711644754995004,0
actual,1745431124.2649205,394656.51897522144,4438783.469132769,0.027087806696924947,0
actual,1745431124.3649702,394656.5188442144,4438783.469093574,0.02709087847640839,0
actual,1745431124.4649694,394656.51872024476,4438783.469000474,0.027106185013948427,0
actual,1745431124.5650716,394656.5185895891,4438783.468917705,0.027086881672421244,0
actual,1745431124.6651137,394656.5184025713,4438783.468843381,0.02708806849631258,0
actual,1745431124.7651203,394656.5202674863,4438783.468435467,0.02709166387457179,0
actual,1745431124.8649952,394656.52029055374,4438783.468375445,0.027107249664791933,0
actual,1745431124.9649813,394656.5203063368,4438783.468290568,0.02715384995582034,0
actual,1745431125.0649772,394656.5202786203,4438783.4682017835,0.02716543894205359,0
actual,1745431125.1651149,394656.5201879088,4438783.468070408,0.02719380054239857,0
actual,1745431125.2650228,394656.5193929192,4438783.469633168,0.02708981382556463,0
actual,1745431125.3650517,394656.51919051283,4438783.469685078,0.027094997453443112,0
actual,1745431125.4649699,394656.5189364946,4438783.469670017,0.027161983190134686,0
actual,1745431125.5649667,394656.51874797494,4438783.469647349,0.027190606589867303,0
actual,1745431125.6649423,394656.5185611109,4438783.469589714,0.027223226793587064,0
actual,1745431125.765098,394656.51966755243,4438783.469055387,0.027131090862374255,0
actual,1745431125.864969,394656.51959719014,4438783.468947624,0.027147863476485987,0
actual,1745431125.9650836,394656.5194298529,4438783.468830046,0.02717929685631441,0
actual,1745431126.064976,394656.51928626664,4438783.468709924,0.027158509984923057,0
actual,1745431126.1651163,394656.5191546397,4438783.468526318,0.02718620836015222,0
actual,1745431126.2650077,394656.5187265499,4438783.468586455,0.027117896173229256,0
actual,1745431126.365013,394656.5187257781,4438783.468535196,0.027130148384578324,0
actual,1745431126.4649413,394656.51871482446,4438783.468450095,0.027133621589789707,0
actual,1745431126.564991,394656.518669587,4438783.468371841,0.02714027129423988,0
actual,1745431126.664946,394656.51861577935,4438783.468317742,0.027115243272766223,0
actual,1745431126.7650723,394656.51861973194,4438783.468709535,0.027069166580513584,0
actual,1745431126.8650382,394656.51864679693,4438783.468648203,0.027085275969509496,0
actual,1745431126.9650617,394656.5186515576,4438783.468588299,0.027103252860805036,0
actual,1745431127.0649438,394656.51863935316,4438783.4685203675,0.02710032070766165,0
actual,1745431127.1649706,394656.5186190592,4438783.468436704,0.027128420508618748,0
actual,1745431127.264926,394656.5196479143,4438783.468318319,0.027118838651025184,0
actual,1745431127.3649256,394656.5195907977,4438783.468264345,0.027131213035421833,0
actual,1745431127.4649346,394656.51948283194,4438783.468232344,0.027129485159462504,0
actual,1745431127.5649793,394656.51933038095,4438783.468162881,0.027124563330971907,0
actual,1745431127.6650274,394656.51913883316,4438783.468008049,0.027159312836378933,0
actual,1745431127.7649837,394656.5199964433,4438783.46862735,0.027134686240633463,0
actual,1745431127.8649247,394656.51980926766,4438783.468547989,0.02720844385482279,0
actual,1745431127.9649608,394656.5195079501,4438783.468585167,0.027128821934346684,0
actual,1745431128.0649204,394656.5194022051,4438783.468558109,0.027134023015517643,0
actual,1745431128.1649475,394656.5197124861,4438783.468479327,0.027087143471809128,0
actual,1745431128.2649157,394656.5200559821,4438783.468038333,0.02708408914561816,0
actual,1745431128.365019,394656.52043751784,4438783.467926201,0.027108977540751512,0
actual,1745431128.464997,394656.52049716987,4438783.467917426,0.027030420271119165,0
actual,1745431128.565043,394656.5203964367,4438783.4677408645,0.02704747213791125,0
actual,1745431128.6649487,394656.52016856417,4438783.467527175,0.027021362012301365,0
actual,1745431128.764978,394656.5213156139,4438783.46823984,0.027067840130281944,0
actual,1745431128.864885,394656.52122573956,4438783.46808799,0.027077561614215564,0
actual,1745431128.964957,394656.52124762646,4438783.467911448,0.02710711003845188,0
actual,1745431129.0649316,394656.52144309704,4438783.467784434,0.0271218929772164,0
actual,1745431129.1649792,394656.52176980866,4438783.4676057035,0.027129746958850138,0
actual,1745431129.26501,394656.52075416374,4438783.469485356,0.02710992001854769,0
actual,1745431129.3650105,394656.5208685767,4438783.4694179185,0.027122556202331973,0
actual,1745431129.4649663,394656.5208719205,4438783.469437094,0.02711323614412629,0
actual,1745431129.5650039,394656.52076564624,4438783.469439089,0.027140934519355453,0
actual,1745431129.6649446,394656.5206331975,4438783.469364984,0.027163309640366076,0
actual,1745431129.7650201,394656.52155584726,4438783.469406125,0.027128821934346684,0
actual,1745431129.8648944,394656.521605918,4438783.469343653,0.02712548835547536,0
actual,1745431129.965049,394656.52173654153,4438783.469227579,0.027128158709230868,0
actual,1745431130.0649424,394656.52193083597,4438783.469069705,0.02714452989761466,0
actual,1745431130.1650307,394656.52216612786,4438783.468981743,0.02708314666782198,0
actual,1745431130.264965,394656.51950733643,4438783.469963699,0.027013246231279743,0
actual,1745431130.3649879,394656.519282341,4438783.470009345,0.027002582269549946,0
actual,1745431130.4649255,394656.51894990995,4438783.469995092,0.027043475333924108,0
actual,1745431130.5649483,394656.5185992769,4438783.470056032,0.027019093084273797,0
actual,1745431130.6649315,394656.5182507863,4438783.470057091,0.02701190232775563,0
actual,1745431130.765044,394656.5204880072,4438783.469139396,0.027093269577483536,0
actual,1745431130.8650265,394656.5206357761,4438783.468930327,0.027103392487145092,0
actual,1745431130.9650934,394656.52080284286,4438783.468657083,0.027118297598957192,0
actual,1745431131.0649424,394656.5209197132,4438783.468298516,0.02714733987771047,0
actual,1745431131.1650085,394656.52098563703,4438783.46796484,0.027144006298839143,0
actual,1745431131.2649372,394656.5205064316,4438783.469137048,0.027075833738256234,0
actual,1745431131.3649719,394656.520396275,4438783.468974294,0.02707689838909999,0
actual,1745431131.4649272,394656.5202800127,4438783.46880789,0.02705251613944943,0
actual,1745431131.564967,394656.5201586551,4438783.4686403,0.027049601439598767,0
actual,1745431131.6650002,394656.5200699285,4438783.468427706,0.027021362012301365,0
actual,1745431131.765191,394656.519429854,4438783.469591646,0.02707276195877254,0
actual,1745431131.8649452,394656.5193172932,4438783.469522783,0.027079149863834837,0
actual,1745431131.9649992,394656.5192135378,4438783.469483248,0.027040403554440665,0
actual,1745431132.0649252,394656.5190577924,4438783.469300332,0.027091803500911844,0
actual,1745431132.1649895,394656.51887756714,4438783.469121845,0.02711430079497005,0
actual,1745431132.264941,394656.51942243124,4438783.470384795,0.027105923214560543,0
actual,1745431132.3650239,394656.51936423447,4438783.470400717,0.02711377719619453,0
actual,1745431132.465023,394656.5193457377,4438783.470375444,0.027130026211530496,0
actual,1745431132.5651722,394656.5193319752,4438783.4703302095,0.027120426900644708,0
actual,1745431132.664977,394656.5192855572,4438783.470270206,0.027107912889907753,0
actual,1745431132.7650316,394656.52007954265,4438783.470598734,0.02708314666782198,0
actual,1745431132.8649545,394656.5199687173,4438783.470579287,0.027073966235956603,0
actual,1745431132.9650078,394656.51989759353,4438783.470508302,0.027109117167091565,0
actual,1745431133.0650158,394656.51990345004,4438783.470363455,0.02713548909208934,0
actual,1745431133.1650145,394656.51994006446,4438783.4703102,0.027086742046081188,0
actual,1745431133.2649443,394656.519712469,4438783.470464304,0.027070493030744974,0
actual,1745431133.364965,394656.51967207604,4438783.470362157,0.027055186493204937,0
actual,1745431133.4649308,394656.51966167544,4438783.470206851,0.02707143550854115,0
actual,1745431133.5649784,394656.51962699794,4438783.470078073,0.027070493030744974,0
actual,1745431133.664918,394656.5195161199,4438783.469860107,0.02708768452387712,0
actual,1745431133.7649608,394656.5192999629,4438783.469789247,0.027050788263490104,0
actual,1745431133.86486,394656.51917136053,4438783.469566707,0.02702949524661571,0
actual,1745431133.9650445,394656.51901853585,4438783.4692728035,0.027054785067477,0
actual,1745431134.0650265,394656.51889310667,4438783.468898962,0.027071836934269088,0
actual,1745431134.1650827,394656.51876374555,4438783.468457444,0.027102729262029272,0
actual,1745431134.264935,394656.5190898601,4438783.470360065,0.027068101929669824,0
actual,1745431134.3649592,394656.5190285045,4438783.4702356,0.027078748438106898,0
actual,1745431134.4649339,394656.51890263567,4438783.470067478,0.027074891260460057,0
actual,1745431134.564943,394656.51876461203,4438783.46984109,0.02708182021759059,0
actual,1745431134.6649845,394656.51865667995,4438783.469599839,0.027083687719890222,0
actual,1745431134.764997,394656.5199900678,4438783.469675548,0.0270689047811257,0
actual,1745431134.8649662,394656.52010408975,4438783.469524683,0.02705052646410222,0
actual,1745431134.9650033,394656.520206587,4438783.469367003,0.02703960070298479,0
actual,1745431135.06498,394656.5202571671,4438783.469155445,0.027061714024607532,0
actual,1745431135.1649246,394656.52031122096,4438783.468968587,0.02702961741966329,0
actual,1745431135.264958,394656.52022004785,4438783.470660971,0.027061172972539294,0
actual,1745431135.3649597,394656.5202209491,4438783.470608802,0.02707862626505932,0
actual,1745431135.464949,394656.52022590284,4438783.470547487,0.027073303010840783,0
actual,1745431135.565113,394656.520256281,4438783.470433632,0.027086480246693308,0
actual,1745431135.6649618,394656.52025858953,4438783.470287088,0.027141737370811575,0
actual,1745431135.7650034,394656.5193863608,4438783.469470207,0.027147462050758048,0
actual,1745431135.8649757,394656.519264083,4438783.469441576,0.02714932955305768,0
actual,1745431135.9649682,394656.51909914543,4438783.469403577,0.02714519312273048,0
actual,1745431136.064936,394656.51890447066,4438783.469286175,0.027153989582160396,0
actual,1745431136.164948,394656.51868467685,4438783.469266637,0.027139206643396124,0
actual,1745431136.264923,394656.51927633374,4438783.470163009,0.027026824892860204,0
actual,1745431136.3650184,394656.51925499144,4438783.470160591,0.027030018845391225,0
actual,1745431136.464959,394656.5192670847,4438783.470066858,0.027065309402866743,0
actual,1745431136.5650406,394656.51930281904,4438783.470068307,0.02703240994646662,0
actual,1745431136.6649642,394656.5192716803,4438783.469990073,0.027069829805629404,0
actual,1745431136.7649636,394656.5195251368,4438783.47065352,0.02710019853461407,0
actual,1745431136.864946,394656.51939556055,4438783.470588085,0.02712615158059118,0
actual,1745431136.9649193,394656.51922544395,4438783.4705300685,0.02709833103231444,0
actual,1745431137.0649343,394656.5190054357,4438783.470442938,0.02710218820996128,0
actual,1745431137.1650221,394656.5188245315,4438783.470316381,0.027105783588220488,0
actual,1745431137.26495,394656.51981880295,4438783.469786603,0.027105521788832607,0
actual,1745431137.3650396,394656.5199846819,4438783.469696152,0.027091402075183905,0
actual,1745431137.4649413,394656.5200818342,4438783.469601999,0.02707689838909999,0
actual,1745431137.5649788,394656.5200519839,4438783.46948853,0.027120706153324816,0
actual,1745431137.6649184,394656.52008629526,4438783.469346017,0.027094334228327292,0
actual,1745431137.7649746,394656.5196184902,4438783.468452512,0.027036546376793823,0
actual,1745431137.8649166,394656.5195966583,4438783.468325694,0.027035743525337948,0
actual,1745431137.965088,394656.5195501078,4438783.468062276,0.027057577594280333,0
actual,1745431138.0649502,394656.519508385,4438783.4677896835,0.02709340920382384,0
actual,1745431138.1649935,394656.51948696433,4438783.467593534,0.02711510364642592,0
actual,1745431138.264937,394656.5201818661,4438783.46880689,0.027102729262029272,0
actual,1745431138.3648856,394656.5201781923,4438783.468717351,0.027087544897537064,0
actual,1745431138.464931,394656.52017015824,4438783.468604026,0.027086078820965368,0
actual,1745431138.5649567,394656.5201712041,4438783.468493321,0.027098854631089957,0
actual,1745431138.664926,394656.5201717047,4438783.468381469,0.027104596764328904,0
actual,1745431138.7652907,394656.52006805525,4438783.469149723,0.027117634373841373,0
actual,1745431138.8650055,394656.5199778398,4438783.46901493,0.027126832258999475,0
actual,1745431138.9650733,394656.5198897336,4438783.468864645,0.027131090862374255,0
actual,1745431139.0649323,394656.51980101946,4438783.4686415475,0.02718861691452009,0
actual,1745431139.1649566,394656.5196965059,4438783.4684658395,0.02716451391754989,0
actual,1745431139.2649205,394656.5207168412,4438783.4686884135,0.027103654286532976,0
actual,1745431139.3649561,394656.52060619724,4438783.468506038,0.027101263185457827,0
actual,1745431139.4649265,394656.5205013209,4438783.46829219,0.027122032603556456,0
actual,1745431139.5650725,394656.5204707143,4438783.468076655,0.027128821934346684,0
actual,1745431139.6649745,394656.5204549598,4438783.467815114,0.027145873801138774,0
actual,1745431139.765074,394656.52230053314,4438783.468477788,0.027078748438106898,0
actual,1745431139.8648696,394656.5223998797,4438783.4682783745,0.02710711003845188,0
actual,1745431139.9648883,394656.52246989595,4438783.4681003615,0.027127617657162872,0
actual,1745431140.0649219,394656.5225552541,4438783.467938386,0.027107511464179817,0
actual,1745431140.164953,394656.52257557923,4438783.46765052,0.027157043908351365,0
actual,1745431140.2649405,394656.52240342693,4438783.468986883,0.027115644698494163,0
actual,1745431140.3651445,394656.5224347994,4438783.468933823,0.02712030472759688,0
actual,1745431140.4651,394656.5224585328,4438783.4688161,0.027130549810306263,0
actual,1745431140.564989,394656.5224729667,4438783.4687261665,0.027119501876141004,0
actual,1745431140.6650474,394656.52240652,4438783.468572153,0.027151598481085247,0
actual,1745431140.7649786,394656.5206956134,4438783.46804524,0.02712896156068674,0
actual,1745431140.8649232,394656.5205230639,4438783.467897753,0.027143343073723323,0
actual,1745431140.9649868,394656.5203753512,4438783.46776084,0.02713028801091838,0
actual,1745431141.0649297,394656.52023376606,4438783.467493516,0.02717941902936199,0
actual,1745431141.1650379,394656.520036506,4438783.467249056,0.02714519312273048,0
actual,1745431141.2650154,394656.5200048739,4438783.468286448,0.027066635853098132,0
actual,1745431141.364983,394656.5198335622,4438783.4682011185,0.027070109058309512,0
actual,1745431141.4649286,394656.51967888325,4438783.468092706,0.027071836934269088,0
actual,1745431141.5649712,394656.5195575276,4438783.467957266,0.02706864298173782,0
actual,1745431141.6649203,394656.51941861166,4438783.467798688,0.027083548093549917,0
actual,1745431141.7650487,394656.5211378703,4438783.46738602,0.027071697307929035,0
actual,1745431141.8649707,394656.52115480835,4438783.46722609,0.02710644681333606,0
actual,1745431141.9650242,394656.5211560738,4438783.467071065,0.027082745242094045,0
actual,1745431142.064977,394656.5211400669,4438783.466851558,0.027123236880740267,0
actual,1745431142.1650329,394656.5211376876,4438783.466619084,0.027134948040021097,0
actual,1745431142.2650526,394656.5198456615,4438783.4689706825,0.027098191405974137,0
actual,1745431142.3650832,394656.5196559996,4438783.469001885,0.02711403899558241,0
actual,1745431142.4648778,394656.51948832104,4438783.469037138,0.0271119096938949,0
actual,1745431142.5649493,394656.519344687,4438783.469025932,0.02712283545501233,0
actual,1745431142.665003,394656.5192127915,4438783.4690138325,0.027128821934346684,0
actual,1745431142.7649722,394656.51942549436,4438783.468310812,0.02708901097410876,0
actual,1745431142.8648643,394656.51936317486,4438783.468177631,0.027099256056817893,0
actual,1745431142.9649615,394656.51925207913,4438783.4679893525,0.027128682308006632,0
actual,1745431143.06492,394656.5191381121,4438783.4677768005,0.027156258510187964,0
actual,1745431143.1648815,394656.5190630769,4438783.467565437,0.02716943574604049,0
actual,1745431143.2649221,394656.51972656976,4438783.469223774,0.027089412399836695,0
actual,1745431143.364962,394656.51978077315,4438783.469167765,0.02710005890827377,0
actual,1745431143.4649222,394656.5198281688,4438783.469116377,0.02710152498484546,0
actual,1745431143.5649908,394656.5198635104,4438783.469057932,0.027096201730626924,0
actual,1745431143.6649907,394656.5198317192,4438783.468868162,0.027143343073723323,0
actual,1745431143.7650695,394656.5189126985,4438783.468282452,0.02714320344738302,0
actual,1745431143.8649464,394656.51879310305,4438783.468201101,0.02713414518856522,0
actual,1745431143.9649642,394656.51870591927,4438783.4680733215,0.027138805217668188,0
actual,1745431144.0649734,394656.5186447731,4438783.467842356,0.02715292493131664,0
actual,1745431144.1649642,394656.51851848187,4438783.467636802,0.027155193859344458,0
actual,1745431144.2649162,394656.51917834627,4438783.468113394,0.027077421987875508,0
actual,1745431144.3649879,394656.5191483239,4438783.468010572,0.02709899425743001,0
actual,1745431144.4649382,394656.51906394,4438783.4679124,0.027112311119622836,0
actual,1745431144.5650294,394656.5189325415,4438783.467822853,0.02713548909208934,0
actual,1745431144.6649373,394656.5187950953,4438783.467709007,0.027144268098226777,0
actual,1745431144.7649577,394656.5191178052,4438783.468747695,0.027096463530014808,0
actual,1745431144.8649206,394656.51908533217,4438783.468775028,0.027089272773496393,0
actual,1745431144.9649565,394656.5190951315,4438783.4687490035,0.02709340920382384,0
actual,1745431145.0649214,394656.51913131314,4438783.468757431,0.027041730004672304,0
actual,1745431145.1650033,394656.5191316468,4438783.468688918,0.027043876759652044,0
actual,1745431145.264948,394656.51820261416,4438783.468127128,0.02708075556674683,0
actual,1745431145.365039,394656.5180389038,4438783.467947831,0.027111508268166964,0
actual,1745431145.4649553,394656.517942686,4438783.467759518,0.02714254022226745,0
actual,1745431145.5651398,394656.5178630036,4438783.467548778,0.02713161446114977,0
actual,1745431145.6649663,394656.51780114695,4438783.46734881,0.027121491551488214,0
actual,1745431145.7649531,394656.51908621565,4438783.4686194435,0.02706050974742372,0
actual,1745431145.8649797,394656.5190712831,4438783.4686457645,0.027046791459502957,0
actual,1745431145.9653606,394656.5190994811,4438783.4686247585,0.027054261468701483,0
actual,1745431146.0650487,394656.51918214187,4438783.468582975,0.027057315794892452,0
actual,1745431146.165048,394656.51928971556,4438783.468616734,0.027051730741286032,0
actual,1745431146.2650084,394656.51914451236,4438783.469305163,0.027056652569776633,0
actual,1745431146.3650196,394656.5190835536,4438783.469336214,0.02702696451920026,0
actual,1745431146.4649467,394656.51896305033,4438783.469325843,0.02703694780252176,0
actual,1745431146.5649674,394656.5188950377,4438783.469311556,0.02704054318078072,0
actual,1745431146.6649475,394656.5188750209,4438783.469277358,0.02703761102763758,0
actual,1745431146.765013,394656.51956958114,4438783.469264784,0.0270928681517556,0
actual,1745431146.865025,394656.5195958558,4438783.469200518,0.02708115699247477,0
actual,1745431146.9650922,394656.5195618336,4438783.469034272,0.027087544897537064,0
actual,1745431147.0648727,394656.51955281274,4438783.468863269,0.027068503355397764,0
actual,1745431147.1649659,394656.5195884078,4438783.468695568,0.027066635853098132,0
actual,1745431147.264919,394656.52035402437,4438783.468218417,0.027046529660115077,0
actual,1745431147.3649747,394656.5204132703,4438783.468066104,0.027036406750453518,0
actual,1745431147.4649446,394656.52043869696,4438783.467879119,0.027048397162414705,0
actual,1745431147.5650315,394656.5204329397,4438783.467690671,0.027024555964832636,0
actual,1745431147.664989,394656.5205000278,4438783.467482259,0.027015776958694945,0
actual,1745431147.7650065,394656.5200148058,4438783.468552539,0.027067840130281944,0
actual,1745431147.865002,394656.5200663464,4438783.46852958,0.027093932802599356,0
actual,1745431147.9650068,394656.5200847627,4438783.468506823,0.027099395683158195,0
actual,1745431148.064888,394656.52006733406,4438783.468443813,0.027104596764328904,0
actual,1745431148.1649494,394656.52006286394,4438783.468277897,0.027129746958850138,0
actual,1745431148.2649562,394656.520271876,4438783.467366211,0.027087003845468822,0
actual,1745431148.3650262,394656.52026712603,4438783.467311958,0.027084874543781556,0
actual,1745431148.4650056,394656.520260432,4438783.467181481,0.027065309402866743,0
actual,1745431148.565011,394656.5202469242,4438783.467010763,0.027091279902136327,0
actual,1745431148.6649258,394656.5202363308,4438783.466885221,0.027096603156354863,0
actual,1745431148.7649872,394656.52023011417,4438783.468264596,0.027087544897537064,0
actual,1745431148.8649185,394656.52019887185,4438783.4682020135,0.027097528180858563,0
actual,1745431148.965001,394656.52016680967,4438783.468223777,0.027052795392129788,0
actual,1745431149.0649939,394656.520123286,4438783.468201577,0.027043998932699872,0
actual,1745431149.1650662,394656.5199983587,4438783.468091306,0.027068363729057708,0
actual,1745431149.2649696,394656.5192932922,4438783.46841015,0.027082745242094045,0
actual,1745431149.365077,394656.51913656277,4438783.46842367,0.027078364465671436,0
actual,1745431149.4649324,394656.51891581836,4438783.468386232,0.02708915060044881,0
actual,1745431149.565017,394656.5186788535,4438783.468322541,0.027083286294162283,0
actual,1745431149.6649468,394656.5184202987,4438783.468176766,0.02709965748254583,0
actual,1745431149.7650275,394656.52043085033,4438783.468091915,0.027120828326372644,0
actual,1745431149.8650157,394656.5205445518,4438783.467913457,0.027149469179397735,0
actual,1745431149.9649782,394656.52065861126,4438783.46770502,0.027163711066094016,0
actual,1745431150.0649643,394656.52072279557,4438783.467530809,0.027189140513295608,0
actual,1745431150.1649868,394656.52077885624,4438783.46733685,0.027208321681774963,0
actual,1745431150.264933,394656.5192351712,4438783.467571081,0.02713267911199353,0
actual,1745431150.3650024,394656.51910599566,4438783.467455791,0.0271574453340793,0
actual,1745431150.4649324,394656.5189584005,4438783.467307115,0.027153989582160396,0
actual,1745431150.5648916,394656.518799952,4438783.467080243,0.02716744607069328,0
actual,1745431150.6649911,394656.51866132393,4438783.466778496,0.027191810867051115,0
actual,1745431150.7650445,394656.51965022436,4438783.46840847,0.027121491551488214,0
actual,1745431150.8649087,394656.51963471563,4438783.468406819,0.027146798825642228,0
actual,1745431150.9650853,394656.51958287775,4438783.468363642,0.027173031124299696,0
actual,1745431151.0649865,394656.51954864414,4438783.468298753,0.02718235118250538,0
actual,1745431151.1649356,394656.51953984075,4438783.468302378,0.027175963277443083,0
actual,1745431151.2651162,394656.5183477466,4438783.4689186895,0.027054924693817303,0
actual,1745431151.3649967,394656.5181826053,4438783.468851427,0.027090075624952515,0
actual,1745431151.4649577,394656.5180749846,4438783.468810221,0.02712376047951603,0
actual,1745431151.5650365,394656.5180320959,4438783.468786648,0.027094735654055232,0
actual,1745431151.6650314,394656.5179758704,4438783.468743948,0.02708075556674683,0
actual,1745431151.765097,394656.5178905354,4438783.467191936,0.027066234427370196,0
actual,1745431151.8649588,394656.51781581366,4438783.467032259,0.02705785684696069,0
actual,1745431151.9649448,394656.51774578704,4438783.466875495,0.027030018845391225,0
actual,1745431152.064864,394656.5177335908,4438783.466692368,0.027048798588142645,0
actual,1745431152.1649702,394656.51771359565,4438783.466442043,0.02706145222521965,0
actual,1745431152.2648437,394656.51837578963,4438783.467470863,0.027068765154785644,0
actual,1745431152.3650107,394656.5183956292,4438783.46740969,0.027063180101179227,0
actual,1745431152.4649365,394656.5183505075,4438783.46728433,0.027080214514678593,0
actual,1745431152.56506,394656.51826618525,4438783.46707644,0.027117774000181675,0
actual,1745431152.6649418,394656.51812797907,4438783.4669107795,0.027130689436646316,0
actual,1745431152.76499,394656.51865763124,4438783.467788523,0.027108977540751512,0
actual,1745431152.8649666,394656.51865400944,4438783.467722486,0.02709833103231444,0
actual,1745431152.9649591,394656.51877033175,4438783.467710501,0.0270647683507985,0
actual,1745431153.0649323,394656.5190813472,4438783.467543335,0.02711510364642592,0
actual,1745431153.1650972,394656.5193490961,4438783.46731454,0.027130549810306263,0
actual,1745431153.2649658,394656.5187090457,4438783.469131798,0.027098732458042375,0
actual,1745431153.3651664,394656.51851149596,4438783.469241498,0.027101123559117524,0
actual,1745431153.46499,394656.51822476444,4438783.469133333,0.027121107579053002,0
actual,1745431153.5650003,394656.51789674175,4438783.469111654,0.027106848239063997,0
actual,1745431153.6649308,394656.51757596666,4438783.469203067,0.02706703727882607,0
actual,1745431153.7649872,394656.5192694656,4438783.467653932,0.02707316338450048,0
actual,1745431153.864979,394656.5193113275,4438783.4673107965,0.027092606352367717,0
actual,1745431153.9650488,394656.51949832507,4438783.467069233,0.027080354141018895,0
actual,1745431154.0649679,394656.5197617897,4438783.46672687,0.02712243402928439,0
actual,1745431154.1650891,394656.52002263564,4438783.4664108055,0.02706091117315166,0
actual,1745431154.264996,394656.5202410284,4438783.467433397,0.027011780154708048,0
actual,1745431154.3649876,394656.52022615983,4438783.46724132,0.027026161667744384,0
actual,1745431154.464935,394656.5201705216,4438783.4670659965,0.02704666928645538,0
actual,1745431154.5649517,394656.5201079094,4438783.466925175,0.02706930620685364,0
actual,1745431154.6649342,394656.5201144101,4438783.466742687,0.027073564810228667,0
actual,1745431154.7649956,394656.5194991686,4438783.467656603,0.027072360533044605,0
actual,1745431154.865,394656.51958285784,4438783.467541981,0.02706956800624152,0
actual,1745431154.9649715,394656.51967246947,4438783.467409761,0.027067962303329772,0
actual,1745431155.0649657,394656.5197624386,4438783.467224491,0.027069707632581576,0
actual,1745431155.1649933,394656.5197933229,4438783.46698622,0.02708901097410876,0
actual,1745431155.264924,394656.52009479306,4438783.466532536,0.02709539887917105,0
actual,1745431155.3649626,394656.52012883103,4438783.466320842,0.027078364465671436,0
actual,1745431155.4649174,394656.5201932277,4438783.466074623,0.02706223762338305,0
actual,1745431155.5650082,394656.5203085249,4438783.46578295,0.02707515305984794,0
actual,1745431155.6649606,394656.5203905247,4438783.465460206,0.027086480246693308,0
actual,1745431155.7650754,394656.5189436138,4438783.466438742,0.027094735654055232,0
actual,1745431155.8649716,394656.5187517754,4438783.466116208,0.02714067271996782,0
actual,1745431155.9650114,394656.518591824,4438783.46589422,0.02710672606601642,0
actual,1745431156.0649364,394656.5185227329,4438783.465716723,0.02710805251624806,0
actual,1745431156.1650028,394656.5184250436,4438783.465350588,0.027056652569776633,0
actual,1745431156.2649527,394656.51938430464,4438783.466369285,0.02708248344270616,0
actual,1745431156.3650053,394656.51933601545,4438783.466370728,0.02704600606133956,0
actual,1745431156.4649622,394656.51922727475,4438783.466195028,0.027051730741286032,0
actual,1745431156.5650413,394656.5191186989,4438783.465923128,0.027070632657085276,0
actual,1745431156.6649613,394656.519027125,4438783.465756693,0.027045866434999503,0
actual,1745431156.7649963,394656.51825520676,4438783.467336075,0.027061714024607532,0
actual,1745431156.8649561,394656.5181414676,4438783.467401651,0.027063982952635103,0
actual,1745431156.9650352,394656.518009073,4438783.467464414,0.027076217710691696,0
actual,1745431157.0649786,394656.51788195135,4438783.46757153,0.027063302274226805,0
actual,1745431157.164981,394656.5177442455,4438783.467610928,0.027078486638719264,0
actual,1745431157.2649612,394656.5181115766,4438783.467648172,0.027087806696924947,0
actual,1745431157.365025,394656.5181186053,4438783.467646109,0.02707276195877254,0
actual,1745431157.4649787,394656.5181063585,4438783.467619952,0.027086480246693308,0
actual,1745431157.5650125,394656.51813238725,4438783.467506596,0.02710086175972964,0
actual,1745431157.66496,394656.51820313314,4438783.467378525,0.02712349868012815,0
actual,1745431157.7649503,394656.51784439536,4438783.467849035,0.027098069232926555,0
actual,1745431157.8649588,394656.5174215774,4438783.467837333,0.027121369378440636,0
actual,1745431157.9650517,394656.5172237542,4438783.46781773,0.027108977540751512,0
actual,1745431158.0649772,394656.5171791895,4438783.467643914,0.027206855605203268,0
actual,1745431158.1651266,394656.51716081344,4438783.467762487,0.02711510364642592,0
actual,1745431158.2649453,394656.5173651887,4438783.468066636,0.027159190663331355,0
actual,1745431158.3649719,394656.5175274937,4438783.46786017,0.027223890018702884,0
actual,1745431158.4649472,394656.5175993075,4438783.4678013995,0.027216036037068896,0
actual,1745431158.5649507,394656.5174435381,4438783.467651191,0.027240278660379154,0
actual,1745431158.6649203,394656.5171663287,4438783.467435128,0.027242809387794355,0
actual,1745431158.7650445,394656.5168438895,4438783.466030046,0.027241081511835026,0
actual,1745431158.8649702,394656.5167542305,4438783.465698576,0.027216699262184715,0
actual,1745431158.965032,394656.51680979726,4438783.465281042,0.02721430816110932,0
actual,1745431159.064948,394656.5168806314,4438783.464731449,0.027259843801293968,0
actual,1745431159.16496,394656.5168834955,4438783.46424769,0.0272607862790899,0
actual,1745431159.2649343,394656.52042074443,4438783.467038741,0.02729619900961299,0
actual,1745431159.3649824,394656.52065370424,4438783.466968199,0.02728848465431906,0
actual,1745431159.4649289,394656.520903532,4438783.4667976545,0.027360514392549058,0
actual,1745431159.565003,394656.52127300657,4438783.466653051,0.02735826291781397,0
actual,1745431159.6649377,394656.52156787756,4438783.466432777,0.027425772253281057,0
actual,1745431159.7650435,394656.520177095,4438783.465057294,0.02739500209856845,0
actual,1745431159.8649416,394656.5202846662,4438783.464587721,0.027422299048069428,0
actual,1745431159.9649959,394656.52032744477,4438783.464137465,0.02740406035738625,0
actual,1745431160.0649238,394656.52038810134,4438783.463500304,0.027438146637677706,0
actual,1745431160.164974,394656.520496127,4438783.462858494,0.027460521758688333,0
actual,1745431160.2649324,394656.5198553685,4438783.468973308,0.027400726778514926,0
actual,1745431160.3650906,394656.5198257988,4438783.469187047,0.027439089115473634,0
actual,1745431160.4650266,394656.51978603576,4438783.469400635,0.027427622302288214,0
actual,1745431160.5650775,394656.51973977074,4438783.46963507,0.02743348660857474,0
actual,1745431160.664973,394656.5197327607,4438783.469864204,0.027417237593238775,0
actual,1745431160.7649848,394656.52023010596,4438783.468130641,0.027395804950024326,0
actual,1745431160.864928,394656.5202628323,4438783.467945323,0.027428163354356206,0
actual,1745431160.964944,394656.5203329207,4438783.467848008,0.027386223092430762,0
actual,1745431161.0649729,394656.52037769137,4438783.467668502,0.027395141724908506,0
actual,1745431161.1649907,394656.52041254734,4438783.46742987,0.027418441870422586,0
actual,1745431161.2650254,394656.51896777924,4438783.4666248495,0.027442405241052487,0
actual,1745431161.3651052,394656.51874284266,4438783.466171264,0.027463314285491418,0
actual,1745431161.4649518,394656.51850644324,4438783.4656979,0.027483019052746537,0
actual,1745431161.5649803,394656.5182553462,4438783.465209214,0.027479825100215266,0
actual,1745431161.6649225,394656.5179958432,4438783.464594867,0.02750286344634171,0
actual,1745431161.76497,394656.5194460996,4438783.465250802,0.027503003072681765,0
actual,1745431161.8649554,394656.5194491204,4438783.464801271,0.027506319198260614,0
actual,1745431161.9650073,394656.51950469194,4438783.46427673,0.027538555429544913,0
actual,1745431162.0650527,394656.51950668776,4438783.463645907,0.02757237991044849,0
actual,1745431162.1651473,394656.5194411374,4438783.463066146,0.027582101394382105,0
actual,1745431162.2649877,394656.5189121358,4438783.464100256,0.027570913833876793,0
actual,1745431162.3650038,394656.51882006385,4438783.463721588,0.02757264170983637,0
actual,1745431162.4649415,394656.5186646596,4438783.463147062,0.027554525192200523,0
actual,1745431162.564963,394656.5185170155,4438783.462556598,0.02759807115703796,0
actual,1745431162.665024,394656.518309935,4438783.462038836,0.02754813728713823,0
actual,1745431162.7650218,394656.52073527966,4438783.467204262,0.027553059115629077,0
actual,1745431162.8649397,394656.52095459733,4438783.467464288,0.02754454190887927,0
actual,1745431162.965013,394656.52116679214,4438783.467716477,0.027545344760335145,0
actual,1745431163.0649595,394656.521408226,4438783.467953576,0.027546671210566784,0
actual,1745431163.1650085,394656.5216245174,4438783.468210804,0.02754839908652611,0
actual,1745431163.2649307,394656.52013657935,4438783.465498811,0.027594475778778754,0
actual,1745431163.3649974,394656.5200828586,4438783.465192281,0.027625769532267124,0
actual,1745431163.4649546,394656.51998032944,4438783.4649124425,0.02762870168541051,0
actual,1745431163.565012,394656.5199170036,4438783.464628745,0.02763336171451323,0
actual,1745431163.6650043,394656.51984790736,4438783.46436202,0.02761884057513659,0
actual,1745431163.7649746,394656.52039449086,4438783.467377805,0.027581560342314113,0
actual,1745431163.8649468,394656.5204025849,4438783.467436108,0.027600601884453166,0
actual,1745431163.9650166,394656.5203391981,4438783.467405452,0.02764214072065067,0
actual,1745431164.0649238,394656.52029794006,4438783.467468953,0.02765559720918355,0
actual,1745431164.1650047,394656.5203820064,4438783.467655378,0.02763842316934388,0
actual,1745431164.2649333,394656.5211722298,4438783.467842093,0.027731903004080807,0
actual,1745431164.3650322,394656.52110825654,4438783.467652964,0.027759601379309967,0
actual,1745431164.464888,394656.5214062267,4438783.467571443,0.027828175365620815,0
actual,1745431164.5650704,394656.5214254366,4438783.467778056,0.027754923896914526,0
actual,1745431164.664997,394656.5213676058,4438783.467891996,0.027705531079083284,0
actual,1745431164.7649739,394656.5221022538,4438783.466755138,0.02767104337306389,0
actual,1745431164.8649294,394656.52221944893,4438783.466775141,0.02752389466382822,0
actual,1745431164.9649556,394656.5223862296,4438783.46659179,0.027507383849104373,0
actual,1745431165.0649426,394656.5227102731,4438783.466282222,0.027420047573334584,0
actual,1745431165.1650655,394656.5227751108,4438783.46581383,0.027476770774024297,0
actual,1745431165.264985,394656.51706041617,4438783.467792893,0.027679159154085514,0
actual,1745431165.3649738,394656.5141434121,4438783.467631329,0.02789327614672028,0
actual,1745431165.4649587,394656.5111819978,4438783.467449324,0.027968918716501714,0
actual,1745431165.5649707,394656.5100409156,4438783.467559103,0.027948952149858715,0
actual,1745431165.6649487,394656.50988712884,4438783.467794747,0.02790100795530644,0
actual,1745431165.7649539,394656.51810587227,4438783.465443598,0.027892752547944516,0
actual,1745431165.8649623,394656.5185472693,4438783.464973746,0.027908722310600372,0
actual,1745431165.9649746,394656.5189999843,4438783.464674325,0.027875299255424736,0
actual,1745431166.0649974,394656.5195286337,4438783.464308527,0.027892892174284818,0
actual,1745431166.1650505,394656.5199570492,4438783.463753547,0.02791231768885958,0
actual,1745431166.2648938,394656.51515389304,4438783.465520355,0.027942948217231884,0
actual,1745431166.3649669,394656.51482920424,4438783.465378624,0.027957329730268467,0
actual,1745431166.464953,394656.51444302296,4438783.465144033,0.027954676829805437,0
actual,1745431166.5649483,394656.51405258046,4438783.464874829,0.02800207997228947,0
actual,1745431166.6649528,394656.51366687164,4438783.464654101,0.028030563745682028,0
actual,1745431166.7650478,394656.5150046719,4438783.466742694,0.028037091277084626,0
actual,1745431166.8648517,394656.5148661004,4438783.46672509,0.028063323575742094,0
actual,1745431166.965044,394656.5147481792,4438783.466750193,0.02805307849303271,0
actual,1745431167.0649772,394656.51459990826,4438783.466745263,0.028039482378159772,0
actual,1745431167.1649675,394656.5144662964,4438783.466644518,0.028044543832990675,0
actual,1745431167.2649586,394656.5168578035,4438783.4653550405,0.027899541878734994,0
actual,1745431167.3649406,394656.51694080606,4438783.465230965,0.027881163561711265,0
actual,1745431167.4649544,394656.5170001631,4438783.4649993535,0.02791153229069618,0
actual,1745431167.5650578,394656.51706237835,4438783.464722453,0.02793682211155747,0
actual,1745431167.66502,394656.5171438238,4438783.464435774,0.027933767785366503,0
actual,1745431167.765105,394656.51648992696,4438783.465895139,0.027883694289126716,0
actual,1745431167.864981,394656.5164471357,4438783.465776834,0.027897412577047483,0
actual,1745431167.964976,394656.5163860116,4438783.465694637,0.027917518770030538,0
actual,1745431168.064951,394656.5162737205,4438783.4655578155,0.027935495661326082,0
actual,1745431168.1649914,394656.51613975776,4438783.465318678,0.027952931500553384,0
actual,1745431168.2649477,394656.51559253427,4438783.466669459,0.02796785406565796,0
actual,1745431168.3649828,394656.51542771095,4438783.466661469,0.02799141601055992,0
actual,1745431168.4649432,394656.5152469005,4438783.466508315,0.02803602662624087,0
actual,1745431168.5650454,394656.51501192315,4438783.466435272,0.02803363552516572,0
actual,1745431168.6649287,394656.51475069195,4438783.466434001,0.028022849390388346,0
actual,1745431168.7649894,394656.5165278496,4438783.466355955,0.02789994330446293,0
actual,1745431168.8649528,394656.5165219025,4438783.466225529,0.027902596204925963,0
actual,1745431168.9649668,394656.51658729685,4438783.466164185,0.02785866626765306,0
actual,1745431169.0649278,394656.51666560787,4438783.466049943,0.02783122969181178,0
actual,1745431169.165005,394656.51671338733,4438783.465886182,0.02783709399809856,0
actual,1745431169.265,394656.5161702544,4438783.4661857635,0.027902596204925963,0
actual,1745431169.3650692,394656.51614571875,4438783.46611465,0.02791231768885958,0
actual,1745431169.464989,394656.516045902,4438783.466015372,0.027936961737897528,0
actual,1745431169.5649672,394656.5160006405,4438783.465930782,0.027931498857338935,0
actual,1745431169.6649525,394656.515921807,4438783.465797765,0.027926978454576274,0
actual,1745431169.7649574,394656.515558174,4438783.466129386,0.027873711005805463,0
actual,1745431169.8649774,394656.5153163965,4438783.466044091,0.02787104065204971,0
actual,1745431169.9650285,394656.51504204865,4438783.465910565,0.02785213873625071,0
actual,1745431170.0649772,394656.514699994,4438783.465696287,0.02787158170411795,0
actual,1745431170.1649961,394656.5143538328,4438783.46543128,0.027900082930802986,0
actual,1745431170.2649524,394656.51591060014,4438783.466254359,0.02793909103958504,0
actual,1745431170.3650076,394656.5158276114,4438783.466163143,0.0279526697011655,0
actual,1745431170.464956,394656.5157497894,4438783.466046801,0.02792484915288876,0
actual,1745431170.5649812,394656.51563855086,4438783.465985437,0.02789580687413573,0
actual,1745431170.6649542,394656.5156304227,4438783.465781712,0.027930172407107295,0
actual,1745431170.7650027,394656.51584457647,4438783.466584599,0.02788090176232363,0
actual,1745431170.8649695,394656.515698093,4438783.466425678,0.027906732635253163,0
actual,1745431170.9650671,394656.5156754083,4438783.466265972,0.027879296059411633,0
actual,1745431171.0649476,394656.515482406,4438783.466078672,0.027925774177392462,0
actual,1745431171.1649988,394656.5153400176,4438783.46590704,0.02789687152497924,0
actual,1745431171.26492,394656.51628644357,4438783.467137467,0.027880360710255393,0
actual,1745431171.3649886,394656.5162636425,4438783.467113755,0.02787091847900213,0
actual,1745431171.4648502,394656.5162678175,4438783.467000759,0.02790100795530644,0
actual,1745431171.5650318,394656.5161891203,4438783.466939313,0.027903940108449828,0
actual,1745431171.6649613,394656.5161237931,4438783.466911253,0.0279071340609811,0
actual,1745431171.7650342,394656.5162113724,4438783.467078111,0.027891687897101006,0
actual,1745431171.8649964,394656.51603107946,4438783.466949408,0.027915790894070962,0
actual,1745431171.9649858,394656.5158520576,4438783.466910323,0.0279261756031204,0
actual,1745431172.064896,394656.515651795,4438783.466811564,0.027919246645989867,0
actual,1745431172.164948,394656.5154012235,4438783.466558474,0.027950941825206174,0
actual,1745431172.2649543,394656.5150673372,4438783.467361522,0.027931359230998633,0
actual,1745431172.3650122,394656.5148673018,4438783.4672912145,0.02796239118509912,0
actual,1745431172.4649758,394656.51469010336,4438783.4671474155,0.02796719084054214,0
actual,1745431172.565122,394656.5144458492,4438783.466997307,0.02796172795998355,0
actual,1745431172.6649785,394656.51414954895,4438783.46678676,0.02794947574863448,0
actual,1745431172.765004,394656.5157740219,4438783.466786328,0.027907273687321155,0
actual,1745431172.8649862,394656.5158042354,4438783.46672535,0.02789980367812263,0
actual,1745431172.9650047,394656.5157557974,4438783.466579824,0.02787837103490818,0
actual,1745431173.0649545,394656.5156559777,4438783.466368524,0.027884636766922894,0
actual,1745431173.1650357,394656.51563138113,4438783.466211664,0.027882891437670844,0
actual,1745431173.2650087,394656.51542807464,4438783.467118649,0.0279022122324905,0
actual,1745431173.365116,394656.51531420724,4438783.467030235,0.027915790894070962,0
actual,1745431173.4650438,394656.5152288041,4438783.466971441,0.027945740744035216,0
actual,1745431173.564952,394656.5150310375,4438783.466915076,0.027944553920143878,0
actual,1745431173.6650383,394656.5148921721,4438783.466682602,0.027960261883411854,0
actual,1745431173.7649941,394656.51571829536,4438783.4671936,0.02790753548670904,0
actual,1745431173.8649702,394656.51566504984,4438783.467094778,0.02794162176700049,0
actual,1745431173.9650054,394656.51570813416,4438783.466928184,0.02792844453114797,0
actual,1745431174.0648925,394656.5156133666,4438783.466732217,0.02795520042858095,0
actual,1745431174.165037,394656.5155893226,4438783.46655837,0.027946945021219027,0
actual,1745431174.2650166,394656.51600663917,4438783.466417768,0.027937886762401228,0
actual,1745431174.3649619,394656.51595512556,4438783.466259108,0.027950540399478235,0
actual,1745431174.4649463,394656.51599119883,4438783.466117389,0.02796066330913979,0
actual,1745431174.5649865,394656.51594244945,4438783.465912606,0.027997140690506395,0
actual,1745431174.6649551,394656.5158239493,4438783.465655779,0.028048278837589938,0
actual,1745431174.7650688,394656.51648788573,4438783.46643961,0.02793097525856317,0
actual,1745431174.8650627,394656.51644971577,4438783.466391286,0.027978762373482916,0
actual,1745431174.965031,394656.5163839381,4438783.466274343,0.027979565224938788,0
actual,1745431175.065055,394656.5163542423,4438783.4661107045,0.02802724762010318,0
actual,1745431175.1649904,394656.5162740606,4438783.465983088,0.028043880607874855,0
actual,1745431175.2649586,394656.5156935043,4438783.465615503,0.027925110952276642,0
actual,1745431175.364985,394656.5155484212,4438783.4653856065,0.027930573832835235,0
actual,1745431175.4649668,394656.5153717151,4438783.465234461,0.027889017543345253,0
actual,1745431175.5650716,394656.515252691,4438783.464926729,0.027940016064088743,0
actual,1745431175.6649914,394656.5151226484,4438783.464532355,0.027958272208064395,0
actual,1745431175.7650633,394656.5157578421,4438783.465311483,0.027935495661326082,0
actual,1745431175.8649795,394656.515661894,4438783.465180071,0.02793256350818269,0
actual,1745431175.9649777,394656.5154848883,4438783.464970896,0.027998083168302573,0
actual,1745431176.06496,394656.51532506687,4438783.464925513,0.027960261883411854,0
actual,1745431176.164973,394656.515155663,4438783.464734608,0.027988623483756588,0
actual,1745431176.2649512,394656.5159084514,4438783.466204162,0.027942546791503944,0
actual,1745431176.3650072,394656.5158942471,4438783.466128298,0.027957992955384287,0
actual,1745431176.4649544,394656.51580991206,4438783.465990153,0.027956125453084655,0
actual,1745431176.5650163,394656.51572381164,4438783.465832216,0.027969320142229654,0
actual,1745431176.664962,394656.5156278329,4438783.46565011,0.027979041626163274,0
actual,1745431176.7649965,394656.5154974433,4438783.465368571,0.028000736068765603,0
actual,1745431176.8649204,394656.51633915666,4438783.466430512,0.02793909103958504,0
actual,1745431176.9649844,394656.51633875124,4438783.466298111,0.02795001680070247,0
actual,1745431177.064932,394656.51631006727,4438783.46606668,0.027936420685829536,0
actual,1745431177.164987,394656.5162902359,4438783.465733355,0.02797211266903274,0
actual,1745431177.2649713,394656.51600598934,4438783.466768578,0.027916715918574416,0
actual,1745431177.3649974,394656.515960589,4438783.466726307,0.027935635287666134,0
actual,1745431177.4649277,394656.5159212934,4438783.46665552,0.02794521714525945,0
actual,1745431177.5650437,394656.51578735403,4438783.466581328,0.02796624836274621,0
actual,1745431177.664938,394656.51566656586,4438783.46646948,0.027984103080993927,0
actual,1745431177.7649596,394656.51681991667,4438783.465691653,0.02797464339644819,0
actual,1745431177.8649597,394656.51684433216,4438783.465479276,0.027988361684368954,0
actual,1745431177.9649932,394656.5168746957,4438783.465181116,0.028038417727316016,0
actual,1745431178.0649872,394656.516896831,4438783.464866524,0.02807957259107806,0
actual,1745431178.165034,394656.5168814835,4438783.464538316,0.028114322096485334,0
actual,1745431178.2649684,394656.5156884133,4438783.465366953,0.027963857261670815,0
actual,1745431178.3649843,394656.5155477317,4438783.46528109,0.027959057606227793,0
actual,1745431178.4649296,394656.51539062045,4438783.465109326,0.027968779090161412,0
actual,1745431178.5649867,394656.51522091747,4438783.464910239,0.02794720682060691,0
actual,1745431178.6649745,394656.5149858431,4438783.464668663,0.027983701655265987,0
actual,1745431178.765008,394656.5155684111,4438783.465190654,0.02793975426470086,0
actual,1745431178.8649735,394656.5154810733,4438783.465069125,0.027986895607797258,0
actual,1745431178.9650319,394656.51538805873,4438783.464962096,0.02800167854656153,0
actual,1745431179.0649824,394656.5152962003,4438783.4647769,0.028065330704381778,0
actual,1745431179.165011,394656.515181863,4438783.464603203,0.028076116839159154,0
actual,1745431179.2649672,394656.51597582945,4438783.464222175,0.02793043420649518,0
actual,1745431179.3649845,394656.5159673443,4438783.464129943,0.027932162082454755,0
actual,1745431179.4649642,394656.51594805054,4438783.464006234,0.027914063018111383,0
actual,1745431179.565083,394656.51589355443,4438783.463785297,0.02792910775626354,0
actual,1745431179.6649613,394656.5158707171,4438783.463546756,0.02792231842547331,0
actual,1745431179.764993,394656.5156107283,4438783.465761585,0.027885299992038714,0
actual,1745431179.8649328,394656.51555311616,4438783.465748068,0.027876363906268496,0
actual,1745431179.9649644,394656.5154897422,4438783.465718803,0.02788142536109915,0
actual,1745431180.0649586,394656.5154406529,4438783.46567499,0.02787357137946516,0
actual,1745431180.164961,394656.51539601793,4438783.465581305,0.027873449206417582,0
actual,1745431180.265002,394656.5160760927,4438783.465597959,0.02789980367812263,0
actual,1745431180.3650463,394656.5160827999,4438783.465489596,0.027918583420874048,0
actual,1745431180.4649708,394656.5160465072,4438783.465321466,0.02794081891554462,0
actual,1745431180.565067,394656.5160014474,4438783.465137007,0.027936699938509894,0
actual,1745431180.664965,394656.5159620525,4438783.464894477,0.02796066330913979,0
actual,1745431180.7649758,394656.51480203157,4438783.465426035,0.027927240253963908,0
actual,1745431180.8650289,394656.5146540134,4438783.465259328,0.02794787004572248,0
actual,1745431180.9649863,394656.51450435113,4438783.465041269,0.027966649788474147,0
actual,1745431181.0649357,394656.5143439823,4438783.464800399,0.027968918716501714,0
actual,1745431181.1649866,394656.5141492155,4438783.464523098,0.02797357874560443,0
actual,1745431181.2649412,394656.51402206597,4438783.466556949,0.027897674376435363,0
actual,1745431181.365016,394656.51389484527,4438783.466523028,0.027906331209525227,0
actual,1745431181.4649472,394656.5137036549,4438783.466423052,0.02794228499211631,0
actual,1745431181.5649776,394656.51346812013,4438783.466269201,0.02799368493858749,0
actual,1745431181.6649213,394656.5132108886,4438783.466117803,0.02800047426937772,0
actual,1745431181.764969,394656.5152708942,4438783.466180782,0.027926838828235972,0
actual,1745431181.8649259,394656.51534478884,4438783.4659948405,0.027925372751664276,0
actual,1745431181.9650757,394656.51539327,4438783.465735964,0.02795333292628132,0
actual,1745431182.0649064,394656.51541147224,4438783.465430763,0.027981031301510483,0
actual,1745431182.1650321,394656.51541696966,4438783.465124523,0.027994225990655482,0
actual,1745431182.264941,394656.51429311594,4438783.467024254,0.027944152494415942,0
actual,1745431182.364977,394656.51415608596,4438783.466953405,0.027970245166733108,0
actual,1745431182.464961,394656.51405963773,4438783.466879532,0.027966387989086267,0
actual,1745431182.564989,394656.513931464,4438783.466729774,0.02799687889111851,0
actual,1745431182.6649246,394656.5138052376,4438783.466578072,0.02796425868739875,0
actual,1745431182.7650988,394656.5161643866,4438783.463737839,0.027866782048674932,0
actual,1745431182.8649728,394656.51627118484,4438783.463394092,0.027863727722483963,0
actual,1745431182.9651318,394656.51635488705,4438783.462944027,0.027858526641313008,0
actual,1745431183.0649579,394656.51646059204,4438783.462432343,0.02786119699506851,0
actual,1745431183.1649685,394656.5165632843,4438783.461890886,0.027854931263053797,0
actual,1745431183.264921,394656.5168984918,4438783.462153868,0.027860254517272583,0
actual,1745431183.3649776,394656.51693462726,4438783.46184313,0.027844947979732547,0
actual,1745431183.4649692,394656.5169462283,4438783.461489243,0.02786065594300052,0
actual,1745431183.5650046,394656.51693313377,4438783.461125272,0.02784828155860387,0
actual,1745431183.6649566,394656.5168942102,4438783.460685631,0.0278268314620967,0
actual,1745431183.7650292,394656.5161248457,4438783.463818363,0.027819117106803015,0
actual,1745431183.8650162,394656.5159722704,4438783.463771341,0.027815259929156174,0
actual,1745431183.9649668,394656.5158011152,4438783.463689939,0.027820844982762345,0
actual,1745431184.0650196,394656.5156088846,4438783.463602538,0.02783548829518656,0
actual,1745431184.164953,394656.5153925539,4438783.46350496,0.027822311059334037,0
actual,1745431184.264937,394656.51515644044,4438783.463343503,0.02781831425534714,0
actual,1745431184.3650086,394656.5155226301,4438783.465452358,0.027891687897101006,0
actual,1745431184.4649663,394656.5154148437,4438783.46542546,0.027910467639852426,0
actual,1745431184.5649953,394656.51527867076,4438783.465351803,0.02794081891554462,0
actual,1745431184.665007,394656.5151656165,4438783.46528772,0.027935233861938198,0
actual,1745431184.764971,394656.5150177083,4438783.465193808,0.027932703134522747,0
actual,1745431184.8649297,394656.51608024136,4438783.461220114,0.027935635287666134,0
actual,1745431184.964966,394656.51604436187,4438783.460872316,0.027919124472942286,0
actual,1745431185.0649247,394656.5160094057,4438783.460513135,0.02791285874092757,0
actual,1745431185.165006,394656.51595448516,4438783.460133515,0.027890361446869367,0
actual,1745431185.264954,394656.51672979264,4438783.460277171,0.0278930143473324,0
actual,1745431185.365053,394656.5167003913,4438783.460126451,0.027899402252394692,0
actual,1745431185.4649503,394656.5166478815,4438783.4599296525,0.027899541878734994,0
actual,1745431185.5649748,394656.516586544,4438783.459704752,0.0279212537746298,0
actual,1745431185.6649547,394656.5165235083,4438783.459485658,0.027942546791503944,0
actual,1745431185.7649815,394656.5163931999,4438783.460043473,0.027937083910945355,0
actual,1745431185.8650541,394656.5163022173,4438783.4598953165,0.027956125453084655,0
actual,1745431185.9650059,394656.5162050796,4438783.459727076,0.028005134298480436,0
actual,1745431186.0648732,394656.51611045765,4438783.459571104,0.028000334643037663,0
actual,1745431186.1649864,394656.5159649213,4438783.459361676,0.028012988280114424,0
actual,1745431186.264882,394656.51607673883,4438783.461514329,0.02792137594767738,0
actual,1745431186.3649848,394656.5160264735,4438783.461533981,0.02794467609319146,0
actual,1745431186.464929,394656.5159739328,4438783.461520794,0.02795933685890815,0
actual,1745431186.5649686,394656.51591397356,4438783.461504247,0.027981834152966355,0
actual,1745431186.6649423,394656.51584793656,4438783.461506844,0.027975568420951644,0
actual,1745431186.7650201,394656.51664800214,4438783.459989406,0.02790659300891286,0
actual,1745431186.8649387,394656.5166643803,4438783.459805655,0.02791099123862794,0
actual,1745431186.9649248,394656.5166708551,4438783.459615207,0.027932039909406927,0
actual,1745431187.0649395,394656.5166206375,4438783.45941288,0.02793748533667329,0
actual,1745431187.1650143,394656.51655387174,4438783.459199122,0.02792563455105216,0
actual,1745431187.2649662,394656.51612546085,4438783.46036995,0.02785746199046925,0
actual,1745431187.3649485,394656.51601867913,4438783.460317766,0.02783229434265554,0
actual,1745431187.464954,394656.5159124986,4438783.460213993,0.027840811549405344,0
actual,1745431187.5650434,394656.5157704946,4438783.460117657,0.027849747635175566,0
actual,1745431187.664951,394656.5155772036,4438783.459989067,0.027834964696411044,0
actual,1745431187.765033,394656.5159437095,4438783.463004705,0.027875299255424736,0
actual,1745431187.8649812,394656.51586502977,4438783.463138944,0.027892892174284818,0
actual,1745431187.9649925,394656.5157915775,4438783.463267875,0.02791139266435588,0
actual,1745431188.064935,394656.5156854625,4438783.463327157,0.027950400773137932,0
actual,1745431188.164974,394656.51558119204,4438783.463415295,0.027956003280036827,0
actual,1745431188.2649636,394656.51587416173,4438783.463698506,0.027910851612287887,0
actual,1745431188.3649724,394656.51585191855,4438783.4637215845,0.027895021475972333,0
actual,1745431188.4649484,394656.5158220712,4438783.463708191,0.02789434079756404,0
actual,1745431188.5650516,394656.5157743825,4438783.463689069,0.02789514364901991,0
actual,1745431188.6649482,394656.51571131474,4438783.4636097,0.027895946500475787,0
actual,1745431188.7649884,394656.51750104444,4438783.459513,0.02793429138414202,0
actual,1745431188.8649154,394656.51756524027,4438783.459153708,0.027978901999822968,0
actual,1745431188.9649885,394656.51764453936,4438783.4587760195,0.027976772698135702,0
actual,1745431189.0649216,394656.5177078493,4438783.458348591,0.02797225229537304,0
actual,1745431189.1650586,394656.51774909266,4438783.457929857,0.02796731301358972,0
actual,1745431189.2649581,394656.51609795145,4438783.461520289,0.02793882924019716,0
actual,1745431189.3650434,394656.5159135359,4438783.461521237,0.02794642142244351,0
actual,1745431189.46498,394656.5157284908,4438783.4615359735,0.02794228499211631,0
actual,1745431189.5650122,394656.51548186975,4438783.461525624,0.02795453720346513,0
actual,1745431189.6649213,394656.5152272231,4438783.461492898,0.02797944305189121,0
actual,1745431189.764956,394656.51677483594,4438783.460518149,0.027917920195758474,0
actual,1745431189.864918,394656.5167834525,4438783.460373178,0.02794162176700049,0
actual,1745431189.9650483,394656.5168116318,4438783.460173355,0.027964660113126687,0
actual,1745431190.065024,394656.5168604257,4438783.45998228,0.027961989759371184,0
actual,1745431190.1650515,394656.5168523843,4438783.459719371,0.027979041626163274,0
actual,1745431190.264969,394656.51633820275,4438783.460389641,0.027966387989086267,0
actual,1745431190.3650386,394656.51631882053,4438783.460220137,0.02797624909935994,0
actual,1745431190.4649591,394656.5163042018,4438783.460000521,0.02796624836274621,0
actual,1745431190.564982,394656.51626342617,4438783.459696789,0.027982357751742123,0
actual,1745431190.6649215,394656.51617832854,4438783.459371174,0.027994889215771302,0
actual,1745431190.7650447,394656.5157673404,4438783.460317325,0.02788996002114143,0
actual,1745431190.8650177,394656.51565409836,4438783.460179681,0.02787969748513982,0
actual,1745431190.9651375,394656.51549111644,4438783.459996597,0.027874775656648972,0
actual,1745431191.06494,394656.5152975506,4438783.459786458,0.027888493944569735,0
actual,1745431191.1650016,394656.5150799306,4438783.459575469,0.02789194969648864,0
actual,1745431191.2649229,394656.5151801232,4438783.463790709,0.027896749351931663,0
actual,1745431191.3649533,394656.5150903357,4438783.463935021,0.02790900156328073,0
actual,1745431191.4649377,394656.51496593055,4438783.464076354,0.027900466903238448,0
actual,1745431191.56499,394656.5148198169,4438783.464190013,0.02790619158318492,0
actual,1745431191.6650188,394656.51463033457,4438783.464273024,0.02791352196604339,0
actual,1745431191.7650914,394656.51431781694,4438783.465328287,0.027939230665925345,0
actual,1745431191.8649788,394656.5141838351,4438783.465355432,0.02794881252351866,0
actual,1745431191.9650145,394656.51399093866,4438783.465310048,0.027985830956953502,0
actual,1745431192.0649498,394656.513795314,4438783.465261307,0.028005134298480436,0
actual,1745431192.1649463,394656.51360482187,4438783.465147956,0.028036428051968806,0
actual,1745431192.2650516,394656.5143859058,4438783.464418216,0.027913120540315455,0
actual,1745431192.3650262,394656.51437525963,4438783.464251169,0.027892892174284818,0
actual,1745431192.4650493,394656.5143559139,4438783.464036339,0.027906331209525227,0
actual,1745431192.5650144,394656.5142955247,4438783.463782246,0.027930573832835235,0
actual,1745431192.664925,394656.51422836387,4438783.46350867,0.02792045092317368,0
actual,1745431192.764995,394656.51580676937,4438783.460564106,0.027901269754694324,0
actual,1745431192.8649213,394656.5158530821,4438783.460177571,0.027895684701087903,0
actual,1745431192.9650016,394656.5158767804,4438783.45974866,0.027915651267730907,0
actual,1745431193.0649552,394656.51586579473,4438783.459230172,0.027978640200435334,0
actual,1745431193.165005,394656.5158825693,4438783.458681665,0.02797944305189121,0
actual,1745431193.2649932,394656.51594421477,4438783.46395594,0.02785746199046925,0
actual,1745431193.3650005,394656.515911298,4438783.464024175,0.027848944783719444,0
actual,1745431193.4649174,394656.5158650185,4438783.464081022,0.027826569662709064,0
actual,1745431193.5649803,394656.5157861683,4438783.464091337,0.027850131607611028,0
actual,1745431193.6649206,394656.515682888,4438783.464088337,0.0278690509767025,0
actual,1745431193.7649946,394656.5158599115,4438783.4658771865,0.027898616854231294,0
actual,1745431193.8649285,394656.51577135833,4438783.465929043,0.027922178799133255,0
actual,1745431193.965027,394656.5156561793,4438783.465927666,0.027947346446946963,0
actual,1745431194.064948,394656.5155349651,4438783.465878618,0.027944553920143878,0
actual,1745431194.1649852,394656.5153489226,4438783.465739342,0.027959860457683918,0
actual,1745431194.2649627,394656.5156934977,4438783.466254198,0.027926978454576274,0
actual,1745431194.3649633,394656.51559322793,4438783.4661666555,0.027932039909406927,0
actual,1745431194.46489,394656.515453308,4438783.466015921,0.027949336122294176,0
actual,1745431194.5649955,394656.5153291888,4438783.465814061,0.027971589070257222,0
actual,1745431194.6649544,394656.5151626081,4438783.465584319,0.028005535724208375,0
actual,1745431194.764948,394656.51691604656,4438783.462189021,0.02793949246531298,0
actual,1745431194.8649974,394656.5170001519,4438783.461861595,0.027896609725591607,0
actual,1745431194.9649715,394656.5170573668,4438783.46144784,0.02791099123862794,0
actual,1745431195.064957,394656.51714417303,4438783.461061375,0.027870639226321773,0
actual,1745431195.1650016,394656.51718310686,4438783.460626707,0.027853343013434527,0
actual,1745431195.2648888,394656.51604458655,4438783.464918523,0.027889558595413495,0
actual,1745431195.365004,394656.515899962,4438783.464925347,0.027918443794533992,0
actual,1745431195.4650974,394656.5157434027,4438783.464918404,0.027936158886441652,0
actual,1745431195.565077,394656.5155831345,4438783.464904654,0.02793296493391063,0
actual,1745431195.665152,394656.51536482695,4438783.464821885,0.02796293223716736,0
actual,1745431195.76524,394656.5154103964,4438783.463827786,0.027947747872674903,0
actual,1745431195.8650115,394656.515256678,4438783.463724642,0.027950400773137932,0
actual,1745431195.9649992,394656.5151276993,4438783.463566991,0.027962251558759064,0
actual,1745431196.0649521,394656.51501299744,4438783.4633906325,0.02796972156795759,0
actual,1745431196.164904,394656.51488770155,4438783.46315764,0.027977976975319514,0
actual,1745431196.2649412,394656.51569083397,4438783.462391354,0.027910851612287887,0
actual,1745431196.3650463,394656.51563237817,4438783.462171018,0.027941080714932252,0
actual,1745431196.4649599,394656.5155864866,4438783.461930748,0.027955340054921254,0
actual,1745431196.5650473,394656.5155165738,4438783.461653423,0.027956003280036827,0
actual,1745431196.6649785,394656.51544975804,4438783.461314808,0.027958272208064395,0
actual,1745431196.765019,394656.51513815596,4438783.461139533,0.027889418969073192,0
actual,1745431196.8650587,394656.51507528697,4438783.460946723,0.027893153973672452,0
actual,1745431196.9649847,394656.5149864802,4438783.460681044,0.02791285874092757,0
actual,1745431197.0649984,394656.51492154837,4438783.460383482,0.02791458661688715,0
actual,1745431197.1651282,394656.5148097816,4438783.4599984065,0.02795586365369677,0
actual,1745431197.2649941,394656.5156101571,4438783.460686791,0.02795387397834956,0
actual,1745431197.3650613,394656.51567536546,4438783.4605071945,0.027953472552621626,0
actual,1745431197.4649699,394656.5157025497,4438783.460324833,0.027948271471450667,0
actual,1745431197.5652676,394656.51570271986,4438783.460131104,0.027955462227968835,0
actual,1745431197.6650314,394656.5156609539,4438783.459891712,0.02800300499679317,0
actual,1745431197.7649863,394656.5147598106,4438783.46230638,0.02792991060771966,0
actual,1745431197.8649657,394656.514603276,4438783.462302617,0.02793748533667329,0
actual,1745431197.9650323,394656.5144171238,4438783.462274599,0.027942424618456366,0
actual,1745431198.0650826,394656.51422034245,4438783.462223798,0.027920974521949443,0
actual,1745431198.1650798,394656.51398985204,4438783.462084182,0.027943751068688006,0
actual,1745431198.2649581,394656.5155101982,4438783.463419867,0.027941883566388374,0
actual,1745431198.3650248,394656.5155222729,4438783.463378208,0.027936158886441652,0
actual,1745431198.4649236,394656.5154794536,4438783.463284197,0.02796106473486773,0
actual,1745431198.5649958,394656.51546226675,4438783.463186743,0.027938951413244987,0
actual,1745431198.6649618,394656.5154629168,4438783.463071209,0.027908460511212492,0
actual,1745431198.7650259,394656.516052264,4438783.461071796,0.02789514364901991,0
actual,1745431198.8649838,394656.51603542006,4438783.4607376885,0.027905406185021523,0
actual,1745431198.9649966,394656.5160318903,4438783.460396789,0.027889680768461073,0
actual,1745431199.0649605,394656.5159765431,4438783.460006761,0.02790353868272189,0
actual,1745431199.1649566,394656.51593450725,4438783.459562976,0.02792991060771966,0
actual,1745431199.2649515,394656.51664401905,4438783.462919296,0.027911933716424118,0
actual,1745431199.3649752,394656.51670060586,4438783.462963408,0.027910589812900004,0
actual,1745431199.4649756,394656.5167615831,4438783.462977021,0.02792045092317368,0
actual,1745431199.565003,394656.5167806859,4438783.46297775,0.027948009672062783,0
actual,1745431199.6649644,394656.5168354006,4438783.462964167,0.027950278600090354,0
actual,1745431199.764998,394656.5158424331,4438783.464121873,0.027877829982840188,0
actual,1745431199.864914,394656.51574762235,4438783.464111442,0.027899402252394692,0
actual,1745431199.9649088,394656.51566065673,4438783.464073622,0.027929631355039303,0
actual,1745431200.0649526,394656.5155336916,4438783.46401867,0.027942948217231884,0
actual,1745431200.164955,394656.51541397435,4438783.4639329165,0.027942424618456366,0
actual,1745431200.26493,394656.51668803446,4438783.464417554,0.02788090176232363,0
actual,1745431200.3649826,394656.5167496546,4438783.464262253,0.027918181995146108,0
actual,1745431200.464971,394656.5168502461,4438783.464066021,0.027898215428503355,0
actual,1745431200.5650234,394656.5169319399,4438783.46383118,0.027904603333565647,0
actual,1745431200.6649413,394656.51702168334,4438783.4635528345,0.027902596204925963,0
actual,1745431200.764983,394656.5168695133,4438783.46443697,0.027874775656648972,0
actual,1745431200.8649268,394656.51684195455,4438783.464316595,0.02787837103490818,0
actual,1745431200.9649923,394656.51679703314,4438783.46415919,0.027901531554082204,0
actual,1745431201.0649312,394656.51676276705,4438783.46399897,0.02790833833816491,0
actual,1745431201.1650004,394656.5167172785,4438783.463820423,0.02788130318805157,0
actual,1745431201.264943,394656.51508971927,4438783.46469706,0.02784520977912018,0
actual,1745431201.3649986,394656.51490758726,4438783.464633836,0.02784255687865715,0
actual,1745431201.4649725,394656.5146834219,4438783.464581737,0.02785800304253749,0
actual,1745431201.5649738,394656.51444309694,4438783.464491688,0.0278500094345632,0
actual,1745431201.6649323,394656.5141599965,4438783.4643843295,0.02783908367344577,0
actual,1745431201.7649899,394656.5154069065,4438783.463658961,0.02788009891086776,0
actual,1745431201.8649588,394656.515391813,4438783.463451557,0.027883694289126716,0
actual,1745431201.9649706,394656.51539170236,4438783.46322801,0.027866782048674932,0
actual,1745431202.0649219,394656.51538370934,4438783.462974365,0.027857601616809554,0
actual,1745431202.1650248,394656.51539202605,4438783.462669687,0.02783735579748644,0
actual,1745431202.2649586,394656.51599632384,4438783.462923639,0.027869173149750077,0
actual,1745431202.364986,394656.5160183503,4438783.462778382,0.027884235341194958,0
actual,1745431202.4649222,394656.5160467614,4438783.462631861,0.02788076213598333,0
actual,1745431202.5649433,394656.5161166038,4438783.462430406,0.027870639226321773,0
actual,1745431202.6650286,394656.51616806607,4438783.462130477,0.027885561791426348,0
actual,1745431202.765033,394656.5164741898,4438783.465185488,0.02789448042390409,0
actual,1745431202.865016,394656.5164649474,4438783.465191557,0.027909926587784184,0
actual,1745431202.9650815,394656.5164338442,4438783.46517483,0.02791099123862794,0
actual,1745431203.0649946,394656.5163997448,4438783.465104527,0.02791153229069618,0
actual,1745431203.1649756,394656.5163349228,4438783.46498009,0.02792910775626354,0
actual,1745431203.2650244,394656.5167493402,4438783.464117119,0.02792816527846761,0
actual,1745431203.3649654,394656.51668319694,4438783.463894137,0.027940557116156735,0
actual,1745431203.464919,394656.51660927595,4438783.463632267,0.027944553920143878,0
actual,1745431203.565017,394656.5165014524,4438783.463311848,0.027962129385711486,0
actual,1745431203.664969,394656.5163957675,4438783.462965235,0.02795399615139714,0
actual,1745431203.7650332,394656.51592522894,4438783.46342722,0.027918443794533992,0
actual,1745431203.8649364,394656.5158139046,4438783.4632130405,0.02792523312532422,0
actual,1745431203.9650195,394656.51567273226,4438783.46296427,0.027936420685829536,0
actual,1745431204.0649211,394656.51552690193,4438783.462720799,0.0279161923197989,0
actual,1745431204.164984,394656.5153455818,4438783.462427115,0.027925110952276642,0
actual,1745431204.264921,394656.5165170526,4438783.463482719,0.027939614638360557,0
actual,1745431204.3650193,394656.5164611575,4438783.463359332,0.027986092756341386,0
actual,1745431204.4649324,394656.51642671856,4438783.463227581,0.027989286708872407,0
actual,1745431204.5650566,394656.5163942429,4438783.463074978,0.02799181743628786,0
actual,1745431204.6649594,394656.516400934,4438783.462920564,0.02796905834284177,0
actual,1745431204.7650344,394656.51841232943,4438783.460475959,0.0279161923197989,0
actual,1745431204.8649578,394656.51857235393,4438783.460196079,0.02791153229069618,0
actual,1745431204.9649758,394656.51874097926,4438783.459866522,0.027926699201895916,0
actual,1745431205.0649643,394656.5189007353,4438783.459519299,0.027890221820529314,0
actual,1745431205.1651905,394656.5190130314,4438783.4590765685,0.02792004949744574,0
actual,1745431205.2650542,394656.5159166667,4438783.463360357,0.027911933716424118,0
actual,1745431205.3650675,394656.51566549495,4438783.463474688,0.027894620050244148,0
actual,1745431205.464927,394656.5153811624,4438783.4635600485,0.027878231408568127,0
actual,1745431205.5649958,394656.51507199404,4438783.463598364,0.02787290815434934,0
actual,1745431205.664947,394656.51474137045,4438783.463576475,0.027891146845032768,0
actual,1745431205.764954,394656.5159581589,4438783.463965837,0.02792045092317368,0
actual,1745431205.8649223,394656.51589761925,4438783.463879174,0.027944955345871818,0
actual,1745431205.9649947,394656.5158607787,4438783.463753355,0.027961186907915308,0
actual,1745431206.0649562,394656.51581141906,4438783.463569448,0.02801019575331134,0
actual,1745431206.1651075,394656.51576269337,4438783.463347785,0.028047214186746182,0
actual,1745431206.2649856,394656.51507462456,4438783.4643050665,0.027926838828235972,0
actual,1745431206.3650007,394656.51498702366,4438783.46419107,0.027926978454576274,0
actual,1745431206.4649646,394656.51491847413,4438783.4640449,0.027927100627623852,0
actual,1745431206.5649707,394656.5148434151,4438783.463846661,0.0279029976306539,0
actual,1745431206.664966,394656.51476772263,4438783.463562142,0.02791872304721435,0
actual,1745431206.7649758,394656.51667567855,4438783.462025443,0.02792882850358343,0
actual,1745431206.864952,394656.5167672152,4438783.461753513,0.027930172407107295,0
actual,1745431206.9650233,394656.5168561038,4438783.4614326805,0.02790940298900867,0
actual,1745431207.0649242,394656.51693023037,4438783.461067995,0.027901810806762562,0
actual,1745431207.1649663,394656.51693101076,4438783.460624299,0.027927641679692094,0
actual,1745431207.264923,394656.5166256416,4438783.461843221,0.02792137594767738,0
actual,1745431207.3649464,394656.5165364541,4438783.461675687,0.02793949246531298,0
actual,1745431207.4648514,394656.5163990426,4438783.461426759,0.027983160603197995,0
actual,1745431207.5650413,394656.51625808614,4438783.461185875,0.027964660113126687,0
actual,1745431207.664984,394656.5160677251,4438783.460904635,0.02798010627700703,0
actual,1745431207.7650623,394656.5154796936,4438783.46415903,0.027891024671985187,0
actual,1745431207.8649604,394656.5153504242,4438783.464222971,0.027911253038015824,0
actual,1745431207.964999,394656.5151930294,4438783.46422725,0.02794029531676885,0
actual,1745431208.064957,394656.5150146745,4438783.464203692,0.027965061538854627,0
actual,1745431208.1649547,394656.5148232397,4438783.464155373,0.027957067930880583,0
actual,1745431208.2649338,394656.5159991974,4438783.464935539,0.027936158886441652,0
actual,1745431208.3650012,394656.51595191134,4438783.46483327,0.027979041626163274,0
actual,1745431208.4649117,394656.5159237346,4438783.464654981,0.02799687889111851,0
actual,1745431208.5649972,394656.51591540524,4438783.464449431,0.027980228450054608,0
actual,1745431208.664927,394656.5159220556,4438783.464091021,0.028008991476127527,0
actual,1745431208.7649634,394656.51726223703,4438783.4622105695,0.027893555399400638,0
actual,1745431208.8649187,394656.5175319761,4438783.461963244,0.027824038935293616,0
actual,1745431208.9650066,394656.5181084104,4438783.461871876,0.02769727567172136,0
actual,1745431209.0649786,394656.5188690797,4438783.461614002,0.027564386302474445,0
actual,1745431209.1650102,394656.5196821355,4438783.461082273,0.027473297568812918,0
actual,1745431209.2649536,394656.518803705,4438783.464978305,0.027698200696224813,0
actual,1745431209.3649423,394656.5188594095,4438783.4652047,0.02776705393521602,0
actual,1745431209.4649577,394656.5181163971,4438783.4659479605,0.027576359261143157,0
actual,1745431209.5649989,394656.51739147404,4438783.466654846,0.027271694586914853,0
actual,1745431209.6649506,394656.51747013244,4438783.466855521,0.027216577089136888,0
actual,1745431209.764982,394656.5194268288,4438783.467394004,0.027430694081771654,0
actual,1745431209.864952,394656.51907838316,4438783.467597017,0.027431357306887474,0
actual,1745431209.9649856,394656.5191153529,4438783.468018298,0.0274346908857588,0
actual,1745431210.06502,394656.5187097674,4438783.4679143885,0.0274346908857588,0
actual,1745431210.1650317,394656.5184339761,4438783.467967654,0.027567318455617832,0
actual,1745431210.2649686,394656.5194128915,4438783.468220524,0.02736398759776044,0
actual,1745431210.3649962,394656.5194375713,4438783.467766387,0.027522166787868646,0
actual,1745431210.4649282,394656.5191445595,4438783.467262227,0.02765666186002731,0
actual,1745431210.5649645,394656.5187761905,4438783.466909946,0.027842155452929212,0
actual,1745431210.664954,394656.5182698068,4438783.466139529,0.027979565224938788,0
actual,1745431210.7650313,394656.520039123,4438783.461383001,0.02791938627233017,0
actual,1745431210.864928,394656.52016509767,4438783.461018427,0.027704204628851644,0
actual,1745431210.9650671,394656.51956671063,4438783.459396036,0.02781032064737285,0
actual,1745431211.0648897,394656.5195579545,4438783.457379448,0.028023512615503916,0
actual,1745431211.1649878,394656.51977607515,4438783.456582234,0.028184239986320296,0
actual,1745431211.2649481,394656.5182756452,4438783.467795165,0.027847740506535632,0
actual,1745431211.3649504,394656.5179176384,4438783.46787979,0.02806892608264099,0
actual,1745431211.4649465,394656.5176747678,4438783.4686235795,0.027955340054921254,0
actual,1745431211.5649786,394656.5171968045,4438783.469092997,0.02800967215453582,0
actual,1745431211.664954,394656.5167321149,4438783.469316674,0.027981834152966355,0
actual,1745431211.7650676,394656.5189347222,4438783.467268116,0.02811207062175024,0
actual,1745431211.8649712,394656.5188205169,4438783.467446696,0.028029237295450638,0
actual,1745431211.9650133,394656.51872226107,4438783.467398864,0.02813669721749596,0
actual,1745431212.0649567,394656.5185791897,4438783.46751492,0.02809302907961094,0
actual,1745431212.1649897,394656.51848566736,4438783.467467614,0.02811446172282539,0
actual,1745431212.2649524,394656.52013206156,4438783.46381119,0.02814402760035418,0
actual,1745431212.3651037,394656.5202461038,4438783.463291458,0.02815441230940362,0
actual,1745431212.4649599,394656.5204225123,4438783.4626093805,0.028202077251275538,0
actual,1745431212.565012,394656.52049308823,4438783.461957493,0.028176386004686308,0
actual,1745431212.6649363,394656.52059969184,4438783.461358704,0.028185304637163806,0
actual,1745431212.7649639,394656.5194834984,4438783.465103849,0.028143748347673823,0
actual,1745431212.8649251,394656.5193199725,4438783.464883091,0.028212723759712857,0
actual,1745431212.964978,394656.5192424037,4438783.464842594,0.02819940689752003,0
actual,1745431213.0649714,394656.51905857393,4438783.464646855,0.02822431274594586,0
actual,1745431213.1650178,394656.51877897565,4438783.464393771,0.028198342246676274,0
actual,1745431213.2648604,394656.5206374362,4438783.46845797,0.028239758909826197,0
actual,1745431213.3650293,394656.5207312369,4438783.468717229,0.028251749321787385,0
actual,1745431213.4649668,394656.5208154019,4438783.469065119,0.02824907896803188,0
actual,1745431213.5649598,394656.5209044182,4438783.46940077,0.02826440295886439,0
actual,1745431213.664871,394656.52087762725,4438783.469653761,0.028270389438198748,0
actual,1745431213.7648911,394656.5202835961,4438783.467721828,0.02830793147040911,0
actual,1745431213.8649707,394656.5202244039,4438783.467652041,0.028300880340230997,0
actual,1745431213.965066,394656.5200090137,4438783.467399641,0.028336432697094145,0
actual,1745431214.0650122,394656.5199587886,4438783.467099872,0.028385162289809817,0
actual,1745431214.1650007,394656.5197737759,4438783.4668752765,0.028420330674237503,0
actual,1745431214.2650156,394656.52045973035,4438783.464855622,0.028412860665038977,0
actual,1745431214.3650267,394656.5204605462,4438783.464106762,0.028451746600773452,0
actual,1745431214.4649456,394656.52034500905,4438783.463419292,0.028454539127576537,0
actual,1745431214.564972,394656.5200767508,4438783.46263299,0.028466791338925608,0
actual,1745431214.6649413,394656.51990940224,4438783.461722244,0.028466930965265664,0
actual,1745431214.7649791,394656.5220611718,4438783.463023177,0.02846066523325095,0
actual,1745431214.8648517,394656.52217756555,4438783.462307678,0.028456668429264052,0
actual,1745431214.9650047,394656.5222845352,4438783.461445795,0.02847412172178383,0
actual,1745431215.0649464,394656.52236737974,4438783.460520631,0.028503286173584687,0
actual,1745431215.1650012,394656.5224887914,4438783.4596127365,0.028496619015842037,0
actual,1745431215.2649527,394656.52064735955,4438783.465879994,0.028486234306792844,0
actual,1745431215.365143,394656.52041500586,4438783.465934274,0.028493686862698896,0
actual,1745431215.4649584,394656.5201207529,4438783.465997666,0.02850780657634735,0
actual,1745431215.5649338,394656.51979650283,4438783.465992377,0.028533777075617182,0
actual,1745431215.6649828,394656.5194980782,4438783.4659432685,0.02853484172646069,0
actual,1745431215.7651296,394656.52016136795,4438783.465579463,0.028067058580341357,0
actual,1745431215.8651922,394656.51997747994,4438783.465464876,0.028085559070412415,0
actual,1745431215.965078,394656.51987560245,4438783.465369602,0.02806864682996063,0
actual,1745431216.0648947,394656.51964708976,4438783.465131931,0.02810234913781662,0
actual,1745431216.1650965,394656.51950208226,4438783.464847512,0.028104338813163834,0
actual,1745431216.2651405,394656.51977733884,4438783.465457308,0.028062922150014154,0
actual,1745431216.3650568,394656.5197970869,4438783.465383459,0.02801752613616981,0
actual,1745431216.4653003,394656.51975311444,4438783.465206917,0.028038819153043956,0
actual,1745431216.565169,394656.51972088794,4438783.4650224345,0.028055609220448162,0
actual,1745431216.6652753,394656.51964473526,4438783.46468425,0.028111128143954063,0
actual,1745431216.7650657,394656.52024633135,4438783.464763098,0.028072381834559894,0
actual,1745431216.8650055,394656.5202357569,4438783.46456787,0.02810859741653886,0
actual,1745431216.9650931,394656.52017040504,4438783.464319403,0.028126713934174458,0
actual,1745431217.0650508,394656.5201151787,4438783.464029593,0.028136836843836013,0
actual,1745431217.165004,394656.520087826,4438783.463717684,0.02816186486530967,0
actual,1745431217.2649415,394656.5197963581,4438783.46550426,0.028076780064274973,0
actual,1745431217.3650355,394656.5196290931,4438783.465359794,0.028056010646176098,0
actual,1745431217.4649754,394656.519548308,4438783.465145254,0.028092889453270885,0
actual,1745431217.5650842,394656.5194408832,4438783.464968937,0.02812257750384726,0
actual,1745431217.665145,394656.5192572857,4438783.464748536,0.028123642154691014,0
actual,1745431217.7650726,394656.51942899945,4438783.463630539,0.02807730366305049,0
actual,1745431217.8649385,394656.5193515585,4438783.463348376,0.02807890936596224,0
actual,1745431217.9650357,394656.5192029672,4438783.463090202,0.028055469594108106,0
actual,1745431218.0650175,394656.519078189,4438783.4627417475,0.02805386389119611,0
actual,1745431218.1650329,394656.5189102658,4438783.462353297,0.02806625572888548,0
actual,1745431218.2650115,394656.5192422754,4438783.465885889,0.028057459269455316,0
actual,1745431218.3649673,394656.519126561,4438783.465861201,0.028091563003039246,0
actual,1745431218.4650126,394656.51906186604,4438783.465811341,0.028086763347596227,0
actual,1745431218.5650067,394656.5190237198,4438783.465692036,0.02809381447777434,0
actual,1745431218.6649563,394656.51890699053,4438783.465578138,0.028096484831529846,0
actual,1745431218.7650843,394656.5201865836,4438783.464098491,0.02804920386209339,0
actual,1745431218.8650208,394656.5201992438,4438783.463814908,0.0280759772128191,0
actual,1745431218.965107,394656.52011862246,4438783.463396107,0.02812631250844652,0
actual,1745431219.0649352,394656.52007807494,4438783.46308326,0.028098753759557414,0
actual,1745431219.1650224,394656.5200702278,4438783.462741809,0.028112454594185703,0
actual,1745431219.2650502,394656.51939793176,4438783.463783692,0.028064650025973484,0
actual,1745431219.3650932,394656.51922821166,4438783.463631709,0.028095280554346035,0
actual,1745431219.465032,394656.5190949936,4438783.463528853,0.02809981841040117,0
actual,1745431219.565035,394656.51889565896,4438783.463407719,0.028096886257257783,0
actual,1745431219.664983,394656.5186445643,4438783.463248622,0.02810966206738237,0
actual,1745431219.765064,394656.51846402924,4438783.463087417,0.02811472352221327,0
actual,1745431219.8650317,394656.51820680604,4438783.462884843,0.028111529569682,0
actual,1745431219.9649265,394656.51791207574,4438783.462621228,0.028107532765695102,0
actual,1745431220.0648937,394656.51760612545,4438783.462249047,0.02814840837677679,0
actual,1745431220.1650863,394656.51722728065,4438783.4618765935,0.02814535405058582,0
actual,1745431220.2650292,394656.5191789172,4438783.466166175,0.02805253744096472,0
actual,1745431220.3650672,394656.5191041282,4438783.46617405,0.02804960528782133,0
actual,1745431220.4649935,394656.5189749487,4438783.466096816,0.028086501548208593,0
actual,1745431220.5651655,394656.51890851866,4438783.466061203,0.0280883515972155,0
actual,1745431220.6651084,394656.5187359614,4438783.46595056,0.02812058782850005,0
actual,1745431220.7649949,394656.5193878589,4438783.465913893,0.028093954104114645,0
actual,1745431220.8649626,394656.51935362234,4438783.465755636,0.02807957259107806,0
actual,1745431220.9650667,394656.51927056414,4438783.465525203,0.028078647566574605,0
actual,1745431221.0649893,394656.51919172576,4438783.465243254,0.02810220951147657,0
actual,1745431221.165042,394656.5190986768,4438783.464970405,0.028115526373669146,0
actual,1745431221.2650328,394656.5185351426,4438783.465223344,0.028068123231185113,0
actual,1745431221.3650298,394656.5183697133,4438783.465113639,0.028110988517614007,0
actual,1745431221.46521,394656.5181963712,4438783.464966573,0.028117516049016356,0
actual,1745431221.565048,394656.517970664,4438783.464864868,0.028102733110252083,0
actual,1745431221.6649945,394656.5177049748,4438783.464712613,0.028097950908101542,0
actual,1745431221.7649415,394656.5201968463,4438783.465440758,0.028064126427197966,0
actual,1745431221.864967,394656.52028073126,4438783.4652837645,0.028074249336859522,0
actual,1745431221.9650557,394656.52035502886,4438783.465137215,0.028088753022943686,0
actual,1745431222.064981,394656.5204532798,4438783.464938729,0.028080637241921818,0
actual,1745431222.1652088,394656.5205220863,4438783.464670132,0.028068123231185113,0
actual,1745431222.2651093,394656.5199755581,4438783.465090812,0.028000613895717775,0
actual,1745431222.3650336,394656.51994605426,4438783.465061626,0.02799129383751234,0
actual,1745431222.4649546,394656.51989309327,4438783.464969543,0.028002481398017406,0
actual,1745431222.5649996,394656.519810328,4438783.464835,0.02802005686358501,0
actual,1745431222.6649275,394656.5197108294,4438783.46469725,0.028029097669110336,0
actual,1745431222.7649665,394656.5199929128,4438783.46511571,0.028028172644606882,0
actual,1745431222.8649478,394656.5199310395,4438783.465068519,0.02803230907493408,0
actual,1745431222.9649796,394656.51985468436,4438783.465007318,0.028050949191345445,0
actual,1745431223.064929,394656.5197434982,4438783.4649074,0.02804600990956212,0
actual,1745431223.1649804,394656.51961334766,4438783.464760814,0.028017927561897745,0
actual,1745431223.2649424,394656.51935785596,4438783.466512457,0.027996355292342994,0
actual,1745431223.3651273,394656.5192338344,4438783.466494245,0.02804148950679946,0
actual,1745431223.465002,394656.51909647085,4438783.466480122,0.028070653958600315,0
actual,1745431223.5650537,394656.51891131874,4438783.4664678695,0.02807796688816631,0
actual,1745431223.664966,394656.5187137676,4438783.46645356,0.028067460006069293,0
actual,1745431223.765003,394656.5194807558,4438783.465351416,0.028045887736514542,0
actual,1745431223.864944,394656.5194137974,4438783.465220381,0.02805014633988957,0
actual,1745431223.9650295,394656.51928305975,4438783.46506144,0.0280518742158489,0
actual,1745431224.0649643,394656.51910783676,4438783.464836915,0.028087426572712047,0
actual,1745431224.1649525,394656.51894191257,4438783.46459149,0.02808702514698411,0
actual,1745431224.2649572,394656.52052475733,4438783.466328972,0.02803988380388771,0
actual,1745431224.3649943,394656.52052697545,4438783.466242527,0.028067721805456927,0
actual,1745431224.4649448,394656.520571945,4438783.466174302,0.028053602091808474,0
actual,1745431224.5649903,394656.52054250153,4438783.466044285,0.028056010646176098,0
actual,1745431224.6649213,394656.5205699974,4438783.4659038745,0.02806758217911687,0
actual,1745431224.7650015,394656.5210633735,4438783.465905407,0.028072242208219838,0
actual,1745431224.865053,394656.52104293794,4438783.465778839,0.02807278326028783,0
actual,1745431224.965039,394656.52105420583,4438783.465606326,0.028100080209789054,0
actual,1745431225.0650332,394656.521035129,4438783.465457627,0.028074511136247406,0
actual,1745431225.165036,394656.5209184033,4438783.465227808,0.02808796762478029,0
actual,1745431225.2650316,394656.5210286488,4438783.466500628,0.028040948454731467,0
actual,1745431225.3649552,394656.52100282826,4438783.4663972305,0.028077705088778427,0
actual,1745431225.4649575,394656.5209903536,4438783.466238721,0.028095542353733915,0
actual,1745431225.564963,394656.5209826681,4438783.466035785,0.028142683696830314,0
actual,1745431225.6649733,394656.5209665122,4438783.465873013,0.0281356325666522,0
actual,1745431225.7650251,394656.5205903607,4438783.465124664,0.02803628842562875,0
actual,1745431225.8650565,394656.5205528491,4438783.464872859,0.028041890932527645,0
actual,1745431225.9649937,394656.5205123811,4438783.464612433,0.028042955583371155,0
actual,1745431226.0649288,394656.5204740118,4438783.464289983,0.028063864627810086,0
actual,1745431226.1649537,394656.5204087808,4438783.463904597,0.028086501548208593,0
actual,1745431226.2649176,394656.52120501583,4438783.464971596,0.028063585375129728,0
actual,1745431226.3649929,394656.52120414685,4438783.464798952,0.02811645139817285,0
actual,1745431226.4649463,394656.52121539577,4438783.46463874,0.02811406029709745,0
actual,1745431226.564971,394656.52118085115,4438783.464416694,0.02812058782850005,0
actual,1745431226.664873,394656.52114936826,4438783.464129807,0.028113658871369514,0
actual,1745431226.7650537,394656.52042320615,4438783.4655208895,0.028079712217418364,0
actual,1745431226.8649764,394656.52030925686,4438783.465565249,0.02806864682996063,0
actual,1745431226.964987,394656.52020740986,4438783.465512926,0.028080899041309698,0
actual,1745431227.0648782,394656.5200244539,4438783.465413342,0.02812577145637828,0
actual,1745431227.1650467,394656.51986339176,4438783.465361658,0.02814708192654515,0
actual,1745431227.26501,394656.5211320625,4438783.4645671565,0.02804468345933073,0
actual,1745431227.3651369,394656.5211055861,4438783.464405147,0.028063986800857664,0
actual,1745431227.4649599,394656.5211285879,4438783.4641519915,0.02809049835219549,0
actual,1745431227.5649464,394656.52115663164,4438783.463893454,0.02811273384686606,0
actual,1745431227.6649761,394656.52114851616,4438783.463604287,0.02809634520518979,0
actual,1745431227.7649536,394656.5198630633,4438783.4648755435,0.028023512615503916,0
actual,1745431227.8649502,394656.5197924982,4438783.464732097,0.0280428159570311,0
actual,1745431227.965025,394656.5196740256,4438783.464581889,0.028058401747251493,0
actual,1745431228.064966,394656.51954323926,4438783.464425686,0.02805400351753641,0
actual,1745431228.1650598,394656.5193678549,4438783.464225077,0.02805759889579537,0
actual,1745431228.26499,394656.5206937732,4438783.463992835,0.028039098405724314,0
actual,1745431228.3649862,394656.5206953487,4438783.463808601,0.02803562520051293,0
actual,1745431228.4649358,394656.52062735666,4438783.463552253,0.028068786456300683,0
actual,1745431228.5650222,394656.5205492701,4438783.463243914,0.028111128143954063,0
actual,1745431228.6649213,394656.52045978745,4438783.462894218,0.02812245533079968,0
actual,1745431228.7650418,394656.5204282382,4438783.464065777,0.028042955583371155,0
actual,1745431228.86496,394656.5203052388,4438783.463907823,0.028060792848326643,0
actual,1745431228.9650402,394656.5201479895,4438783.463729568,0.028060670675279065,0
actual,1745431229.06502,394656.5199859405,4438783.463543202,0.02804016305656807,0
actual,1745431229.1650245,394656.5198131511,4438783.463249071,0.028014855782414055,0
actual,1745431229.2649164,394656.5204501604,4438783.464289674,0.027987960258641018,0
actual,1745431229.365021,394656.52033046493,4438783.46413897,0.02800021246998984,0
actual,1745431229.4649622,394656.52020239015,4438783.463910754,0.028028434443994762,0
actual,1745431229.5649717,394656.5200341843,4438783.463592761,0.028058000321523557,0
actual,1745431229.6649578,394656.5198279631,4438783.463216649,0.028069851107144442,0
actual,1745431229.7649963,394656.52033147373,4438783.465187197,0.028060391422598707,0
actual,1745431229.8649466,394656.5202002132,4438783.465075562,0.028028312270946938,0
actual,1745431229.9649572,394656.52006357454,4438783.464858375,0.02805147279012096,0
actual,1745431230.0648482,394656.51987059123,4438783.464537209,0.028091423376699193,0
actual,1745431230.1650007,394656.51962940925,4438783.464173711,0.02811259422052576,0
actual,1745431230.2649593,394656.5204945642,4438783.4637811165,0.028060269249551125,0
actual,1745431230.3649814,394656.52045417187,4438783.463565718,0.0280328326737096,0
actual,1745431230.464926,394656.5204184103,4438783.463250301,0.0280369691040368,0
actual,1745431230.5650554,394656.5203603224,4438783.462845394,0.028069711480804387,0
actual,1745431230.6650236,394656.5202606168,4438783.462448197,0.028048017038202058,0
actual,1745431230.7650373,394656.52092223964,4438783.463564436,0.02801592043325781,0
actual,1745431230.8649528,394656.5209409428,4438783.463380706,0.028004069647636926,0
actual,1745431230.9650054,394656.52086554596,4438783.463099739,0.028049744914161383,0
actual,1745431231.0649521,394656.5207838732,4438783.462727769,0.02805627244556398,0
actual,1745431231.1649623,394656.52068111266,4438783.462314232,0.028068123231185113,0
actual,1745431231.2649326,394656.52055549703,4438783.464226434,0.02797424197072025,0
actual,1745431231.3650324,394656.5205072847,4438783.464136744,0.027999671417921847,0
actual,1745431231.4649608,394656.5204115547,4438783.464023137,0.0280047328727525,0
actual,1745431231.5649412,394656.5203581085,4438783.463903394,0.02799328351285955,0
actual,1745431231.6649253,394656.52026427485,4438783.463694149,0.027990892411784155,0
actual,1745431231.765032,394656.5210667447,4438783.463852818,0.02806798360484481,0
actual,1745431231.8649828,394656.5211230747,4438783.463760145,0.028039482378159772,0
actual,1745431231.9649985,394656.5209515597,4438783.463562981,0.02809447770289016,0
actual,1745431232.0650113,394656.5208138175,4438783.463286968,0.02813097253754924,0
actual,1745431232.1650295,394656.52080911107,4438783.46300301,0.02813442828946839,0
actual,1745431232.2650282,394656.52082957036,4438783.46323521,0.02802857407033482,0
actual,1745431232.36495,394656.5207334216,4438783.4630759265,0.028037230903424682,0
actual,1745431232.4649334,394656.5205905275,4438783.462769277,0.028064929278653842,0
actual,1745431232.5649748,394656.5204423396,4438783.462568095,0.0280618574991704,0
actual,1745431232.6649435,394656.5202484829,4438783.462336862,0.02808397082079314,0
actual,1745431232.7649567,394656.5209503962,4438783.463431523,0.02806786143179723,0
actual,1745431232.864961,394656.5207737546,4438783.46319203,0.02809088232463095,0
actual,1745431232.9650075,394656.5206142526,4438783.462961942,0.02808943370135198,0
actual,1745431233.065026,394656.52049811353,4438783.4627292175,0.028120448202159747,0
actual,1745431233.1650429,394656.5203404619,4438783.462371616,0.028141758672326614,0
actual,1745431233.2649572,394656.5200223839,4438783.464313092,0.028052938866692655,0
actual,1745431233.3649752,394656.51972688665,4438783.464112877,0.028101005234292507,0
actual,1745431233.4649558,394656.5194992281,4438783.463899912,0.028108475243491034,0
actual,1745431233.564973,394656.51917853416,4438783.463874821,0.028075715413431217,0
actual,1745431233.664929,394656.51881290355,4438783.463654757,0.028040285229615648,0
actual,1745431233.7649894,394656.5218233198,4438783.465420897,0.028014716156074,0
actual,1745431233.8649476,394656.5219066097,4438783.465206552,0.02802696836742307,0
actual,1745431233.9649868,394656.5220837867,4438783.464936702,0.02802005686358501,0
actual,1745431234.0649238,394656.5222553827,4438783.46466981,0.028014716156074,0
actual,1745431234.1649654,394656.52210382407,4438783.464226159,0.028073708284791284,0
actual,1745431234.2649121,394656.52123355283,4438783.465534048,0.028085838323092773,0
actual,1745431234.364995,394656.52125695895,4438783.465309449,0.028130832911209182,0
actual,1745431234.464995,394656.5210640001,4438783.464970519,0.0281786374794214,0
actual,1745431234.565046,394656.52115669526,4438783.464816883,0.028152405180763933,0
actual,1745431234.6649313,394656.5212637074,4438783.464962789,0.028053602091808474,0
actual,1745431234.7649925,394656.52060678136,4438783.463484802,0.02795453720346513,0
actual,1745431234.8649182,394656.5204107433,4438783.462721929,0.028039482378159772,0
actual,1745431234.9649785,394656.5203374317,4438783.462370331,0.028046952387358298,0
actual,1745431235.0649114,394656.5199001952,4438783.461829002,0.028075715413431217,0
actual,1745431235.164993,394656.51962074597,4438783.461024384,0.02813615616542772,0
actual,1745431235.2649503,394656.5207624119,4438783.463740417,0.028083429768724903,0
actual,1745431235.3650045,394656.5206912458,4438783.463797955,0.028054945995332342,0
actual,1745431235.4650328,394656.520595548,4438783.463551661,0.028130832911209182,0
actual,1745431235.564906,394656.52051287406,4438783.463525353,0.028061997125510454,0
actual,1745431235.6649106,394656.5204407325,4438783.4634520775,0.028099539157720812,0
actual,1745431235.7649446,394656.5207479052,4438783.464426718,0.02807025253287238,0
actual,1745431235.8648624,394656.52066833683,4438783.46430546,0.028112332421138125,0
actual,1745431235.9649835,394656.5204878204,4438783.46414396,0.02813310183923675,0
actual,1745431236.0649314,394656.52027371153,4438783.4639357645,0.02813615616542772,0
actual,1745431236.1649976,394656.52001287194,4438783.4637438245,0.028156262358410775,0
actual,1745431236.2649918,394656.52112124395,4438783.464481089,0.028031366597137904,0
actual,1745431236.3650043,394656.52093083947,4438783.4643296935,0.028023250816116282,0
actual,1745431236.4649646,394656.5207755847,4438783.464242214,0.027996617091730878,0
actual,1745431236.564967,394656.52055264305,4438783.463971659,0.0280139307579106,0
actual,1745431236.6649454,394656.5201521232,4438783.463687688,0.028008328251011707,0
actual,1745431236.7650127,394656.51993082516,4438783.46333259,0.028028312270946938,0
actual,1745431236.8649733,394656.52138125227,4438783.464921842,0.02806892608264099,0
actual,1745431236.9649794,394656.5213497586,4438783.464866237,0.02806798360484481,0
actual,1745431237.0648663,394656.52135723666,4438783.464669694,0.028114863148553326,0
actual,1745431237.1650214,394656.5213141921,4438783.464491076,0.028126574307834405,0
actual,1745431237.26493,394656.5205303031,4438783.465300386,0.028032169448594026,0
actual,1745431237.3649566,394656.52042061393,4438783.465262389,0.02804162913313976,0
actual,1745431237.4649243,394656.5201711551,4438783.465101887,0.028055871019836042,0
actual,1745431237.564956,394656.5198657812,4438783.46490869,0.0280527992403526,0
actual,1745431237.6649613,394656.5194165,4438783.4646307565,0.02812311855591525,0
actual,1745431237.7650108,394656.51986533456,4438783.466002776,0.02798888528314447,0
actual,1745431237.86501,394656.5199863923,4438783.465784851,0.02815160232930781,0
actual,1745431237.9649642,394656.52005049214,4438783.465698573,0.028122176078119322,0
actual,1745431238.0649602,394656.5200067799,4438783.465495158,0.028164517765772702,0
actual,1745431238.165032,394656.5198580099,4438783.465228419,0.02817064387144711,0
actual,1745431238.2649562,394656.5202006003,4438783.464257743,0.028041349880459403,0
actual,1745431238.3649597,394656.5202461069,4438783.464130809,0.028022308338320104,0
actual,1745431238.4649696,394656.520146579,4438783.463897332,0.028049343488433447,0
actual,1745431238.5650158,394656.52005540044,4438783.463650354,0.028042955583371155,0
actual,1745431238.6649559,394656.51994097215,4438783.463353375,0.028050809565005143,0
actual,1745431238.7650044,394656.5201113578,4438783.4641929045,0.028035101601737167,0
actual,1745431238.8649664,394656.52010648383,4438783.463989496,0.028045224511398723,0
actual,1745431238.9650264,394656.5200786748,4438783.463781688,0.028077705088778427,0
actual,1745431239.0649288,394656.5200239221,4438783.463524949,0.028094756955570517,0
actual,1745431239.164956,394656.5199258977,4438783.463184199,0.02813376506435257,0
actual,1745431239.26493,394656.519355121,4438783.4639630355,0.028040023430228014,0
actual,1745431239.3650067,394656.51923932973,4438783.463839518,0.028057459269455316,0
actual,1745431239.4650004,394656.5190394145,4438783.4636754105,0.02806611610254518,0
actual,1745431239.5649633,394656.5188021677,4438783.463538254,0.02808250474422145,0
actual,1745431239.66493,394656.51856902,4438783.463334555,0.02809501875495815,0
actual,1745431239.7649448,394656.52019251324,4438783.463033263,0.028030842998362386,0
actual,1745431239.8649225,394656.5198024473,4438783.462747516,0.02807543616075086,0
actual,1745431239.9649704,394656.5196217846,4438783.462630063,0.02810992386677025,0
actual,1745431240.0650682,394656.5196857237,4438783.462392377,0.02803470017600923,0
actual,1745431240.165027,394656.51978701,4438783.461950922,0.02810088306124493,0
actual,1745431240.2649317,394656.51845925854,4438783.465068471,0.028025380117803547,0
actual,1745431240.3649945,394656.518258585,4438783.465098628,0.028031628396525787,0
actual,1745431240.464928,394656.5179673837,4438783.465009311,0.028077705088778427,0
actual,1745431240.5649648,394656.5177290865,4438783.465038516,0.028077844715118733,0
actual,1745431240.6649208,394656.51747267204,4438783.464920396,0.028109400267994734,0
actual,1745431240.7649896,394656.5178287197,4438783.464237195,0.028097811281761486,0
actual,1745431240.8649569,394656.51771308534,4438783.463999497,0.028117516049016356,0
actual,1745431240.965087,394656.51757082145,4438783.463755543,0.028096223032142213,0
actual,1745431241.0650256,394656.5173635145,4438783.463385527,0.02812631250844652,0
actual,1745431241.1649735,394656.5171951228,4438783.463047447,0.028125911082718585,0
actual,1745431241.2649517,394656.5182422365,4438783.463786394,0.028040285229615648,0
actual,1745431241.3649848,394656.5181920774,4438783.463610373,0.028050006713549267,0
actual,1745431241.464917,394656.5181435402,4438783.463425227,0.028090620525243318,0
actual,1745431241.565035,394656.5181188641,4438783.463279354,0.0280609324746667,0
actual,1745431241.6649559,394656.5180026075,4438783.463016694,0.02809088232463095,0
actual,1745431241.7650793,394656.51858160243,4438783.463900983,0.02805147279012096,0
actual,1745431241.865085,394656.51853835117,4438783.463815941,0.028051071364393023,0
actual,1745431241.9650867,394656.518439031,4438783.4636639375,0.02808383119445284,0
actual,1745431242.064962,394656.5183336873,4438783.463486102,0.028095821606414273,0
actual,1745431242.1649814,394656.5181971643,4438783.463271305,0.028125649283330702,0
actual,1745431242.2649257,394656.51965703885,4438783.464082905,0.028104338813163834,0
actual,1745431242.3649495,394656.51968064805,4438783.463962404,0.028113920670757398,0
actual,1745431242.4649324,394656.51973060763,4438783.463788399,0.02810234913781662,0
actual,1745431242.5650284,394656.51973017957,4438783.463506323,0.028147221552885453,0
actual,1745431242.664934,394656.5197223825,4438783.463211496,0.028150415505416474,0
actual,1745431242.764965,394656.5203179566,4438783.459760993,0.028039098405724314,0
actual,1745431242.8649316,394656.52030824526,4438783.459302926,0.02806798360484481,0
actual,1745431242.9649732,394656.5202949175,4438783.458773269,0.028091423376699193,0
actual,1745431243.0649302,394656.5202556964,4438783.458199224,0.028122978929575194,0
actual,1745431243.1650012,394656.52018544666,4438783.457569319,0.02813097253754924,0
actual,1745431243.2649488,394656.5190775569,4438783.4615259785,0.028016060059598114,0
actual,1745431243.3650181,394656.51884696475,4438783.461490927,0.028027107993763126,0
actual,1745431243.464945,394656.5185781318,4438783.46139746,0.02803176802286609,0
actual,1745431243.5650384,394656.51826030674,4438783.461239841,0.028055609220448162,0
actual,1745431243.6649957,394656.51791763894,4438783.461073093,0.02808437224652108,0
actual,1745431243.764964,394656.519250165,4438783.464547526,0.02809248802754295,0
actual,1745431243.864974,394656.51919132593,4438783.464685482,0.028099137731992876,0
actual,1745431243.964976,394656.5191140726,4438783.464780439,0.028115526373669146,0
actual,1745431244.064924,394656.5190360816,4438783.464824879,0.028142962949510426,0
actual,1745431244.1650183,394656.5189255855,4438783.464871059,0.02812245533079968,0
actual,1745431244.2649229,394656.5201162731,4438783.465385061,0.028036829477696742,0
actual,1745431244.3649938,394656.52011329844,4438783.46535365,0.028014855782414055,0
actual,1745431244.4649627,394656.5200681798,4438783.465252481,0.028014855782414055,0
actual,1745431244.5649586,394656.5200075549,4438783.465147426,0.02798396345465387,0
actual,1745431244.6649544,394656.51992754504,4438783.464923413,0.028024577266347675,0
actual,1745431244.765015,394656.5200020689,4438783.465052525,0.028091946975474708,0
actual,1745431244.8649669,394656.5199393333,4438783.464860579,0.028093290878998825,0
actual,1745431244.9650033,394656.51984223543,4438783.464631257,0.028083569395065205,0
actual,1745431245.0649874,394656.51970475924,4438783.464337303,0.02808156226642527,0
actual,1745431245.1650395,394656.5195136697,4438783.463999182,0.028099277358333178,0
actual,1745431245.264964,394656.51917972224,4438783.465339237,0.028037230903424682,0
actual,1745431245.3650172,394656.51894641627,4438783.465210114,0.028057738522135674,0
actual,1745431245.4649248,394656.5186267133,4438783.465050683,0.028041751306187343,0
actual,1745431245.564999,394656.5182007105,4438783.4648305,0.028071456810056437,0
actual,1745431245.6649349,394656.51779860177,4438783.464639003,0.028094617329230215,0
actual,1745431245.7649603,394656.51983835077,4438783.464452671,0.028076378638547037,0
actual,1745431245.8649483,394656.5200498528,4438783.464156924,0.028083307595677322,0
actual,1745431245.9649408,394656.52024506486,4438783.4638944855,0.028096223032142213,0
actual,1745431246.0649266,394656.5204111184,4438783.46355277,0.028083691568112783,0
actual,1745431246.1649716,394656.52049562027,4438783.463094364,0.028146942300205095,0
actual,1745431246.2649307,394656.51890481246,4438783.464657034,0.028089555874399562,0
actual,1745431246.3649936,394656.5185272727,4438783.464513278,0.02811406029709745,0
actual,1745431246.4650803,394656.51815272745,4438783.464345052,0.028123642154691014,0
actual,1745431246.565043,394656.5177726675,4438783.464156302,0.028120710001547627,0
actual,1745431246.6650312,394656.51734170225,4438783.463921226,0.02813802366772735,0
actual,1745431246.7649786,394656.5195379627,4438783.46436952,0.02804269378398352,0
actual,1745431246.864929,394656.51947014616,4438783.464283293,0.02805374171814853,0
actual,1745431246.964978,394656.51938685734,4438783.464173688,0.028065993929497598,0
actual,1745431247.064929,394656.519261915,4438783.464058357,0.0280618574991704,0
actual,1745431247.1650028,394656.5191080505,4438783.463894179,0.02808463404590896,0
actual,1745431247.2650445,394656.5197797621,4438783.464728736,0.02804148950679946,0
actual,1745431247.3650203,394656.5197439785,4438783.464709771,0.02801459398302642,0
actual,1745431247.464929,394656.51967846,4438783.464657469,0.028004331447024564,0
actual,1745431247.5649993,394656.5195661393,4438783.464570602,0.028018451160673263,0
actual,1745431247.6649582,394656.51942881005,4438783.464470633,0.028047353813086238,0
actual,1745431247.7649431,394656.51945443125,4438783.465078377,0.028063201402694266,0
actual,1745431247.8649192,394656.5193387548,4438783.464982409,0.028069048255688567,0
actual,1745431247.9649646,394656.51920654066,4438783.464812596,0.028085960496140355,0
actual,1745431248.0649493,394656.51900960965,4438783.464626174,0.028116189598784966,0
actual,1745431248.1649616,394656.51874718745,4438783.464382858,0.028140816194530682,0
actual,1745431248.2649922,394656.5193665135,4438783.46428023,0.02808863084989586,0
actual,1745431248.364979,394656.5192804935,4438783.4640557775,0.02812763895867791,0
actual,1745431248.4649537,394656.51918864343,4438783.46382793,0.02812125105361562,0
actual,1745431248.564985,394656.5191038005,4438783.463574676,0.028117795301696714,0
actual,1745431248.664947,394656.5190046622,4438783.463262429,0.028091685176086827,0
actual,1745431248.765009,394656.52009574487,4438783.464638655,0.027999671417921847,0
actual,1745431248.8649292,394656.52008767903,4438783.464423646,0.028002481398017406,0
actual,1745431248.9649954,394656.5200449553,4438783.464244696,0.027991555636899975,0
actual,1745431249.064974,394656.5199987419,4438783.463986258,0.027995814240275002,0
actual,1745431249.1649992,394656.51990886097,4438783.463617257,0.02803562520051293,0
actual,1745431249.2650058,394656.5203437525,4438783.463750087,0.028060269249551125,0
actual,1745431249.3650744,394656.5202930166,4438783.463590791,0.02804948311477375,0
actual,1745431249.4649508,394656.52025652444,4438783.463335531,0.02807212003517201,0
actual,1745431249.5649836,394656.52018923254,4438783.463051819,0.02804628916224248,0
actual,1745431249.6649346,394656.52007188054,4438783.46267705,0.028083569395065205,0
actual,1745431249.7649724,394656.52016737056,4438783.4634094285,0.02805892534602701,0
actual,1745431249.864924,394656.52014657133,4438783.463289166,0.02803482234905706,0
actual,1745431249.9650126,394656.5200949848,4438783.463081992,0.028045486310786606,0
actual,1745431250.065053,394656.52003094484,4438783.462819424,0.028075052188315398,0
actual,1745431250.1649942,394656.519960567,4438783.462550243,0.0280609324746667,0
actual,1745431250.2649302,394656.5198672386,4438783.465574836,0.02805639461861156,0
actual,1745431250.3649817,394656.5197750135,4438783.465539161,0.02807796688816631,0
actual,1745431250.464957,394656.5197168376,4438783.465490215,0.028056010646176098,0
actual,1745431250.565068,394656.51961833716,4438783.465334914,0.028077181490002913,0
actual,1745431250.6649666,394656.5195178192,4438783.46514605,0.028076780064274973,0
actual,1745431250.7650332,394656.5198486519,4438783.465187514,0.02807304505967571,0
actual,1745431250.8649323,394656.51976233226,4438783.465024421,0.028048278837589938,0
actual,1745431250.9649847,394656.5196470261,4438783.464754593,0.028075575787090915,0
actual,1745431251.0649805,394656.5194961695,4438783.464396065,0.02810966206738237,0
actual,1745431251.164985,394656.5193119679,4438783.464018414,0.02810966206738237,0
actual,1745431251.2649338,394656.51866129343,4438783.464953594,0.028071718609444074,0
actual,1745431251.3650126,394656.5184779165,4438783.4647388365,0.02810234913781662,0
actual,1745431251.4649267,394656.5182866546,4438783.4644773165,0.028131373963277174,0
actual,1745431251.5649714,394656.5180802741,4438783.464193588,0.02812683610722204,0
actual,1745431251.66493,394656.51784841804,4438783.463844172,0.028136557591155655,0
actual,1745431251.7649755,394656.51915720844,4438783.465693104,0.028008467877351763,0
actual,1745431251.8649156,394656.5191689724,4438783.465627116,0.028029638721178574,0
actual,1745431251.9650183,394656.5191748043,4438783.4655062705,0.028054143143876466,0
actual,1745431252.0649405,394656.5192130172,4438783.4653545935,0.02806053104893876,0
actual,1745431252.1650913,394656.5192655349,4438783.465253698,0.028062660350626274,0
actual,1745431252.2649732,394656.51950844005,4438783.464267538,0.02802072008870083,0
actual,1745431252.3650584,394656.51934823097,4438783.464013264,0.028029237295450638,0
actual,1745431252.465006,394656.5190009933,4438783.463782738,0.028015117581801936,0
actual,1745431252.5649378,394656.5185172154,4438783.463642171,0.0279245699002084,0
actual,1745431252.6649473,394656.51748964377,4438783.4632151015,0.027872384555573827,0
actual,1745431252.7650547,394656.5177225762,4438783.463251596,0.02825974292976143,0
actual,1745431252.864974,394656.518178334,4438783.463040014,0.02805135061707338,0
actual,1745431252.965082,394656.51872923126,4438783.462376952,0.028210070859249828,0
actual,1745431253.0651383,394656.51943561784,4438783.462352858,0.028103675588048015,0
actual,1745431253.165113,394656.52009296487,4438783.461915699,0.028070112906532323,0
actual,1745431253.2649498,394656.51739486813,4438783.463305582,0.028137220816271475,0
actual,1745431253.364952,394656.5171718348,4438783.463262824,0.027933104560250686,0
actual,1745431253.4648414,394656.5166785555,4438783.46253868,0.028168252770371962,0
actual,1745431253.5651073,394656.51621427096,4438783.462131344,0.02805320066608054,0
actual,1745431253.665017,394656.51580827805,4438783.461774725,0.028084092993840723,0
actual,1745431253.7649856,394656.5181780197,4438783.464329373,0.027947084647559083,0
actual,1745431253.8649907,394656.5181932792,4438783.463964304,0.028037230903424682,0
actual,1745431253.9649644,394656.518199302,4438783.463846968,0.027998083168302573,0
actual,1745431254.0649223,394656.5182503622,4438783.463607889,0.028024175840619735,0
actual,1745431254.1649463,394656.5181969324,4438783.463250083,0.02802112151442877,0
actual,1745431254.2649176,394656.51784387126,4438783.464447376,0.028058000321523557,0
actual,1745431254.3649654,394656.5178000491,4438783.46446928,0.028040285229615648,0
actual,1745431254.4650009,394656.5178019786,4438783.4643940665,0.02804082628168389,0
actual,1745431254.5649974,394656.5177727225,4438783.464244356,0.028033897324553355,0
actual,1745431254.664969,394656.51772199286,4438783.46405553,0.02808449441956866,0
actual,1745431254.7650542,394656.51828406943,4438783.463837588,0.028081160840697332,0
actual,1745431254.865123,394656.5181986699,4438783.463774684,0.02811446172282539,0
actual,1745431254.965058,394656.51812774944,4438783.4636528995,0.028118318900472478,0
actual,1745431255.0650115,394656.518144205,4438783.463544833,0.02810060380856457,0
actual,1745431255.164983,394656.5182195875,4438783.4634275725,0.02805627244556398,0
actual,1745431255.264948,394656.5185257808,4438783.463172379,0.02799063061239652,0
actual,1745431255.3650186,394656.5184643687,4438783.462955688,0.027971973042692683,0
actual,1745431255.4650679,394656.5184313668,4438783.46271086,0.027951081451546227,0
actual,1745431255.5650518,394656.51830872835,4438783.462390946,0.02797144944391692,0
actual,1745431255.664976,394656.5180911778,4438783.462027627,0.02803922057877189,0
actual,1745431255.7650213,394656.5193675406,4438783.462935752,0.028070776131648142,0
actual,1745431255.8649337,394656.519446604,4438783.462887227,0.02807212003517201,0
actual,1745431255.9650524,394656.51945988566,4438783.462762768,0.028080375442533934,0
actual,1745431256.0649989,394656.51946688327,4438783.462624564,0.028071456810056437,0
actual,1745431256.165084,394656.5194790347,4438783.4624527125,0.028056534244951862,0
actual,1745431256.2650506,394656.51915844623,4438783.46220112,0.02801338970584236,0
actual,1745431256.3650084,394656.5190588151,4438783.462025571,0.028005535724208375,0
actual,1745431256.4649255,394656.5189310741,4438783.461825369,0.027992882087131615,0
actual,1745431256.5649273,394656.51874444465,4438783.461534057,0.027994749589431246,0
actual,1745431256.6649377,394656.5186140477,4438783.461214198,0.02796425868739875,0
actual,1745431256.7651062,394656.5196143792,4438783.462084921,0.02800300499679317,0
actual,1745431256.8649435,394656.51957341726,4438783.461912773,0.02800953252819552,0
actual,1745431256.965028,394656.5195502081,4438783.461641691,0.02803482234905706,0
actual,1745431257.0649493,394656.51943734795,4438783.461425493,0.02802497869207561,0
actual,1745431257.1649594,394656.5192898609,4438783.461114541,0.028041349880459403,0
actual,1745431257.265013,394656.5202456204,4438783.461594877,0.028035503027465353,0
actual,1745431257.3650308,394656.52027391293,4438783.461355185,0.02802696836742307,0
actual,1745431257.464982,394656.52026820753,4438783.46114244,0.027999950670602205,0
actual,1745431257.5650117,394656.5202738268,4438783.46079516,0.028020440836020472,0
actual,1745431257.6649966,394656.5202123604,4438783.460448621,0.028034560549669175,0
actual,1745431257.765005,394656.51936994464,4438783.46127766,0.028066657154613418,0
actual,1745431257.864943,394656.5191891363,4438783.461120519,0.028048017038202058,0
actual,1745431257.964965,394656.5189541768,4438783.4609182095,0.028056010646176098,0
actual,1745431258.0649436,394656.5186760152,4438783.460669763,0.028062660350626274,0
actual,1745431258.164932,394656.51837192115,4438783.460355534,0.028068786456300683,0
actual,1745431258.2649982,394656.5199672029,4438783.4610876,0.028063864627810086,0
actual,1745431258.3649702,394656.51995690604,4438783.460973104,0.028071578983104018,0
actual,1745431258.4649324,394656.5199127885,4438783.460815708,0.02811325744564158,0
actual,1745431258.5650115,394656.51984075276,4438783.460618799,0.028154272683063565,0
actual,1745431258.6649487,394656.5197709068,4438783.460387195,0.028160398788737977,0
actual,1745431258.7649493,394656.5202023816,4438783.460260349,0.028065191078041726,0
actual,1745431258.864972,394656.52013935347,4438783.460070612,0.028078368313894247,0
actual,1745431258.964991,394656.52008909587,4438783.459894297,0.028096223032142213,0
actual,1745431259.064944,394656.5200376683,4438783.459762594,0.02809116157731131,0
actual,1745431259.1649747,394656.51989217004,4438783.459578554,0.028097689108713905,0
actual,1745431259.2649324,394656.52091102756,4438783.459677112,0.028124986058214882,0
actual,1745431259.365008,394656.52095137956,4438783.459536057,0.028119383551315987,0
actual,1745431259.4649289,394656.52092252683,4438783.459342605,0.02811699245024084,0
actual,1745431259.5651374,394656.5208102816,4438783.459040594,0.028126713934174458,0
actual,1745431259.6650283,394656.52070852986,4438783.458718182,0.02812191427873144,0
actual,1745431259.7650468,394656.521168681,4438783.459683594,0.028023372989163863,0
actual,1745431259.8649647,394656.5210653895,4438783.459486151,0.02803363552516572,0
actual,1745431259.9650104,394656.52085947804,4438783.459198313,0.028044421659942847,0
actual,1745431260.0649521,394656.52062514395,4438783.458859555,0.02808210331849351,0
actual,1745431260.1651118,394656.52045534883,4438783.458558188,0.028084232620181025,0
actual,1745431260.2650762,394656.5208496031,4438783.4593642,0.028063463202082146,0
actual,1745431260.3649974,394656.520682708,4438783.45920521,0.028069851107144442,0
actual,1745431260.464982,394656.52051304176,4438783.459010716,0.028072905433335408,0
actual,1745431260.5649962,394656.52029422764,4438783.458747972,0.02806892608264099,0
actual,1745431260.6649175,394656.51999147946,4438783.458433332,0.028118057101084597,0
actual,1745431260.7649758,394656.5219396352,4438783.460003307,0.028067058580341357,0
actual,1745431260.864929,394656.5219211688,4438783.459922359,0.02810953989433479,0
actual,1745431260.9649842,394656.52186147287,4438783.459869571,0.028087827998439983,0
actual,1745431261.0649443,394656.5217468518,4438783.459739317,0.02814256152378249,0
actual,1745431261.1650198,394656.52165003144,4438783.45957588,0.028141758672326614,0
actual,1745431261.2649612,394656.5209367736,4438783.4590784395,0.028089817673787196,0
actual,1745431261.3649752,394656.52080609207,4438783.458910419,0.028080637241921818,0
actual,1745431261.4649377,394656.52063335455,4438783.458678345,0.028101808085748383,0
actual,1745431261.5651672,394656.5204201601,4438783.458384262,0.028094093730454697,0
actual,1745431261.6650321,394656.5201720233,4438783.4580653915,0.02813376506435257,0
actual,1745431261.7650337,394656.5218921581,4438783.458814464,0.028056673871291918,0
actual,1745431261.8650045,394656.52186818875,4438783.458616633,0.028063463202082146,0
actual,1745431261.964992,394656.52179352654,4438783.458403845,0.0280527992403526,0
actual,1745431262.0650756,394656.5217193818,4438783.458161169,0.02803470017600923,0
actual,1745431262.1649978,394656.5215331705,4438783.457831792,0.028050408139277203,0
actual,1745431262.2649806,394656.5220361076,4438783.459146404,0.02804628916224248,0
actual,1745431262.3649154,394656.52201361296,4438783.45907846,0.028037754502200196,0
actual,1745431262.464968,394656.52189935703,4438783.458971758,0.02799181743628786,0
actual,1745431262.5650227,394656.52170679416,4438783.458746515,0.02799063061239652,0
actual,1745431262.6649992,394656.52156128205,4438783.4584642695,0.02798382382831357,0
actual,1745431262.7650087,394656.5214776648,4438783.457509616,0.02801859078701332,0
actual,1745431262.8649824,394656.52132452716,4438783.4572327705,0.028018992212741255,0
actual,1745431262.9649463,394656.5211500289,4438783.456902309,0.028011923629270914,0
actual,1745431263.0649505,394656.5209630161,4438783.456530462,0.028009270728807635,0
actual,1745431263.1650116,394656.5207346219,4438783.456068101,0.028041751306187343,0
actual,1745431263.2649848,394656.52196972416,4438783.456811711,0.02798916453582483,0
actual,1745431263.365033,394656.5218741161,4438783.456534558,0.028025118318415913,0
actual,1745431263.465023,394656.52179881115,4438783.456253182,0.02804347918214692,0
actual,1745431263.5650094,394656.521665585,4438783.455885208,0.028065854303157296,0
actual,1745431263.6649845,394656.5215563054,4438783.455503942,0.028050669938665087,0
actual,1745431263.7649832,394656.5224826792,4438783.456118121,0.02802656694169513,0
actual,1745431263.8649664,394656.5224424142,4438783.455908843,0.02807212003517201,0
actual,1745431263.9650896,394656.5224493774,4438783.4557032725,0.02807890936596224,0
actual,1745431264.0650125,394656.5224515515,4438783.455511367,0.028058401747251493,0
actual,1745431264.1651013,394656.5223849303,4438783.455204872,0.028050547765617505,0
actual,1745431264.264969,394656.52267493634,4438783.456512882,0.027998083168302573,0
actual,1745431264.364966,394656.52256713615,4438783.456396917,0.02800101532144571,0
actual,1745431264.464956,394656.52239785227,4438783.456176154,0.02802311118977598,0
actual,1745431264.5649512,394656.5222198139,4438783.45589015,0.028032693047369543,0
actual,1745431264.6649284,394656.52198720345,4438783.455562871,0.02806824540423269,0
actual,1745431264.764968,394656.5231640872,4438783.458760696,0.02807039215921268,0
actual,1745431264.8649447,394656.5231186495,4438783.458658348,0.028044421659942847,0
actual,1745431264.9650888,394656.5229664064,4438783.458577074,0.028075715413431217,0
actual,1745431265.0650096,394656.5228833659,4438783.458489154,0.028047475986133816,0
actual,1745431265.1649766,394656.52270637546,4438783.458117897,0.028073586111743706,0
actual,1745431265.264986,394656.5230564636,4438783.4588759905,0.028069711480804387,0
actual,1745431265.3649826,394656.5229331915,4438783.458783514,0.028079712217418364,0
actual,1745431265.4649746,394656.5228022149,4438783.458546779,0.028113798497709817,0
actual,1745431265.5649922,394656.52264381084,4438783.458320226,0.028146017275701395,0
actual,1745431265.6648877,394656.5224989912,4438783.458069161,0.028152806606491873,0
actual,1745431265.7649832,394656.5223438611,4438783.457714017,0.0281876957382392,0
actual,1745431265.865032,394656.5230093615,4438783.458485729,0.028144411572789643,0
actual,1745431265.9650176,394656.522930237,4438783.458237214,0.02816425596638482,0
actual,1745431266.0650425,394656.5228222803,4438783.457911581,0.028206335854650565,0
actual,1745431266.164954,394656.5226757226,4438783.457566407,0.02821352661116873,0
actual,1745431266.2648854,394656.52243048314,4438783.464292959,0.028050006713549267,0
actual,1745431266.3649995,394656.52229452925,4438783.4643046465,0.028044159860555213,0
actual,1745431266.4649715,394656.522108253,4438783.464290023,0.02802630514230725,0
actual,1745431266.5649662,394656.52186747064,4438783.464155415,0.028071578983104018,0
actual,1745431266.6649134,394656.52161749813,4438783.464014232,0.028055207794720222,0
actual,1745431266.7650344,394656.5222676903,4438783.46437061,0.028050006713549267,0
actual,1745431266.8650322,394656.5221366132,4438783.464173805,0.028064126427197966,0
actual,1745431266.9652164,394656.5219523599,4438783.463902368,0.02807344648540365,0
actual,1745431267.0649943,394656.5217356574,4438783.463555273,0.02806571467681724,0
actual,1745431267.1650121,394656.52148910414,4438783.463096935,0.028112454594185703,0
actual,1745431267.264971,394656.52187604195,4438783.469695578,0.028078769739622186,0
actual,1745431267.3649232,394656.52180488233,4438783.469583905,0.02808210331849351,0
actual,1745431267.4650247,394656.5217082007,4438783.4694196,0.028089957300127498,0
actual,1745431267.5650303,394656.52158305945,4438783.4691850925,0.028107672392035158,0
actual,1745431267.6649272,394656.52146737836,4438783.46885869,0.02811325744564158,0
actual,1745431267.7649982,394656.52054902073,4438783.479904164,0.02804707456040588,0
actual,1745431267.864953,394656.520512718,4438783.479837052,0.028072381834559894,0
actual,1745431267.9650211,394656.5204699579,4438783.479710293,0.028120989254227985,0
actual,1745431268.0649502,394656.5204109979,4438783.479529719,0.028137098643223897,0
actual,1745431268.1650517,394656.5203321505,4438783.479323166,0.028103937387435895,0
actual,1745431268.265086,394656.5200353795,4438783.490947731,0.02800101532144571,0
actual,1745431268.3650625,394656.5199999427,4438783.490959734,0.028005535724208375,0
actual,1745431268.4649606,394656.51993732055,4438783.490881908,0.028019114385789082,0
actual,1745431268.5649562,394656.5198869336,4438783.490746331,0.028008991476127527,0
actual,1745431268.6649592,394656.5198292539,4438783.490556328,0.027995814240275002,0
actual,1745431268.7649772,394656.52107462706,4438783.493791906,0.028001277120833595,0
actual,1745431268.8650787,394656.5210527206,4438783.493705477,0.028025380117803547,0
actual,1745431268.965048,394656.52104387165,4438783.493613605,0.0280369691040368,0
actual,1745431269.065013,394656.5209530831,4438783.493468954,0.028043618808486975,0
actual,1745431269.1649957,394656.5208434419,4438783.493218284,0.028053479918760896,0
actual,1745431269.2649367,394656.5217674928,4438783.494481356,0.02804600990956212,0
actual,1745431269.364961,394656.52178564423,4438783.494398542,0.02804016305656807,0
actual,1745431269.4649634,394656.52176088723,4438783.49422318,0.028046149535902426,0
actual,1745431269.5650027,394656.52177409537,4438783.493935789,0.028060269249551125,0
actual,1745431269.6651092,394656.5217949675,4438783.49360297,0.028071840782491652,0
actual,1745431269.7651026,394656.5216024321,4438783.495384729,0.028031366597137904,0
actual,1745431269.8650682,394656.52153995284,4438783.495216699,0.02801859078701332,0
actual,1745431269.9651911,394656.5214758126,4438783.494960035,0.028028713696674874,0
actual,1745431270.0652053,394656.5213381672,4438783.494628837,0.028040686655343584,0
actual,1745431270.1650796,394656.5211875496,4438783.494223328,0.02806786143179723,0
actual,1745431270.2649622,394656.52167838975,4438783.495822479,0.028077181490002913,0
actual,1745431270.3651505,394656.5216590633,4438783.495682829,0.028079031539010067,0
actual,1745431270.4650304,394656.5215988841,4438783.495507875,0.02809248802754295,0
actual,1745431270.5651307,394656.52158065536,4438783.495298182,0.028106869540579286,0
actual,1745431270.6651416,394656.52155087783,4438783.495010604,0.02810793419142304,0
actual,1745431270.7651472,394656.5224149352,4438783.495672343,0.028064527852925906,0
actual,1745431270.8650994,394656.5224225336,4438783.4954922665,0.02802696836742307,0
actual,1745431270.9651968,394656.52237506106,4438783.495220572,0.0280428159570311,0
actual,1745431271.065004,394656.5222712378,4438783.494887715,0.02802857407033482,0
actual,1745431271.1651828,394656.5221655752,4438783.494495938,0.028028975496062754,0
actual,1745431271.2650409,394656.5232159238,4438783.497188472,0.02800714142712037,0
actual,1745431271.3650293,394656.52319652215,4438783.497095568,0.028015780806917755,0
actual,1745431271.465009,394656.5231721443,4438783.496989899,0.028012325054998854,0
actual,1745431271.565169,394656.5230960826,4438783.496896258,0.028003930021296624,0
actual,1745431271.6650238,394656.5230214369,4438783.496763835,0.027985167731837682,0
actual,1745431271.7650402,394656.52286184777,4438783.496516004,0.027994225990655482,0
actual,1745431271.8650014,394656.52292119793,4438783.496496904,0.02803922057877189,0
actual,1745431271.96508,394656.5228556948,4438783.496228885,0.028025240491463495,0
actual,1745431272.0650268,394656.5227643202,4438783.495885184,0.028064126427197966,0
actual,1745431272.165133,394656.5225835104,4438783.495521884,0.028037754502200196,0
actual,1745431272.2650967,394656.5223722691,4438783.495082617,0.02804148950679946,0
actual,1745431272.3650324,394656.52124942624,4438783.496112912,0.02804468345933073,0
actual,1745431272.4649553,394656.52095883124,4438783.495907249,0.02806239855123839,0
actual,1745431272.5649545,394656.5206436479,4438783.4956450295,0.028093954104114645,0
actual,1745431272.6651256,394656.5203559693,4438783.495358756,0.028093413052046403,0
actual,1745431272.7652414,394656.52135645057,4438783.496286169,0.02804229235825558,0
actual,1745431272.8649669,394656.5212885055,4438783.4960998865,0.028021906912592168,0
actual,1745431272.9650552,394656.5211469185,4438783.495835164,0.02804920386209339,0
actual,1745431273.065237,394656.52104970335,4438783.495539542,0.02806786143179723,0
actual,1745431273.1650462,394656.5209671621,4438783.495170249,0.028054806368992286,0
actual,1745431273.2650728,394656.52124849835,4438783.496327366,0.028009794327583402,0
actual,1745431273.36504,394656.5211401832,4438783.49613069,0.028038819153043956,0
actual,1745431273.4651039,394656.52103302453,4438783.495858831,0.028054544569604403,0
actual,1745431273.5650709,394656.52092115616,4438783.495493687,0.028068385030572747,0
actual,1745431273.6650548,394656.52077655995,4438783.4951363485,0.02806505145170142,0
actual,1745431273.7650392,394656.51936942444,4438783.489034552,0.02801073680537933,0
actual,1745431273.865011,394656.51923548244,4438783.488770126,0.028059728197482887,0
actual,1745431273.965125,394656.519018132,4438783.488538401,0.02804082628168389,0
actual,1745431274.065096,394656.5188099315,4438783.488155445,0.028065993929497598,0
actual,1745431274.1650732,394656.5186447707,4438783.487725814,0.0280520138421892,0
actual,1745431274.2649913,394656.51923757227,4438783.489186176,0.028001940345949414,0
actual,1745431274.3651168,394656.5191440189,4438783.4890348185,0.028009933953923455,0
actual,1745431274.465011,394656.51910378184,4438783.488789769,0.028042955583371155,0
actual,1745431274.5650687,394656.5190296087,4438783.488573463,0.028034438376621597,0
actual,1745431274.6651816,394656.51890694903,4438783.488308555,0.028026706568035187,0
actual,1745431274.7651184,394656.51860990375,4438783.483013046,0.02798462667976969,0
actual,1745431274.8649867,394656.5184899021,4438783.482760028,0.027993824564927546,0
actual,1745431274.965149,394656.51830655424,4438783.482433997,0.028008729676739643,0
actual,1745431275.0649254,394656.51809791,4438783.482009104,0.028019917237244958,0
actual,1745431275.1649606,394656.5175704787,4438783.471023036,0.02804667313467794,0
actual,1745431275.2649784,394656.51750477497,4438783.470784686,0.028045887736514542,0
actual,1745431275.3649914,394656.51736708585,4438783.470486883,0.028066517528273115,0
actual,1745431275.4649067,394656.51721858565,4438783.470144934,0.028055871019836042,0
actual,1745431275.5649643,394656.5171369014,4438783.4698160915,0.0280328326737096,0
actual,1745431275.6649368,394656.516982752,4438783.469415047,0.02804402023421491,0
actual,1745431275.7649703,394656.5170101876,4438783.465386736,0.028064650025973484,0
actual,1745431275.8649173,394656.5169830391,4438783.465129035,0.02806892608264099,0
actual,1745431275.9649813,394656.5168704868,4438783.464822251,0.028102471310864203,0
actual,1745431276.0651722,394656.5168007511,4438783.464490996,0.02811325744564158,0
actual,1745431276.1650007,394656.5167127147,4438783.46414475,0.028129105035249607,0
actual,1745431276.2649412,394656.5169368639,4438783.465415532,0.028054544569604403,0
actual,1745431276.3650398,394656.5168915227,4438783.465211906,0.02808383119445284,0
actual,1745431276.4649694,394656.5168436389,4438783.465059744,0.028077041863662607,0
actual,1745431276.5648932,394656.5167682132,4438783.46484752,0.028040564482296006,0
actual,1745431276.6649213,394656.5166250871,4438783.464544553,0.028053602091808474,0
actual,1745431276.7649682,394656.516866684,4438783.465238913,0.028015117581801936,0
actual,1745431276.8650064,394656.5167540163,4438783.465089429,0.028046952387358298,0
actual,1745431276.965006,394656.5166096237,4438783.464871606,0.028075575787090915,0
actual,1745431277.065004,394656.51642677374,4438783.464633957,0.02808156226642527,0
actual,1745431277.1650147,394656.51627371495,4438783.464375054,0.028071718609444074,0
actual,1745431277.264923,394656.517839211,4438783.464133319,0.028037894128540502,0
actual,1745431277.364964,394656.51793198654,4438783.463923547,0.028011120777814792,0
actual,1745431277.4649246,394656.51802238985,4438783.463658736,0.028022709764048043,0
actual,1745431277.5649493,394656.518121916,4438783.463311715,0.028038696979996374,0
actual,1745431277.66499,394656.51824683585,4438783.462919234,0.028039622004499828,0
actual,1745431277.7650967,394656.5173499166,4438783.464903681,0.02803976163084013,0
actual,1745431277.8650143,394656.51732191053,4438783.464805214,0.02805627244556398,0
actual,1745431277.965107,394656.5173201251,4438783.46467951,0.028055609220448162,0
actual,1745431278.065042,394656.5173056012,4438783.464514512,0.02808077686826187,0
actual,1745431278.1651168,394656.51701636193,4438783.463823958,0.02802696836742307,0
actual,1745431278.2650099,394656.51683074655,4438783.463753526,0.0280709157579882,0
actual,1745431278.3649938,394656.5166766753,4438783.463626705,0.02810220951147657,0
actual,1745431278.4651573,394656.51663828857,4438783.463353986,0.028122978929575194,0
actual,1745431278.5651078,394656.5165569563,4438783.463253099,0.028103274162320075,0
actual,1745431278.6649365,394656.5164036909,4438783.463140245,0.028109801693722673,0
actual,1745431278.7650774,394656.5173226787,4438783.462968074,0.028080899041309698,0
actual,1745431278.8649426,394656.5174448216,4438783.46269084,0.028070653958600315,0
actual,1745431278.9649835,394656.5175688195,4438783.462466475,0.028060391422598707,0
actual,1745431279.0649273,394656.5176424173,4438783.462105339,0.028080497615581762,0
actual,1745431279.1650033,394656.51758751203,4438783.461739243,0.02811325744564158,0
actual,1745431279.2649593,394656.51784890547,4438783.463255315,0.028073847911131586,0
actual,1745431279.3650088,394656.51788910147,4438783.463198754,0.028050268512937147,0
actual,1745431279.4649675,394656.5178963142,4438783.463131704,0.02806505145170142,0
actual,1745431279.5649936,394656.5177889669,4438783.463040919,0.028070514332260262,0
actual,1745431279.664923,394656.5176671167,4438783.462892452,0.028063864627810086,0
actual,1745431279.7650516,394656.51742883364,4438783.463537628,0.02805920459870737,0
actual,1745431279.8650203,394656.5174354864,4438783.463392873,0.028073987537471642,0
actual,1745431279.9650264,394656.5173665826,4438783.463257744,0.028085436897364837,0
actual,1745431280.064995,394656.51734005695,4438783.463126938,0.028071718609444074,0
actual,1745431280.1650453,394656.5173409754,4438783.462912583,0.02806691895400105,0
actual,1745431280.2649732,394656.51685469144,4438783.463100868,0.02804667313467794,0
actual,1745431280.365022,394656.5167518115,4438783.462983095,0.028025118318415913,0
actual,1745431280.4650352,394656.5166278827,4438783.462734746,0.028067460006069293,0
actual,1745431280.564974,394656.51649508125,4438783.462503761,0.028096484831529846,0
actual,1745431280.6650493,394656.5163667281,4438783.462254026,0.028085436897364837,0
actual,1745431280.7651122,394656.5169252294,4438783.463890114,0.028031506223478206,0
actual,1745431280.8649306,394656.5168768971,4438783.46378046,0.028072242208219838,0
actual,1745431280.9650195,394656.51682743814,4438783.463681618,0.02810020238283663,0
actual,1745431281.0649319,394656.5167724179,4438783.46354695,0.02812617288210622,0
actual,1745431281.1649554,394656.51670252054,4438783.4633955145,0.02815121835687235,0
actual,1745431281.264923,394656.51616473385,4438783.464165649,0.028072242208219838,0
actual,1745431281.3650959,394656.51607657905,4438783.464116878,0.02805466674265223,0
actual,1745431281.464949,394656.5159345673,4438783.464002887,0.02808144009337769,0
actual,1745431281.5650454,394656.51575711335,4438783.463925882,0.028090760151583374,0
actual,1745431281.664957,394656.5155943453,4438783.463799421,0.02812378178103107,0
actual,1745431281.7650406,394656.51586318284,4438783.463860273,0.02807957259107806,0
actual,1745431281.86494,394656.5157498378,4438783.4637263,0.028089817673787196,0
actual,1745431281.9650834,394656.5156770068,4438783.463551711,0.028088892649283742,0
actual,1745431282.064969,394656.51558009576,4438783.463314754,0.028117393875968778,0
actual,1745431282.1650302,394656.5154427501,4438783.463012399,0.028148809802504726,0
actual,1745431282.2649658,394656.5152842009,4438783.463781226,0.02806625572888548,0
actual,1745431282.3650644,394656.5151993028,4438783.463649476,0.028054544569604403,0
actual,1745431282.4649818,394656.51512257784,4438783.463482015,0.028032693047369543,0
actual,1745431282.5650876,394656.51500019606,4438783.463268494,0.028056534244951862,0
actual,1745431282.6649427,394656.51485648076,4438783.463049139,0.028051612416461265,0
actual,1745431282.764999,394656.51496143994,4438783.4646169245,0.028060129623210823,0
actual,1745431282.8649528,394656.51484782697,4438783.464558457,0.02808316796933727,0
actual,1745431282.9650416,394656.5147001254,4438783.464471534,0.028066657154613418,0
actual,1745431283.0650194,394656.5145341669,4438783.464341308,0.028056796044339496,0
actual,1745431283.1650352,394656.5143533159,4438783.464127148,0.028071177557376082,0
actual,1745431283.2649465,394656.51633410784,4438783.4642828815,0.02806119427405458,0
actual,1745431283.3649688,394656.51638177625,4438783.464091377,0.0280518742158489,0
actual,1745431283.4649272,394656.51646396634,4438783.463863765,0.028060269249551125,0
actual,1745431283.564945,394656.5164887139,4438783.463556839,0.02809435552984258,0
actual,1745431283.6649616,394656.51642525627,4438783.463166523,0.028125509656990646,0
actual,1745431283.765017,394656.5180821591,4438783.464162178,0.028045084885058667,0
actual,1745431283.8649914,394656.51816977514,4438783.464039664,0.028046550961630362,0
actual,1745431283.9650176,394656.5181641046,4438783.463872531,0.028086100122480657,0
actual,1745431284.0649931,394656.5181818902,4438783.463754247,0.02808144009337769,0
actual,1745431284.1651015,394656.51818378805,4438783.463536061,0.028078507940234303,0
actual,1745431284.2649932,394656.5179249217,4438783.464830382,0.028048017038202058,0
actual,1745431284.3650656,394656.51776450506,4438783.464705147,0.02805386389119611,0
actual,1745431284.465015,394656.5176332393,4438783.46452154,0.028053479918760896,0
actual,1745431284.5650134,394656.5174270727,4438783.464291234,0.02805506816838017,0
actual,1745431284.6649702,394656.5171700496,4438783.464053484,0.028048139211249636,0
actual,1745431284.7650158,394656.51725848543,4438783.463823203,0.027978901999822968,0
actual,1745431284.864955,394656.5170317354,4438783.463603803,0.028017386509829507,0
actual,1745431284.9649777,394656.51678033976,4438783.463409373,0.028020440836020472,0
actual,1745431285.064916,394656.5165734311,4438783.463156806,0.02806786143179723,0
actual,1745431285.1649685,394656.5163845423,4438783.462844425,0.028086501548208593,0
actual,1745431285.264923,394656.51734062436,4438783.463606592,0.028044945258718614,0
actual,1745431285.3650682,394656.51724669465,4438783.463521219,0.028043077756418983,0
actual,1745431285.4650054,394656.51720310166,4438783.463405952,0.0280527992403526,0
actual,1745431285.5651152,394656.5171753468,4438783.463312297,0.02805759889579537,0
actual,1745431285.6649652,394656.5170754661,4438783.463145485,0.028099678784061118,0
actual,1745431285.765034,394656.51712519483,4438783.463759868,0.0280518742158489,0
actual,1745431285.8649366,394656.5169875318,4438783.463672419,0.028079171165350122,0
actual,1745431285.9651067,394656.5168535309,4438783.4635517895,0.028089154448671622,0
actual,1745431286.0649922,394656.5166620476,4438783.463479684,0.028092627653883005,0
actual,1745431286.1650386,394656.5163708489,4438783.463364712,0.028078769739622186,0
actual,1745431286.2649333,394656.5179935622,4438783.463734127,0.028075715413431217,0
actual,1745431286.3649683,394656.51807549683,4438783.463552618,0.028119383551315987,0
actual,1745431286.46496,394656.5181948544,4438783.4633089835,0.028122839303235142,0
actual,1745431286.5649502,394656.5182321373,4438783.462981215,0.028189161814810893,0
actual,1745431286.66493,394656.51819676324,4438783.462857579,0.028164657392112755,0
actual,1745431286.7649715,394656.5188613306,4438783.461834832,0.028023512615503916,0
actual,1745431286.864922,394656.518773947,4438783.461555804,0.02803415912394124,0
actual,1745431286.96495,394656.518686141,4438783.461316321,0.028071055384328254,0
actual,1745431287.064935,394656.51855660684,4438783.461051455,0.028036166252580923,0
actual,1745431287.1649556,394656.51836871606,4438783.460737764,0.02806625572888548,0
actual,1745431287.2649214,394656.52000658493,4438783.461455304,0.02805759889579537,0
actual,1745431287.364948,394656.52002227353,4438783.461352541,0.02806239855123839,0
actual,1745431287.464945,394656.5200121367,4438783.461189912,0.028088089797827866,0
actual,1745431287.564905,394656.5200274207,4438783.461068803,0.028060391422598707,0
actual,1745431287.6649227,394656.5199244579,4438783.460884944,0.02805386389119611,0
actual,1745431287.7649217,394656.52020944195,4438783.461176447,0.02805320066608054,0
actual,1745431287.865085,394656.52014716633,4438783.461022527,0.028069711480804387,0
actual,1745431287.9650285,394656.52000798524,4438783.460807072,0.02808210331849351,0
actual,1745431288.0650032,394656.51987534657,4438783.46051793,0.028097409856033546,0
actual,1745431288.1649697,394656.5197533358,4438783.460219384,0.028084895845296595,0
actual,1745431288.2649193,394656.5198192694,4438783.460850857,0.02803562520051293,0
actual,1745431288.3649638,394656.5197059917,4438783.460724466,0.02803415912394124,0
actual,1745431288.4649246,394656.51960378885,4438783.460614359,0.028010597179039275,0
actual,1745431288.5649989,394656.5194286312,4438783.4604626205,0.027999269992193907,0
actual,1745431288.6648843,394656.51920617686,4438783.460231283,0.028014995408754358,0
actual,1745431288.7650003,394656.52012907533,4438783.460742329,0.028048418463929994,0
actual,1745431288.8649852,394656.5200685472,4438783.460615035,0.028071980408831954,0
actual,1745431288.9649942,394656.51995957014,4438783.4604317695,0.028054806368992286,0
actual,1745431289.064929,394656.5197872273,4438783.460136831,0.028090358725855434,0
actual,1745431289.1649566,394656.51962086087,4438783.459846457,0.02809021909951538,0
actual,1745431289.264922,394656.52007712075,4438783.463070951,0.028023512615503916,0
actual,1745431289.3650734,394656.5199794515,4438783.463092989,0.027999549244874265,0
actual,1745431289.4649708,394656.5198655075,4438783.463019748,0.028011120777814792,0
actual,1745431289.5650423,394656.51969932014,4438783.462829326,0.028009392901855463,0
actual,1745431289.6648862,394656.5195074406,4438783.462670533,0.027997419943186753,0
actual,1745431289.7650118,394656.52180605236,4438783.467495462,0.02797291552048861,0
actual,1745431289.8649902,394656.5217854206,4438783.467708007,0.027848002305923512,0
actual,1745431289.9649675,394656.5216959524,4438783.467552983,0.02805121099073308,0
actual,1745431290.064926,394656.5215190335,4438783.467616546,0.028027107993763126,0
actual,1745431290.1650002,394656.5213951807,4438783.467685208,0.027994487790043363,0
actual,1745431290.26499,394656.5198579089,4438783.474334612,0.028150415505416474,0
actual,1745431290.3651009,394656.5194473581,4438783.475201603,0.028061054647714523,0
actual,1745431290.464927,394656.5189719354,4438783.475916365,0.02816226629103761,0
actual,1745431290.564958,394656.5184356724,4438783.476709825,0.028070112906532323,0
actual,1745431290.6649196,394656.51782939653,4438783.4773279885,0.02814734372593303,0
actual,1745431290.7649825,394656.51842504786,4438783.487819837,0.02800300499679317,0
actual,1745431290.8649967,394656.5179134653,4438783.489618987,0.028165058817840694,0
actual,1745431290.9649994,394656.5173199067,4438783.491662565,0.028008467877351763,0
actual,1745431291.0650032,394656.51670674316,4438783.493525989,0.028139751543686926,0
actual,1745431291.1650608,394656.5160910845,4438783.495555086,0.02806559250376966,0
actual,1745431291.2649353,394656.520081685,4438783.488442117,0.02817518172750225,0
actual,1745431291.3649535,394656.5200762374,4438783.489255249,0.028142683696830314,0
actual,1745431291.4649177,394656.5200202409,4438783.48987765,0.028292886732256953,0
actual,1745431291.5649412,394656.51995549747,4438783.49066038,0.028152283007716106,0
actual,1745431291.6650453,394656.5198961069,4438783.491274672,0.02820979160656947,0
actual,1745431291.7649918,394656.51917400374,4438783.487326134,0.0281595959372821,0
actual,1745431291.8649707,394656.5189735045,4438783.487201514,0.028186090035327203,0
actual,1745431291.964906,394656.5187475218,4438783.48703547,0.02820912838145365,0
actual,1745431292.0649216,394656.51853249426,4438783.4868632015,0.028182896082796182,0
actual,1745431292.1649513,394656.5182871301,4438783.486612185,0.02813284003984887,0
actual,1745431292.2649186,394656.5210271799,4438783.48851373,0.028025118318415913,0
actual,1745431292.3649733,394656.52119781886,4438783.488314289,0.028127900758065795,0
actual,1745431292.4649255,394656.52137900406,4438783.488112991,0.02813111216388954,0
actual,1745431292.5649834,394656.5215058074,4438783.487656666,0.028334826994182147,0
actual,1745431292.664999,394656.52160368627,4438783.48741493,0.028229112401388878,0
actual,1745431292.7650113,394656.51987970097,4438783.487919542,0.028339504476577588,0
actual,1745431292.8649583,394656.5197191415,4438783.487631454,0.028266933686279597,0
actual,1745431292.9649456,394656.519508481,4438783.487217911,0.028321649758329622,0
actual,1745431293.0649154,394656.51928107487,4438783.486780282,0.028260266528536946,0
actual,1745431293.1650286,394656.5190280805,4438783.486154316,0.02829302635859701,0
actual,1745431293.2649271,394656.52311258105,4438783.488142864,0.028251208269719146,0
actual,1745431293.3649704,394656.5234654159,4438783.487781925,0.02829875103854348,0
actual,1745431293.4649367,394656.5238151399,4438783.487386946,0.02826265762961234,0
actual,1745431293.5651016,394656.52410265297,4438783.486813043,0.02829555708601246,0
actual,1745431293.6649513,394656.5244079237,4438783.486225424,0.028273845190117653,0
actual,1745431293.7649262,394656.52129351767,4438783.488849232,0.028114863148553326,0
actual,1745431293.864913,394656.5211420602,4438783.488591127,0.028135231140924265,0
actual,1745431293.964973,394656.52103019564,4438783.488313705,0.028175583153230186,0
actual,1745431294.064886,394656.52090116905,4438783.488018383,0.02818090640744897,0
actual,1745431294.1649637,394656.5206463658,4438783.4876423115,0.028192757193069854,0
actual,1745431294.2649322,394656.52121044433,4438783.488688063,0.028154010883675685,0
actual,1745431294.3649554,394656.5211817876,4438783.488477882,0.02816425596638482,0
actual,1745431294.464919,394656.52114408714,4438783.488318669,0.028168793822439957,0
actual,1745431294.564982,394656.5210116094,4438783.487964824,0.028179440330877277,0
actual,1745431294.6649172,394656.520843223,4438783.487522578,0.028207138706106437,0
actual,1745431294.7649822,394656.5217530662,4438783.48962105,0.028191692542226098,0
actual,1745431294.864917,394656.52175771794,4438783.489496691,0.028195951145601125,0
actual,1745431294.96502,394656.5217062042,4438783.48931467,0.028183559307912002,0
actual,1745431295.0649695,394656.52163362206,4438783.489028773,0.028201675825547598,0
actual,1745431295.1650462,394656.5215816089,4438783.488693216,0.02820541083014686,0
actual,1745431295.2649393,394656.52150196186,4438783.489949566,0.028150537678464302,0
actual,1745431295.3649411,394656.5213860145,4438783.489756954,0.02816998064633129,0
actual,1745431295.4649272,394656.5212476187,4438783.489585214,0.028163994166996935,0
actual,1745431295.564936,394656.5210416829,4438783.489318269,0.028169055621827838,0
actual,1745431295.665073,394656.520825792,4438783.488946432,0.028216196964924237,0
actual,1745431295.7650962,394656.52290871023,4438783.490145375,0.02815680341047877,0
actual,1745431295.8649642,394656.5229049306,4438783.48999387,0.028170521698399533,0
actual,1745431295.9650862,394656.5227944611,4438783.489805384,0.028189825039926467,0
actual,1745431296.0649643,394656.52267503605,4438783.489585525,0.02820328152845935,0
actual,1745431296.1649776,394656.5226240773,4438783.489378259,0.02819008683931435,0
actual,1745431296.2649238,394656.52244805614,4438783.489270089,0.028118179274132175,0
actual,1745431296.3649788,394656.5223762472,4438783.488986907,0.028138425093455287,0
actual,1745431296.464951,394656.5223158628,4438783.488746041,0.028108335617150978,0
actual,1745431296.56493,394656.52226378466,4438783.488450628,0.02806571467681724,0
actual,1745431296.665011,394656.5220911428,4438783.488090671,0.02806931005507645,0
actual,1745431296.7651298,394656.5225129948,4438783.488553337,0.028140816194530682,0
actual,1745431296.864984,394656.5223248451,4438783.488419324,0.028142683696830314,0
actual,1745431296.9649591,394656.5221594754,4438783.488408076,0.028134969341536382,0
actual,1745431297.0649168,394656.5219909706,4438783.488312488,0.028101406660020443,0
actual,1745431297.1649487,394656.52177191025,4438783.487937158,0.028152946232831925,0
actual,1745431297.2648952,394656.52254290506,4438783.489806875,0.028233231378423602,0
actual,1745431297.365057,394656.5225479735,4438783.489833298,0.028229112401388878,0
actual,1745431297.4649608,394656.5225722144,4438783.489803087,0.02821844843965933,0
actual,1745431297.565042,394656.52259139763,4438783.489680306,0.02820486977807887,0
actual,1745431297.6649463,394656.5225756563,4438783.4895540085,0.02820193762493548,0
actual,1745431297.7649753,394656.5225884733,4438783.489768079,0.028139751543686926,0
actual,1745431297.864917,394656.52253028145,4438783.489620622,0.028154133056723263,0
actual,1745431297.9649959,394656.52249934705,4438783.489473941,0.028146017275701395,0
actual,1745431298.0649626,394656.5225154852,4438783.489369569,0.028088491223555802,0
actual,1745431298.1650038,394656.52246600273,4438783.489079299,0.028158129860710406,0
actual,1745431298.2650137,394656.5223806611,4438783.488760404,0.028169195248167894,0
actual,1745431298.3650064,394656.5224692977,4438783.489525492,0.02820221687761584,0
actual,1745431298.4649086,394656.52225336386,4438783.4892509,0.028255466873094173,0
actual,1745431298.5649817,394656.5221124258,4438783.488966754,0.02830421391910232,0
actual,1745431298.6649647,394656.5220208003,4438783.488857037,0.028254402222250417,0
actual,1745431298.7649524,394656.52240529296,4438783.489600348,0.028140816194530682,0
actual,1745431298.8649712,394656.52218577673,4438783.4894018425,0.02816931742121572,0
actual,1745431298.9649692,394656.52198782406,4438783.489273527,0.028167851344644026,0
actual,1745431299.0649278,394656.52172374225,4438783.489074564,0.028150415505416474,0
actual,1745431299.1649923,394656.5213929204,4438783.488771214,0.02816226629103761,0
actual,1745431299.2649705,394656.5224593414,4438783.489593072,0.02819687617010458,0
