type,timestamp,x,y,yaw,target_waypoint_idx
actual,1745424443.0089033,394655.9718772315,4438783.135444089,0.0038703723360525313,0
actual,1745424443.0090423,394655.9718772315,4438783.135444089,0.0038703723360525313,0
actual,1745424443.0090954,394655.9718772315,4438783.135444089,0.0038703723360525313,0
actual,1745424443.9583004,394655.97186030884,4438783.135433344,0.0038703723360525313,0
actual,1745424443.9583576,394655.97186030884,4438783.135433344,0.0038703723360525313,0
actual,1745424444.3742027,394655.97186030884,4438783.135433344,0.0038703723360525313,0
actual,1745424444.3742673,394655.97186030884,4438783.135433344,0.0038703723360525313,0
actual,1745424445.821486,394655.96942995675,4438783.135311668,0.0038703723360525313,0
actual,1745424445.8215897,394655.96942995675,4438783.135311668,0.0038703723360525313,0
actual,1745424448.9707582,394655.96942906646,4438783.136885391,0.0038862199256605606,0
actual,1745424448.9708557,394655.96942906646,4438783.136885391,0.0038862199256605606,0
actual,1745424452.0499463,394655.96974291047,4438783.136436403,0.003790069737168379,0
actual,1745424452.049992,394655.96974291047,4438783.136436403,0.003790069737168379,0
actual,1745424452.3177502,394655.96757801494,4438783.136965168,0.0038350817785772645,0
actual,1745424452.3179111,394655.96757801494,4438783.136965168,0.0038350817785772645,0
actual,1745424455.307784,394655.96840390115,4438783.13892896,0.003835622830645257,0
actual,1745424455.3078635,394655.96840390115,4438783.13892896,0.003835622830645257,0
actual,1745424456.8633518,394655.9703884062,4438783.138664389,0.003939347748091315,0
actual,1745424456.8634048,394655.9703884062,4438783.138664389,0.003939347748091315,0
actual,1745424457.9695706,394655.9703884062,4438783.138664389,0.003848398640769843,0
actual,1745424457.9696188,394655.9703884062,4438783.138664389,0.003848398640769843,0
actual,1745424460.3261063,394655.96999704576,4438783.138726385,0.003848398640769843,0
actual,1745424460.3261845,394655.96999704576,4438783.138726385,0.003848398640769843,0
actual,1745424462.3650672,394655.96920356347,4438783.137116478,0.003834959605529685,0
actual,1745424462.3651135,394655.96920356347,4438783.137116478,0.003834959605529685,0
actual,1745424464.3032408,394655.9690171328,4438783.137326394,0.0038827641737416555,0
actual,1745424464.3034222,394655.9690171328,4438783.137326394,0.0038827641737416555,0
actual,1745424467.2584076,394655.9691454914,4438783.1367978295,0.0038827641737416555,0
actual,1745424467.2584589,394655.9691454914,4438783.1367978295,0.0038827641737416555,0
actual,1745424467.497161,394655.9691454914,4438783.1367978295,0.0038827641737416555,0
actual,1745424467.4972944,394655.9691454914,4438783.1367978295,0.0038827641737416555,0
actual,1745424468.2702854,394655.9690244305,4438783.136806108,0.003872903063467982,0
actual,1745424468.2703903,394655.9690244305,4438783.136806108,0.003872903063467982,0
actual,1745424468.4053538,394655.96963444166,4438783.135527115,0.0038705119623925863,0
actual,1745424470.179156,394655.97232404794,4438783.136529663,0.003844681089463304,0
actual,1745424470.1792023,394655.97232404794,4438783.136529663,0.003844681089463304,0
actual,1745424470.5635326,394655.972314502,4438783.136012609,0.003783961084786196,0
actual,1745424470.5635817,394655.972314502,4438783.136012609,0.003783961084786196,0
actual,1745424470.5636096,394655.972314502,4438783.136012609,0.003783961084786196,0
actual,1745424470.647539,394655.972314502,4438783.136012609,0.003838554983788645,0
actual,1745424474.245458,394655.97237570514,4438783.136408989,0.003838554983788645,0
actual,1745424474.245509,394655.97237570514,4438783.136408989,0.003838554983788645,0
actual,1745424474.5256796,394655.9704479639,4438783.138069241,0.003856531875084188,0
actual,1745424474.5257256,394655.9704479639,4438783.138069241,0.003856531875084188,0
actual,1745424476.5331182,394655.97256542236,4438783.137102676,0.003856531875084188,0
actual,1745424476.5331628,394655.97256542236,4438783.137102676,0.003856531875084188,0
actual,1745424476.968364,394655.97291072406,4438783.138385036,0.003865310881221877,0
actual,1745424476.9684155,394655.97291072406,4438783.138385036,0.003865310881221877,0
actual,1745424478.3360987,394655.97284353845,4438783.1383261895,0.0038807570451019693,0
actual,1745424478.3361533,394655.97284353845,4438783.1383261895,0.0038807570451019693,0
actual,1745424478.6148288,394655.97284353845,4438783.1383261895,0.0038807570451019693,0
actual,1745424478.6149058,394655.97284353845,4438783.1383261895,0.0038807570451019693,0
actual,1745424478.665169,394655.97268201754,4438783.140117195,0.003792338665195948,0
actual,1745424478.7691576,394655.97255019203,4438783.140152131,0.003781151104690635,0
actual,1745424479.7032034,394655.97242484684,4438783.140216669,0.0038362860557610763,0
actual,1745424479.7032847,394655.97242484684,4438783.140216669,0.0038362860557610763,0
actual,1745424480.1731164,394655.97242484684,4438783.140216669,0.0038362860557610763,0
actual,1745424480.1732154,394655.97242484684,4438783.140216669,0.0038362860557610763,0
actual,1745424480.550027,394655.97191840684,4438783.138691468,0.0038489396928380834,0
actual,1745424480.5501108,394655.97191840684,4438783.138691468,0.0038489396928380834,0
actual,1745424480.550155,394655.97191840684,4438783.138691468,0.0038489396928380834,0
actual,1745424480.613203,394655.97191658244,4438783.138725676,0.003852535071097043,0
actual,1745424480.8380666,394655.97189668147,4438783.138746664,0.0038788895428023377,0
actual,1745424480.8381171,394655.97189668147,4438783.138746664,0.0038788895428023377,0
actual,1745424481.157411,394655.9717988505,4438783.138828741,0.003919642980836443,0
actual,1745424481.157502,394655.9717988505,4438783.138828741,0.003919642980836443,0
actual,1745424481.1575334,394655.9717988505,4438783.138828741,0.003919642980836443,0
actual,1745424484.588133,394655.97141811554,4438783.137932955,0.003907251143147071,0
actual,1745424484.5881999,394655.97141811554,4438783.137932955,0.003907251143147071,0
actual,1745424485.7194011,394655.9728433433,4438783.138566995,0.0038376125059927154,0
actual,1745424485.7195504,394655.9728433433,4438783.138566995,0.0038376125059927154,0
actual,1745424491.4983711,394655.9748592415,4438783.137602716,0.0038369492808768956,0
actual,1745424491.4984627,394655.9748592415,4438783.137602716,0.0038369492808768956,0
actual,1745424491.9475887,394655.9748592415,4438783.137602716,0.0038369492808768956,0
actual,1745424491.9476361,394655.9748592415,4438783.137602716,0.0038369492808768956,0
actual,1745424492.052952,394655.9727604503,4438783.139415033,0.0038008558719455064,0
actual,1745424492.9279938,394655.97272144695,4438783.139530104,0.0037967368949107824,0
actual,1745424492.9280653,394655.97272144695,4438783.139530104,0.0037967368949107824,0
actual,1745424495.6949553,394655.97107905266,4438783.137896632,0.0038200370404251095,0
actual,1745424495.695035,394655.97107905266,4438783.137896632,0.0038200370404251095,0
actual,1745424496.3746054,394655.9710679857,4438783.1378919175,0.0038880874279601917,0
actual,1745424496.374694,394655.9710679857,4438783.1378919175,0.0038880874279601917,0
actual,1745424496.6932707,394655.9728592501,4438783.138599403,0.0038940739072945477,0
actual,1745424496.6933568,394655.9728592501,4438783.138599403,0.0038940739072945477,0
actual,1745424496.6933882,394655.9728592501,4438783.138599403,0.0038940739072945477,0
actual,1745424499.166482,394655.972861193,4438783.138602304,0.003835745003693084,0
actual,1745424499.1665263,394655.972861193,4438783.138602304,0.003835745003693084,0
actual,1745424500.009583,394655.97389832494,4438783.139581027,0.003835745003693084,0
actual,1745424500.009822,394655.97389832494,4438783.139581027,0.003835745003693084,0
actual,1745424500.7762125,394655.97301009647,4438783.137485389,0.00387943059487033,0
actual,1745424500.7763834,394655.97301009647,4438783.137485389,0.00387943059487033,0
actual,1745424504.0138462,394655.9729441318,4438783.138518067,0.003864106604037817,0
actual,1745424504.0139914,394655.9729441318,4438783.138518067,0.003864106604037817,0
actual,1745424504.7657344,394655.9730392187,4438783.138847804,0.003864106604037817,0
actual,1745424511.1975005,394655.9717350472,4438783.1365138525,0.0037995294217141153,0
actual,1745424514.4041529,394655.9717350472,4438783.1365138525,0.0038246970695278264,0
actual,1745424514.4042673,394655.9717350472,4438783.1365138525,0.0038246970695278264,0
actual,1745424514.5485697,394655.97173384554,4438783.136494984,0.0038246970695278264,0
actual,1745424514.7278461,394655.97173384554,4438783.136494984,0.003862919780146481,0
actual,1745424514.7280064,394655.97173384554,4438783.136494984,0.003862919780146481,0
actual,1745424516.5183578,394655.97243668983,4438783.137030519,0.003823230992956132,0
actual,1745424516.5184329,394655.97243668983,4438783.137030519,0.003823230992956132,0
actual,1745424516.9491932,394655.9724559194,4438783.136568539,0.003937218446404049,0
actual,1745424516.9492407,394655.9724559194,4438783.136568539,0.003937218446404049,0
actual,1745424518.9038682,394655.97348074015,4438783.135913024,0.003837350706604833,0
actual,1745424518.904013,394655.97348074015,4438783.135913024,0.003837350706604833,0
actual,1745424525.2602618,394655.97349260235,4438783.135917358,0.0038605112257788575,0
actual,1745424525.2603354,394655.97349260235,4438783.135917358,0.0038605112257788575,0
actual,1745424525.3634553,394655.9741544006,4438783.135584857,0.0039055232671877426,0
actual,1745424525.464149,394655.9749445983,4438783.13603879,0.00381523738498209,0
actual,1745424525.5604653,394655.97475048027,4438783.137732395,0.0038710355611683506,0
actual,1745424525.6605432,394655.9749218274,4438783.1377179865,0.0038350817785772645,0
actual,1745424525.7604692,394655.97508003504,4438783.137641586,0.0038783659440265734,0
actual,1745424525.8605218,394655.97522230254,4438783.137571522,0.0038336157020055703,0
actual,1745424525.9605234,394655.9741327271,4438783.137982438,0.0037831582333303217,0
actual,1745424526.060563,394655.97416688537,4438783.137923225,0.0037965972685707274,0
actual,1745424526.1605031,394655.97417855484,4438783.137809214,0.0038233706192964353,0
actual,1745424526.2604861,394655.97414698603,4438783.137698772,0.0038643858567181753,0
actual,1745424526.3605144,394655.9740971596,4438783.137610095,0.00387583521661137,0
actual,1745424526.4604833,394655.9751447679,4438783.137686914,0.0038558511966758926,0
actual,1745424526.5667715,394655.9752463137,4438783.137564288,0.003893410682178976,0
actual,1745424526.6612883,394655.97537317494,4438783.137485271,0.0038866213513884976,0
actual,1745424526.8890777,394655.9755649959,4438783.137372039,0.0038553275979003763,0
actual,1745424526.8892028,394655.9755649959,4438783.137372039,0.0038553275979003763,0
actual,1745424526.9620943,394655.975807369,4438783.137650973,0.0038531982962128624,0
actual,1745424527.0629919,394655.97596328025,4438783.137555993,0.0038241734707523097,0
actual,1745424527.1605697,394655.976119017,4438783.137413391,0.003848398640769843,0
actual,1745424527.2605507,394655.9763262164,4438783.137245032,0.003861453703574787,0
actual,1745424527.3604949,394655.97654532234,4438783.1370692,0.0038561304493562507,0
actual,1745424527.4605412,394655.9757162712,4438783.137587832,0.0038272277969432773,0
actual,1745424527.5605006,394655.9757209628,4438783.137518971,0.0038278910220590967,0
actual,1745424527.6604753,394655.97574531136,4438783.137429045,0.00384201073570755,0
actual,1745424527.7605677,394655.97578246973,4438783.137328037,0.0038276292226712143,0
actual,1745424527.8604772,394655.9734513172,4438783.137210066,0.0038007336988979275,0
actual,1745424527.9604743,394655.9732883287,4438783.137101312,0.0037968765212510855,0
actual,1745424528.0604796,394655.9731199901,4438783.136976702,0.0038007336988979275,0
actual,1745424528.1604815,394655.97293900873,4438783.136803204,0.003841871109367495,0
actual,1745424528.2604735,394655.97278769856,4438783.136615979,0.003848398640769843,0
actual,1745424528.3604765,394655.97266778373,4438783.136406227,0.003869831283984539,0
actual,1745424528.460466,394655.9741366101,4438783.1368740685,0.003871838412624225,0
actual,1745424528.5605075,394655.97423685703,4438783.136787714,0.003892869630110736,0
actual,1745424528.6604857,394655.97433801123,4438783.13665712,0.003945072428037788,0
actual,1745424528.7605186,394655.97446187295,4438783.136524842,0.003938021297859924,0
actual,1745424528.8604846,394655.97457068984,4438783.136371609,0.003956259988543102,0
actual,1745424528.9604695,394655.972666678,4438783.135443008,0.0038806174187616662,0
actual,1745424529.060463,394655.9726060982,4438783.13525937,0.003909520071174888,0
actual,1745424529.160526,394655.97255421383,4438783.135092056,0.003894876758750422,0
actual,1745424529.2605653,394655.97241992824,4438783.134847474,0.003949732457140753,0
actual,1745424529.360519,394655.97224969533,4438783.134669824,0.0039184387036523835,0
actual,1745424529.4604795,394655.97375358903,4438783.136487405,0.003794345793835634,0
actual,1745424529.560573,394655.97386989096,4438783.136485195,0.003803927651429198,0
actual,1745424529.6604877,394655.97405826254,4438783.136414994,0.003829357098630791,0
actual,1745424529.7605436,394655.97428455134,4438783.136412079,0.0038501265167294194,0
actual,1745424529.860513,394655.9740538879,4438783.13769067,0.003884352423360929,0
actual,1745424529.9604788,394655.97405181185,4438783.137873468,0.003932959843029022,0
actual,1745424530.0605643,394655.9740815359,4438783.138114566,0.003981026210628875,0
actual,1745424530.160518,394655.9744786652,4438783.138406211,0.003908053994603194,0
actual,1745424530.2604828,394655.97522982594,4438783.138551005,0.003963974343837034,0
actual,1745424530.3605762,394655.9759216676,4438783.138777268,0.003933221642416904,0
actual,1745424530.4605067,394655.9720793918,4438783.137810247,0.003990084469446922,0
actual,1745424530.5605943,394655.97152285,4438783.137760167,0.004002738106523681,0
actual,1745424530.6605022,394655.9708292873,4438783.13776474,0.003989944843106619,0
actual,1745424530.760541,394655.9702236809,4438783.137663563,0.004002336680795743,0
actual,1745424530.860554,394655.96975058084,4438783.137545223,0.004008462786470403,0
actual,1745424530.9605706,394655.9714998619,4438783.134920386,0.004042287267373975,0
actual,1745424531.060566,394655.9712266207,4438783.134487981,0.004028691152501039,0
actual,1745424531.16052,394655.9708351177,4438783.133978397,0.004033089382215873,0
actual,1745424531.2604752,394655.97042446135,4438783.133404635,0.004040681564462226,0
actual,1745424531.3605156,394655.9699704981,4438783.13280577,0.004037487611930955,0
actual,1745424531.4605103,394655.9724482362,4438783.136997518,0.004037487611930955,0
actual,1745424531.5605464,394655.9725927632,4438783.137080956,0.004033229008556176,0
actual,1745424531.6604686,394655.97282053577,4438783.137071715,0.004047470895252456,0
actual,1745424531.7606575,394655.9730856502,4438783.137014411,0.004013244988620698,0
actual,1745424531.8605402,394655.9726375984,4438783.136545516,0.0038326906775018686,0
actual,1745424531.9605284,394655.9727159691,4438783.136507015,0.003838153558060708,0
actual,1745424532.0605235,394655.97290035256,4438783.136381645,0.0038581201247034616,0
actual,1745424532.1605623,394655.97320701176,4438783.136225336,0.003862640527466123,0
actual,1745424532.2604985,394655.9735214932,4438783.135965976,0.003893410682178976,0
actual,1745424532.36051,394655.9737653064,4438783.135696448,0.00393175556584521,0
actual,1745424532.460444,394655.9740051746,4438783.136328293,0.003842272535095432,0
actual,1745424532.5606034,394655.9739576118,4438783.13622976,0.0038578583253158273,0
actual,1745424532.660563,394655.9738942152,4438783.136107826,0.0038426739608233692,0
actual,1745424532.7605097,394655.9738479341,4438783.135917675,0.0038900771033076507,0
actual,1745424532.8604748,394655.97383361927,4438783.135705336,0.003897407486165873,0
actual,1745424532.9605246,394655.9710383635,4438783.136971051,0.003822044169064796,0
actual,1745424533.0605178,394655.97085054556,4438783.136842491,0.003851330793913231,0
actual,1745424533.160521,394655.9706641424,4438783.136655551,0.003889553504531886,0
actual,1745424533.2604873,394655.9704798632,4438783.136500468,0.0039000603866289033,0
actual,1745424533.3605123,394655.97029875795,4438783.136242163,0.003924704435667097,0
actual,1745424533.4606264,394655.97309534415,4438783.136841039,0.003880495245714087,0
actual,1745424533.560602,394655.9732326188,4438783.136676208,0.003909258271787006,0
actual,1745424533.6605554,394655.9734025345,4438783.136437038,0.003917112253420993,0
actual,1745424533.7604167,394655.9735806671,4438783.136183964,0.003919642980836443,0
actual,1745424533.8604648,394655.9737998997,4438783.135899276,0.003960920017646066,0
actual,1745424533.9604795,394655.9736146518,4438783.136466981,0.0038962032089820612,0
actual,1745424534.0605028,394655.97375827446,4438783.13633822,0.0038836891982453577,0
actual,1745424534.1604693,394655.97391847544,4438783.136199094,0.003897128233485515,0
actual,1745424534.2605686,394655.9740908186,4438783.13600621,0.00391763585219651,0
actual,1745424534.3605218,394655.97422866523,4438783.1357414555,0.003921370856795772,0
actual,1745424534.4604874,394655.9724563347,4438783.135654837,0.0038071216039602205,0
actual,1745424534.5605767,394655.97230054176,4438783.135451792,0.00384520468823882,0
actual,1745424534.6604729,394655.97213533206,4438783.135269045,0.0038504057694097775,0
actual,1745424534.760473,394655.9719323113,4438783.135001811,0.0038759573896589494,0
actual,1745424534.860488,394655.971744391,4438783.134705667,0.003858922976159584,0
actual,1745424534.9605622,394655.9747796652,4438783.135379363,0.0037870154109774117,0
actual,1745424535.060471,394655.97497869923,4438783.13528382,0.0038097919577157265,0
actual,1745424535.160509,394655.97525551583,4438783.135150148,0.003821764916384438,0
actual,1745424535.2604828,394655.975600011,4438783.134959642,0.0038838288245854127,0
actual,1745424535.3605912,394655.9759662994,4438783.1348140035,0.003889553504531886,0
actual,1745424535.4604852,394655.97290780756,4438783.134277354,0.0038506675687974114,0
actual,1745424535.5604742,394655.97292681196,4438783.134123666,0.0038567936744720705,0
actual,1745424535.660532,394655.9729923102,4438783.133895054,0.003909258271787006,0
actual,1745424535.7605245,394655.9730871103,4438783.133684298,0.003912853650045965,0
actual,1745424535.8604784,394655.973125107,4438783.133395339,0.003937619872131987,0
actual,1745424535.9605584,394655.9723733901,4438783.134864003,0.003821764916384438,0
actual,1745424536.0605538,394655.9724195465,4438783.134765499,0.0038341567540735627,0
actual,1745424536.16052,394655.97246866836,4438783.134624812,0.0038507897418452387,0
actual,1745424536.2605102,394655.97255459544,4438783.134502299,0.0038240338444120066,0
actual,1745424536.3605545,394655.9728927525,4438783.136361553,0.0037947297662710958,0
actual,1745424536.460472,394655.97298833926,4438783.136332502,0.0038124448581787567,0
actual,1745424536.5604844,394655.97309175355,4438783.136292133,0.0038377521323327704,0
actual,1745424536.660533,394655.9732585221,4438783.1362152705,0.003825761720371583,0
actual,1745424536.7605855,394655.9734255482,4438783.136061142,0.0038365478551489586,0
actual,1745424536.8604789,394655.97358985565,4438783.135886851,0.003861453703574787,0
actual,1745424536.9605541,394655.9716943298,4438783.136511415,0.003871297360555985,0
actual,1745424537.0604184,394655.9716594575,4438783.13643592,0.003911649372862153,0
actual,1745424537.1605275,394655.9716220119,4438783.136378135,0.003909921496902825,0
actual,1745424537.260525,394655.9716012467,4438783.136284444,0.003924163383599105,0
actual,1745424537.360474,394655.97162505204,4438783.136184463,0.00392177228252371,0
actual,1745424537.460517,394655.97287226655,4438783.1361734215,0.003818309164465533,0
actual,1745424537.5605128,394655.9729580129,4438783.13610099,0.0038465311384702112,0
actual,1745424537.660507,394655.97310348856,4438783.136016448,0.0038504057694097775,0
actual,1745424537.7605088,394655.9732621361,4438783.135938216,0.0038659741063374487,0
actual,1745424537.8604677,394655.97409850906,4438783.137408188,0.003849864717341537,0
actual,1745424537.9605374,394655.9742741856,4438783.137414947,0.0038227073941806155,0
actual,1745424538.060507,394655.9745659587,4438783.137445325,0.0038361464294210212,0
actual,1745424538.1604807,394655.9749385412,4438783.137394816,0.00383162602665836,0
actual,1745424538.260537,394655.97528147243,4438783.137265309,0.0038364082288086555,0
actual,1745424538.3604796,394655.97557823133,4438783.137154772,0.0038289556729026054,0
actual,1745424538.4605052,394655.9752140927,4438783.137781841,0.0038461297127422743,0
actual,1745424538.5605655,394655.97540250653,4438783.1376720425,0.0038838288245854127,0
actual,1745424538.6605055,394655.9754936244,4438783.137599447,0.0038543851201041984,0
actual,1745424538.7605116,394655.9755976675,4438783.137430141,0.003919765153884023,0
actual,1745424538.8604727,394655.97581829457,4438783.137267915,0.003874491313087255,0
actual,1745424538.9605782,394655.97502781963,4438783.136583914,0.003870232709712476,0
actual,1745424539.0605688,394655.9751067351,4438783.136355615,0.003863583005262301,0
actual,1745424539.160483,394655.9751586991,4438783.136035667,0.003885556700544989,0
actual,1745424539.260558,394655.97524400806,4438783.135715076,0.003881961322285781,0
actual,1745424539.3604717,394655.9753448735,4438783.135323992,0.0039021896883164172,0
actual,1745424539.4604762,394655.97434223327,4438783.136644567,0.0038417489363199156,0
actual,1745424539.5605092,394655.9743538605,4438783.136509938,0.0038324288781142342,0
actual,1745424539.6605165,394655.9743933731,4438783.136306436,0.0038352214049173195,0
actual,1745424539.7605834,394655.9744808602,4438783.136097972,0.0038301599500866657,0
actual,1745424539.8604798,394655.97457265283,4438783.135901465,0.003835622830645257,0
actual,1745424539.9604807,394655.9730636092,4438783.137020501,0.0038228295672281948,0
actual,1745424540.060477,394655.97305622336,4438783.137043702,0.0038163020358258468,0
actual,1745424540.1604762,394655.9730909111,4438783.137039936,0.0038096523313756714,0
actual,1745424540.2604735,394655.97322427604,4438783.136979942,0.003841207884251675,0
actual,1745424540.3604777,394655.97278434125,4438783.137885714,0.003825639547324004,0
actual,1745424540.4604697,394655.97258133325,4438783.1379015,0.003843738611667126,0
actual,1745424540.5605242,394655.97221893235,4438783.13792743,0.003815918063390385,0
actual,1745424540.6605523,394655.9718273686,4438783.137865009,0.003839340381952044,0
actual,1745424540.7605433,394655.9714140941,4438783.1378290905,0.0037882196881612235,0
actual,1745424540.8605475,394655.97099140816,4438783.137689859,0.0038673180098615636,0
actual,1745424540.9604833,394655.97443263954,4438783.138442763,0.003886743524436325,0
actual,1745424541.0605502,394655.9748769044,4438783.138316208,0.003930289489273516,0
actual,1745424541.1604753,394655.97552010766,4438783.138244168,0.003960378965577826,0
actual,1745424541.2605104,394655.9762743317,4438783.138058609,0.003920847258020255,0
actual,1745424541.3606045,394655.9769686664,4438783.137805172,0.003984761215228138,0
actual,1745424541.460567,394655.97522502166,4438783.1385583505,0.0038382757311082867,0
actual,1745424541.5605166,394655.9750890989,4438783.1384375915,0.003863844804650183,0
actual,1745424541.6605175,394655.9749572043,4438783.138292351,0.0038887506530760115,0
actual,1745424541.760514,394655.9748608005,4438783.13814562,0.003930830541341509,0
actual,1745424541.8604774,394655.9748127686,4438783.137904792,0.003937358072744104,0
actual,1745424541.9605205,394655.975224426,4438783.138057614,0.003847194363586031,0
actual,1745424542.0604737,394655.97528213996,4438783.137916059,0.003843738611667126,0
actual,1745424542.1605449,394655.9755307039,4438783.137619323,0.0039041968169561034,0
actual,1745424542.2604818,394655.97589693626,4438783.137344174,0.003900601438697144,0
actual,1745424542.360567,394655.9760783243,4438783.137111646,0.0039145815260055415,0
actual,1745424542.460504,394655.9744190957,4438783.137173829,0.003851330793913231,0
actual,1745424542.5605886,394655.97426829336,4438783.136905566,0.003893148882791094,0
actual,1745424542.6605816,394655.9740895953,4438783.136712467,0.003907251143147071,0
actual,1745424542.7604995,394655.9738358471,4438783.13645856,0.003920445832292318,0
actual,1745424542.8605628,394655.9735946375,4438783.136147031,0.003961321443374004,0
actual,1745424542.960501,394655.9733825123,4438783.1355099995,0.003895539983866242,0
actual,1745424543.0604837,394655.97333014105,4438783.1352784345,0.003909258271787006,0
actual,1745424543.160587,394655.9732908779,4438783.1350176,0.00392910266538218,0
actual,1745424543.2605534,394655.9732734402,4438783.134730705,0.003956120362203047,0
actual,1745424543.3604832,394655.97326227324,4438783.1344301365,0.003981829062084998,0
actual,1745424543.4604607,394655.97479497234,4438783.135629314,0.0038526572441448703,0
actual,1745424543.5604255,394655.974980215,4438783.135550019,0.0038827641737416555,0
actual,1745424543.6604776,394655.97518615605,4438783.13542663,0.0038862199256605606,0
actual,1745424543.7604706,394655.97534743836,4438783.135328946,0.003907390769487374,0
actual,1745424543.860484,394655.97552810237,4438783.1351817995,0.003950273509208745,0
actual,1745424543.9605496,394655.9734519537,4438783.134719691,0.0039027307403844093,0
actual,1745424544.060446,394655.9733985729,4438783.134539925,0.003902591114044354,0
actual,1745424544.160589,394655.97332862735,4438783.134316381,0.0038862199256605606,0
actual,1745424544.26047,394655.97329822544,4438783.134074983,0.003877824891958581,0
actual,1745424544.36055,394655.9732737886,4438783.13378244,0.003899397161513332,0
actual,1745424544.460577,394655.97298614884,4438783.134433811,0.003839619634632402,0
actual,1745424544.5605266,394655.97301755485,4438783.134273386,0.0038224281415002574,0
actual,1745424544.6605139,394655.97306856257,4438783.134061534,0.0038578583253158273,0
actual,1745424544.7605011,394655.973122157,4438783.133829578,0.003883025973129538,0
actual,1745424544.860524,394655.9732065683,4438783.133573054,0.0038952781844786076,0
actual,1745424544.960587,394655.97243493167,4438783.135726757,0.0038479972150419054,0
actual,1745424545.0605307,394655.972430048,4438783.135739943,0.0038762366423393075,0
actual,1745424545.1605048,394655.9724579952,4438783.135721025,0.003876760241114824,0
actual,1745424545.2605314,394655.9725352607,4438783.135705419,0.003876638068067245,0
actual,1745424545.3605955,394655.97263250174,4438783.135663722,0.0038836891982453577,0
actual,1745424545.4605284,394655.9728654295,4438783.136238235,0.003805254101660589,0
actual,1745424545.5605283,394655.9729200714,4438783.136175066,0.00383096280154254,0
actual,1745424545.660564,394655.97297166556,4438783.136123558,0.0038250984952557633,0
actual,1745424545.7605581,394655.97303850733,4438783.135971355,0.0038529364968252285,0
actual,1745424545.860499,394655.9731722942,4438783.135751924,0.0038874242028446204,0
actual,1745424545.9605007,394655.97280760703,4438783.137705357,0.003863722631602356,0
actual,1745424546.0605152,394655.9729064073,4438783.1377253765,0.0038847538490888664,0
actual,1745424546.1605816,394655.9730268434,4438783.137763939,0.0038366874814890137,0
actual,1745424546.2604313,394655.9731397987,4438783.13771362,0.003836809654536593,0
actual,1745424546.360588,394655.9733006661,4438783.137650809,0.0038479972150419054,0
actual,1745424546.460477,394655.9742988973,4438783.1376224905,0.003867701982297025,0
actual,1745424546.5604885,394655.9745389751,4438783.137471756,0.0038721002120121074,0
actual,1745424546.660469,394655.97476259654,4438783.137370783,0.003843738611667126,0
actual,1745424546.7605147,394655.9750446485,4438783.137259387,0.0038223059684526785,0
actual,1745424546.8605351,394655.97530546016,4438783.137058296,0.003840946084864041,0
actual,1745424546.96058,394655.97344475175,4438783.137275151,0.00383162602665836,0
actual,1745424547.060486,394655.97343074175,4438783.137100916,0.0038710355611683506,0
actual,1745424547.1604877,394655.9734812405,4438783.136881862,0.003872763437127679,0
actual,1745424547.2604742,394655.9735403982,4438783.13663543,0.0038938121079069134,0
actual,1745424547.3605113,394655.9737314065,4438783.136346198,0.003914982951733479,0
actual,1745424547.4605224,394655.9742658448,4438783.136907178,0.0038457457403068126,0
actual,1745424547.5605226,394655.97421517916,4438783.136768797,0.0038773012931830643,0
actual,1745424547.6605144,394655.9741464242,4438783.136507511,0.003856392248744133,0
actual,1745424547.7605405,394655.9743327234,4438783.13616758,0.003886743524436325,0
actual,1745424547.8605845,394655.9746697458,4438783.135854338,0.003890879954763525,0
actual,1745424547.9605603,394655.97279711463,4438783.137706713,0.003848660440157725,0
actual,1745424548.060483,394655.9725785316,4438783.137552186,0.0038101759301511877,0
actual,1745424548.1604743,394655.97255684074,4438783.137276241,0.003921510483136075,0
actual,1745424548.2605717,394655.9725094629,4438783.137155573,0.003934827345328654,0
actual,1745424548.3604462,394655.97226113034,4438783.136908504,0.003879029169142393,0
actual,1745424548.460508,394655.9736702285,4438783.136337574,0.0038168430878938392,0
actual,1745424548.560613,394655.974044641,4438783.1361179445,0.0038658519332898694,0
actual,1745424548.6605492,394655.97424003494,4438783.135790059,0.0038278910220590967,0
actual,1745424548.7605715,394655.97445132915,4438783.13530195,0.0038416093099796125,0
actual,1745424548.8605378,394655.9749061053,4438783.1349364035,0.0038569158475196493,0
actual,1745424548.9605546,394655.97266418044,4438783.136582395,0.003868766633140782,0
actual,1745424549.0604672,394655.97272979934,4438783.136441954,0.003869307685208774,0
actual,1745424549.1605027,394655.97280890966,4438783.136318568,0.003873164862855616,0
actual,1745424549.2604675,394655.97297019453,4438783.136104737,0.003888209601008019,0
actual,1745424549.3604848,394655.97317872406,4438783.1358048245,0.003917915104876868,0
actual,1745424549.460506,394655.97305209463,4438783.137307521,0.003839340381952044,0
actual,1745424549.5604873,394655.973169492,4438783.137161948,0.003871576613236343,0
actual,1745424549.6605392,394655.9732874146,4438783.137039968,0.0038553275979003763,0
actual,1745424549.7605538,394655.97330819647,4438783.136975029,0.0038305613758146027,0
actual,1745424549.8604746,394655.9733486848,4438783.13764387,0.0038416093099796125,0
actual,1745424549.960488,394655.9735401683,4438783.137451456,0.0038345581798014997,0
actual,1745424550.0605068,394655.97363315546,4438783.13727964,0.0038579804983634065,0
actual,1745424550.1605577,394655.9737750712,4438783.137109301,0.0038646476561060576,0
actual,1745424550.2604716,394655.97405970003,4438783.13681532,0.003877964518298636,0
actual,1745424550.3605163,394655.9743220804,4438783.136416222,0.003905785066575625,0
actual,1745424550.4604807,394655.9746627857,4438783.138704072,0.0038747705657676134,0
actual,1745424550.5605242,394655.9749407229,4438783.1386235,0.0038746309394273102,0
actual,1745424550.6604714,394655.97511721903,4438783.138511785,0.0038619773023505517,0
actual,1745424550.7604718,394655.975025163,4438783.138366393,0.0038449428888509382,0
actual,1745424550.8604841,394655.9750492846,4438783.138267943,0.003885818499932623,0
actual,1745424550.960474,394655.9751495244,4438783.137277141,0.003834819979189382,0
actual,1745424551.0605218,394655.9757738457,4438783.137008667,0.00390592469291568,0
actual,1745424551.1605477,394655.97640451475,4438783.136898999,0.00389433570668243,0
actual,1745424551.2605357,394655.9771147089,4438783.136750687,0.003936014169219989,0
actual,1745424551.3605309,394655.9779562887,4438783.13647089,0.003938143470907503,0
actual,1745424551.4605305,394655.97751561424,4438783.137745285,0.003855065798512494,0
actual,1745424551.5605652,394655.9775442442,4438783.137737492,0.003899536787853387,0
actual,1745424551.6604748,394655.97733634384,4438783.137626236,0.003967447549048414,0
actual,1745424551.7605495,394655.97690803243,4438783.137421892,0.0039742368798386446,0
actual,1745424551.8605437,394655.9765668124,4438783.137145651,0.0038748927388151926,0
actual,1745424551.9605296,394655.9777571674,4438783.138840553,0.0037995294217141153,0
actual,1745424552.060516,394655.9778260295,4438783.138867978,0.0037931415166518223,0
actual,1745424552.160558,394655.97810338857,4438783.138862907,0.003840806458523738,0
actual,1745424552.2604723,394655.9783466105,4438783.138712758,0.003817907738737596,0
actual,1745424552.360533,394655.97862529143,4438783.138449686,0.0038310849745901193,0
actual,1745424552.4604716,394655.97794632625,4438783.138472302,0.0037831582333303217,0
actual,1745424552.5605462,394655.9782391084,4438783.138202788,0.003806598005184704,0
actual,1745424552.6604764,394655.97848634503,4438783.137985964,0.0038290952992429085,0
actual,1745424552.7604704,394655.9786046129,4438783.13775212,0.003823632418684069,0
actual,1745424552.860472,394655.97874833347,4438783.137498452,0.0037726338979408285,0
actual,1745424552.9606385,394655.9767662223,4438783.138848716,0.003778620377275184,0
actual,1745424553.0604606,394655.9766041851,4438783.138713959,0.0037776953527717304,0
actual,1745424553.1605372,394655.9764844447,4438783.138478188,0.003816441662165902,0
actual,1745424553.2604818,394655.9764180285,4438783.138141094,0.0038462693390825774,0
actual,1745424553.3605297,394655.97647196613,4438783.137757848,0.003829357098630791,0
actual,1745424553.4605122,394655.9766457182,4438783.139903919,0.0038207002655406812,0
actual,1745424553.560513,394655.97681991174,4438783.139782069,0.0037959340434549076,0
actual,1745424553.6605895,394655.9769758342,4438783.13972413,0.003774763199628342,0
actual,1745424553.7604713,394655.9771327038,4438783.139515734,0.0037266968320284893,0
actual,1745424553.860464,394655.97750731604,4438783.139073588,0.0038329524768897505,0
actual,1745424553.9605038,394655.97524192935,4438783.138809208,0.00392430300993916,0
actual,1745424554.0604663,394655.974953777,4438783.138808645,0.0038507897418452387,0
actual,1745424554.1605883,394655.9746822226,4438783.1385097625,0.003933483441804539,0
actual,1745424554.2605639,394655.97441968863,4438783.138278707,0.003888872826123591,0
actual,1745424554.3605773,394655.97407133237,4438783.13792683,0.003929486637817642,0
actual,1745424554.460522,394655.9761081694,4438783.137447427,0.0038488000664977802,0
actual,1745424554.5605226,394655.97637600783,4438783.137166906,0.003859725827615459,0
actual,1745424554.660518,394655.9766794176,4438783.136778737,0.003907251143147071,0
actual,1745424554.760482,394655.97693881544,4438783.136378742,0.0038773012931830643,0
actual,1745424554.8605266,394655.9771935001,4438783.135901062,0.0038848934754291695,0
actual,1745424554.9605675,394655.97497273417,4438783.138169652,0.0037739603481724672,0
actual,1745424555.0606303,394655.9749040304,4438783.138078436,0.003813108083294576,0
actual,1745424555.1605263,394655.9749077647,4438783.137928721,0.0038168430878938392,0
actual,1745424555.2604866,394655.97495598433,4438783.13778696,0.0038088494799197966,0
actual,1745424555.3604856,394655.9750536573,4438783.137588184,0.0038288334998550265,0
actual,1745424555.4604812,394655.97500046523,4438783.138191554,0.0038795527679181575,0
actual,1745424555.5605,394655.9750838082,4438783.138060041,0.0038579804983634065,0
actual,1745424555.6604736,394655.9752013327,4438783.137866158,0.0038658519332898694,0
actual,1745424555.76059,394655.97535045113,4438783.137582129,0.003877964518298636,0
actual,1745424555.8605607,394655.9755227952,4438783.137260491,0.003925769086510855,0
actual,1745424555.9606264,394655.97463816893,4438783.137463105,0.003869307685208774,0
actual,1745424556.060516,394655.97466412216,4438783.13723321,0.003895801783254124,0
actual,1745424556.1604779,394655.9747627766,4438783.13696047,0.003918578329992687,0
actual,1745424556.2604766,394655.97489786375,4438783.136646227,0.003927758761858065,0
actual,1745424556.3604753,394655.9750523171,4438783.136278277,0.003921510483136075,0
actual,1745424556.4604642,394655.97510646196,4438783.137801673,0.003838554983788645,0
actual,1745424556.560531,394655.97522064135,4438783.137613268,0.0038711751875084056,0
actual,1745424556.6604724,394655.9752663403,4438783.137391342,0.00391271402370591,0
actual,1745424556.7605426,394655.9753709019,4438783.137192358,0.0038952781844786076,0
actual,1745424556.8605301,394655.97556043416,4438783.1368585555,0.0039273573361301274,0
actual,1745424556.961319,394655.97527424694,4438783.138421442,0.0038751719914955508,0
actual,1745424557.0605297,394655.9753207556,4438783.138272552,0.003862919780146481,0
actual,1745424557.1604712,394655.9754591717,4438783.1380752595,0.0038366874814890137,0
actual,1745424557.2604706,394655.97567345813,4438783.13775553,0.0038784881170744003,0
actual,1745424557.3612359,394655.97588925203,4438783.137427263,0.003888872826123591,0
actual,1745424557.4605322,394655.9755131385,4438783.137530076,0.003860912651506795,0
actual,1745424557.560562,394655.9754539028,4438783.137327543,0.0038836891982453577,0
actual,1745424557.6604795,394655.97551478574,4438783.137060857,0.0038658519332898694,0
actual,1745424557.76048,394655.9756659949,4438783.136665678,0.003886743524436325,0
actual,1745424557.860468,394655.9767696981,4438783.138146405,0.0038414696836395574,0
actual,1745424557.960519,394655.97683319415,4438783.138057659,0.0038502661430694744,0
actual,1745424558.0603783,394655.97684304364,4438783.137921406,0.003887022777116683,0
actual,1745424558.1605406,394655.9769570174,4438783.1377937,0.0038866213513884976,0
actual,1745424558.260533,394655.97718926106,4438783.137567146,0.003889413878191831,0
actual,1745424558.3605247,394655.9774873501,4438783.137229727,0.003922575133979584,0
actual,1745424558.460475,394655.9756942098,4438783.138369657,0.003857596525927945,0
actual,1745424558.5605145,394655.9756315351,4438783.1383186625,0.0038414696836395574,0
actual,1745424558.6604695,394655.9755217857,4438783.138218628,0.0038289556729026054,0
actual,1745424558.7605252,394655.97543592437,4438783.138008882,0.00387583521661137,0
actual,1745424558.860542,394655.97541423887,4438783.137779617,0.0038570554738599524,0
actual,1745424558.9605503,394655.9756262819,4438783.13871025,0.0038768998674551273,0
actual,1745424559.0605137,394655.9756444901,4438783.138635659,0.0038531982962128624,0
actual,1745424559.160474,394655.9757061739,4438783.13844957,0.00387529416454313,0
actual,1745424559.2605407,394655.9758222651,4438783.138252529,0.0038571951002000075,0
actual,1745424559.3606122,394655.9759715592,4438783.137912126,0.003919642980836443,0
actual,1745424559.4604177,394655.9744119725,4438783.138425079,0.003861314077234732,0
actual,1745424559.5604155,394655.9743881115,4438783.138263079,0.0038703723360525313,0
actual,1745424559.6604657,394655.97443006764,4438783.138018475,0.003890740328423222,0
actual,1745424559.7605548,394655.974514409,4438783.137718506,0.003922173708251647,0
actual,1745424559.860518,394655.9746112648,4438783.137377124,0.003912190424930394,0
actual,1745424559.9604728,394655.9746508156,4438783.139829136,0.003835622830645257,0
actual,1745424560.0604672,394655.97471825883,4438783.139673612,0.0038606508521189125,0
actual,1745424560.1605153,394655.97485230234,4438783.139526058,0.003870232709712476,0
actual,1745424560.2604666,394655.97502279637,4438783.139313679,0.0038673180098615636,0
actual,1745424560.3605437,394655.9752267005,4438783.139022745,0.0038657123069498144,0
actual,1745424560.4605165,394655.97469151183,4438783.139953809,0.0038353435779648988,0
actual,1745424560.5605874,394655.974762406,4438783.139780591,0.0038750323651552477,0
actual,1745424560.6605575,394655.9749078364,4438783.139622439,0.003875573417223488,0
actual,1745424560.7604759,394655.9750624235,4438783.139385223,0.0038863595520008637,0
actual,1745424560.8605204,394655.97520920634,4438783.139006163,0.00392177228252371,0
actual,1745424560.9605305,394655.97362640523,4438783.1386631485,0.0038558511966758926,0
actual,1745424561.0605533,394655.97365716717,4438783.138349781,0.0038567936744720705,0
actual,1745424561.160651,394655.97372370027,4438783.137952831,0.0038762366423393075,0
actual,1745424561.2605307,394655.973770008,4438783.137508242,0.0038643858567181753,0
actual,1745424561.360563,394655.9737794081,4438783.137016544,0.003860912651506795,0
actual,1745424561.4605637,394655.97282050125,4438783.139654375,0.0038292174722904877,0
actual,1745424561.5604742,394655.97287561494,4438783.139461823,0.003898594310057209,0
actual,1745424561.6605206,394655.9729818592,4438783.139299945,0.003901002864425081,0
actual,1745424561.7605462,394655.97304946365,4438783.139145102,0.00389433570668243,0
actual,1745424561.8605425,394655.973164582,4438783.138922539,0.0038887506530760115,0
actual,1745424561.9604764,394655.97446884686,4438783.138798539,0.003835483204305202,0
actual,1745424562.060516,394655.9746499255,4438783.138644774,0.003818309164465533,0
actual,1745424562.160639,394655.9748976582,4438783.13844398,0.0038023219485172005,0
actual,1745424562.2605798,394655.97523866105,4438783.138066279,0.0038312246009304224,0
actual,1745424562.360485,394655.9756398909,4438783.137626166,0.003866637331453268,0
actual,1745424562.4604719,394655.97528451984,4438783.139799265,0.003848398640769843,0
actual,1745424562.560478,394655.97525408433,4438783.139765482,0.003839480008292347,0
actual,1745424562.6605287,394655.9754269972,4438783.139511392,0.003867701982297025,0
actual,1745424562.7604125,394655.9756870565,4438783.139243417,0.003920568005339897,0
actual,1745424562.8604681,394655.9758570454,4438783.139090876,0.0038918049792669787,0
actual,1745424562.960434,394655.974531489,4438783.138945656,0.003805393728000892,0
actual,1745424563.0605547,394655.97459242214,4438783.138651498,0.003847473616266389,0
actual,1745424563.1604803,394655.9745945688,4438783.138362519,0.003863722631602356,0
actual,1745424563.2606108,394655.97460212634,4438783.137984155,0.0038673180098615636,0
actual,1745424563.3604832,394655.9746836526,4438783.137521527,0.0038735662885838015,0
actual,1745424563.4605036,394655.97405308497,4438783.138866152,0.0038494632916135996,0
actual,1745424563.5604784,394655.9741030807,4438783.138655393,0.003870110536664649,0
actual,1745424563.6604748,394655.974138427,4438783.138391702,0.003871297360555985,0
actual,1745424563.7606173,394655.9742346412,4438783.138081831,0.003877964518298636,0
actual,1745424563.8605149,394655.97435442207,4438783.137709304,0.003873967714311739,0
actual,1745424563.9605186,394655.97393987305,4438783.139475318,0.0038277688490112698,0
actual,1745424564.0605314,394655.9739526771,4438783.139345448,0.0038250984952557633,0
actual,1745424564.160538,394655.97397421073,4438783.13913013,0.003855187971560073,0
actual,1745424564.260468,394655.9740145354,4438783.138850697,0.0038760970159990044,0
actual,1745424564.360499,394655.9741014305,4438783.138557381,0.003908717219718765,0
actual,1745424564.4604647,394655.97512309207,4438783.139734923,0.0038302995764267207,0
actual,1745424564.5609846,394655.9752794587,4438783.139619157,0.0038456061139667576,0
actual,1745424564.6605217,394655.9754554976,4438783.139406598,0.003892084231947337,0
actual,1745424564.7605417,394655.9757056793,4438783.139209521,0.003907652568875256,0
actual,1745424564.8605056,394655.97596203827,4438783.138985564,0.003896063582642006,0
actual,1745424564.960406,394655.97491711634,4438783.138615358,0.0038330921032300536,0
actual,1745424565.060471,394655.9749849891,4438783.138372385,0.003847735415654271,0
actual,1745424565.1605213,394655.97500377125,4438783.1380237425,0.003853721894988627,0
actual,1745424565.2604709,394655.9750769338,4438783.137617383,0.0038633212058744185,0
actual,1745424565.3605275,394655.97514022875,4438783.137127586,0.0038748927388151926,0
actual,1745424565.4604673,394655.9747562612,4438783.139756878,0.0038250984952557633,0
actual,1745424565.560553,394655.9747846823,4438783.139584602,0.003832289251773931,0
actual,1745424565.660478,394655.97479888063,4438783.139325929,0.0038173666866693555,0
actual,1745424565.7604735,394655.97490139364,4438783.139023612,0.003829357098630791,0
actual,1745424565.8604732,394655.97502674017,4438783.138643577,0.0038507897418452387,0
actual,1745424565.9604828,394655.9739838686,4438783.139129765,0.0038201766667651646,0
actual,1745424566.0605364,394655.9739443144,4438783.138882101,0.0038330921032300536,0
actual,1745424566.1604853,394655.97394418856,4438783.138572823,0.0038341567540735627,0
actual,1745424566.260545,394655.9739495864,4438783.13816299,0.003853721894988627,0
actual,1745424566.3608432,394655.9739875577,4438783.1377639,0.0038212413176089213,0
actual,1745424566.4604828,394655.97658932034,4438783.139565542,0.0037719706728250087,0
actual,1745424566.5605674,394655.9769057834,4438783.139322566,0.003783420032718204,0
actual,1745424566.6604738,394655.9772985816,4438783.139095227,0.00378514790867778,0
actual,1745424566.7604764,394655.97766941215,4438783.138821014,0.0038009954982858095,0
actual,1745424566.8604872,394655.97794368013,4438783.138474455,0.0037992676223262333,0
actual,1745424566.9605584,394655.9779942724,4438783.139995278,0.0038581201247034616,0
actual,1745424567.060525,394655.9782397054,4438783.139674465,0.003855187971560073,0
actual,1745424567.1604817,394655.9784894126,4438783.1393224485,0.003889413878191831,0
actual,1745424567.2605205,394655.9787529641,4438783.13898165,0.0038481368413822085,0
actual,1745424567.3604696,394655.97902632854,4438783.138431312,0.0038723620113997417,0
actual,1745424567.4605026,394655.97802239144,4438783.140623914,0.0038081862548039773,0
actual,1745424567.5605872,394655.97811525624,4438783.140390268,0.0038529364968252285,0
actual,1745424567.6604736,394655.97828932037,4438783.140117318,0.0038806174187616662,0
actual,1745424567.7605927,394655.9784693604,4438783.139726153,0.0038671783835215086,0
actual,1745424567.860487,394655.97857520595,4438783.139225915,0.003929486637817642,0
actual,1745424567.9605443,394655.97732671525,4438783.1402087035,0.003851068994525597,0
actual,1745424568.0605462,394655.9772605902,4438783.140009207,0.0038780866913464634,0
actual,1745424568.160502,394655.977237963,4438783.1397134075,0.0038780866913464634,0
actual,1745424568.2604823,394655.9772397825,4438783.139357475,0.003911911172250036,0
actual,1745424568.3605704,394655.9772179918,4438783.138951119,0.003952263184556205,0
actual,1745424568.4604843,394655.977285832,4438783.139868566,0.003884352423360929,0
actual,1745424568.560542,394655.9773482911,4438783.139606326,0.003920044406564381,0
actual,1745424568.660507,394655.9774468085,4438783.139379401,0.00392177228252371,0
actual,1745424568.760482,394655.97753544204,4438783.139050369,0.003951599959440385,0
actual,1745424568.8604774,394655.97759343823,4438783.1386183705,0.003955998189155467,0
actual,1745424568.9604874,394655.9753136715,4438783.13905978,0.003851592593301113,0
actual,1745424569.060464,394655.9752810586,4438783.138811328,0.003841347510591978,0
actual,1745424569.1605675,394655.9752601717,4438783.138521258,0.0038454664876267025,0
actual,1745424569.2604654,394655.97524583444,4438783.138159659,0.0038519940190290505,0
actual,1745424569.3608642,394655.9752329079,4438783.137821365,0.0038432150128916097,0
actual,1745424569.4604821,394655.9749076623,4438783.138634768,0.0038324288781142342,0
actual,1745424569.5604753,394655.9749111149,4438783.1383849755,0.0038465311384702112,0
actual,1745424569.6604884,394655.97488543263,4438783.138069162,0.003884212797020874,0
actual,1745424569.7604787,394655.9749035458,4438783.137676654,0.0038800938199861496,0
actual,1745424569.8605533,394655.9749241103,4438783.13717982,0.003908856846059068,0
actual,1745424569.9605238,394655.975419284,4438783.138523092,0.0038300203237463626,0
actual,1745424570.0605273,394655.975499977,4438783.138273066,0.0038378743053803497,0
actual,1745424570.1607208,394655.9756021564,4438783.137941423,0.00388688315077638,0
actual,1745424570.260641,394655.9757968122,4438783.13758359,0.003883025973129538,0
actual,1745424570.3605702,394655.9759896124,4438783.137144034,0.003908455420331131,0
actual,1745424570.4605484,394655.9761843028,4438783.139067542,0.003794206167495579,0
actual,1745424570.560471,394655.9762348074,4438783.138890601,0.003817104887281721,0
actual,1745424570.660465,394655.9763631836,4438783.138603631,0.0038595862012751558,0
actual,1745424570.760579,394655.9765542858,4438783.1383437915,0.0038633212058744185,0
actual,1745424570.8604639,394655.97673198837,4438783.13797942,0.0038786277434144554,0
actual,1745424570.9605594,394655.975654121,4438783.138427766,0.0038521336453691056,0
actual,1745424571.0604808,394655.9757070333,4438783.138114623,0.0038799541936460945,0
actual,1745424571.1605992,394655.9756846231,4438783.137760736,0.003888349227348074,0
actual,1745424571.260475,394655.97569417674,4438783.137323122,0.0039448106286501545,0
actual,1745424571.360505,394655.9757908823,4438783.136884806,0.003922435507639529,0
actual,1745424571.460482,394655.9745428621,4438783.138750494,0.003866637331453268,0
actual,1745424571.5604699,394655.97455571016,4438783.1385871,0.0038312246009304224,0
actual,1745424571.6605027,394655.97457369603,4438783.138381335,0.0038414696836395574,0
actual,1745424571.7605157,394655.97466235916,4438783.138132199,0.00381937381530929,0
actual,1745424571.8604789,394655.97477990465,4438783.137815907,0.003833493528957991,0
actual,1745424571.9605145,394655.9745264214,4438783.139248001,0.0038400036070678632,0
actual,1745424572.060468,394655.97462626203,4438783.13913701,0.0038161798627780194,0
actual,1745424572.1605194,394655.9747216912,4438783.138929058,0.0038685048337528997,0
actual,1745424572.2604675,394655.97485085303,4438783.138702075,0.0038404050327958007,0
actual,1745424572.3605185,394655.974979833,4438783.138422414,0.0038775630925706986,0
actual,1745424572.4604666,394655.9756068933,4438783.138377018,0.003839340381952044,0
actual,1745424572.5604837,394655.97573800734,4438783.138206853,0.003889012452463894,0
actual,1745424572.6605046,394655.9759335495,4438783.137986525,0.0038799541936460945,0
actual,1745424572.7605526,394655.97620868345,4438783.137704412,0.003911649372862153,0
actual,1745424572.860476,394655.97649265605,4438783.137359053,0.003869307685208774,0
actual,1745424572.9605124,394655.9745583486,4438783.138428229,0.0038043290771571352,0
actual,1745424573.060516,394655.97452829895,4438783.138208513,0.003811380207335248,0
actual,1745424573.1605124,394655.9745159398,4438783.1379941385,0.0037960736697952107,0
actual,1745424573.260507,394655.9745097255,4438783.137655365,0.0038401432334079183,0
actual,1745424573.3605447,394655.97455933806,4438783.1373937605,0.0038277688490112698,0
actual,1745424573.4604723,394655.97504047037,4438783.137821118,0.0038703723360525313,0
actual,1745424573.5605311,394655.97517574864,4438783.137680146,0.003810577355879125,0
actual,1745424573.6605113,394655.9753126336,4438783.137418248,0.0038734266622434984,0
actual,1745424573.7604733,394655.97549473157,4438783.137102203,0.0038541233207165645,0
actual,1745424573.860466,394655.9756660241,4438783.136656221,0.00391337724882173,0
actual,1745424573.9604874,394655.97653580667,4438783.138860101,0.0038238942180719515,0
actual,1745424574.0605414,394655.9766419142,4438783.138739839,0.0039029925397722916,0
actual,1745424574.1604142,394655.97673871985,4438783.13861223,0.003877964518298636,0
actual,1745424574.2604759,394655.97693507373,4438783.138383184,0.00395559676342753,0
actual,1745424574.360594,394655.9772458321,4438783.1381173255,0.003945735653153608,0
actual,1745424574.4604616,394655.97344170156,4438783.137151477,0.0038535997219407998,0
actual,1745424574.560614,394655.97320647445,4438783.136799748,0.0038514704202535343,0
actual,1745424574.6604695,394655.97303280525,4438783.136403248,0.0038751719914955508,0
actual,1745424574.7604725,394655.9729053156,4438783.135935281,0.003867981234977383,0
actual,1745424574.860466,394655.9728012674,4438783.135447961,0.003860912651506795,0
actual,1745424574.9604008,394655.97357730864,4438783.137683016,0.003833493528957991,0
actual,1745424575.060405,394655.9736224958,4438783.137539108,0.0037879404354808654,0
actual,1745424575.1615994,394655.97369135724,4438783.137278596,0.0038056555273885263,0
actual,1745424575.2605429,394655.973837932,4438783.137009258,0.0037731749500090686,0
actual,1745424575.3609998,394655.97403598437,4438783.136622165,0.003821904542724741,0
actual,1745424575.4604647,394655.9739745717,4438783.139255507,0.003848660440157725,0
actual,1745424575.5604692,394655.9741660179,4438783.13921149,0.0039056628935277976,0
actual,1745424575.6604762,394655.9743977958,4438783.139163475,0.0038534600956007447,0
actual,1745424575.7605805,394655.9746414359,4438783.138982753,0.0039266941110143085,0
actual,1745424575.86054,394655.9748629575,4438783.139124081,0.003821764916384438,0
actual,1745424575.9605625,394655.9749477365,4438783.138934773,0.0038879478016201367,0
actual,1745424576.0604737,394655.9750399633,4438783.138673486,0.003894475333022485,0
actual,1745424576.160508,394655.9750974352,4438783.138429002,0.0038786277434144554,0
actual,1745424576.260469,394655.97517855815,4438783.1380237,0.0039193811814485615,0
actual,1745424576.3609502,394655.9753192262,4438783.139937693,0.0038673180098615636,0
actual,1745424576.4604108,394655.9754733166,4438783.139819791,0.0039015264632005974,0
actual,1745424576.561326,394655.9755473201,4438783.13967759,0.0038630419531940604,0
actual,1745424576.6607754,394655.9755592828,4438783.139453436,0.003891944605607282,0
actual,1745424576.7605472,394655.97566463775,4438783.139234498,0.003905121841459805,0
actual,1745424576.8604708,394655.97585052147,4438783.138811799,0.0039486678062969965,0
actual,1745424576.9604852,394655.9765711942,4438783.139797127,0.0038703723360525313,0
actual,1745424577.06059,394655.97661345673,4438783.1397006,0.003874491313087255,0
actual,1745424577.1604996,394655.97673633066,4438783.139437569,0.0038939342809544927,0
actual,1745424577.2604764,394655.9767582553,4438783.139118982,0.003938544896635441,0
actual,1745424577.3605638,394655.97679383936,4438783.138878576,0.0038300203237463626,0
actual,1745424577.4604447,394655.977751194,4438783.14035416,0.0037979411720948423,0
actual,1745424577.5604796,394655.9781403075,4438783.140082485,0.003805254101660589,0
actual,1745424577.660474,394655.9785500838,4438783.13977814,0.003847473616266389,0
actual,1745424577.7604713,394655.97893776745,4438783.139459221,0.003809914130763554,0
actual,1745424577.8605258,394655.9792436304,4438783.138904005,0.0038545247464445015,0
actual,1745424577.9605322,394655.97499863437,4438783.140567933,0.003893009256450791,0
actual,1745424578.0604656,394655.97476520896,4438783.1403672,0.003876498441726942,0
actual,1745424578.1609905,394655.97456249176,4438783.140126271,0.003885678873592568,0
actual,1745424578.260548,394655.97431638394,4438783.139765822,0.003908856846059068,0
actual,1745424578.361012,394655.9741919443,4438783.139467817,0.003954793911971407,0
actual,1745424578.460487,394655.97739039623,4438783.1408275515,0.003869831283984539,0
actual,1745424578.5604737,394655.97758375166,4438783.140736299,0.003908856846059068,0
actual,1745424578.6603782,394655.9777586104,4438783.140658902,0.003851592593301113,0
actual,1745424578.760477,394655.9780077666,4438783.1404616395,0.0038541233207165645,0
actual,1745424578.8604684,394655.9783592823,4438783.140160812,0.003890740328423222,0
actual,1745424578.9604607,394655.9747342041,4438783.139832316,0.0038329524768897505,0
actual,1745424579.060437,394655.97456113854,4438783.139721704,0.0038594465749351007,0
actual,1745424579.1605597,394655.9741563523,4438783.139488716,0.0038659741063374487,0
actual,1745424579.2604783,394655.9735850467,4438783.139109661,0.0039445488292622725,0
actual,1745424579.360556,394655.9730872122,4438783.138731853,0.003927758761858065,0
actual,1745424579.4604733,394655.9747851845,4438783.139284149,0.0038887506530760115,0
actual,1745424579.5605235,394655.9750915219,4438783.13899412,0.003915105124781058,0
actual,1745424579.660472,394655.9755106902,4438783.138682921,0.003929765890498,0
actual,1745424579.7605221,394655.97587166214,4438783.138298196,0.003951338160052503,0
actual,1745424579.860526,394655.9762861432,4438783.137683881,0.003981288010016757,0
actual,1745424579.9605157,394655.9758704937,4438783.1380199,0.0038926078307228535,0
actual,1745424580.060523,394655.97627498186,4438783.137874375,0.0038655726806095113,0
actual,1745424580.160465,394655.97662251233,4438783.13752085,0.003915506550508995,0
actual,1745424580.260477,394655.976823478,4438783.137099768,0.0039018057158809556,0
actual,1745424580.3604717,394655.9769318223,4438783.136636501,0.003909118645446703,0
actual,1745424580.4605186,394655.9763953859,4438783.138240908,0.003836024256373194,0
actual,1745424580.5604713,394655.9764489165,4438783.138106803,0.0038975296592137004,0
actual,1745424580.6605372,394655.97664587747,4438783.13793652,0.003916449028305173,0
actual,1745424580.760483,394655.97697655886,4438783.137684523,0.003910445095678341,0
actual,1745424580.860515,394655.97725785995,4438783.137433042,0.003931493766457328,0
actual,1745424580.9608498,394655.9744715144,4438783.138416111,0.003834959605529685,0
actual,1745424581.0605128,394655.97427243774,4438783.138208531,0.0038686444600929547,0
actual,1745424581.160472,394655.9742122949,4438783.137949531,0.0038952781844786076,0
actual,1745424581.2606692,394655.9741905539,4438783.137681989,0.003937078820063746,0
actual,1745424581.3605306,394655.9742068976,4438783.137385824,0.003930027689885634,0
actual,1745424581.4604728,394655.9754788326,4438783.138190185,0.0038272277969432773,0
actual,1745424581.5605164,394655.97559452313,4438783.138070259,0.0038201766667651646,0
actual,1745424581.660414,394655.9756731674,4438783.137828924,0.0038710355611683506,0
actual,1745424581.760473,394655.9757778781,4438783.137545184,0.003896063582642006,0
actual,1745424581.8605561,394655.9759106147,4438783.137194717,0.00392496623505498,0
actual,1745424581.960479,394655.9759648982,4438783.137918874,0.003860127253343396,0
actual,1745424582.0605059,394655.9760400909,4438783.137648808,0.003906064319255735,0
actual,1745424582.1604745,394655.97613333585,4438783.137379601,0.003932296617913202,0
actual,1745424582.260488,394655.97624680225,4438783.137030632,0.003943082752690578,0
actual,1745424582.3606222,394655.976345191,4438783.136609087,0.003962525720557815,0
actual,1745424582.460481,394655.9765350098,4438783.13603793,0.003989141991650744,0
actual,1745424582.5605586,394655.9764306443,4438783.137941607,0.003877824891958581,0
actual,1745424582.6604757,394655.9764781682,4438783.137673803,0.003869168058868719,0
actual,1745424582.761087,394655.9765284127,4438783.137409507,0.003904598242684041,0
actual,1745424582.860519,394655.97659766406,4438783.13699834,0.0039021896883164172,0
actual,1745424582.9605596,394655.97567097814,4438783.137702416,0.003838816783176527,0
actual,1745424583.0605059,394655.97574967647,4438783.137387826,0.003898733936397512,0
actual,1745424583.16062,394655.9759092062,4438783.13707506,0.0039103229226307625,0
actual,1745424583.2605255,394655.9760691504,4438783.136601537,0.00396184504214952,0
actual,1745424583.36051,394655.9760706872,4438783.136209088,0.003967569722095993,0
actual,1745424583.4604516,394655.97654086194,4438783.138480579,0.003809111279307431,0
actual,1745424583.5603945,394655.9761901079,4438783.138222835,0.0038376125059927154,0
actual,1745424583.6604693,394655.97605299787,4438783.13799272,0.003836024256373194,0
actual,1745424583.7606418,394655.97615599865,4438783.137690529,0.0038874242028446204,0
actual,1745424583.8604858,394655.97630887217,4438783.137291004,0.0038248366958681295,0
actual,1745424583.9604754,394655.97648657183,4438783.138923871,0.003809390531987789,0
actual,1745424584.0605192,394655.9765064255,4438783.1387447985,0.003783559659058259,0
actual,1745424584.1605575,394655.97651777585,4438783.138419876,0.0038428135871636723,0
actual,1745424584.2606115,394655.976511063,4438783.13810151,0.003809914130763554,0
actual,1745424584.3605292,394655.97647545335,4438783.1376533685,0.0037791614293434246,0
actual,1745424584.4605079,394655.9751329035,4438783.139973216,0.0037791614293434246,0
actual,1745424584.5605748,394655.9751022541,4438783.1399313705,0.003765984193490653,0
actual,1745424584.6605105,394655.9750408011,4438783.139792398,0.0037653035150826057,0
actual,1745424584.760479,394655.97500743734,4438783.139569151,0.003787818262433286,0
actual,1745424584.8604686,394655.97503212775,4438783.139314177,0.003791815066420183,0
actual,1745424584.9609284,394655.9736660762,4438783.138869558,0.0038325510511618135,0
actual,1745424585.060969,394655.9735928753,4438783.138552243,0.003834959605529685,0
actual,1745424585.160482,394655.97352958156,4438783.138141241,0.003890879954763525,0
actual,1745424585.2605019,394655.9734505295,4438783.137653944,0.003936415594947927,0
actual,1745424585.361364,394655.9733942808,4438783.137114549,0.003919642980836443,0
actual,1745424585.4605453,394655.9735227581,4438783.13863546,0.003823230992956132,0
actual,1745424585.5605388,394655.97350873763,4438783.138362401,0.0038492014922259653,0
actual,1745424585.6604757,394655.97353215003,4438783.137989985,0.0038735662885838015,0
actual,1745424585.7605436,394655.97357123636,4438783.13752226,0.003894213533634851,0
actual,1745424585.8604975,394655.97359994793,4438783.136991117,0.0039103229226307625,0
actual,1745424585.9605534,394655.97337218764,4438783.138862831,0.003873164862855616,0
actual,1745424586.0605023,394655.97342715133,4438783.138697033,0.003875433790883433,0
actual,1745424586.1604764,394655.9735383381,4438783.1384802945,0.003864909455493692,0
actual,1745424586.260579,394655.9736784564,4438783.138255928,0.0038233706192964353,0
actual,1745424586.3605855,394655.9741429029,4438783.1388263125,0.003801396924013747,0
actual,1745424586.4605374,394655.97421268304,4438783.138627639,0.0038430753865513066,0
actual,1745424586.56057,394655.9742939825,4438783.138385344,0.003879029169142393,0
actual,1745424586.660484,394655.97437921667,4438783.138150882,0.0038846142227488114,0
actual,1745424586.760511,394655.97449764394,4438783.137823573,0.0038806174187616662,0
actual,1745424586.8605263,394655.9746415456,4438783.137443029,0.0038361464294210212,0
actual,1745424586.9605584,394655.9746194522,4438783.138646605,0.003783559659058259,0
actual,1745424587.0604825,394655.9746559263,4438783.138430052,0.0038009954982858095,0
actual,1745424587.1605403,394655.9747364531,4438783.138107781,0.003865450507561932,0
actual,1745424587.260534,394655.9748711318,4438783.1377823325,0.00387529416454313,0
actual,1745424587.3604658,394655.9750318567,4438783.137358985,0.003871297360555985,0
actual,1745424587.4604764,394655.9762066355,4438783.13798745,0.003818309164465533,0
actual,1745424587.5604677,394655.9766283203,4438783.137725353,0.0038063187525043457,0
actual,1745424587.660567,394655.9770148342,4438783.137387749,0.003871838412624225,0
actual,1745424587.7604158,394655.9771415836,4438783.137085572,0.0038535997219407998,0
actual,1745424587.8605247,394655.9770023804,4438783.136619064,0.0039048600420719232,0
actual,1745424587.9605157,394655.97641075973,4438783.139025592,0.003877824891958581,0
actual,1745424588.060477,394655.97632520134,4438783.138803526,0.003897407486165873,0
actual,1745424588.1604726,394655.976599616,4438783.138531393,0.0038936724815666103,0
actual,1745424588.26047,394655.9770481958,4438783.138025672,0.0039140404739375495,0
actual,1745424588.3604784,394655.97759152635,4438783.137533481,0.0039055232671877426,0
actual,1745424588.4605036,394655.97556870163,4438783.14011992,0.0037934033160397047,0
actual,1745424588.5604398,394655.9754934033,4438783.139995265,0.0038148534125466284,0
actual,1745424588.6604757,394655.975334506,4438783.139803474,0.00381192125940324,0
actual,1745424588.7605352,394655.97519735375,4438783.139575239,0.0038400036070678632,0
actual,1745424588.8604388,394655.97516991745,4438783.139312206,0.003814050561090754,0
actual,1745424588.9605365,394655.97483615624,4438783.138672047,0.0038492014922259653,0
actual,1745424589.060471,394655.9749689486,4438783.1383438585,0.0038404050327958007,0
actual,1745424589.1605427,394655.97515706054,4438783.137864412,0.0038570554738599524,0
actual,1745424589.2605472,394655.9753393979,4438783.137316682,0.003856531875084188,0
actual,1745424589.3605063,394655.9741653146,4438783.139974069,0.003828292447787034,0
actual,1745424589.4604828,394655.97407180094,4438783.139903574,0.003839480008292347,0
actual,1745424589.5605164,394655.9740012203,4438783.139728021,0.0038573172732475867,0
actual,1745424589.6604838,394655.97399705957,4438783.139552679,0.003865049081833995,0
actual,1745424589.7605617,394655.97413536476,4438783.139304771,0.0038465311384702112,0
actual,1745424589.860487,394655.97492936667,4438783.140841517,0.0038225677678403124,0
actual,1745424589.9603992,394655.97508271993,4438783.140814454,0.003785950760133655,0
actual,1745424590.0604694,394655.9751963643,4438783.140653511,0.003811519833675303,0
actual,1745424590.160619,394655.9752756229,4438783.1403945545,0.0038187105901934704,0
actual,1745424590.260503,394655.9753971123,4438783.140069583,0.003863722631602356,0
actual,1745424590.3606522,394655.9755411752,4438783.139766694,0.003884492049701232,0
actual,1745424590.4605846,394655.9757579012,4438783.139785445,0.0038535997219407998,0
actual,1745424590.5605516,394655.9759308716,4438783.139498568,0.0038529364968252285,0
actual,1745424590.6612206,394655.9760502102,4438783.139219286,0.003839741807679981,0
actual,1745424590.7607164,394655.9761754825,4438783.138724364,0.0038505279424573564,0
actual,1745424590.8605657,394655.97633553395,4438783.138211708,0.0038466707648105143,0
actual,1745424590.9605956,394655.9750191736,4438783.139689581,0.003840684285476159,0
actual,1745424591.0605435,394655.97501271055,4438783.139427374,0.003848398640769843,0
actual,1745424591.1605232,394655.97503288597,4438783.139094692,0.0038820834953333604,0
actual,1745424591.2606566,394655.9750939122,4438783.138696914,0.0038936724815666103,0
actual,1745424591.3604867,394655.9751012768,4438783.138189883,0.003934827345328654,0
actual,1745424591.4604719,394655.9749274218,4438783.140637889,0.00382682637121534,0
actual,1745424591.5605168,394655.97493807273,4438783.140501082,0.00383721108026453,0
actual,1745424591.6604815,394655.9749374992,4438783.140229854,0.0038747705657676134,0
actual,1745424591.7605898,394655.97493797704,4438783.139861743,0.003901264663812963,0
actual,1745424591.860484,394655.9749768596,4438783.139455404,0.003895801783254124,0
actual,1745424591.9605594,394655.9739049934,4438783.139311298,0.0038658519332898694,0
actual,1745424592.0604727,394655.9737473392,4438783.138990606,0.003877022040502706,0
actual,1745424592.1605573,394655.97358973935,4438783.138617209,0.0038874242028446204,0
actual,1745424592.260591,394655.973533413,4438783.138135787,0.003899798587241269,0
actual,1745424592.360525,394655.9735147517,4438783.137520096,0.003956783587318866,0
actual,1745424592.4604776,394655.9740128566,4438783.140168016,0.0038496029179539027,0
actual,1745424592.560514,394655.9740057429,4438783.140032863,0.0038426739608233692,0
actual,1745424592.660559,394655.97405100736,4438783.139806673,0.0038505279424573564,0
actual,1745424592.7605855,394655.97411411523,4438783.139478078,0.003896866434097881,0
actual,1745424592.8605576,394655.97420190874,4438783.139145109,0.003910986147746334,0
actual,1745424592.9606242,394655.9735767963,4438783.139623124,0.0038267041981677606,0
actual,1745424593.0604398,394655.9735714196,4438783.139347845,0.0038530586698728073,0
actual,1745424593.160546,394655.97361145803,4438783.139064596,0.0038646476561060576,0
actual,1745424593.260417,394655.97366229026,4438783.138740712,0.0038898153039197683,0
actual,1745424593.3605134,394655.97375315137,4438783.138337003,0.003916710827693055,0
actual,1745424593.460447,394655.974782988,4438783.13948264,0.003868906259480837,0
actual,1745424593.560549,394655.9749347939,4438783.13924152,0.00388688315077638,0
actual,1745424593.660598,394655.9751382625,4438783.138940631,0.003870634135440413,0
actual,1745424593.7615678,394655.9753402218,4438783.138602001,0.003893410682178976,0
actual,1745424593.860589,394655.97558729997,4438783.138082606,0.003912853650045965,0
actual,1745424593.9605186,394655.9739252229,4438783.139503304,0.0038569158475196493,0
actual,1745424594.060522,394655.97391328536,4438783.139256812,0.003906465744983672,0
actual,1745424594.1604843,394655.9739299834,4438783.138925559,0.003911509746522098,0
actual,1745424594.2605193,394655.9739767553,4438783.138495396,0.003913656501502088,0
actual,1745424594.3604882,394655.974039112,4438783.137991551,0.003934146666920358,0
actual,1745424594.4603887,394655.97541962407,4438783.140841479,0.003824295643799889,0
actual,1745424594.5604084,394655.97558241774,4438783.140687059,0.003841085711204096,0
actual,1745424594.660533,394655.9757747528,4438783.140456781,0.003881821695945726,0
actual,1745424594.7605503,394655.97604740434,4438783.140205467,0.0038914035535390417,0
actual,1745424594.8604746,394655.9763827947,4438783.139889991,0.003914982951733479,0
actual,1745424594.9605322,394655.9746991645,4438783.1412410205,0.003835884630033139,0
actual,1745424595.060478,394655.97486146295,4438783.141097097,0.003817907738737596,0
actual,1745424595.1605031,394655.97496439307,4438783.140887653,0.0038149755855942076,0
actual,1745424595.2604623,394655.9749185471,4438783.140551897,0.003830823175202237,0
actual,1745424595.3605473,394655.97474234074,4438783.139958564,0.003891543179879345,0
actual,1745424595.4605374,394655.9755734039,4438783.14096794,0.0038898153039197683,0
actual,1745424595.560484,394655.9754768077,4438783.140813457,0.0038962032089820612,0
actual,1745424595.6604803,394655.97553954454,4438783.140608533,0.003821904542724741,0
actual,1745424595.7604768,394655.9758046891,4438783.140228821,0.0038823627480137186,0
actual,1745424595.8609269,394655.9743144484,4438783.142364374,0.003795009018951454,0
actual,1745424595.9611654,394655.974136176,4438783.142226434,0.0038072612303005236,0
actual,1745424596.0609622,394655.97396871576,4438783.142048317,0.0037815525304185724,0
actual,1745424596.1610546,394655.973821628,4438783.141855897,0.003838677156836224,0
actual,1745424596.260864,394655.9736082964,4438783.141641812,0.0038101759301511877,0
actual,1745424596.3604717,394655.9733175405,4438783.141188146,0.00381523738498209,0
actual,1745424596.460848,394655.9753767577,4438783.140729637,0.0038454664876267025,0
actual,1745424596.5615268,394655.97591895546,4438783.140542951,0.0038402828597482214,0
actual,1745424596.6606228,394655.97656729625,4438783.140147987,0.0038780866913464634,0
actual,1745424596.7613528,394655.9771608437,4438783.139750711,0.0039037953912281665,0
actual,1745424596.860433,394655.9776821174,4438783.139256201,0.003909258271787006,0
actual,1745424596.9611177,394655.9748360722,4438783.140380863,0.003841085711204096,0
actual,1745424597.0604994,394655.97456948657,4438783.1400692975,0.003849061865885662,0
actual,1745424597.1605308,394655.974365976,4438783.139805379,0.0038212413176089213,0
actual,1745424597.260481,394655.97424980195,4438783.139411716,0.0038163020358258468,0
actual,1745424597.3604846,394655.9742722449,4438783.138923993,0.0038361464294210212,0
actual,1745424597.4605806,394655.97630872723,4438783.141249066,0.0038566540481317674,0
actual,1745424597.5605996,394655.9765734552,4438783.141153873,0.0038756955902710674,0
actual,1745424597.6604779,394655.97679780726,4438783.141036698,0.003860127253343396,0
actual,1745424597.760544,394655.97700297745,4438783.1408146415,0.0039002000129692064,0
actual,1745424597.860477,394655.97562253976,4438783.141199144,0.0038305613758146027,0
actual,1745424597.9606586,394655.9756357494,4438783.141075358,0.003860912651506795,0
actual,1745424598.0605977,394655.97575385415,4438783.140916125,0.00387529416454313,0
actual,1745424598.160604,394655.9758639331,4438783.140714754,0.003910846521406279,0
actual,1745424598.2605662,394655.9759921304,4438783.140472845,0.003951338160052503,0
actual,1745424598.3611674,394655.97613121255,4438783.14020364,0.003843476812279244,0
actual,1745424598.4605098,394655.9734416719,4438783.142055184,0.003823230992956132,0
actual,1745424598.5605392,394655.97336512245,4438783.141875756,0.003837490332944888,0
actual,1745424598.6605382,394655.9732971333,4438783.141631336,0.0038517322196411686,0
actual,1745424598.7604709,394655.97328382777,4438783.141318546,0.0038742295136993733,0
actual,1745424598.8605344,394655.9733276672,4438783.140971598,0.003876638068067245,0
actual,1745424598.960574,394655.9734032903,4438783.141308194,0.0038364082288086555,0
actual,1745424599.0605469,394655.9734372179,4438783.141102995,0.003837088907216951,0
actual,1745424599.1605906,394655.97347832803,4438783.140786176,0.0038526572441448703,0
actual,1745424599.260475,394655.973594535,4438783.140440534,0.0038145741598662702,0
actual,1745424599.3611586,394655.9737107982,4438783.140043262,0.0038594465749351007,0
actual,1745424599.4605663,394655.97301809076,4438783.140223161,0.003874491313087255,0
actual,1745424599.560528,394655.9730693938,4438783.139951826,0.0038811584708299063,0
actual,1745424599.6613595,394655.9731595526,4438783.1396759795,0.0038725016377400448,0
actual,1745424599.760511,394655.9732830856,4438783.139199449,0.0038872845765043173,0
actual,1745424599.8608503,394655.9733707683,4438783.138707334,0.003891944605607282,0
actual,1745424599.961552,394655.97318990534,4438783.141423669,0.003807383403348103,0
actual,1745424600.0607085,394655.9732972203,4438783.141340972,0.0038300203237463626,0
actual,1745424600.1605172,394655.9734198609,4438783.14119638,0.00383721108026453,0
actual,1745424600.2606297,394655.97352961276,4438783.141006836,0.0038645080297657545,0
actual,1745424600.3605769,394655.97363690333,4438783.140851252,0.003894475333022485,0
actual,1745424600.4607897,394655.97335428593,4438783.141482168,0.003817907738737596,0
actual,1745424600.5612772,394655.9734383385,4438783.141304134,0.003866113732677752,0
actual,1745424600.660542,394655.9735164698,4438783.141112547,0.003877824891958581,0
actual,1745424600.7606766,394655.973624501,4438783.140813044,0.0038835495719050546,0
actual,1745424600.8610058,394655.9737847053,4438783.140472783,0.0038533204692604416,0
actual,1745424600.961035,394655.9735926079,4438783.141882234,0.0038160402364379644,0
actual,1745424601.0605557,394655.97367421933,4438783.141714322,0.0038000704737821077,0
actual,1745424601.160709,394655.9737402155,4438783.141442768,0.0038366874814890137,0
actual,1745424601.2605062,394655.9738333571,4438783.141136293,0.003835622830645257,0
actual,1745424601.3605363,394655.97389095573,4438783.140813015,0.003883148146177117,0
actual,1745424601.4605036,394655.9723581484,4438783.141926972,0.0038466707648105143,0
actual,1745424601.5605655,394655.9723148026,4438783.141781551,0.00382682637121534,0
actual,1745424601.6606128,394655.97228752694,4438783.141574353,0.0038557290236283137,0
actual,1745424601.7613032,394655.9723181846,4438783.141275501,0.003871576613236343,0
actual,1745424601.8605554,394655.9723959221,4438783.1409132285,0.0039040571906160484,0
actual,1745424601.960853,394655.97250428685,4438783.142141082,0.0038788895428023377,0
actual,1745424602.0608926,394655.9727988944,4438783.14195853,0.003909258271787006,0
actual,1745424602.1605988,394655.9730309492,4438783.141714083,0.00394015059954719,0
actual,1745424602.2606242,394655.97312601947,4438783.14146172,0.003953868887467953,0
actual,1745424602.360605,394655.9731922894,4438783.141178953,0.003932296617913202,0
actual,1745424602.460522,394655.97331034427,4438783.140785643,0.003967709348436296,0
actual,1745424602.5605857,394655.97518098116,4438783.141692811,0.00384586791335464,0
actual,1745424602.6611636,394655.9755707509,4438783.141391936,0.003899397161513332,0
actual,1745424602.7604685,394655.97595613234,4438783.141064793,0.0038914035535390417,0
actual,1745424602.8604627,394655.9763811616,4438783.140655996,0.0038976692855537554,0
actual,1745424602.9610777,394655.9735504452,4438783.141766231,0.003801536550353802,0
actual,1745424603.0610697,394655.9735888946,4438783.141549519,0.003839881434020284,0
actual,1745424603.160603,394655.9736919769,4438783.141302079,0.0038595862012751558,0
actual,1745424603.2607293,394655.97376372456,4438783.140954252,0.003940813824663009,0
actual,1745424603.360623,394655.97387407185,4438783.140592141,0.0039180372779244466,0
actual,1745424603.4610653,394655.97255284403,4438783.142240606,0.0038263027724395756,0
actual,1745424603.5605361,394655.972639398,4438783.14208123,0.003828432074127089,0
actual,1745424603.661111,394655.9727927777,4438783.141955269,0.00381192125940324,0
actual,1745424603.7607756,394655.9730555643,4438783.141796069,0.0037740999745125227,0
actual,1745424603.8608012,394655.9735198043,4438783.141494983,0.0037965972685707274,0
actual,1745424603.9615371,394655.9735417187,4438783.141367654,0.003833353902617688,0
actual,1745424604.0604618,394655.97374409495,4438783.141021245,0.003866375532065386,0
actual,1745424604.1608555,394655.9736958802,4438783.140650058,0.0038874242028446204,0
actual,1745424604.2611532,394655.97358075203,4438783.1403923435,0.003778498204227605,0
actual,1745424604.3611698,394655.97358269535,4438783.139975749,0.003856392248744133,0
actual,1745424604.4604738,394655.97429199796,4438783.140255868,0.003833353902617688,0
actual,1745424604.5607421,394655.97447232925,4438783.139918305,0.00386784160863708,0
actual,1745424604.6611743,394655.9747641251,4438783.139496515,0.003847194363586031,0
actual,1745424604.7606962,394655.9750944524,4438783.139049832,0.0038468103911505694,0
actual,1745424604.8605866,394655.9754686529,4438783.138502551,0.003847333989926334,0
actual,1745424604.961246,394655.974171459,4438783.14182178,0.0037887432869367402,0
actual,1745424605.0605137,394655.9741329263,4438783.141689338,0.003810053757103609,0
actual,1745424605.1609268,394655.97409872414,4438783.141526768,0.0038340171277335077,0
actual,1745424605.2607455,394655.97411554935,4438783.141299608,0.0038526572441448703,0
actual,1745424605.3612022,394655.97422221507,4438783.140993409,0.003870634135440413,0
actual,1745424605.4609363,394655.9739966225,4438783.141073289,0.0038504057694097775,0
actual,1745424605.5605724,394655.974060734,4438783.140859016,0.0038081862548039773,0
actual,1745424605.6605132,394655.9741801242,4438783.140562993,0.003809914130763554,0
actual,1745424605.7605064,394655.9744190682,4438783.140276226,0.003779964280799299,0
actual,1745424605.8604774,394655.97467522277,4438783.139845867,0.003779824654458996,0
actual,1745424605.960506,394655.9726322051,4438783.140685631,0.0038405446591358557,0
actual,1745424606.0604622,394655.97260874923,4438783.140404594,0.003869970910324594,0
actual,1745424606.1604433,394655.97261747916,4438783.140066345,0.003885678873592568,0
actual,1745424606.2605648,394655.97261423105,4438783.139673341,0.003894475333022485,0
actual,1745424606.3605335,394655.9726366065,4438783.139193328,0.0039140404739375495,0
actual,1745424606.4605603,394655.97263503587,4438783.1408588635,0.0038585215504313986,0
actual,1745424606.5605748,394655.97270428156,4438783.140664269,0.003820298839812744,0
actual,1745424606.6605425,394655.97277555964,4438783.140410388,0.003807662656028461,0
actual,1745424606.7605388,394655.97290337394,4438783.140094294,0.003796335469182845,0
actual,1745424606.8604865,394655.9730268732,4438783.139729014,0.0038123226851311774,0
actual,1745424606.9606807,394655.9736455667,4438783.141134021,0.0038461297127422743,0
actual,1745424607.061724,394655.973777237,4438783.14095541,0.0038900771033076507,0
actual,1745424607.1605823,394655.9739060989,4438783.140751189,0.003916309401965118,0
actual,1745424607.260567,394655.9740730835,4438783.140444002,0.003941337423438526,0
actual,1745424607.3604748,394655.97426222014,4438783.140102099,0.003961722869101941,0
actual,1745424607.4604719,394655.97380316304,4438783.141727817,0.0038543851201041984,0
actual,1745424607.5607421,394655.97385935124,4438783.14158957,0.003870232709712476,0
actual,1745424607.6605182,394655.9739939173,4438783.141397647,0.003875573417223488,0
actual,1745424607.7608542,394655.97419223806,4438783.1411619065,0.003868766633140782,0
actual,1745424607.8605132,394655.97442826437,4438783.140887023,0.003897128233485515,0
actual,1745424607.9605281,394655.97443343425,4438783.141364561,0.0038464089654226324,0
actual,1745424608.0604496,394655.97432108293,4438783.141097467,0.0038594465749351007,0
actual,1745424608.160671,394655.97420537786,4438783.140833202,0.0038611919041871526,0
actual,1745424608.2604697,394655.974343421,4438783.140524663,0.003818169538125478,0
actual,1745424608.360472,394655.9746485385,4438783.140127304,0.003865310881221877,0
actual,1745424608.4604304,394655.9743089214,4438783.140718512,0.0038031247999733234,0
actual,1745424608.5605125,394655.9742017895,4438783.140370816,0.003849725091001482,0
actual,1745424608.6606033,394655.97409648134,4438783.140070141,0.0038462693390825774,0
actual,1745424608.7605286,394655.9740295141,4438783.139740152,0.0038673180098615636,0
actual,1745424608.860518,394655.9740207786,4438783.139305081,0.0038822231216736635,0
actual,1745424608.9608364,394655.9738643128,4438783.1394639965,0.003873828087971436,0
actual,1745424609.0605636,394655.973900189,4438783.139211511,0.0038454664876267025,0
actual,1745424609.1605644,394655.97392444423,4438783.138840104,0.0038590451492071633,0
actual,1745424609.2605343,394655.9739862402,4438783.138488599,0.0038615758766226142,0
actual,1745424609.360527,394655.9740819033,4438783.1380106965,0.0038946149593627882,0
actual,1745424609.4609041,394655.97469620744,4438783.139017771,0.0038570554738599524,0
actual,1745424609.5607445,394655.9748163639,4438783.138778382,0.003854001147668737,0
actual,1745424609.6607115,394655.9750210877,4438783.138470327,0.0038581201247034616,0
actual,1745424609.760705,394655.97520561697,4438783.138176102,0.003862919780146481,0
actual,1745424609.8607242,394655.9753696453,4438783.137761759,0.0038617155029626693,0
actual,1745424609.9613311,394655.9750508089,4438783.140278751,0.0038526572441448703,0
actual,1745424610.0607476,394655.9750954334,4438783.140151724,0.0038518543926889955,0
actual,1745424610.1606863,394655.97515902884,4438783.139894765,0.0038721002120121074,0
actual,1745424610.2605312,394655.97529468965,4438783.139580584,0.003869168058868719,0
actual,1745424610.3605485,394655.97541545343,4438783.139194869,0.0039049996684122263,0
actual,1745424610.460724,394655.9755018431,4438783.140374141,0.003841207884251675,0
actual,1745424610.5612745,394655.9755279131,4438783.140228305,0.003863443378922246,0
actual,1745424610.6605947,394655.97558167466,4438783.140077015,0.003865310881221877,0
actual,1745424610.760633,394655.97564525483,4438783.139824269,0.003888349227348074,0
actual,1745424610.860948,394655.97569116665,4438783.139582991,0.003893271055838673,0
actual,1745424610.9609234,394655.97426224116,4438783.140077373,0.003817907738737596,0
actual,1745424611.0609272,394655.9741972009,4438783.139845252,0.0038297585243587283,0
actual,1745424611.160747,394655.9741399342,4438783.139598228,0.003823230992956132,0
actual,1745424611.2609258,394655.97404551023,4438783.139214157,0.0038227073941806155,0
actual,1745424611.3606524,394655.9739621127,4438783.138797517,0.0038221663421123754,0
actual,1745424611.4607682,394655.9743237122,4438783.140302211,0.0038376125059927154,0
actual,1745424611.5614524,394655.9743943646,4438783.140081994,0.003855065798512494,0
actual,1745424611.6606097,394655.97447739606,4438783.139846784,0.0038441400373950634,0
actual,1745424611.7606504,394655.9745712106,4438783.139485913,0.0038774234662306436,0
actual,1745424611.860811,394655.9747432268,4438783.139045329,0.0039029925397722916,0
actual,1745424611.9610872,394655.9748372902,4438783.13903077,0.003840946084864041,0
actual,1745424612.0609164,394655.9749912872,4438783.138802224,0.0038211016912688663,0
actual,1745424612.160707,394655.975142126,4438783.138514836,0.0038405446591358557,0
actual,1745424612.2608182,394655.975387851,4438783.138168586,0.003794345793835634,0
actual,1745424612.360693,394655.9756240414,4438783.137802844,0.003789947564120552,0
actual,1745424612.4607658,394655.97479571856,4438783.138682079,0.00385000434368184,0
actual,1745424612.5605452,394655.9749395284,4438783.13854322,0.0037969986942986643,0
actual,1745424612.6614697,394655.97507742007,4438783.138242358,0.003841347510591978,0
actual,1745424612.7606997,394655.9752043912,4438783.137954504,0.0038848934754291695,0
actual,1745424612.8607967,394655.97539240064,4438783.1376649095,0.0038811584708299063,0
actual,1745424612.9605374,394655.97425228445,4438783.140004152,0.0038278910220590967,0
actual,1745424613.0605972,394655.97427977587,4438783.13996321,0.003797661919414484,0
actual,1745424613.1605608,394655.97436650726,4438783.139872746,0.003819775241037227,0
actual,1745424613.2607281,394655.97448440624,4438783.139719471,0.0038822231216736635,0
actual,1745424613.3605022,394655.9746411278,4438783.139507682,0.0038991353621254496,0
actual,1745424613.461079,394655.97353232634,4438783.140740395,0.0038850156484767488,0
actual,1745424613.5611181,394655.9735939982,4438783.140553916,0.003895801783254124,0
actual,1745424613.6605055,394655.97366185486,4438783.140314,0.003923901584211223,0
actual,1745424613.7611206,394655.973748316,4438783.139961489,0.003923901584211223,0
actual,1745424613.860538,394655.9738567081,4438783.139535161,0.003932296617913202,0
actual,1745424613.9605205,394655.9740771587,4438783.140735382,0.0038325510511618135,0
actual,1745424614.0604882,394655.9741636412,4438783.140544781,0.003832149625433876,0
actual,1745424614.1605287,394655.9742531041,4438783.140274437,0.0038581201247034616,0
actual,1745424614.2604096,394655.9743770051,4438783.139950333,0.003863844804650183,0
actual,1745424614.360544,394655.97457059426,4438783.139570227,0.003860249426390975,0
actual,1745424614.4605443,394655.9738000892,4438783.140640733,0.003807383403348103,0
actual,1745424614.5605044,394655.97380238504,4438783.140480782,0.003787678636092983,0
actual,1745424614.6605241,394655.97382139484,4438783.140252218,0.0037946075932235165,0
actual,1745424614.7605395,394655.97391596413,4438783.139973783,0.0037994072486665365,0
actual,1745424614.860478,394655.97402573656,4438783.139597387,0.003816703461553784,0
actual,1745424614.9615717,394655.9734482441,4438783.139534899,0.0038470721905384518,0
actual,1745424615.060519,394655.9734475902,4438783.139272171,0.0038554497709479556,0
actual,1745424615.1604834,394655.97344534553,4438783.13892048,0.00387943059487033,0
actual,1745424615.260556,394655.97345049796,4438783.1384658115,0.003917112253420993,0
actual,1745424615.360488,394655.97343634884,4438783.137953393,0.003952001385168322,0
actual,1745424615.4605186,394655.9736382861,4438783.1413906105,0.0038479972150419054,0
actual,1745424615.56054,394655.97373084497,4438783.141285559,0.0038554497709479556,0
actual,1745424615.660464,394655.97384137963,4438783.141124093,0.003891944605607282,0
actual,1745424615.760568,394655.97394581774,4438783.1409236435,0.0039107243483586995,0
actual,1745424615.8604717,394655.9732659337,4438783.141718075,0.0038585215504313986,0
actual,1745424615.9604888,394655.9733249454,4438783.14158701,0.003869307685208774,0
actual,1745424616.060516,394655.9733787688,4438783.141387385,0.0038705119623925863,0
actual,1745424616.1609828,394655.9734528101,4438783.141129626,0.003904458616343986,0
actual,1745424616.2604845,394655.973589082,4438783.140817505,0.003915384377461416,0
actual,1745424616.3605156,394655.97374421166,4438783.140464269,0.003847333989926334,0
actual,1745424616.4604666,394655.9737889392,4438783.140807442,0.003854001147668737,0
actual,1745424616.5605218,394655.9738807783,4438783.1405127775,0.0038591847755472183,0
actual,1745424616.660395,394655.9740201952,4438783.140166082,0.003871576613236343,0
actual,1745424616.7605422,394655.97423817683,4438783.139699758,0.003895679610206545,0
actual,1745424616.8604772,394655.9744425294,4438783.1391355,0.00394015059954719,0
actual,1745424616.960525,394655.9734493371,4438783.140881517,0.003871297360555985,0
actual,1745424617.060483,394655.9734682688,4438783.140643654,0.003906326118643617,0
actual,1745424617.1604877,394655.97351237584,4438783.140329707,0.003939085948703681,0
actual,1745424617.2604713,394655.97360347264,4438783.139992303,0.0039141801002776045,0
actual,1745424617.3605318,394655.9736829393,4438783.139563817,0.003909118645446703,0
actual,1745424617.4605436,394655.9747593165,4438783.140995113,0.003809111279307431,0
actual,1745424617.5605307,394655.97493225476,4438783.140794857,0.0038353435779648988,0
actual,1745424617.6603985,394655.97512908856,4438783.140551327,0.003851068994525597,0
actual,1745424617.7607195,394655.97533122945,4438783.140281437,0.003843598985327071,0
actual,1745424617.8604755,394655.9756448228,4438783.139842286,0.0038531982962128624,0
actual,1745424617.9604769,394655.97311861685,4438783.140539568,0.0038392182089044646,0
actual,1745424618.060863,394655.97316500935,4438783.140268716,0.003861453703574787,0
actual,1745424618.1604142,394655.973292503,4438783.139912594,0.003868906259480837,0
actual,1745424618.2605627,394655.97344667197,4438783.1394677255,0.0038918049792669787,0
actual,1745424618.3604472,394655.97358705837,4438783.138938858,0.0038876860022322548,0
actual,1745424618.460481,394655.9736564606,4438783.140903121,0.0038429357602112516,0
actual,1745424618.5607445,394655.9735774753,4438783.140712648,0.0038361464294210212,0
actual,1745424618.660484,394655.97351197357,4438783.140492205,0.0038492014922259653,0
actual,1745424618.760474,394655.97360192734,4438783.140112814,0.0038725016377400448,0
actual,1745424618.8603873,394655.9737800016,4438783.139733815,0.0039036557648881114,0
actual,1745424618.960468,394655.97248132614,4438783.140549119,0.0038350817785772645,0
actual,1745424619.060642,394655.9724157477,4438783.140373901,0.0038815598965578437,0
actual,1745424619.1612363,394655.9723681098,4438783.140154568,0.0038514704202535343,0
actual,1745424619.2604694,394655.9724352076,4438783.139861898,0.0038695694845966564,0
actual,1745424619.3605478,394655.9725174509,4438783.1394818835,0.003867981234977383,0
actual,1745424619.460519,394655.97398470144,4438783.14023403,0.003835622830645257,0
actual,1745424619.560933,394655.9740938831,4438783.140072545,0.0038063187525043457,0
actual,1745424619.660476,394655.97418353474,4438783.139809059,0.0038570554738599524,0
actual,1745424619.7604764,394655.97429282544,4438783.139491918,0.003897931084941638,0
actual,1745424619.860606,394655.97442508047,4438783.1392021235,0.0038748927388151926,0
actual,1745424619.9616737,394655.9751875061,4438783.140254046,0.003782355381874447,0
actual,1745424620.0605128,394655.975366353,4438783.140067694,0.003792338665195948,0
actual,1745424620.1606085,394655.9755597072,4438783.139868291,0.0038011351246258645,0
actual,1745424620.2608442,394655.97580428125,4438783.139533757,0.0038344185534614447,0
actual,1745424620.3604786,394655.97606464266,4438783.139152912,0.0038414696836395574,0
actual,1745424620.460478,394655.9750486287,4438783.139612192,0.0038482764677222636,0
actual,1745424620.5604756,394655.9751517591,4438783.139330655,0.0038493411185660203,0
actual,1745424620.6607141,394655.97525068896,4438783.1389957545,0.0038647872824461127,0
actual,1745424620.7604854,394655.9754085484,4438783.138540281,0.003864106604037817,0
actual,1745424620.8605287,394655.9756325125,4438783.138032502,0.003861314077234732,0
actual,1745424620.9610758,394655.9740901785,4438783.1393271005,0.0038824849210612974,0
actual,1745424621.0605116,394655.9741236887,4438783.139031423,0.003910183296290459,0
actual,1745424621.1605554,394655.97416192223,4438783.138655199,0.003932156991573147,0
actual,1745424621.2605307,394655.9742255591,4438783.138208432,0.003922034081911592,0
actual,1745424621.3605056,394655.97430331074,4438783.137695308,0.0039145815260055415,0
actual,1745424621.4604707,394655.97479900013,4438783.138679133,0.0037979411720948423,0
actual,1745424621.5605142,394655.97485177504,4438783.138433947,0.0038021997754696217,0
actual,1745424621.6615703,394655.974916243,4438783.1381503865,0.003836024256373194,0
actual,1745424621.760532,394655.97502920683,4438783.137823417,0.0038263027724395756,0
actual,1745424621.8608186,394655.97517098265,4438783.1373323295,0.003847875041994326,0
actual,1745424621.960532,394655.9750819699,4438783.138313286,0.003855187971560073,0
actual,1745424622.0604727,394655.9752103481,4438783.138084784,0.003841347510591978,0
actual,1745424622.1604831,394655.97528725606,4438783.137712849,0.003877161666842761,0
actual,1745424622.2605026,394655.9754195822,4438783.13729184,0.0038887506530760115,0
actual,1745424622.3605776,394655.9755768588,4438783.136841881,0.0038683826607053204,0
actual,1745424622.4606113,394655.97550416517,4438783.140693771,0.0038017983497416843,0
actual,1745424622.5605931,394655.9755880934,4438783.140661859,0.003819234188969235,0
actual,1745424622.6605294,394655.9756998186,4438783.140587719,0.0038557290236283137,0
actual,1745424622.7604125,394655.9758944012,4438783.140501731,0.0038671783835215086,0
actual,1745424622.8604565,394655.976075602,4438783.140330134,0.0038939342809544927,0
actual,1745424622.960407,394655.9764854183,4438783.139503109,0.0038518543926889955,0
actual,1745424623.0604978,394655.97655260074,4438783.139246754,0.003860127253343396,0
actual,1745424623.1605582,394655.9766151606,4438783.138900963,0.003915105124781058,0
actual,1745424623.260503,394655.97671420005,4438783.138514692,0.003921231230455717,0
actual,1745424623.3605645,394655.9768702152,4438783.138050844,0.003903393965500229,0
actual,1745424623.4604855,394655.9761277224,4438783.139657353,0.003810716982219428,0
actual,1745424623.5604784,394655.97618456074,4438783.139446755,0.0037892843390049803,0
actual,1745424623.6605117,394655.97621740936,4438783.139109553,0.0038149755855942076,0
actual,1745424623.7605612,394655.9762678902,4438783.138735936,0.003829357098630791,0
actual,1745424623.8605084,394655.9763251616,4438783.138243175,0.0038176459393497136,0
actual,1745424623.9606566,394655.9735422203,4438783.138568604,0.0038329524768897505,0
actual,1745424624.060479,394655.9734652638,4438783.138289679,0.0038233706192964353,0
actual,1745424624.1604824,394655.9733382572,4438783.137926602,0.003821764916384438,0
actual,1745424624.2604744,394655.97325802024,4438783.137451067,0.0038545247464445015,0
actual,1745424624.3605397,394655.9731909767,4438783.136864166,0.00392297655970777,0
actual,1745424624.460477,394655.9747554747,4438783.138877302,0.0038878081752800817,0
actual,1745424624.5605142,394655.9747824691,4438783.138680963,0.003910986147746334,0
actual,1745424624.660521,394655.9748412719,4438783.138419847,0.003935350944104418,0
actual,1745424624.7605796,394655.9748800763,4438783.13804965,0.003976889780301675,0
actual,1745424624.8604662,394655.9749321683,4438783.137630461,0.004025898625697705,0
actual,1745424624.9604976,394655.9759019431,4438783.138061392,0.0038710355611683506,0
actual,1745424625.0604777,394655.975914935,4438783.13778225,0.0038839509976329916,0
actual,1745424625.1604683,394655.9759884661,4438783.137426942,0.0038951385581383045,0
actual,1745424625.261008,394655.97610288433,4438783.137077784,0.0038918049792669787,0
actual,1745424625.3605254,394655.9762588468,4438783.136571026,0.003928160187586002,0
actual,1745424625.4607933,394655.9751119047,4438783.138599848,0.0038330921032300536,0
actual,1745424625.5606859,394655.975106274,4438783.1384497965,0.003856531875084188,0
actual,1745424625.660554,394655.97514426446,4438783.138262746,0.0038827641737416555,0
actual,1745424625.760664,394655.9751863836,4438783.138039713,0.0038887506530760115,0
actual,1745424625.8604872,394655.97522616107,4438783.137738935,0.003870232709712476,0
actual,1745424625.96048,394655.9746174207,4438783.137131871,0.003819112015921408,0
actual,1745424626.0604699,394655.97463149903,4438783.136900394,0.003847735415654271,0
actual,1745424626.1604826,394655.9746388949,4438783.136642504,0.003849725091001482,0
actual,1745424626.2613878,394655.97471390886,4438783.136339276,0.003853861521328682,0
actual,1745424626.3611615,394655.97482025373,4438783.135966956,0.0038695694845966564,0
actual,1745424626.460552,394655.9744570604,4438783.137725824,0.003842534334483314,0
actual,1745424626.561684,394655.9744759847,4438783.137614076,0.0038623787280784886,0
actual,1745424626.6604435,394655.9745492311,4438783.137505075,0.003838013931720653,0
actual,1745424626.7609894,394655.974570898,4438783.137356738,0.0038161798627780194,0
actual,1745424626.8605013,394655.97463711957,4438783.137051592,0.0038585215504313986,0
actual,1745424626.9608247,394655.9734311264,4438783.136861179,0.0038939342809544927,0
actual,1745424627.0610545,394655.97340901714,4438783.136705337,0.0038835495719050546,0
actual,1745424627.1609664,394655.9734044564,4438783.136442251,0.0038735662885838015,0
actual,1745424627.260684,394655.97339277825,4438783.135943492,0.0038935328552265553,0
actual,1745424627.3615458,394655.9734426683,4438783.135422804,0.003930429115613571,0
actual,1745424627.4604769,394655.97422920197,4438783.137144461,0.0038593244018875214,0
actual,1745424627.5605567,394655.97437077574,4438783.137004168,0.003866113732677752,0
actual,1745424627.6605408,394655.9745120116,4438783.136859224,0.0038808966714420244,0
actual,1745424627.7605004,394655.97468348354,4438783.13673043,0.003835622830645257,0
actual,1745424627.860592,394655.97471093485,4438783.136454002,0.003839741807679981,0
actual,1745424627.9604719,394655.9750604469,4438783.137993586,0.0038465311384702112,0
actual,1745424628.0607688,394655.9751799358,4438783.138005277,0.0038285542471746684,0
actual,1745424628.1612787,394655.9755356732,4438783.137912986,0.0038590451492071633,0
actual,1745424628.2604864,394655.97590854694,4438783.137808485,0.003860249426390975,0
actual,1745424628.360936,394655.97464068554,4438783.138883613,0.003847595789313968,0
actual,1745424628.4604666,394655.974524962,4438783.138839929,0.00381937381530929,0
actual,1745424628.5604868,394655.97443040786,4438783.138663776,0.00385000434368184,0
actual,1745424628.6611967,394655.97442290594,4438783.138525512,0.003877161666842761,0
actual,1745424628.7606876,394655.9744157618,4438783.13838325,0.0038935328552265553,0
actual,1745424628.8604662,394655.97445895267,4438783.138086508,0.003867701982297025,0
actual,1745424628.9605606,394655.97392507177,4438783.137690106,0.003820298839812744,0
actual,1745424629.0604718,394655.97386216104,4438783.137405991,0.0038071216039602205,0
actual,1745424629.1605084,394655.9739041821,4438783.137033326,0.0038298981506987833,0
actual,1745424629.2604246,394655.9739660206,4438783.136619839,0.003806196579456767,0
actual,1745424629.3605094,394655.9739920968,4438783.136178762,0.003811642006722882,0
actual,1745424629.460476,394655.9743944345,4438783.137739084,0.0038328128505496955,0
actual,1745424629.5605516,394655.9744673032,4438783.13754199,0.0038543851201041984,0
actual,1745424629.6604953,394655.97454353725,4438783.137269427,0.0038621169286906067,0
actual,1745424629.7605264,394655.97469405545,4438783.136896973,0.003867440182909143,0
actual,1745424629.8607862,394655.97481929645,4438783.136498482,0.0038906181553756427,0
actual,1745424629.9605324,394655.9749291085,4438783.137196433,0.003834680352849327,0
actual,1745424630.0604868,394655.9749915467,4438783.137031388,0.003849061865885662,0
actual,1745424630.1608312,394655.9750595195,4438783.136784365,0.0038619773023505517,0
actual,1745424630.260481,394655.97509403835,4438783.1364892265,0.0038558511966758926,0
actual,1745424630.3605719,394655.97514428676,4438783.136146741,0.003877824891958581,0
actual,1745424630.460548,394655.976285808,4438783.138522073,0.003847875041994326,0
actual,1745424630.5605278,394655.97651233355,4438783.1383537315,0.003881961322285781,0
actual,1745424630.660754,394655.97669155255,4438783.138199704,0.0038846142227488114,0
actual,1745424630.760558,394655.9768957606,4438783.137918625,0.003914843325393424,0
actual,1745424630.860468,394655.97709252185,4438783.1376092825,0.003915384377461416,0
actual,1745424630.9609818,394655.9760189832,4438783.138349369,0.0038151152119345107,0
actual,1745424631.0605314,394655.9760832149,4438783.138123138,0.003842272535095432,0
actual,1745424631.1607232,394655.9761696761,4438783.137896106,0.003865049081833995,0
actual,1745424631.26047,394655.97621073696,4438783.137559889,0.003898210337621748,0
actual,1745424631.3604805,394655.9762522232,4438783.137094695,0.003926833737354612,0
actual,1745424631.4605155,394655.9747553884,4438783.135718457,0.003904720415731868,0
actual,1745424631.5605347,394655.97472267854,4438783.135436479,0.0038707737617804682,0
actual,1745424631.6604745,394655.97466354247,4438783.135039911,0.0038838288245854127,0
actual,1745424631.7604704,394655.9746339744,4438783.134577985,0.00390112503747266,0
actual,1745424631.860487,394655.97457533557,4438783.1341046225,0.003920306205952015,0
actual,1745424631.96092,394655.9747941564,4438783.137753074,0.0038488000664977802,0
actual,1745424632.0604773,394655.97483534383,4438783.137732437,0.0038912813804914625,0
actual,1745424632.16048,394655.97490639146,4438783.137665361,0.003925228034442614,0
actual,1745424632.2604728,394655.9750552716,4438783.13757617,0.003920568005339897,0
actual,1745424632.3604877,394655.975178316,4438783.137448702,0.003924442636279215,0
actual,1745424632.460583,394655.97398462665,4438783.137156746,0.003766909217994355,0
actual,1745424632.5604875,394655.97387218045,4438783.136906635,0.0037864743589091712,0
actual,1745424632.6605506,394655.9737620583,4438783.136493928,0.0038353435779648988,0
actual,1745424632.7604978,394655.9737273402,4438783.136207871,0.003810315556491491,0
actual,1745424632.860522,394655.9736788706,4438783.135770549,0.0037979411720948423,0
actual,1745424632.9612188,394655.97418811434,4438783.136516259,0.003839340381952044,0
actual,1745424633.0604727,394655.9742080393,4438783.136193655,0.003838554983788645,0
actual,1745424633.1605995,394655.9742617658,4438783.135956377,0.003794345793835634,0
actual,1745424633.2609072,394655.974336145,4438783.135556002,0.0037562627095570345,0
actual,1745424633.3604767,394655.974430757,4438783.13511261,0.0037489323266988116,0
actual,1745424633.4605713,394655.9736873295,4438783.13624013,0.0037879404354808654,0
actual,1745424633.5606563,394655.9736821513,4438783.136097108,0.0037763689025400913,0
actual,1745424633.6604874,394655.97368095646,4438783.135846907,0.003813771308410396,0
actual,1745424633.760732,394655.9736794258,4438783.135623435,0.003812706657566639,0
actual,1745424633.8609414,394655.97376002965,4438783.135349968,0.0038188327632410497,0
actual,1745424633.9605184,394655.97210087447,4438783.136337132,0.003840946084864041,0
actual,1745424634.0604777,394655.9720452706,4438783.136162646,0.003852395444756988,0
actual,1745424634.160473,394655.9720337415,4438783.135935714,0.003862640527466123,0
actual,1745424634.2605984,394655.97206996917,4438783.135699942,0.003881821695945726,0
actual,1745424634.3605323,394655.97215205163,4438783.135287577,0.0039024689409967754,0
actual,1745424634.4605114,394655.97270207305,4438783.136782449,0.003814312360478388,0
actual,1745424634.5610187,394655.97280203784,4438783.136644245,0.003823108819908553,0
actual,1745424634.6604743,394655.9729143951,4438783.136389488,0.0038862199256605606,0
actual,1745424634.76099,394655.9730797506,4438783.1361254165,0.003909921496902825,0
actual,1745424634.860476,394655.9732869599,4438783.135738678,0.0039054010941401633,0
actual,1745424634.9604857,394655.9731972707,4438783.136209566,0.0038254999209837008,0
actual,1745424635.0610523,394655.9732774268,4438783.13600209,0.003840946084864041,0
actual,1745424635.1605048,394655.97336550994,4438783.135690205,0.0038599876270030927,0
actual,1745424635.260478,394655.9734862484,4438783.135323358,0.0038866213513884976,0
actual,1745424635.3608108,394655.9736641427,4438783.1349786455,0.003906849717419134,0
actual,1745424635.4604752,394655.97256785067,4438783.137385921,0.0037922164921481206,0
actual,1745424635.5604854,394655.9724849194,4438783.13731931,0.003873304489195919,0
actual,1745424635.6604848,394655.9725543128,4438783.1373007195,0.00386105227784685,0
actual,1745424635.7604873,394655.97254052444,4438783.137199203,0.0038807570451019693,0
actual,1745424635.8606033,394655.9725594617,4438783.137074413,0.0038185709638534153,0
actual,1745424635.9607446,394655.9728817504,4438783.136415854,0.0038382757311082867,0
actual,1745424636.060505,394655.9729779769,4438783.136189558,0.003863984430990238,0
actual,1745424636.1613503,394655.9730885859,4438783.1359445015,0.003910584722018396,0
actual,1745424636.2605455,394655.9732677718,4438783.135651461,0.00391697262708069,0
actual,1745424636.3605485,394655.9734230199,4438783.135236399,0.0039521235582159015,0
actual,1745424636.4604838,394655.9736637427,4438783.137638381,0.00385745689958789,0
actual,1745424636.560548,394655.97385418654,4438783.137579055,0.003855065798512494,0
actual,1745424636.661132,394655.9739314472,4438783.137393975,0.003880495245714087,0
actual,1745424636.7613947,394655.9740322378,4438783.137169821,0.0038806174187616662,0
actual,1745424636.860548,394655.97419493564,4438783.136985235,0.0038735662885838015,0
actual,1745424636.96052,394655.97151827347,4438783.135725947,0.003838677156836224,0
actual,1745424637.0604646,394655.9714284113,4438783.135417329,0.0038646476561060576,0
actual,1745424637.1605504,394655.97136562114,4438783.13512565,0.003863722631602356,0
actual,1745424637.2605062,394655.9712845422,4438783.134729508,0.0038721002120121074,0
actual,1745424637.3605714,394655.9712125422,4438783.134304372,0.0038984721370096303,0
actual,1745424637.46048,394655.9729816823,4438783.136021211,0.003873828087971436,0
actual,1745424637.5604887,394655.9730947307,4438783.135845014,0.003877161666842761,0
actual,1745424637.6609097,394655.97321618634,4438783.1356277,0.0038573172732475867,0
actual,1745424637.760952,394655.9733820001,4438783.135316038,0.0038840906239732947,0
actual,1745424637.8605242,394655.9736290553,4438783.135011346,0.0038864817250484425,0
actual,1745424637.9604826,394655.9735305548,4438783.136193549,0.003798726570258241,0
actual,1745424638.0605087,394655.973477902,4438783.136013636,0.003848398640769843,0
actual,1745424638.1605957,394655.97335771343,4438783.135853127,0.003869307685208774,0
actual,1745424638.2605655,394655.97335054213,4438783.135805808,0.003838153558060708,0
actual,1745424638.3605633,394655.97350976523,4438783.135511106,0.003877964518298636,0
actual,1745424638.4604862,394655.9726300938,4438783.135258893,0.0038402828597482214,0
actual,1745424638.5606518,394655.97255731747,4438783.135143758,0.003854001147668737,0
actual,1745424638.6607196,394655.9724271691,4438783.134856074,0.0038621169286906067,0
actual,1745424638.760615,394655.9724217327,4438783.134621627,0.0038633212058744185,0
actual,1745424638.8604658,394655.9723682975,4438783.134173253,0.0038622565550306617,0
actual,1745424638.9604812,394655.9731959647,4438783.136517434,0.0038265645718274575,0
actual,1745424639.0604885,394655.9732013354,4438783.136384943,0.0038047305028850727,0
actual,1745424639.1604764,394655.9731907672,4438783.136133721,0.0038304217494742995,0
actual,1745424639.2605627,394655.9732549799,4438783.135929769,0.0038175063130096586,0
actual,1745424639.36048,394655.97345759766,4438783.135623783,0.0038428135871636723,0
actual,1745424639.4604683,394655.9725924005,4438783.136811944,0.003816703461553784,0
actual,1745424639.5607274,394655.9726033518,4438783.136649284,0.003836024256373194,0
actual,1745424639.660471,394655.97252887546,4438783.136430905,0.003866637331453268,0
actual,1745424639.760468,394655.9724902076,4438783.13609806,0.0038795527679181575,0
actual,1745424639.8605034,394655.97225350543,4438783.1382695,0.00384520468823882,0
actual,1745424639.9605517,394655.9723607894,4438783.138354474,0.0038175063130096586,0
actual,1745424640.0606036,394655.9724385175,4438783.138331086,0.0038489396928380834,0
actual,1745424640.160693,394655.9725275217,4438783.138216441,0.003897006060437936,0
actual,1745424640.2605937,394655.97268432105,4438783.138119795,0.0038935328552265553,0
actual,1745424640.3604999,394655.97274051514,4438783.137977285,0.0038978089118938105,0
actual,1745424640.460666,394655.9718618735,4438783.137453932,0.0038272277969432773,0
actual,1745424640.5610807,394655.97189398564,4438783.137211599,0.0037868757846371086,0
actual,1745424640.6607308,394655.97182144085,4438783.136948297,0.0038120434324508193,0
actual,1745424640.7606928,394655.97176801926,4438783.136721404,0.0038047305028850727,0
actual,1745424640.8605585,394655.9717793021,4438783.13634938,0.003770766395641197,0
actual,1745424640.9610476,394655.9732118894,4438783.138397253,0.0038274895963311593,0
actual,1745424641.0605607,394655.9733540323,4438783.138286059,0.003851068994525597,0
actual,1745424641.1606164,394655.9734866015,4438783.138068999,0.003879029169142393,0
actual,1745424641.2604644,394655.9735304197,4438783.137850211,0.0038966046347099987,0
actual,1745424641.360559,394655.9736568087,4438783.137685439,0.0039056628935277976,0
actual,1745424641.4605289,394655.97401879873,4438783.137588947,0.003866515158405689,0
actual,1745424641.560811,394655.97414026695,4438783.137385659,0.003863984430990238,0
actual,1745424641.6605165,394655.9742711473,4438783.137169937,0.003830683548862182,0
actual,1745424641.7606006,394655.97441800684,4438783.136883619,0.0038559908230161957,0
actual,1745424641.8607242,394655.97468108713,4438783.136528583,0.0038836891982453577,0
actual,1745424641.9613721,394655.9730280969,4438783.137799432,0.003863984430990238,0
actual,1745424642.0604732,394655.9727170062,4438783.13769079,0.0038533204692604416,0
actual,1745424642.160482,394655.97227927175,4438783.137595925,0.0038839509976329916,0
actual,1745424642.2609878,394655.9722372624,4438783.1373829,0.003916309401965118,0
actual,1745424642.3610332,394655.97232096316,4438783.13714066,0.003903254339160174,0
actual,1745424642.4605665,394655.97189608886,4438783.137599333,0.003899397161513332,0
actual,1745424642.561102,394655.9717356674,4438783.137454231,0.00389433570668243,0
actual,1745424642.66095,394655.9714514557,4438783.1372102825,0.0039445488292622725,0
actual,1745424642.760993,394655.9712698094,4438783.13704741,0.003919904780224078,0
actual,1745424642.8605049,394655.9711626278,4438783.136763983,0.003922575133979584,0
actual,1745424642.960733,394655.97274277394,4438783.137154508,0.0038514704202535343,0
actual,1745424643.0612116,394655.9728186708,4438783.136976202,0.0038707737617804682,0
actual,1745424643.1608596,394655.9728347908,4438783.136812672,0.003855187971560073,0
actual,1745424643.260547,394655.97287178785,4438783.136582537,0.0038643858567181753,0
actual,1745424643.3613358,394655.97298023786,4438783.136361047,0.003856392248744133,0
actual,1745424643.4605217,394655.9723650936,4438783.137878726,0.003845065061898517,0
actual,1745424643.5606737,394655.97237341444,4438783.137773295,0.003832149625433876,0
actual,1745424643.6603901,394655.9723895352,4438783.1375836665,0.0038496029179539027,0
actual,1745424643.7606099,394655.9724604869,4438783.137363997,0.003838013931720653,0
actual,1745424643.8609886,394655.9726254635,4438783.137032827,0.003825639547324004,0
actual,1745424643.9605985,394655.9712943335,4438783.137236998,0.003805254101660589,0
actual,1745424644.0608082,394655.97127096145,4438783.136943016,0.0038553275979003763,0
actual,1745424644.1604807,394655.9713067974,4438783.136629939,0.0038708959348280475,0
actual,1745424644.2605357,394655.97137178463,4438783.136274906,0.0038854170742046857,0
actual,1745424644.3605678,394655.97144307883,4438783.135867507,0.0039180372779244466,0
actual,1745424644.460467,394655.97236511996,4438783.137766546,0.003841871109367495,0
actual,1745424644.5605059,394655.9724816645,4438783.137638056,0.003866375532065386,0
actual,1745424644.660596,394655.9726210855,4438783.137437205,0.003877824891958581,0
actual,1745424644.760961,394655.9727415773,4438783.137205331,0.0038916828062194,0
actual,1745424644.860654,394655.9728628058,4438783.136951365,0.003897006060437936,0
actual,1745424644.9611642,394655.97256596346,4438783.13795038,0.003809250905647734,0
actual,1745424645.060503,394655.9726016759,4438783.13773889,0.0038020601491295667,0
actual,1745424645.1609354,394655.972584064,4438783.137493488,0.0038264249454874025,0
actual,1745424645.260745,394655.97260847036,4438783.137201592,0.003797539746366905,0
actual,1745424645.3621793,394655.9726025462,4438783.136816091,0.0038350817785772645,0
actual,1745424645.4605317,394655.9729759501,4438783.1369932,0.0038318878260459937,0
actual,1745424645.561509,394655.97302404983,4438783.136755046,0.0038278910220590967,0
actual,1745424645.6615345,394655.97314281826,4438783.136406458,0.0038468103911505694,0
actual,1745424645.7616148,394655.9732584753,4438783.136039658,0.0038501265167294194,0
actual,1745424645.860824,394655.97336261196,4438783.135594983,0.003863722631602356,0
actual,1745424645.9609811,394655.9725234882,4438783.136955811,0.003839340381952044,0
actual,1745424646.0604706,394655.97255778604,4438783.13677445,0.0038519940190290505,0
actual,1745424646.1609933,394655.97257961007,4438783.136512337,0.0038936724815666103,0
actual,1745424646.26048,394655.9726231142,4438783.136230572,0.0038527968704849254,0
actual,1745424646.360644,394655.9726986914,4438783.135884729,0.0038566540481317674,0
actual,1745424646.460533,394655.9733786416,4438783.13646958,0.003841085711204096,0
actual,1745424646.5607514,394655.97356392426,4438783.136249023,0.003844681089463304,0
actual,1745424646.6608906,394655.9737049963,4438783.135996171,0.0038623787280784886,0
actual,1745424646.7608898,394655.9738679474,4438783.13574166,0.00386784160863708,0
actual,1745424646.8604722,394655.97412962303,4438783.135339781,0.003865450507561932,0
actual,1745424646.960502,394655.9728943005,4438783.136180725,0.003818448790805836,0
actual,1745424647.060515,394655.9729193491,4438783.136032582,0.0038402828597482214,0
actual,1745424647.1610386,394655.97299058177,4438783.135807131,0.003864106604037817,0
actual,1745424647.2606425,394655.97309961775,4438783.135523578,0.003838816783176527,0
actual,1745424647.3608394,394655.9732059615,4438783.135217702,0.0038055159010484713,0
actual,1745424647.4606314,394655.973190601,4438783.136899197,0.0037753042516963345,0
actual,1745424647.5607877,394655.97327167256,4438783.136786428,0.0037457383741675413,0
actual,1745424647.6607416,394655.9733574153,4438783.136637295,0.0037687767202939865,0
actual,1745424647.7605548,394655.97347292805,4438783.136381989,0.0038009954982858095,0
actual,1745424647.860466,394655.97361968295,4438783.1361291325,0.0037960736697952107,0
actual,1745424647.9615355,394655.9719088707,4438783.13689445,0.0038248366958681295,0
actual,1745424648.0620468,394655.9719391916,4438783.136789042,0.0038208398918809844,0
actual,1745424648.16069,394655.97197888873,4438783.136609677,0.0038342789271213896,0
actual,1745424648.26131,394655.9720229061,4438783.136408734,0.0038414696836395574,0
actual,1745424648.3606014,394655.97206095693,4438783.13620417,0.0038606508521189125,0
actual,1745424648.4606876,394655.9719471327,4438783.135861663,0.003825901346711638,0
actual,1745424648.561067,394655.9719168476,4438783.135658887,0.0038461297127422743,0
actual,1745424648.6605434,394655.9719602691,4438783.135415054,0.003854001147668737,0
actual,1745424648.7614279,394655.9720408881,4438783.135194524,0.003889413878191831,0
actual,1745424648.8605435,394655.97215299925,4438783.134940867,0.003870110536664649,0
actual,1745424648.9607072,394655.97093958565,4438783.13656474,0.003813387335974934,0
actual,1745424649.0606828,394655.9709004987,4438783.136476414,0.0038671783835215086,0
actual,1745424649.1607099,394655.97084530885,4438783.1364070745,0.003876358815386887,0
actual,1745424649.2607784,394655.9707997249,4438783.13628772,0.003880495245714087,0
actual,1745424649.3608623,394655.9707546229,4438783.136165571,0.0038534600956007447,0
actual,1745424649.460553,394655.9719034649,4438783.136761128,0.003765984193490653,0
actual,1745424649.561583,394655.97206085495,4438783.136668352,0.0037795628550713616,0
actual,1745424649.660525,394655.972224416,4438783.136531688,0.0037854097080654145,0
actual,1745424649.7609239,394655.9723553169,4438783.136357348,0.0038250984952557633,0
actual,1745424649.8604774,394655.9725015627,4438783.136114769,0.003832149625433876,0
actual,1745424649.9613636,394655.9712578662,4438783.13599347,0.003825639547324004,0
actual,1745424650.06042,394655.97129996226,4438783.135789317,0.0038228295672281948,0
actual,1745424650.1604729,394655.971359969,4438783.135586747,0.0038272277969432773,0
actual,1745424650.2608755,394655.97144744865,4438783.135326211,0.003874491313087255,0
actual,1745424650.361041,394655.9715538096,4438783.135021734,0.0038926078307228535,0
actual,1745424650.460542,394655.97313458135,4438783.136022275,0.003820578092493102,0
actual,1745424650.5609818,394655.9733577945,4438783.135951647,0.0038248366958681295,0
actual,1745424650.660456,394655.97361804923,4438783.135818443,0.003843598985327071,0
actual,1745424650.7604883,394655.9738522438,4438783.135640724,0.0038682430343650173,0
actual,1745424650.8605099,394655.9741189104,4438783.135400388,0.003869307685208774,0
actual,1745424650.9605095,394655.97201258753,4438783.136015178,0.0038246970695278264,0
actual,1745424651.060523,394655.9720331067,4438783.135924614,0.003825901346711638,0
actual,1745424651.160925,394655.9720740502,4438783.135711046,0.0038442796637351184,0
actual,1745424651.2608519,394655.97214307904,4438783.135447516,0.003876760241114824,0
actual,1745424651.360964,394655.9722020706,4438783.135190848,0.0038835495719050546,0
actual,1745424651.4610586,394655.9722489719,4438783.1355975,0.003843476812279244,0
actual,1745424651.5607083,394655.9723296297,4438783.135419187,0.0038464089654226324,0
actual,1745424651.6604793,394655.9724271343,4438783.135246548,0.0038428135871636723,0
actual,1745424651.7607749,394655.9725162241,4438783.135036944,0.003843738611667126,0
actual,1745424651.860516,394655.9726391606,4438783.134775451,0.0038606508521189125,0
actual,1745424651.9612951,394655.97326453123,4438783.135430461,0.0038622565550306617,0
actual,1745424652.0611162,394655.9734339873,4438783.135243704,0.0038633212058744185,0
actual,1745424652.160566,394655.9735812743,4438783.135068498,0.00388688315077638,0
actual,1745424652.2606819,394655.97375929775,4438783.134835676,0.0038875463758921997,0
actual,1745424652.3611197,394655.97394817544,4438783.134587028,0.0039043189900039308,0
actual,1745424652.4605258,394655.97358417197,4438783.135470866,0.00383841535744859,0
actual,1745424652.5606256,394655.9736635074,4438783.135358606,0.003873304489195919,0
actual,1745424652.6604674,394655.9737811416,4438783.135164184,0.0038939342809544927,0
actual,1745424652.7608964,394655.97389429616,4438783.13497353,0.003926571937966729,0
actual,1745424652.8605025,394655.9740264615,4438783.134747002,0.003923901584211223,0
actual,1745424652.9607725,394655.97321486764,4438783.135382943,0.0038365478551489586,0
actual,1745424653.0618303,394655.97322600917,4438783.135208754,0.0038646476561060576,0
actual,1745424653.1606166,394655.9732569249,4438783.135043331,0.0038878081752800817,0
actual,1745424653.260778,394655.9733067553,4438783.134805456,0.003898210337621748,0
actual,1745424653.3606725,394655.97334435035,4438783.134598141,0.003884492049701232,0
actual,1745424653.4605365,394655.97235659364,4438783.135818434,0.0038176459393497136,0
actual,1745424653.5614202,394655.97235285805,4438783.13572898,0.003811380207335248,0
actual,1745424653.6606345,394655.97233641,4438783.135587807,0.003797801545754539,0
actual,1745424653.7604861,394655.9722949478,4438783.13539035,0.0038007336988979275,0
actual,1745424653.8605337,394655.97227537836,4438783.135183,0.0037854097080654145,0
actual,1745424653.9606345,394655.9730183948,4438783.135306954,0.0038240338444120066,0
actual,1745424654.0608544,394655.9731491313,4438783.135115785,0.003787818262433286,0
actual,1745424654.1609225,394655.9732661797,4438783.134881609,0.0037969986942986643,0
actual,1745424654.2607372,394655.9733982701,4438783.134576134,0.003822969193568498,0
actual,1745424654.3614397,394655.9735174556,4438783.134242274,0.003834819979189382,0
actual,1745424654.460954,394655.9720399389,4438783.135046792,0.0038112580342874207,0
actual,1745424654.560642,394655.9720651534,4438783.134950878,0.003818169538125478,0
actual,1745424654.6607869,394655.97202126833,4438783.134836373,0.003837350706604833,0
actual,1745424654.7605162,394655.97191814147,4438783.134725656,0.003823632418684069,0
actual,1745424654.861578,394655.9719174647,4438783.134618073,0.003824435270139944,0
actual,1745424654.961149,394655.973801338,4438783.136235171,0.0038705119623925863,0
actual,1745424655.06089,394655.9740281037,4438783.136276189,0.0038501265167294194,0
actual,1745424655.1612568,394655.97427854256,4438783.136237391,0.003907128970099492,0
actual,1745424655.2607431,394655.97454669065,4438783.13619388,0.00389433570668243,0
actual,1745424655.3608816,394655.97486294515,4438783.136060973,0.003934286293260661,0
actual,1745424655.4605978,394655.9733374857,4438783.136640142,0.003849725091001482,0
actual,1745424655.5608695,394655.97336425487,4438783.136562046,0.003847735415654271,0
actual,1745424655.660485,394655.9733934528,4438783.136485745,0.0038365478551489586,0
actual,1745424655.760673,394655.97342006245,4438783.136389534,0.0038245574431877713,0
actual,1745424655.8620794,394655.9734218278,4438783.136182806,0.0037919372394680105,0
actual,1745424655.9606268,394655.9711159988,4438783.136591887,0.003810455182831546,0
actual,1745424656.0606713,394655.9709962651,4438783.13642914,0.0038277688490112698,0
actual,1745424656.1609497,394655.9708741413,4438783.136248328,0.0038533204692604416,0
actual,1745424656.2607636,394655.97072454443,4438783.136006949,0.003876760241114824,0
actual,1745424656.3608613,394655.97062412504,4438783.135713836,0.003921231230455717,0
actual,1745424656.4604616,394655.97127608553,4438783.136462808,0.003858783349819281,0
actual,1745424656.5606475,394655.9712858605,4438783.136324868,0.003855187971560073,0
actual,1745424656.6604645,394655.97129559686,4438783.136140804,0.0038561304493562507,0
actual,1745424656.7615316,394655.971303888,4438783.135913077,0.003890740328423222,0
actual,1745424656.8608146,394655.97128541314,4438783.135634134,0.003907390769487374,0
actual,1745424656.960542,394655.9723322382,4438783.136097212,0.0038593244018875214,0
actual,1745424657.0606265,394655.9724573187,4438783.135952638,0.0038625183544185437,0
actual,1745424657.1617558,394655.97251442965,4438783.135739181,0.003901927888928535,0
actual,1745424657.260507,394655.9725546011,4438783.135540857,0.003905785066575625,0
actual,1745424657.360473,394655.9726579768,4438783.135268857,0.0039103229226307625,0
actual,1745424657.4605093,394655.97451161285,4438783.136126472,0.0038136491353628166,0
actual,1745424657.560495,394655.9747041826,4438783.135982185,0.0038161798627780194,0
actual,1745424657.660509,394655.97495631344,4438783.1358052455,0.003791675440080128,0
actual,1745424657.7605586,394655.9752207468,4438783.135609829,0.0037848861092898978,0
actual,1745424657.8607757,394655.975595652,4438783.135273952,0.003817104887281721,0
actual,1745424657.9614894,394655.9727374846,4438783.136259314,0.0038962032089820612,0
actual,1745424658.06044,394655.9726069757,4438783.1361842975,0.003885818499932623,0
actual,1745424658.1606023,394655.972557307,4438783.136074653,0.003865171254881574,0
actual,1745424658.2607126,394655.97256804147,4438783.135875378,0.003909118645446703,0
actual,1745424658.360471,394655.97256331064,4438783.135654237,0.003915506550508995,0
actual,1745424658.4605098,394655.9732720767,4438783.136236163,0.003848538267110146,0
actual,1745424658.5610874,394655.9732533619,4438783.136112513,0.003843337185939189,0
actual,1745424658.6605706,394655.97326399054,4438783.136032422,0.0038263027724395756,0
actual,1745424658.7613845,394655.97335371055,4438783.135854988,0.003825761720371583,0
actual,1745424658.8607478,394655.97345951095,4438783.135599408,0.0038621169286906067,0
actual,1745424658.9606962,394655.97185010486,4438783.135643006,0.003830683548862182,0
actual,1745424659.060784,394655.9717559302,4438783.135488082,0.0038228295672281948,0
actual,1745424659.1607392,394655.97165542946,4438783.135258916,0.003838816783176527,0
actual,1745424659.260576,394655.97161096364,4438783.135058807,0.00384520468823882,0
actual,1745424659.360459,394655.9715158092,4438783.1347854175,0.0038721002120121074,0
actual,1745424659.46048,394655.9730438557,4438783.135473951,0.003879168795482696,0
actual,1745424659.5607023,394655.9731003538,4438783.135343955,0.0038839509976329916,0
actual,1745424659.6608052,394655.9731986577,4438783.1351368725,0.0038863595520008637,0
actual,1745424659.760975,394655.9732402019,4438783.134868159,0.003901264663812963,0
actual,1745424659.8606658,394655.97326289164,4438783.134584896,0.003892869630110736,0
actual,1745424659.9605453,394655.9727832086,4438783.136127965,0.0038298981506987833,0
actual,1745424660.060739,394655.972809455,4438783.136017707,0.0038481368413822085,0
actual,1745424660.16066,394655.97285692615,4438783.135855569,0.003841347510591978,0
actual,1745424660.260483,394655.9728620949,4438783.135629288,0.003841207884251675,0
actual,1745424660.3612874,394655.97286510095,4438783.135384286,0.0038426739608233692,0
actual,1745424660.4605055,394655.97359554237,4438783.136358952,0.003820962064928563,0
actual,1745424660.5608292,394655.9736303378,4438783.136186478,0.0038440004110550084,0
actual,1745424660.6604512,394655.97369425045,4438783.135953517,0.0038318878260459937,0
actual,1745424660.7616081,394655.9737386684,4438783.135619784,0.0038748927388151926,0
actual,1745424660.8605516,394655.9737761453,4438783.13539062,0.0038542629470566196,0
actual,1745424660.9608715,394655.9723067337,4438783.1354432935,0.0038160402364379644,0
actual,1745424661.06067,394655.9722792024,4438783.135267904,0.0038248366958681295,0
actual,1745424661.1605787,394655.97220897384,4438783.1351340795,0.00382682637121534,0
actual,1745424661.260592,394655.9721046597,4438783.134904482,0.00381523738498209,0
actual,1745424661.3605406,394655.9720039801,4438783.134683446,0.0038148534125466284,0
actual,1745424661.460881,394655.97150578874,4438783.134567057,0.0038344185534614447,0
actual,1745424661.5608244,394655.97150328575,4438783.134431788,0.003839619634632402,0
actual,1745424661.6610038,394655.97144717735,4438783.1342102885,0.003848538267110146,0
actual,1745424661.7610416,394655.97143011447,4438783.133972,0.0038365478551489586,0
actual,1745424661.860555,394655.9714287915,4438783.133676187,0.0038708959348280475,0
actual,1745424661.960659,394655.9714541252,4438783.1331127975,0.003832027452386297,0
actual,1745424662.0611398,394655.97143084323,4438783.132926341,0.003809390531987789,0
actual,1745424662.1607447,394655.9714067232,4438783.132649656,0.003820962064928563,0
actual,1745424662.2605402,394655.971373213,4438783.132328422,0.0038444018367829458,0
actual,1745424662.3614528,394655.97137244185,4438783.131958559,0.0038198974140848064,0
actual,1745424662.460908,394655.97195349017,4438783.135726958,0.0038033865993609577,0
actual,1745424662.561505,394655.9719821912,4438783.135766756,0.0037926004645835822,0
actual,1745424662.6604831,394655.972030729,4438783.135804998,0.0037907504155766745,0
actual,1745424662.7609763,394655.97211757896,4438783.135790998,0.003818047365077651,0
actual,1745424662.8607142,394655.9721647401,4438783.135781992,0.003809914130763554,0
actual,1745424662.9606628,394655.97273875517,4438783.13436543,0.0038241734707523097,0
actual,1745424663.061256,394655.9727387715,4438783.134233169,0.0038031247999733234,0
actual,1745424663.1615288,394655.97274849913,4438783.134063235,0.003847333989926334,0
actual,1745424663.260658,394655.9727987948,4438783.133881331,0.0038783659440265734,0
actual,1745424663.3615384,394655.97285346827,4438783.133696363,0.0038989957357851465,0
actual,1745424663.4607086,394655.9731449437,4438783.133772305,0.0038060569531164637,0
actual,1745424663.561199,394655.9732106045,4438783.133675254,0.0038336157020055703,0
actual,1745424663.660907,394655.9733007625,4438783.1335025625,0.0038481368413822085,0
actual,1745424663.760874,394655.97341621673,4438783.133355244,0.0038482764677222636,0
actual,1745424663.860498,394655.9734963032,4438783.13304352,0.003908053994603194,0
actual,1745424663.9607823,394655.9720280835,4438783.133242665,0.003833493528957991,0
actual,1745424664.0605133,394655.9719524811,4438783.133174112,0.003854926172172439,0
actual,1745424664.1611826,394655.97189645376,4438783.13299788,0.00390592469291568,0
actual,1745424664.2606173,394655.97179289494,4438783.1327850185,0.003861314077234732,0
actual,1745424664.3606472,394655.97162543103,4438783.132553857,0.0038798320205982676,0
actual,1745424664.4609017,394655.9729821767,4438783.135948032,0.0038768998674551273,0
actual,1745424664.5608582,394655.9732492668,4438783.136298563,0.0038876860022322548,0
actual,1745424664.6608458,394655.9734875597,4438783.136516332,0.0038581201247034616,0
actual,1745424664.7611814,394655.9737019832,4438783.136854219,0.003915506550508995,0
actual,1745424664.860476,394655.9739588824,4438783.137250917,0.0038594465749351007,0
actual,1745424664.9610338,394655.97417952475,4438783.134377062,0.0038642462303781202,0
actual,1745424665.060632,394655.9744229257,4438783.134321856,0.0038377521323327704,0
actual,1745424665.1607473,394655.9747082853,4438783.13410672,0.00384586791335464,0
actual,1745424665.2606122,394655.9749867004,4438783.133857691,0.003852255818416933,0
actual,1745424665.3605523,394655.9752257933,4438783.133712581,0.0038506675687974114,0
actual,1745424665.4608774,394655.9748851592,4438783.136960809,0.0038276292226712143,0
actual,1745424665.561076,394655.97498515283,4438783.137129427,0.003860127253343396,0
actual,1745424665.661036,394655.97513660364,4438783.137361444,0.0038926078307228535,0
actual,1745424665.761147,394655.9753143832,4438783.13756198,0.0038623787280784886,0
actual,1745424665.8605356,394655.9754704264,4438783.137679033,0.003918316530604805,0
actual,1745424665.9611044,394655.9748035294,4438783.135784115,0.003943606351466343,0
actual,1745424666.0606673,394655.9748429753,4438783.135598297,0.003945613480106029,0
actual,1745424666.160658,394655.9748977112,4438783.1354557695,0.00392016657961196,0
actual,1745424666.261455,394655.9749926511,4438783.135221887,0.003907914368262891,0
actual,1745424666.361086,394655.9750690406,4438783.134890322,0.003977832258097853,0
actual,1745424666.461241,394655.97333952703,4438783.135728464,0.003889152078803949,0
actual,1745424666.5613685,394655.9731928204,4438783.135679743,0.0038799541936460945,0
actual,1745424666.6606445,394655.97309977276,4438783.135554173,0.0039015264632005974,0
actual,1745424666.760815,394655.97296633286,4438783.135365784,0.003931231967069694,0
actual,1745424666.860608,394655.97283045074,4438783.13518299,0.003942279901234703,0
actual,1745424666.9607527,394655.9723975739,4438783.135524353,0.0038362860557610763,0
actual,1745424667.0605092,394655.9722990095,4438783.135411928,0.0038136491353628166,0
actual,1745424667.1606514,394655.9721890587,4438783.1352357995,0.003814451986818691,0
actual,1745424667.261362,394655.97206865816,4438783.134982261,0.00381523738498209,0
actual,1745424667.3608067,394655.9719463745,4438783.134731697,0.0038400036070678632,0
actual,1745424667.4608269,394655.971747096,4438783.137014309,0.0038072612303005236,0
actual,1745424667.5611205,394655.97176116414,4438783.1370461695,0.003844541463123001,0
actual,1745424667.6606917,394655.97180301615,4438783.13704666,0.003861314077234732,0
actual,1745424667.76114,394655.9717560254,4438783.136976814,0.0038787673697547585,0
actual,1745424667.8606248,394655.9716956719,4438783.136924787,0.00389101958110358,0
actual,1745424667.9614522,394655.97211037634,4438783.136102464,0.0038401432334079183,0
actual,1745424668.060565,394655.9718485655,4438783.135913469,0.0038449428888509382,0
actual,1745424668.1606774,394655.9714964474,4438783.1356828585,0.00392910266538218,0
actual,1745424668.2612407,394655.9713758742,4438783.135543694,0.003920306205952015,0
actual,1745424668.3606515,394655.97149096726,4438783.135160186,0.003975441157022704,0
actual,1745424668.4607992,394655.97007758415,4438783.134688344,0.003953991060515532,0
actual,1745424668.5605853,394655.9705635942,4438783.13443474,0.003934425919600716,0
actual,1745424668.6606264,394655.9712309736,4438783.133831315,0.003975964755798221,0
actual,1745424668.761283,394655.9716869583,4438783.1333946455,0.004016718193832327,0
actual,1745424668.8607955,394655.9720159775,4438783.132927433,0.004009248184633801,0
actual,1745424668.9606318,394655.9720662219,4438783.137893479,0.004055063077498561,0
actual,1745424669.0613856,394655.97176702984,4438783.138182817,0.004092605109708921,0
actual,1745424669.1608074,394655.9714125437,4438783.138503049,0.0041121877039164605,0
actual,1745424669.260531,394655.9709997422,4438783.138720588,0.004152661889270209,0
actual,1745424669.3605235,394655.97065897915,4438783.138953768,0.00413709355234229,0
actual,1745424669.4610336,394655.97238699003,4438783.136387768,0.0038402828597482214,0
actual,1745424669.561337,394655.9726527799,4438783.136294365,0.003837490332944888,0
actual,1745424669.661313,394655.97309491364,4438783.136147233,0.0038302995764267207,0
actual,1745424669.7608113,394655.97358762275,4438783.135986601,0.003843598985327071,0
actual,1745424669.8606248,394655.97405145364,4438783.135830254,0.0038263027724395756,0
actual,1745424669.9613507,394655.9741919014,4438783.136596386,0.0038211016912688663,0
actual,1745424670.060684,394655.9743136909,4438783.136548096,0.0038468103911505694,0
actual,1745424670.1606085,394655.9744639462,4438783.136459433,0.003876760241114824,0
actual,1745424670.2608232,394655.974626626,4438783.136274407,0.003904598242684041,0
actual,1745424670.360679,394655.9747308892,4438783.136119148,0.003916047602577236,0
actual,1745424670.4607706,394655.97162747465,4438783.137870706,0.003830823175202237,0
actual,1745424670.5610788,394655.9713749695,4438783.137828003,0.0038362860557610763,0
actual,1745424670.6608858,394655.97113576817,4438783.13772107,0.003868906259480837,0
actual,1745424670.7607539,394655.97093582165,4438783.137662633,0.0038534600956007447,0
actual,1745424670.860592,394655.9707023974,4438783.137541237,0.003855187971560073,0
actual,1745424670.9605849,394655.9717849464,4438783.137634679,0.0038426739608233692,0
actual,1745424671.0607436,394655.9717565862,4438783.137476607,0.003836024256373194,0
actual,1745424671.1607683,394655.97171224246,4438783.137304488,0.0038748927388151926,0
actual,1745424671.26086,394655.9717173693,4438783.137056762,0.003916169775624815,0
actual,1745424671.361299,394655.97173891205,4438783.136798684,0.003955718936475109,0
actual,1745424671.4606533,394655.97132575855,4438783.1384274755,0.0038543851201041984,0
actual,1745424671.5608141,394655.9712765593,4438783.138484352,0.0038735662885838015,0
actual,1745424671.660748,394655.9712175488,4438783.138488635,0.0038876860022322548,0
actual,1745424671.7606235,394655.9711610243,4438783.138467197,0.0039141801002776045,0
actual,1745424671.8604736,394655.9710972384,4438783.138457164,0.003913115449433848,0
actual,1745424671.9605188,394655.97085400095,4438783.137851631,0.0038009954982858095,0
actual,1745424672.0605218,394655.97081107623,4438783.1377630755,0.0038312246009304224,0
actual,1745424672.1605766,394655.97077459685,4438783.137666538,0.003814172734138333,0
actual,1745424672.2605112,394655.97076273704,4438783.137579847,0.0038026012011975587,0
actual,1745424672.3609364,394655.97074390185,4438783.137432071,0.0038507897418452387,0
actual,1745424672.4608474,394655.97040517465,4438783.137694669,0.0038710355611683506,0
actual,1745424672.560485,394655.97037344717,4438783.1376398,0.0038671783835215086,0
actual,1745424672.660537,394655.97030633205,4438783.137587042,0.0038806174187616662,0
actual,1745424672.7605476,394655.9702679239,4438783.137536953,0.0038824849210612974,0
actual,1745424672.8608117,394655.9702333101,4438783.137470386,0.0038923460313352192,0
actual,1745424672.9607027,394655.9707289239,4438783.138770297,0.0038245574431877713,0
actual,1745424673.0605838,394655.97083244147,4438783.1387877995,0.003847875041994326,0
actual,1745424673.160594,394655.97094391857,4438783.138804655,0.0038482764677222636,0
actual,1745424673.2607396,394655.9710696264,4438783.138796592,0.0038493411185660203,0
actual,1745424673.3608754,394655.9712079151,4438783.1387159955,0.003872763437127679,0
actual,1745424673.460958,394655.9710804448,4438783.1393876765,0.003876358815386887,0
actual,1745424673.5605214,394655.9710558583,4438783.13933094,0.0038927474570631566,0
actual,1745424673.6606147,394655.97105537634,4438783.139281174,0.0038827641737416555,0
actual,1745424673.7606306,394655.9710666997,4438783.13917473,0.003908595046671186,0
actual,1745424673.8610454,394655.97104219033,4438783.139013999,0.003943606351466343,0
actual,1745424673.960733,394655.96933500224,4438783.139079797,0.003863984430990238,0
actual,1745424674.0606244,394655.9691641973,4438783.138963329,0.0038871449501642623,0
actual,1745424674.1604714,394655.9690460251,4438783.138835913,0.003909921496902825,0
actual,1745424674.2607088,394655.96889718284,4438783.138661735,0.003917251879761048,0
actual,1745424674.3607688,394655.96875509206,4438783.138516524,0.0038466707648105143,0
actual,1745424674.460802,394655.9695911531,4438783.139843716,0.0038768998674551273,0
actual,1745424674.5607095,394655.96962801536,4438783.1398261795,0.003893410682178976,0
actual,1745424674.661267,394655.9696794504,4438783.139765014,0.003915244751121361,0
actual,1745424674.7605634,394655.969712966,4438783.139720677,0.0038999382135813244,0
actual,1745424674.8609993,394655.9697926817,4438783.139638052,0.0038976692855537554,0
actual,1745424674.960798,394655.96980501583,4438783.138592445,0.0038212413176089213,0
actual,1745424675.0609314,394655.9698857783,4438783.138365538,0.0038579804983634065,0
actual,1745424675.1615057,394655.9699564618,4438783.138182225,0.003847333989926334,0
actual,1745424675.2608986,394655.9700324095,4438783.1379430005,0.0038737059149238566,0
actual,1745424675.3621774,394655.9701159878,4438783.137734977,0.0038531982962128624,0
actual,1745424675.460545,394655.9694076426,4438783.139263853,0.0038353435779648988,0
actual,1745424675.5614686,394655.9694248766,4438783.139262728,0.0038329524768897505,0
actual,1745424675.660497,394655.96943199413,4438783.139233482,0.003822969193568498,0
actual,1745424675.760519,394655.96946034575,4438783.13919207,0.0038280306483991517,0
actual,1745424675.8604577,394655.96947944193,4438783.139103085,0.003866916584133626,0
actual,1745424675.9606771,394655.969411737,4438783.137939034,0.0038673180098615636,0
actual,1745424676.0606332,394655.9694108281,4438783.137762501,0.003876498441726942,0
actual,1745424676.1605275,394655.96942098194,4438783.137517455,0.00390112503747266,0
actual,1745424676.2605162,394655.9694577674,4438783.137292783,0.003907914368262891,0
actual,1745424676.3605535,394655.96948573494,4438783.137085445,0.0038846142227488114,0
actual,1745424676.4612575,394655.97138363443,4438783.138906516,0.003836024256373194,0
actual,1745424676.560503,394655.9715579377,4438783.138857219,0.003832289251773931,0
actual,1745424676.6605093,394655.97174370714,4438783.138745412,0.0038507897418452387,0
actual,1745424676.7606418,394655.9719819057,4438783.138588634,0.0038725016377400448,0
actual,1745424676.860555,394655.97224208975,4438783.138419428,0.0038707737617804682,0
actual,1745424676.9606094,394655.9692743763,4438783.139748124,0.0038313642272704775,0
actual,1745424677.0605662,394655.9691217715,4438783.1397519205,0.003833493528957991,0
actual,1745424677.1605208,394655.96896300535,4438783.139717535,0.0038489396928380834,0
actual,1745424677.2606757,394655.9688116757,4438783.1396569535,0.003847194363586031,0
actual,1745424677.3605473,394655.96864969376,4438783.139564357,0.00386038905273103,0
actual,1745424677.460478,394655.9695445919,4438783.138503747,0.003814451986818691,0
actual,1745424677.5606248,394655.96956533426,4438783.138378883,0.003814172734138333,0
actual,1745424677.6605422,394655.9695665974,4438783.13824322,0.0038147137862063253,0
actual,1745424677.7606595,394655.9695767326,4438783.138107152,0.0038325510511618135,0
actual,1745424677.8610773,394655.96962852223,4438783.139140895,0.0037663681659261144,0
actual,1745424677.961708,394655.9696696419,4438783.139065092,0.003818169538125478,0
actual,1745424678.0608673,394655.96969354805,4438783.139011094,0.003838677156836224,0
actual,1745424678.1609771,394655.9697609296,4438783.138953254,0.00387943059487033,0
actual,1745424678.2608514,394655.96982953214,4438783.138894147,0.003912452224318028,0
actual,1745424678.3605883,394655.96992261196,4438783.138848298,0.003911649372862153,0
actual,1745424678.4606616,394655.9701720178,4438783.139260703,0.003842150362047853,0
actual,1745424678.5606713,394655.97029728274,4438783.139215138,0.0038618551293027243,0
actual,1745424678.6605747,394655.97041230265,4438783.139159455,0.0038902167296477057,0
actual,1745424678.7606628,394655.9704695522,4438783.139078248,0.00393655522128823,0
actual,1745424678.8605323,394655.9705542179,4438783.138902811,0.00394959283080045,0
actual,1745424678.9609065,394655.97035029804,4438783.139659606,0.0038645080297657545,0
actual,1745424679.0608318,394655.9703693057,4438783.1396065615,0.0038737059149238566,0
actual,1745424679.161786,394655.97042485705,4438783.139495868,0.003922173708251647,0
actual,1745424679.2605515,394655.97040343133,4438783.1393929,0.003930429115613571,0
actual,1745424679.3606274,394655.97035814443,4438783.139226133,0.003918578329992687,0
actual,1745424679.4605756,394655.9690893272,4438783.138727236,0.003828432074127089,0
actual,1745424679.5605693,394655.9689557047,4438783.138609481,0.0038531982962128624,0
actual,1745424679.6606004,394655.9688477088,4438783.1385174515,0.003847875041994326,0
actual,1745424679.7609384,394655.96868582885,4438783.138316014,0.0038751719914955508,0
actual,1745424679.8610713,394655.96913641784,4438783.138183377,0.003835483204305202,0
actual,1745424679.960995,394655.96914177923,4438783.138088862,0.003842150362047853,0
actual,1745424680.060938,394655.96909549,4438783.137896412,0.0038591847755472183,0
actual,1745424680.1605453,394655.9691002164,4438783.137676163,0.0038836891982453577,0
actual,1745424680.2606099,394655.9691537546,4438783.137399247,0.0038967442610503018,0
actual,1745424680.3605683,394655.96928611974,4438783.137114098,0.003920044406564381,0
actual,1745424680.46058,394655.9703190679,4438783.138839822,0.003840684285476159,0
actual,1745424680.561101,394655.9703654141,4438783.138754432,0.003861453703574787,0
actual,1745424680.6605783,394655.9704092556,4438783.138653581,0.0038590451492071633,0
actual,1745424680.7607949,394655.97053891845,4438783.138499585,0.003889152078803949,0
actual,1745424680.8609684,394655.9707378463,4438783.138321755,0.003914982951733479,0
actual,1745424680.9610474,394655.96929039963,4438783.137573559,0.0038518543926889955,0
actual,1745424681.0605197,394655.96919804416,4438783.137410366,0.0038469325641981487,0
actual,1745424681.1605442,394655.96912440064,4438783.13718604,0.003842150362047853,0
actual,1745424681.2604644,394655.969003561,4438783.13692557,0.0038762366423393075,0
actual,1745424681.360715,394655.9688495435,4438783.136635912,0.003867440182909143,0
actual,1745424681.4605381,394655.96983868093,4438783.1376668895,0.0037940665411552764,0
actual,1745424681.5605574,394655.96991552855,4438783.137578169,0.003806859804572586,0
actual,1745424681.661192,394655.97000072984,4438783.1374504985,0.0038163020358258468,0
actual,1745424681.7608953,394655.9700472825,4438783.137261523,0.0038553275979003763,0
actual,1745424681.8605018,394655.97014371125,4438783.1370960055,0.00384520468823882,0
actual,1745424681.9612534,394655.96921120654,4438783.137887124,0.0038509293681852938,0
actual,1745424682.0604677,394655.969207513,4438783.137780939,0.0038655726806095113,0
actual,1745424682.1605804,394655.96915246436,4438783.137634936,0.0038878081752800817,0
actual,1745424682.26057,394655.9690984247,4438783.137497922,0.0038703723360525313,0
actual,1745424682.3606238,394655.96908419474,4438783.137256094,0.003887022777116683,0
actual,1745424682.461301,394655.9705504178,4438783.138390743,0.0038875463758921997,0
actual,1745424682.5615587,394655.97066593583,4438783.138393558,0.00387583521661137,0
actual,1745424682.6608999,394655.9707461276,4438783.138314362,0.003888488853688129,0
actual,1745424682.7606711,394655.97090977145,4438783.138215201,0.0039318951921852655,0
actual,1745424682.8607843,394655.9712027368,4438783.138085596,0.003936956647016167,0
actual,1745424682.9605308,394655.970287091,4438783.1382594,0.0038482764677222636,0
actual,1745424683.0605247,394655.970282611,4438783.138139236,0.0038289556729026054,0
actual,1745424683.1606324,394655.9702724757,4438783.137975621,0.003841207884251675,0
actual,1745424683.2605903,394655.97031164216,4438783.137808028,0.0038292174722904877,0
actual,1745424683.3606462,394655.9702891923,4438783.137601273,0.003829618898018425,0
actual,1745424683.4606032,394655.97095419536,4438783.138351318,0.0038341567540735627,0
actual,1745424683.560665,394655.9710268515,4438783.138219655,0.0038312246009304224,0
actual,1745424683.6609564,394655.9711780925,4438783.137958024,0.003898594310057209,0
actual,1745424683.761069,394655.9712735753,4438783.137845751,0.003847194363586031,0
actual,1745424683.8608212,394655.97132924246,4438783.137591844,0.0039054010941401633,0
actual,1745424683.9605758,394655.97004781844,4438783.136369777,0.003838816783176527,0
actual,1745424684.0606155,394655.9699796862,4438783.135832797,0.003915384377461416,0
actual,1745424684.1606061,394655.9699220647,4438783.135335991,0.0038529364968252285,0
actual,1745424684.2605298,394655.96978308307,4438783.134737385,0.0039103229226307625,0
actual,1745424684.3605492,394655.96965899435,4438783.134136081,0.0038401432334079183,0
actual,1745424684.4605956,394655.96934109397,4438783.1366337,0.00392910266538218,0
actual,1745424684.5611694,394655.96923112404,4438783.136438231,0.003879168795482696,0
actual,1745424684.6610363,394655.9691100451,4438783.136170611,0.003939085948703681,0
actual,1745424684.7606032,394655.9689945574,4438783.135875069,0.003893009256450791,0
actual,1745424684.8605683,394655.9689195229,4438783.135473003,0.003960256792530247,0
actual,1745424684.9605842,394655.97219260066,4438783.136554589,0.0039184387036523835,0
actual,1745424685.0605655,394655.97274568735,4438783.1362497015,0.004002860279571508,0
actual,1745424685.1606028,394655.97342908505,4438783.135997934,0.003982492287200569,0
actual,1745424685.2604756,394655.97429843,4438783.135674335,0.004079427873856397,0
actual,1745424685.360532,394655.9750778296,4438783.135387641,0.004020173945751232,0
actual,1745424685.460547,394655.97382276575,4438783.134318909,0.004118052010202989,0
actual,1745424685.5617342,394655.97385448543,4438783.133872567,0.004048134120368275,0
actual,1745424685.6610315,394655.97370803077,4438783.133232799,0.004142538979608652,0
actual,1745424685.760594,394655.97352511936,4438783.132738217,0.004097666564539823,0
actual,1745424685.8605442,394655.9734189261,4438783.1321056355,0.004131229246055513,0
actual,1745424685.9605243,394655.96771289693,4438783.135673199,0.004058117403689529,0
actual,1745424686.0605054,394655.9672356679,4438783.135530153,0.004092605109708921,0
actual,1745424686.1605325,394655.96688149276,4438783.135332857,0.004097544391492243,0
actual,1745424686.2605782,394655.96647573216,4438783.135134132,0.0041683873058306585,0
actual,1745424686.3606155,394655.9658344642,4438783.134923606,0.004100860517070845,0
actual,1745424686.4609463,394655.97080258554,4438783.136788144,0.00413643032722647,0
actual,1745424686.561411,394655.97115610447,4438783.136947339,0.004095816515532667,0
actual,1745424686.661073,394655.9716344816,4438783.137012259,0.004175176636620889,0
actual,1745424686.760541,394655.9720871361,4438783.137186332,0.004110058402228947,0
actual,1745424686.8605297,394655.97270004556,4438783.1373034725,0.004182088140458699,0
actual,1745424686.9605312,394655.9694255062,4438783.137275472,0.004087822907558624,0
actual,1745424687.0605114,394655.9693384329,4438783.137226385,0.004186625996513836,0
actual,1745424687.160528,394655.96914650744,4438783.137313675,0.004128297092912373,0
actual,1745424687.2605345,394655.9689329744,4438783.137313315,0.004176764886240162,0
actual,1745424687.3606093,394655.9687087707,4438783.137369257,0.004130967446667878,0
actual,1745424687.4606936,394655.9702097416,4438783.13588348,0.0041934153273040665,0
actual,1745424687.5608904,394655.9702754973,4438783.135684019,0.004114578804991609,0
actual,1745424687.6605825,394655.9703163445,4438783.135328597,0.004185823145057961,0
actual,1745424687.7604742,394655.97038277757,4438783.135071392,0.004122973838693588,0
actual,1745424687.8606107,394655.97042347037,4438783.134645285,0.004209926142028164,0
actual,1745424687.9605684,394655.9696871557,4438783.136970003,0.004118715235318809,0
actual,1745424688.0605547,394655.9695355614,4438783.136895301,0.004187812820405173,0
actual,1745424688.1606238,394655.9694207769,4438783.136882739,0.004125766365496921,0
actual,1745424688.2612302,394655.9692892113,4438783.13666358,0.0042192462002335965,0
actual,1745424688.361576,394655.9691456873,4438783.136608135,0.004155594042413349,0
actual,1745424688.4611292,394655.9717567349,4438783.137313735,0.004225895904683772,0
actual,1745424688.5605526,394655.972028323,4438783.137336612,0.004152400089882326,0
actual,1745424688.660487,394655.9722906272,4438783.137218743,0.004211654017987492,0
actual,1745424688.7605388,394655.97249798535,4438783.137178073,0.004131229246055513,0
actual,1745424688.8605738,394655.97270619165,4438783.136944298,0.004204725060857207,0
actual,1745424688.9606524,394655.9688343759,4438783.135553757,0.00416877127826612,0
actual,1745424689.0606031,394655.9686006121,4438783.135140025,0.004188493498813468,0
actual,1745424689.1607065,394655.9682893785,4438783.1347638285,0.004134964250654775,0
actual,1745424689.260539,394655.9680019581,4438783.134271501,0.004183152791302456,0
actual,1745424689.3607035,394655.9677157789,4438783.133811132,0.0041593290470126115,0
actual,1745424689.4611728,394655.9678512157,4438783.136764323,0.004204725060857207,0
actual,1745424689.5606992,394655.9677045265,4438783.136801572,0.00413283494896751,0
actual,1745424689.6606066,394655.9674577401,4438783.136685159,0.00412803529352449,0
actual,1745424689.7606664,394655.9672212254,4438783.136575319,0.004119518086774684,0
actual,1745424689.8605216,394655.9670287181,4438783.136389759,0.004122712039305954,0
actual,1745424689.9606082,394655.9695941348,4438783.136413564,0.004130566020939941,0
actual,1745424690.06051,394655.96982399997,4438783.1362153,0.004160393697856368,0
actual,1745424690.1607924,394655.9701023208,4438783.13609527,0.004145750385432151,0
actual,1745424690.260567,394655.97036936716,4438783.135794673,0.004185421719330024,0
actual,1745424690.36064,394655.97069218184,4438783.135550084,0.004173832733096774,0
actual,1745424690.4605725,394655.9721663975,4438783.137746865,0.004159992272128431,0
actual,1745424690.5605001,394655.97272752156,4438783.137834132,0.004122048814190134,0
actual,1745424690.6605573,394655.97323115333,4438783.137739971,0.004170918033245862,0
actual,1745424690.760643,394655.9737245604,4438783.137674392,0.004221113702533228,0
actual,1745424690.8609612,394655.97427185543,4438783.137486769,0.004241481694904167,0
actual,1745424690.960487,394655.97034656676,4438783.136433907,0.004253594279912933,0
actual,1745424691.060516,394655.9701726802,4438783.1360492455,0.004271448998160897,0
actual,1745424691.1606715,394655.9700746704,4438783.135724845,0.004267574367221332,0
actual,1745424691.2611423,394655.9699064669,4438783.135225724,0.004284765860353476,0
actual,1745424691.360529,394655.96980419185,4438783.13488376,0.004284486607673118,0
actual,1745424691.4605422,394655.9725807115,4438783.137760789,0.004278500128339011,0
actual,1745424691.5605648,394655.9729875566,4438783.137798963,0.004321906466835898,0
actual,1745424691.6605513,394655.9733707283,4438783.137804427,0.004287698013496865,0
actual,1745424691.7605453,394655.9737973322,4438783.137718461,0.004358924900270742,0
actual,1745424691.8605552,394655.974244548,4438783.137621302,0.004311923183514646,0
actual,1745424691.9607923,394655.96894429286,4438783.136929493,0.004402331238767878,0
actual,1745424692.060728,394655.9685479005,4438783.136683947,0.004347213740989913,0
actual,1745424692.160742,394655.96812879987,4438783.136338837,0.00437609894011041,0
actual,1745424692.2607074,394655.96777422423,4438783.136063602,0.0043315057777219374,0
actual,1745424692.360543,394655.96737552475,4438783.1356076365,0.004419121306172085,0
actual,1745424692.4605694,394655.9712122318,4438783.137971308,0.004406869094823015,0
actual,1745424692.5605237,394655.97149303736,4438783.137926358,0.004383830748696818,0
actual,1745424692.6605132,394655.97186672676,4438783.137870256,0.004403273716564056,0
actual,1745424692.7606556,394655.9721796932,4438783.1377139175,0.004431495690568733,0
actual,1745424692.860629,394655.9724289889,4438783.137557768,0.004366255283129212,0
actual,1745424692.9606776,394655.9706739527,4438783.138907605,0.0038402828597482214,0
actual,1745424693.0614123,394655.9707038715,4438783.138898182,0.003848538267110146,0
actual,1745424693.1606438,394655.97070585267,4438783.138779216,0.003863844804650183,0
actual,1745424693.2605054,394655.9706924088,4438783.138703437,0.003858922976159584,0
actual,1745424693.36053,394655.9706593731,4438783.1385720465,0.0039000603866289033,0
actual,1745424693.4604797,394655.97045975237,4438783.1380838035,0.003848660440157725,0
actual,1745424693.560568,394655.9704620932,4438783.137872044,0.0039000603866289033,0
actual,1745424693.660584,394655.9705540045,4438783.137693762,0.0038730426898080372,0
actual,1745424693.760589,394655.97065094137,4438783.137411623,0.0038835495719050546,0
actual,1745424693.8605268,394655.9707591098,4438783.137143009,0.003863722631602356,0
actual,1745424693.9607015,394655.9704642362,4438783.138140685,0.003791535813740073,0
actual,1745424694.0605588,394655.97039982036,4438783.138029553,0.0037896857647329177,0
actual,1745424694.160681,394655.9703664559,4438783.137950864,0.0037755660510842164,0
actual,1745424694.26051,394655.970352486,4438783.13781653,0.0038019205227892636,0
actual,1745424694.36056,394655.9703274722,4438783.137660404,0.003818448790805836,0
actual,1745424694.460753,394655.96879054705,4438783.138370127,0.0038469325641981487,0
actual,1745424694.560656,394655.96860262356,4438783.13835273,0.0038454664876267025,0
actual,1745424694.660604,394655.968475043,4438783.138332805,0.0038344185534614447,0
actual,1745424694.7605064,394655.9683760716,4438783.138269782,0.003829357098630791,0
actual,1745424694.8605504,394655.968208042,4438783.138160538,0.0038364082288086555,0
actual,1745424694.9605289,394655.9690297948,4438783.137824916,0.0038466707648105143,0
actual,1745424695.060597,394655.9689652447,4438783.137780876,0.003832027452386297,0
actual,1745424695.1605673,394655.96890765,4438783.13768561,0.0038362860557610763,0
actual,1745424695.2605226,394655.968878338,4438783.137593086,0.00383721108026453,0
actual,1745424695.3605795,394655.96888016805,4438783.137483235,0.003841347510591978,0
actual,1745424695.4605498,394655.97031505924,4438783.137265614,0.0038169827142341423,0
actual,1745424695.5605834,394655.97037465003,4438783.13712454,0.003836809654536593,0
actual,1745424695.6605482,394655.9703843456,4438783.136991031,0.0038300203237463626,0
actual,1745424695.760546,394655.9703560911,4438783.136834318,0.0038726412640801,0
actual,1745424695.8607173,394655.9703465787,4438783.136664007,0.0038492014922259653,0
actual,1745424695.9605687,394655.9685148257,4438783.136843163,0.0038071216039602205,0
actual,1745424696.0605593,394655.96838506544,4438783.136733179,0.0038004718995102932,0
actual,1745424696.160546,394655.96828940936,4438783.136568523,0.0038365478551489586,0
actual,1745424696.2604723,394655.96822243725,4438783.136372013,0.003847595789313968,0
actual,1745424696.3605988,394655.96817543905,4438783.136136021,0.003855187971560073,0
actual,1745424696.4606385,394655.96685576724,4438783.13641647,0.003843337185939189,0
actual,1745424696.5606992,394655.96673862834,4438783.136291366,0.00385000434368184,0
actual,1745424696.6605508,394655.96660869184,4438783.136129349,0.003874107340651794,0
actual,1745424696.7605836,394655.9665101457,4438783.13593679,0.0038774234662306436,0
actual,1745424696.8605375,394655.9664222465,4438783.135721441,0.0038747705657676134,0
actual,1745424696.9605842,394655.9681155026,4438783.13655946,0.003803002626925496,0
actual,1745424697.0606651,394655.96820901905,4438783.136525834,0.003791012214964309,0
actual,1745424697.1604347,394655.9683474233,4438783.13649564,0.0037768925013156075,0
actual,1745424697.260469,394655.9685108436,4438783.136455812,0.003779423228731059,0
actual,1745424697.3605473,394655.96869035077,4438783.136413885,0.0037666474186064725,0
actual,1745424697.4604065,394655.96820560336,4438783.137349981,0.003797801545754539,0
actual,1745424697.5606706,394655.96821114235,4438783.137348283,0.0038147137862063253,0
actual,1745424697.6605604,394655.9681933018,4438783.137326833,0.003839619634632402,0
actual,1745424697.7605326,394655.968156815,4438783.137273325,0.003864909455493692,0
actual,1745424697.860611,394655.96812634263,4438783.1371985525,0.003891944605607282,0
actual,1745424697.9605677,394655.97083756764,4438783.13750898,0.003843738611667126,0
actual,1745424698.0605474,394655.97104504367,4438783.137448921,0.003852255818416933,0
actual,1745424698.1605232,394655.9712469253,4438783.137367672,0.0038505279424573564,0
actual,1745424698.2604778,394655.9714676585,4438783.137286246,0.003806859804572586,0
actual,1745424698.3605983,394655.97166608355,4438783.137125712,0.0038241734707523097,0
actual,1745424698.4606464,394655.9713550629,4438783.137770816,0.0038261631460995205,0
actual,1745424698.5605943,394655.9714347193,4438783.137715473,0.0038342789271213896,0
actual,1745424698.6605763,394655.9715485748,4438783.137637269,0.003848538267110146,0
actual,1745424698.7611654,394655.9716667894,4438783.137496797,0.0039015264632005974,0
actual,1745424698.860547,394655.97178637015,4438783.137340434,0.003930830541341509,0
actual,1745424698.960518,394655.9682168263,4438783.137930283,0.0038377521323327704,0
actual,1745424699.0605156,394655.96803395584,4438783.137834985,0.003838554983788645,0
actual,1745424699.1606483,394655.96788336,4438783.137698548,0.003847194363586031,0
actual,1745424699.260633,394655.9677076336,4438783.1375159575,0.003870110536664649,0
actual,1745424699.3605185,394655.9675390411,4438783.137297328,0.0038904785290355876,0
actual,1745424699.4605634,394655.9687947659,4438783.137237438,0.003870110536664649,0
actual,1745424699.5605423,394655.9688486083,4438783.137063082,0.003866637331453268,0
actual,1745424699.6605687,394655.9689128162,4438783.136802185,0.003893271055838673,0
actual,1745424699.7606165,394655.9690236116,4438783.136511519,0.003908856846059068,0
actual,1745424699.8605163,394655.96911001415,4438783.136163457,0.003917374052808875,0
actual,1745424699.960681,394655.9689777753,4438783.137182906,0.0038432150128916097,0
actual,1745424700.0606256,394655.9689696537,4438783.137051497,0.003858783349819281,0
actual,1745424700.160567,394655.9689780825,4438783.136880601,0.0038631815795343635,0
actual,1745424700.2605357,394655.96898304106,4438783.13669517,0.003843337185939189,0
actual,1745424700.3606107,394655.9689588806,4438783.136486708,0.0038703723360525313,0
actual,1745424700.4605486,394655.969791511,4438783.137259409,0.0038559908230161957,0
actual,1745424700.5606298,394655.9698757341,4438783.137190162,0.0038742295136993733,0
actual,1745424700.6604853,394655.9699659732,4438783.137091783,0.003898733936397512,0
actual,1745424700.7605112,394655.9700714025,4438783.1369534675,0.003916571201352752,0
actual,1745424700.86054,394655.97019748203,4438783.136776023,0.0039356127434920524,0
actual,1745424700.9605956,394655.96951445926,4438783.136604021,0.00386784160863708,0
actual,1745424701.0605211,394655.9694926192,4438783.136446944,0.003893410682178976,0
actual,1745424701.1606412,394655.9694975328,4438783.136250314,0.003911387573474519,0
actual,1745424701.260523,394655.9695038992,4438783.136054647,0.00394015059954719,0
actual,1745424701.3604722,394655.9694852095,4438783.135843791,0.003940813824663009,0
actual,1745424701.4605434,394655.96984833496,4438783.135523342,0.0038519940190290505,0
actual,1745424701.5605822,394655.9698885627,4438783.135397545,0.00382682637121534,0
actual,1745424701.660538,394655.96994059253,4438783.1352015585,0.003863844804650183,0
actual,1745424701.760602,394655.9700474784,4438783.135029966,0.003835884630033139,0
actual,1745424701.8605516,394655.970090359,4438783.134795215,0.003869307685208774,0
actual,1745424701.960531,394655.970595886,4438783.135280345,0.0038501265167294194,0
actual,1745424702.0604868,394655.9706131766,4438783.135116673,0.003869831283984539,0
actual,1745424702.1604836,394655.97064038337,4438783.134957873,0.003854001147668737,0
actual,1745424702.2605689,394655.9706365494,4438783.134775756,0.0038622565550306617,0
actual,1745424702.360583,394655.9706327267,4438783.134608501,0.003834959605529685,0
actual,1745424702.4606016,394655.97075129155,4438783.135778832,0.003826965997555395,0
actual,1745424702.5605948,394655.97078558395,4438783.135763863,0.0038317481997059387,0
actual,1745424702.6605709,394655.97082707373,4438783.135739765,0.003844681089463304,0
actual,1745424702.7605844,394655.9708821444,4438783.1356980065,0.0038454664876267025,0
actual,1745424702.8605337,394655.97093268414,4438783.135581302,0.00387197803896428,0
actual,1745424702.960416,394655.96832323197,4438783.136809572,0.0038482764677222636,0
actual,1745424703.0605376,394655.96816181554,4438783.136784774,0.003865450507561932,0
actual,1745424703.1605558,394655.96799317095,4438783.136710671,0.003893009256450791,0
actual,1745424703.2605114,394655.9677759657,4438783.1366204955,0.0039103229226307625,0
actual,1745424703.360541,394655.9675179446,4438783.136524775,0.003930027689885634,0
actual,1745424703.4604793,394655.9680306289,4438783.136982584,0.0038935328552265553,0
actual,1745424703.5604844,394655.96805068257,4438783.136928623,0.003919642980836443,0
actual,1745424703.6604614,394655.9680780631,4438783.136869474,0.003936415594947927,0
actual,1745424703.760573,394655.9681296769,4438783.136792988,0.003938422723587861,0
actual,1745424703.8605275,394655.96824023814,4438783.136628437,0.003953327835399713,0
actual,1745424703.9606085,394655.967745025,4438783.136150656,0.0038655726806095113,0
actual,1745424704.0605357,394655.96780089044,4438783.13617704,0.0038912813804914625,0
actual,1745424704.1605904,394655.96767061023,4438783.136100214,0.003907792195215311,0
actual,1745424704.2605424,394655.96743293304,4438783.135985404,0.003916449028305173,0
actual,1745424704.3605137,394655.96711259906,4438783.13592274,0.0038966046347099987,0
actual,1745424704.4604793,394655.96871587983,4438783.137244466,0.0037753042516963345,0
actual,1745424704.5605693,394655.96891673823,4438783.137291636,0.003810455182831546,0
actual,1745424704.6605036,394655.96920366434,4438783.137292003,0.0037907504155766745,0
actual,1745424704.7605882,394655.96952170215,4438783.13717635,0.003821764916384438,0
actual,1745424704.8605628,394655.96983470244,4438783.137112855,0.003851592593301113,0
actual,1745424704.9605951,394655.96848058066,4438783.13767256,0.003877824891958581,0
actual,1745424705.0604763,394655.96872634353,4438783.137603648,0.003863583005262301,0
actual,1745424705.160504,394655.9689879597,4438783.137646059,0.0038553275979003763,0
actual,1745424705.2605639,394655.9691630673,4438783.1376340445,0.003895679610206545,0
actual,1745424705.360693,394655.9692406767,4438783.137622261,0.0038725016377400448,0
actual,1745424705.460545,394655.9676858979,4438783.135894497,0.0038441400373950634,0
actual,1745424705.5605497,394655.96741085686,4438783.135751676,0.003865310881221877,0
actual,1745424705.6606274,394655.96730480826,4438783.135613286,0.003858783349819281,0
actual,1745424705.760513,394655.96723397204,4438783.1355179455,0.0038569158475196493,0
actual,1745424705.860649,394655.96706831217,4438783.1353797,0.0038314864003180567,0
actual,1745424705.9605792,394655.9674159702,4438783.136202811,0.0037969986942986643,0
actual,1745424706.060586,394655.96742741944,4438783.136211616,0.0037434694461399723,0
actual,1745424706.1605778,394655.96740181587,4438783.136121958,0.0037740999745125227,0
actual,1745424706.2604835,394655.9673938467,4438783.136078736,0.0037567863083327988,0
actual,1745424706.3606567,394655.9673112233,4438783.136012032,0.0037768925013156075,0
actual,1745424706.4607415,394655.96776731685,4438783.13541423,0.003823632418684069,0
actual,1745424706.5605497,394655.967650889,4438783.135343896,0.003798726570258241,0
actual,1745424706.6605754,394655.9674827438,4438783.13522875,0.003839741807679981,0
actual,1745424706.7605095,394655.9673192793,4438783.135133833,0.00385000434368184,0
actual,1745424706.86051,394655.9672099847,4438783.134982683,0.0038912813804914625,0
actual,1745424706.9605134,394655.96771885286,4438783.1357293865,0.0038662359057253307,0
actual,1745424707.0604885,394655.96776714036,4438783.135697134,0.0038886110267359565,0
actual,1745424707.1606374,394655.9678094432,4438783.135679558,0.0039015264632005974,0
actual,1745424707.2604792,394655.9678643525,4438783.135661171,0.003921632656183655,0
actual,1745424707.360563,394655.96791898506,4438783.135636211,0.003917775478536813,0
actual,1745424707.4605367,394655.96909053554,4438783.135675946,0.003809111279307431,0
actual,1745424707.5604825,394655.96916212054,4438783.135590707,0.003840806458523738,0
actual,1745424707.660487,394655.96927219623,4438783.135535264,0.0038278910220590967,0
actual,1745424707.760433,394655.9693586612,4438783.135455687,0.0038344185534614447,0
actual,1745424707.8604681,394655.9694754768,4438783.135377315,0.0038280306483991517,0
actual,1745424707.9605277,394655.9674771986,4438783.136353961,0.0037726338979408285,0
actual,1745424708.0605001,394655.96739967464,4438783.13637018,0.0037663681659261144,0
actual,1745424708.160558,394655.9673064742,4438783.136353309,0.0037681134951781667,0
actual,1745424708.260527,394655.9672389028,4438783.13633181,0.0037410783450648245,0
actual,1745424708.360508,394655.96716837084,4438783.136306393,0.0037481294752429372,0
actual,1745424708.4605565,394655.9677802399,4438783.136754579,0.003819234188969235,0
actual,1745424708.5604787,394655.96782468143,4438783.136798348,0.0038424121614354873,0
actual,1745424708.6604817,394655.9679183758,4438783.136849522,0.003813108083294576,0
actual,1745424708.7605538,394655.9679709868,4438783.136886817,0.0038168430878938392,0
actual,1745424708.860508,394655.9680505906,4438783.136925522,0.003815516637662448,0
actual,1745424708.9606035,394655.968255422,4438783.137169271,0.0038213634906565006,0
actual,1745424709.060425,394655.9683272819,4438783.137149103,0.003822969193568498,0
actual,1745424709.1604824,394655.9683627305,4438783.137171915,0.003807383403348103,0
actual,1745424709.2604868,394655.9684264623,4438783.137129102,0.0038037880250888947,0
actual,1745424709.3605368,394655.9685117678,4438783.137033524,0.0037882196881612235,0
actual,1745424709.4604876,394655.96800717444,4438783.137610578,0.003815778437050082,0
actual,1745424709.5605276,394655.9679856313,4438783.137574815,0.003838677156836224,0
actual,1745424709.6605031,394655.9679952599,4438783.137492469,0.0038325510511618135,0
actual,1745424709.7605197,394655.9679825605,4438783.137400942,0.003872903063467982,0
actual,1745424709.8606117,394655.96798767074,4438783.137355804,0.0038926078307228535,0
actual,1745424709.9605277,394655.9678850597,4438783.137322899,0.00384520468823882,0
actual,1745424710.0604818,394655.9679249134,4438783.137330402,0.0038198974140848064,0
actual,1745424710.1604867,394655.9679523383,4438783.137304423,0.003828152821446731,0
actual,1745424710.2605019,394655.9680131196,4438783.1372513855,0.0038328128505496955,0
actual,1745424710.3605926,394655.96807199344,4438783.137173793,0.0038344185534614447,0
actual,1745424710.4605474,394655.9683177328,4438783.137081402,0.0038449428888509382,0
actual,1745424710.5605032,394655.96831222466,4438783.137013723,0.003871297360555985,0
actual,1745424710.6605146,394655.9683174017,4438783.136943813,0.0038904785290355876,0
actual,1745424710.7604752,394655.9683173209,4438783.136874278,0.00390592469291568,0
actual,1745424710.8605428,394655.96832282026,4438783.136828421,0.003899798587241269,0
actual,1745424710.9605045,394655.9694609563,4438783.136913921,0.0038004718995102932,0
actual,1745424711.0604675,394655.9695086043,4438783.136808784,0.003807662656028461,0
actual,1745424711.160641,394655.96949770884,4438783.136649168,0.0038416093099796125,0
actual,1745424711.2606044,394655.96950585523,4438783.136497535,0.003834680352849327,0
actual,1745424711.3606672,394655.96952691127,4438783.13631061,0.003845065061898517,0
actual,1745424711.4605064,394655.96882440534,4438783.136204348,0.0038583819240913435,0
actual,1745424711.560477,394655.96871821664,4438783.136080313,0.003871838412624225,0
actual,1745424711.6604745,394655.9686075628,4438783.135901595,0.0038670387571812055,0
actual,1745424711.760581,394655.9685033144,4438783.135711325,0.003883148146177117,0
actual,1745424711.8604817,394655.9684002687,4438783.135442563,0.003915646176849298,0
actual,1745424711.9605088,394655.969721988,4438783.135277081,0.003873304489195919,0
actual,1745424712.0605392,394655.9699073124,4438783.135124176,0.0038581201247034616,0
actual,1745424712.160656,394655.970163414,4438783.13495603,0.0038840906239732947,0
actual,1745424712.2605839,394655.9703693611,4438783.134816753,0.0038527968704849254,0
actual,1745424712.3605065,394655.9704388823,4438783.134630205,0.0038746309394273102,0
actual,1745424712.4605317,394655.97072185914,4438783.134763481,0.0038187105901934704,0
actual,1745424712.5605435,394655.9704999731,4438783.134667603,0.003877824891958581,0
actual,1745424712.6605887,394655.970112831,4438783.134560377,0.0038786277434144554,0
actual,1745424712.7607176,394655.96970074007,4438783.13441516,0.0039269559104021905,0
actual,1745424712.8605585,394655.96937507665,4438783.134266216,0.0038836891982453577,0
actual,1745424712.9605684,394655.97143583687,4438783.135387927,0.003792338665195948,0
actual,1745424713.06055,394655.97203331284,4438783.135397265,0.0037269586314161236,0
actual,1745424713.1605713,394655.97272800095,4438783.135190184,0.0037960736697952107,0
actual,1745424713.2606971,394655.9733594194,4438783.135050207,0.003765844567150598,0
actual,1745424713.3605628,394655.973811334,4438783.134982925,0.0037854097080654145,0
actual,1745424713.4606283,394655.9729778025,4438783.136581146,0.0037688988933415653,0
actual,1745424713.5606532,394655.9730925705,4438783.136624841,0.0037593170357482497,0
actual,1745424713.660655,394655.97324892273,4438783.13668668,0.0037265572056881862,0
actual,1745424713.7605855,394655.97338623996,4438783.136627902,0.0037946075932235165,0
actual,1745424713.8604808,394655.97345629765,4438783.136704924,0.003774763199628342,0
actual,1745424713.9604797,394655.9674589606,4438783.137810378,0.0037867536115895294,0
actual,1745424714.060682,394655.96682249405,4438783.1379084475,0.00381258448451906,0
actual,1745424714.1605773,394655.96620371274,4438783.138055599,0.003810053757103609,0
actual,1745424714.2608051,394655.9654680105,4438783.138167195,0.0038337553283456253,0
actual,1745424714.360751,394655.96463144966,4438783.138286372,0.0038237720450243723,0
actual,1745424714.460723,394655.9703677303,4438783.136409244,0.0038254999209837008,0
actual,1745424714.5608144,394655.9703733919,4438783.136356558,0.003830683548862182,0
actual,1745424714.660766,394655.97040901124,4438783.136270559,0.0038382757311082867,0
actual,1745424714.760961,394655.97045647027,4438783.136110202,0.0038726412640801,0
actual,1745424714.8606064,394655.9704937393,4438783.135934001,0.003893410682178976,0
actual,1745424714.9606452,394655.9714833277,4438783.136071557,0.003866637331453268,0
actual,1745424715.06059,394655.97160491033,4438783.136038053,0.0038695694845966564,0
actual,1745424715.1606505,394655.971701033,4438783.136004325,0.0038834273988574753,0
actual,1745424715.2605264,394655.97182468727,4438783.135886317,0.0038686444600929547,0
actual,1745424715.3605855,394655.9719292247,4438783.135628676,0.003926571937966729,0
actual,1745424715.4605849,394655.97068551264,4438783.137074973,0.0038390785825644096,0
actual,1745424715.5610101,394655.9706961664,4438783.137285663,0.0038896756775797132,0
actual,1745424715.6606157,394655.9708825543,4438783.137356885,0.003835483204305202,0
actual,1745424715.7606192,394655.97084655875,4438783.137448599,0.0038936724815666103,0
actual,1745424715.860517,394655.97071377176,4438783.137765693,0.0038325510511618135,0
actual,1745424715.9606197,394655.97067802685,4438783.13586216,0.0038517322196411686,0
actual,1745424716.060549,394655.97062218306,4438783.135589117,0.00391751367914893,0
actual,1745424716.1605399,394655.97050503775,4438783.1354727615,0.003910846521406279,0
actual,1745424716.2605653,394655.9703338948,4438783.135225465,0.003925228034442614,0
actual,1745424716.3605616,394655.97018138773,4438783.13497012,0.003930690915001454,0
actual,1745424716.460545,394655.9716267224,4438783.137062539,0.0038509293681852938,0
actual,1745424716.5604753,394655.9718149999,4438783.137041776,0.0038392182089044646,0
actual,1745424716.6605153,394655.9719771852,4438783.137022373,0.003847333989926334,0
actual,1745424716.7604818,394655.97214974905,4438783.136953124,0.003867440182909143,0
actual,1745424716.8605351,394655.97230600496,4438783.13679995,0.003901927888928535,0
actual,1745424716.9604812,394655.97107911017,4438783.135782305,0.00386105227784685,0
actual,1745424717.0605602,394655.97087487945,4438783.135794096,0.0038338949546859284,0
actual,1745424717.1605444,394655.97066036606,4438783.135838422,0.003829618898018425,0
actual,1745424717.2605214,394655.97047300544,4438783.1357498085,0.0038317481997059387,0
actual,1745424717.3605318,394655.97031131,4438783.135586795,0.0038365478551489586,0
actual,1745424717.460542,394655.97141343437,4438783.13695708,0.0038505279424573564,0
actual,1745424717.5605817,394655.9713689573,4438783.137018274,0.0038336157020055703,0
actual,1745424717.6605623,394655.9713227972,4438783.137049052,0.003832289251773931,0
actual,1745424717.7606738,394655.97134746984,4438783.137097544,0.0038211016912688663,0
actual,1745424717.8606818,394655.9713750185,4438783.137079146,0.003816581288505957,0
actual,1745424717.9605956,394655.97285495856,4438783.136540571,0.0037974001200266018,0
actual,1745424718.0606358,394655.9729345419,4438783.136479419,0.0037866139852492263,0
actual,1745424718.1605308,394655.9730187132,4438783.136375675,0.0038011351246258645,0
actual,1745424718.260483,394655.9730993641,4438783.136236535,0.003791134388011888,0
actual,1745424718.360635,394655.9731489505,4438783.136082282,0.003778760003615239,0
actual,1745424718.4605598,394655.97000142076,4438783.136130163,0.003820438466153047,0
actual,1745424718.5607383,394655.9697945607,4438783.136016958,0.0038302995764267207,0
actual,1745424718.6604798,394655.9695777395,4438783.13590563,0.0038111184079473656,0
actual,1745424718.7605076,394655.9693386484,4438783.135747684,0.00380778482907604,0
actual,1745424718.8604825,394655.96905458655,4438783.135544813,0.003823492792344014,0
actual,1745424718.9605744,394655.9699864675,4438783.136660324,0.0038340171277335077,0
actual,1745424719.0605228,394655.9699400482,4438783.136593586,0.0038871449501642623,0
actual,1745424719.1606443,394655.9699231638,4438783.136546326,0.0039000603866289033,0
actual,1745424719.2605453,394655.9698316451,4438783.13647514,0.003912190424930394,0
actual,1745424719.3607476,394655.96975040494,4438783.136368628,0.003909118645446703,0
actual,1745424719.4605386,394655.96876904886,4438783.136174076,0.0038297585243587283,0
actual,1745424719.5605092,394655.9687255492,4438783.136124482,0.0038489396928380834,0
actual,1745424719.6604836,394655.968664409,4438783.136013487,0.003844541463123001,0
actual,1745424719.7605371,394655.96854967606,4438783.135888922,0.0038991353621254496,0
actual,1745424719.8604524,394655.9684864701,4438783.135880808,0.0038976692855537554,0
actual,1745424719.96062,394655.9703631577,4438783.136699982,0.0038479972150419054,0
actual,1745424720.0605912,394655.9704552697,4438783.13674032,0.0038264249454874025,0
actual,1745424720.1605406,394655.97049315245,4438783.13669778,0.0038312246009304224,0
actual,1745424720.2605197,394655.97050321766,4438783.13658916,0.003849864717341537,0
actual,1745424720.3604774,394655.9703950094,4438783.13651565,0.0038710355611683506,0
actual,1745424720.4604795,394655.96997962904,4438783.1351025365,0.0038967442610503018,0
actual,1745424720.5605133,394655.96975881205,4438783.135042379,0.003881821695945726,0
actual,1745424720.660477,394655.97007363505,4438783.134943618,0.0038846142227488114,0
actual,1745424720.7606115,394655.97028157004,4438783.134722251,0.004031221879916241,0
actual,1745424720.8606327,394655.9705508423,4438783.13484258,0.0038325510511618135,0
actual,1745424720.9606254,394655.96848602383,4438783.138535108,0.003936014169219989,0
actual,1745424721.060551,394655.9690226449,4438783.139151473,0.0038051319286130096,0
actual,1745424721.1605518,394655.97010894923,4438783.139810281,0.003839619634632402,0
actual,1745424721.260485,394655.9712096141,4438783.140438145,0.003918316530604805,0
actual,1745424721.3605635,394655.97167388245,4438783.140976347,0.0038780866913464634,0
actual,1745424721.4604118,394655.9766966458,4438783.136536239,0.003997676651693027,0
actual,1745424721.5607154,394655.9762723682,4438783.13649669,0.0038543851201041984,0
actual,1745424721.660623,394655.9755405542,4438783.1362391645,0.003952001385168322,0
actual,1745424721.7606273,394655.9749517824,4438783.136163549,0.003899397161513332,0
actual,1745424721.860616,394655.97449208604,4438783.135976148,0.003960378965577826,0
actual,1745424721.9605865,394655.97279095836,4438783.134901512,0.0038514704202535343,0
actual,1745424722.0605469,394655.9725093472,4438783.1346739065,0.003857596525927945,0
actual,1745424722.1604815,394655.9723349364,4438783.134450068,0.003870634135440413,0
actual,1745424722.2605202,394655.97248895565,4438783.134255442,0.0038278910220590967,0
actual,1745424722.3606322,394655.9730271401,4438783.133892857,0.003905785066575625,0
actual,1745424722.4605267,394655.96932157135,4438783.134970794,0.0038800938199861496,0
actual,1745424722.560588,394655.9697840031,4438783.134832502,0.0038938121079069134,0
actual,1745424722.660517,394655.9703004872,4438783.134775989,0.0038939342809544927,0
actual,1745424722.7605438,394655.9709268427,4438783.134645036,0.003928823412701822,0
actual,1745424722.860543,394655.971613675,4438783.134461377,0.003942140274894648,0
actual,1745424722.9604845,394655.9693357446,4438783.136609847,0.0038599876270030927,0
actual,1745424723.0604825,394655.9692372542,4438783.136626104,0.003869307685208774,0
actual,1745424723.1605592,394655.9688005346,4438783.136680186,0.0038519940190290505,0
actual,1745424723.2605286,394655.9680798007,4438783.136644984,0.003867579809249446,0
actual,1745424723.3605697,394655.9671977445,4438783.136518597,0.0038657123069498144,0
actual,1745424723.4604971,394655.971748208,4438783.135322016,0.003815516637662448,0
actual,1745424723.5607615,394655.97135476663,4438783.13522743,0.0038007336988979275,0
actual,1745424723.660597,394655.97103653004,4438783.135004822,0.0038541233207165645,0
actual,1745424723.7604814,394655.9709950306,4438783.134884949,0.003841871109367495,0
actual,1745424723.860547,394655.9712806246,4438783.13468754,0.003911649372862153,0
actual,1745424723.960564,394655.9707624716,4438783.134667414,0.003886743524436325,0
actual,1745424724.0605526,394655.9712504473,4438783.134539525,0.0038880874279601917,0
actual,1745424724.1606193,394655.9717746298,4438783.134366518,0.003897006060437936,0
actual,1745424724.2605696,394655.9722578733,4438783.134185806,0.0038839509976329916,0
actual,1745424724.3605711,394655.97261619876,4438783.133931886,0.0039145815260055415,0
actual,1745424724.4604313,394655.9706250859,4438783.134197738,0.0038645080297657545,0
actual,1745424724.560455,394655.9702959655,4438783.134120629,0.003880355619374032,0
actual,1745424724.660591,394655.9698553407,4438783.134072728,0.0038658519332898694,0
actual,1745424724.7605004,394655.9694034587,4438783.133967847,0.0038951385581383045,0
actual,1745424724.8605647,394655.9690759436,4438783.133966388,0.003847333989926334,0
actual,1745424724.960578,394655.9717671443,4438783.134440559,0.003789144712664677,0
actual,1745424725.0605414,394655.97194036486,4438783.134501501,0.0037984647708703585,0
actual,1745424725.1605184,394655.9720796832,4438783.13457146,0.003794869392611151,0
actual,1745424725.2605183,394655.9722440809,4438783.134671867,0.0037745014002404597,0
actual,1745424725.3604803,394655.972422507,4438783.134680016,0.0038064583788444007,0
actual,1745424725.4604728,394655.97211161646,4438783.134670574,0.003835745003693084,0
actual,1745424725.5605338,394655.97216747556,4438783.134631152,0.0038441400373950634,0
actual,1745424725.6605673,394655.9722716446,4438783.134531189,0.003865450507561932,0
actual,1745424725.760518,394655.9724141742,4438783.134436656,0.0038492014922259653,0
actual,1745424725.860504,394655.9725466672,4438783.134342016,0.0038742295136993733,0
actual,1745424725.9605632,394655.9712535392,4438783.133786468,0.0038619773023505517,0
actual,1745424726.0605123,394655.9709995468,4438783.133682318,0.0038533204692604416,0
actual,1745424726.1607065,394655.9707603266,4438783.133585346,0.0038546643727845565,0
actual,1745424726.2605283,394655.97055176203,4438783.1334625855,0.0038619773023505517,0
actual,1745424726.3605711,394655.97034910356,4438783.133282723,0.0038697091109367115,0
actual,1745424726.4605134,394655.9701515401,4438783.133399563,0.003817768112397541,0
actual,1745424726.5609467,394655.97001058236,4438783.133292411,0.0038482764677222636,0
actual,1745424726.660539,394655.96989151463,4438783.133161054,0.0038618551293027243,0
actual,1745424726.760643,394655.9697451936,4438783.133090269,0.0038432150128916097,0
actual,1745424726.8605595,394655.9695332092,4438783.133012588,0.003851191167573176,0
actual,1745424726.960529,394655.97108496446,4438783.133179349,0.003823632418684069,0
actual,1745424727.0605385,394655.9710855484,4438783.133082788,0.003856531875084188,0
actual,1745424727.1606212,394655.97109810915,4438783.133045498,0.0038430753865513066,0
actual,1745424727.2605615,394655.97107541666,4438783.132953783,0.003862780153806426,0
actual,1745424727.3605523,394655.9710099103,4438783.13276525,0.003912574397365855,0
actual,1745424727.4605699,394655.97037160664,4438783.133539215,0.0038964650083699436,0
actual,1745424727.5605476,394655.9703617756,4438783.133513372,0.003929486637817642,0
actual,1745424727.6605072,394655.9703330736,4438783.13345375,0.003940813824663009,0
actual,1745424727.7604868,394655.97028310795,4438783.133368795,0.003951861758828267,0
actual,1745424727.860488,394655.9702724242,4438783.133308048,0.003940412398935072,0
actual,1745424727.9605913,394655.9706364539,4438783.132511982,0.0038543851201041984,0
actual,1745424728.0605848,394655.97068289074,4438783.132323336,0.003847333989926334,0
actual,1745424728.1605854,394655.97069440264,4438783.132123723,0.0038642462303781202,0
actual,1745424728.2604747,394655.9707346159,4438783.131928802,0.003843878238007181,0
actual,1745424728.3605082,394655.9708034325,4438783.1316862255,0.0038586611767717017,0
actual,1745424728.4605215,394655.9728690862,4438783.133156113,0.0038514704202535343,0
actual,1745424728.5605874,394655.9730312233,4438783.133144314,0.003841871109367495,0
actual,1745424728.6604743,394655.9732159077,4438783.13310971,0.0038366874814890137,0
actual,1745424728.760599,394655.9734169326,4438783.133045969,0.003865310881221877,0
actual,1745424728.860706,394655.97357351746,4438783.132971439,0.003904458616343986,0
actual,1745424728.9604805,394655.96949718293,4438783.133728992,0.0038518543926889955,0
actual,1745424729.0605044,394655.9692497295,4438783.133746958,0.0038759573896589494,0
actual,1745424729.1605158,394655.96902640583,4438783.1337871505,0.0038822231216736635,0
actual,1745424729.260473,394655.96876524173,4438783.133815779,0.003900863238084778,0
actual,1745424729.3605464,394655.96845090017,4438783.133809271,0.003930027689885634,0
actual,1745424729.4604683,394655.96970387764,4438783.133279214,0.0038469325641981487,0
actual,1745424729.5605361,394655.96965738887,4438783.133208565,0.003851330793913231,0
actual,1745424729.660577,394655.96960059425,4438783.133126855,0.0038482764677222636,0
actual,1745424729.7606387,394655.9695342554,4438783.133005747,0.0038938121079069134,0
actual,1745424729.8605132,394655.9694459841,4438783.132853338,0.003938283097247558,0
actual,1745424729.9605803,394655.9707932536,4438783.133527927,0.0038599876270030927,0
actual,1745424730.0605726,394655.9708625155,4438783.133510491,0.0038350817785772645,0
actual,1745424730.1604958,394655.9709090586,4438783.133450592,0.0038382757311082867,0
actual,1745424730.2605057,394655.97098809236,4438783.133392123,0.003823632418684069,0
actual,1745424730.3608875,394655.9710223109,4438783.133308205,0.003848660440157725,0
actual,1745424730.4605324,394655.97113966895,4438783.13308172,0.0038416093099796125,0
actual,1745424730.5606081,394655.97113246546,4438783.132969307,0.003847194363586031,0
actual,1745424730.6604173,394655.9710769229,4438783.1328230435,0.003866113732677752,0
actual,1745424730.7606442,394655.97104157665,4438783.13267221,0.003847473616266389,0
actual,1745424730.8605027,394655.97101215343,4438783.132486418,0.0038481368413822085,0
actual,1745424730.9605548,394655.9707623116,4438783.133765939,0.0038530586698728073,0
actual,1745424731.060475,394655.970718877,4438783.1337471055,0.0038711751875084056,0
actual,1745424731.1605253,394655.9706783111,4438783.13374276,0.0038659741063374487,0
actual,1745424731.2604883,394655.97065678524,4438783.133730412,0.0038561304493562507,0
actual,1745424731.360585,394655.9706778854,4438783.133717973,0.003823230992956132,0
actual,1745424731.4605048,394655.9708881242,4438783.133696555,0.00378609038647371,0
actual,1745424731.5604885,394655.9708772448,4438783.133699408,0.0037745014002404597,0
actual,1745424731.6604779,394655.9708104633,4438783.133673713,0.003782093582486565,0
actual,1745424731.760515,394655.9707287751,4438783.133597566,0.0038441400373950634,0
actual,1745424731.8605335,394655.9706071592,4438783.1335603595,0.0038590451492071633,0
actual,1745424731.9604087,394655.96958247526,4438783.133908951,0.003847194363586031,0
actual,1745424732.0604851,394655.969412143,4438783.133877808,0.00387529416454313,0
actual,1745424732.160684,394655.96924339863,4438783.133869838,0.0039028703667247124,0
actual,1745424732.260521,394655.96901183424,4438783.133898397,0.0039228369333674665,0
actual,1745424732.360605,394655.9687632093,4438783.133862576,0.0039184387036523835,0
actual,1745424732.460524,394655.9698258723,4438783.134523545,0.0038545247464445015,0
actual,1745424732.560482,394655.9698307994,4438783.134533481,0.0038683826607053204,0
actual,1745424732.6605842,394655.9698015575,4438783.134489492,0.003889152078803949,0
actual,1745424732.7606003,394655.96976439276,4438783.1344697215,0.003895941409594179,0
actual,1745424732.86057,394655.9697064729,4438783.134452321,0.0039230987327553484,0
actual,1745424732.9605331,394655.9702217502,4438783.134559974,0.003919241555108506,0
actual,1745424733.0605114,394655.9702087384,4438783.134502726,0.00392496623505498,0
actual,1745424733.1605906,394655.97016629175,4438783.1344611505,0.003942018101846821,0
actual,1745424733.2605217,394655.9701096766,4438783.134411798,0.0039273573361301274,0
actual,1745424733.3605392,394655.970016484,4438783.134351455,0.00395173958578044,0
actual,1745424733.460522,394655.97075132123,4438783.134236706,0.0038630419531940604,0
actual,1745424733.56062,394655.97075354616,4438783.134173154,0.0038530586698728073,0
actual,1745424733.6605954,394655.97071711917,4438783.134088116,0.0038671783835215086,0
actual,1745424733.760742,394655.970692408,4438783.133955337,0.0038806174187616662,0
actual,1745424733.860558,394655.97067176644,4438783.13384416,0.0038502661430694744,0
actual,1745424733.960486,394655.97117064963,4438783.134963936,0.003811642006722882,0
actual,1745424734.0605047,394655.9711993396,4438783.134984048,0.0038328128505496955,0
actual,1745424734.160681,394655.971163474,4438783.134989312,0.0038430753865513066,0
actual,1745424734.2604108,394655.9711474121,4438783.135054034,0.003844803262510883,0
actual,1745424734.3605886,394655.971209813,4438783.1350808,0.003844803262510883,0
actual,1745424734.460564,394655.9699372586,4438783.134070146,0.0038023219485172005,0
actual,1745424734.560516,394655.96990064875,4438783.133967032,0.0038212413176089213,0
actual,1745424734.6605937,394655.9697613489,4438783.133862256,0.003809390531987789,0
actual,1745424734.7604816,394655.9694699354,4438783.13377781,0.003815516637662448,0
actual,1745424734.8605247,394655.96912621474,4438783.133714245,0.0038096523313756714,0
actual,1745424734.9605782,394655.9694620097,4438783.134902358,0.003775967476812154,0
actual,1745424735.060637,394655.9693319168,4438783.134884137,0.0038148534125466284,0
actual,1745424735.1608298,394655.96922467946,4438783.134829462,0.0038145741598662702,0
actual,1745424735.260604,394655.96921423194,4438783.134761743,0.00378195395614651,0
actual,1745424735.360732,394655.9693425959,4438783.1346985325,0.003810455182831546,0
actual,1745424735.460596,394655.97159398027,4438783.134232365,0.003851191167573176,0
actual,1745424735.5605514,394655.9719465606,4438783.134164328,0.0038160402364379644,0
actual,1745424735.6606271,394655.972236037,4438783.134069757,0.0038432150128916097,0
actual,1745424735.760582,394655.97250722523,4438783.134012708,0.0038302995764267207,0
actual,1745424735.8606014,394655.97277978365,4438783.133874003,0.0038750323651552477,0
actual,1745424735.9606764,394655.9702863526,4438783.1333702905,0.003844803262510883,0
actual,1745424736.060896,394655.9702723499,4438783.133267557,0.0038465311384702112,0
actual,1745424736.1607153,394655.9702332966,4438783.133129578,0.0038786277434144554,0
actual,1745424736.2605507,394655.97016048984,4438783.132998194,0.003877161666842761,0
actual,1745424736.3604999,394655.9700934042,4438783.1328675235,0.003862919780146481,0
actual,1745424736.4605827,394655.970565691,4438783.13285667,0.003814050561090754,0
actual,1745424736.5605087,394655.9706141231,4438783.132786497,0.003801536550353802,0
actual,1745424736.6605246,394655.9706233662,4438783.132730975,0.003753330556413894,0
actual,1745424736.7607474,394655.97065763164,4438783.132684556,0.0037703649699132595,0
actual,1745424736.8606455,394655.97066512314,4438783.132569089,0.003791134388011888,0
actual,1745424736.9606977,394655.97051309724,4438783.13329229,0.003807662656028461,0
actual,1745424737.0606375,394655.97060731234,4438783.133240324,0.003824435270139944,0
actual,1745424737.1606228,394655.9707900961,4438783.1331734555,0.003819775241037227,0
actual,1745424737.2608285,394655.9708707693,4438783.133048564,0.003816703461553784,0
actual,1745424737.3607826,394655.9708471551,4438783.132911279,0.00387943059487033,0
actual,1745424737.4605293,394655.9707823678,4438783.133905338,0.0038426739608233692,0
actual,1745424737.560711,394655.9706793401,4438783.133911619,0.003838013931720653,0
actual,1745424737.6605277,394655.97058404214,4438783.134015095,0.00381258448451906,0
actual,1745424737.760789,394655.97047081246,4438783.134073614,0.0038618551293027243,0
actual,1745424737.8606086,394655.9703244587,4438783.134151096,0.0038340171277335077,0
actual,1745424737.9609282,394655.96985659737,4438783.132075167,0.003863844804650183,0
actual,1745424738.0605826,394655.96976125694,4438783.1319726575,0.003829618898018425,0
actual,1745424738.1605248,394655.96961269225,4438783.13179901,0.0038598480006630377,0
actual,1745424738.260483,394655.9694529227,4438783.131677649,0.0038582597510437647,0
actual,1745424738.3605368,394655.9693050604,4438783.131520988,0.0038735662885838015,0
actual,1745424738.4605153,394655.97051238787,4438783.132094077,0.003809111279307431,0
actual,1745424738.5606158,394655.97053120745,4438783.132135404,0.0037779571521593647,0
actual,1745424738.6605675,394655.97054429754,4438783.132175803,0.003749333752426749,0
actual,1745424738.7605479,394655.9705123194,4438783.132120697,0.003794345793835634,0
actual,1745424738.8605797,394655.97045279905,4438783.132093269,0.003807662656028461,0
actual,1745424738.9605541,394655.97004688694,4438783.133921293,0.0038441400373950634,0
actual,1745424739.0605333,394655.96998443065,4438783.134015468,0.0038377521323327704,0
actual,1745424739.1604674,394655.96985863487,4438783.134094806,0.0038494632916135996,0
actual,1745424739.2605608,394655.9697198129,4438783.134173175,0.0038533204692604416,0
actual,1745424739.36067,394655.96961673175,4438783.13424096,0.003839619634632402,0
actual,1745424739.460564,394655.9696068334,4438783.133787547,0.0037969986942986643,0
actual,1745424739.5606337,394655.969503869,4438783.133787761,0.0038064583788444007,0
actual,1745424739.6606236,394655.9693831762,4438783.133777415,0.0037840832578340234,0
actual,1745424739.760565,394655.9692810545,4438783.133754122,0.003781151104690635,0
actual,1745424739.860577,394655.96916355647,4438783.133741679,0.0037740999745125227,0
actual,1745424739.960587,394655.96985581703,4438783.133200193,0.003828292447787034,0
actual,1745424740.0605664,394655.96974859183,4438783.133142251,0.0038147137862063253,0
actual,1745424740.1606505,394655.9696209794,4438783.13316203,0.003791274014352191,0
actual,1745424740.2605164,394655.96950524417,4438783.1331218025,0.003792338665195948,0
actual,1745424740.3605645,394655.9693782256,4438783.133063313,0.003791134388011888,0
actual,1745424740.460506,394655.9705035634,4438783.134566942,0.0038020601491295667,0
actual,1745424740.5605173,394655.9705744124,4438783.134632752,0.0038000704737821077,0
actual,1745424740.6604803,394655.9706410429,4438783.134688183,0.003792478291536003,0
actual,1745424740.7605379,394655.97069890774,4438783.13475378,0.003759718461476187,0
actual,1745424740.8605633,394655.9707433654,4438783.134778324,0.003796475095523148,0
actual,1745424740.9608307,394655.97011825617,4438783.135398984,0.00381937381530929,0
actual,1745424741.0606277,394655.96996589587,4438783.13530779,0.0038527968704849254,0
actual,1745424741.1606183,394655.9699267259,4438783.135303903,0.003862640527466123,0
actual,1745424741.260565,394655.96993202413,4438783.1352997115,0.003877824891958581,0
actual,1745424741.3607464,394655.9700178093,4438783.13525373,0.0038721002120121074,0
actual,1745424741.4605947,394655.97072626173,4438783.134371023,0.0038289556729026054,0
actual,1745424741.560746,394655.9706100312,4438783.13435292,0.0038330921032300536,0
actual,1745424741.6606126,394655.97029007203,4438783.134228849,0.003840806458523738,0
actual,1745424741.7607627,394655.969968207,4438783.134190433,0.003816703461553784,0
actual,1745424741.8605826,394655.9697258191,4438783.134158563,0.003839619634632402,0
actual,1745424741.960597,394655.971030268,4438783.133756338,0.0038655726806095113,0
actual,1745424742.0605319,394655.9710369433,4438783.133663875,0.0038860802993205055,0
actual,1745424742.160551,394655.9710092484,4438783.133666591,0.003869831283984539,0
actual,1745424742.2605295,394655.97100688884,4438783.133620274,0.0038939342809544927,0
actual,1745424742.3607,394655.9710799567,4438783.133538314,0.0038989957357851465,0
actual,1745424742.460561,394655.9693320533,4438783.134750846,0.0038646476561060576,0
actual,1745424742.5606244,394655.9692930357,4438783.134900033,0.003823230992956132,0
actual,1745424742.660513,394655.9692259283,4438783.134899991,0.0038376125059927154,0
actual,1745424742.7604837,394655.96895609924,4438783.134947589,0.003823632418684069,0
actual,1745424742.8605433,394655.9684143375,4438783.135035111,0.003843598985327071,0
actual,1745424742.9604795,394655.9709150361,4438783.1338321315,0.003923901584211223,0
actual,1745424743.0605206,394655.97092956206,4438783.1336302245,0.0039144418996654865,0
actual,1745424743.160695,394655.971006935,4438783.133565893,0.003912853650045965,0
actual,1745424743.2607567,394655.97114862944,4438783.133357842,0.003920707631679952,0
actual,1745424743.360652,394655.9713314774,4438783.132981639,0.003953868887467953,0
actual,1745424743.4604704,394655.9711834291,4438783.134047831,0.0038248366958681295,0
actual,1745424743.560555,394655.97103495424,4438783.134115984,0.00384586791335464,0
actual,1745424743.660647,394655.97086016764,4438783.134131348,0.0038468103911505694,0
actual,1745424743.7604752,394655.97065902513,4438783.134189592,0.0038976692855537554,0
actual,1745424743.8605266,394655.9704556329,4438783.134242377,0.0039031321661125947,0
actual,1745424743.9607031,394655.96894391364,4438783.13479482,0.0038163020358258468,0
actual,1745424744.060557,394655.96861857595,4438783.134815633,0.003764238864238849,0
actual,1745424744.1607,394655.9683402674,4438783.13473238,0.00378249500821475,0
actual,1745424744.260881,394655.96805886994,4438783.134583398,0.003791535813740073,0
actual,1745424744.3608234,394655.96775310795,4438783.134522024,0.003779423228731059,0
actual,1745424744.4606721,394655.967913594,4438783.1343928715,0.003786352185861592,0
actual,1745424744.5609114,394655.9678399475,4438783.1343353465,0.0037688988933415653,0
actual,1745424744.660549,394655.96770291904,4438783.134388128,0.0037687767202939865,0
actual,1745424744.7607553,394655.9675515669,4438783.134437427,0.0037724942716007735,0
actual,1745424744.8607006,394655.9673991557,4438783.134439625,0.0037762292762000362,0
actual,1745424744.960597,394655.9694856056,4438783.135352759,0.0038023219485172005,0
actual,1745424745.0605013,394655.969586674,4438783.135482241,0.003787277210365046,0
actual,1745424745.1610525,394655.9696411374,4438783.135532006,0.003823230992956132,0
actual,1745424745.2608159,394655.969707279,4438783.135603858,0.0038506675687974114,0
actual,1745424745.3605673,394655.9697636665,4438783.135725909,0.0038392182089044646,0
actual,1745424745.4605677,394655.96979814384,4438783.134459276,0.003820298839812744,0
actual,1745424745.560646,394655.969740862,4438783.134393176,0.00384201073570755,0
actual,1745424745.6605208,394655.9697396169,4438783.134253188,0.0038426739608233692,0
actual,1745424745.7606397,394655.9696716336,4438783.134107646,0.0038173666866693555,0
actual,1745424745.8605554,394655.96952524217,4438783.133986899,0.0038304217494742995,0
actual,1745424745.96076,394655.96963265236,4438783.134674991,0.003843598985327071,0
actual,1745424746.060733,394655.9695944464,4438783.134553883,0.0038711751875084056,0
actual,1745424746.1605031,394655.9695198202,4438783.13448392,0.003873304489195919,0
actual,1745424746.2606146,394655.96944887383,4438783.134356063,0.003885556700544989,0
actual,1745424746.3610733,394655.9694392358,4438783.1342194965,0.0039097818705625224,0
actual,1745424746.4607518,394655.9704655709,4438783.13445613,0.003862919780146481,0
actual,1745424746.5607834,394655.9705115813,4438783.134440414,0.003867701982297025,0
actual,1745424746.6607144,394655.9705057051,4438783.13442362,0.0038832877725174203,0
actual,1745424746.7606113,394655.9705235401,4438783.134424607,0.003911788999202456,0
actual,1745424746.8605387,394655.97053428827,4438783.134369359,0.003949208858365237,0
actual,1745424746.9605424,394655.96953263856,4438783.134199083,0.003879290968530275,0
actual,1745424747.0606089,394655.9693563325,4438783.134157784,0.003895539983866242,0
actual,1745424747.1606386,394655.9692158349,4438783.1340145795,0.0039015264632005974,0
actual,1745424747.2605767,394655.96905106853,4438783.133853355,0.003898733936397512,0
actual,1745424747.3605816,394655.96882864623,4438783.133748308,0.003867981234977383,0
actual,1745424747.4604864,394655.97016936477,4438783.134721696,0.003786212559521289,0
actual,1745424747.560731,394655.9701044757,4438783.134686596,0.0037908725886242538,0
actual,1745424747.6607304,394655.9700168907,4438783.134654479,0.003809390531987789,0
actual,1745424747.760779,394655.96993460617,4438783.134605602,0.0038043290771571352,0
actual,1745424747.8605733,394655.96981866,4438783.134520205,0.003839619634632402,0
actual,1745424747.9606423,394655.969207764,4438783.134930507,0.0038325510511618135,0
actual,1745424748.0607738,394655.9690691414,4438783.134923124,0.003828152821446731,0
actual,1745424748.1607435,394655.9689340185,4438783.134905529,0.0038324288781142342,0
actual,1745424748.2605667,394655.96873891994,4438783.134837264,0.0038723620113997417,0
actual,1745424748.3607082,394655.96854623867,4438783.134751078,0.003863844804650183,0
actual,1745424748.4604993,394655.9689362219,4438783.134360635,0.0038263027724395756,0
actual,1745424748.5606978,394655.96887799905,4438783.134234519,0.00384586791335464,0
actual,1745424748.660619,394655.96878781647,4438783.134053143,0.003875573417223488,0
actual,1745424748.7607973,394655.9687378678,4438783.133918893,0.0038618551293027243,0
actual,1745424748.8606572,394655.968698645,4438783.133729511,0.0038561304493562507,0
actual,1745424748.9607854,394655.96875742776,4438783.134760895,0.0038426739608233692,0
actual,1745424749.060607,394655.9687198107,4438783.134693264,0.003870634135440413,0
actual,1745424749.1606092,394655.968630165,4438783.134585666,0.0038935328552265553,0
actual,1745424749.26054,394655.96848831803,4438783.134476585,0.003857718698975524,0
actual,1745424749.360694,394655.9683330174,4438783.134312565,0.003857596525927945,0
actual,1745424749.4607296,394655.9693765989,4438783.134117106,0.003819635614697172,0
actual,1745424749.5606997,394655.9693990598,4438783.1339679845,0.0038160402364379644,0
actual,1745424749.6606867,394655.9694279957,4438783.133747347,0.0038089891062598517,0
actual,1745424749.7605834,394655.96943443356,4438783.133493662,0.003779964280799299,0
actual,1745424749.8606417,394655.96943358995,4438783.13322626,0.003791675440080128,0
actual,1745424749.9606638,394655.9703490728,4438783.133540986,0.003867981234977383,0
actual,1745424750.0606275,394655.9704931212,4438783.133443815,0.003843738611667126,0
actual,1745424750.1605988,394655.97061292175,4438783.133381508,0.0038253602946436457,0
actual,1745424750.26053,394655.9706085217,4438783.13323469,0.0037979411720948423,0
actual,1745424750.3606567,394655.9704847434,4438783.133014273,0.003809250905647734,0
actual,1745424750.4607642,394655.96957497107,4438783.134838967,0.003814312360478388,0
actual,1745424750.5606525,394655.9696326999,4438783.134918115,0.0038037880250888947,0
actual,1745424750.6606982,394655.9697439367,4438783.134953898,0.003825901346711638,0
actual,1745424750.7606366,394655.969811083,4438783.13505224,0.003818448790805836,0
actual,1745424750.8606267,394655.96982458944,4438783.135113785,0.003824435270139944,0
actual,1745424750.9606004,394655.97053646715,4438783.1352108,0.0038292174722904877,0
actual,1745424751.0605268,394655.9706028097,4438783.135219189,0.0038366874814890137,0
actual,1745424751.1606607,394655.9705924463,4438783.135195943,0.0038224281415002574,0
actual,1745424751.2606761,394655.970534225,4438783.135210101,0.003830823175202237,0
actual,1745424751.3606775,394655.9704681325,4438783.135206982,0.003832149625433876,0
actual,1745424751.460667,394655.96939963754,4438783.134642018,0.003825639547324004,0
actual,1745424751.5606322,394655.96934459585,4438783.134613633,0.0038163020358258468,0
actual,1745424751.6606436,394655.96935719217,4438783.134606231,0.0038011351246258645,0
actual,1745424751.7606637,394655.969387,4438783.134487244,0.0038008558719455064,0
actual,1745424751.8604622,394655.96944226034,4438783.134361616,0.0038318878260459937,0
actual,1745424751.960807,394655.9700599313,4438783.13478581,0.003815377011322145,0
actual,1745424752.060898,394655.96994121873,4438783.134759964,0.0038382757311082867,0
actual,1745424752.1607726,394655.9697050133,4438783.134807311,0.0038215031169968037,0
actual,1745424752.260617,394655.96939153806,4438783.1348425485,0.003836809654536593,0
actual,1745424752.360641,394655.96894652286,4438783.134903454,0.003799005822938599,0
actual,1745424752.460621,394655.96951610124,4438783.1347701335,0.003793944368107697,0
actual,1745424752.5606253,394655.9693288824,4438783.134596543,0.003870634135440413,0
actual,1745424752.6605132,394655.96941190126,4438783.134416648,0.003894876758750422,0
actual,1745424752.7611954,394655.9696352182,4438783.13432319,0.003907530395827429,0
actual,1745424752.8605857,394655.9698949736,4438783.1341202445,0.00391006112324288,0
actual,1745424752.960673,394655.9678610779,4438783.133944993,0.00383096280154254,0
actual,1745424753.060623,394655.96757176676,4438783.133807226,0.003826965997555395,0
actual,1745424753.1606154,394655.967195165,4438783.133532116,0.0038630419531940604,0
actual,1745424753.2605484,394655.96684638475,4438783.133227653,0.0038946149593627882,0
actual,1745424753.3606222,394655.9664836285,4438783.13304982,0.0039023293146564723,0
actual,1745424753.4605823,394655.9684164599,4438783.134121625,0.0037815525304185724,0
actual,1745424753.5606546,394655.9683883221,4438783.134003369,0.003839480008292347,0
actual,1745424753.6606858,394655.9684358488,4438783.13397812,0.0038854170742046857,0
actual,1745424753.760739,394655.9684341173,4438783.1338853445,0.003964515395905026,0
actual,1745424753.8606646,394655.9683470027,4438783.133799872,0.003934827345328654,0
actual,1745424753.9606109,394655.9679852454,4438783.133819732,0.003821904542724741,0
actual,1745424754.060501,394655.967937927,4438783.133712951,0.003846007539694695,0
actual,1745424754.1606119,394655.9680072544,4438783.133584678,0.0038501265167294194,0
actual,1745424754.2607872,394655.96820464905,4438783.133363632,0.003871838412624225,0
actual,1745424754.360658,394655.9684863173,4438783.133231564,0.003851592593301113,0
actual,1745424754.4606543,394655.9677505515,4438783.131961101,0.0038559908230161957,0
actual,1745424754.5607393,394655.96768711496,4438783.131890946,0.0038365478551489586,0
actual,1745424754.6606762,394655.9674566239,4438783.131777439,0.003876760241114824,0
actual,1745424754.7606683,394655.96707491536,4438783.131676081,0.0038681034080249622,0
actual,1745424754.8606288,394655.96655652387,4438783.131549931,0.0038823627480137186,0
actual,1745424754.960592,394655.96845696494,4438783.13296241,0.0038462693390825774,0
actual,1745424755.0605962,394655.96830389893,4438783.132935353,0.0038416093099796125,0
actual,1745424755.1605997,394655.9682725861,4438783.132822644,0.003860912651506795,0
actual,1745424755.2606344,394655.96832951385,4438783.1327961935,0.003851330793913231,0
actual,1745424755.3606832,394655.9684041162,4438783.132732556,0.0038735662885838015,0
actual,1745424755.4606223,394655.96806284855,4438783.1332068285,0.0038493411185660203,0
actual,1745424755.5606785,394655.9679185039,4438783.133128003,0.003847333989926334,0
actual,1745424755.6606097,394655.9677382144,4438783.133077002,0.003816703461553784,0
actual,1745424755.7606568,394655.9675747551,4438783.1329823,0.0038032644263133785,0
actual,1745424755.860521,394655.96739065606,4438783.1328782905,0.003821904542724741,0
actual,1745424755.9607038,394655.96689535194,4438783.133810643,0.0038261631460995205,0
actual,1745424756.0606394,394655.9667399676,4438783.133779427,0.003837350706604833,0
actual,1745424756.1606193,394655.9665646624,4438783.1337464545,0.003861453703574787,0
actual,1745424756.2606215,394655.96642560296,4438783.13371122,0.003881821695945726,0
actual,1745424756.3607519,394655.96625371405,4438783.133605036,0.003934024493872779,0
actual,1745424756.4605896,394655.9667579792,4438783.133293961,0.0038746309394273102,0
actual,1745424756.5606441,394655.9666251419,4438783.133247875,0.003897006060437936,0
actual,1745424756.6606083,394655.96649426606,4438783.133169482,0.003941878475506766,0
actual,1745424756.760581,394655.96630629484,4438783.133071351,0.00398142763635706,0
actual,1745424756.8606427,394655.96609657886,4438783.132963075,0.0040043263561432025,0
actual,1745424756.9606285,394655.9680732407,4438783.1336421445,0.0038265645718274575,0
actual,1745424757.0606196,394655.96808282996,4438783.133671901,0.003805254101660589,0
actual,1745424757.160721,394655.96806313004,4438783.133655283,0.003818309164465533,0
actual,1745424757.2606144,394655.9680083311,4438783.133608065,0.003871297360555985,0
actual,1745424757.3605793,394655.96801542817,4438783.133592496,0.0038579804983634065,0
actual,1745424757.4605882,394655.967678205,4438783.133017652,0.0037934033160397047,0
actual,1745424757.560698,394655.96764374373,4438783.132961125,0.0037830186069902666,0
actual,1745424757.6606574,394655.9675918822,4438783.132879161,0.003784746482949595,0
actual,1745424757.7605464,394655.967507545,4438783.132751716,0.0038084480541918596,0
actual,1745424757.8605986,394655.96737913246,4438783.13260803,0.0038289556729026054,0
actual,1745424757.9606225,394655.967673633,4438783.132485474,0.003822044169064796,0
actual,1745424758.0606353,394655.9675916501,4438783.132392722,0.003841871109367495,0
actual,1745424758.1606247,394655.9674569206,4438783.132322324,0.0038488000664977802,0
actual,1745424758.2605665,394655.96728444373,4438783.132220825,0.003862640527466123,0
actual,1745424758.3606963,394655.9671131281,4438783.132064475,0.0038775630925706986,0
actual,1745424758.4607165,394655.9677372483,4438783.13335031,0.0038324288781142342,0
actual,1745424758.5606818,394655.9677099878,4438783.13337438,0.0038215031169968037,0
actual,1745424758.660731,394655.96766717284,4438783.133354391,0.0038541233207165645,0
actual,1745424758.7606695,394655.96761618176,4438783.1333200885,0.003883148146177117,0
actual,1745424758.860613,394655.9675690009,4438783.133314009,0.0038695694845966564,0
actual,1745424758.9606667,394655.96911107475,4438783.133299784,0.0038353435779648988,0
actual,1745424759.060608,394655.96917240904,4438783.13322447,0.0038504057694097775,0
actual,1745424759.1607277,394655.9692358554,4438783.13315541,0.003877824891958581,0
actual,1745424759.260599,394655.96932608174,4438783.133116866,0.0038534600956007447,0
actual,1745424759.3605926,394655.96935897943,4438783.133016341,0.003897128233485515,0
actual,1745424759.460665,394655.9684936556,4438783.1325509455,0.003865310881221877,0
actual,1745424759.5609906,394655.96841189114,4438783.1325114705,0.003861453703574787,0
actual,1745424759.6606154,394655.9683297819,4438783.132444607,0.0038854170742046857,0
actual,1745424759.760604,394655.96823530685,4438783.1323566055,0.0039028703667247124,0
actual,1745424759.8605726,394655.9680886055,4438783.1322904555,0.003934024493872779,0
actual,1745424759.9606473,394655.9678147051,4438783.133153344,0.0038489396928380834,0
actual,1745424760.0605412,394655.96770035336,4438783.133201451,0.0038175063130096586,0
actual,1745424760.1606717,394655.96753169014,4438783.133231886,0.0038272277969432773,0
actual,1745424760.2605717,394655.96731367207,4438783.133255216,0.0038492014922259653,0
actual,1745424760.3607967,394655.96712215466,4438783.133292936,0.003862640527466123,0
actual,1745424760.4606802,394655.9683306053,4438783.132305785,0.003833214276277633,0
actual,1745424760.5605845,394655.9682988155,4438783.132209027,0.0038622565550306617,0
actual,1745424760.660567,394655.9682530097,4438783.132095881,0.0038866213513884976,0
actual,1745424760.7606804,394655.9682231331,4438783.132000195,0.003941337423438526,0
actual,1745424760.860616,394655.96818571625,4438783.131960952,0.003955195337699593,0
actual,1745424760.9606836,394655.9690954047,4438783.132522274,0.0038298981506987833,0
actual,1745424761.0605989,394655.9690698243,4438783.13249886,0.003826965997555395,0
actual,1745424761.1606066,394655.9690868238,4438783.132479525,0.003843476812279244,0
actual,1745424761.260618,394655.9690489276,4438783.1324489545,0.0038187105901934704,0
actual,1745424761.3606057,394655.96894267824,4438783.13237115,0.0038376125059927154,0
actual,1745424761.4606059,394655.970078934,4438783.133098585,0.003871436986896288,0
actual,1745424761.5606468,394655.97005642037,4438783.133103216,0.003904598242684041,0
actual,1745424761.660622,394655.9700193191,4438783.133133143,0.0038836891982453577,0
actual,1745424761.7606351,394655.9699843639,4438783.133161541,0.0038900771033076507,0
actual,1745424761.8605733,394655.9699188657,4438783.133188791,0.003906465744983672,0
actual,1745424761.9607182,394655.96831265546,4438783.132992146,0.0038362860557610763,0
actual,1745424762.0606205,394655.9681342912,4438783.132945505,0.0038449428888509382,0
actual,1745424762.1605713,394655.96794292604,4438783.1328946315,0.0038426739608233692,0
actual,1745424762.2605782,394655.9676748816,4438783.132787727,0.0038782263176865184,0
actual,1745424762.3605883,394655.9673957238,4438783.132708292,0.003916047602577236,0
actual,1745424762.4606113,394655.96874021314,4438783.132824532,0.0038646476561060576,0
actual,1745424762.560692,394655.96869531483,4438783.132813945,0.0038708959348280475,0
actual,1745424762.660556,394655.9686834866,4438783.132829939,0.003873967714311739,0
actual,1745424762.7606714,394655.9686345034,4438783.132825781,0.003906064319255735,0
actual,1745424762.860605,394655.9685651648,4438783.132808097,0.003945473853765974,0
actual,1745424762.9606764,394655.96888656693,4438783.133796997,0.003911125774086637,0
actual,1745424763.060551,394655.96892291505,4438783.133871439,0.003908717219718765,0
actual,1745424763.1606398,394655.96890398534,4438783.133954064,0.003925769086510855,0
actual,1745424763.2606223,394655.9689097791,4438783.134065806,0.0039097818705625224,0
actual,1745424763.360561,394655.96888093196,4438783.13412316,0.003926432311626674,0
actual,1745424763.4606948,394655.96845635667,4438783.133344087,0.003847473616266389,0
actual,1745424763.5605893,394655.9682828938,4438783.133270469,0.0038927474570631566,0
actual,1745424763.6606379,394655.96811723855,4438783.133184242,0.003936014169219989,0
actual,1745424763.760515,394655.96793036885,4438783.133141822,0.003941215250390946,0
actual,1745424763.8605425,394655.9677156446,4438783.133136695,0.0039145815260055415,0
actual,1745424763.960767,394655.9682517943,4438783.1338782525,0.003815638810710027,0
actual,1745424764.060645,394655.9682151668,4438783.133870997,0.0038302995764267207,0
actual,1745424764.1606643,394655.9682266662,4438783.133851401,0.003840806458523738,0
actual,1745424764.2606215,394655.96837222925,4438783.133818197,0.00385000434368184,0
actual,1745424764.3607981,394655.9686494748,4438783.133822064,0.0038149755855942076,0
actual,1745424764.4606621,394655.9674190265,4438783.133404464,0.0038020601491295667,0
actual,1745424764.5606184,394655.9671464025,4438783.133476147,0.003779824654458996,0
actual,1745424764.6605856,394655.9664652849,4438783.1334395595,0.003840806458523738,0
actual,1745424764.7606661,394655.96551659494,4438783.133452784,0.003865171254881574,0
actual,1745424764.860669,394655.9644541608,4438783.133478601,0.0038456061139667576,0
actual,1745424764.960645,394655.9687118095,4438783.133682272,0.003843738611667126,0
actual,1745424765.0606825,394655.968887969,4438783.133614411,0.003881682069605423,0
actual,1745424765.1606252,394655.9693275996,4438783.1335274335,0.0038760970159990044,0
actual,1745424765.260664,394655.96992058074,4438783.133405622,0.0038811584708299063,0
actual,1745424765.3606014,394655.97055349615,4438783.1333175665,0.003877824891958581,0
actual,1745424765.4606705,394655.9676194234,4438783.133762751,0.0038531982962128624,0
actual,1745424765.5606117,394655.9676413663,4438783.133710248,0.0038593244018875214,0
actual,1745424765.6607893,394655.9675632258,4438783.133620327,0.003901404290153018,0
actual,1745424765.7607234,394655.96735530347,4438783.13357635,0.003919765153884023,0
actual,1745424765.8607283,394655.9671206273,4438783.133514445,0.003933082016076601,0
actual,1745424765.960605,394655.9687670436,4438783.13269846,0.0038534600956007447,0
actual,1745424766.0605962,394655.9687538381,4438783.132549812,0.0038378743053803497,0
actual,1745424766.1606824,394655.96886226954,4438783.132397875,0.003862640527466123,0
actual,1745424766.260539,394655.9691087074,4438783.132222636,0.003867440182909143,0
actual,1745424766.3606699,394655.9694142205,4438783.132009288,0.003919765153884023,0
actual,1745424766.4606848,394655.96938401996,4438783.132690921,0.0038682430343650173,0
actual,1745424766.560611,394655.96942452516,4438783.132666069,0.0038946149593627882,0
actual,1745424766.6605918,394655.96938148804,4438783.13258457,0.0038900771033076507,0
actual,1745424766.76066,394655.96921861276,4438783.132527999,0.0038799541936460945,0
actual,1745424766.8605993,394655.96889767505,4438783.132472472,0.0038872845765043173,0
actual,1745424766.9605494,394655.9722227182,4438783.133297761,0.0038292174722904877,0
actual,1745424767.0605779,394655.9721650202,4438783.13334396,0.003829618898018425,0
actual,1745424767.1606479,394655.972077215,4438783.133373214,0.00383841535744859,0
actual,1745424767.2606382,394655.97160289064,4438783.133255452,0.0038135095090225135,0
actual,1745424767.3606396,394655.97083064495,4438783.133183674,0.004003261705299446,0
actual,1745424767.4605727,394655.96919777896,4438783.133474163,0.0038673180098615636,0
actual,1745424767.5608964,394655.9692083524,4438783.133234015,0.0039048600420719232,0
actual,1745424767.6606221,394655.9692236307,4438783.1331781605,0.003931231967069694,0
actual,1745424767.7606018,394655.96923903376,4438783.133238884,0.003916449028305173,0
actual,1745424767.8606157,394655.96925180627,4438783.132938877,0.004013786040688938,0
actual,1745424767.9605193,394655.9726338185,4438783.132250997,0.0039236397848233405,0
actual,1745424768.0605645,394655.97286837996,4438783.132082742,0.004011778912049004,0
actual,1745424768.1606495,394655.9730681174,4438783.13184099,0.003977971884437908,0
actual,1745424768.26056,394655.9732314163,4438783.131683654,0.003982492287200569,0
actual,1745424768.3605247,394655.9733497737,4438783.1315209055,0.003975702956410338,0
actual,1745424768.460572,394655.96996236965,4438783.133006953,0.003994203446481646,0
actual,1745424768.5604248,394655.96953289595,4438783.133077098,0.0039952680973251555,0
actual,1745424768.660483,394655.9691007846,4438783.13314845,0.004019109294907475,0
actual,1745424768.7605193,394655.96868190326,4438783.133208034,0.004002999905911563,0
actual,1745424768.860533,394655.9682476114,4438783.133305295,0.004018847495519592,0
actual,1745424768.9605894,394655.96919137816,4438783.1332244035,0.004022704673166682,0
actual,1745424769.060585,394655.9690478267,4438783.133098903,0.004050926647171361,0
actual,1745424769.160634,394655.9687175196,4438783.132964955,0.004095537262852309,0
actual,1745424769.2605314,394655.9682108442,4438783.132898991,0.00413615107454636,0
actual,1745424769.3604567,394655.9674004238,4438783.132946656,0.00413229389689927,0
actual,1745424769.460617,394655.970727424,4438783.13315294,0.004085553979530808,0
actual,1745424769.5606055,394655.9706387153,4438783.13315253,0.004059723106601526,0
actual,1745424769.660523,394655.9707475258,4438783.132973148,0.004103932296554536,0
actual,1745424769.7605093,394655.9709772808,4438783.133062248,0.00405307340215135,0
actual,1745424769.8604681,394655.9712835344,4438783.133185553,0.0040264396777659455,0
actual,1745424769.9604294,394655.96773911256,4438783.131596133,0.004032164357712419,0
actual,1745424770.0604856,394655.9676208577,4438783.131237587,0.0040734413945220415,0
actual,1745424770.1605206,394655.96743455855,4438783.130926097,0.004120303484938082,0
actual,1745424770.260471,394655.9671098712,4438783.130667743,0.004060246705377042,0
actual,1745424770.3606431,394655.9664876846,4438783.130358263,0.004084227529299417,0
actual,1745424770.4605343,394655.9706808962,4438783.1339571,0.004026160425085587,0
actual,1745424770.5606208,394655.970818694,4438783.1341942465,0.004049600196939722,0
actual,1745424770.6605592,394655.9711797063,4438783.1343915425,0.004080632151040209,0
actual,1745424770.760484,394655.9716388095,4438783.134721606,0.00410552054617381,0
actual,1745424770.8605044,394655.9719165649,4438783.134914347,0.004155594042413349,0
actual,1745424770.960571,394655.96993261186,4438783.133261263,0.00414227718022077,0
actual,1745424771.0606089,394655.9696030644,4438783.1333935885,0.004126708843292851,0
actual,1745424771.160663,394655.96936413296,4438783.1334667755,0.0040650463608200614,0
actual,1745424771.2605977,394655.969372775,4438783.133474416,0.004078625022400522,0
actual,1745424771.360588,394655.96954647306,4438783.133519606,0.004066913863119693,0
actual,1745424771.4604826,394655.9707980536,4438783.133465145,0.004080230725312272,0
actual,1745424771.5606182,394655.97078388545,4438783.133468568,0.004098347242948118,0
actual,1745424771.6604207,394655.9705872014,4438783.1336389445,0.004049600196939722,0
actual,1745424771.7604778,394655.9703764959,4438783.133774651,0.004046004818680762,0
actual,1745424771.8605154,394655.9703616485,4438783.133907821,0.004001272029952234,0
actual,1745424771.9606152,394655.9696251385,4438783.133370601,0.004105258746785927,0
actual,1745424772.0605333,394655.9697720384,4438783.133272389,0.004084349702346996,0
actual,1745424772.1605222,394655.96970705997,4438783.1331493445,0.004144284308860457,0
actual,1745424772.2605531,394655.9693633361,4438783.133196728,0.004081435002496332,0
actual,1745424772.3604853,394655.96893188445,4438783.133160182,0.004095676889192612,0
actual,1745424772.4605236,394655.9699051655,4438783.133720447,0.00407211494429065,0
actual,1745424772.560496,394655.9698879054,4438783.13385641,0.004040419765074343,0
actual,1745424772.660479,394655.97004909534,4438783.133954305,0.00403469508512787,0
actual,1745424772.7604754,394655.9703178427,4438783.134009057,0.003997938451080909,0
actual,1745424772.860589,394655.970439191,4438783.133960321,0.004079427873856397,0
actual,1745424772.9605236,394655.9696496697,4438783.133720528,0.003875573417223488,0
actual,1745424773.0604737,394655.96923114813,4438783.133757135,0.003858783349819281,0
actual,1745424773.160484,394655.9687678965,4438783.133756384,0.003879290968530275,0
actual,1745424773.2605288,394655.96834148123,4438783.133793932,0.003907128970099492,0
actual,1745424773.3605428,394655.96796912595,4438783.1338048875,0.003930429115613571,0
actual,1745424773.4604669,394655.9705110439,4438783.133683556,0.0038786277434144554,0
actual,1745424773.5606325,394655.97037105955,4438783.133673565,0.003885818499932623,0
actual,1745424773.6605277,394655.97026102536,4438783.13368507,0.003867440182909143,0
actual,1745424773.7605662,394655.97014816245,4438783.133623665,0.0038686444600929547,0
actual,1745424773.8604848,394655.9699453851,4438783.133532305,0.003883025973129538,0
actual,1745424773.960541,394655.97080303123,4438783.133426397,0.0038176459393497136,0
actual,1745424774.060467,394655.97074138577,4438783.133359847,0.0038470721905384518,0
actual,1745424774.1605256,394655.9706588728,4438783.133294612,0.003853861521328682,0
actual,1745424774.2604709,394655.97056613874,4438783.133277656,0.003841871109367495,0
actual,1745424774.360539,394655.9705150851,4438783.133307246,0.0038352214049173195,0
actual,1745424774.4605656,394655.96878755506,4438783.132671053,0.003833214276277633,0
actual,1745424774.5605922,394655.9685355196,4438783.132652945,0.003820438466153047,0
actual,1745424774.6605067,394655.96827148343,4438783.132697598,0.003798866196598296,0
actual,1745424774.760639,394655.9680448966,4438783.132749482,0.0038097919577157265,0
actual,1745424774.8605485,394655.96778121777,4438783.13277363,0.003794869392611151,0
actual,1745424774.9605484,394655.97092883236,4438783.133269911,0.0037613241643879363,0
actual,1745424775.060524,394655.9708847677,4438783.133366883,0.003774763199628342,0
actual,1745424775.1604884,394655.97083825123,4438783.133436583,0.0037763689025400913,0
actual,1745424775.2604868,394655.97070381406,4438783.133490214,0.003815638810710027,0
actual,1745424775.3605416,394655.9706561736,4438783.133656172,0.0038558511966758926,0
actual,1745424775.4605086,394655.9677487178,4438783.133027095,0.003783559659058259,0
actual,1745424775.5606136,394655.9669988961,4438783.1329824235,0.0038571951002000075,0
actual,1745424775.6605153,394655.9664300577,4438783.1329802135,0.003871838412624225,0
actual,1745424775.760477,394655.9659497456,4438783.132882672,0.0038806174187616662,0
actual,1745424775.8604367,394655.96544706734,4438783.132934361,0.00387583521661137,0
actual,1745424775.9604747,394655.9719069556,4438783.130590312,0.003883148146177117,0
actual,1745424776.0605378,394655.9724087495,4438783.130190678,0.0039029925397722916,0
actual,1745424776.1605473,394655.9728103364,4438783.129863018,0.003907390769487374,0
actual,1745424776.2604861,394655.97310745553,4438783.129545654,0.003930429115613571,0
actual,1745424776.3605733,394655.97336567054,4438783.129263292,0.003901927888928535,0
actual,1745424776.4607627,394655.9693510346,4438783.129941778,0.0038313642272704775,0
actual,1745424776.5605745,394655.96918209875,4438783.1299172165,0.0038016587234016293,0
actual,1745424776.6605322,394655.9689299095,4438783.1298123775,0.0038207002655406812,0
actual,1745424776.7604442,394655.9686141678,4438783.129722504,0.003817768112397541,0
actual,1745424776.8605435,394655.9682586384,4438783.12958287,0.0038542629470566196,0
actual,1745424776.9606056,394655.965071624,4438783.129950813,0.0038361464294210212,0
actual,1745424777.0605092,394655.9643028791,4438783.129881325,0.0038846142227488114,0
actual,1745424777.1606474,394655.9635084254,4438783.129863276,0.003882886346789235,0
actual,1745424777.2606242,394655.96265535743,4438783.129838824,0.0038896756775797132,0
actual,1745424777.3605118,394655.9617270869,4438783.1298628375,0.0038734266622434984,0
actual,1745424777.4604962,394655.9688867859,4438783.131225271,0.0038272277969432773,0
actual,1745424777.5605853,394655.96902831143,4438783.131321285,0.0038364082288086555,0
actual,1745424777.6605175,394655.96911574836,4438783.131433789,0.003863722631602356,0
actual,1745424777.7605696,394655.9692064753,4438783.131621476,0.003819775241037227,0
actual,1745424777.8605173,394655.9693083573,4438783.131788673,0.003853721894988627,0
actual,1745424777.9605486,394655.96779739397,4438783.131060358,0.003900863238084778,0
actual,1745424778.0604837,394655.9676896424,4438783.13103269,0.00392910266538218,0
actual,1745424778.1605825,394655.9674820277,4438783.131054353,0.003938544896635441,0
actual,1745424778.2604816,394655.9672620885,4438783.131114144,0.003971444353035559,0
actual,1745424778.3605492,394655.967093733,4438783.131208576,0.003982230487812935,0
actual,1745424778.4605525,394655.9670144351,4438783.130077223,0.0038967442610503018,0
actual,1745424778.5606503,394655.9668919472,4438783.13002964,0.00392430300993916,0
actual,1745424778.6605484,394655.96677532594,4438783.130007693,0.0039184387036523835,0
actual,1745424778.7604547,394655.9666461068,4438783.129931815,0.0039489296056848784,0
actual,1745424778.8605099,394655.966501025,4438783.129895575,0.003987553742031471,0
actual,1745424778.9605563,394655.9662013526,4438783.131415234,0.0038835495719050546,0
actual,1745424779.060477,394655.9661286511,4438783.131531678,0.003932156991573147,0
actual,1745424779.160606,394655.96604839416,4438783.131669039,0.003997135599624786,0
actual,1745424779.2605095,394655.96590385365,4438783.131937934,0.003988618392875228,0
actual,1745424779.3604817,394655.96578309993,4438783.132176105,0.0040085849595179815,0
actual,1745424779.4604878,394655.96725666226,4438783.131087726,0.0039049996684122263,0
actual,1745424779.5606246,394655.96735938423,4438783.131139553,0.003913656501502088,0
actual,1745424779.6604881,394655.96743663016,4438783.131145644,0.003938422723587861,0
actual,1745424779.760542,394655.96751003485,4438783.131141107,0.003943082752690578,0
actual,1745424779.8604655,394655.96757597546,4438783.131201296,0.003956399614883405,0
actual,1745424779.9606597,394655.9674640623,4438783.1314653,0.003849725091001482,0
actual,1745424780.0606627,394655.96745576593,4438783.131462393,0.0038642462303781202,0
actual,1745424780.1605403,394655.9673429999,4438783.131509856,0.00389101958110358,0
actual,1745424780.260475,394655.9672441778,4438783.131468519,0.003918840129380321,0
actual,1745424780.3604872,394655.96712301165,4438783.131625619,0.0038710355611683506,0
actual,1745424780.4605062,394655.9684843713,4438783.1327795675,0.003972631176926895,0
actual,1745424780.5604978,394655.9688818033,4438783.133010854,0.003945735653153608,0
actual,1745424780.6605105,394655.96913634666,4438783.133302789,0.003950936734324565,0
actual,1745424780.7605114,394655.96917117224,4438783.133681066,0.003924826608714677,0
actual,1745424780.8605168,394655.969127804,4438783.1339450525,0.003931633392797631,0
actual,1745424780.960562,394655.96761203295,4438783.131592357,0.003922575133979584,0
actual,1745424781.0605376,394655.96764995926,4438783.1315526385,0.003946276705221848,0
actual,1745424781.160487,394655.9676181497,4438783.131430016,0.003976505807866213,0
actual,1745424781.2604785,394655.96749125543,4438783.131377586,0.003964253596517392,0
actual,1745424781.3604598,394655.9673951952,4438783.131277456,0.004010714261205495,0
actual,1745424781.4605494,394655.96694241517,4438783.130742673,0.0038924682043827985,0
actual,1745424781.5605311,394655.9668442044,4438783.130607912,0.003897128233485515,0
actual,1745424781.6605487,394655.96676186286,4438783.130552672,0.003847473616266389,0
actual,1745424781.760523,394655.9666800191,4438783.130416683,0.00387943059487033,0
actual,1745424781.860513,394655.96658936783,4438783.130354217,0.0038621169286906067,0
actual,1745424781.9605148,394655.9691618154,4438783.130487613,0.0038101759301511877,0
actual,1745424782.060525,394655.96927553817,4438783.130425078,0.0038057951537288294,0
actual,1745424782.1604762,394655.9693457176,4438783.13035227,0.0038543851201041984,0
actual,1745424782.2604823,394655.9694593061,4438783.130305523,0.00387583521661137,0
actual,1745424782.3607156,394655.96951300115,4438783.130191769,0.003900723611744723,0
actual,1745424782.4605348,394655.9695277978,4438783.1301053865,0.0038966046347099987,0
actual,1745424782.5605938,394655.96909129794,4438783.129521671,0.0038726412640801,0
actual,1745424782.6604362,394655.9690703546,4438783.129451385,0.0038444018367829458,0
actual,1745424782.7604792,394655.968981706,4438783.12936684,0.003842150362047853,0
actual,1745424782.860468,394655.96888804703,4438783.129268011,0.003838816783176527,0
actual,1745424782.960472,394655.9692237268,4438783.130521226,0.0038228295672281948,0
actual,1745424783.0604708,394655.9690956783,4438783.130513529,0.003855065798512494,0
actual,1745424783.16048,394655.9691060093,4438783.130576845,0.0038456061139667576,0
actual,1745424783.2604666,394655.9691646035,4438783.130550491,0.0038207002655406812,0
actual,1745424783.360472,394655.9691616676,4438783.1305677835,0.003857596525927945,0
actual,1745424783.4605436,394655.96742059675,4438783.131173925,0.0038545247464445015,0
actual,1745424783.5604854,394655.96717743337,4438783.131208748,0.0038966046347099987,0
actual,1745424783.6604762,394655.9668537433,4438783.1312938165,0.0038992749884655046,0
actual,1745424783.760532,394655.9664860136,4438783.131397241,0.003911788999202456,0
actual,1745424783.8604503,394655.9661172892,4438783.131437573,0.003946137078881545,0
actual,1745424783.9605565,394655.96727852314,4438783.131066253,0.0038762366423393075,0
actual,1745424784.0605278,394655.96699546603,4438783.1311687725,0.0038848934754291695,0
actual,1745424784.1605484,394655.96672522917,4438783.131192797,0.003935089144716536,0
actual,1745424784.2605577,394655.96658654494,4438783.131184334,0.003907251143147071,0
actual,1745424784.3605123,394655.9665331202,4438783.1311319545,0.003957987864502677,0
actual,1745424784.4604666,394655.9678808283,4438783.130205691,0.0038402828597482214,0
actual,1745424784.5605187,394655.9678562258,4438783.130089477,0.0038623787280784886,0
actual,1745424784.660476,394655.96773644834,4438783.129999859,0.003839619634632402,0
actual,1745424784.7605028,394655.9674899213,4438783.129879005,0.0038542629470566196,0
actual,1745424784.8605673,394655.9672195353,4438783.129736914,0.003879168795482696,0
actual,1745424784.9605262,394655.9686070202,4438783.129950867,0.0038400036070678632,0
actual,1745424785.0604846,394655.9686500065,4438783.129852333,0.0038686444600929547,0
actual,1745424785.160579,394655.96870799613,4438783.129789017,0.0038566540481317674,0
actual,1745424785.2604764,394655.9686702493,4438783.129677843,0.0038619773023505517,0
actual,1745424785.3606014,394655.96863077,4438783.129575723,0.0038647872824461127,0
actual,1745424785.460396,394655.96938721754,4438783.130141123,0.003863583005262301,0
actual,1745424785.560488,394655.96943881817,4438783.130111083,0.00385000434368184,0
actual,1745424785.6604996,394655.9694524104,4438783.130140624,0.003866375532065386,0
actual,1745424785.7605853,394655.9694634592,4438783.1301744785,0.003868906259480837,0
actual,1745424785.860509,394655.9694656439,4438783.130164878,0.003885818499932623,0
actual,1745424785.960583,394655.9691148845,4438783.130227576,0.0038599876270030927,0
actual,1745424786.060474,394655.96904983465,4438783.13024766,0.0038504057694097775,0
actual,1745424786.1605368,394655.96890117903,4438783.1302355,0.0038274895963311593,0
actual,1745424786.2604733,394655.96873022517,4438783.130238398,0.003843337185939189,0
actual,1745424786.36059,394655.96856444655,4438783.130245584,0.0038462693390825774,0
actual,1745424786.4605155,394655.96998943744,4438783.130014465,0.00381523738498209,0
actual,1745424786.5605502,394655.9699390119,4438783.130052335,0.0038211016912688663,0
actual,1745424786.6604762,394655.9698414005,4438783.130082444,0.0037997912211019977,0
actual,1745424786.7605479,394655.9697635008,4438783.130098391,0.003791413640692246,0
actual,1745424786.860422,394655.96970209683,4438783.130124808,0.003787277210365046,0
actual,1745424786.9604757,394655.96850118553,4438783.13157968,0.003798866196598296,0
actual,1745424787.0604804,394655.9682801926,4438783.131664503,0.003816703461553784,0
actual,1745424787.160585,394655.96808000695,4438783.131733842,0.0038519940190290505,0
actual,1745424787.2605531,394655.96787737275,4438783.131892564,0.003842150362047853,0
actual,1745424787.360505,394655.96761114965,4438783.132062848,0.0038506675687974114,0
actual,1745424787.460434,394655.96877071867,4438783.131399828,0.0038440004110550084,0
actual,1745424787.5604782,394655.96875144966,4438783.131273762,0.003876498441726942,0
actual,1745424787.6606042,394655.96882591135,4438783.131234119,0.003919765153884023,0
actual,1745424787.7604828,394655.96890062076,4438783.131201772,0.0038863595520008637,0
actual,1745424787.8604846,394655.9688637379,4438783.131104141,0.003934024493872779,0
actual,1745424787.9605832,394655.9688647811,4438783.131641931,0.0038899549302598233,0
actual,1745424788.060509,394655.9686594667,4438783.13170705,0.003898594310057209,0
actual,1745424788.1604846,394655.9684337165,4438783.131758956,0.0039043189900039308,0
actual,1745424788.2605298,394655.96828335174,4438783.131813743,0.003923360532142982,0
actual,1745424788.3604817,394655.9682192741,4438783.131869599,0.003956661414271039,0
actual,1745424788.46047,394655.9683974518,4438783.131230312,0.003842272535095432,0
actual,1745424788.5604758,394655.9681948337,4438783.131217096,0.0038509293681852938,0
actual,1745424788.6604826,394655.9678216259,4438783.131261242,0.003838153558060708,0
actual,1745424788.7606282,394655.96740032965,4438783.13125718,0.003858922976159584,0
actual,1745424788.860487,394655.96704709146,4438783.131302534,0.0038527968704849254,0
actual,1745424788.9605944,394655.96698006964,4438783.131067932,0.0038329524768897505,0
actual,1745424789.0604851,394655.966887281,4438783.131098664,0.0038129859102469968,0
actual,1745424789.160566,394655.9667688751,4438783.131089266,0.003840684285476159,0
actual,1745424789.260542,394655.96657287434,4438783.13110145,0.0038607904784592156,0
actual,1745424789.3604798,394655.9663239203,4438783.131137031,0.0038670387571812055,0
actual,1745424789.4605498,394655.96854051936,4438783.129347674,0.003842534334483314,0
actual,1745424789.5606215,394655.96865688305,4438783.129206166,0.0038430753865513066,0
actual,1745424789.6605542,394655.96871683805,4438783.129082485,0.0038187105901934704,0
actual,1745424789.7605653,394655.9687191268,4438783.128975039,0.0038337553283456253,0
actual,1745424789.8604832,394655.9687232127,4438783.128866954,0.003873304489195919,0
actual,1745424789.960488,394655.969929685,4438783.130991931,0.0038489396928380834,0
actual,1745424790.060479,394655.9699465452,4438783.131129348,0.00385745689958789,0
actual,1745424790.1604805,394655.96994352236,4438783.131293341,0.003871297360555985,0
actual,1745424790.2604864,394655.9699506297,4438783.131485273,0.003881682069605423,0
actual,1745424790.3604813,394655.969970974,4438783.131713491,0.0038615758766226142,0
actual,1745424790.4605305,394655.96734785655,4438783.132284118,0.0038286938735149715,0
actual,1745424790.5605676,394655.9670370401,4438783.132455456,0.003793944368107697,0
actual,1745424790.6605616,394655.9667502056,4438783.1326354155,0.003801536550353802,0
actual,1745424790.760479,394655.96643110807,4438783.132781208,0.003803927651429198,0
actual,1745424790.860469,394655.9660177843,4438783.132896656,0.003793944368107697,0
actual,1745424790.960532,394655.9682197035,4438783.132315975,0.0038344185534614447,0
actual,1745424791.060558,394655.9682530426,4438783.132362001,0.0038297585243587283,0
actual,1745424791.160517,394655.9682130726,4438783.132380562,0.003830683548862182,0
actual,1745424791.2604265,394655.9681987856,4438783.132484189,0.0037930018903115192,0
actual,1745424791.3605804,394655.9682148258,4438783.13260162,0.0037932811429918774,0
actual,1745424791.460542,394655.96840475895,4438783.13208399,0.0038313642272704775,0
actual,1745424791.5605845,394655.9683240778,4438783.132101327,0.003793665115427339,0
actual,1745424791.660467,394655.96824478847,4438783.132127273,0.0038036658520413155,0
actual,1745424791.7605026,394655.96815083444,4438783.132164458,0.0037999308474420527,0
actual,1745424791.8605266,394655.9679525029,4438783.132210547,0.0038033865993609577,0
actual,1745424791.960512,394655.967989289,4438783.133364581,0.0038302995764267207,0
actual,1745424792.0605445,394655.96788971743,4438783.133477604,0.00383162602665836,0
actual,1745424792.1605487,394655.96778392466,4438783.133625209,0.003809390531987789,0
actual,1745424792.2605047,394655.9675933601,4438783.133797488,0.0037928797172639404,0
actual,1745424792.3605173,394655.9674067843,4438783.133964555,0.0037832804063781486,0
actual,1745424792.4604838,394655.96900967805,4438783.132664213,0.003839741807679981,0
actual,1745424792.560512,394655.96903914516,4438783.132659525,0.003810716982219428,0
actual,1745424792.66047,394655.9690418637,4438783.132625495,0.0038033865993609577,0
actual,1745424792.7605786,394655.96902494255,4438783.1325633265,0.0038457457403068126,0
actual,1745424792.860553,394655.9689958198,4438783.1324962955,0.0038851552748170514,0
actual,1745424792.9604673,394655.9674700433,4438783.133172885,0.0038581201247034616,0
actual,1745424793.0605116,394655.9672648916,4438783.133201464,0.0038469325641981487,0
actual,1745424793.1604605,394655.9670901945,4438783.133273166,0.003800192646829935,0
actual,1745424793.2605073,394655.9668523664,4438783.133305992,0.0038149755855942076,0
actual,1745424793.3606172,394655.96659444395,4438783.133399064,0.0038080466284639222,0
actual,1745424793.4605188,394655.96803131956,4438783.132999315,0.0038265645718274575,0
actual,1745424793.560606,394655.96797666344,4438783.133022967,0.0038441400373950634,0
actual,1745424793.6605902,394655.96795416105,4438783.133079235,0.0038135095090225135,0
actual,1745424793.7605326,394655.9679014425,4438783.133120079,0.0038277688490112698,0
actual,1745424793.8606496,394655.96780526807,4438783.133156255,0.003829496724970846,0
actual,1745424793.960566,394655.9651110173,4438783.132944761,0.003813910934750451,0
actual,1745424794.0605373,394655.9648159372,4438783.132925189,0.0038590451492071633,0
actual,1745424794.160504,394655.96452329285,4438783.132928453,0.0038645080297657545,0
actual,1745424794.2605374,394655.9641952097,4438783.13291781,0.003885678873592568,0
actual,1745424794.3606143,394655.9638295002,4438783.132925373,0.003875433790883433,0
actual,1745424794.4606235,394655.96659061493,4438783.132123014,0.0038213634906565006,0
actual,1745424794.560499,394655.9665722471,4438783.132074621,0.0038404050327958007,0
actual,1745424794.6605225,394655.96653895837,4438783.132057125,0.003867701982297025,0
actual,1745424794.7605157,394655.9664590778,4438783.132039335,0.0038834273988574753,0
actual,1745424794.860555,394655.9663215871,4438783.132063063,0.003900723611744723,0
actual,1745424794.9604886,394655.9674500418,4438783.131275318,0.003851068994525597,0
actual,1745424795.0606863,394655.9674804831,4438783.131272356,0.0038623787280784886,0
actual,1745424795.1606464,394655.9674512054,4438783.131287791,0.003874491313087255,0
actual,1745424795.2607045,394655.96741410275,4438783.131330892,0.003893009256450791,0
actual,1745424795.3605893,394655.96740228916,4438783.131427111,0.0038996589609009663,0
actual,1745424795.4604812,394655.96721617505,4438783.132488554,0.003838816783176527,0
actual,1745424795.560484,394655.96712792665,4438783.132595763,0.0038449428888509382,0
actual,1745424795.6604726,394655.9670497964,4438783.132722393,0.0038686444600929547,0
actual,1745424795.760558,394655.9669714739,4438783.132870779,0.003870110536664649,0
actual,1745424795.8604677,394655.96684324136,4438783.13305995,0.0038566540481317674,0
actual,1745424795.9607246,394655.9672208598,4438783.132933509,0.0037736985487845853,0
actual,1745424796.0605664,394655.9671767103,4438783.133035228,0.003767432816769871,0
actual,1745424796.1605701,394655.967112098,4438783.133190495,0.0037513234277739595,0
actual,1745424796.260522,394655.96703087434,4438783.133365473,0.0037481294752429372,0
actual,1745424796.360561,394655.9669541364,4438783.133555622,0.0037589156100200647,0
actual,1745424796.4605258,394655.9667189816,4438783.132634744,0.003792478291536003,0
actual,1745424796.5605145,394655.9666390391,4438783.132727508,0.00379619584284279,0
actual,1745424796.66051,394655.9665545032,4438783.132826708,0.0037735589224445303,0
actual,1745424796.760525,394655.96643809055,4438783.132903481,0.0037599802608638214,0
actual,1745424796.860501,394655.96632469306,4438783.133018396,0.003790209363508434,0
actual,1745424796.9604554,394655.96767808043,4438783.13170522,0.0038479972150419054,0
actual,1745424797.0604844,394655.96771193977,4438783.131622612,0.003811519833675303,0
actual,1745424797.1606617,394655.9677639065,4438783.131552717,0.0038223059684526785,0
actual,1745424797.2605364,394655.96781958657,4438783.13151711,0.003811781633063185,0
actual,1745424797.360479,394655.9676518526,4438783.131472636,0.0038317481997059387,0
actual,1745424797.4604867,394655.967713038,4438783.131735316,0.0038546643727845565,0
actual,1745424797.5604782,394655.9675265813,4438783.13173207,0.0038989957357851465,0
actual,1745424797.660487,394655.96733987867,4438783.131756565,0.003919904780224078,0
actual,1745424797.7605762,394655.96716556617,4438783.131848293,0.003936817020675864,0
actual,1745424797.8604872,394655.9670936366,4438783.131985011,0.0038975296592137004,0
actual,1745424797.9604864,394655.96865122067,4438783.129639431,0.003815638810710027,0
actual,1745424798.0604725,394655.9686966499,4438783.129549487,0.0038237720450243723,0
actual,1745424798.1605651,394655.9686959163,4438783.129434214,0.0038685048337528997,0
actual,1745424798.2604766,394655.96868244885,4438783.129332844,0.0038788895428023377,0
actual,1745424798.3605046,394655.96867873066,4438783.129266419,0.003869168058868719,0
actual,1745424798.460488,394655.9673026874,4438783.13155639,0.0037940665411552764,0
actual,1745424798.5605562,394655.96716779843,4438783.131712034,0.003797801545754539,0
actual,1745424798.6605437,394655.9669808318,4438783.131899376,0.003802863000585441,0
actual,1745424798.7605484,394655.96674838883,4438783.132084338,0.0037984647708703585,0
actual,1745424798.8605063,394655.9664617228,4438783.132246595,0.0038340171277335077,0
actual,1745424798.9604995,394655.9677411413,4438783.130991663,0.0038962032089820612,0
actual,1745424799.0604722,394655.96763481037,4438783.130974504,0.0039141801002776045,0
actual,1745424799.160532,394655.96753495076,4438783.130956703,0.003905121841459805,0
actual,1745424799.2605784,394655.9674670622,4438783.130951573,0.003905785066575625,0
actual,1745424799.3604977,394655.9673421507,4438783.130915683,0.0039043189900039308,0
actual,1745424799.460484,394655.9675664932,4438783.132480835,0.0038502661430694744,0
actual,1745424799.5605958,394655.9675069698,4438783.132581714,0.003863844804650183,0
actual,1745424799.6604803,394655.9674334557,4438783.13270369,0.0038834273988574753,0
actual,1745424799.7605247,394655.9673127585,4438783.132778053,0.003920568005339897,0
actual,1745424799.860479,394655.96714553353,4438783.132857826,0.003957062839999224,0
actual,1745424799.9605877,394655.9676597291,4438783.131114887,0.003877161666842761,0
actual,1745424800.060505,394655.96759215463,4438783.131039757,0.003873304489195919,0
actual,1745424800.1605682,394655.9674762198,4438783.130981099,0.003895400357526187,0
actual,1745424800.2605567,394655.96733085567,4438783.130950458,0.003904598242684041,0
actual,1745424800.3605516,394655.96715323586,4438783.130922898,0.003902591114044354,0
actual,1745424800.4604762,394655.9684799926,4438783.131836701,0.003847735415654271,0
actual,1745424800.5605237,394655.9684003366,4438783.131918317,0.003802863000585441,0
actual,1745424800.6605024,394655.96827855415,4438783.131963826,0.0038089891062598517,0
actual,1745424800.7606544,394655.9681825019,4438783.132059863,0.0038095127050356164,0
actual,1745424800.8605442,394655.9681505719,4438783.132070213,0.0038263027724395756,0
actual,1745424800.9605732,394655.9681276187,4438783.131001221,0.003883148146177117,0
actual,1745424801.0605457,394655.9680765035,4438783.131045118,0.0039021896883164172,0
actual,1745424801.1605558,394655.9679348279,4438783.1310172435,0.003928038014538423,0
actual,1745424801.2605538,394655.9677560855,4438783.130989764,0.00389101958110358,0
actual,1745424801.3604589,394655.96752777,4438783.130950086,0.0039018057158809556,0
actual,1745424801.460524,394655.9674798308,4438783.130171635,0.0038581201247034616,0
actual,1745424801.5606232,394655.9674040156,4438783.130125407,0.0038796923942582126,0
actual,1745424801.660532,394655.9672608073,4438783.130114163,0.003877964518298636,0
actual,1745424801.7605102,394655.96705415053,4438783.1300754,0.0038681034080249622,0
actual,1745424801.8605587,394655.96682618855,4438783.130047586,0.003889413878191831,0
actual,1745424801.9605496,394655.96727795724,4438783.129531073,0.00381523738498209,0
actual,1745424802.0605483,394655.96724065917,4438783.129429325,0.003819635614697172,0
actual,1745424802.1604753,394655.9671679848,4438783.129353618,0.003814312360478388,0
actual,1745424802.2605326,394655.9670564018,4438783.129310866,0.0038285542471746684,0
actual,1745424802.3606188,394655.9669443226,4438783.129275972,0.003838554983788645,0
actual,1745424802.4605792,394655.96742187336,4438783.128111771,0.0038705119623925863,0
actual,1745424802.5605385,394655.9673530149,4438783.128069624,0.0038708959348280475,0
actual,1745424802.6604848,394655.9672530483,4438783.127990797,0.0039141801002776045,0
actual,1745424802.7605436,394655.967197919,4438783.127890594,0.003963188945673635,0
actual,1745424802.8605087,394655.9671238002,4438783.127881288,0.003949331031412816,0
actual,1745424802.9605694,394655.9664892282,4438783.129645705,0.00383721108026453,0
actual,1745424803.060509,394655.96624042554,4438783.129852021,0.0038456061139667576,0
actual,1745424803.160597,394655.9659667549,4438783.130047696,0.0038952781844786076,0
actual,1745424803.2605758,394655.9657066873,4438783.130240123,0.0039232383590954035,0
actual,1745424803.360477,394655.9654141076,4438783.130392177,0.003930429115613571,0
actual,1745424803.460454,394655.96695743146,4438783.131013936,0.003879290968530275,0
actual,1745424803.5605843,394655.9668921464,4438783.13108752,0.003898594310057209,0
actual,1745424803.6605127,394655.96676880214,4438783.131156944,0.003912050798590091,0
actual,1745424803.7605197,394655.96662865626,4438783.131238156,0.0038964650083699436,0
actual,1745424803.8605058,394655.96644465224,4438783.1312847305,0.003938806696023323,0
actual,1745424803.9605906,394655.96603345935,4438783.130568188,0.0038507897418452387,0
actual,1745424804.060559,394655.9658813516,4438783.130519763,0.0038405446591358557,0
actual,1745424804.1605532,394655.9657045201,4438783.130460939,0.003857596525927945,0
actual,1745424804.2604754,394655.9655346835,4438783.130437525,0.0038517322196411686,0
actual,1745424804.3607502,394655.9653308029,4438783.130367545,0.0038760970159990044,0
actual,1745424804.4605114,394655.96567075624,4438783.130273004,0.003870634135440413,0
actual,1745424804.560508,394655.9655387908,4438783.130285064,0.0038783659440265734,0
actual,1745424804.660518,394655.96547372104,4438783.130260617,0.0038824849210612974,0
actual,1745424804.7605402,394655.96546899853,4438783.13021677,0.003871576613236343,0
actual,1745424804.8605404,394655.96539956133,4438783.130212528,0.0038711751875084056,0
actual,1745424804.960593,394655.96699719486,4438783.130070641,0.0038361464294210212,0
actual,1745424805.0605514,394655.9667086399,4438783.1300622625,0.0038160402364379644,0
actual,1745424805.1605093,394655.9662718176,4438783.130061007,0.0038376125059927154,0
actual,1745424805.2605286,394655.9657631534,4438783.130083232,0.003871838412624225,0
actual,1745424805.3604434,394655.9652899889,4438783.130216041,0.0038836891982453577,0
actual,1745424805.4605672,394655.9681424091,4438783.131090851,0.0038911417541511594,0
actual,1745424805.5605314,394655.96814756363,4438783.131182113,0.003889012452463894,0
actual,1745424805.6605258,394655.96828125365,4438783.131227346,0.003917112253420993,0
actual,1745424805.7606049,394655.96864860714,4438783.131336004,0.0038788895428023377,0
actual,1745424805.8605993,394655.96873835055,4438783.131398946,0.0039529264096717755,0
actual,1745424805.960535,394655.9655052502,4438783.132860909,0.003837350706604833,0
actual,1745424806.0606277,394655.96504407254,4438783.132801281,0.00380778482907604,0
actual,1745424806.1605008,394655.9649225593,4438783.132824471,0.003921109057408138,0
actual,1745424806.2605407,394655.964751867,4438783.133103471,0.003823108819908553,0
actual,1745424806.3605642,394655.96442796156,4438783.13310839,0.0038878081752800817,0
actual,1745424806.4604874,394655.9663817368,4438783.133210019,0.003851330793913231,0
actual,1745424806.560542,394655.96639251884,4438783.133178292,0.0039037953912281665,0
actual,1745424806.660509,394655.9663438107,4438783.133277552,0.003824435270139944,0
actual,1745424806.760549,394655.96618587617,4438783.133243058,0.0038595862012751558,0
actual,1745424806.8605134,394655.9660221903,4438783.133268762,0.0038482764677222636,0
actual,1745424806.9605598,394655.9685809993,4438783.133262478,0.0038657123069498144,0
actual,1745424807.06051,394655.9686191533,4438783.133253825,0.0038836891982453577,0
actual,1745424807.1605701,394655.968633823,4438783.1333047785,0.0038975296592137004,0
actual,1745424807.2605197,394655.96868162573,4438783.133389116,0.003907652568875256,0
actual,1745424807.360624,394655.96876431536,4438783.133409758,0.003907530395827429,0
actual,1745424807.4605174,394655.96918930416,4438783.131574501,0.003825639547324004,0
actual,1745424807.5604126,394655.9691180332,4438783.131460982,0.0038278910220590967,0
actual,1745424807.6604748,394655.96905992413,4438783.131392331,0.003830683548862182,0
actual,1745424807.7605853,394655.96901486523,4438783.131314511,0.0038318878260459937,0
actual,1745424807.8604817,394655.9689050793,4438783.131263703,0.0038312246009304224,0
actual,1745424807.9605637,394655.96821233194,4438783.132357384,0.0038069819776201655,0
actual,1745424808.0605106,394655.9680526186,4438783.1324323,0.0038097919577157265,0
actual,1745424808.1607137,394655.9678429944,4438783.132511233,0.0038245574431877713,0
actual,1745424808.2605844,394655.96761638595,4438783.132562337,0.003849864717341537,0
actual,1745424808.3605359,394655.96734412934,4438783.132610883,0.003891944605607282,0
actual,1745424808.4605324,394655.969090242,4438783.132339544,0.0038773012931830643,0
actual,1745424808.5605505,394655.9689906221,4438783.132431831,0.003865450507561932,0
actual,1745424808.6605248,394655.9689103714,4438783.132517328,0.0038711751875084056,0
actual,1745424808.7605667,394655.9687937979,4438783.132609686,0.003920969431067835,0
actual,1745424808.8605056,394655.9686087236,4438783.132791836,0.003928963039041877,0
actual,1745424808.9605558,394655.9671634926,4438783.131222983,0.0038671783835215086,0
actual,1745424809.060529,394655.9669343899,4438783.131126964,0.0038798320205982676,0
actual,1745424809.160481,394655.9667078461,4438783.131162111,0.0038711751875084056,0
actual,1745424809.2605283,394655.9664840109,4438783.131165089,0.003908053994603194,0
actual,1745424809.3605568,394655.9662317458,4438783.131105778,0.003941215250390946,0
actual,1745424809.4605079,394655.967535489,4438783.131372414,0.00387943059487033,0
actual,1745424809.5606136,394655.96736620564,4438783.131348845,0.0038775630925706986,0
actual,1745424809.660539,394655.96721515513,4438783.131349581,0.0038405446591358557,0
actual,1745424809.7604852,394655.9670316108,4438783.131304856,0.0038479972150419054,0
actual,1745424809.8605711,394655.96678169357,4438783.131305861,0.003821904542724741,0
actual,1745424809.9605556,394655.9680501088,4438783.132378213,0.0037681134951781667,0
actual,1745424810.0606291,394655.96801874693,4438783.132351376,0.003792338665195948,0
actual,1745424810.1605182,394655.9679614531,4438783.132355069,0.0038020601491295667,0
actual,1745424810.2605107,394655.96783241007,4438783.132350587,0.003817104887281721,0
actual,1745424810.3606164,394655.9676739715,4438783.132367498,0.00385000434368184,0
actual,1745424810.4605489,394655.9690832738,4438783.131330058,0.003848538267110146,0
actual,1745424810.5605624,394655.9691313341,4438783.131263026,0.003858922976159584,0
actual,1745424810.6605685,394655.9691349642,4438783.131223172,0.0038938121079069134,0
actual,1745424810.7605243,394655.96911614336,4438783.1311834715,0.003893410682178976,0
actual,1745424810.8605201,394655.96905871655,4438783.131092957,0.003928038014538423,0
actual,1745424810.9605079,394655.96885109186,4438783.1323059425,0.003869168058868719,0
actual,1745424811.0604804,394655.9687658114,4438783.132406212,0.0038530586698728073,0
actual,1745424811.1606846,394655.96865389444,4438783.132513701,0.003836024256373194,0
actual,1745424811.2605734,394655.9684938416,4438783.132605165,0.0038655726806095113,0
actual,1745424811.3606129,394655.96836640505,4438783.132702735,0.0038952781844786076,0
actual,1745424811.460545,394655.96881711466,4438783.131592704,0.0038759573896589494,0
actual,1745424811.560579,394655.9687392367,4438783.131625525,0.0038784881170744003,0
actual,1745424811.6604824,394655.96863990836,4438783.131605285,0.003888872826123591,0
actual,1745424811.760494,394655.96851360257,4438783.131631988,0.0038879478016201367,0
actual,1745424811.86053,394655.96832204517,4438783.131644886,0.003911788999202456,0
actual,1745424811.9605556,394655.9685039547,4438783.132090938,0.0038482764677222636,0
actual,1745424812.060566,394655.96832383383,4438783.132154354,0.003849864717341537,0
actual,1745424812.1605806,394655.96808979975,4438783.132240245,0.0038518543926889955,0
actual,1745424812.2605464,394655.96781060734,4438783.13230699,0.0038623787280784886,0
actual,1745424812.3605855,394655.96743151423,4438783.13236234,0.003863583005262301,0
actual,1745424812.4604824,394655.9684443545,4438783.13104694,0.003832289251773931,0
actual,1745424812.5605037,394655.9683179478,4438783.1309430115,0.0038747705657676134,0
actual,1745424812.6605558,394655.9681455099,4438783.130846654,0.00388688315077638,0
actual,1745424812.760521,394655.96795948676,4438783.13075445,0.003913516875161785,0
actual,1745424812.8604615,394655.96776594955,4438783.130672711,0.003936415594947927,0
actual,1745424812.9604816,394655.97019788827,4438783.132015766,0.0038470721905384518,0
actual,1745424813.0605307,394655.9701940471,4438783.132107423,0.003856392248744133,0
actual,1745424813.160425,394655.97016096034,4438783.132210739,0.0038429357602112516,0
actual,1745424813.260532,394655.97006275016,4438783.13224951,0.0038935328552265553,0
actual,1745424813.360548,394655.96992211643,4438783.132342614,0.003889553504531886,0
actual,1745424813.460646,394655.9711111919,4438783.131613171,0.003856531875084188,0
actual,1745424813.5605378,394655.97109862755,4438783.131580397,0.003862780153806426,0
actual,1745424813.6605535,394655.9710457418,4438783.131548308,0.003895801783254124,0
actual,1745424813.7606137,394655.97100327566,4438783.13147722,0.0038975296592137004,0
actual,1745424813.860664,394655.9708963956,4438783.131411328,0.003916309401965118,0
actual,1745424813.9607232,394655.96869404666,4438783.1316786595,0.0038444018367829458,0
actual,1745424814.0605838,394655.9684249301,4438783.131623338,0.003866515158405689,0
actual,1745424814.1605499,394655.9681272716,4438783.131621178,0.0038742295136993733,0
actual,1745424814.2604554,394655.96775667416,4438783.131578927,0.003903533591840532,0
actual,1745424814.3605711,394655.96736223495,4438783.131550719,0.003912312597977973,0
actual,1745424814.4605272,394655.9696600544,4438783.130658107,0.003839881434020284,0
actual,1745424814.5605407,394655.9696279733,4438783.130597298,0.0038493411185660203,0
actual,1745424814.6604683,394655.96955500415,4438783.130492259,0.0038938121079069134,0
actual,1745424814.760575,394655.96945722925,4438783.130436104,0.0038900771033076507,0
actual,1745424814.8605182,394655.96933904075,4438783.1303479625,0.003916169775624815,0
actual,1745424814.9605308,394655.9692495625,4438783.131690414,0.003857718698975524,0
actual,1745424815.0605066,394655.9691751691,4438783.131770503,0.003890879954763525,0
actual,1745424815.1605277,394655.96906030265,4438783.131907657,0.003911247947134216,0
actual,1745424815.260558,394655.9689167336,4438783.1320588505,0.003928963039041877,0
actual,1745424815.3606377,394655.9687430123,4438783.132196887,0.003959314314734069,0
actual,1745424815.4606009,394655.9688112108,4438783.13152036,0.0038657123069498144,0
actual,1745424815.5604336,394655.9686714648,4438783.131492315,0.0038746309394273102,0
actual,1745424815.6604655,394655.96852273407,4438783.13144702,0.0038951385581383045,0
actual,1745424815.7605512,394655.9683484899,4438783.13140727,0.00393241879096103,0
actual,1745424815.860475,394655.9681372547,4438783.131364309,0.0039444092029222175,0
actual,1745424815.9605844,394655.9695871915,4438783.1311844075,0.0038470721905384518,0
actual,1745424816.0606074,394655.96958599245,4438783.13107874,0.0038967442610503018,0
actual,1745424816.160487,394655.9695213457,4438783.131016181,0.003885556700544989,0
actual,1745424816.2604852,394655.96941313805,4438783.130956546,0.0038879478016201367,0
actual,1745424816.360548,394655.96928958583,4438783.130894817,0.0038939342809544927,0
actual,1745424816.4604826,394655.97015073523,4438783.1301981285,0.0038440004110550084,0
actual,1745424816.5604844,394655.97006408405,4438783.1300982265,0.003871576613236343,0
actual,1745424816.6604755,394655.96996161755,4438783.130009745,0.0038569158475196493,0
actual,1745424816.7606373,394655.96984552377,4438783.129918716,0.0038590451492071633,0
actual,1745424816.860438,394655.96968542226,4438783.1298249895,0.003870110536664649,0
actual,1745424816.960626,394655.9695261469,4438783.129642457,0.003821904542724741,0
actual,1745424817.0604863,394655.9693858941,4438783.12964164,0.003809111279307431,0
actual,1745424817.160527,394655.969267078,4438783.129618174,0.003814172734138333,0
actual,1745424817.2604854,394655.96914194216,4438783.129584412,0.003838816783176527,0
actual,1745424817.3605087,394655.96896476427,4438783.129584047,0.003822969193568498,0
actual,1745424817.4604735,394655.96953196893,4438783.131051969,0.0038820834953333604,0
actual,1745424817.5606143,394655.9694552431,4438783.131161781,0.003871576613236343,0
actual,1745424817.6605475,394655.9693844383,4438783.131230799,0.0039021896883164172,0
actual,1745424817.760606,394655.969282787,4438783.131282199,0.003918578329992687,0
actual,1745424817.860485,394655.9690954658,4438783.131336424,0.003939085948703681,0
actual,1745424817.9604864,394655.96804272785,4438783.130078968,0.003851592593301113,0
actual,1745424818.0606945,394655.96786433656,4438783.130033503,0.0038703723360525313,0
actual,1745424818.160525,394655.96764818963,4438783.130013729,0.003863984430990238,0
actual,1745424818.2605166,394655.96741260955,4438783.129967731,0.003871838412624225,0
actual,1745424818.3606448,394655.96713481826,4438783.129919901,0.00389433570668243,0
actual,1745424818.460504,394655.9660207333,4438783.130141885,0.003863722631602356,0
actual,1745424818.560564,394655.9657949232,4438783.130148328,0.003911649372862153,0
actual,1745424818.6605785,394655.96552475996,4438783.130129089,0.003977692631757798,0
actual,1745424818.7605667,394655.9652527811,4438783.130148359,0.003985162640956323,0
actual,1745424818.860483,394655.96495443006,4438783.130162171,0.0040043263561432025,0
actual,1745424818.960527,394655.96514131816,4438783.129667087,0.0038424121614354873,0
actual,1745424819.0604699,394655.96502952836,4438783.129653261,0.003849864717341537,0
actual,1745424819.1606624,394655.9648933846,4438783.1296334,0.0038514704202535343,0
actual,1745424819.2605102,394655.9647315447,4438783.1295741405,0.0039016660895409006,0
actual,1745424819.3606036,394655.96453996364,4438783.129558708,0.003921911908864013,0
actual,1745424819.460554,394655.9646180682,4438783.129461464,0.0038751719914955508,0
actual,1745424819.5605245,394655.96449981665,4438783.129473642,0.0038815598965578437,0
actual,1745424819.6604722,394655.9643476099,4438783.129500777,0.003899397161513332,0
actual,1745424819.7604783,394655.96417521406,4438783.129535664,0.003916571201352752,0
actual,1745424819.8603957,394655.9640283541,4438783.129552261,0.003935891996172411,0
actual,1745424819.960503,394655.9672807973,4438783.131748946,0.0038021997754696217,0
actual,1745424820.0605214,394655.9673860648,4438783.131908805,0.003819635614697172,0
actual,1745424820.1605415,394655.96750820725,4438783.1320586335,0.0038337553283456253,0
actual,1745424820.2605367,394655.967639713,4438783.132256548,0.0038169827142341423,0
actual,1745424820.3605597,394655.9677139156,4438783.132410327,0.0038454664876267025,0
actual,1745424820.4604995,394655.96632771625,4438783.130616112,0.003856392248744133,0
actual,1745424820.5605505,394655.9662069217,4438783.130521371,0.003876358815386887,0
actual,1745424820.6605356,394655.9660909767,4438783.130421773,0.0038705119623925863,0
actual,1745424820.7605934,394655.9659210611,4438783.130339808,0.0038812980971699614,0
actual,1745424820.8604727,394655.96573588735,4438783.130280393,0.003898070711281693,0
actual,1745424820.9605505,394655.9668840919,4438783.129432127,0.003879290968530275,0
actual,1745424821.060588,394655.9667545479,4438783.129353798,0.0038786277434144554,0
actual,1745424821.1605337,394655.9666243265,4438783.129248096,0.003907914368262891,0
actual,1745424821.2604847,394655.96650353586,4438783.129136535,0.003927758761858065,0
actual,1745424821.3604379,394655.96634368214,4438783.129021603,0.0039444092029222175,0
actual,1745424821.460469,394655.966467962,4438783.12857143,0.0038069819776201655,0
actual,1745424821.5604963,394655.9663451241,4438783.128511456,0.00378514790867778,0
actual,1745424821.6605976,394655.96614710777,4438783.128453435,0.0037804878795748157,0
actual,1745424821.7605193,394655.9659256631,4438783.128384716,0.003761044911707578,0
actual,1745424821.8605533,394655.9656500898,4438783.12828627,0.00378195395614651,0
actual,1745424821.960483,394655.9676400564,4438783.130904322,0.003877824891958581,0
actual,1745424822.060475,394655.96763255785,4438783.131018499,0.003899536787853387,0
actual,1745424822.1605744,394655.9676012481,4438783.131136588,0.00392016657961196,0
actual,1745424822.2604747,394655.9675636189,4438783.131283812,0.003911509746522098,0
actual,1745424822.3605933,394655.96750476875,4438783.13140496,0.00394814420752148,0
actual,1745424822.4605224,394655.96729356237,4438783.130597095,0.0038496029179539027,0
actual,1745424822.5605588,394655.96722370834,4438783.130573545,0.003853721894988627,0
actual,1745424822.6605556,394655.9671400974,4438783.130573484,0.0038362860557610763,0
actual,1745424822.760486,394655.96700827166,4438783.130579909,0.00384586791335464,0
actual,1745424822.8604736,394655.96687217406,4438783.130586011,0.003839340381952044,0
actual,1745424822.9606462,394655.969198319,4438783.1304468345,0.003823230992956132,0
actual,1745424823.0604138,394655.9692384151,4438783.130341552,0.003823230992956132,0
actual,1745424823.1605825,394655.96931012394,4438783.130224626,0.003816581288505957,0
actual,1745424823.2605147,394655.96935775573,4438783.130113942,0.0038253602946436457,0
actual,1745424823.3605082,394655.96938913764,4438783.13002315,0.003832289251773931,0
actual,1745424823.4604774,394655.96907697,4438783.130413144,0.0038267041981677606,0
actual,1745424823.5605447,394655.96899003093,4438783.130404802,0.0038417489363199156,0
actual,1745424823.6604881,394655.9689059566,4438783.130426666,0.0038237720450243723,0
actual,1745424823.7605112,394655.9687663404,4438783.13042545,0.003834959605529685,0
actual,1745424823.8604732,394655.96857101575,4438783.130402359,0.0038535997219407998,0
actual,1745424823.960552,394655.9673230181,4438783.1309029665,0.003844681089463304,0
actual,1745424824.0605612,394655.967072796,4438783.130902874,0.003862640527466123,0
actual,1745424824.1605668,394655.96678121795,4438783.130931511,0.0038631815795343635,0
actual,1745424824.2605422,394655.96646069613,4438783.1309487885,0.0038773012931830643,0
actual,1745424824.3604355,394655.9661110757,4438783.130980257,0.003877022040502706,0
actual,1745424824.4605832,394655.96630456136,4438783.129766534,0.003819234188969235,0
actual,1745424824.560407,394655.96617958415,4438783.129673914,0.0038252381215960665,0
actual,1745424824.6604753,394655.9660214254,4438783.129567453,0.0038464089654226324,0
actual,1745424824.7605476,394655.9658371278,4438783.129455088,0.0038892742518515278,0
actual,1745424824.860565,394655.96568743663,4438783.129372138,0.00388688315077638,0
actual,1745424824.9605596,394655.9661326582,4438783.129977816,0.0038223059684526785,0
actual,1745424825.0605295,394655.96606512374,4438783.12997998,0.003858783349819281,0
actual,1745424825.1604838,394655.96599368274,4438783.130010539,0.0038493411185660203,0
actual,1745424825.2605562,394655.96592098847,4438783.130041855,0.0038502661430694744,0
actual,1745424825.360515,394655.96584460064,4438783.130086441,0.0038886110267359565,0
actual,1745424825.4604712,394655.96575000684,4438783.1316308975,0.003872903063467982,0
actual,1745424825.5606213,394655.9656751956,4438783.131776479,0.003891944605607282,0
actual,1745424825.6605816,394655.9655863634,4438783.13190186,0.003911387573474519,0
actual,1745424825.7605612,394655.9654753452,4438783.13200065,0.003949331031412816,0
actual,1745424825.8604841,394655.96534764254,4438783.132125673,0.003947864954841122,0
actual,1745424825.9605718,394655.9657739822,4438783.131640446,0.0038337553283456253,0
actual,1745424826.0605347,394655.9657466182,4438783.13168525,0.003840806458523738,0
actual,1745424826.1604264,394655.96570488706,4438783.13169892,0.003848398640769843,0
actual,1745424826.2605274,394655.96564571484,4438783.131734346,0.003838554983788645,0
actual,1745424826.3605435,394655.9655676734,4438783.131793111,0.003813910934750451,0
actual,1745424826.460486,394655.96531389863,4438783.13108459,0.0038277688490112698,0
actual,1745424826.5605516,394655.9651975132,4438783.131019723,0.0038470721905384518,0
actual,1745424826.6604989,394655.96508694394,4438783.1309436,0.0038606508521189125,0
actual,1745424826.76058,394655.9649716969,4438783.130891114,0.003852395444756988,0
actual,1745424826.8604841,394655.9648363196,4438783.130783926,0.0038892742518515278,0
actual,1745424826.9605885,394655.9679751147,4438783.13125042,0.0038682430343650173,0
actual,1745424827.0604746,394655.9681292456,4438783.131265509,0.003849061865885662,0
actual,1745424827.1604774,394655.9682447154,4438783.131286247,0.003857596525927945,0
actual,1745424827.260451,394655.96834685747,4438783.13135012,0.0038541233207165645,0
actual,1745424827.3606057,394655.96842981677,4438783.131405481,0.003884492049701232,0
actual,1745424827.4604805,394655.96884360875,4438783.128622324,0.0038773012931830643,0
actual,1745424827.5605369,394655.9688342576,4438783.128472994,0.0038879478016201367,0
actual,1745424827.6605628,394655.9688049012,4438783.128324492,0.003919101928768203,0
actual,1745424827.7605433,394655.96876452223,4438783.128164875,0.003951460333100082,0
actual,1745424827.860531,394655.9686903175,4438783.128018672,0.0039866112642352935,0
actual,1745424827.9605443,394655.9704798333,4438783.129339947,0.003860249426390975,0
actual,1745424828.0605006,394655.9704905705,4438783.129395488,0.003864106604037817,0
actual,1745424828.1605806,394655.97048702976,4438783.129463172,0.0038646476561060576,0
actual,1745424828.2605615,394655.97043517407,4438783.129540133,0.0039027307403844093,0
actual,1745424828.3605323,394655.9703693894,4438783.129674334,0.003869307685208774,0
actual,1745424828.460508,394655.9714727976,4438783.130172744,0.0038198974140848064,0
actual,1745424828.5605419,394655.97150293377,4438783.130205442,0.003867981234977383,0
actual,1745424828.6604736,394655.9715043545,4438783.1302721,0.0038756955902710674,0
actual,1745424828.760427,394655.97148235375,4438783.130328639,0.0038697091109367115,0
actual,1745424828.8605616,394655.9714456902,4438783.130354236,0.003867440182909143,0
actual,1745424828.9604876,394655.9694928997,4438783.130005549,0.003842150362047853,0
actual,1745424829.0604784,394655.9692759106,4438783.130074994,0.0038566540481317674,0
actual,1745424829.1605659,394655.96904926334,4438783.130151104,0.003863583005262301,0
actual,1745424829.260467,394655.9688153839,4438783.130241411,0.003883148146177117,0
actual,1745424829.3606257,394655.96855560155,4438783.130344588,0.0038939342809544927,0
actual,1745424829.4604735,394655.96996498224,4438783.130956294,0.0038645080297657545,0
actual,1745424829.5605907,394655.96990427334,4438783.131032666,0.0038815598965578437,0
actual,1745424829.6605225,394655.96979922534,4438783.131107855,0.00391697262708069,0
actual,1745424829.760544,394655.96970800916,4438783.13125575,0.0038859581262729263,0
actual,1745424829.860487,394655.96960296296,4438783.131405868,0.003895679610206545,0
actual,1745424829.9605129,394655.97161294136,4438783.129926626,0.0038810188444896036,0
actual,1745424830.060477,394655.9716545491,4438783.129890408,0.003922295881299474,0
actual,1745424830.1606033,394655.97168675845,4438783.129929365,0.0039269559104021905,0
actual,1745424830.2604957,394655.9717105279,4438783.129932442,0.003969035798667688,0
actual,1745424830.3605635,394655.9716962448,4438783.129983801,0.003998078077420964,0
actual,1745424830.460549,394655.97241916665,4438783.132116697,0.00390592469291568,0
actual,1745424830.5605128,394655.97238309117,4438783.132306432,0.0038726412640801,0
actual,1745424830.6604815,394655.97231108544,4438783.132469132,0.003900723611744723,0
actual,1745424830.7605705,394655.97224947385,4438783.132658154,0.0039021896883164172,0
actual,1745424830.860484,394655.9721232931,4438783.132850952,0.003926030885898737,0
actual,1745424830.960551,394655.9730062129,4438783.129904048,0.0038642462303781202,0
actual,1745424831.0604806,394655.97297703655,4438783.129785288,0.0038978089118938105,0
actual,1745424831.1606085,394655.9729314872,4438783.129642737,0.0039274969624704305,0
actual,1745424831.260536,394655.9728363072,4438783.129564266,0.003928421986973885,0
actual,1745424831.360479,394655.97265348,4438783.129506281,0.003931354140117273,0
actual,1745424831.4605136,394655.97185936954,4438783.129635991,0.003856392248744133,0
actual,1745424831.5604744,394655.97182404844,4438783.129644378,0.003885818499932623,0
actual,1745424831.6605802,394655.97182370006,4438783.12963078,0.00391006112324288,0
actual,1745424831.7605333,394655.97177537705,4438783.129581142,0.003963852170789454,0
actual,1745424831.860474,394655.9714984859,4438783.1295963125,0.003975161904342346,0
actual,1745424831.9606047,394655.96999435563,4438783.1300645135,0.003840946084864041,0
actual,1745424832.0606184,394655.9695434537,4438783.130108803,0.003892084231947337,0
actual,1745424832.160534,394655.9692394869,4438783.130292676,0.0038169827142341423,0
actual,1745424832.2604065,394655.9690780527,4438783.130234271,0.003912050798590091,0
actual,1745424832.3605015,394655.968802799,4438783.130323035,0.0038799541936460945,0
actual,1745424832.4604843,394655.97074803454,4438783.128932192,0.003823230992956132,0
actual,1745424832.5605133,394655.9706311767,4438783.128902432,0.0037997912211019977,0
actual,1745424832.6605027,394655.9703044633,4438783.128911285,0.0038151152119345107,0
actual,1745424832.760679,394655.96992061037,4438783.128927834,0.003813910934750451,0
actual,1745424832.8605227,394655.9696799349,4438783.128844881,0.0038864817250484425,0
actual,1745424832.960549,394655.9684612526,4438783.13063084,0.0038492014922259653,0
actual,1745424833.0605567,394655.9681720703,4438783.130855035,0.003830823175202237,0
actual,1745424833.1605775,394655.96785686223,4438783.130969729,0.0038768998674551273,0
actual,1745424833.2605164,394655.9675059175,4438783.131187038,0.0038646476561060576,0
actual,1745424833.3605158,394655.9671397597,4438783.1313358275,0.003907390769487374,0
actual,1745424833.4605181,394655.97060410323,4438783.129023426,0.0038618551293027243,0
actual,1745424833.5605302,394655.9705485925,4438783.128902019,0.0038748927388151926,0
actual,1745424833.66048,394655.9705298754,4438783.128742051,0.0039356127434920524,0
actual,1745424833.760536,394655.970453967,4438783.12863602,0.003888872826123591,0
actual,1745424833.8605158,394655.9703123622,4438783.128507358,0.003876358815386887,0
actual,1745424833.9607153,394655.9680443767,4438783.1272448255,0.0038123226851311774,0
actual,1745424834.060553,394655.9678385763,4438783.127123641,0.0037922164921481206,0
actual,1745424834.1604836,394655.96760507737,4438783.126970869,0.003828152821446731,0
actual,1745424834.2605553,394655.96729050454,4438783.126851368,0.003809111279307431,0
actual,1745424834.3604434,394655.9669700052,4438783.12670122,0.003814451986818691,0
actual,1745424834.460525,394655.9679691794,4438783.126537775,0.0038350817785772645,0
actual,1745424834.5605333,394655.96783478063,4438783.126502974,0.0038468103911505694,0
actual,1745424834.6605752,394655.9677170063,4438783.126473527,0.0038317481997059387,0
actual,1745424834.7605584,394655.96757491335,4438783.126450667,0.0038338949546859284,0
actual,1745424834.860524,394655.96741533553,4438783.126433441,0.0038312246009304224,0
actual,1745424834.960475,394655.969312108,4438783.126471636,0.0038121830587911224,0
actual,1745424835.06053,394655.96932134475,4438783.1264272155,0.0038345581798014997,0
actual,1745424835.160531,394655.9693123063,4438783.126403148,0.0038573172732475867,0
actual,1745424835.2604582,394655.96930885344,4438783.12640423,0.003845344314578875,0
actual,1745424835.3605719,394655.96928738686,4438783.126369133,0.0038542629470566196,0
actual,1745424835.4605863,394655.9713833668,4438783.1269328995,0.003818169538125478,0
actual,1745424835.5605242,394655.9714398822,4438783.127074932,0.003810455182831546,0
actual,1745424835.660536,394655.9715420083,4438783.12715164,0.003865310881221877,0
actual,1745424835.7605247,394655.97159454174,4438783.127204206,0.003856531875084188,0
actual,1745424835.860488,394655.97145297803,4438783.127428066,0.0038169827142341423,0
actual,1745424835.960556,394655.9701274199,4438783.128677776,0.0037547966329855883,0
actual,1745424836.06055,394655.97000628925,4438783.12867932,0.0038802334463262046,0
actual,1745424836.160487,394655.9696609094,4438783.129009619,0.003761708136823398,0
actual,1745424836.2605276,394655.96951793204,4438783.129272349,0.0037999308474420527,0
actual,1745424836.3605874,394655.9693393309,4438783.129414633,0.0038685048337528997,0
actual,1745424836.4604812,394655.9708257532,4438783.128598542,0.00384201073570755,0
actual,1745424836.5605524,394655.9705813622,4438783.12870374,0.0038302995764267207,0
actual,1745424836.6605198,394655.97035447636,4438783.128674063,0.003912190424930394,0
actual,1745424836.760647,394655.96989913867,4438783.128939294,0.003755721657489042,0
actual,1745424836.8605921,394655.9696551141,4438783.1289410265,0.0038876860022322548,0
actual,1745424836.9605799,394655.97214921925,4438783.12786123,0.003932017365233092,0
actual,1745424837.0605474,394655.97216675227,4438783.127848283,0.003866515158405689,0
actual,1745424837.1605132,394655.97222282353,4438783.127745037,0.003959052515346435,0
actual,1745424837.2605126,394655.9721900215,4438783.127831906,0.0038721002120121074,0
actual,1745424837.360512,394655.9721950878,4438783.127701161,0.003982631913540872,0
actual,1745424837.4605477,394655.97030753875,4438783.128369577,0.0039482663805690595,0
actual,1745424837.5605943,394655.970018359,4438783.128472159,0.003981288010016757,0
actual,1745424837.660554,394655.9696719999,4438783.128560354,0.00400671745721835,0
actual,1745424837.7605639,394655.9692350305,4438783.12866836,0.003993418048318247,0
actual,1745424837.8605807,394655.9688162813,4438783.128700057,0.004055063077498561,0
actual,1745424837.960541,394655.9705014102,4438783.128520515,0.003901927888928535,0
actual,1745424838.0604777,394655.97036612395,4438783.128547145,0.003914843325393424,0
actual,1745424838.160483,394655.9702056208,4438783.128464408,0.00394693993033742,0
actual,1745424838.2604787,394655.9699841404,4438783.128435677,0.0039490692320249335,0
actual,1745424838.3606365,394655.9697365761,4438783.128369689,0.003975301530682401,0
actual,1745424838.4605935,394655.9712817765,4438783.12734091,0.0039024689409967754,0
actual,1745424838.5605283,394655.9713194128,4438783.12721168,0.003941215250390946,0
actual,1745424838.6605003,394655.97126834944,4438783.1270584185,0.00395079710798451,0
actual,1745424838.760541,394655.9711687868,4438783.126941666,0.0039485281799569415,0
actual,1745424838.8604474,394655.97107169183,4438783.12686817,0.003975441157022704,0
actual,1745424838.960543,394655.9708163568,4438783.12655267,0.003870232709712476,0
actual,1745424839.0604866,394655.97069215577,4438783.126454858,0.00385625262240383,0
actual,1745424839.1606195,394655.9705546282,4438783.1263491325,0.0038879478016201367,0
actual,1745424839.2605586,394655.9703831284,4438783.126246987,0.003934949518376233,0
actual,1745424839.3605113,394655.97021887003,4438783.126133812,0.0039256294601708,0
actual,1745424839.4604766,394655.9693124434,4438783.128271708,0.0038237720450243723,0
actual,1745424839.5604868,394655.969122938,4438783.128432233,0.003820298839812744,0
actual,1745424839.660533,394655.9688209086,4438783.128590414,0.0038026012011975587,0
actual,1745424839.7604759,394655.9685288557,4438783.128789136,0.0038449428888509382,0
actual,1745424839.8604684,394655.96820457047,4438783.128938881,0.003839881434020284,0
actual,1745424839.9607615,394655.96861176135,4438783.12781146,0.00383096280154254,0
actual,1745424840.0605304,394655.9683630472,4438783.127795526,0.003856531875084188,0
actual,1745424840.160652,394655.96809831046,4438783.127730728,0.0039031321661125947,0
actual,1745424840.260535,394655.96787105757,4438783.127691488,0.003928963039041877,0
actual,1745424840.3605115,394655.9676205809,4438783.127716324,0.003917112253420993,0
actual,1745424840.4604807,394655.97052660765,4438783.128590695,0.003837088907216951,0
actual,1745424840.5605156,394655.9705274889,4438783.128604237,0.003839340381952044,0
actual,1745424840.6604736,394655.9704757613,4438783.128707118,0.0038176459393497136,0
actual,1745424840.7605622,394655.9704219066,4438783.128807744,0.003866637331453268,0
actual,1745424840.860529,394655.9703083503,4438783.128930751,0.003844681089463304,0
actual,1745424840.9605474,394655.9711018309,4438783.127083387,0.003864106604037817,0
actual,1745424841.0605302,394655.97105069563,4438783.127038006,0.003855065798512494,0
actual,1745424841.1606824,394655.9710360422,4438783.126823468,0.003921109057408138,0
actual,1745424841.2605267,394655.9710979102,4438783.12672872,0.003913115449433848,0
actual,1745424841.3604743,394655.97113735764,4438783.126746882,0.0038926078307228535,0
actual,1745424841.460425,394655.97025293065,4438783.128249821,0.0037574495334486186,0
actual,1745424841.560545,394655.97004818334,4438783.128276274,0.0037418811965206993,0
actual,1745424841.6605809,394655.9697810662,4438783.128372363,0.003736680115349742,0
actual,1745424841.760561,394655.9693467169,4438783.128551301,0.003701930609942468,0
actual,1745424841.8604834,394655.9685206521,4438783.128671959,0.003669031153542597,0
actual,1745424841.960538,394655.96897391527,4438783.133272707,0.00375451738030523,0
actual,1745424842.060507,394655.9683517697,4438783.134147059,0.003825761720371583,0
actual,1745424842.160513,394655.96831134503,4438783.135132548,0.0038274895963311593,0
actual,1745424842.2604837,394655.9685287683,4438783.136050443,0.003873967714311739,0
actual,1745424842.3605454,394655.9686901781,4438783.137084188,0.003843476812279244,0
actual,1745424842.4605484,394655.97032474366,4438783.131098301,0.003927758761858065,0
actual,1745424842.5605843,394655.9705823173,4438783.131076475,0.003908996472399123,0
actual,1745424842.660634,394655.9706510062,4438783.131039662,0.003974760478614409,0
actual,1745424842.76054,394655.9705864396,4438783.1310779685,0.003977169032982033,0
actual,1745424842.860568,394655.9704819388,4438783.131070046,0.0039746383055665815,0
actual,1745424842.9605582,394655.97164234775,4438783.131174735,0.0038441400373950634,0
actual,1745424843.0604868,394655.9717054368,4438783.1311688945,0.0038633212058744185,0
actual,1745424843.1605196,394655.97178856767,4438783.131095588,0.0039180372779244466,0
actual,1745424843.260531,394655.9719205361,4438783.1311325375,0.003866515158405689,0
actual,1745424843.3605032,394655.972010864,4438783.131160957,0.0038926078307228535,0
actual,1745424843.460469,394655.9700550714,4438783.13353105,0.0038317481997059387,0
actual,1745424843.5605783,394655.9698411184,4438783.133668179,0.0038814202702177887,0
actual,1745424843.6605027,394655.96962522983,4438783.133840965,0.0038787673697547585,0
actual,1745424843.760524,394655.96937142225,4438783.134008165,0.0039226973070274115,0
actual,1745424843.8605192,394655.96910480096,4438783.134205224,0.003928421986973885,0
actual,1745424843.9604855,394655.96759510075,4438783.132434578,0.0038686444600929547,0
actual,1745424844.0605488,394655.9672683794,4438783.13235291,0.0038911417541511594,0
actual,1745424844.1607401,394655.96692108177,4438783.13225862,0.003930289489273516,0
actual,1745424844.2605364,394655.96653497865,4438783.132088138,0.003965178621020846,0
actual,1745424844.3605268,394655.9661054017,4438783.131934803,0.0039529264096717755,0
actual,1745424844.4605243,394655.9684010449,4438783.130833934,0.0038245574431877713,0
actual,1745424844.560587,394655.968337444,4438783.130659035,0.003861453703574787,0
actual,1745424844.6604848,394655.9682529606,4438783.130492639,0.0038697091109367115,0
actual,1745424844.760631,394655.96815122257,4438783.130315349,0.0038780866913464634,0
actual,1745424844.8605492,394655.9680548084,4438783.130095575,0.003895539983866242,0
actual,1745424844.9606373,394655.968512612,4438783.129840586,0.0038300203237463626,0
actual,1745424845.0605583,394655.9684233974,4438783.129808682,0.003806196579456767,0
actual,1745424845.1605241,394655.9683096708,4438783.129661616,0.003825761720371583,0
actual,1745424845.260511,394655.9682085785,4438783.129552812,0.00384201073570755,0
actual,1745424845.3604736,394655.9680380136,4438783.129451832,0.0038529364968252285,0
actual,1745424845.4605317,394655.9696732622,4438783.128951739,0.0038240338444120066,0
actual,1745424845.5606446,394655.96958122164,4438783.128882659,0.0038581201247034616,0
actual,1745424845.6605735,394655.9694993555,4438783.128841249,0.003847473616266389,0
actual,1745424845.760482,394655.96936941484,4438783.128769191,0.0038782263176865184,0
actual,1745424845.8605616,394655.9691987594,4438783.128721814,0.003907530395827429,0
actual,1745424845.9605534,394655.96785566316,4438783.129428085,0.0038607904784592156,0
actual,1745424846.0605218,394655.9676790349,4438783.129448002,0.0038823627480137186,0
actual,1745424846.1605499,394655.9674775307,4438783.129480361,0.0038807570451019693,0
actual,1745424846.2605517,394655.96723109984,4438783.1295094695,0.003876498441726942,0
actual,1745424846.3606224,394655.96702326403,4438783.129517167,0.0039061864923035624,0
actual,1745424846.4606047,394655.9683053521,4438783.12921778,0.003884212797020874,0
actual,1745424846.5605032,394655.96832405246,4438783.129222026,0.0039184387036523835,0
actual,1745424846.6605394,394655.96836365154,4438783.129278426,0.0039015264632005974,0
actual,1745424846.7605007,394655.968347842,4438783.129303925,0.003939487374431618,0
actual,1745424846.8606298,394655.96831933636,4438783.129381104,0.0039445488292622725,0
actual,1745424846.9605665,394655.97005038115,4438783.128559633,0.0038542629470566196,0
actual,1745424847.060477,394655.97008600633,4438783.128554008,0.0038768998674551273,0
actual,1745424847.160655,394655.9700668707,4438783.128588233,0.003858783349819281,0
actual,1745424847.2605665,394655.97001457127,4438783.128619505,0.0038723620113997417,0
actual,1745424847.3605735,394655.96995714604,4438783.128625765,0.003890338902695285,0
actual,1745424847.4605415,394655.9687647952,4438783.128702037,0.0038297585243587283,0
actual,1745424847.5605044,394655.9685919067,4438783.128693489,0.003852395444756988,0
actual,1745424847.6604137,394655.96838292264,4438783.1286952095,0.0038780866913464634,0
actual,1745424847.7605298,394655.96814237174,4438783.128733661,0.0038966046347099987,0
actual,1745424847.8605201,394655.96787838667,4438783.128827513,0.0038802334463262046,0
actual,1745424847.960553,394655.96917549556,4438783.13067183,0.0038019205227892636,0
actual,1745424848.0604851,394655.96900320303,4438783.130824009,0.0038187105901934704,0
actual,1745424848.160596,394655.9688614486,4438783.131012907,0.0038424121614354873,0
actual,1745424848.260567,394655.96869169595,4438783.131240701,0.0038340171277335077,0
actual,1745424848.3605177,394655.9684761352,4438783.131439898,0.003832289251773931,0
actual,1745424848.4604769,394655.9703309033,4438783.130291927,0.0037866139852492263,0
actual,1745424848.5604875,394655.9703491938,4438783.130254408,0.003810455182831546,0
actual,1745424848.6605039,394655.97034446476,4438783.13021548,0.003810455182831546,0
actual,1745424848.7606742,394655.9702987631,4438783.130173225,0.003857718698975524,0
actual,1745424848.8605766,394655.9702790948,4438783.130142564,0.0038567936744720705,0
actual,1745424848.9606264,394655.96862371464,4438783.1302798325,0.0038168430878938392,0
actual,1745424849.0604856,394655.968433467,4438783.130207502,0.0038647872824461127,0
actual,1745424849.1605992,394655.96823696693,4438783.130163993,0.0038900771033076507,0
actual,1745424849.2604837,394655.968044968,4438783.1301319115,0.00389101958110358,0
actual,1745424849.3605075,394655.96774270484,4438783.130065976,0.003921632656183655,0
actual,1745424849.4605625,394655.96933814394,4438783.130470882,0.003842272535095432,0
actual,1745424849.560398,394655.9692262358,4438783.130485309,0.0038705119623925863,0
actual,1745424849.6604104,394655.9691074087,4438783.130519226,0.003902067515268838,0
actual,1745424849.7605827,394655.96897990693,4438783.130638021,0.0038671783835215086,0
actual,1745424849.8605149,394655.9688093435,4438783.130765528,0.003869831283984539,0
actual,1745424849.9604774,394655.96916834754,4438783.130675456,0.0038553275979003763,0
actual,1745424850.060479,394655.9690392321,4438783.130726979,0.003910183296290459,0
actual,1745424850.1605127,394655.9688729091,4438783.130834502,0.003920568005339897,0
actual,1745424850.2605147,394655.9686446546,4438783.130967175,0.00394280350001022,0
actual,1745424850.3604765,394655.96834316594,4438783.131082769,0.00398982267005904,0
actual,1745424850.4605238,394655.97042000556,4438783.130336744,0.0038964650083699436,0
actual,1745424850.5605385,394655.9703508167,4438783.13031922,0.003932558417301085,0
actual,1745424850.6605158,394655.9702362656,4438783.130324716,0.003909258271787006,0
actual,1745424850.760613,394655.97003512987,4438783.130314419,0.003938684522975496,0
actual,1745424850.8604712,394655.9698452438,4438783.130310749,0.003976366181526158,0
actual,1745424850.9604855,394655.9681658357,4438783.132145427,0.0039015264632005974,0
actual,1745424851.0604758,394655.96792169375,4438783.132270501,0.0038962032089820612,0
actual,1745424851.1605208,394655.96763464954,4438783.132418337,0.003915506550508995,0
actual,1745424851.260526,394655.96729526145,4438783.1325327195,0.00395493353831171,0
actual,1745424851.3605747,394655.966875836,4438783.132699153,0.003991149120290431,0
actual,1745424851.4604788,394655.9696504527,4438783.132780045,0.0038432150128916097,0
actual,1745424851.5605924,394655.9698869784,4438783.132774021,0.0038936724815666103,0
actual,1745424851.6604779,394655.9700628351,4438783.132917194,0.003866113732677752,0
actual,1745424851.76054,394655.969994836,4438783.132751467,0.003982352660860514,0
actual,1745424851.8604841,394655.9699555597,4438783.132687454,0.0038850156484767488,0
actual,1745424851.9605882,394655.96859390603,4438783.133767446,0.0038212413176089213,0
actual,1745424852.0605195,394655.9686345675,4438783.134094349,0.00375451738030523,0
actual,1745424852.1605513,394655.9685164652,4438783.134094239,0.0038914035535390417,0
actual,1745424852.2605374,394655.96833343816,4438783.134138834,0.0038967442610503018,0
actual,1745424852.3605576,394655.96828942245,4438783.134388382,0.0038671783835215086,0
actual,1745424852.4604235,394655.9694463141,4438783.134862426,0.003833493528957991,0
actual,1745424852.56048,394655.96955028333,4438783.135009263,0.0038035262257012604,0
actual,1745424852.6605105,394655.96960371017,4438783.134965363,0.0038703723360525313,0
actual,1745424852.7606142,394655.9696895265,4438783.135295002,0.003806598005184704,0
actual,1745424852.8605468,394655.96981450653,4438783.135530251,0.003866637331453268,0
actual,1745424852.9604816,394655.96932915354,4438783.132047468,0.0038918049792669787,0
actual,1745424853.0605178,394655.9690447907,4438783.131752898,0.003921911908864013,0
actual,1745424853.1605442,394655.96884859516,4438783.131640417,0.0039318951921852655,0
actual,1745424853.260484,394655.9686188402,4438783.131361663,0.003944269576581914,0
actual,1745424853.3604777,394655.9682544103,4438783.130932736,0.003979420507717125,0
actual,1745424853.4605463,394655.9688480048,4438783.13150782,0.0038935328552265553,0
actual,1745424853.5605905,394655.96865295526,4438783.13157379,0.0039061864923035624,0
actual,1745424853.6607356,394655.9684949772,4438783.131528595,0.003934024493872779,0
actual,1745424853.760499,394655.9682854689,4438783.131314008,0.003954654285631352,0
actual,1745424853.8605504,394655.9680478729,4438783.13123229,0.003979560134057428,0
actual,1745424853.9604802,394655.96976288705,4438783.130710243,0.003816441662165902,0
actual,1745424854.060694,394655.96981596644,4438783.130692713,0.0038274895963311593,0
actual,1745424854.160547,394655.96977918874,4438783.130760844,0.0038304217494742995,0
actual,1745424854.2604866,394655.9695573306,4438783.13066869,0.0038798320205982676,0
actual,1745424854.3605855,394655.96951562737,4438783.130656345,0.003839340381952044,0
actual,1745424854.4605966,394655.96862595057,4438783.130868965,0.003861314077234732,0
actual,1745424854.5605774,394655.9685814479,4438783.131053091,0.0038149755855942076,0
actual,1745424854.6605458,394655.96859441744,4438783.130951765,0.003930690915001454,0
actual,1745424854.760544,394655.9684711794,4438783.1312612025,0.0038579804983634065,0
actual,1745424854.8605492,394655.9682772811,4438783.131503107,0.0038939342809544927,0
actual,1745424854.9604747,394655.96828960394,4438783.129991254,0.003854001147668737,0
actual,1745424855.0604715,394655.9683249458,4438783.129822192,0.003908856846059068,0
actual,1745424855.1606812,394655.9683886288,4438783.1296890415,0.00391950335449614,0
actual,1745424855.2605553,394655.96833242977,4438783.129576732,0.003927898388198368,0
actual,1745424855.360609,394655.96814562025,4438783.1295318445,0.003941337423438526,0
actual,1745424855.4605305,394655.9673661174,4438783.130927337,0.003804189450816832,0
actual,1745424855.5605283,394655.9672658623,4438783.130953527,0.0038020601491295667,0
actual,1745424855.660549,394655.9671065087,4438783.130962511,0.0038224281415002574,0
actual,1745424855.7605152,394655.9668730079,4438783.131065632,0.0038000704737821077,0
actual,1745424855.8603985,394655.9666442722,4438783.131094716,0.003839340381952044,0
actual,1745424855.9607034,394655.9673771198,4438783.1325932415,0.0038424121614354873,0
actual,1745424856.0605125,394655.96728249465,4438783.132695336,0.0038832877725174203,0
actual,1745424856.160594,394655.96722940373,4438783.132844064,0.003868906259480837,0
actual,1745424856.260488,394655.9671714775,4438783.132989631,0.0038569158475196493,0
actual,1745424856.3605957,394655.9670512533,4438783.133134507,0.0038531982962128624,0
actual,1745424856.4605064,394655.9682931496,4438783.132493143,0.003856392248744133,0
actual,1745424856.5604846,394655.9682674201,4438783.13249678,0.003839881434020284,0
actual,1745424856.6604862,394655.96823814965,4438783.132449184,0.003860912651506795,0
actual,1745424856.760515,394655.9681807593,4438783.132411416,0.0038695694845966564,0
actual,1745424856.8604822,394655.96804665925,4438783.132396398,0.003884352423360929,0
actual,1745424856.9605606,394655.9678073875,4438783.131468859,0.0038646476561060576,0
actual,1745424857.0605056,394655.96774701553,4438783.131465786,0.003897128233485515,0
actual,1745424857.1605155,394655.96766774834,4438783.131482466,0.0038892742518515278,0
actual,1745424857.2604747,394655.96752203075,4438783.1315027485,0.0038904785290355876,0
actual,1745424857.3605156,394655.96738478425,4438783.1315468615,0.0038924682043827985,0
actual,1745424857.4605644,394655.9675805704,4438783.130898188,0.0038377521323327704,0
actual,1745424857.5605571,394655.9674555651,4438783.130920584,0.003843878238007181,0
actual,1745424857.6605563,394655.9672703288,4438783.130945843,0.003880495245714087,0
actual,1745424857.7605977,394655.9670468236,4438783.130992013,0.0038782263176865184,0
actual,1745424857.8605833,394655.9667824063,4438783.13104149,0.003895941409594179,0
actual,1745424857.9608102,394655.9664254439,4438783.1326523265,0.003848538267110146,0
actual,1745424858.0605474,394655.96623496216,4438783.132790909,0.0038854170742046857,0
actual,1745424858.1604848,394655.9660813371,4438783.1329788435,0.0038935328552265553,0
actual,1745424858.2604687,394655.9658655154,4438783.133172376,0.003868906259480837,0
actual,1745424858.3605943,394655.9656122538,4438783.133342413,0.003871576613236343,0
actual,1745424858.4605289,394655.96769085154,4438783.132776656,0.003839619634632402,0
actual,1745424858.5604527,394655.96770511125,4438783.132844487,0.00386105227784685,0
actual,1745424858.6605158,394655.9677034137,4438783.132889381,0.003899397161513332,0
actual,1745424858.7605512,394655.96769010427,4438783.13296578,0.0038962032089820612,0
actual,1745424858.8604763,394655.96763812716,4438783.133014314,0.003934548092648296,0
actual,1745424858.9606183,394655.9676849154,4438783.131716227,0.003887022777116683,0
actual,1745424859.060506,394655.9676338724,4438783.1316353185,0.003904720415731868,0
actual,1745424859.1606872,394655.9675420857,4438783.131529224,0.003916571201352752,0
actual,1745424859.2605474,394655.96744835004,4438783.131457042,0.003907128970099492,0
actual,1745424859.3605409,394655.9673280365,4438783.131353514,0.0038992749884655046,0
actual,1745424859.4603932,394655.96652777423,4438783.133014432,0.0038250984952557633,0
actual,1745424859.560538,394655.96632830455,4438783.133053172,0.0038400036070678632,0
actual,1745424859.660515,394655.96613845835,4438783.133081493,0.003855187971560073,0
actual,1745424859.7605915,394655.9659475507,4438783.133131871,0.0038430753865513066,0
actual,1745424859.8605385,394655.9657020563,4438783.133127818,0.0038615758766226142,0
actual,1745424859.9605887,394655.9668997964,4438783.131408534,0.0038605112257788575,0
actual,1745424860.0605502,394655.9668632117,4438783.131324322,0.0038345581798014997,0
actual,1745424860.1605387,394655.96679682157,4438783.13118063,0.0038643858567181753,0
actual,1745424860.2605538,394655.9667885423,4438783.131099859,0.003902067515268838,0
actual,1745424860.3605866,394655.96678599203,4438783.131056601,0.0039097818705625224,0
actual,1745424860.4605124,394655.96702738723,4438783.13096329,0.0038240338444120066,0
actual,1745424860.5605445,394655.96694109804,4438783.130944026,0.0038402828597482214,0
actual,1745424860.6605108,394655.9668714993,4438783.130916207,0.0038300203237463626,0
actual,1745424860.7606072,394655.9667751186,4438783.130906302,0.0038024615748575036,0
actual,1745424860.860551,394655.96667445323,4438783.130953874,0.0037743617739004046,0
actual,1745424860.9604669,394655.96835631895,4438783.131565022,0.003805393728000892,0
actual,1745424861.0606532,394655.96840466524,4438783.131599155,0.003830823175202237,0
actual,1745424861.1605747,394655.9684554627,4438783.131671447,0.003843598985327071,0
actual,1745424861.2606175,394655.96847393655,4438783.131751366,0.003851592593301113,0
actual,1745424861.3605082,394655.9684218872,4438783.131839603,0.003844803262510883,0
actual,1745424861.4604738,394655.9696938656,4438783.131274054,0.003840946084864041,0
actual,1745424861.5605834,394655.9697668399,4438783.131252117,0.003874491313087255,0
actual,1745424861.6606662,394655.96986910084,4438783.13122719,0.003894737132410367,0
actual,1745424861.760597,394655.9699037686,4438783.131273828,0.0038519940190290505,0
actual,1745424861.8605428,394655.9698795449,4438783.131218925,0.003926030885898737,0
actual,1745424861.9604886,394655.9707975998,4438783.130992873,0.00392856161331394,0
actual,1745424862.0604732,394655.97091563995,4438783.130907853,0.003978635109553727,0
actual,1745424862.1604757,394655.9710190691,4438783.130865429,0.0039615832427618855,0
actual,1745424862.260531,394655.9710565242,4438783.130795928,0.0039914109196783135,0
actual,1745424862.360721,394655.97111118713,4438783.1307623815,0.003998863475584363,0
actual,1745424862.460593,394655.9711768099,4438783.130737702,0.0040048674082111945,0
actual,1745424862.5605233,394655.9694255464,4438783.131365054,0.0038136491353628166,0
actual,1745424862.6605313,394655.9693298306,4438783.131463367,0.003806859804572586,0
actual,1745424862.7606468,394655.9691595107,4438783.131483318,0.003829357098630791,0
actual,1745424862.8605168,394655.9690074862,4438783.131586189,0.0038747705657676134,0
actual,1745424862.9605415,394655.96950396814,4438783.131719062,0.003879290968530275,0
actual,1745424863.060528,394655.9694537016,4438783.1317426115,0.0038823627480137186,0
actual,1745424863.1605394,394655.9693930436,4438783.131797581,0.0038686444600929547,0
actual,1745424863.2604938,394655.9693268554,4438783.131815838,0.0038800938199861496,0
actual,1745424863.3605928,394655.96930210735,4438783.131794471,0.003896063582642006,0
actual,1745424863.4604838,394655.9693918957,4438783.13192046,0.0038582597510437647,0
actual,1745424863.5606647,394655.9692339843,4438783.131943934,0.0038760970159990044,0
actual,1745424863.660523,394655.9690234445,4438783.131998811,0.003911911172250036,0
actual,1745424863.7604816,394655.9689253592,4438783.132050789,0.003949872083480808,0
actual,1745424863.8605146,394655.968759564,4438783.132117992,0.003935490570444473,0
actual,1745424863.9605703,394655.96881748375,4438783.132431847,0.0038163020358258468,0
actual,1745424864.060531,394655.9686036309,4438783.132551755,0.003832149625433876,0
actual,1745424864.1605997,394655.96832795284,4438783.132665717,0.0037848861092898978,0
actual,1745424864.2605405,394655.9680819923,4438783.132846345,0.0037967368949107824,0
actual,1745424864.3606021,394655.9678536294,4438783.133089345,0.0037465412256236638,0
actual,1745424864.460478,394655.9690293796,4438783.130919853,0.003797801545754539,0
actual,1745424864.560475,394655.96898058255,4438783.130823603,0.0038245574431877713,0
actual,1745424864.660477,394655.9688714463,4438783.130726012,0.0038326906775018686,0
actual,1745424864.7605538,394655.9686989435,4438783.13064154,0.003840806458523738,0
actual,1745424864.8604822,394655.96853301045,4438783.130589044,0.0038705119623925863,0
actual,1745424864.960631,394655.9692946897,4438783.13170936,0.0038541233207165645,0
actual,1745424865.0605211,394655.9692876119,4438783.131702346,0.003897128233485515,0
actual,1745424865.160749,394655.96924954536,4438783.131743531,0.003903393965500229,0
actual,1745424865.2604833,394655.9691899483,4438783.131728847,0.003951599959440385,0
actual,1745424865.3604784,394655.96912989684,4438783.131794603,0.00394959283080045,0
actual,1745424865.4605017,394655.96925163554,4438783.13201024,0.0038225677678403124,0
actual,1745424865.5605292,394655.96921866946,4438783.131996999,0.003851592593301113,0
actual,1745424865.660787,394655.9691495521,4438783.132024054,0.003867701982297025,0
actual,1745424865.7607262,394655.96902104624,4438783.132006781,0.00391697262708069,0
actual,1745424865.8607714,394655.96889982675,4438783.1320370715,0.003905121841459805,0
actual,1745424865.9605775,394655.96904489055,4438783.1324329,0.003813771308410396,0
actual,1745424866.0605545,394655.9690061365,4438783.132427953,0.0037926004645835822,0
actual,1745424866.160565,394655.9688810095,4438783.1323900595,0.003820298839812744,0
actual,1745424866.2604878,394655.9687239418,4438783.1323465975,0.003820298839812744,0
actual,1745424866.360623,394655.96854924434,4438783.132291311,0.003855065798512494,0
actual,1745424866.4606054,394655.9700139152,4438783.132558109,0.003843476812279244,0
actual,1745424866.560587,394655.97005932033,4438783.132602758,0.0038462693390825774,0
actual,1745424866.6605072,394655.9700811085,4438783.132690045,0.003843337185939189,0
actual,1745424866.7605457,394655.97008269496,4438783.132783155,0.0038531982962128624,0
actual,1745424866.860516,394655.970090555,4438783.132900513,0.0038274895963311593,0
actual,1745424866.96052,394655.9708113776,4438783.131668453,0.003839619634632402,0
actual,1745424867.0604854,394655.97082124837,4438783.131561221,0.003867981234977383,0
actual,1745424867.1606426,394655.97080103506,4438783.131467669,0.0038645080297657545,0
actual,1745424867.2605996,394655.97073295945,4438783.13132657,0.0038906181553756427,0
actual,1745424867.3605568,394655.9707047128,4438783.131224215,0.0038773012931830643,0
actual,1745424867.4605327,394655.96951812576,4438783.131063005,0.003804067277769253,0
actual,1745424867.5604951,394655.969355264,4438783.130936819,0.003845344314578875,0
actual,1745424867.6604288,394655.9692037988,4438783.130863444,0.0038559908230161957,0
actual,1745424867.7605336,394655.9690469436,4438783.130754073,0.0038808966714420244,0
actual,1745424867.860548,394655.9688602992,4438783.130675868,0.003871576613236343,0
actual,1745424867.9605484,394655.968791418,4438783.131616986,0.003823230992956132,0
actual,1745424868.0605793,394655.968587291,4438783.131605243,0.003860127253343396,0
actual,1745424868.160513,394655.9683831744,4438783.131592682,0.0038352214049173195,0
actual,1745424868.2605333,394655.96810857253,4438783.131507636,0.0038835495719050546,0
actual,1745424868.3604796,394655.9678344709,4438783.131460463,0.0038896756775797132,0
actual,1745424868.460563,394655.96924964804,4438783.131432664,0.0038631815795343635,0
actual,1745424868.5605001,394655.96923475235,4438783.131492012,0.0038470721905384518,0
actual,1745424868.6604853,394655.9692023095,4438783.131487776,0.00384201073570755,0
actual,1745424868.7606068,394655.9691350153,4438783.131406512,0.003912975823093793,0
actual,1745424868.8605535,394655.96912498906,4438783.1313961325,0.0038824849210612974,0
actual,1745424868.9605324,394655.96718562435,4438783.132122987,0.0037935429423797597,0
actual,1745424869.0605145,394655.96702762786,4438783.132163603,0.003786212559521289,0
actual,1745424869.160485,394655.9668503014,4438783.132245614,0.00380778482907604,0
actual,1745424869.2604423,394655.9666479394,4438783.132321098,0.003791274014352191,0
actual,1745424869.3605168,394655.96643482015,4438783.132449377,0.0037750249990159764,0
actual,1745424869.4605124,394655.96705752413,4438783.132647116,0.0037807496789626976,0
actual,1745424869.5604775,394655.9670504028,4438783.132653524,0.0037906107892363714,0
actual,1745424869.660549,394655.96700388857,4438783.132712066,0.0037806275059151188,0
actual,1745424869.7605658,394655.9669101085,4438783.132748889,0.003782093582486565,0
actual,1745424869.8605392,394655.9667946507,4438783.132784842,0.003783821458446141,0
actual,1745424869.9605346,394655.9683801984,4438783.132903065,0.0038378743053803497,0
actual,1745424870.0605438,394655.9683872193,4438783.132963765,0.0038507897418452387,0
actual,1745424870.1605196,394655.96836143086,4438783.133024689,0.003880495245714087,0
actual,1745424870.2605233,394655.9683339435,4438783.1330625685,0.0039270955367422455,0
actual,1745424870.3605616,394655.96831688454,4438783.133117128,0.003949872083480808,0
actual,1745424870.4605207,394655.9677878796,4438783.132795057,0.0038617155029626693,0
actual,1745424870.5606742,394655.9676132245,4438783.132784443,0.0038820834953333604,0
actual,1745424870.6605554,394655.967408673,4438783.132812496,0.0038822231216736635,0
actual,1745424870.760608,394655.9671424697,4438783.132831706,0.00392016657961196,0
actual,1745424870.8604865,394655.9668198571,4438783.132855041,0.003932558417301085,0
actual,1745424870.960472,394655.96692238585,4438783.13103567,0.0038906181553756427,0
actual,1745424871.0604782,394655.96672823414,4438783.1308945455,0.0039018057158809556,0
actual,1745424871.1604943,394655.96651570225,4438783.1307211565,0.003930830541341509,0
actual,1745424871.260499,394655.966251977,4438783.130558645,0.003949732457140753,0
actual,1745424871.36055,394655.96597142867,4438783.130377245,0.0039870126899632305,0
actual,1745424871.4605923,394655.9674497286,4438783.130782418,0.0038826245474016005,0
actual,1745424871.56054,394655.96740552597,4438783.130774518,0.003881821695945726,0
actual,1745424871.6605651,394655.9673489679,4438783.130806497,0.003892869630110736,0
actual,1745424871.7604663,394655.9672332118,4438783.130765855,0.0039482663805690595,0
actual,1745424871.8605814,394655.96712193766,4438783.130737528,0.0039452120543780915,0
actual,1745424871.9605117,394655.96743102046,4438783.131835598,0.0038722398383521624,0
actual,1745424872.0605614,394655.9673866811,4438783.131864156,0.0038426739608233692,0
actual,1745424872.160515,394655.9673096709,4438783.131882526,0.0038361464294210212,0
actual,1745424872.2605498,394655.9671949352,4438783.1318838615,0.0038543851201041984,0
actual,1745424872.3605278,394655.967066857,4438783.131892534,0.0038645080297657545,0
actual,1745424872.4605148,394655.9693239903,4438783.131764443,0.0038488000664977802,0
actual,1745424872.560526,394655.96938317723,4438783.131769817,0.0038673180098615636,0
actual,1745424872.660533,394655.9693895082,4438783.131762741,0.0038685048337528997,0
actual,1745424872.7606337,394655.9693508683,4438783.1317432895,0.0038462693390825774,0
actual,1745424872.8605533,394655.96928774886,4438783.131696743,0.0038534600956007447,0
actual,1745424872.9605281,394655.9684648628,4438783.132042771,0.0038241734707523097,0
actual,1745424873.0606701,394655.96831587004,4438783.132062097,0.003814451986818691,0
actual,1745424873.160635,394655.96811935067,4438783.132062944,0.003836024256373194,0
actual,1745424873.260525,394655.96789181954,4438783.132085041,0.00383841535744859,0
actual,1745424873.3605776,394655.96761808416,4438783.132098901,0.0038599876270030927,0
actual,1745424873.4603884,394655.9687005752,4438783.132250083,0.00383721108026453,0
actual,1745424873.5606008,394655.9686902628,4438783.13227548,0.003829496724970846,0
actual,1745424873.6605422,394655.9686864886,4438783.132251092,0.0038456061139667576,0
actual,1745424873.760567,394655.9686759653,4438783.132192836,0.003847194363586031,0
actual,1745424873.860471,394655.96860741405,4438783.132159919,0.003854001147668737,0
actual,1745424873.9604805,394655.9672605215,4438783.131842192,0.0038673180098615636,0
actual,1745424874.06047,394655.96709430905,4438783.131854458,0.0038582597510437647,0
actual,1745424874.1605196,394655.96691403806,4438783.13185406,0.003843598985327071,0
actual,1745424874.2604723,394655.9666662416,4438783.131863569,0.0038615758766226142,0
actual,1745424874.3606067,394655.9662464042,4438783.131932352,0.0038366874814890137,0
actual,1745424874.460585,394655.9681089135,4438783.1324582845,0.003778096778499668,0
actual,1745424874.5607026,394655.9682489953,4438783.1324256295,0.003833493528957991,0
actual,1745424874.660514,394655.968199148,4438783.132500749,0.0037639770648509666,0
actual,1745424874.7604837,394655.96820791997,4438783.13244583,0.0038336157020055703,0
actual,1745424874.8604736,394655.9681378944,4438783.132462323,0.0038089891062598517,0
actual,1745424874.9604523,394655.9682734512,4438783.132482334,0.0037991279959861783,0
actual,1745424875.0605726,394655.9682172953,4438783.132451985,0.003801536550353802,0
actual,1745424875.1606364,394655.9680516061,4438783.132388777,0.0038225677678403124,0
actual,1745424875.2605653,394655.967896144,4438783.132376325,0.003791535813740073,0
actual,1745424875.3604844,394655.9676904466,4438783.1323220525,0.0037866139852492263,0
actual,1745424875.4604964,394655.96858976566,4438783.132407929,0.0038095127050356164,0
actual,1745424875.560443,394655.96850434126,4438783.132414136,0.0038168430878938392,0
actual,1745424875.6605437,394655.96838086104,4438783.13243809,0.0037982029714824766,0
actual,1745424875.7604833,394655.9682391042,4438783.132463861,0.003801536550353802,0
actual,1745424875.8604789,394655.96807778487,4438783.132543106,0.0037763689025400913,0
actual,1745424875.9606156,394655.9678270024,4438783.132394063,0.00381937381530929,0
actual,1745424876.0606167,394655.96774361073,4438783.132400341,0.0038035262257012604,0
actual,1745424876.1604788,394655.96760074206,4438783.132375282,0.0038404050327958007,0
actual,1745424876.2604864,394655.96742080967,4438783.132348816,0.003853721894988627,0
actual,1745424876.3604882,394655.9671915857,4438783.132329479,0.003876358815386887,0
actual,1745424876.4605844,394655.968911557,4438783.132525833,0.0038302995764267207,0
actual,1745424876.5605037,394655.96892778313,4438783.132577558,0.003833353902617688,0
actual,1745424876.6604688,394655.96894265193,4438783.132630507,0.003823492792344014,0
actual,1745424876.7605164,394655.9689101969,4438783.132621965,0.003853861521328682,0
actual,1745424876.8605669,394655.96888695454,4438783.132592721,0.0038952781844786076,0
actual,1745424876.9605906,394655.9700292959,4438783.132722238,0.003860127253343396,0
actual,1745424877.0605848,394655.97004052356,4438783.132774904,0.0038543851201041984,0
actual,1745424877.1604836,394655.97006193694,4438783.132818116,0.003854786545832136,0
actual,1745424877.2605202,394655.9700545669,4438783.132888996,0.003855065798512494,0
actual,1745424877.360543,394655.96997477964,4438783.132963653,0.0038777027189110017,0
actual,1745424877.4604845,394655.97030531894,4438783.131571142,0.0038623787280784886,0
actual,1745424877.560587,394655.9702213139,4438783.131455183,0.0038975296592137004,0
actual,1745424877.660507,394655.97012985783,4438783.131371879,0.0038952781844786076,0
actual,1745424877.7604551,394655.9700013562,4438783.131319147,0.0038900771033076507,0
actual,1745424877.8605137,394655.96982828935,4438783.131235698,0.003897931084941638,0
actual,1745424877.9605634,394655.9711049568,4438783.131442411,0.0038215031169968037,0
actual,1745424878.0605097,394655.9710764706,4438783.131367328,0.003844681089463304,0
actual,1745424878.1605673,394655.97099049675,4438783.131276671,0.003851330793913231,0
actual,1745424878.2604752,394655.9708574024,4438783.1311936565,0.0038570554738599524,0
actual,1745424878.3605385,394655.97074309917,4438783.131140231,0.0038280306483991517,0
actual,1745424878.4604785,394655.970994853,4438783.130731355,0.003829357098630791,0
actual,1745424878.5605845,394655.9709539856,4438783.130635188,0.0038468103911505694,0
actual,1745424878.660481,394655.970888997,4438783.130533197,0.0038595862012751558,0
actual,1745424878.760576,394655.9707703683,4438783.130386975,0.003918578329992687,0
actual,1745424878.860478,394655.97062483244,4438783.130267219,0.003917374052808875,0
actual,1745424878.9605525,394655.9725625451,4438783.13094752,0.003844803262510883,0
actual,1745424879.0605242,394655.97257670073,4438783.130963192,0.0038579804983634065,0
actual,1745424879.1604228,394655.9725240161,4438783.130975252,0.0038470721905384518,0
actual,1745424879.2604866,394655.9724227409,4438783.130954087,0.0038605112257788575,0
actual,1745424879.3606098,394655.9722966867,4438783.130933628,0.0038441400373950634,0
actual,1745424879.46044,394655.9710147886,4438783.132216521,0.0038314864003180567,0
actual,1745424879.5604317,394655.9707889946,4438783.132264721,0.003857718698975524,0
actual,1745424879.660546,394655.97056971234,4438783.132333932,0.0038586611767717017,0
actual,1745424879.760537,394655.97034256015,4438783.132383699,0.0038593244018875214,0
actual,1745424879.860534,394655.97005819145,4438783.132470978,0.0038598480006630377,0
actual,1745424879.9605374,394655.9687140866,4438783.131730134,0.0038032644263133785,0
actual,1745424880.0605369,394655.9684978528,4438783.1316344645,0.003842534334483314,0
actual,1745424880.160528,394655.9682287673,4438783.131584494,0.0038096523313756714,0
actual,1745424880.2605195,394655.96786608116,4438783.131513222,0.0038083258811440323,0
actual,1745424880.3605437,394655.96752676234,4438783.131457455,0.0037982029714824766,0
actual,1745424880.4605222,394655.96956495894,4438783.1316299625,0.0038558511966758926,0
actual,1745424880.5604792,394655.96952900745,4438783.1315312125,0.0038615758766226142,0
actual,1745424880.660515,394655.969447998,4438783.131408352,0.0038899549302598233,0
actual,1745424880.7605846,394655.9693484169,4438783.131255379,0.003892869630110736,0
actual,1745424880.8605118,394655.96922435204,4438783.131071176,0.003912452224318028,0
actual,1745424880.9606159,394655.96958005556,4438783.13246668,0.0038645080297657545,0
actual,1745424881.0605538,394655.9695819118,4438783.132458659,0.0038782263176865184,0
actual,1745424881.160534,394655.9695214258,4438783.132486809,0.003820438466153047,0
actual,1745424881.2604756,394655.96940358623,4438783.132473671,0.0038838288245854127,0
actual,1745424881.3605692,394655.96916967275,4438783.132513045,0.0038926078307228535,0
actual,1745424881.460507,394655.9698968412,4438783.132440091,0.0038080466284639222,0
actual,1745424881.560608,394655.969915921,4438783.132347032,0.003907914368262891,0
actual,1745424881.6604373,394655.9697351305,4438783.132344841,0.003836024256373194,0
actual,1745424881.7606833,394655.96951149206,4438783.132223315,0.0039048600420719232,0
actual,1745424881.8605351,394655.9692694394,4438783.132197702,0.003915506550508995,0
actual,1745424881.9605482,394655.9691458317,4438783.133318014,0.0038466707648105143,0
actual,1745424882.0605226,394655.96901257837,4438783.133323421,0.0038606508521189125,0
actual,1745424882.1605148,394655.96886850114,4438783.133365737,0.0038440004110550084,0
actual,1745424882.2605171,394655.96866926545,4438783.133457541,0.0038567936744720705,0
actual,1745424882.3605893,394655.96841008845,4438783.133508562,0.0038533204692604416,0
actual,1745424882.4605541,394655.97035627184,4438783.133586551,0.0038517322196411686,0
actual,1745424882.5604818,394655.97037249396,4438783.133558271,0.0038673180098615636,0
actual,1745424882.660527,394655.97032405186,4438783.133543473,0.0038756955902710674,0
actual,1745424882.7605336,394655.97026209586,4438783.133504068,0.003876498441726942,0
actual,1745424882.8604767,394655.9701690682,4438783.133438504,0.003902591114044354,0
actual,1745424882.960486,394655.9701812084,4438783.132658304,0.0038298981506987833,0
actual,1745424883.0604634,394655.97009165277,4438783.132514558,0.0038598480006630377,0
actual,1745424883.1605992,394655.9699515894,4438783.132374343,0.0038545247464445015,0
actual,1745424883.2605498,394655.9698168774,4438783.132192847,0.003832289251773931,0
actual,1745424883.360581,394655.9696865195,4438783.131980036,0.003821904542724741,0
actual,1745424883.4604726,394655.96962082415,4438783.132362643,0.003793665115427339,0
actual,1745424883.5605292,394655.96939576336,4438783.132318081,0.003760242060251704,0
actual,1745424883.6605644,394655.9691625186,4438783.132228036,0.0037968765212510855,0
actual,1745424883.7605152,394655.9689228617,4438783.132138284,0.003776089649859733,0
actual,1745424883.8604786,394655.9686771133,4438783.131999534,0.0038201766667651646,0
actual,1745424883.9606197,394655.96852677385,4438783.132237207,0.0038697091109367115,0
actual,1745424884.0605717,394655.96829699195,4438783.132240647,0.003886743524436325,0
actual,1745424884.1605165,394655.96803388145,4438783.1322939955,0.0038806174187616662,0
actual,1745424884.260559,394655.96782205044,4438783.132200415,0.003944269576581914,0
actual,1745424884.3605318,394655.9676351462,4438783.132194946,0.0039486678062969965,0
actual,1745424884.4604766,394655.9685154087,4438783.133449687,0.003807662656028461,0
actual,1745424884.560558,394655.9683806229,4438783.133565284,0.0037842228841740784,0
actual,1745424884.6605003,394655.9682245252,4438783.133668872,0.0037932811429918774,0
actual,1745424884.7604456,394655.96800558537,4438783.13373938,0.0038313642272704775,0
actual,1745424884.8605118,394655.9677336053,4438783.133814072,0.0037974001200266018,0
actual,1745424884.9604359,394655.969122031,4438783.131822452,0.0038479972150419054,0
actual,1745424885.0605016,394655.9690178252,4438783.131680453,0.0038227073941806155,0
actual,1745424885.1604447,394655.9689565097,4438783.131469864,0.003877022040502706,0
actual,1745424885.2604861,394655.96881815,4438783.131357021,0.0038081862548039773,0
actual,1745424885.3605943,394655.96861353796,4438783.13109916,0.00386784160863708,0
actual,1745424885.4604864,394655.969811047,4438783.131827837,0.003847194363586031,0
actual,1745424885.5606542,394655.9698111565,4438783.131821583,0.0039054010941401633,0
actual,1745424885.660523,394655.96975263313,4438783.131882159,0.003887022777116683,0
actual,1745424885.760532,394655.9696119032,4438783.131828259,0.003934548092648296,0
actual,1745424885.8604746,394655.96945331816,4438783.1318993615,0.00391431972661766,0
actual,1745424885.960519,394655.9697809684,4438783.13238113,0.0038377521323327704,0
actual,1745424886.060481,394655.9696414927,4438783.132460071,0.003840806458523738,0
actual,1745424886.1604862,394655.9695069635,4438783.132461479,0.0038760970159990044,0
actual,1745424886.2604883,394655.9693640972,4438783.132572846,0.00386784160863708,0
actual,1745424886.3604836,394655.9689941166,4438783.132683991,0.0038352214049173195,0
actual,1745424886.4605563,394655.9700738218,4438783.132755677,0.0038607904784592156,0
actual,1745424886.5605571,394655.9700570189,4438783.132720921,0.0038598480006630377,0
actual,1745424886.6605568,394655.9700948817,4438783.132599484,0.003873304489195919,0
actual,1745424886.7606206,394655.9699485416,4438783.132467127,0.003866515158405689,0
actual,1745424886.860605,394655.9698044765,4438783.132333777,0.003879290968530275,0
actual,1745424886.9605353,394655.9714029364,4438783.132684012,0.0038083258811440323,0
actual,1745424887.060412,394655.97133857454,4438783.132526721,0.003880495245714087,0
actual,1745424887.1605225,394655.971313792,4438783.132434007,0.0039049996684122263,0
actual,1745424887.2604375,394655.9712757842,4438783.132331146,0.003953327835399713,0
actual,1745424887.3605812,394655.9711858473,4438783.132328611,0.0039357523698323555,0
actual,1745424887.460571,394655.97114820755,4438783.13397351,0.003803002626925496,0
actual,1745424887.5605562,394655.97095438157,4438783.133933996,0.003884492049701232,0
actual,1745424887.6604738,394655.97085176257,4438783.13407073,0.00387197803896428,0
actual,1745424887.760501,394655.97075167065,4438783.134203534,0.0038976692855537554,0
actual,1745424887.860415,394655.97059441416,4438783.134255087,0.003918316530604805,0
actual,1745424887.9604888,394655.96920315357,4438783.1337052565,0.0038633212058744185,0
actual,1745424888.06053,394655.96884529357,4438783.133722833,0.003864106604037817,0
actual,1745424888.1605206,394655.968497895,4438783.133659614,0.00389101958110358,0
actual,1745424888.2605686,394655.96812911663,4438783.133664521,0.003894737132410367,0
actual,1745424888.3605413,394655.9676562358,4438783.133558915,0.003902591114044354,0
actual,1745424888.460466,394655.9694548847,4438783.132179993,0.0038481368413822085,0
actual,1745424888.5605447,394655.9694044404,4438783.131997887,0.0038304217494742995,0
actual,1745424888.660474,394655.96931991115,4438783.131788062,0.003869831283984539,0
actual,1745424888.760565,394655.9691516737,4438783.131473581,0.0039029925397722916,0
actual,1745424888.860439,394655.9690052804,4438783.131251193,0.003930830541341509,0
actual,1745424888.9605956,394655.96822731127,4438783.132578046,0.0038496029179539027,0
actual,1745424889.060552,394655.96799215995,4438783.132566263,0.003895941409594179,0
actual,1745424889.1606326,394655.9677290126,4438783.132549341,0.0038737059149238566,0
actual,1745424889.2605393,394655.9674078757,4438783.132545147,0.003926432311626674,0
actual,1745424889.3605607,394655.9670502085,4438783.132531709,0.003865310881221877,0
actual,1745424889.4605227,394655.96577009914,4438783.133984266,0.003926030885898737,0
actual,1745424889.5606585,394655.9652464995,4438783.134298937,0.0038470721905384518,0
actual,1745424889.6604521,394655.96470902313,4438783.134310615,0.0039661210988170235,0
actual,1745424889.7605965,394655.96406448964,4438783.134642951,0.0038456061139667576,0
actual,1745424889.860517,394655.9634765024,4438783.13468979,0.004002598480183626,0
actual,1745424889.9605582,394655.96598704415,4438783.128058784,0.0039061864923035624,0
actual,1745424890.0605586,394655.96574274387,4438783.127098392,0.003994203446481646,0
actual,1745424890.1605163,394655.96538689407,4438783.126158567,0.003972509003879316,0
actual,1745424890.2605093,394655.96503019903,4438783.124989878,0.0040522705506954755,0
actual,1745424890.3605928,394655.9647041912,4438783.124009335,0.003999264901312301,0
actual,1745424890.4606268,394655.9694183247,4438783.132000744,0.004044416569061488,0
actual,1745424890.5604832,394655.9698079564,4438783.132296616,0.003990608068222439,0
actual,1745424890.6605613,394655.970135986,4438783.132466979,0.004023769324010439,0
actual,1745424890.7605286,394655.9705258228,4438783.132734435,0.003989141991650744,0
actual,1745424890.8605292,394655.9708680297,4438783.13282451,0.00405666878041031,0
actual,1745424890.9605215,394655.9668747399,4438783.131276812,0.004079689673244279,0
actual,1745424891.060499,394655.9665035064,4438783.131056591,0.0041117862781885235,0
actual,1745424891.1605747,394655.966154438,4438783.130920253,0.004145069707023856,0
actual,1745424891.2605577,394655.9657672976,4438783.130687996,0.0040944726120085515,0
actual,1745424891.3604264,394655.96536318614,4438783.130431826,0.004156536520209526,0
actual,1745424891.4605746,394655.9697280834,4438783.13471578,0.004079689673244279,0
actual,1745424891.560483,394655.96995642164,4438783.135009837,0.004241481694904167,0
actual,1745424891.6604722,394655.9702086243,4438783.135541253,0.004135226050042658,0
actual,1745424891.760528,394655.9705349568,4438783.13590311,0.004281571907822454,0
actual,1745424891.8604693,394655.970842956,4438783.136475465,0.004182768818866994,0
actual,1745424891.96056,394655.97018492693,4438783.1336980965,0.004314593537270151,0
actual,1745424892.0604327,394655.9702369952,4438783.133805017,0.00424853282508228,0
actual,1745424892.160568,394655.9702301181,4438783.133739676,0.00429008911457226,0
actual,1745424892.2604785,394655.9702283314,4438783.133714062,0.004272513649004654,0
actual,1745424892.3604796,394655.9702408856,4438783.133525139,0.0043651906322854555,0
actual,1745424892.4605172,394655.9688546803,4438783.132536908,0.004368244958476423,0
actual,1745424892.560533,394655.96868117177,4438783.13222311,0.004367721359700906,0
actual,1745424892.6604414,394655.9685137386,4438783.131900766,0.004413117373545253,0
actual,1745424892.7606034,394655.9682657353,4438783.131545368,0.004399137286236855,0
actual,1745424892.8605292,394655.9680732031,4438783.131168602,0.004436557145399388,0
actual,1745424892.9605987,394655.97010848555,4438783.134247442,0.004413117373545253,0
actual,1745424893.060554,394655.97020082164,4438783.134289861,0.00449741677641655,0
actual,1745424893.1605177,394655.9702869258,4438783.134484838,0.004402732664495815,0
actual,1745424893.260518,394655.9703788353,4438783.134528324,0.004484099914223724,0
actual,1745424893.360472,394655.9704445161,4438783.134748387,0.004369309609320179,0
actual,1745424893.4604626,394655.97155340866,4438783.133777632,0.004460520516029286,0
actual,1745424893.5605068,394655.9717155976,4438783.133725696,0.004394075831405953,0
actual,1745424893.6605227,394655.9718786734,4438783.133512722,0.0044858277901833,0
actual,1745424893.7605677,394655.9720270345,4438783.133401787,0.004470381626303208,0
actual,1745424893.8605514,394655.9721491341,4438783.133126273,0.004533492732055215,0
actual,1745424893.9605567,394655.9722471373,4438783.13529804,0.0038820834953333604,0
actual,1745424894.0604825,394655.9723264958,4438783.135244908,0.003898070711281693,0
actual,1745424894.1604767,394655.97242258035,4438783.135251533,0.003879168795482696,0
actual,1745424894.2604856,394655.9724473276,4438783.135190151,0.003904598242684041,0
actual,1745424894.3604987,394655.9725099574,4438783.135159134,0.0038949989317982494,0
actual,1745424894.460463,394655.97171936376,4438783.133061853,0.0038216427433368587,0
actual,1745424894.5605743,394655.9715378676,4438783.132932664,0.0038312246009304224,0
actual,1745424894.6605697,394655.9713413636,4438783.13279228,0.003839340381952044,0
actual,1745424894.7605975,394655.97110184096,4438783.132625059,0.0038846142227488114,0
actual,1745424894.8605492,394655.9708593704,4438783.132483635,0.003890338902695285,0
actual,1745424894.9604735,394655.97270260425,4438783.132657697,0.0038059173267764087,0
actual,1745424895.0604982,394655.9727042426,4438783.132519294,0.0038542629470566196,0
actual,1745424895.160534,394655.972683614,4438783.132441134,0.0038302995764267207,0
actual,1745424895.2605,394655.97264138475,4438783.132312609,0.0038507897418452387,0
actual,1745424895.3605287,394655.97257923963,4438783.132155674,0.0038734266622434984,0
actual,1745424895.4604635,394655.96904207853,4438783.134437105,0.003862780153806426,0
actual,1745424895.5605385,394655.9687287328,4438783.134531947,0.0038681034080249622,0
actual,1745424895.6604664,394655.96837533,4438783.134653064,0.0038582597510437647,0
actual,1745424895.7605026,394655.9680012042,4438783.13473007,0.0038834273988574753,0
actual,1745424895.8605156,394655.96761159966,4438783.134824753,0.003891944605607282,0
actual,1745424895.9605706,394655.9709016681,4438783.134281902,0.003814451986818691,0
actual,1745424896.0605223,394655.97091240913,4438783.134213966,0.003814172734138333,0
actual,1745424896.160512,394655.9708896136,4438783.134115307,0.003858922976159584,0
actual,1745424896.2604775,394655.9708771558,4438783.134021173,0.0038365478551489586,0
actual,1745424896.3605404,394655.9708293568,4438783.133899004,0.003851191167573176,0
actual,1745424896.460479,394655.971644236,4438783.134383799,0.0038424121614354873,0
actual,1745424896.560567,394655.97161381925,4438783.134330907,0.0038344185534614447,0
actual,1745424896.6605165,394655.97160629113,4438783.134245492,0.003843598985327071,0
actual,1745424896.7605865,394655.9715884551,4438783.134152995,0.0038188327632410497,0
actual,1745424896.8605757,394655.9715563018,4438783.134069902,0.003792478291536003,0
actual,1745424896.9604876,394655.9708739525,4438783.135558725,0.0037940665411552764,0
actual,1745424897.060544,394655.9707727879,4438783.135606508,0.003805254101660589,0
actual,1745424897.1605408,394655.970652367,4438783.135645321,0.0038036658520413155,0
actual,1745424897.26048,394655.9705131405,4438783.13565545,0.0037992676223262333,0
actual,1745424897.36051,394655.97032840305,4438783.135628144,0.003813108083294576,0
actual,1745424897.4605217,394655.97184435837,4438783.13492408,0.003821904542724741,0
actual,1745424897.5606065,394655.9718277361,4438783.134852279,0.0038389389562241065,0
actual,1745424897.66058,394655.9718598544,4438783.134746173,0.003869447311549077,0
actual,1745424897.7605238,394655.9718968334,4438783.134760919,0.0038298981506987833,0
actual,1745424897.8604822,394655.9717651545,4438783.13468578,0.0038340171277335077,0
actual,1745424897.9605105,394655.97152794525,4438783.133896233,0.00379619584284279,0
actual,1745424898.0605168,394655.9713895925,4438783.133783193,0.0038044512502047145,0
actual,1745424898.1604865,394655.97132824565,4438783.133576272,0.0038276292226712143,0
actual,1745424898.2604704,394655.97114367154,4438783.133422609,0.0038430753865513066,0
actual,1745424898.3605833,394655.9709053477,4438783.133311304,0.0038227073941806155,0
actual,1745424898.4606743,394655.9723866615,4438783.13356386,0.0037792836023910034,0
actual,1745424898.5605154,394655.9723850818,4438783.133510353,0.003803927651429198,0
actual,1745424898.660487,394655.9725035691,4438783.133418876,0.003818169538125478,0
actual,1745424898.760529,394655.9725577539,4438783.133323896,0.003811380207335248,0
actual,1745424898.860473,394655.9724836574,4438783.1332796505,0.0038330921032300536,0
actual,1745424898.9604862,394655.9686655102,4438783.1351480605,0.003820298839812744,0
actual,1745424899.0604684,394655.96832179313,4438783.135322898,0.003817244513621776,0
actual,1745424899.1605878,394655.9679294567,4438783.13539584,0.003852255818416933,0
actual,1745424899.2604718,394655.9675202015,4438783.135512909,0.0039015264632005974,0
actual,1745424899.3605766,394655.9671439629,4438783.13575116,0.003889152078803949,0
actual,1745424899.4605088,394655.9684885926,4438783.135013552,0.003829357098630791,0
actual,1745424899.5605526,394655.96814571274,4438783.134942729,0.0038966046347099987,0
actual,1745424899.6604524,394655.96788073133,4438783.134951436,0.003906727544371554,0
actual,1745424899.760502,394655.9676465582,4438783.134866087,0.003971566526083138,0
actual,1745424899.8604696,394655.9674043143,4438783.134836159,0.003975563330070283,0
actual,1745424899.960549,394655.9686933793,4438783.135296711,0.003821764916384438,0
actual,1745424900.0604818,394655.96863491373,4438783.135362931,0.0038084480541918596,0
actual,1745424900.1605506,394655.96853895794,4438783.135382437,0.0038176459393497136,0
actual,1745424900.260507,394655.96843293717,4438783.135397292,0.0038148534125466284,0
actual,1745424900.3606415,394655.96832364646,4438783.135466452,0.0038063187525043457,0
actual,1745424900.4604473,394655.96992707567,4438783.1349111935,0.003809111279307431,0
actual,1745424900.560478,394655.9699731769,4438783.134858999,0.0038337553283456253,0
actual,1745424900.6605268,394655.9700088206,4438783.134804107,0.0038509293681852938,0
actual,1745424900.7605035,394655.9699468037,4438783.134738857,0.003848660440157725,0
actual,1745424900.8605404,394655.96984973946,4438783.134648127,0.003856531875084188,0
actual,1745424900.9605734,394655.9691169285,4438783.135377836,0.003847595789313968,0
actual,1745424901.0605106,394655.9690515932,4438783.135394001,0.0038072612303005236,0
actual,1745424901.1606095,394655.9689088103,4438783.135396201,0.0038318878260459937,0
actual,1745424901.2604785,394655.968725554,4438783.135387676,0.003836809654536593,0
actual,1745424901.3605003,394655.96849356056,4438783.135373019,0.0038542629470566196,0
actual,1745424901.4605267,394655.9710811897,4438783.13548147,0.0038430753865513066,0
actual,1745424901.560488,394655.97112008126,4438783.13547703,0.0038599876270030927,0
actual,1745424901.6605265,394655.97115602717,4438783.135483706,0.003880495245714087,0
actual,1745424901.7606077,394655.97117392195,4438783.135515312,0.0038892742518515278,0
actual,1745424901.8605788,394655.9711695509,4438783.135498403,0.003894876758750422,0
actual,1745424901.9605215,394655.97150991566,4438783.134136878,0.0038274895963311593,0
actual,1745424902.0605536,394655.9714763245,4438783.133972065,0.0038646476561060576,0
actual,1745424902.1604838,394655.9713927131,4438783.133851573,0.0038390785825644096,0
actual,1745424902.2605572,394655.97129084676,4438783.133757885,0.0038252381215960665,0
actual,1745424902.3606188,394655.9711911302,4438783.133609758,0.003860127253343396,0
actual,1745424902.460518,394655.9716934485,4438783.134432889,0.0038382757311082867,0
actual,1745424902.5604825,394655.9716694618,4438783.134368263,0.00383721108026453,0
actual,1745424902.660578,394655.9716051159,4438783.134303549,0.003838013931720653,0
actual,1745424902.7606165,394655.9715146581,4438783.134188874,0.0038685048337528997,0
actual,1745424902.8604836,394655.97135449835,4438783.134103521,0.0038621169286906067,0
actual,1745424902.9605062,394655.97256471193,4438783.134457647,0.0038009954982858095,0
actual,1745424903.060517,394655.97250636667,4438783.1344204815,0.003824295643799889,0
actual,1745424903.1606116,394655.97239789483,4438783.134430295,0.003838153558060708,0
actual,1745424903.2605238,394655.97217992676,4438783.134426382,0.0038585215504313986,0
actual,1745424903.3606088,394655.9719964501,4438783.134431351,0.00387583521661137,0
actual,1745424903.4605417,394655.972208157,4438783.135099019,0.0038305613758146027,0
actual,1745424903.560543,394655.9720597577,4438783.135148091,0.0038569158475196493,0
actual,1745424903.6605148,394655.9719321942,4438783.135165471,0.0038860802993205055,0
actual,1745424903.7605073,394655.9717473202,4438783.135313391,0.0038507897418452387,0
actual,1745424903.860555,394655.97145333095,4438783.13540326,0.0038886110267359565,0
actual,1745424903.9606547,394655.969541989,4438783.135188664,0.003885556700544989,0
actual,1745424904.0605836,394655.9692791761,4438783.135121091,0.003916710827693055,0
actual,1745424904.160675,394655.96901467856,4438783.135074606,0.0039041968169561034,0
actual,1745424904.2604258,394655.96865832055,4438783.135000025,0.003926292685286371,0
actual,1745424904.3605733,394655.9682626331,4438783.134875486,0.00395240281089626,0
actual,1745424904.4605355,394655.97025687335,4438783.134469723,0.003895801783254124,0
actual,1745424904.560534,394655.9701913953,4438783.134381848,0.003935891996172411,0
actual,1745424904.6604052,394655.9700520602,4438783.1342691425,0.003936677394335809,0
actual,1745424904.7605927,394655.96984285465,4438783.134151778,0.0039525249839438385,0
actual,1745424904.8605542,394655.96964190516,4438783.134035194,0.0039960709487812775,0
actual,1745424904.9605618,394655.9706783737,4438783.1353253415,0.0038892742518515278,0
actual,1745424905.0605507,394655.97060772707,4438783.135292835,0.0039274969624704305,0
actual,1745424905.1605601,394655.97050999646,4438783.135264311,0.003911125774086637,0
actual,1745424905.260482,394655.970365615,4438783.135177056,0.003925105861395035,0
actual,1745424905.3605635,394655.9702580119,4438783.135038111,0.003964777195292908,0
actual,1745424905.4605308,394655.97095281974,4438783.134014349,0.0038703723360525313,0
actual,1745424905.5605326,394655.9708915204,4438783.133861136,0.003908996472399123,0
actual,1745424905.6605856,394655.9706847349,4438783.133754077,0.003852255818416933,0
actual,1745424905.760573,394655.9703299731,4438783.133590292,0.003930690915001454,0
actual,1745424905.860502,394655.97004109237,4438783.133479917,0.003911247947134216,0
actual,1745424905.9604938,394655.9716556108,4438783.133383681,0.003867981234977383,0
actual,1745424906.0608256,394655.97163319035,4438783.133309205,0.003879168795482696,0
actual,1745424906.1605358,394655.97157861304,4438783.133249211,0.003848660440157725,0
actual,1745424906.2605336,394655.97140746564,4438783.133144321,0.0038823627480137186,0
actual,1745424906.3605928,394655.97120955854,4438783.133022099,0.0039003396393092614,0
actual,1745424906.4605129,394655.9723849444,4438783.134045463,0.003879168795482696,0
actual,1745424906.5605912,394655.9723462276,4438783.134054285,0.0039000603866289033,0
actual,1745424906.6605687,394655.9722719246,4438783.134034451,0.00395493353831171,0
actual,1745424906.7605655,394655.97218684835,4438783.134033624,0.003949331031412816,0
actual,1745424906.8605804,394655.9720648213,4438783.134013902,0.003972770803266951,0
actual,1745424906.9606442,394655.97153519874,4438783.13409634,0.003863984430990238,0
actual,1745424907.0605025,394655.97140563803,4438783.134073412,0.003855065798512494,0
actual,1745424907.16058,394655.97126665525,4438783.134040649,0.0038176459393497136,0
actual,1745424907.2605076,394655.97110876243,4438783.133933501,0.003863443378922246,0
actual,1745424907.3605666,394655.97094250785,4438783.133809293,0.0038799541936460945,0
actual,1745424907.460547,394655.9712829505,4438783.133533295,0.0038685048337528997,0
actual,1745424907.560651,394655.97115882335,4438783.133408324,0.0038807570451019693,0
actual,1745424907.6605935,394655.9710133188,4438783.133271696,0.003893271055838673,0
actual,1745424907.760476,394655.97078182874,4438783.133118372,0.0038978089118938105,0
actual,1745424907.8604698,394655.97053894115,4438783.132932637,0.003940674198322954,0
actual,1745424907.9605522,394655.9713998013,4438783.134553936,0.0038788895428023377,0
actual,1745424908.0605135,394655.97126312595,4438783.134590285,0.003918840129380321,0
actual,1745424908.1605806,394655.9711271409,4438783.134648606,0.003913255075774151,0
actual,1745424908.2605333,394655.9709502897,4438783.134729377,0.003915907976237181,0
actual,1745424908.3605232,394655.9707309123,4438783.134852714,0.003888488853688129,0
actual,1745424908.460428,394655.9718232582,4438783.134581411,0.003806720178232283,0
actual,1745424908.5605173,394655.9717237106,4438783.134582636,0.00381258448451906,0
actual,1745424908.660563,394655.9715854693,4438783.1345695155,0.003847473616266389,0
actual,1745424908.760484,394655.971444351,4438783.134567853,0.003798726570258241,0
actual,1745424908.8605454,394655.971338726,4438783.134509374,0.003815377011322145,0
actual,1745424908.960631,394655.97054530436,4438783.134745584,0.0038389389562241065,0
actual,1745424909.0605695,394655.9703041984,4438783.134814032,0.0038216427433368587,0
actual,1745424909.160601,394655.97005095665,4438783.134800292,0.0038163020358258468,0
actual,1745424909.2605686,394655.96975292976,4438783.134770607,0.003805393728000892,0
actual,1745424909.3605268,394655.969340694,4438783.1347200535,0.0038424121614354873,0
actual,1745424909.4605253,394655.9707827215,4438783.134783033,0.0038424121614354873,0
actual,1745424909.5605109,394655.970673452,4438783.134723021,0.003864106604037817,0
actual,1745424909.660532,394655.97053356614,4438783.134634386,0.0038670387571812055,0
actual,1745424909.7604809,394655.97034403175,4438783.134563502,0.003871838412624225,0
actual,1745424909.860624,394655.9701103553,4438783.13447197,0.0038876860022322548,0
actual,1745424909.960542,394655.9728103917,4438783.134726852,0.0038241734707523097,0
actual,1745424910.0605338,394655.9729027971,4438783.134710152,0.003810315556491491,0
actual,1745424910.1604831,394655.9729625743,4438783.134652611,0.00381937381530929,0
actual,1745424910.260523,394655.97303079907,4438783.134570052,0.0038064583788444007,0
actual,1745424910.360658,394655.9730733765,4438783.134433104,0.003810315556491491,0
actual,1745424910.460559,394655.9720166518,4438783.13512481,0.003824435270139944,0
actual,1745424910.560708,394655.97189194494,4438783.135125903,0.0038249588689157083,0
actual,1745424910.660538,394655.97171212285,4438783.135081299,0.003837350706604833,0
actual,1745424910.7605805,394655.97157561313,4438783.134951078,0.003865049081833995,0
actual,1745424910.8604841,394655.9713802027,4438783.134928844,0.003813771308410396,0
actual,1745424910.960553,394655.9715787217,4438783.135698437,0.003820578092493102,0
actual,1745424911.0604732,394655.97135044844,4438783.13567133,0.0038517322196411686,0
actual,1745424911.160645,394655.9710494403,4438783.135675816,0.0038751719914955508,0
actual,1745424911.26057,394655.9707431819,4438783.135621496,0.003890338902695285,0
actual,1745424911.3605783,394655.97034690063,4438783.135589684,0.003892869630110736,0
actual,1745424911.4605079,394655.972026683,4438783.136738762,0.003866776957793323,0
actual,1745424911.5605824,394655.97195019794,4438783.13673372,0.003889152078803949,0
actual,1745424911.660534,394655.97182946326,4438783.136752367,0.003874491313087255,0
actual,1745424911.760538,394655.97169889027,4438783.1367434785,0.0038838288245854127,0
actual,1745424911.8604667,394655.97154536704,4438783.136704907,0.0038875463758921997,0
actual,1745424911.9604757,394655.9710947845,4438783.135269224,0.003811519833675303,0
actual,1745424912.0604875,394655.9708943263,4438783.135114449,0.0038260235197594655,0
actual,1745424912.1605833,394655.9706697224,4438783.134938192,0.0038313642272704775,0
actual,1745424912.260477,394655.97039896145,4438783.134763016,0.00382682637121534,0
actual,1745424912.3605125,394655.9700572426,4438783.134552538,0.003839340381952044,0
actual,1745424912.4604812,394655.97143700265,4438783.135342621,0.0038820834953333604,0
actual,1745424912.560522,394655.97151434544,4438783.135252615,0.003940552025275127,0
actual,1745424912.6605113,394655.9716366589,4438783.135273898,0.0038800938199861496,0
actual,1745424912.7605574,394655.9715074965,4438783.135285575,0.003897006060437936,0
actual,1745424912.8605454,394655.9712437359,4438783.135212102,0.0038657123069498144,0
actual,1745424912.9604764,394655.97156844987,4438783.135243674,0.003837350706604833,0
actual,1745424913.0605297,394655.9715699929,4438783.135135882,0.003848398640769843,0
actual,1745424913.1605232,394655.9715464347,4438783.1350823445,0.0038542629470566196,0
actual,1745424913.2606006,394655.9715058096,4438783.1349441195,0.003869307685208774,0
actual,1745424913.3604395,394655.97133250243,4438783.134755921,0.003875573417223488,0
actual,1745424913.4605188,394655.96959457145,4438783.13554341,0.003815377011322145,0
actual,1745424913.5606067,394655.96939322917,4438783.135501385,0.003829618898018425,0
actual,1745424913.6605327,394655.9691560532,4438783.135421563,0.0038566540481317674,0
actual,1745424913.7605603,394655.96889207495,4438783.135317743,0.00386038905273103,0
actual,1745424913.8604712,394655.96854333323,4438783.135253722,0.003839480008292347,0
actual,1745424913.960555,394655.9692041425,4438783.136764715,0.0038289556729026054,0
actual,1745424914.0604699,394655.96917175525,4438783.136796265,0.003851330793913231,0
actual,1745424914.1604798,394655.96913005575,4438783.136892244,0.003848660440157725,0
actual,1745424914.2604704,394655.96898443444,4438783.136961698,0.0038633212058744185,0
actual,1745424914.360567,394655.96877726703,4438783.137035156,0.003849061865885662,0
actual,1745424914.4604857,394655.96981010446,4438783.13581913,0.0038250984952557633,0
actual,1745424914.5605497,394655.96983490844,4438783.135680786,0.0038342789271213896,0
actual,1745424914.6604853,394655.9697970464,4438783.135555231,0.0038402828597482214,0
actual,1745424914.7605138,394655.9697137567,4438783.135484056,0.0038365478551489586,0
actual,1745424914.860526,394655.96963232104,4438783.135382435,0.0038207002655406812,0
actual,1745424914.9604707,394655.96979997033,4438783.134164434,0.0038350817785772645,0
actual,1745424915.060505,394655.9698741279,4438783.1339403335,0.003898070711281693,0
actual,1745424915.1605608,394655.96996050875,4438783.133800984,0.00383841535744859,0
actual,1745424915.2605171,394655.96985615266,4438783.1335469,0.003849061865885662,0
actual,1745424915.3606331,394655.96967396006,4438783.133335252,0.003840806458523738,0
actual,1745424915.4604828,394655.9709014144,4438783.134534031,0.0037999308474420527,0
actual,1745424915.560541,394655.97087098024,4438783.134487462,0.00382682637121534,0
actual,1745424915.6604729,394655.97087351006,4438783.134482323,0.00380033227316999,0
actual,1745424915.7605374,394655.97078176925,4438783.134480647,0.0038163020358258468,0
actual,1745424915.8604836,394655.9706316687,4438783.134460284,0.0037947297662710958,0
actual,1745424915.9605432,394655.9696810029,4438783.133732808,0.0038016587234016293,0
actual,1745424916.0604875,394655.9695697092,4438783.133675672,0.00383162602665836,0
actual,1745424916.160566,394655.96941148146,4438783.133593683,0.0038228295672281948,0
actual,1745424916.2605581,394655.9692591438,4438783.133523011,0.00383162602665836,0
actual,1745424916.3605707,394655.9690883487,4438783.133428565,0.0038509293681852938,0
actual,1745424916.4605348,394655.9721365976,4438783.13302836,0.003884212797020874,0
actual,1745424916.5605166,394655.9722404803,4438783.132976339,0.00385625262240383,0
actual,1745424916.6605427,394655.97232674086,4438783.132855265,0.0038836891982453577,0
actual,1745424916.7605462,394655.9723726966,4438783.132716318,0.003918840129380321,0
actual,1745424916.8605015,394655.9723769285,4438783.132599452,0.003933082016076601,0
actual,1745424916.9605358,394655.9708432298,4438783.132044305,0.0038774234662306436,0
actual,1745424917.0606377,394655.9707999298,4438783.131924052,0.0038504057694097775,0
actual,1745424917.1604545,394655.9707344868,4438783.131823083,0.003829618898018425,0
actual,1745424917.2604992,394655.97062489484,4438783.131662782,0.003830823175202237,0
actual,1745424917.3604813,394655.97046936257,4438783.131440871,0.003858783349819281,0
actual,1745424917.460469,394655.97072277457,4438783.133801845,0.0037983251445303035,0
actual,1745424917.560594,394655.97062436,4438783.133853237,0.0038124448581787567,0
actual,1745424917.6605256,394655.9705136349,4438783.133901364,0.003811642006722882,0
actual,1745424917.7605367,394655.9703808388,4438783.133931794,0.0038297585243587283,0
actual,1745424917.8605094,394655.9702214745,4438783.133962414,0.003869831283984539,0
actual,1745424917.9604876,394655.9717992411,4438783.13441364,0.0038710355611683506,0
actual,1745424918.0604784,394655.97182125266,4438783.134451734,0.0038851552748170514,0
actual,1745424918.1604524,394655.9718845242,4438783.134466364,0.00389101958110358,0
actual,1745424918.2605164,394655.971970757,4438783.134460569,0.0038896756775797132,0
actual,1745424918.3606622,394655.9719621933,4438783.134441387,0.0038860802993205055,0
actual,1745424918.4605348,394655.9715104249,4438783.134851659,0.0038017983497416843,0
actual,1745424918.5606282,394655.97138719494,4438783.134751828,0.003823492792344014,0
actual,1745424918.6605568,394655.9713074551,4438783.13466344,0.0038456061139667576,0
actual,1745424918.7605214,394655.9711720752,4438783.134565195,0.0038461297127422743,0
actual,1745424918.8604753,394655.9709600288,4438783.134421998,0.0038535997219407998,0
actual,1745424918.9604855,394655.9714933141,4438783.135411879,0.003855065798512494,0
actual,1745424919.0604744,394655.97141835565,4438783.135420293,0.003851068994525597,0
actual,1745424919.1606333,394655.9713180603,4438783.135329903,0.0038735662885838015,0
actual,1745424919.2605836,394655.97122297075,4438783.13524522,0.003890879954763525,0
actual,1745424919.360509,394655.9711192428,4438783.135167206,0.0038886110267359565,0
actual,1745424919.460483,394655.9690000571,4438783.134785383,0.003803927651429198,0
actual,1745424919.5606167,394655.96879580064,4438783.134708657,0.003823492792344014,0
actual,1745424919.6605067,394655.96852863947,4438783.134605517,0.0038048526759326515,0
actual,1745424919.7605226,394655.9682349537,4438783.134445199,0.003823230992956132,0
actual,1745424919.8604786,394655.96800329874,4438783.134334116,0.0038233706192964353,0
actual,1745424919.9605708,394655.96803007566,4438783.134105885,0.003810577355879125,0
actual,1745424920.0605452,394655.96782986185,4438783.133945283,0.0038004718995102932,0
actual,1745424920.1605246,394655.9675760532,4438783.133749175,0.003854926172172439,0
actual,1745424920.2604766,394655.96725735936,4438783.133541594,0.0038899549302598233,0
actual,1745424920.3605506,394655.96690470784,4438783.133320606,0.003929364464770062,0
actual,1745424920.4605465,394655.96949576365,4438783.133372215,0.0038553275979003763,0
actual,1745424920.560523,394655.9694797791,4438783.1332349675,0.003908315793990828,0
actual,1745424920.6605194,394655.9694797018,4438783.133190128,0.0038780866913464634,0
actual,1745424920.7606142,394655.96945491567,4438783.133071556,0.003906587918031499,0
actual,1745424920.8605344,394655.96942315367,4438783.132966336,0.003911509746522098,0
actual,1745424920.9605768,394655.96924754395,4438783.133501649,0.0038481368413822085,0
actual,1745424921.060488,394655.9692060626,4438783.133503246,0.0038417489363199156,0
actual,1745424921.1605406,394655.96915141237,4438783.133488903,0.003837350706604833,0
actual,1745424921.2604723,394655.9690867309,4438783.133444856,0.003838816783176527,0
actual,1745424921.3605053,394655.9689673718,4438783.13343447,0.0038263027724395756,0
actual,1745424921.4605112,394655.97038379573,4438783.133714411,0.0038305613758146027,0
actual,1745424921.5606623,394655.97041126166,4438783.133743313,0.0038085876805319147,0
actual,1745424921.6605473,394655.9703857215,4438783.133758471,0.003824295643799889,0
actual,1745424921.7605855,394655.97034799814,4438783.133784851,0.0038108566085594832,0
actual,1745424921.8605406,394655.9702437723,4438783.133769385,0.003829357098630791,0
actual,1745424921.9605298,394655.96971606073,4438783.135004176,0.0038429357602112516,0
actual,1745424922.0604863,394655.969575497,4438783.135007602,0.003869970910324594,0
actual,1745424922.1604776,394655.96939121396,4438783.135015597,0.0038860802993205055,0
actual,1745424922.2605186,394655.96917845577,4438783.135024556,0.003922173708251647,0
actual,1745424922.3605676,394655.9689052323,4438783.135047849,0.003917112253420993,0
actual,1745424922.4605515,394655.9688600413,4438783.134378436,0.0038579804983634065,0
actual,1745424922.5605512,394655.9686942664,4438783.134310465,0.003868906259480837,0
actual,1745424922.6604843,394655.96848382935,4438783.134245625,0.003866515158405689,0
actual,1745424922.7605495,394655.9682488304,4438783.134153382,0.003892869630110736,0
actual,1745424922.8605287,394655.96799801994,4438783.134039882,0.003895941409594179,0
actual,1745424922.960476,394655.9688490482,4438783.134891091,0.0037980633451424215,0
actual,1745424923.0604715,394655.9687048955,4438783.134857312,0.003804189450816832,0
actual,1745424923.1604996,394655.9686133818,4438783.134815998,0.0038245574431877713,0
actual,1745424923.2604828,394655.96848889376,4438783.1347346185,0.003819775241037227,0
actual,1745424923.3606331,394655.9682902659,4438783.134668419,0.0038441400373950634,0
actual,1745424923.4604838,394655.9696080776,4438783.136012043,0.0038710355611683506,0
actual,1745424923.5605335,394655.96984264534,4438783.136139697,0.003809250905647734,0
actual,1745424923.6604667,394655.9699435597,4438783.136087253,0.0038579804983634065,0
actual,1745424923.7606027,394655.97000187484,4438783.13616168,0.0038147137862063253,0
actual,1745424923.8605275,394655.9699950818,4438783.13619562,0.003834819979189382,0
actual,1745424923.9605515,394655.9675846918,4438783.136785136,0.0038454664876267025,0
actual,1745424924.0604808,394655.96751215466,4438783.136740933,0.00383721108026453,0
actual,1745424924.1605473,394655.96743041766,4438783.136747008,0.0038313642272704775,0
actual,1745424924.2605789,394655.9672479086,4438783.136641334,0.003826965997555395,0
actual,1745424924.3605542,394655.9670308394,4438783.136506925,0.0038810188444896036,0
actual,1745424924.460476,394655.9685825619,4438783.135890293,0.0038646476561060576,0
actual,1745424924.5604758,394655.96855220624,4438783.135841336,0.003901264663812963,0
actual,1745424924.6605241,394655.9684864655,4438783.135708862,0.003951058907372145,0
actual,1745424924.7605574,394655.9685280966,4438783.135609591,0.00395505571135929,0
actual,1745424924.8605201,394655.96872098953,4438783.135445466,0.004010714261205495,0
actual,1745424924.9605227,394655.97050192975,4438783.134569988,0.0038902167296477057,0
actual,1745424925.060604,394655.9705874902,4438783.134404373,0.003923901584211223,0
actual,1745424925.1606386,394655.970527896,4438783.134164179,0.00395173958578044,0
actual,1745424925.2605019,394655.9705060462,4438783.133952133,0.003977971884437908,0
actual,1745424925.3605514,394655.9705621116,4438783.133867196,0.003965580046748783,0
actual,1745424925.460514,394655.9698539149,4438783.13329908,0.0038004718995102932,0
actual,1745424925.5605824,394655.9689336672,4438783.133078465,0.0037887432869367402,0
actual,1745424925.6605322,394655.96704994154,4438783.132766018,0.0037932811429918774,0
actual,1745424925.7606034,394655.9652704975,4438783.132436274,0.003951460333100082,0
actual,1745424925.860478,394655.9642226795,4438783.132290801,0.0038276292226712143,0
actual,1745424925.9605796,394655.9657844701,4438783.135170869,0.00397823368382579,0
actual,1745424926.0605392,394655.9659242202,4438783.135503175,0.003897931084941638,0
actual,1745424926.1605825,394655.96633937844,4438783.135656176,0.003928823412701822,0
actual,1745424926.2604818,394655.9670008791,4438783.13560943,0.0039486678062969965,0
actual,1745424926.360643,394655.9677052781,4438783.135665111,0.004018184270404021,0
actual,1745424926.4605622,394655.9692488725,4438783.132993797,0.00391697262708069,0
actual,1745424926.5605323,394655.96899337857,4438783.13305039,0.003865049081833995,0
actual,1745424926.6604836,394655.9684060393,4438783.1329994975,0.0038966046347099987,0
actual,1745424926.7605686,394655.9674598531,4438783.132940435,0.0038502661430694744,0
actual,1745424926.8604772,394655.9662445127,4438783.1327237105,0.003932017365233092,0
actual,1745424926.9605315,394655.9711902093,4438783.133845486,0.00385625262240383,0
actual,1745424927.060474,394655.97093230096,4438783.133882341,0.003863722631602356,0
actual,1745424927.1606727,394655.970744128,4438783.133905467,0.0038851552748170514,0
actual,1745424927.2606766,394655.9706999407,4438783.133954958,0.0038554497709479556,0
actual,1745424927.360515,394655.97074876295,4438783.133904442,0.003880355619374032,0
actual,1745424927.460481,394655.9688705726,4438783.132907607,0.0037907504155766745,0
actual,1745424927.5604777,394655.96870137117,4438783.13279163,0.0038429357602112516,0
actual,1745424927.6605124,394655.9686115958,4438783.132614578,0.0038622565550306617,0
actual,1745424927.7604783,394655.9685111244,4438783.132376281,0.003988618392875228,0
actual,1745424927.860509,394655.9683209205,4438783.132316079,0.003938422723587861,0
actual,1745424927.9606326,394655.9682954731,4438783.135415439,0.0037730353236687655,0
actual,1745424928.0607846,394655.9683761614,4438783.135536656,0.0037394726421530753,0
actual,1745424928.160571,394655.9687322554,4438783.135609718,0.003766769591654052,0
actual,1745424928.2605524,394655.96929799684,4438783.135571487,0.0037959340434549076,0
actual,1745424928.360392,394655.96981224674,4438783.135583011,0.003811781633063185,0
actual,1745424928.460561,394655.9697646107,4438783.136188568,0.0038310849745901193,0
actual,1745424928.5605276,394655.969705479,4438783.136260791,0.0037843450572216577,0
actual,1745424928.6605127,394655.9693935355,4438783.136234669,0.003794206167495579,0
actual,1745424928.7606354,394655.96839444846,4438783.136368465,0.003639744528693914,0
actual,1745424928.8605413,394655.96653300215,4438783.136246902,0.0038585215504313986,0
actual,1745424928.9605174,394655.96670544957,4438783.134919061,0.003820578092493102,0
actual,1745424929.0605173,394655.9652669611,4438783.13441317,0.0038097919577157265,0
actual,1745424929.1605842,394655.9636224136,4438783.134100734,0.0038820834953333604,0
actual,1745424929.2605433,394655.9623826026,4438783.133915415,0.0037196457018503766,0
actual,1745424929.3604753,394655.96184744034,4438783.133201904,0.003906587918031499,0
actual,1745424929.4605079,394655.96421252954,4438783.1383277085,0.003768375294566049,0
actual,1745424929.5605416,394655.96467123623,4438783.138627365,0.003890338902695285,0
actual,1745424929.6604784,394655.96498777415,4438783.138952729,0.003805254101660589,0
actual,1745424929.7604759,394655.96486740373,4438783.139352392,0.003884492049701232,0
actual,1745424929.8605206,394655.9641986685,4438783.139787091,0.0038036658520413155,0
actual,1745424929.9606047,394655.97017643525,4438783.136186797,0.003844803262510883,0
actual,1745424930.0604732,394655.97054809437,4438783.136000877,0.003863443378922246,0
actual,1745424930.160472,394655.97127920564,4438783.1356704775,0.003821764916384438,0
actual,1745424930.260487,394655.97227789694,4438783.135241783,0.003879029169142393,0
actual,1745424930.360471,394655.9733110417,4438783.134914809,0.0038176459393497136,0
actual,1745424930.4605446,394655.97005018446,4438783.133097851,0.0038859581262729263,0
actual,1745424930.5606227,394655.9702433358,4438783.132404439,0.0038336157020055703,0
actual,1745424930.6605153,394655.9701800118,4438783.131593755,0.0038812980971699614,0
actual,1745424930.7606027,394655.9699740486,4438783.1307706265,0.0038489396928380834,0
actual,1745424930.8606956,394655.96966624813,4438783.129804053,0.0038900771033076507,0
actual,1745424930.9605622,394655.96937855723,4438783.1341791265,0.0038129859102469968,0
actual,1745424931.0605748,394655.9693255434,4438783.134132274,0.003775827850472099,0
actual,1745424931.160452,394655.96930269216,4438783.134039595,0.0037896857647329177,0
actual,1745424931.2605548,394655.96925775404,4438783.133956025,0.0037574495334486186,0
actual,1745424931.360549,394655.969173579,4438783.133805193,0.003752667331298075,0
actual,1745424931.4605722,394655.9709281154,4438783.133913446,0.003792478291536003,0
actual,1745424931.560464,394655.9709262211,4438783.1338633,0.003809390531987789,0
actual,1745424931.6605253,394655.9708902851,4438783.13382516,0.00382682637121534,0
actual,1745424931.7605267,394655.97081446345,4438783.133752699,0.003843476812279244,0
actual,1745424931.8604753,394655.9707237338,4438783.133653826,0.003862919780146481,0
actual,1745424931.9605546,394655.968648451,4438783.133942865,0.003874491313087255,0
actual,1745424932.060523,394655.9684572845,4438783.133783392,0.003943606351466343,0
actual,1745424932.1604815,394655.96824062336,4438783.133570129,0.004046406244408699,0
actual,1745424932.2605522,394655.96798422444,4438783.133362168,0.004099935492567391,0
actual,1745424932.360588,394655.9677226875,4438783.133106919,0.004156396893869471,0
actual,1745424932.460481,394655.97082883614,4438783.134731185,0.003912050798590091,0
actual,1745424932.5604885,394655.97337233427,4438783.134529171,0.003949732457140753,0
actual,1745424932.6604688,394655.9787148,4438783.134368258,0.003912574397365855,0
actual,1745424932.760667,394655.9874844352,4438783.134025059,0.0037641166911910216,0
actual,1745424932.8605568,394656.0007980578,4438783.133651936,0.003492735445798547,0
actual,1745424932.9605792,394656.01778375416,4438783.13543508,0.0028627588522911395,0
actual,1745424933.0605192,394656.0437590433,4438783.135348267,0.0017197427251601065,0
actual,1745424933.16051,394656.07756355737,4438783.135057023,0.0003041410754525386,0
actual,1745424933.2605183,394656.1203410904,4438783.134521986,-0.0016001527648135427,0
actual,1745424933.360538,394656.17290411214,4438783.133633594,-0.00395079710798451,0
actual,1745424933.46047,394656.235413213,4438783.129923898,-0.006664819001420706,0
actual,1745424933.5605788,394656.3094488048,4438783.127631829,-0.009807231959758968,0
actual,1745424933.660506,394656.3890453418,4438783.12505505,-0.013138035757557325,0
actual,1745424933.7604783,394656.4700614484,4438783.121802976,-0.01589174643818387,0
actual,1745424933.860522,394656.55117712065,4438783.118233344,-0.018430799074107655,0
actual,1745424933.960574,394656.6429760394,4438783.119030593,-0.0204324299267575,0
actual,1745424934.0604746,394656.72539617587,4438783.115841655,-0.022020871532289966,0
actual,1745424934.1605182,394656.80761100014,4438783.112648496,-0.023429823477547358,0
actual,1745424934.260473,394656.8894426517,4438783.109123113,-0.024383244488034486,0
actual,1745424934.3605978,394656.9790313928,4438783.10511315,-0.025104013109230588,0
actual,1745424934.4605799,394657.06469234073,4438783.106440457,-0.025731720774710178,0
actual,1745424934.5604756,394657.16849046224,4438783.102305414,-0.026561694647203652,0
actual,1745424934.660532,394657.28401411173,4438783.097413552,-0.027213784562333802,0
actual,1745424934.7604764,394657.4092964093,4438783.091766383,-0.02785280196136653,0
actual,1745424934.8604867,394657.541765552,4438783.085648661,-0.02875082622139509,0
actual,1745424934.9604836,394657.67684254143,4438783.0847811075,-0.028939513766828264,0
actual,1745424935.060531,394657.81163657864,4438783.07921617,-0.028761874155560346,0
actual,1745424935.1605637,394657.94675018813,4438783.073963423,-0.029151623630823097,0
actual,1745424935.2606623,394658.0854589953,4438783.068666574,-0.03000037724606799,0
actual,1745424935.3605537,394658.2329383308,4438783.062952438,-0.031600146038445825,0
actual,1745424935.4605393,394658.3925935701,4438783.054388152,-0.03714270087754165,0
actual,1745424935.5604742,394658.5487519816,4438783.0462488895,-0.03948681768931027,0
actual,1745424935.6604776,394658.70429303276,4438783.037534891,-0.040817596337371025,0
actual,1745424935.7604835,394658.85974918783,4438783.028760876,-0.04169577620380441,0
actual,1745424935.8604672,394659.0144938267,4438783.019982295,-0.04229112546495212,0
actual,1745424935.960603,394659.16298545664,4438783.018372101,-0.043497950829536176,0
actual,1745424936.0605104,394659.31812764634,4438783.010105544,-0.04561475595952503,0
actual,1745424936.1606376,394659.47280579037,4438783.00188476,-0.04813757703340532,0
actual,1745424936.2605796,394659.6271517611,4438782.993532555,-0.05152337615593407,0
actual,1745424936.3605473,394659.7804853554,4438782.9849199,-0.05564954394715892,0
actual,1745424936.4604793,394659.93631285656,4438782.97642964,-0.05849034655745985,0
actual,1745424936.560478,394660.08926878404,4438782.966511618,-0.061043239654351975,0
actual,1745424936.660406,394660.2417816907,4438782.956548728,-0.0647202818691611,0
actual,1745424936.7605145,394660.3941570374,4438782.945632352,-0.06883964287630324,0
actual,1745424936.8604708,394660.5458878859,4438782.934632709,-0.07411750108104148,0
actual,1745424936.960554,394660.7047360926,4438782.915931618,-0.07949761812665432,0
actual,1745424937.060474,394660.8556721238,4438782.901982988,-0.08382565069916488,0
actual,1745424937.1606638,394661.006415874,4438782.887204928,-0.08736940211899914,0
actual,1745424937.260522,394661.15603381215,4438782.871865511,-0.09119928281640545,0
actual,1745424937.360526,394661.30487818504,4438782.856655467,-0.09550495772119785,0
actual,1745424937.4605198,394661.4525616185,4438782.8444521865,-0.10086615539771897,0
actual,1745424937.5604856,394661.60359571734,4438782.828101842,-0.1067496079463143,0
actual,1745424937.660483,394661.7530617117,4438782.810539388,-0.11133477987752105,0
actual,1745424937.7605355,394661.89968673856,4438782.792668228,-0.11518199169439956,0
actual,1745424937.860512,394662.0459237666,4438782.774460014,-0.11846472912459831,0
actual,1745424937.960586,394662.1900456905,4438782.756135141,-0.12076809249833258,0
actual,1745424938.0604515,394662.3343283618,4438782.737538326,-0.12272219803545056,0
actual,1745424938.1605067,394662.47801638854,4438782.718730926,-0.12377147252845704,0
actual,1745424938.2604814,394662.62143379275,4438782.699379633,-0.12431196609121466,0
actual,1745424938.3604865,394662.764408127,4438782.679957891,-0.12395550004478724,0
actual,1745424938.4604857,394662.90627044404,4438782.660228474,-0.12334723534717489,0
actual,1745424938.560568,394663.048475517,4438782.64136699,-0.12239674648983115,0
actual,1745424938.660512,394663.18982231466,4438782.623263928,-0.12237384777004501,0
actual,1745424938.760517,394663.33001293516,4438782.605209272,-0.1228899765364448,0
actual,1745424938.86059,394663.468687724,4438782.586543813,-0.12387493564651521,0
actual,1745424938.9604774,394663.601861273,4438782.569782926,-0.12572810879299023,0
actual,1745424939.060588,394663.7388501768,4438782.551536904,-0.12790404567803665,0
actual,1745424939.1605196,394663.8757362226,4438782.532582831,-0.13074189868190197,0
actual,1745424939.2605422,394664.01146231353,4438782.513315186,-0.13286085056687055,0
actual,1745424939.3604887,394664.144990886,4438782.493875554,-0.13408230179058636,0
actual,1745424939.4604864,394664.2857018872,4438782.470768329,-0.13508405096806098,0
actual,1745424939.5605726,394664.4181110979,4438782.45057528,-0.13547167114163647,0
actual,1745424939.66052,394664.54962054756,4438782.430694114,-0.13651590163310476,0
actual,1745424939.7604764,394664.68023768405,4438782.411172246,-0.1382241775450792,0
actual,1745424939.8604767,394664.8098427175,4438782.391114004,-0.1402428602645209,0
actual,1745424939.9605641,394664.931988487,4438782.374199405,-0.14304636518870686,0
actual,1745424940.060502,394665.05850976915,4438782.354339745,-0.14640209228822376,0
actual,1745424940.160576,394665.1837735876,4438782.334227738,-0.1502080096150002,0
actual,1745424940.2605705,394665.30806448066,4438782.314061228,-0.1535512052504879,0
actual,1745424940.3605282,394665.4311407931,4438782.292831265,-0.15554485994845593,0
actual,1745424940.4604657,394665.5584708415,4438782.277439471,-0.15799854853066467,0
actual,1745424940.5605264,394665.6799298699,4438782.257340989,-0.1610308312132021,0
actual,1745424940.660512,394665.80024651863,4438782.237220997,-0.1646351455580807,0
actual,1745424940.760471,394665.9202288973,4438782.216689221,-0.16908037698986242,0
actual,1745424940.8605177,394666.0396464946,4438782.19519457,-0.17355407474174447,0
actual,1745424940.9606156,394666.1567005791,4438782.174416965,-0.1786810666859405,0
actual,1745424941.0605114,394666.27386080124,4438782.152116892,-0.18356371253485715,0
actual,1745424941.1605227,394666.3904134626,4438782.129459801,-0.18844447342818169,0
actual,1745424941.2604787,394666.5069900785,4438782.106264178,-0.19338478495558445,0
actual,1745424941.3605294,394666.6225047728,4438782.082589292,-0.19803704734323788,0
actual,1745424941.4604867,394666.7370003336,4438782.057258468,-0.203146324195526,0
actual,1745424941.5605717,394666.8508872156,4438782.032364477,-0.2074499919716787,0
actual,1745424941.6605923,394666.9638592607,4438782.0069125695,-0.21105737809604075,0
actual,1745424941.760523,394667.07562051713,4438781.982039433,-0.2158558641684264,0
actual,1745424941.8605404,394667.1862379866,4438781.956295932,-0.22044981510577058,0
actual,1745424941.9605246,394667.3013821094,4438781.933585692,-0.22506320901098226,0
actual,1745424942.060469,394667.41307356703,4438781.907312942,-0.22999432265322695,0
actual,1745424942.1604738,394667.5241258512,4438781.8804023685,-0.23455591518623925,0
actual,1745424942.2604768,394667.63447740267,4438781.853365223,-0.23945386757269593,0
actual,1745424942.3606083,394667.7440715154,4438781.825827709,-0.24430815182126783,0
actual,1745424942.4605753,394667.85196343303,4438781.798294431,-0.2489826671568843,0
actual,1745424942.5604796,394667.96105484036,4438781.769512782,-0.2536442496027434,0
actual,1745424942.6604736,394668.0699515908,4438781.740433081,-0.2583866756995549,0
actual,1745424942.7604868,394668.17963638966,4438781.710663748,-0.26302617973037623,0
actual,1745424942.860482,394668.28848536615,4438781.680118005,-0.26753117123574643,0
actual,1745424942.9604845,394668.3989707004,4438781.650836355,-0.272379469004984,0
actual,1745424943.060463,394668.50771108427,4438781.619347357,-0.27688273263439456,0
actual,1745424943.1605425,394668.6164020153,4438781.587495792,-0.28164393847395774,0
actual,1745424943.2605195,394668.724705121,4438781.555037564,-0.2864156511956177,0
actual,1745424943.3605678,394668.8326195199,4438781.522183306,-0.2909391606443514,0
actual,1745424943.460478,394668.93980214704,4438781.490752699,-0.2953155388371422,0
actual,1745424943.5604444,394669.0465504115,4438781.45718178,-0.2987901577653051,0
actual,1745424943.6605382,394669.1525925978,4438781.423628997,-0.3016249564429792,0
actual,1745424943.7604804,394669.2566271879,4438781.390671628,-0.3040401779684741,0
actual,1745424943.8604743,394669.3598493685,4438781.35763423,-0.30590759300164544,0
actual,1745424943.960586,394669.46222542133,4438781.321144642,-0.30714463001558134,0
actual,1745424944.0604827,394669.56381179567,4438781.287170116,-0.3078984377195179,0
actual,1745424944.1605387,394669.66426734906,4438781.253763301,-0.30884505194592204,0
actual,1745424944.2605152,394669.76248381985,4438781.221162745,-0.309738555803188,0
actual,1745424944.3605316,394669.8590770328,4438781.188920957,-0.3105355080462335,0
actual,1745424944.4604805,394669.9552880165,4438781.160322651,-0.3114040886017811,0
actual,1745424944.5604827,394670.0481673035,4438781.129317236,-0.3120812065383849,0
actual,1745424944.6604807,394670.13828234555,4438781.099375125,-0.3128190270263728,0
actual,1745424944.7605662,394670.2248891168,4438781.069891517,-0.313324893256771,0
actual,1745424944.8605392,394670.3087880659,4438781.041383971,-0.3140264981627802,0
actual,1745424944.9605758,394670.392478761,4438781.011031652,-0.3146612744117304,0
actual,1745424945.0604768,394670.47114800895,4438780.984003487,-0.31517433139864676,0
actual,1745424945.160615,394670.54686518305,4438780.957743903,-0.3157546359216423,0
actual,1745424945.260469,394670.6192154329,4438780.932497404,-0.3162132211826038,0
actual,1745424945.3604708,394670.6881752315,4438780.908588327,-0.3167403978831686,0
actual,1745424945.4604795,394670.7511889851,4438780.89219922,-0.31731578057767357,0
actual,1745424945.5604792,394670.81235934386,4438780.871549738,-0.3176916895919682,0
actual,1745424945.6604667,394670.8695693165,4438780.852412137,-0.3182442957397346,0
actual,1745424945.760537,394670.9222960646,4438780.834758313,-0.3186356334646169,0
actual,1745424945.8604577,394670.97073408926,4438780.818572691,-0.31901993751261354,0
actual,1745424945.9605658,394671.01249379653,4438780.802881464,-0.31944230719159605,0
actual,1745424946.0605652,394671.051498285,4438780.789463389,-0.31965602275850286,0
actual,1745424946.1605299,394671.08601877355,4438780.777709277,-0.32001995881412854,0
actual,1745424946.2606103,394671.11599515786,4438780.767468446,-0.3202600288527404,0
actual,1745424946.3605888,394671.1415833752,4438780.758654954,-0.32044552244564234,0
actual,1745424946.460508,394671.16868356656,4438780.748440832,-0.32066203053935227,0
actual,1745424946.560561,394671.18716217345,4438780.741864305,-0.3207866819545297,0
actual,1745424946.6606085,394671.2019850361,4438780.736492038,-0.3209252960037231,0
actual,1745424946.7605722,394671.21315060544,4438780.732248832,-0.3209670966393085,0
actual,1745424946.8605762,394671.2209856651,4438780.729165635,-0.32104540956284544,0
actual,1745424946.960508,394671.2235684383,4438780.730240317,-0.32108721019843056,0
actual,1745424947.0604775,394671.22459778725,4438780.729749576,-0.32104912711415223,0
actual,1745424947.160696,394671.2244977184,4438780.729760674,-0.3210438038599334,0
