type,timestamp,x,y,yaw,target_waypoint_idx
actual,1745691028.457002,394648.1545177509,4438783.137624516,-0.05796276843116711,0
actual,1745691028.4570572,394648.1545177509,4438783.137624516,-0.05796276843116711,0
actual,1745691028.4570878,394648.1545177509,4438783.137624516,-0.05796276843116711,0
actual,1745691029.7509482,394648.154513629,4438783.13762874,-0.05790417772817776,0
actual,1745691029.7510056,394648.154513629,4438783.13762874,-0.05790417772817776,0
actual,1745691031.2774832,394648.1550068288,4438783.13902174,-0.05794985299470247,0
actual,1745691031.2775304,394648.1550068288,4438783.13902174,-0.05794985299470247,0
actual,1745691032.7685392,394648.1549619138,4438783.138058545,-0.05793999188442855,0
actual,1745691032.7685907,394648.1549619138,4438783.138058545,-0.05793999188442855,0
actual,1745691032.91475,394648.1551431575,4438783.138058146,-0.05795730555060827,0
actual,1745691034.4713368,394648.15434878576,4438783.137717773,-0.05796782988599801,0
actual,1745691034.4713871,394648.15434878576,4438783.137717773,-0.05796782988599801,0
actual,1745691035.8520355,394648.15434878576,4438783.137717773,-0.05796782988599801,0
actual,1745691035.852089,394648.15434878576,4438783.137717773,-0.05796782988599801,0
actual,1745691036.8214016,394648.15447179665,4438783.137685724,-0.05796782988599801,0
actual,1745691036.821449,394648.15447179665,4438783.137685724,-0.05796782988599801,0
actual,1745691036.94667,394648.15419769246,4438783.139913295,-0.05798940215555252,0
actual,1745691037.0216048,394648.1543110891,4438783.139878425,-0.0579657005843105,0
actual,1745691037.1216943,394648.15445974714,4438783.138001913,-0.0578714178981177,0
actual,1745691037.2216573,394648.154434415,4438783.137801957,-0.0579021880528303,0
actual,1745691037.3216317,394648.1542421125,4438783.137660048,-0.05789180334378111,0
actual,1745691037.4219913,394648.1540979147,4438783.137551196,-0.05792135176801719,0
actual,1745691037.5217023,394648.15419788694,4438783.137321178,-0.05789911627334686,0
actual,1745691037.6216056,394648.15273790853,4438783.1376600135,-0.05790817453216466,0
actual,1745691037.7217124,394648.15268340043,4438783.137490702,-0.057860631763340324,0
actual,1745691037.821617,394648.1526641778,4438783.137531865,-0.0578931297940125,0
actual,1745691037.921663,394648.15271098877,4438783.137320503,-0.05789073869293736,0
actual,1745691038.0216475,394648.15267043345,4438783.137138831,-0.05789511946935972,0
actual,1745691038.1243255,394648.15242675244,4438783.137949697,-0.05800884512341975,0
actual,1745691038.2224874,394648.152396784,4438783.138024092,-0.058039196399111946,0
actual,1745691038.3219044,394648.1524011503,4438783.138023324,-0.05798554497790567,0
actual,1745691038.422051,394648.1524063723,4438783.138213437,-0.058013365526182414,0
actual,1745691038.5217707,394648.15243221575,4438783.138281858,-0.05798992575432803,0
actual,1745691038.6216729,394648.1525369066,4438783.136130117,-0.057885136186038466,0
actual,1745691038.7216613,394648.15259966336,4438783.135975909,-0.057897528023727586,0
actual,1745691038.821697,394648.15265872644,4438783.135819817,-0.05787169715079806,0
actual,1745691038.9216874,394648.1527472916,4438783.135720502,-0.05788248328557544,0
actual,1745691039.0216274,394648.1528467406,4438783.135551193,-0.05787382645248557,0
actual,1745691039.1216023,394648.1529837178,4438783.135408916,-0.05786543141878334,0
actual,1745691039.2217083,394648.152222803,4438783.134954095,-0.05790670845559297,0
actual,1745691039.3218665,394648.1523883763,4438783.13490957,-0.05790831415850496,0
actual,1745691039.421667,394648.1525202242,4438783.134883657,-0.05790178662710237,0
actual,1745691039.5216658,394648.1527105574,4438783.134903114,-0.05793601253373413,0
actual,1745691039.6216345,394648.15286626556,4438783.137045495,-0.057937077184577884,0
actual,1745691039.7216947,394648.1530468989,4438783.137210009,-0.057912171336151806,0
actual,1745691039.8217752,394648.15321875905,4438783.137473386,-0.05793241715547492,0
actual,1745691039.9216175,394648.1533783206,4438783.137687047,-0.05792588962407257,0
actual,1745691040.0218186,394648.1536302936,4438783.137849389,-0.05789871484761892,0
actual,1745691040.1216712,394648.153950546,4438783.138025159,-0.05788780653979397,0
actual,1745691040.2216642,394648.1525416366,4438783.136854607,-0.057930951078903226,0
actual,1745691040.3216472,394648.1526449877,4438783.136844117,-0.05794599581705538,0
actual,1745691040.4216173,394648.1527863783,4438783.136776842,-0.05794346508964018,0
actual,1745691040.521697,394648.1529708585,4438783.136694749,-0.05791709316464241,0
actual,1745691040.621619,394648.15316600516,4438783.136662079,-0.057919763518397914,0
actual,1745691040.721584,394648.15248881833,4438783.137632552,-0.0579021880528303,0
actual,1745691040.8217099,394648.1525193575,4438783.137675281,-0.057862761065027836,0
actual,1745691040.9216473,394648.1525832278,4438783.137721606,-0.05781457252438041,0
actual,1745691041.0216422,394648.15268829785,4438783.13780002,-0.05781322862085629,0
actual,1745691041.1216478,394648.15227076656,4438783.1385001745,-0.05792561037139221,0
actual,1745691041.221669,394648.15234220447,4438783.13846775,-0.05790271165160607,0
actual,1745691041.3216748,394648.1524559953,4438783.138445879,-0.05787236037591388,0
actual,1745691041.421742,394648.1525996751,4438783.138466927,-0.0578755543284449,0
actual,1745691041.5216854,394648.1527940213,4438783.138445432,-0.05788780653979397,0
actual,1745691041.6216414,394648.15171028976,4438783.138758055,-0.057938403634809274,0
actual,1745691041.721636,394648.1517919036,4438783.138806283,-0.057948927970198766,0
actual,1745691041.8216703,394648.1518515381,4438783.138880334,-0.05797741174359133,0
actual,1745691041.9216578,394648.15194329736,4438783.1389608625,-0.058010572999379326,0
actual,1745691042.0217137,394648.15203889436,4438783.139001722,-0.057997517936574386,0
actual,1745691042.121904,394648.1522556206,4438783.138990034,-0.05796503735919468,0
actual,1745691042.221843,394648.152192488,4438783.13994931,-0.05788792871284155,0
actual,1745691042.3217604,394648.1523446641,4438783.140007876,-0.057905783431089514,0
actual,1745691042.4216595,394648.1524388289,4438783.140103058,-0.05788859193795737,0
actual,1745691042.5216308,394648.15256555413,4438783.140153002,-0.05785464528400597,0
actual,1745691042.6216063,394648.1527098592,4438783.139499524,-0.05791122885835563,0
actual,1745691042.7215738,394648.1528946334,4438783.13945725,-0.05790498057963364,0
actual,1745691042.821649,394648.15307957353,4438783.1393657075,-0.05788168043411956,0
actual,1745691042.9216127,394648.1532429124,4438783.139267789,-0.05786476819366752,0
actual,1745691043.0216706,394648.15346054285,4438783.139204069,-0.057867700346810914,0
actual,1745691043.1217065,394648.1532205071,4438783.140365524,-0.057955054075873425,0
actual,1745691043.2216196,394648.15331581846,4438783.140397303,-0.05794559439132744,0
actual,1745691043.3216233,394648.15338282945,4438783.14039111,-0.057919763518397914,0
actual,1745691043.4216285,394648.15342045674,4438783.140424342,-0.05792068854290161,0
actual,1745691043.521644,394648.15347359364,4438783.140458971,-0.057878085055860354,0
actual,1745691043.6216695,394648.1520353067,4438783.139233028,-0.057897528023727586,0
actual,1745691043.7216423,394648.15210684703,4438783.139064482,-0.05787995255815998,0
actual,1745691043.8216367,394648.15219591657,4438783.138955245,-0.05787288397468939,0
actual,1745691043.921757,394648.1522688082,4438783.138823373,-0.05787515290271696,0
actual,1745691044.0216138,394648.1523378448,4438783.138644505,-0.05785810103592512,0
actual,1745691044.1216342,394648.1513690593,4438783.139879007,-0.057958649454132385,0
actual,1745691044.2216518,394648.1513714866,4438783.139857432,-0.05795105727188628,0
actual,1745691044.3217113,394648.15136855154,4438783.139792806,-0.05790178662710237,0
actual,1745691044.421626,394648.15139372053,4438783.139662473,-0.05781069789344084,0
actual,1745691044.521608,394648.1514891196,4438783.139539499,-0.05777502336353011,0
actual,1745691044.621828,394648.1515788037,4438783.139468955,-0.057851573504522524,0
actual,1745691044.721645,394648.15159012843,4438783.139413515,-0.05781109931916878,0
actual,1745691044.8216183,394648.15363902115,4438783.139267114,-0.05785265560865876,0
actual,1745691044.9216025,394648.157755351,4438783.138703118,-0.05784998525490325,0
actual,1745691045.0217605,394648.1660222267,4438783.1381103955,-0.057958649454132385,0
actual,1745691045.1216505,394648.17656640476,4438783.135769883,-0.058181144027176654,0
actual,1745691045.221615,394648.19429860683,4438783.134085663,-0.058537348274216194,0
actual,1745691045.3216026,394648.2191050623,4438783.1320073,-0.059507000846746566,0
actual,1745691045.421786,394648.2514957156,4438783.129141423,-0.060902496303471325,0
actual,1745691045.521628,394648.29219678655,4438783.125755063,-0.06300931815013867,0
actual,1745691045.6216674,394648.34068849916,4438783.122360768,-0.06590111928118308,0
actual,1745691045.721649,394648.4010137261,4438783.116838115,-0.06985671604461037,0
actual,1745691045.8215187,394648.4724535216,4438783.110332358,-0.0751988721789922,0
actual,1745691045.9217637,394648.5552740014,4438783.102292044,-0.08163667620460596,0
actual,1745691046.0216765,394648.64996349096,4438783.092405788,-0.08948899977579107,0
actual,1745691046.1216216,394648.75784514693,4438783.085098495,-0.09872378119418847,0
actual,1745691046.22171,394648.87915118726,4438783.07103204,-0.10992663078371953,0
actual,1745691046.3216045,394649.0139510898,4438783.053822082,-0.12305255395626809,0
actual,1745691046.4216177,394649.16236450203,4438783.032887348,-0.13828877218069538,0
actual,1745691046.5216832,394649.32417351066,4438783.007343479,-0.15559198383825987,0
actual,1745691046.621628,394649.4957776078,4438782.984947748,-0.1747856663284143,0
actual,1745691046.7216837,394649.68359794957,4438782.948912362,-0.19671106835062013,0
actual,1745691046.8216538,394649.8784448665,4438782.907281142,-0.22026992401976758,0
actual,1745691046.9216902,394650.0718906269,4438782.860277117,-0.24175377519451155,0
actual,1745691047.0219572,394650.2628504442,4438782.810180197,-0.263155072295636,0
actual,1745691047.1215436,394650.45989218075,4438782.752364028,-0.2832231821943321,0
actual,1745691047.2218423,394650.6437685257,4438782.6952219345,-0.3016334911030215,0
actual,1745691047.3216946,394650.82190870726,4438782.637019841,-0.3195194158379492,0
actual,1745691047.4216325,394650.9906641223,4438782.578205735,-0.33561702386140585,0
actual,1745691047.5216243,394651.1490646086,4438782.520185788,-0.3508032907626412,0
actual,1745691047.6216726,394651.2933710501,4438782.467676885,-0.36464600320569146,0
actual,1745691047.7217648,394651.4311466287,4438782.412433463,-0.37705433425628243,0
actual,1745691047.821774,394651.5587340823,4438782.360685235,-0.388140019893127,0
actual,1745691047.9216251,394651.6767176643,4438782.311475071,-0.3987664221373096,0
actual,1745691048.0217109,394651.7839450106,4438782.265587031,-0.4082106605192388,0
actual,1745691048.121634,394651.88171998103,4438782.222433295,-0.41642198086426657,0
actual,1745691048.2216623,394651.9731724263,4438782.180756513,-0.4239977570154732,0
actual,1745691048.3216403,394652.05114145274,4438782.145608925,-0.4305882773506363,0
actual,1745691048.4216647,394652.12010976026,4438782.114521594,-0.43657213869109884,0
actual,1745691048.5217137,394652.1799501256,4438782.087505788,-0.4416896534974564,0
actual,1745691048.62156,394652.2283484675,4438782.057161142,-0.4452368606692098,0
actual,1745691048.7216282,394652.27067059674,4438782.0367822945,-0.4487981701013192,0
actual,1745691048.821635,394652.3046459264,4438782.02023148,-0.4516545410485481,0
actual,1745691048.921594,394652.33080064703,4438782.007678544,-0.45378361584317845,0
actual,1745691049.0216186,394652.349932338,4438781.998805225,-0.45532517790500243,0
actual,1745691049.1217604,394652.36440380313,4438781.992096497,-0.45626727172864395,0
actual,1745691049.2216628,394652.37018614385,4438781.990012336,-0.45665436830344364,0
actual,1745691049.3217494,394652.37050287076,4438781.990687179,-0.4566315917567051,0
actual,1745691049.4216774,394652.37093068054,4438781.991492362,-0.45682120432664197,0
actual,1745691049.521818,394652.37202208384,4438781.991728638,-0.45679937025769934,0
actual,1745691049.62171,394652.3633839329,4438781.989921365,-0.4565098899479637,0
actual,1745691049.7216282,394652.363419355,4438781.989537516,-0.45647514044255644,0
actual,1745691049.8216033,394652.3632449183,4438781.9891567575,-0.45648245337212223,0
actual,1745691049.9216104,394652.36326035217,4438781.988636612,-0.4564670072082421,0
actual,1745691050.021651,394652.363146672,4438781.988109454,-0.4564418395604284,0
actual,1745691050.1215827,394652.36303261085,4438781.987470002,-0.45643518985597825,0
actual,1745691050.2216172,394652.3669483859,4438781.986555129,-0.45639923607338717,0
actual,1745691050.3216803,394652.3674057582,4438781.985729114,-0.4564018889738502,0
actual,1745691050.4216685,394652.3678670719,4438781.984780163,-0.4563931099677127,0
actual,1745691050.521684,394652.3683803319,4438781.983714799,-0.4563540844056382,0
actual,1745691050.62162,394652.3638566003,4438781.989423209,-0.4562856500456674,0
actual,1745691050.7216763,394652.36354096746,4438781.989337113,-0.4562725949828625,0
actual,1745691050.8216593,394652.36324731575,4438781.989246793,-0.4562900482753825,0
actual,1745691050.921667,394652.3629633564,4438781.989099021,-0.4562851089935992,0
actual,1745691051.021604,394652.3627127388,4438781.988944752,-0.45629949050663576,0
actual,1745691051.1216338,394652.3651197235,4438781.988588419,-0.45648377982235383,0
actual,1745691051.2216225,394652.36518973374,4438781.988436058,-0.4564675482603104,0
actual,1745691051.3216376,394652.36523517536,4438781.9882354345,-0.4564409145359247,0
actual,1745691051.4216774,394652.36528558074,4438781.987974765,-0.4564254683720446,0
actual,1745691051.5216827,394652.36532364273,4438781.987678883,-0.4564114882847362,0
actual,1745691051.6216545,394652.3653625288,4438781.989606772,-0.45645636069980505,0
actual,1745691051.7216523,394652.3654496041,4438781.989566052,-0.45641853941491434,0
actual,1745691051.821796,394652.3655224467,4438781.989527924,-0.4564349106032979,0
actual,1745691051.9217763,394652.36559634644,4438781.989416604,-0.456439308833013,0
actual,1745691052.0216722,394652.36570942705,4438781.989286061,-0.4564736743659848,0
actual,1745691052.1216521,394652.3657925398,4438781.989115342,-0.456467810059698,0
actual,1745691052.221824,394652.3641083387,4438781.989994034,-0.4564675482603104,0
actual,1745691052.3217037,394652.364019655,4438781.989870655,-0.45650336241656114,0
actual,1745691052.421613,394652.3638742089,4438781.989719969,-0.45647779334301947,0
actual,1745691052.5216343,394652.3637258377,4438781.989518338,-0.45644157776104055,0
actual,1745691052.621669,394652.3635140519,4438781.989191365,-0.4564378427564413,0
actual,1745691052.721695,394652.363473747,4438781.989110235,-0.45641853941491434,0
actual,1745691052.8217309,394652.3634726524,4438781.988999048,-0.4564341252051345,0
actual,1745691052.9216304,394652.3634635271,4438781.988862542,-0.4564417173873808,0
actual,1745691053.021632,394652.3634113351,4438781.988657633,-0.45642040691721397,0
actual,1745691053.1216612,394652.36445539223,4438781.988739451,-0.4564398498850812,0
actual,1745691053.2216988,394652.36457704974,4438781.988628886,-0.4564604796768398,0
actual,1745691053.321632,394652.36469550384,4438781.988471068,-0.4564719290367327,0
actual,1745691053.421652,394652.3648071474,4438781.988287302,-0.4564584900014923,0
actual,1745691053.521675,394652.36497016926,4438781.988090433,-0.45648765445329315,0
actual,1745691053.6216984,394652.36416507274,4438781.989487047,-0.45649763773661467,0
actual,1745691053.7216802,394652.36417635,4438781.989493857,-0.45649084840582443,0
actual,1745691053.8216648,394652.3642406458,4438781.989483754,-0.45649749811027435,0
actual,1745691053.9216542,394652.3642418124,4438781.9893977465,-0.4564747390168285,0
actual,1745691054.0216386,394652.3642779793,4438781.989355846,-0.4564901851807086,0
actual,1745691054.1218166,394652.36401031516,4438781.988926689,-0.4564771301179037,0
actual,1745691054.221698,394652.3640333675,4438781.988757601,-0.45645981645172395,0
actual,1745691054.3216226,394652.3641369938,4438781.988675417,-0.456446761388919,0
actual,1745691054.4216232,394652.3642328895,4438781.988484497,-0.45643251950222274,0
actual,1745691054.521632,394652.36436598556,4438781.988204965,-0.45643890740728504,0
actual,1745691054.6216285,394652.3645628705,4438781.9880092265,-0.4564385059815571,0
actual,1745691054.7216134,394652.3639264733,4438781.989470215,-0.45659776727580154,0
actual,1745691054.8216205,394652.36463731574,4438781.98909209,-0.45661453988991324,0
actual,1745691054.9217892,394652.36563290376,4438781.988602354,-0.4567164147583522,0
actual,1745691055.0217469,394652.367057891,4438781.987975191,-0.45686742064523467,0
actual,1745691055.121635,394652.3694035753,4438781.98697845,-0.4571068274587307,0
actual,1745691055.2216792,394652.3694113908,4438781.987073307,-0.4570473117312377,0
actual,1745691055.321663,394652.3716852816,4438781.985842449,-0.4572019129963794,0
actual,1745691055.4216235,394652.3740503492,4438781.984718595,-0.45754333430465444,0
actual,1745691055.5216482,394652.376155584,4438781.983639399,-0.4576819483538478,0
actual,1745691055.6216335,394652.3829846667,4438781.976856554,-0.4578928713939513,0
actual,1745691055.72178,394652.384624454,4438781.975555705,-0.4579570471505473,0
actual,1745691055.821616,394652.38469258405,4438781.974998332,-0.4578396039451805,0
actual,1745691055.9215925,394652.3830326076,4438781.975426523,-0.45769512558970055,0
actual,1745691056.0216384,394652.3788708033,4438781.976996937,-0.4572326656977995,0
actual,1745691056.1216662,394652.3720743645,4438781.980029308,-0.45654823483163,0
actual,1745691056.221605,394652.3647557387,4438781.988358948,-0.4556422344169196,0
actual,1745691056.321634,394652.35134172527,4438781.995609457,-0.45436777754382085,0
actual,1745691056.421559,394652.3335633884,4438782.005113933,-0.4526239318216908,0
actual,1745691056.5216215,394652.3110013185,4438782.017057767,-0.4503791591509456,0
actual,1745691056.621593,394652.28096645494,4438782.031299723,-0.44758644036153705,0
actual,1745691056.7216222,394652.24707186804,4438782.048615114,-0.44413711125423566,0
actual,1745691056.8216085,394652.20708151883,4438782.069020497,-0.44011533160557265,0
actual,1745691056.921637,394652.16043291474,4438782.09250164,-0.4353526771427305,0
actual,1745691057.0216002,394652.1065843662,4438782.118981521,-0.42975976955471457,0
actual,1745691057.1216743,394652.04531730275,4438782.14847283,-0.4233121218721196,0
actual,1745691057.2216663,394651.97226631956,4438782.176243807,-0.41590454310092784,0
actual,1745691057.3216333,394651.894603353,4438782.211524044,-0.4079287723917491,0
actual,1745691057.4215884,394651.8087903765,4438782.249544964,-0.3990304729998439,0
actual,1745691057.521789,394651.7153171056,4438782.289922408,-0.3893925030709433,0
actual,1745691057.6216583,394651.6156080535,4438782.332228856,-0.3794023256989904,0
actual,1745691057.7216334,394651.51098858286,4438782.3736795485,-0.36918855419656443,0
actual,1745691057.82163,394651.40550260094,4438782.415564416,-0.35880209981794614,0
actual,1745691057.9217517,394651.29838324984,4438782.45694191,-0.3484213701192746,0
actual,1745691058.0218163,394651.19017900055,4438782.496664858,-0.33760547747820296,0
actual,1745691058.1216388,394651.07607299945,4438782.541638693,-0.3271895793951037,0
actual,1745691058.2216434,394650.96601130185,4438782.580734993,-0.3167273602736564,0
actual,1745691058.3216238,394650.85510173015,4438782.618105657,-0.3058528594763029,0
actual,1745691058.4216168,394650.743242354,4438782.654434167,-0.2953801160194661,0
actual,1745691058.5216432,394650.6307224,4438782.689368366,-0.284457025255737,0
actual,1745691058.6216588,394650.51922477235,4438782.719604275,-0.2736138356651644,0
actual,1745691058.7216206,394650.4060668064,4438782.751913156,-0.2631292414227065,0
actual,1745691058.8215816,394650.29223923275,4438782.782464888,-0.2520476922161891,0
actual,1745691058.921678,394650.178377245,4438782.811891923,-0.2411550923544925,0
actual,1745691059.0216074,394650.06488808186,4438782.839913399,-0.23036450698757488,0
actual,1745691059.121637,394649.9542939786,4438782.8761772625,-0.21945125988082725,0
actual,1745691059.2215965,394649.8436349814,4438782.902825288,-0.20914255992038516,0
actual,1745691059.32158,394649.73443078325,4438782.927597532,-0.19887941305342047,0
actual,1745691059.421803,394649.6279738957,4438782.950741311,-0.18896632687452794,0
actual,1745691059.521638,394649.52358375053,4438782.972893636,-0.1795211634680953,0
actual,1745691059.6216,394649.42378646246,4438782.984954889,-0.1701360393879312,0
actual,1745691059.7216299,394649.323145435,4438783.0027372,-0.1609978095837544,0
actual,1745691059.8217328,394649.22436009994,4438783.018788984,-0.1516148322585703,0
actual,1745691059.9216342,394649.1278332615,4438783.033931965,-0.1429390448930016,0
actual,1745691060.021613,394649.0336143939,4438783.047649755,-0.1344118723132405,0
actual,1745691060.1216092,394648.93789618893,4438783.0690158,-0.12580094138267608,0
actual,1745691060.221629,394648.84635209217,4438783.082089624,-0.11843650715059338,0
actual,1745691060.3216856,394648.75671577395,4438783.093846175,-0.11175383343092496,0
actual,1745691060.4216216,394648.6694303198,4438783.104637183,-0.10604175476158284,0
actual,1745691060.5216026,394648.5841068202,4438783.114946599,-0.1015829446682204,0
actual,1745691060.6217887,394648.4966741295,4438783.126078098,-0.09795478912575974,0
actual,1745691060.7216253,394648.4140471006,4438783.1350015085,-0.09484169769885487,0
actual,1745691060.821671,394648.3331704165,4438783.143535027,-0.092415026813467,0
actual,1745691060.9217744,394648.253839213,4438783.151804593,-0.09051045372052081,0
actual,1745691061.021621,394648.1761076017,4438783.159666787,-0.08905277218254774,0
actual,1745691061.121629,394648.1000933278,4438783.170583426,-0.08795009061443015,0
actual,1745691061.22163,394648.02647750487,4438783.178523518,-0.08730428388460719,0
actual,1745691061.3216052,394647.95494147524,4438783.186330188,-0.08683489503557586,0
actual,1745691061.4216146,394647.88522595237,4438783.193909716,-0.08642955977009271,0
actual,1745691061.521611,394647.81706560904,4438783.20130775,-0.08618854725368466,0
actual,1745691061.6216438,394647.7520835623,4438783.203705835,-0.08593461930081221,0
actual,1745691061.7216563,394647.6876147349,4438783.209935198,-0.08566110875373198,0
actual,1745691061.821619,394647.62451928697,4438783.215634412,-0.0851568482262458,0
actual,1745691061.9216373,394647.5628210403,4438783.221089594,-0.08428545769060264,0
actual,1745691062.0217721,394647.50272058276,4438783.22667666,-0.08334814606911167,0
actual,1745691062.121595,394647.44439721276,4438783.231926334,-0.08191364250360511,0
actual,1745691062.2217786,394647.38399564853,4438783.243260588,-0.08014770091314453,0
actual,1745691062.3216043,394647.3287079507,4438783.248986892,-0.07866631780392945,0
actual,1745691062.4217916,394647.27533367474,4438783.254313049,-0.07719132259977642,0
actual,1745691062.5216606,394647.2237983935,4438783.259334043,-0.07593058401459844,0
actual,1745691062.621614,394647.1759059671,4438783.260069884,-0.0750731735662637,0
actual,1745691062.7216318,394647.12943026074,4438783.263748177,-0.07421550131854106,0
actual,1745691062.8216596,394647.08616823563,4438783.267137449,-0.07362161813396505,0
actual,1745691062.9218016,394647.04620444303,4438783.270113209,-0.0731146872527231,0
actual,1745691063.0216,394647.0095207135,4438783.273055057,-0.07282960517270234,0
actual,1745691063.121616,394646.9760183315,4438783.275563629,-0.07257979619686461,0
actual,1745691063.2218146,394646.9394948007,4438783.282971813,-0.07226753934039021,0
actual,1745691063.3216348,394646.9120404302,4438783.285510376,-0.07219976820553524,0
actual,1745691063.4216156,394646.88814770256,4438783.28783547,-0.07206167775511736,0
actual,1745691063.5216112,394646.86770765786,4438783.289861576,-0.07204237441359043,0
actual,1745691063.621612,394646.85085209843,4438783.290075808,-0.07200521635381553,0
actual,1745691063.7216227,394646.8373101215,4438783.291283157,-0.07199896807509329,0
actual,1745691063.821621,394646.82718639367,4438783.2921717875,-0.07200867210573443,0
actual,1745691063.9216316,394646.8203579718,4438783.292695254,-0.07197619152835473,0
actual,1745691064.0216303,394646.81678381347,4438783.292995955,-0.07203596905523565,0
actual,1745691064.1216433,394646.81636921,4438783.292958317,-0.07202132574281145,0
actual,1745691064.221673,394646.81899175694,4438783.293272925,-0.07193371021436129,0
actual,1745691064.3216767,394646.81977125595,4438783.293291335,-0.07199722274584124,0
actual,1745691064.4217064,394646.81955948996,4438783.29326959,-0.07195755141194361,0
actual,1745691064.5216873,394646.8193271758,4438783.293352163,-0.07200668243038723,0
actual,1745691064.6216798,394646.82073723694,4438783.293231978,-0.07193531591727305,0
actual,1745691064.7216775,394646.8210549086,4438783.293437489,-0.07197898405515807,0
actual,1745691064.8216443,394646.82123488677,4438783.2935272055,-0.07199469201842604,0
actual,1745691064.921624,394646.8215888513,4438783.293603926,-0.07203424117927608,0
actual,1745691065.0216036,394646.8220149587,4438783.293689051,-0.07196247324043421,0
actual,1745691065.121622,394646.8198846812,4438783.292615441,-0.07197020504902038,0
actual,1745691065.2216263,394646.82017000916,4438783.292384693,-0.07189430067985131,0
actual,1745691065.3216097,394646.8205339038,4438783.292277413,-0.07190267826026081,0
actual,1745691065.4216003,394646.82086934795,4438783.292157197,-0.07189269497693931,0
actual,1745691065.5216336,394646.82107942726,4438783.292011174,-0.07186007477321955,0
actual,1745691065.6216025,394646.8215076668,4438783.292687513,-0.0719948316447661,0
actual,1745691065.7216382,394646.8216008403,4438783.292666296,-0.07195235033077266,0
actual,1745691065.8216622,394646.8218968777,4438783.292628132,-0.07192505338127143,0
actual,1745691065.9216561,394646.8222260378,4438783.292688722,-0.0719238665573801,0
actual,1745691066.0216022,394646.822522023,4438783.292744784,-0.07189976356040989,0
actual,1745691066.121588,394646.8236771294,4438783.293316864,-0.0719781812037022,0
actual,1745691066.2216256,394646.8238661193,4438783.293262911,-0.07195062245481308,0
actual,1745691066.3216033,394646.82396945136,4438783.293314215,-0.07199402879331022,0
actual,1745691066.4216595,394646.82393456507,4438783.293368105,-0.07200228420067215,0
actual,1745691066.5216184,394646.82379032834,4438783.293417907,-0.0719729975758237,0
actual,1745691066.6217122,394646.8265751992,4438783.293487069,-0.0719784604563823,0
actual,1745691066.721641,394646.82661095855,4438783.293544267,-0.07194037737210394,0
actual,1745691066.821666,394646.8266184955,4438783.29364046,-0.07194702707655387,0
actual,1745691066.9216018,394646.8266054277,4438783.293722685,-0.07194049954515153,0
actual,1745691067.0216982,394646.82663973037,4438783.293832356,-0.07194556099998219,0
actual,1745691067.1217031,394646.8273378209,4438783.294001104,-0.07196339826493767,0
actual,1745691067.2216306,394646.82748193573,4438783.294027316,-0.07198004870600182,0
actual,1745691067.3215995,394646.827672138,4438783.2940322,-0.07197898405515807,0
actual,1745691067.4216025,394646.82787501736,4438783.294038692,-0.07196620824503348,0
actual,1745691067.5216932,394646.8281141983,4438783.29407466,-0.07198444693571665,0
actual,1745691067.6215312,394646.8286396421,4438783.294348068,-0.07200495455442765,0
actual,1745691067.7215908,394646.82873411675,4438783.294365224,-0.07200881173207449,0
actual,1745691067.821847,394646.8287912636,4438783.294372964,-0.07199416841965027,0
actual,1745691067.921541,394646.8288604683,4438783.294389052,-0.07201361138751751,0
actual,1745691068.0216873,394646.8288687885,4438783.294402649,-0.07200415170297178,0
actual,1745691068.1218145,394646.8288785685,4438783.294457919,-0.072031448652473,0
actual,1745691068.221664,394646.8298183668,4438783.292548919,-0.07195728961255574,0
actual,1745691068.3216093,394646.829912703,4438783.292430257,-0.07195594570903162,0
actual,1745691068.4215724,394646.8300031404,4438783.292292912,-0.07193212196474202,0
actual,1745691068.5216274,394646.8301617445,4438783.292154644,-0.07194037737210394,0
actual,1745691068.6218116,394646.83037733403,4438783.291983695,-0.07193690416689232,0
actual,1745691068.721618,394646.8294031867,4438783.291473481,-0.07195741178560332,0
actual,1745691068.8215969,394646.8294652029,4438783.291360133,-0.07194849315312557,0
actual,1745691068.9217515,394646.8295510617,4438783.291229585,-0.0719393127212602,0
actual,1745691069.0216277,394646.8296859374,4438783.291102359,-0.07192891055891827,0
actual,1745691069.121611,394646.8291330354,4438783.290471141,-0.07194835352678551,0
actual,1745691069.2216845,394646.8291822377,4438783.290411597,-0.07192599585906737,0
actual,1745691069.3216083,394646.8292823833,4438783.290366676,-0.07193597914238886,0
actual,1745691069.4217076,394646.82942160085,4438783.290310701,-0.07191573332306575,0
actual,1745691069.521636,394646.82959181245,4438783.290290763,-0.07192758410868663,0
actual,1745691069.6217585,394646.82807230385,4438783.291712447,-0.07194915637824138,0
actual,1745691069.7216675,394646.8280572857,4438783.291793811,-0.07194702707655387,0
actual,1745691069.8216126,394646.8279796799,4438783.291916091,-0.07194756812862212,0
actual,1745691069.9216585,394646.8279191572,4438783.291992509,-0.07189257280389173,0
actual,1745691070.0217006,394646.82791029423,4438783.292114179,-0.0718990828820016,0
actual,1745691070.1218283,394646.8281716635,4438783.292539561,-0.07192171980240011,0
actual,1745691070.2217567,394646.82812672766,4438783.292631827,-0.07196287466616215,0
actual,1745691070.321619,394646.828099582,4438783.292720529,-0.0719591396615629,0
actual,1745691070.421676,394646.8282591044,4438783.29276359,-0.07193344841497341,0
actual,1745691070.5216444,394646.8284992711,4438783.292762609,-0.07192171980240011,0
actual,1745691070.6216285,394646.8276875416,4438783.293214238,-0.07195795283767155,0
actual,1745691070.7216465,394646.827669652,4438783.293340097,-0.07194435672279836,0
actual,1745691070.8219352,394646.82772174495,4438783.293415294,-0.07190122963698159,0
actual,1745691070.9217148,394646.827792198,4438783.293527314,-0.07191667580086168,0
actual,1745691071.0215647,394646.8278408712,4438783.29363931,-0.07188484099530532,0
actual,1745691071.1216245,394646.82792875345,4438783.293782446,-0.07190627363852002,0
actual,1745691071.2216704,394646.82882748963,4438783.292918062,-0.07195168710565684,0
actual,1745691071.3216321,394646.828996118,4438783.292876068,-0.07197339900155164,0
actual,1745691071.4216096,394646.8292044127,4438783.292816917,-0.07198565121290071,0
actual,1745691071.5216804,394646.8294836716,4438783.292830231,-0.07203185007820094,0
actual,1745691071.6216607,394646.8297789758,4438783.292757097,-0.07200202240128425,0
actual,1745691071.7216327,394646.8285464134,4438783.293907648,-0.07200507672747523,0
actual,1745691071.8215938,394646.8285952651,4438783.293856205,-0.07191906690193708,0
actual,1745691071.9218006,394646.82870378334,4438783.293882687,-0.07196100716386253,0
actual,1745691072.0216315,394646.82876745966,4438783.293885535,-0.07195927928790294,0
actual,1745691072.1216347,394646.8288268346,4438783.29393568,-0.07199402879331022,0
actual,1745691072.2215943,394646.8278927537,4438783.295402217,-0.0719708682741362,0
actual,1745691072.321634,394646.8278238253,4438783.295544441,-0.07194915637824138,0
actual,1745691072.42171,394646.8278375723,4438783.295673106,-0.07196446291578143,0
actual,1745691072.5216067,394646.8278802481,4438783.295773561,-0.07196633041808105,0
actual,1745691072.6215947,394646.8274517696,4438783.293879267,-0.0719828412328049,0
actual,1745691072.721701,394646.82742575137,4438783.293727059,-0.07195994251301877,0
actual,1745691072.8216586,394646.8274223121,4438783.293625282,-0.07196767432160517,0
actual,1745691072.921615,394646.8274195297,4438783.293477489,-0.07195755141194361,0
actual,1745691073.0216393,394646.82751378964,4438783.293358254,-0.07198418513632902,0
actual,1745691073.1215997,394646.82769351016,4438783.292958958,-0.071933570588021,0
actual,1745691073.2216225,394646.82783958036,4438783.2930415105,-0.07196393931700591,0
actual,1745691073.321612,394646.8280281316,4438783.293080661,-0.07194116277026735,0
actual,1745691073.4215994,394646.8282826127,4438783.293092488,-0.07193678199384473,0
actual,1745691073.5216131,394646.8285620585,4438783.293057027,-0.07190255608721323,0
actual,1745691073.6217058,394646.82750075066,4438783.294347883,-0.07194795210105757,0
actual,1745691073.72167,394646.82759101933,4438783.294406388,-0.0719807119311174,0
actual,1745691073.8217344,394646.82772485894,4438783.294495722,-0.0720048149280876,0
actual,1745691073.9216325,394646.8278262885,4438783.294509331,-0.07195728961255574,0
actual,1745691074.021609,394646.82793323754,4438783.29457386,-0.0719603439387467,0
actual,1745691074.1216433,394646.8280884214,4438783.2946304595,-0.07194262884683904,0
actual,1745691074.2218874,394646.82742314995,4438783.293798717,-0.07194875495251345,0
actual,1745691074.3217878,394646.8274590323,4438783.293845246,-0.0719608849908147,0
actual,1745691074.4216492,394646.8275643381,4438783.293811022,-0.07194795210105757,0
actual,1745691074.5215495,394646.8277420506,4438783.293766012,-0.07193144128633373,0
actual,1745691074.621618,394646.82671976276,4438783.29442398,-0.07198737908886005,0
actual,1745691074.7217152,394646.82665366295,4438783.294532836,-0.0719933655681944,0
actual,1745691074.8217008,394646.82664282736,4438783.294638383,-0.07195608533537193,0
actual,1745691074.9216208,394646.82672323775,4438783.294795173,-0.07192997520976203,0
actual,1745691075.0218694,394646.8268631495,4438783.294953354,-0.0719224004808084,0
actual,1745691075.121907,394646.8269914324,4438783.295134923,-0.07190109001064153,0
actual,1745691075.2217746,394646.82785266725,4438783.294314683,-0.07194995922969727,0
actual,1745691075.3216927,394646.8279207397,4438783.294388404,-0.07192985303671445,0
actual,1745691075.42163,394646.8279933594,4438783.294438542,-0.07193184271206167,0
actual,1745691075.521687,394646.82807871955,4438783.294477914,-0.07191906690193708,0
actual,1745691075.621638,394646.82793258986,4438783.294563157,-0.07196434074273385,0
actual,1745691075.721643,394646.8279858248,4438783.294553857,-0.07193597914238886,0
actual,1745691075.8217497,394646.82807023876,4438783.294599613,-0.0719833822848729,0
actual,1745691075.921637,394646.82814617106,4438783.294642939,-0.07197366080093928,0
actual,1745691076.0217533,394646.8282462451,4438783.294729658,-0.07199615809499774,0
actual,1745691076.1217632,394646.8281249694,4438783.294104761,-0.07194262884683904,0
actual,1745691076.2216487,394646.8281704167,4438783.293971311,-0.07190255608721323,0
actual,1745691076.3216317,394646.82827276277,4438783.293923308,-0.07190548824035661,0
actual,1745691076.4216094,394646.82838473434,4438783.293881598,-0.0718731298360245,0
actual,1745691076.5217042,394646.8285295829,4438783.293840691,-0.07184675791102697,0
actual,1745691076.6217542,394646.82894508593,4438783.294798915,-0.07194063917149159,0
actual,1745691076.7216728,394646.8291169981,4438783.294864687,-0.07194262884683904,0
actual,1745691076.8218586,394646.8292979017,4438783.294882744,-0.07191733902597751,0
actual,1745691076.9216754,394646.8294836102,4438783.294924811,-0.07189855928322608,0
actual,1745691077.0216913,394646.8296545485,4438783.294992385,-0.07187684738733129,0
actual,1745691077.121674,394646.82981732953,4438783.295080113,-0.07187178593250038,0
actual,1745691077.2218223,394646.82736034226,4438783.29405653,-0.07194329207195461,0
actual,1745691077.321751,394646.82722443197,4438783.29399515,-0.07193531591727305,0
actual,1745691077.4216828,394646.82710708067,4438783.293952986,-0.07195194890504447,0
actual,1745691077.5216084,394646.8269922369,4438783.293895561,-0.07193238376412965,0
actual,1745691077.6217525,394646.8269127487,4438783.293848943,-0.07193891129553226,0
actual,1745691077.7216175,394646.82824189117,4438783.293893045,-0.0719769943798106,0
actual,1745691077.8216052,394646.82839817886,4438783.293866695,-0.07198058975806981,0
actual,1745691077.9216185,394646.8285607578,4438783.293833221,-0.07195660893414745,0
actual,1745691078.0218177,394646.8287574096,4438783.293842139,-0.07194250667379122,0
actual,1745691078.1218235,394646.8289848658,4438783.293901465,-0.07193891129553226,0
actual,1745691078.221642,394646.8281526058,4438783.29357467,-0.07195168710565684,0
actual,1745691078.3216233,394646.828281053,4438783.2936112955,-0.07195116350688108,0
actual,1745691078.4216135,394646.82847176655,4438783.2936724145,-0.07196074536447464,0
actual,1745691078.5215273,394646.8287025134,4438783.293750843,-0.07196992579634001,0
actual,1745691078.6215398,394646.8289479526,4438783.293825171,-0.07197619152835473,0
actual,1745691078.7216356,394646.8283014261,4438783.29296894,-0.07194196562172323,0
actual,1745691078.8216314,394646.82842124975,4438783.293012766,-0.07196008213935882,0
actual,1745691078.9216647,394646.8285753553,4438783.293023609,-0.07195022102908515,0
actual,1745691079.0216436,394646.8287706111,4438783.293067348,-0.07190295751294117,0
actual,1745691079.1219509,394646.8281824935,4438783.293047338,-0.07195116350688108,0
actual,1745691079.2217042,394646.8282405003,4438783.293094338,-0.07195901748851506,0
actual,1745691079.3216748,394646.8283269953,4438783.293166749,-0.07198257943341703,0
actual,1745691079.4217763,394646.82848593156,4438783.293264353,-0.07201373356056509,0
actual,1745691079.5216823,394646.8286334911,4438783.293322542,-0.07196873897244868,0
actual,1745691079.6215816,394646.8288051275,4438783.293422016,-0.07197099044718377,0
actual,1745691079.7216496,394646.8283787098,4438783.294562792,-0.07196486434150937,0
actual,1745691079.8216128,394646.82851717784,4438783.294705284,-0.07200734565550279,0
actual,1745691079.9218264,394646.82867434097,4438783.294842818,-0.07199589629560985,0
actual,1745691080.0216627,394646.8288461683,4438783.294985702,-0.07198631443801629,0
actual,1745691080.121639,394646.8290007951,4438783.295098392,-0.07195022102908515,0
actual,1745691080.2216759,394646.8290585393,4438783.293128127,-0.07191093366762273,0
actual,1745691080.3216212,394646.8292005616,4438783.293040899,-0.0719033589386691,0
actual,1745691080.4216065,394646.8293733436,4438783.292996175,-0.07192185942874016,0
actual,1745691080.521635,394646.829601558,4438783.292923872,-0.07192758410868663,0
actual,1745691080.6219907,394646.8299076889,4438783.292852913,-0.07194570062632248,0
actual,1745691080.7218127,394646.82961243275,4438783.293801192,-0.07197538867689886,0
actual,1745691080.8217719,394646.8297269654,4438783.2938855635,-0.07196540539357736,0
actual,1745691080.9216213,394646.82984910626,4438783.294004976,-0.07196886114549651,0
actual,1745691081.0217996,394646.830063612,4438783.294105167,-0.07195901748851506,0
actual,1745691081.1216419,394646.8299575054,4438783.293530162,-0.07194596242571037,0
actual,1745691081.2216578,394646.8300348682,4438783.293532408,-0.07193304698924548,0
actual,1745691081.3215158,394646.83014950727,4438783.293520912,-0.07190362073805699,0
actual,1745691081.4216528,394646.83031188487,4438783.293562185,-0.07191346439503818,0
actual,1745691081.5216591,394646.83049006155,4438783.293607191,-0.07192439015615562,0
actual,1745691081.6216655,394646.83040635684,4438783.293607255,-0.07194409492341074,0
actual,1745691081.7216284,394646.8306527791,4438783.293676367,-0.0719322441377896,0
actual,1745691081.8217914,394646.83092781605,4438783.2937809415,-0.0719568881868278,0
actual,1745691081.9217405,394646.8311669808,4438783.293866958,-0.0719568881868278,0
actual,1745691082.0216167,394646.8314015742,4438783.293985749,-0.07198390588364867,0
actual,1745691082.1216023,394646.8316345437,4438783.294097594,-0.07195208853138478,0
actual,1745691082.2216628,394646.82927394134,4438783.294525683,-0.07193837024346401,0
actual,1745691082.3216412,394646.829397026,4438783.2946354905,-0.07191866547620915,0
actual,1745691082.4215665,394646.8294811831,4438783.294762617,-0.07189349782839519,0
actual,1745691082.5216198,394646.8295435277,4438783.294882057,-0.07187218735822856,0
actual,1745691082.6216378,394646.8296483528,4438783.295014901,-0.071875259137712,0
actual,1745691082.7216253,394646.829445246,4438783.294125582,-0.07192053297850877,0
actual,1745691082.821637,394646.8295830259,4438783.294088701,-0.07190520898767626,0
actual,1745691082.9216347,394646.8298287543,4438783.294068145,-0.07187299020968443,0
actual,1745691083.0216837,394646.83011695737,4438783.294029412,-0.0718667419309622,0
actual,1745691083.1216202,394646.830391987,4438783.2940014275,-0.07188644669821732,0
actual,1745691083.2216082,394646.8286708086,4438783.293754134,-0.07198165440891358,0
actual,1745691083.3217607,394646.828624789,4438783.293687594,-0.07193571734300098,0
actual,1745691083.421632,394646.8285931269,4438783.293659843,-0.07191627437513375,0
actual,1745691083.5216527,394646.82859112934,4438783.293705631,-0.07191573332306575,0
actual,1745691083.6218946,394646.82837777067,4438783.293584088,-0.07199563449622197,0
actual,1745691083.721632,394646.8283232994,4438783.293504868,-0.0719769943798106,0
actual,1745691083.8217733,394646.8282515369,4438783.293495269,-0.07198936876420725,0
actual,1745691083.9215612,394646.82820445724,4438783.293485315,-0.0720048149280876,0
actual,1745691084.0218158,394646.8281869325,4438783.293378071,-0.07198191620830145,0
actual,1745691084.1217058,394646.826115675,4438783.294430943,-0.07193543809032063,0
actual,1745691084.22162,394646.82599225914,4438783.294504967,-0.07195355460795647,0
actual,1745691084.3216932,394646.8259254522,4438783.294536154,-0.07197711655285843,0
actual,1745691084.4218056,394646.82596733223,4438783.294590107,-0.07198378371060109,0
actual,1745691084.5217574,394646.8261264712,4438783.294688876,-0.07197912368149811,0
actual,1745691084.621784,394646.825349499,4438783.293204828,-0.07194570062632248,0
actual,1745691084.7216363,394646.825563031,4438783.29303514,-0.07187459591259619,0
actual,1745691084.8217907,394646.8258480915,4438783.292954169,-0.0718725887839565,0
actual,1745691084.9216774,394646.8261222185,4438783.292850062,-0.0718477003888229,0
actual,1745691085.0216312,394646.8263927116,4438783.292738223,-0.07182771636888767,0
actual,1745691085.1216567,394646.825652243,4438783.2922483375,-0.07197725617919849,0
actual,1745691085.2216668,394646.82568839553,4438783.2922102455,-0.07197512687751098,0
actual,1745691085.321801,394646.82577773626,4438783.292215704,-0.07199629772133778,0
actual,1745691085.421569,394646.82588697784,4438783.292158394,-0.07198364408426078,0
actual,1745691085.5215917,394646.8260395376,4438783.292105915,-0.0719807119311174,0
actual,1745691085.621615,394646.8248939251,4438783.293888224,-0.07196140858959046,0
actual,1745691085.7216463,394646.8250284001,4438783.293913989,-0.07191920652827713,0
actual,1745691085.8216388,394646.8252117898,4438783.2939627245,-0.071914668672222,0
actual,1745691085.9216447,394646.8253653956,4438783.293974913,-0.07186393195086664,0
actual,1745691086.0216916,394646.8256056711,4438783.294053668,-0.07187538131075959,0
actual,1745691086.1216817,394646.82462623285,4438783.29308395,-0.07195369423429653,0
actual,1745691086.221585,394646.82484939205,4438783.293021082,-0.07193238376412965,0
actual,1745691086.321552,394646.82519615226,4438783.2930109445,-0.0719231858789718,0
actual,1745691086.4216127,394646.8255950297,4438783.292958534,-0.0719033589386691,0
actual,1745691086.5216446,394646.82605143427,4438783.292897203,-0.0718816470427743,0
actual,1745691086.62166,394646.82732802245,4438783.293235765,-0.07195634713475955,0
actual,1745691086.7216399,394646.8276766844,4438783.293250702,-0.07193571734300098,0
actual,1745691086.8216307,394646.8280739492,4438783.293274283,-0.07192013155278083,0
actual,1745691086.921767,394646.82849676744,4438783.293321921,-0.07190295751294117,0
actual,1745691087.0216103,394646.8289364972,4438783.293409858,-0.07191239974419443,0
actual,1745691087.121639,394646.8293510794,4438783.293456436,-0.07188325274568605,0
actual,1745691087.221611,394646.8290122669,4438783.293393084,-0.0719576735849912,0
actual,1745691087.3215623,394646.8290423831,4438783.293427621,-0.07193318661558554,0
actual,1745691087.4216373,394646.8290906192,4438783.293472954,-0.07193571734300098,0
actual,1745691087.5216093,394646.8291658355,4438783.293504643,-0.07191280116992237,0
actual,1745691087.621606,394646.8293181452,4438783.293556509,-0.07194809172739763,0
actual,1745691087.7216132,394646.828494274,4438783.292827118,-0.0719363805681168,0
actual,1745691087.821625,394646.82849863824,4438783.292782951,-0.07195807501071913,0
actual,1745691087.9216297,394646.8284808147,4438783.292703075,-0.07192931198464621,0
actual,1745691088.0216377,394646.82854379725,4438783.29263781,-0.07195755141194361,0
actual,1745691088.1216347,394646.8286029543,4438783.29251323,-0.07196126896325016,0
actual,1745691088.2218468,394646.8279953672,4438783.29335714,-0.07201174388521787,0
actual,1745691088.3217976,394646.8279881758,4438783.293306434,-0.07198298085914497,0
actual,1745691088.4216325,394646.828116087,4438783.293247095,-0.0719562075084195,0
actual,1745691088.5216246,394646.82831246266,4438783.29321201,-0.07196114679020257,0
actual,1745691088.6216724,394646.8281756662,4438783.293525233,-0.07196460254212148,0
actual,1745691088.7216766,394646.828320071,4438783.29353655,-0.0719703272220682,0
actual,1745691088.8216755,394646.82847786974,4438783.293548153,-0.07192931198464621,0
actual,1745691088.921663,394646.8287039431,4438783.293550429,-0.07190894399227553,0
actual,1745691089.0217013,394646.82901827956,4438783.293550393,-0.07188190884216218,0
actual,1745691089.1216295,394646.8289160732,4438783.293296939,-0.07193212196474202,0
actual,1745691089.2216175,394646.8290708674,4438783.293369294,-0.07194236704745116,0
actual,1745691089.3216288,394646.829192262,4438783.293447566,-0.07192838696014275,0
actual,1745691089.4218,394646.8294047692,4438783.293433185,-0.07188524242103325,0
actual,1745691089.5216503,394646.8297850409,4438783.293435105,-0.07182185206260089,0
actual,1745691089.621742,394646.8292882629,4438783.293368685,-0.07188590564614908,0
actual,1745691089.7217638,394646.82935736876,4438783.293482515,-0.07188391597080186,0
actual,1745691089.8216422,394646.82941382827,4438783.293566087,-0.07187606198916788,0
actual,1745691089.9216049,394646.8294719296,4438783.293558841,-0.07184023037962438,0
actual,1745691090.0216236,394646.82953164034,4438783.2936721835,-0.07183876430305268,0
actual,1745691090.1215923,394646.8290145666,4438783.292904974,-0.0719307780612179,0
actual,1745691090.2218077,394646.8291508445,4438783.292795205,-0.07191986975339296,0
actual,1745691090.3216329,394646.8293346263,4438783.292725384,-0.07188311311934599,0
actual,1745691090.4216862,394646.8294905259,4438783.292728095,-0.07191253937053449,0
actual,1745691090.5216618,394646.8297126549,4438783.2926626615,-0.07194716670289418,0
actual,1745691090.6216779,394646.82840020186,4438783.293598351,-0.07198750126190763,0
actual,1745691090.721596,394646.82854776975,4438783.29369665,-0.07196900077183656,0
actual,1745691090.821602,394646.8286357943,4438783.293732054,-0.07199149806589476,0
actual,1745691090.9216332,394646.82869688835,4438783.293777651,-0.07202172716853938,0
actual,1745691091.0216107,394646.82876257197,4438783.293869235,-0.07200722348245522,0
actual,1745691091.1216137,394646.82887791697,4438783.293968745,-0.07199031124200343,0
actual,1745691091.2216225,394646.8284199626,4438783.292519766,-0.07199097446711925,0
actual,1745691091.321614,394646.8285578132,4438783.292412328,-0.07196779649465275,0
actual,1745691091.4216187,394646.82883093925,4438783.292368513,-0.07196154821593051,0
actual,1745691091.521646,394646.82912248326,4438783.292385832,-0.07192439015615562,0
actual,1745691091.6218283,394646.82941402413,4438783.2923243055,-0.07193198233840171,0
actual,1745691091.7217968,394646.82846136973,4438783.292451852,-0.07186965663081311,0
actual,1745691091.8217142,394646.828697502,4438783.292611606,-0.07190641326486007,0
actual,1745691091.9216025,394646.8289045539,4438783.292640237,-0.07190695431692806,0
actual,1745691092.021711,394646.8289735101,4438783.2925393665,-0.07192185942874016,0
actual,1745691092.1216547,394646.829086573,4438783.292563777,-0.0718892392250204,0
actual,1745691092.2216263,394646.8287014039,4438783.2932733605,-0.07195807501071913,0
actual,1745691092.3216865,394646.8290046163,4438783.293373105,-0.07192119620362435,0
actual,1745691092.4217029,394646.82928310777,4438783.293583828,-0.07193437343947712,0
actual,1745691092.521716,394646.8295728122,4438783.293743332,-0.07191627437513375,0
actual,1745691092.6216357,394646.828182682,4438783.291374289,-0.07196727289587698,0
actual,1745691092.7215965,394646.8283074131,4438783.291206699,-0.0719301148361021,0
actual,1745691092.821772,394646.8284212143,4438783.291089146,-0.07193212196474202,0
actual,1745691092.9216244,394646.8285433322,4438783.29099259,-0.07197486507812334,0
actual,1745691093.0216024,394646.82867991633,4438783.290791349,-0.07191986975339296,0
actual,1745691093.1215956,394646.8283690716,4438783.2926876955,-0.07194809172739763,0
actual,1745691093.2217062,394646.82854524604,4438783.292731937,-0.07189948430772954,0
actual,1745691093.3216758,394646.82880924223,4438783.292760369,-0.07188976282379592,0
actual,1745691093.4215605,394646.82919934986,4438783.2927734135,-0.07188004133986255,0
actual,1745691093.5215971,394646.82964417513,4438783.292788542,-0.07184969006417036,0
actual,1745691093.6216292,394646.8278497589,4438783.29238767,-0.07201067923437413,0
actual,1745691093.7216265,394646.8276052973,4438783.29239425,-0.07198298085914497,0
actual,1745691093.8215544,394646.8272864582,4438783.29250211,-0.07201148208583,0
actual,1745691093.9216163,394646.8270478475,4438783.292540518,-0.07196966399695238,0
actual,1745691094.0216663,394646.8268504531,4438783.292624857,-0.07194570062632248,0
actual,1745691094.1217856,394646.82650361396,4438783.292781789,-0.0719918994916227,0
actual,1745691094.2216127,394646.8277602633,4438783.292247634,-0.0720138731869054,0
actual,1745691094.3216436,394646.8276624528,4438783.2922153175,-0.07198617481167623,0
actual,1745691094.4216168,394646.8276773294,4438783.292180682,-0.07195421783307229,0
actual,1745691094.5216208,394646.82774893986,4438783.292164584,-0.07190201503514498,0
actual,1745691094.6216063,394646.827849753,4438783.292158727,-0.07191653617452162,0
actual,1745691094.7217464,394646.8277987302,4438783.292440217,-0.07192013155278083,0
actual,1745691094.821699,394646.827792921,4438783.292416139,-0.07192252265385599,0
actual,1745691094.921603,394646.8277576593,4438783.292372509,-0.07194955780396933,0
actual,1745691095.0215945,394646.82769738394,4438783.292430494,-0.07197486507812334,0
actual,1745691095.121629,394646.8277714722,4438783.292370228,-0.07188124561704635,0
actual,1745691095.2216067,394646.8292995523,4438783.29236548,-0.07187618416221546,0
actual,1745691095.3216128,394646.8296306559,4438783.2923049545,-0.07182078741175714,0
actual,1745691095.4216683,394646.83012403804,4438783.292312148,-0.07177818392471612,0
actual,1745691095.5216281,394646.8306764169,4438783.2923724,-0.07183530855113378,0
actual,1745691095.6216223,394646.82759503665,4438783.292627214,-0.07196660967076142,0
actual,1745691095.7215962,394646.82752152235,4438783.2926785145,-0.07199069521443889,0
actual,1745691095.821648,394646.82734156074,4438783.292587877,-0.07195660893414745,0
actual,1745691095.921523,394646.8270190414,4438783.292646499,-0.0719945698453782,0
actual,1745691096.021652,394646.82664962846,4438783.292788497,-0.07205288129568745,0
actual,1745691096.1216366,394646.8281011762,4438783.293860372,-0.07201813179028017,0
actual,1745691096.2216535,394646.8283819983,4438783.293809745,-0.07203464260500403,0
actual,1745691096.3216841,394646.8288556193,4438783.293821992,-0.07203317652843233,0
actual,1745691096.4216146,394646.8293464148,4438783.29383281,-0.07201013818230613,0
actual,1745691096.5215976,394646.82979023235,4438783.2938344395,-0.07198085155745769,0
actual,1745691096.6217628,394646.8288338925,4438783.293038965,-0.07195128567992891,0
actual,1745691096.7216334,394646.82890334964,4438783.29320087,-0.07199203911796301,0
actual,1745691096.8216617,394646.82886396314,4438783.293308191,-0.07193917309491989,0
actual,1745691096.92162,394646.8287266209,4438783.293477513,-0.07196859934610862,0
actual,1745691097.021632,394646.82845261134,4438783.293599752,-0.07193212196474202,0
actual,1745691097.121671,394646.82835358824,4438783.29225293,-0.07191547152367787,0
actual,1745691097.2216527,394646.82812446007,4438783.292177874,-0.07189988573345772,0
actual,1745691097.321631,394646.82808199164,4438783.292249817,-0.07192997520976203,0
actual,1745691097.4216974,394646.8282891519,4438783.2923009265,-0.07196140858959046,0
actual,1745691097.5216324,394646.8285489007,4438783.292216586,-0.07191440687283411,0
actual,1745691097.621611,394646.8296218677,4438783.289982387,-0.0718892392250204,0
actual,1745691097.7217114,394646.8299882638,4438783.289763236,-0.07189789605811027,0
actual,1745691097.8216388,394646.83042885474,4438783.289340109,-0.07189122890036762,0
actual,1745691097.9216895,394646.83104683756,4438783.2889394555,-0.07183584960320201,0
actual,1745691098.021614,394646.8316564461,4438783.288753185,-0.07188417777018975,0
actual,1745691098.1216083,394646.8289846565,4438783.290460396,-0.07190733828936352,0
actual,1745691098.2216241,394646.8289491789,4438783.290249453,-0.07188777314844871,0
actual,1745691098.3215265,394646.82908280555,4438783.290284503,-0.07192905018525833,0
actual,1745691098.421522,394646.8293255542,4438783.290264648,-0.07192985303671445,0
actual,1745691098.521764,394646.8295254096,4438783.290222917,-0.07188777314844871,0
actual,1745691098.6216757,394646.82937876944,4438783.290971891,-0.07189044350220422,0
actual,1745691098.7216542,394646.8296601862,4438783.2911458975,-0.0718611394240633,0
actual,1745691098.8216252,394646.82985921274,4438783.29128599,-0.07187765023878716,0
actual,1745691098.9216921,394646.8300258179,4438783.291486946,-0.07187951774108678,0
actual,1745691099.021672,394646.8302376496,4438783.291750458,-0.07193065588817033,0
actual,1745691099.121636,394646.82714174525,4438783.292437844,-0.07189442285289889,0
actual,1745691099.2217643,394646.82718745485,4438783.29271364,-0.07194196562172323,0
actual,1745691099.3216872,394646.82720138493,4438783.293035052,-0.0719476903016697,0
actual,1745691099.4216542,394646.8271703983,4438783.293378281,-0.07195795283767155,0
actual,1745691099.5216427,394646.8270294546,4438783.293736603,-0.07195714998621543,0
actual,1745691099.6217835,394646.82924874703,4438783.292243372,-0.0719447581485263,0
actual,1745691099.721831,394646.82950204855,4438783.292388278,-0.0719781812037022,0
actual,1745691099.8217797,394646.82981672446,4438783.292454762,-0.07196194964165845,0
actual,1745691099.921612,394646.8301708281,4438783.292557027,-0.07199416841965027,0
actual,1745691100.0218596,394646.8305241286,4438783.29265162,-0.07199003198932308,0
actual,1745691100.121657,394646.829059997,4438783.294590035,-0.07202931935078549,0
actual,1745691100.2216723,394646.8291842159,4438783.294993222,-0.0720048149280876,0
actual,1745691100.321675,394646.8293947038,4438783.295467067,-0.07200987638291825,0
actual,1745691100.4218037,394646.8296171973,4438783.295942994,-0.07192105657728429,0
actual,1745691100.5216439,394646.8298770686,4438783.296484556,-0.07188084419131842,0
actual,1745691100.6216009,394646.82815701485,4438783.294844655,-0.07190241646087293,0
actual,1745691100.7215989,394646.82816096116,4438783.294977066,-0.07190627363852002,0
actual,1745691100.8216674,394646.82822222245,4438783.2951599285,-0.07189283460327961,0
actual,1745691100.92165,394646.8283327388,4438783.295427962,-0.07190854256654759,0
actual,1745691101.021607,394646.8284984834,4438783.295690342,-0.07191107329396279,0
actual,1745691101.1216161,394646.8282688428,4438783.294850681,-0.07196486434150937,0
actual,1745691101.2216277,394646.82832316856,4438783.294926142,-0.07194236704745116,0
actual,1745691101.321605,394646.8284906122,4438783.294997576,-0.07194435672279836,0
actual,1745691101.4216146,394646.82874600135,4438783.295072496,-0.07194756812862212,0
actual,1745691101.521832,394646.82897075516,4438783.295217919,-0.07197233435070789,0
actual,1745691101.621691,394646.82864125556,4438783.294025348,-0.0720263871976421,0
actual,1745691101.721644,394646.8286903859,4438783.294005205,-0.0719968213201133,0
actual,1745691101.821703,394646.82873318833,4438783.293994389,-0.07199523307049403,0
actual,1745691101.9217668,394646.828798536,4438783.2940270435,-0.07202279181938313,0
actual,1745691102.0216515,394646.8288655682,4438783.294033463,-0.07199669914706573,0
actual,1745691102.121672,394646.8290339974,4438783.294039981,-0.07200854993268686,0
actual,1745691102.221657,394646.82844397787,4438783.2933511725,-0.07199549486988191,0
actual,1745691102.3217719,394646.8285161624,4438783.293363979,-0.07198924659115967,0
actual,1745691102.4216676,394646.8286213717,4438783.293399086,-0.07199575666926955,0
actual,1745691102.5216558,394646.8287705351,4438783.293412662,-0.07199509344415397,0
actual,1745691102.6216033,394646.82710671367,4438783.292140642,-0.0719843073093766,0
actual,1745691102.7215862,394646.8270745045,4438783.292137927,-0.07199549486988191,0
actual,1745691102.821598,394646.82705039484,4438783.292151823,-0.07200015489898463,0
actual,1745691102.9216285,394646.8270514881,4438783.292128385,-0.07197366080093928,0
actual,1745691103.0216007,394646.8271083578,4438783.292138825,-0.07197725617919849,0
actual,1745691103.121611,394646.8270949147,4438783.29117471,-0.07197872225577018,0
actual,1745691103.2216318,394646.8272656762,4438783.29110168,-0.07197725617919849,0
actual,1745691103.3216121,394646.8274809617,4438783.291032045,-0.07196008213935882,0
actual,1745691103.4216766,394646.8276863079,4438783.290987021,-0.07192746193563906,0
actual,1745691103.5217466,394646.8279191749,4438783.290987725,-0.0719117365190786,0
actual,1745691103.621661,394646.8277427368,4438783.291985992,-0.07200282525274014,0
actual,1745691103.7216752,394646.827870387,4438783.292082991,-0.07196167038897809,0
actual,1745691103.8218222,394646.82803412806,4438783.292199761,-0.07195608533537193,0
actual,1745691103.9216356,394646.8282405286,4438783.292376696,-0.07195873823583496,0
actual,1745691104.0217462,394646.82848985086,4438783.292545933,-0.07194863277946588,0
actual,1745691104.1216302,394646.82888794626,4438783.291177606,-0.0719637996906656,0
actual,1745691104.2216265,394646.8290856704,4438783.291232938,-0.07196287466616215,0
actual,1745691104.3216596,394646.82933806983,4438783.291288252,-0.07196407894334597,0
actual,1745691104.421622,394646.82964896923,4438783.291358834,-0.07198818194031592,0
actual,1745691104.5216043,394646.82999710133,4438783.291478666,-0.07202092431708351,0
actual,1745691104.6217794,394646.82766199467,4438783.290607136,-0.07199429059269785,0
actual,1745691104.7215786,394646.8277273596,4438783.290591464,-0.07201027780864619,0
actual,1745691104.8216784,394646.8278116876,4438783.290499945,-0.0719503606554252,0
actual,1745691104.9216433,394646.8279350763,4438783.290564654,-0.07198444693571665,0
actual,1745691105.0216312,394646.8280568557,4438783.290725349,-0.07199497127110614,0
actual,1745691105.1216824,394646.8279332083,4438783.289218433,-0.0719828412328049,0
actual,1745691105.2216663,394646.82813527633,4438783.289090022,-0.07198778051458798,0
actual,1745691105.3216312,394646.82839740824,4438783.289061339,-0.07201519963713679,0
actual,1745691105.4216583,394646.82870290027,4438783.288996233,-0.0720305236279693,0
actual,1745691105.5216308,394646.82906633156,4438783.288930873,-0.07204462588832553,0
actual,1745691105.6217852,394646.82680385804,4438783.291130165,-0.07199629772133778,0
actual,1745691105.7218196,394646.82678069477,4438783.291324678,-0.07196687147014905,0
actual,1745691105.8215952,394646.82680262346,4438783.291576111,-0.07196393931700591,0
actual,1745691105.921592,394646.82690651383,4438783.2919051,-0.07199443021903816,0
actual,1745691106.0215986,394646.82703476347,4438783.292267358,-0.07200921315780243,0
actual,1745691106.121672,394646.82694131194,4438783.290493496,-0.071979385480886,0
actual,1745691106.2217376,394646.82700268546,4438783.290412425,-0.07196114679020257,0
actual,1745691106.321602,394646.82708103105,4438783.290359552,-0.07194236704745116,0
actual,1745691106.4218328,394646.82714008715,4438783.290359106,-0.07196167038897809,0
actual,1745691106.521798,394646.8271622298,4438783.290290458,-0.07195728961255574,0
actual,1745691106.6216345,394646.8267038917,4438783.290690973,-0.07194357132463497,0
actual,1745691106.7216432,394646.8266703395,4438783.290805989,-0.07196873897244868,0
actual,1745691106.8218017,394646.8266165329,4438783.290838706,-0.07196739506892481,0
actual,1745691106.9216988,394646.8266249271,4438783.290891668,-0.07194835352678551,0
actual,1745691107.021771,394646.8267046889,4438783.291098201,-0.07198165440891358,0
actual,1745691107.1216393,394646.82717396575,4438783.290606586,-0.07194037737210394,0
actual,1745691107.2217357,394646.8273860213,4438783.290493494,-0.07188457919591769,0
actual,1745691107.3216295,394646.82774190523,4438783.290465859,-0.07186620087889421,0
actual,1745691107.4216359,394646.8281431216,4438783.290384192,-0.07182532526781252,0
actual,1745691107.5216377,394646.82857174147,4438783.290213171,-0.07178364680527471,0
actual,1745691107.6216953,394646.8270135205,4438783.2901746575,-0.07190588966608455,0
actual,1745691107.7216132,394646.8270377163,4438783.290265256,-0.07193025446244239,0
actual,1745691107.821619,394646.8270979407,4438783.290344218,-0.07196606861869317,0
actual,1745691107.9216077,394646.82717111934,4438783.290458161,-0.07201347176117745,0
actual,1745691108.0215867,394646.82724387606,4438783.290515821,-0.07198737908886005,0
actual,1745691108.121637,394646.8273180935,4438783.290542844,-0.07192945161098627,0
actual,1745691108.2216659,394646.82704331685,4438783.292357229,-0.07188604527248939,0
actual,1745691108.3216066,394646.827112755,4438783.292537125,-0.07188484099530532,0
actual,1745691108.4216332,394646.82725881995,4438783.29269378,-0.07187965736742709,0
actual,1745691108.5217566,394646.82746696705,4438783.29287869,-0.07188990245013623,0
actual,1745691108.6216354,394646.8261879147,4438783.293343687,-0.07196393931700591,0
actual,1745691108.7215972,394646.8261733614,4438783.29348224,-0.07194329207195461,0
actual,1745691108.8216546,394646.82619234733,4438783.293673573,-0.07195728961255574,0
actual,1745691108.9216328,394646.8262497936,4438783.293917722,-0.07195182673199689,0
actual,1745691109.0216284,394646.82632727665,4438783.294202738,-0.07196060573813458,0
actual,1745691109.1217518,394646.82568767836,4438783.292264803,-0.07191414507344648,0
actual,1745691109.221639,394646.825771834,4438783.292206713,-0.0719070764899759,0
actual,1745691109.321706,394646.82591095736,4438783.292166832,-0.0719261180321152,0
actual,1745691109.4216661,394646.82606202736,4438783.292111905,-0.07191121292030309,0
actual,1745691109.521815,394646.82622359466,4438783.292062622,-0.07188032059254267,0
actual,1745691109.6216202,394646.8275063819,4438783.290462438,-0.07192931198464621,0
actual,1745691109.7216172,394646.8277308489,4438783.290412654,-0.07194756812862212,0
actual,1745691109.8216684,394646.8279879816,4438783.2903334815,-0.07193810844407637,0
actual,1745691109.921625,394646.82836108096,4438783.2902454585,-0.07193704379323262,0
actual,1745691110.0216074,394646.8287549543,4438783.2902188,-0.07189335820205513,0
actual,1745691110.1215944,394646.8276353498,4438783.291159098,-0.07194728887594176,0
actual,1745691110.2215514,394646.8278854186,4438783.291205936,-0.07197099044718377,0
actual,1745691110.321614,394646.8281854765,4438783.291277104,-0.07194636385143831,0
actual,1745691110.4216,394646.82851940754,4438783.291432187,-0.07197633115469504,0
actual,1745691110.5216348,394646.82880186685,4438783.29155272,-0.07198683803679205,0
actual,1745691110.6216114,394646.8273291482,4438783.2916087,-0.07198418513632902,0
actual,1745691110.721655,394646.8272096207,4438783.291747722,-0.07199043341505101,0
actual,1745691110.8216326,394646.8271642732,4438783.291884069,-0.07201800961723259,0
actual,1745691110.9216046,394646.8271713531,4438783.292013029,-0.07199868882241293,0
actual,1745691111.0216465,394646.8271417218,4438783.292220831,-0.07199310376880652,0
actual,1745691111.1216943,394646.8275993462,4438783.292086389,-0.0719562075084195,0
actual,1745691111.2216818,394646.82771979057,4438783.292186209,-0.07196261286677427,0
actual,1745691111.3216522,394646.82789576484,4438783.292275143,-0.07192918981159864,0
actual,1745691111.4217052,394646.82808450726,4438783.2924372,-0.07194156419599529,0
actual,1745691111.5217464,394646.8282601014,4438783.292579504,-0.0719439727503629,0
actual,1745691111.621685,394646.82864006894,4438783.291573697,-0.07200654280404692,0
actual,1745691111.7216625,394646.82881173515,4438783.291651506,-0.07199868882241293,0
actual,1745691111.821749,394646.82901545014,4438783.291748595,-0.07201907426807636,0
actual,1745691111.9216561,394646.8292359255,4438783.291791888,-0.07200614137831898,0
actual,1745691112.021548,394646.8295410217,4438783.291840619,-0.07200294742578796,0
actual,1745691112.1216974,394646.82988306164,4438783.291909223,-0.07197366080093928,0
actual,1745691112.221661,394646.82898521767,4438783.290369229,-0.07195301355588823,0
actual,1745691112.321683,394646.8291337058,4438783.2903365465,-0.07194037737210394,0
actual,1745691112.4216485,394646.82928974356,4438783.290322898,-0.07192105657728429,0
actual,1745691112.5216205,394646.8294813666,4438783.2903554775,-0.07194196562172323,0
actual,1745691112.6216376,394646.8285350872,4438783.291510617,-0.07199031124200343,0
actual,1745691112.7216117,394646.8285908355,4438783.291647162,-0.07197711655285843,0
actual,1745691112.8216856,394646.8287364422,4438783.29173687,-0.07194489777486661,0
actual,1745691112.9218135,394646.8289548791,4438783.29184112,-0.07199177731857513,0
actual,1745691113.0216937,394646.82928287727,4438783.291947531,-0.07198884516543173,0
actual,1745691113.121713,394646.828384411,4438783.292275937,-0.07197805903065436,0
actual,1745691113.221631,394646.82880737627,4438783.292266386,-0.07196699364319688,0
actual,1745691113.3219874,394646.82932599937,4438783.292244143,-0.07192412835676773,0
actual,1745691113.4218295,394646.82988197147,4438783.292160623,-0.07185581616984477,0
actual,1745691113.521608,394646.8303949832,4438783.292161101,-0.07190842039349976,0
actual,1745691113.6217422,394646.829710995,4438783.2918741135,-0.07197659295408267,0
actual,1745691113.7216554,394646.8294286912,4438783.291999845,-0.0720287782987175,0
actual,1745691113.821678,394646.829037158,4438783.292102727,-0.07202465932168277,0
actual,1745691113.9216237,394646.82860814885,4438783.292150947,-0.07203890120837905,0
actual,1745691114.0217862,394646.82831551024,4438783.292034703,-0.07200441350235966,0
actual,1745691114.1216686,394646.8282293473,4438783.292077149,-0.07202612539825447,0
actual,1745691114.2218301,394646.8291012504,4438783.291944249,-0.0719767151271305,0
actual,1745691114.321659,394646.82965933264,4438783.291738172,-0.07190986901677898,0
actual,1745691114.421803,394646.8303658676,4438783.291758875,-0.07194823135373793,0
actual,1745691114.5217023,394646.83097838674,4438783.291837139,-0.07195594570903162,0
actual,1745691114.6216617,394646.8278665837,4438783.291332614,-0.07193543809032063,0
actual,1745691114.7216563,394646.82794225623,4438783.2912966665,-0.07196287466616215,0
actual,1745691114.8216314,394646.82816041826,4438783.291279013,-0.07196407894334597,0
actual,1745691114.9216018,394646.8286331424,4438783.2912522415,-0.07198191620830145,0
actual,1745691115.0215995,394646.8289984646,4438783.291181431,-0.07196845971976858,0
actual,1745691115.1215937,394646.82905943267,4438783.2891975,-0.07196273503982185,0
actual,1745691115.221714,394646.828684363,4438783.289195241,-0.07201547888981714,0
actual,1745691115.3216507,394646.8283503334,4438783.289178286,-0.07202439752229489,0
actual,1745691115.4216385,394646.8281515909,4438783.288949953,-0.0720518166448437,0
actual,1745691115.5216408,394646.82803826494,4438783.288671842,-0.07195208853138478,0
actual,1745691115.6216092,394646.82927207917,4438783.2887779595,-0.07197259615009577,0
actual,1745691115.7218297,394646.82919281145,4438783.2889206875,-0.0719427684731791,0
actual,1745691115.8216228,394646.8289447844,4438783.289033998,-0.07192266228019605,0
actual,1745691115.9216192,394646.829079283,4438783.289639043,-0.07198404550998871,0
actual,1745691116.0216253,394646.82928073715,4438783.289895773,-0.0719439727503629,0
actual,1745691116.1216156,394646.82805590914,4438783.287225435,-0.07191147471969073,0
actual,1745691116.2216232,394646.8280811799,4438783.28733001,-0.07191667580086168,0
actual,1745691116.321686,394646.8281395914,4438783.287264199,-0.07186033657260743,0
actual,1745691116.4216385,394646.82796881226,4438783.287218693,-0.0718675273291256,0
actual,1745691116.5217798,394646.82782978326,4438783.287211105,-0.07188110599070606,0
actual,1745691116.6216054,394646.82864163,4438783.286850591,-0.0719097468437314,0
actual,1745691116.7217813,394646.82891462825,4438783.286725046,-0.07188363671812151,0
actual,1745691116.8216288,394646.8290325228,4438783.286792811,-0.07190948504434351,0
actual,1745691116.9216025,394646.82906851266,4438783.286885955,-0.07198458656205696,0
actual,1745691117.0216224,394646.8291334037,4438783.28671563,-0.07192452978249567,0
actual,1745691117.1216462,394646.82732372964,4438783.285874127,-0.07187419448686824,0
actual,1745691117.2217133,394646.8264429981,4438783.286094416,-0.07190042678552572,0
actual,1745691117.3216105,394646.8256504938,4438783.286337999,-0.07194236704745116,0
actual,1745691117.4216073,394646.82554569433,4438783.286471126,-0.0719729975758237,0
actual,1745691117.5217028,394646.82605023077,4438783.286316695,-0.07191932870132471,0
actual,1745691117.6216152,394646.8248109564,4438783.288778205,-0.0719197301270529,0
actual,1745691117.7216353,394646.825555721,4438783.289070126,-0.07193877166919195,0
actual,1745691117.8216586,394646.8261109093,4438783.289228582,-0.07190175323575736,0
actual,1745691117.9216568,394646.8263715299,4438783.289620307,-0.07192145800301222,0
actual,1745691118.0216613,394646.82623337884,4438783.290061193,-0.07192772373502694,0
actual,1745691118.1216395,394646.82872398116,4438783.287958558,-0.07200614137831898,0
actual,1745691118.221615,394646.8284070389,4438783.287991753,-0.0720048149280876,0
actual,1745691118.321736,394646.82816382585,4438783.287948829,-0.07199655952072567,0
actual,1745691118.4216728,394646.82802964305,4438783.287825269,-0.07197179329863965,0
actual,1745691118.5216854,394646.82799261156,4438783.287922054,-0.07195795283767155,0
actual,1745691118.621757,394646.8275388407,4438783.2888839515,-0.07199736237218154,0
actual,1745691118.7217126,394646.8275959771,4438783.288851831,-0.07197193292497996,0
actual,1745691118.8216252,394646.82759433903,4438783.288907253,-0.07195847643644707,0
actual,1745691118.9216716,394646.82758180855,4438783.289095992,-0.07198790268763557,0
actual,1745691119.0218527,394646.82754788327,4438783.289154797,-0.07195407820673198,0
actual,1745691119.121678,394646.8257382948,4438783.290002869,-0.07196540539357736,0
actual,1745691119.221705,394646.82556565653,4438783.2901478745,-0.07193770701834844,0
actual,1745691119.3216171,394646.82534773205,4438783.2902711565,-0.07191667580086168,0
actual,1745691119.4216104,394646.8251294703,4438783.290487827,-0.07186833018058147,0
actual,1745691119.5218093,394646.8249815196,4438783.290824249,-0.07187684738733129,0
actual,1745691119.621627,394646.8273697148,4438783.2871420765,-0.07195048282847302,0
actual,1745691119.7216265,394646.82746127166,4438783.286928307,-0.07191107329396279,0
actual,1745691119.8215988,394646.82759838784,4438783.2868064195,-0.07194210524806327,0
actual,1745691119.9218233,394646.82771656464,4438783.286505925,-0.07189030387586416,0
actual,1745691120.0217836,394646.82785696967,4438783.286340313,-0.07187353126175243,0
actual,1745691120.1217656,394646.82737405435,4438783.287328169,-0.07192772373502694,0
actual,1745691120.2216413,394646.82746010233,4438783.2872570725,-0.07192053297850877,0
actual,1745691120.3216882,394646.82747342845,4438783.287253171,-0.07191892727559678,0
actual,1745691120.4216306,394646.827570257,4438783.287241753,-0.07192678125723076,0
actual,1745691120.5217144,394646.8277484472,4438783.287234481,-0.07189456247923894,0
actual,1745691120.6216538,394646.8254791984,4438783.288852364,-0.07196060573813458,0
actual,1745691120.7216017,394646.8253423892,4438783.28887634,-0.0719422274211111,0
actual,1745691120.821677,394646.8252999877,4438783.28894491,-0.07196434074273385,0
actual,1745691120.9217389,394646.82531650923,4438783.288954572,-0.07195447963245992,0
actual,1745691121.0216339,394646.82530981686,4438783.288954058,-0.07191800225109332,0
actual,1745691121.121668,394646.8260778821,4438783.29011316,-0.07192812516075488,0
actual,1745691121.221695,394646.8260822445,4438783.290191357,-0.07192945161098627,0
actual,1745691121.3217466,394646.82613391196,4438783.290281368,-0.07195315318222853,0
actual,1745691121.4216204,394646.8262486798,4438783.290269693,-0.07193437343947712,0
actual,1745691121.5216613,394646.8263992872,4438783.290226135,-0.07191493047160988,0
actual,1745691121.6218202,394646.82696148136,4438783.290177973,-0.07193330878863335,0
actual,1745691121.721617,394646.82697428786,4438783.290324357,-0.0719327851898576,0
actual,1745691121.8216147,394646.8268988483,4438783.290328673,-0.07192145800301222,0
actual,1745691121.9216282,394646.8268326516,4438783.290405263,-0.07195088425420096,0
actual,1745691122.0216732,394646.8269059383,4438783.290528778,-0.071946224225098,0
actual,1745691122.1216252,394646.8269995071,4438783.290628684,-0.07192905018525833,0
actual,1745691122.221931,394646.8277705853,4438783.289672905,-0.07192545480699937,0
actual,1745691122.321617,394646.82787641336,4438783.289743258,-0.07195062245481308,0
actual,1745691122.4218144,394646.828081106,4438783.289753316,-0.07194676527716624,0
actual,1745691122.5217597,394646.82825256686,4438783.289736478,-0.07191760082536539,0
actual,1745691122.6216416,394646.827553585,4438783.289746066,-0.07197126969986413,0
actual,1745691122.7216609,394646.827551903,4438783.289846501,-0.07199402879331022,0
actual,1745691122.821597,394646.8276174369,4438783.289879599,-0.07194756812862212,0
actual,1745691122.9216163,394646.8277025083,4438783.289940823,-0.07194929600458144,0
actual,1745691123.0216274,394646.8277716857,4438783.2900056075,-0.0719503606554252,0
actual,1745691123.1216276,394646.82689765043,4438783.289531364,-0.0719182640504812,0
actual,1745691123.2216556,394646.8269767726,4438783.289506745,-0.07192119620362435,0
actual,1745691123.3216121,394646.8270304278,4438783.289498339,-0.071881507416434,0
actual,1745691123.421623,394646.82717799273,4438783.289517017,-0.07190402216378493,0
actual,1745691123.521778,394646.8273316751,4438783.289440097,-0.07186833018058147,0
actual,1745691123.6216474,394646.82741457806,4438783.290373935,-0.0719287883858707,0
actual,1745691123.7216053,394646.8275205847,4438783.290430367,-0.0719231858789718,0
actual,1745691123.8215969,394646.82764684135,4438783.290465634,-0.07191308042260272,0
actual,1745691123.9218862,394646.8278827146,4438783.290467699,-0.07191067186823485,0
actual,1745691124.0216727,394646.82813894784,4438783.290468533,-0.07190934541800346,0
actual,1745691124.1215973,394646.82714989455,4438783.290292131,-0.07195674856048749,0
actual,1745691124.221621,394646.82715870976,4438783.2902863175,-0.07197259615009577,0
actual,1745691124.3216712,394646.82719709084,4438783.290194462,-0.07192945161098627,0
actual,1745691124.4216807,394646.8272655381,4438783.290074836,-0.07189297422961967,0
actual,1745691124.521617,394646.8273304494,4438783.289965619,-0.07187965736742709,0
actual,1745691124.621592,394646.8272091189,4438783.290563704,-0.07196261286677427,0
actual,1745691124.7217011,394646.8273065803,4438783.290555906,-0.07197153149925202,0
actual,1745691124.821746,394646.82751183177,4438783.290492509,-0.07195369423429653,0
actual,1745691124.9216237,394646.8278663582,4438783.290419406,-0.07190388253744462,0
actual,1745691125.0215816,394646.82829352753,4438783.290481026,-0.0719422274211111,0
actual,1745691125.121602,394646.8269080017,4438783.289683026,-0.07195873823583496,0
actual,1745691125.2216544,394646.82683050894,4438783.289565717,-0.07190842039349976,0
actual,1745691125.321658,394646.82679775235,4438783.28952727,-0.07189841965688604,0
actual,1745691125.4215982,394646.8268349065,4438783.289432445,-0.0718751195113717,0
actual,1745691125.5217507,394646.8268714111,4438783.289330375,-0.07183157354653451,0
actual,1745691125.62166,394646.8263940125,4438783.289257195,-0.07192145800301222,0
actual,1745691125.721644,394646.82632688654,4438783.289239501,-0.07191308042260272,0
actual,1745691125.8216622,394646.82628734584,4438783.289212362,-0.07189044350220422,0
actual,1745691125.9217055,394646.82631342375,4438783.289195933,-0.07187578273648752,0
actual,1745691126.0216072,394646.82636348717,4438783.289159414,-0.07184808436125836,0
actual,1745691126.1215444,394646.8269456684,4438783.288762693,-0.0719307780612179,0
actual,1745691126.2216725,394646.8270263265,4438783.288712151,-0.07190016498613784,0
actual,1745691126.321628,394646.8271354607,4438783.288616198,-0.07189602855581063,0
actual,1745691126.4216123,394646.82727058535,4438783.288512195,-0.07188244989423018,0
actual,1745691126.521657,394646.8274516297,4438783.288401962,-0.07188417777018975,0
actual,1745691126.621648,394646.82807119825,4438783.289015469,-0.07197685475347056,0
actual,1745691126.7216554,394646.8281890912,4438783.289060007,-0.07198177658196114,0
actual,1745691126.8216758,394646.82832631376,4438783.289126129,-0.07198312048548526,0
actual,1745691126.9216058,394646.82852187136,4438783.289151767,-0.07194650347777835,0
actual,1745691127.0216243,394646.8287647983,4438783.289221955,-0.07194489777486661,0
actual,1745691127.1217008,394646.82788816816,4438783.288713587,-0.0719833822848729,0
actual,1745691127.2216098,394646.82790647383,4438783.288728694,-0.07196713326953694,0
actual,1745691127.3218246,394646.8279645005,4438783.28872856,-0.07195421783307229,0
actual,1745691127.4216232,394646.8280268722,4438783.2887398675,-0.07193304698924548,0
actual,1745691127.5216012,394646.8280662656,4438783.288815192,-0.07193477486520505,0
actual,1745691127.6216013,394646.8274473802,4438783.290421673,-0.0719828412328049,0
actual,1745691127.721521,394646.8274214426,4438783.290508477,-0.07195954108729083,0
actual,1745691127.8218083,394646.8274652106,4438783.290615015,-0.07193756739200814,0
actual,1745691127.9216108,394646.8275905327,4438783.290789599,-0.07194716670289418,0
actual,1745691128.0216084,394646.82779216825,4438783.290921277,-0.07195369423429653,0
actual,1745691128.1217039,394646.8260835813,4438783.290927069,-0.07198683803679205,0
actual,1745691128.2216125,394646.826141519,4438783.290854166,-0.07193184271206167,0
actual,1745691128.3216333,394646.8262115711,4438783.290810387,-0.07190161360941705,0
actual,1745691128.4217129,394646.8262626167,4438783.290815195,-0.07190255608721323,0
actual,1745691128.5216842,394646.8262891673,4438783.290864404,-0.0718956271300827,0
actual,1745691128.6217422,394646.82622953964,4438783.291715933,-0.07196554501991766,0
actual,1745691128.721609,394646.8263800063,4438783.291729235,-0.07193465269215722,0
actual,1745691128.821714,394646.8265651684,4438783.291779203,-0.07192398873042768,0
actual,1745691128.9216332,394646.8270155623,4438783.291843415,-0.07195461925880023,0
actual,1745691129.021624,394646.8274271819,4438783.291771849,-0.07191693760024957,0
actual,1745691129.1216226,394646.82684455765,4438783.293381088,-0.07196514359418972,0
actual,1745691129.2216828,394646.82686649146,4438783.293664504,-0.07196126896325016,0
actual,1745691129.3218439,394646.8267263791,4438783.293927774,-0.07195582353598404,0
actual,1745691129.4216347,394646.8266454315,4438783.294291876,-0.07199909024814087,0
actual,1745691129.5216086,394646.82655260985,4438783.294557252,-0.07198643661106412,0
actual,1745691129.6216986,394646.8285642634,4438783.292999698,-0.0719769943798106,0
actual,1745691129.7216458,394646.8287441239,4438783.293010528,-0.07193690416689232,0
actual,1745691129.8216162,394646.8289385914,4438783.2930272715,-0.07193850986980432,0
actual,1745691129.921613,394646.82914108754,4438783.292960202,-0.07191346439503818,0
actual,1745691130.021635,394646.8293850193,4438783.292915568,-0.07188723209638072,0
actual,1745691130.1217062,394646.8274196849,4438783.292797163,-0.07193943489430778,0
actual,1745691130.22162,394646.8274230159,4438783.2927717725,-0.07193863204285189,0
actual,1745691130.3216066,394646.82751082303,4438783.292735943,-0.07191653617452162,0
actual,1745691130.4216175,394646.82759174105,4438783.292707542,-0.07190095038430123,0
actual,1745691130.5216587,394646.82759358454,4438783.292664485,-0.07191054969518727,0
actual,1745691130.6216433,394646.8273342205,4438783.292515683,-0.07196261286677427,0
actual,1745691130.721741,394646.8274931448,4438783.29255176,-0.07199163769223482,0
actual,1745691130.8216946,394646.8276324085,4438783.29247209,-0.07194023774576365,0
actual,1745691130.9217627,394646.8277336862,4438783.292410121,-0.07192346513165217,0
actual,1745691131.0216336,394646.8278092083,4438783.292394891,-0.07191014826945934,0
actual,1745691131.1218793,394646.82706148265,4438783.289937085,-0.07200188277494421,0
actual,1745691131.2217746,394646.82723737357,4438783.289738798,-0.07200867210573443,0
actual,1745691131.321578,394646.8275571532,4438783.289526945,-0.0720009577504405,0
actual,1745691131.4216418,394646.8278848768,4438783.289250869,-0.07199497127110614,0
actual,1745691131.5217085,394646.82814898936,4438783.289004274,-0.07201839358966805,0
actual,1745691131.621613,394646.8264938485,4438783.29040286,-0.07198870553909169,0
actual,1745691131.7215967,394646.82666034694,4438783.290368942,-0.07196287466616215,0
actual,1745691131.8216176,394646.82679868024,4438783.29036729,-0.07195582353598404,0
actual,1745691131.9217055,394646.8269631488,4438783.290439999,-0.07199497127110614,0
actual,1745691132.0217009,394646.8272055016,4438783.290497672,-0.07199177731857513,0
actual,1745691132.121612,394646.8274706545,4438783.29055877,-0.07200642063099934,0
actual,1745691132.2217364,394646.8263205137,4438783.29115807,-0.07198617481167623,0
actual,1745691132.3216352,394646.82645386935,4438783.29127761,-0.07197099044718377,0
actual,1745691132.4216516,394646.82661746826,4438783.2913370645,-0.07195475888514029,0
actual,1745691132.5216658,394646.8268166722,4438783.291440435,-0.07193943489430778,0
actual,1745691132.6216319,394646.8255811933,4438783.29143131,-0.07196140858959046,0
actual,1745691132.721648,394646.82558250305,4438783.291477333,-0.07192985303671445,0
actual,1745691132.8216944,394646.8256192857,4438783.291547752,-0.07192266228019605,0
actual,1745691132.9216337,394646.82565775176,4438783.29164135,-0.07189257280389173,0
actual,1745691133.0216892,394646.8257794667,4438783.2917579,-0.07187272841029656,0
actual,1745691133.1216729,394646.8260037162,4438783.291884907,-0.07195048282847302,0
actual,1745691133.2216887,394646.8261313313,4438783.291942759,-0.071933570588021,0
actual,1745691133.3216157,394646.82629839977,4438783.292012251,-0.07193184271206167,0
actual,1745691133.4218001,394646.82652548613,4438783.292136155,-0.07196154821593051,0
actual,1745691133.5216312,394646.8267769775,4438783.29221433,-0.0719618100153184,0
actual,1745691133.6216276,394646.8269865642,4438783.292254581,-0.071979385480886,0
actual,1745691133.7216074,394646.82716431457,4438783.292226585,-0.07194383312402285,0
actual,1745691133.8216343,394646.82736065064,4438783.292216603,-0.07194582279937006,0
actual,1745691133.9216008,394646.82756463636,4438783.292197323,-0.071933570588021,0
actual,1745691134.021612,394646.8277958888,4438783.292155761,-0.07192931198464621,0
actual,1745691134.1216023,394646.82839941455,4438783.292289395,-0.07195289138284065,0
actual,1745691134.2216833,394646.82851554954,4438783.292348873,-0.07191054969518727,0
actual,1745691134.3216205,394646.8286962298,4438783.292421355,-0.07191239974419443,0
actual,1745691134.4216814,394646.8289297695,4438783.292422776,-0.07190002535979778,0
actual,1745691134.521804,394646.8292483202,4438783.292498552,-0.07192358730469973,0
actual,1745691134.621611,394646.82840024866,4438783.291116105,-0.07200375027724384,0
actual,1745691134.721676,394646.82819901337,4438783.291071717,-0.07199429059269785,0
actual,1745691134.8216364,394646.8279957913,4438783.29093211,-0.07196460254212148,0
actual,1745691134.9216306,394646.82797681406,4438783.290768341,-0.07192945161098627,0
actual,1745691135.0216541,394646.82819563674,4438783.290908634,-0.07202080214403568,0
actual,1745691135.1216598,394646.8275967571,4438783.290232244,-0.07195714998621543,0
actual,1745691135.2216625,394646.8274277837,4438783.289824454,-0.07189335820205513,0
actual,1745691135.321694,394646.82718212495,4438783.289788197,-0.07191041006884721,0
actual,1745691135.421623,394646.8270053606,4438783.289808622,-0.07191852584986884,0
actual,1745691135.5216339,394646.82696247473,4438783.28962231,-0.07189430067985131,0
actual,1745691135.621621,394646.82735107513,4438783.290043868,-0.07188644669821732,0
actual,1745691135.7216275,394646.8274871638,4438783.290155798,-0.07189815785749815,0
actual,1745691135.8216193,394646.8276492307,4438783.2902601985,-0.07194023774576365,0
actual,1745691135.921594,394646.8277793381,4438783.290302482,-0.07193025446244239,0
actual,1745691136.0217903,394646.8278607819,4438783.290425992,-0.07194049954515153,0
actual,1745691136.1216724,394646.82803286123,4438783.290486219,-0.07190189286209742,0
actual,1745691136.221646,394646.82896308723,4438783.290247559,-0.07192824733380246,0
actual,1745691136.3216176,394646.8292138963,4438783.290308951,-0.0719327851898576,0
actual,1745691136.4216802,394646.82948228496,4438783.290370201,-0.07195062245481308,0
actual,1745691136.5217438,394646.82979128486,4438783.290469508,-0.07197392260032716,0
actual,1745691136.6217437,394646.8278975953,4438783.291242426,-0.0719769943798106,0
actual,1745691136.7216084,394646.82806871785,4438783.2913249,-0.07198031050538946,0
actual,1745691136.8218005,394646.8284159319,4438783.291392173,-0.07194835352678551,0
actual,1745691136.921692,394646.82882561116,4438783.2915406395,-0.07198298085914497,0
actual,1745691137.0216272,394646.8291678346,4438783.291647276,-0.07195208853138478,0
actual,1745691137.1216087,394646.8293376035,4438783.291800733,-0.07195608533537193,0
actual,1745691137.221825,394646.8285962544,4438783.288544578,-0.07193330878863335,0
actual,1745691137.3217995,394646.82837655075,4438783.288400371,-0.07188909959868035,0
actual,1745691137.4216409,394646.8282448815,4438783.288281043,-0.07191561115001817,0
actual,1745691137.5216,394646.8280699599,4438783.288013039,-0.07188204846850224,0
actual,1745691137.621633,394646.8293938681,4438783.288891556,-0.0718430229064277,0
actual,1745691137.7216485,394646.82985792396,4438783.288882186,-0.07185302364304144,0
actual,1745691137.8216803,394646.83045071794,4438783.288810151,-0.07177019031674184,0
actual,1745691137.9216635,394646.83108804305,4438783.288758815,-0.07179363008859621,0
actual,1745691138.0216415,394646.8316239648,4438783.288679435,-0.07174156691700921,0
actual,1745691138.121614,394646.8284062699,4438783.290516489,-0.07194303027256697,0
actual,1745691138.2215912,394646.8283210632,4438783.290500105,-0.07191213794480654,0
actual,1745691138.3216338,394646.82831011375,4438783.290523608,-0.07192212122812805,0
actual,1745691138.421685,394646.8283296628,4438783.29050758,-0.07193144128633373,0
actual,1745691138.5216336,394646.82836247166,4438783.290526528,-0.07197126969986413,0
actual,1745691138.6216478,394646.82841221686,4438783.290471703,-0.07196261286677427,0
actual,1745691138.7218761,394646.8292291277,4438783.289391936,-0.07197219472436783,0
actual,1745691138.8216658,394646.8292915382,4438783.2892489545,-0.07197418439971505,0
actual,1745691138.9216707,394646.8294691574,4438783.289145313,-0.0719576735849912,0
actual,1745691139.0216131,394646.829667117,4438783.288926144,-0.07191906690193708,0
actual,1745691139.1218889,394646.8302938257,4438783.288753019,-0.0719539560336844,0
actual,1745691139.2218134,394646.83040932636,4438783.288757312,-0.0719503606554252,0
actual,1745691139.3216245,394646.83066237485,4438783.288646665,-0.07191786262475326,0
actual,1745691139.4216328,394646.8309933866,4438783.28854479,-0.07190402216378493,0
actual,1745691139.5215838,394646.8312547039,4438783.288467941,-0.07188763352210865,0
actual,1745691139.6216643,394646.8300960719,4438783.289622818,-0.07198723946251999,0
actual,1745691139.7216363,394646.8299796967,4438783.2896717535,-0.07198444693571665,0
actual,1745691139.821635,394646.830058957,4438783.28960523,-0.07196713326953694,0
actual,1745691139.921671,394646.8302606596,4438783.289552954,-0.07193304698924548,0
actual,1745691140.0216358,394646.8303980535,4438783.289572387,-0.07191866547620915,0
actual,1745691140.121587,394646.83043785294,4438783.289612986,-0.07193172053901409,0
actual,1745691140.2216458,394646.82988448726,4438783.2897110935,-0.07193744521896056,0
actual,1745691140.3216102,394646.8299956827,4438783.289724225,-0.07192905018525833,0
actual,1745691140.4216316,394646.83015362447,4438783.289742444,-0.07188337491873363,0
actual,1745691140.52165,394646.8303050406,4438783.289780041,-0.07188990245013623,0
actual,1745691140.6218145,394646.83018757746,4438783.289453996,-0.07183677462770546,0
actual,1745691140.7217681,394646.8295230074,4438783.289457759,-0.07181640663533478,0
actual,1745691140.8216982,394646.82901685766,4438783.289673066,-0.07195634713475955,0
actual,1745691140.9216506,394646.8290476437,4438783.2898279475,-0.07186033657260743,0
actual,1745691141.0216665,394646.8293435576,4438783.289785889,-0.0718765855879434,0
actual,1745691141.1217742,394646.8301040044,4438783.290430626,-0.07193037663548997,0
actual,1745691141.2216208,394646.8303774315,4438783.290636143,-0.07198099118379775,0
actual,1745691141.3215957,394646.8305616672,4438783.290640212,-0.0719048250152408,0
actual,1745691141.4216876,394646.83061137545,4438783.290762843,-0.0719249312082236,0
actual,1745691141.5217679,394646.83057540294,4438783.290882592,-0.07190175323575736,0
actual,1745691141.6216986,394646.83014543995,4438783.29160792,-0.07193065588817033,0
actual,1745691141.72165,394646.8301526884,4438783.2916253405,-0.07190986901677898,0
actual,1745691141.8216157,394646.8302535999,4438783.291660064,-0.0718599351468795,0
actual,1745691141.921709,394646.8303650079,4438783.291813955,-0.07191201577175897,0
actual,1745691142.02166,394646.830443839,4438783.2917993795,-0.0718645951759822,0
actual,1745691142.121601,394646.83055064594,4438783.291895527,-0.07188644669821732,0
actual,1745691142.2216434,394646.8303317985,4438783.291894219,-0.0719393127212602,0
actual,1745691142.3217006,394646.8303503073,4438783.291926675,-0.07190149143636948,0
actual,1745691142.4216144,394646.8304129324,4438783.292073182,-0.07193810844407637,0
actual,1745691142.5217428,394646.8305632168,4438783.292045487,-0.07191133509335067,0
actual,1745691142.6216557,394646.8304935976,4438783.290840339,-0.07192545480699937,0
actual,1745691142.7216492,394646.83057589835,4438783.290735323,-0.07188484099530532,0
actual,1745691142.8216145,394646.8306451419,4438783.290673556,-0.07184316253276776,0
actual,1745691142.9215295,394646.830749375,4438783.290716867,-0.07189122890036762,0
actual,1745691143.0217035,394646.8308795182,4438783.290542271,-0.07183331887578656,0
actual,1745691143.1216116,394646.83064924844,4438783.291681142,-0.07194742850228181,0
actual,1745691143.2217045,394646.8307109607,4438783.29181363,-0.07197832083004224,0
actual,1745691143.3216348,394646.83076020953,4438783.291910927,-0.07194716670289418,0
actual,1745691143.4216158,394646.83085095737,4438783.292152097,-0.07196647004442111,0
actual,1745691143.5216656,394646.830994198,4438783.292218835,-0.07190229428782535,0
actual,1745691143.6216958,394646.82932771655,4438783.292948755,-0.07188616744553696,0
actual,1745691143.7217615,394646.8293778611,4438783.293124337,-0.07191041006884721,0
actual,1745691143.821701,394646.82942726265,4438783.293212325,-0.07182998529691524,0
actual,1745691143.921626,394646.8295543523,4438783.2934198985,-0.07186380977781881,0
actual,1745691144.021691,394646.82973629376,4438783.293503987,-0.07179668441478718,0
actual,1745691144.1216335,394646.8284257394,4438783.291183663,-0.07192784590807452,0
actual,1745691144.2216249,394646.8283340337,4438783.291048589,-0.07192358730469973,0
actual,1745691144.3216438,394646.82831995806,4438783.290916408,-0.07191452904588194,0
actual,1745691144.421742,394646.8283612798,4438783.290791292,-0.0719287883858707,0
actual,1745691144.5218346,394646.8284255826,4438783.290590498,-0.07189096710097997,0
actual,1745691144.6216404,394646.8296794227,4438783.291074275,-0.07193051626183003,0
actual,1745691144.7216046,394646.82972324593,4438783.2910598675,-0.07194863277946588,0
actual,1745691144.8216019,394646.8296960486,4438783.291023215,-0.07188897742563252,0
actual,1745691144.9216034,394646.8296925118,4438783.291095551,-0.07189669178092645,0
actual,1745691145.0216334,394646.82971781364,4438783.291046684,-0.07186314655270323,0
actual,1745691145.121652,394646.83076305594,4438783.290655041,-0.0720009577504405,0
actual,1745691145.221623,394646.8308559574,4438783.290600974,-0.07194144202294771,0
actual,1745691145.3215933,394646.83092172624,4438783.290610465,-0.07193465269215722,0
actual,1745691145.4215968,394646.831036619,4438783.290672354,-0.0719538164073441,0
actual,1745691145.521674,394646.83115739166,4438783.290663149,-0.07190374291110456,0
actual,1745691145.6216993,394646.83104633156,4438783.290066091,-0.07197777977797401,0
actual,1745691145.7216322,394646.83108067955,4438783.289918495,-0.07187365343480001,0
actual,1745691145.8216095,394646.83114700916,4438783.289936029,-0.07191386582076613,0
actual,1745691145.9216304,394646.8312664388,4438783.2898923885,-0.07188590564614908,0
actual,1745691146.021641,394646.83145898924,4438783.289817296,-0.07185262221731349,0
actual,1745691146.1218338,394646.8317232865,4438783.289748184,-0.07186979625715317,0
actual,1745691146.2216215,394646.829081085,4438783.290756757,-0.07195475888514029,0
actual,1745691146.3218458,394646.82901598257,4438783.290740735,-0.0719744636523954,0
actual,1745691146.4216259,394646.8290058262,4438783.290711076,-0.07197605190201467,0
actual,1745691146.5216637,394646.82898152154,4438783.290645113,-0.07198683803679205,0
actual,1745691146.6216357,394646.8290897536,4438783.291203053,-0.07193877166919195,0
actual,1745691146.7216027,394646.82924728905,4438783.291289854,-0.07193877166919195,0
actual,1745691146.821657,394646.8294020939,4438783.2913497,-0.07190814114081964,0
actual,1745691146.9215922,394646.8295887964,4438783.291473232,-0.07192545480699937,0
actual,1745691147.0215976,394646.8298006512,4438783.291577878,-0.0718737930611403,0
actual,1745691147.1216226,394646.8285157871,4438783.290277121,-0.07188644669821732,0
actual,1745691147.221701,394646.8285677478,4438783.290295952,-0.07188883779929246,0
actual,1745691147.3216302,394646.82865610934,4438783.290375764,-0.07191440687283411,0
actual,1745691147.4217126,394646.82879501174,4438783.290414991,-0.07191201577175897,0
actual,1745691147.5216508,394646.82899048814,4438783.290426673,-0.07186234370124711,0
actual,1745691147.6217086,394646.82937242294,4438783.29036318,-0.07186819055424142,0
actual,1745691147.7216518,394646.8294824787,4438783.290395696,-0.07184635648529904,0
actual,1745691147.8216453,394646.8296102123,4438783.290476531,-0.07183544817747407,0
actual,1745691147.9217677,394646.8298031064,4438783.290542188,-0.0718090762524763,0
actual,1745691148.0216963,394646.8300447213,4438783.290651685,-0.07182078741175714,0
actual,1745691148.1216135,394646.8291708268,4438783.289787685,-0.07194863277946588,0
actual,1745691148.2218227,394646.8292401413,4438783.289838998,-0.07195634713475955,0
actual,1745691148.321785,394646.82932133495,4438783.289866346,-0.07193025446244239,0
actual,1745691148.4216278,394646.8294329819,4438783.289935706,-0.07193583951604857,0
actual,1745691148.5216036,394646.82957852277,4438783.290066739,-0.07196060573813458,0
actual,1745691148.621745,394646.8295410809,4438783.290603441,-0.07196434074273385,0
actual,1745691148.7216468,394646.8296552453,4438783.290647798,-0.07195154747931654,0
actual,1745691148.8216712,394646.82979030104,4438783.290674764,-0.071906814690588,0
actual,1745691148.921762,394646.8299925819,4438783.290733045,-0.07189749463238233,0
actual,1745691149.0216253,394646.83023104677,4438783.290808194,-0.0718767252142837,0
actual,1745691149.121625,394646.8300204234,4438783.289103686,-0.07197139187291171,0
actual,1745691149.2216032,394646.8301645065,4438783.288931645,-0.07197458582544299,0
actual,1745691149.3216052,394646.8303049745,4438783.288749486,-0.07195941891424325,0
actual,1745691149.4218287,394646.8305810209,4438783.288580142,-0.07189896070895402,0
actual,1745691149.52161,394646.830918193,4438783.288423772,-0.07191547152367787,0
actual,1745691149.621728,394646.82950040535,4438783.289037702,-0.07200800888061862,0
actual,1745691149.7217145,394646.82950478594,4438783.28915437,-0.0720058795789311,0
actual,1745691149.8216634,394646.82951753575,4438783.289280517,-0.0720223903936552,0
actual,1745691149.9217348,394646.8295117326,4438783.28932043,-0.07200614137831898,0
actual,1745691150.0216315,394646.8296003217,4438783.289367433,-0.07200654280404692,0
actual,1745691150.1217923,394646.8304629406,4438783.288570686,-0.07198085155745769,0
actual,1745691150.2216852,394646.8306580514,4438783.288556364,-0.07198099118379775,0
actual,1745691150.3216252,394646.830812296,4438783.288568702,-0.07201160425887783,0
actual,1745691150.4218848,394646.8310597821,4438783.288500859,-0.07198031050538946,0
actual,1745691150.5216937,394646.8313596095,4438783.288413032,-0.07196540539357736,0
actual,1745691150.6216154,394646.82988394017,4438783.289734722,-0.0720060192052714,0
actual,1745691150.7216794,394646.82986000227,4438783.289829212,-0.07198390588364867,0
actual,1745691150.821834,394646.8299504905,4438783.289886886,-0.07197020504902038,0
actual,1745691150.9216917,394646.8300817635,4438783.290002295,-0.07194343169829491,0
actual,1745691151.0217352,394646.8301435621,4438783.290068151,-0.07195421783307229,0
actual,1745691151.1216185,394646.8309261341,4438783.28835481,-0.07194449634913867,0
actual,1745691151.2218065,394646.8311487449,4438783.288301187,-0.0719576735849912,0
actual,1745691151.321665,394646.8313140066,4438783.288203469,-0.07197006542268032,0
actual,1745691151.4216883,394646.8315719246,4438783.288121719,-0.07197711655285843,0
actual,1745691151.5216117,394646.832047115,4438783.287946731,-0.07191892727559678,0
actual,1745691151.621633,394646.82993135886,4438783.289775557,-0.07205621487455878,0
actual,1745691151.721603,394646.82980285,4438783.289769161,-0.0719781812037022,0
actual,1745691151.82161,394646.829909649,4438783.289873558,-0.07199615809499774,0
actual,1745691151.921636,394646.8300708404,4438783.289920179,-0.07204064653763086,0
actual,1745691152.0216641,394646.83016658993,4438783.289917606,-0.0719743240260551,0
actual,1745691152.1218338,394646.8301547116,4438783.29009387,-0.07203438080561639,0
actual,1745691152.2216258,394646.830832675,4438783.291227707,-0.07197113007352408,0
actual,1745691152.3216379,394646.8307869608,4438783.291548608,-0.07203610868157571,0
actual,1745691152.4216695,394646.83078341454,4438783.291821457,-0.07198125298318564,0
actual,1745691152.521666,394646.83078963263,4438783.292156889,-0.07199057304139131,0
actual,1745691152.6217024,394646.8309286805,4438783.290479453,-0.07195076208115314,0
actual,1745691152.7217772,394646.83091014,4438783.290473052,-0.07191414507344648,0
actual,1745691152.8216546,394646.8309716808,4438783.290400277,-0.0718725887839565,0
actual,1745691152.9216535,394646.8311017959,4438783.2903803475,-0.07186925520508518,0
actual,1745691153.0225203,394646.8312443562,4438783.290403739,-0.0718829734930057,0
actual,1745691153.1217408,394646.8312810533,4438783.288973683,-0.07193863204285189,0
actual,1745691153.2216473,394646.83118505776,4438783.288928487,-0.0719286487595304,0
actual,1745691153.3216734,394646.83113468543,4438783.288925529,-0.07190534861401632,0
actual,1745691153.4216235,394646.83130818256,4438783.288881069,-0.07189976356040989,0
actual,1745691153.5218635,394646.8315782421,4438783.288849904,-0.0719249312082236,0
actual,1745691153.621753,394646.83125819225,4438783.28935343,-0.07200708385611516,0
actual,1745691153.7216485,394646.831409064,4438783.289505023,-0.07201373356056509,0
actual,1745691153.8216238,394646.8315189938,4438783.2896029595,-0.07198390588364867,0
actual,1745691153.9216218,394646.83163063036,4438783.28967454,-0.071966731843809,0
actual,1745691154.0216138,394646.83166350686,4438783.289748163,-0.07199402879331022,0
actual,1745691154.1216488,394646.83160188544,4438783.290022886,-0.0720058795789311,0
actual,1745691154.2218106,394646.8303990004,4438783.288365914,-0.07203837760960329,0
actual,1745691154.3217475,394646.83024828177,4438783.2883251915,-0.07194316989890703,0
actual,1745691154.4216585,394646.83025833155,4438783.288426812,-0.07191920652827713,0
actual,1745691154.5217104,394646.8303187175,4438783.288632399,-0.0719056104134042,0
actual,1745691154.6216512,394646.8303692696,4438783.287456356,-0.07193850986980432,0
actual,1745691154.7216487,394646.83033116156,4438783.28730616,-0.07193397201374893,0
actual,1745691154.8216302,394646.8304561161,4438783.287414626,-0.07198231763402939,0
actual,1745691154.9215763,394646.8305993671,4438783.287305741,-0.0719371659662802,0
actual,1745691155.0216267,394646.8307119742,4438783.287157917,-0.07189642998153857,0
actual,1745691155.1217668,394646.83151444484,4438783.287408828,-0.07194049954515153,0
actual,1745691155.2216482,394646.8316467239,4438783.287539339,-0.07195475888514029,0
actual,1745691155.3216748,394646.831945681,4438783.2874468,-0.0719032193123288,0
actual,1745691155.421662,394646.83229739615,4438783.287585384,-0.07190761754204389,0
actual,1745691155.521646,394646.83272258757,4438783.287722316,-0.07189656960787888,0
actual,1745691155.621639,394646.8316579787,4438783.287150728,-0.07196580681930555,0
actual,1745691155.7215629,394646.83173822495,4438783.287108013,-0.07197006542268032,0
actual,1745691155.8216445,394646.8318524947,4438783.287093907,-0.07196873897244868,0
actual,1745691155.9219387,394646.8320015757,4438783.287008797,-0.0719307780612179,0
actual,1745691156.02165,394646.83220787783,4438783.287018211,-0.07194863277946588,0
actual,1745691156.12176,394646.8312756757,4438783.288982305,-0.07197765760492643,0
actual,1745691156.221629,394646.8312044636,4438783.289037073,-0.07197832083004224,0
actual,1745691156.3216355,394646.83118717733,4438783.289117587,-0.0719539560336844,0
actual,1745691156.4215991,394646.8313739541,4438783.289242707,-0.07198018833234188,0
actual,1745691156.521715,394646.8317657365,4438783.289295096,-0.07193583951604857,0
actual,1745691156.621869,394646.8297746981,4438783.289054673,-0.07195289138284065,0
actual,1745691156.721825,394646.8296532862,4438783.288965244,-0.07188751134906107,0
actual,1745691156.8216183,394646.82937877614,4438783.288972842,-0.0719048250152408,0
actual,1745691156.9216325,394646.82908576727,4438783.288977665,-0.0719188051025492,0
actual,1745691157.021616,394646.828877458,4438783.28895745,-0.07185555437045689,0
actual,1745691157.1216102,394646.8306058321,4438783.288786007,-0.07194156419599529,0
actual,1745691157.2216003,394646.83079163404,4438783.288792326,-0.07193451306581718,0
actual,1745691157.3216987,394646.8310186753,4438783.288796029,-0.07194823135373793,0
actual,1745691157.4216576,394646.8311810884,4438783.288642649,-0.07192105657728429,0
actual,1745691157.521626,394646.8314746036,4438783.288716039,-0.07192798553441482,0
actual,1745691157.6215951,394646.8307229007,4438783.288590389,-0.071979385480886,0
actual,1745691157.721637,394646.83078962937,4438783.288462935,-0.07193477486520505,0
actual,1745691157.821645,394646.8308574764,4438783.288382625,-0.07192027117912089,0
actual,1745691157.9216282,394646.83097455977,4438783.288543232,-0.0719568881868278,0
actual,1745691158.0218384,394646.8312425055,4438783.288386631,-0.07189629035519851,0
actual,1745691158.1216707,394646.8312740369,4438783.288920496,-0.07194929600458144,0
actual,1745691158.221633,394646.83131181303,4438783.289107934,-0.07194449634913867,0
actual,1745691158.321626,394646.831276294,4438783.289014396,-0.07186499660171014,0
actual,1745691158.4217834,394646.83134145883,4438783.289187781,-0.07188311311934599,0
actual,1745691158.5217803,394646.83139994123,4438783.289316161,-0.07186579945316628,0
actual,1745691158.6216414,394646.83066193457,4438783.287521014,-0.07191667580086168,0
actual,1745691158.7216325,394646.83092305536,4438783.287253262,-0.07187086090799692,0
actual,1745691158.8216858,394646.83119418623,4438783.287070137,-0.07189136852670792,0
actual,1745691158.9216473,394646.8313776734,4438783.286648006,-0.07183263819737827,0
actual,1745691159.0216448,394646.83161297196,4438783.286390175,-0.07184436680995157,0
actual,1745691159.121662,394646.83071601705,4438783.288589388,-0.0719652657672373,0
actual,1745691159.221801,394646.83086323814,4438783.288534684,-0.07192772373502694,0
actual,1745691159.3216608,394646.8311028902,4438783.288499079,-0.07188829674722448,0
actual,1745691159.4216363,394646.8312980279,4438783.288628241,-0.0719231858789718,0
actual,1745691159.5216224,394646.83139550895,4438783.288632943,-0.07193051626183003,0
actual,1745691159.6215982,394646.83083645895,4438783.289679697,-0.07191147471969073,0
actual,1745691159.7216854,394646.83122308046,4438783.289858351,-0.07194702707655387,0
actual,1745691159.8216507,394646.8316543181,4438783.289922744,-0.07190307968598875,0
actual,1745691159.9216378,394646.832061162,4438783.290083717,-0.07190016498613784,0
actual,1745691160.0216947,394646.83248485846,4438783.290212358,-0.07191800225109332,0
actual,1745691160.121741,394646.82975749456,4438783.288789889,-0.07200854993268686,0
actual,1745691160.2216017,394646.8299027728,4438783.288713474,-0.07194676527716624,0
actual,1745691160.321687,394646.8302551136,4438783.28855684,-0.07197685475347056,0
actual,1745691160.4216099,394646.8306406747,4438783.288331107,-0.07194596242571037,0
actual,1745691160.5217333,394646.83106598415,4438783.288329839,-0.07195142530626895,0
actual,1745691160.6216857,394646.831804815,4438783.289191915,-0.07198643661106412,0
actual,1745691160.7218235,394646.8318401981,4438783.289178703,-0.07200069595105286,0
actual,1745691160.8216836,394646.8317278089,4438783.28922487,-0.07202266964633532,0
actual,1745691160.921637,394646.83159889857,4438783.289285918,-0.07203849978265112,0
actual,1745691161.0216007,394646.8314231022,4438783.289266076,-0.07200469275503976,0
actual,1745691161.121786,394646.83350805735,4438783.288999521,-0.071946224225098,0
actual,1745691161.2216277,394646.8337741861,4438783.289010152,-0.07191520972428998,0
actual,1745691161.3216436,394646.83430403,4438783.289067639,-0.07195315318222853,0
actual,1745691161.4216778,394646.8349509286,4438783.28901361,-0.07191507009794994,0
actual,1745691161.5217907,394646.83565687493,4438783.2889374485,-0.07191067186823485,0
actual,1745691161.621742,394646.83252962155,4438783.290009204,-0.0719132025956503,0
actual,1745691161.7216144,394646.8324887289,4438783.290104077,-0.07192358730469973,0
actual,1745691161.8216953,394646.8323772487,4438783.290141575,-0.07190042678552572,0
actual,1745691161.92165,394646.8322558035,4438783.29020504,-0.07191480829856205,0
actual,1745691162.0216532,394646.83215061476,4438783.290230116,-0.07189229355121138,0
actual,1745691162.121691,394646.8321433175,4438783.290233693,-0.07189044350220422,0
actual,1745691162.2216463,394646.8328536357,4438783.290057394,-0.07193158091267378,0
actual,1745691162.3215969,394646.83296090155,4438783.290042058,-0.07194875495251345,0
actual,1745691162.42159,394646.83309014427,4438783.289966289,-0.07194542137364213,0
actual,1745691162.5216131,394646.83328583575,4438783.289842299,-0.07195088425420096,0
actual,1745691162.6217406,394646.83382051927,4438783.289250252,-0.071979385480886,0
actual,1745691162.721738,394646.83396018465,4438783.289150623,-0.0719781812037022,0
actual,1745691162.8216474,394646.8341201887,4438783.289041366,-0.0719539560336844,0
actual,1745691162.92167,394646.8343122805,4438783.288969729,-0.0719729975758237,0
actual,1745691163.021632,394646.834527546,4438783.288867346,-0.07198018833234188,0
actual,1745691163.1217437,394646.8325617092,4438783.289238371,-0.07201853321600811,0
actual,1745691163.2216074,394646.83274152986,4438783.289276312,-0.07199816522363742,0
actual,1745691163.321715,394646.8329662748,4438783.289151904,-0.07192891055891827,0
actual,1745691163.421602,394646.83316088055,4438783.28909327,-0.07190122963698159,0
actual,1745691163.521652,394646.83336567366,4438783.289218455,-0.07192637983150282,0
actual,1745691163.6216176,394646.83303289313,4438783.288672588,-0.07196474216846178,0
actual,1745691163.7216587,394646.8332735561,4438783.288537514,-0.07192571660638701,0
actual,1745691163.821704,394646.8336028217,4438783.288412474,-0.071894161053511,0
actual,1745691163.9216313,394646.8339598682,4438783.288427058,-0.0719413023966074,0
actual,1745691164.0219054,394646.83429818205,4438783.28843524,-0.07196592899235311,0
actual,1745691164.1217756,394646.8346679902,4438783.288361268,-0.07196859934610862,0
actual,1745691164.221635,394646.8328054143,4438783.288055122,-0.07197285794948341,0
actual,1745691164.3217146,394646.83292702364,4438783.288031823,-0.07196554501991766,0
actual,1745691164.42179,394646.83306596195,4438783.2879918115,-0.07196247324043421,0
actual,1745691164.5216503,394646.8332514349,4438783.287983122,-0.07197884442881776,0
actual,1745691164.6217935,394646.8325118436,4438783.288641988,-0.0719327851898576,0
actual,1745691164.7216132,394646.8325617949,4438783.288658368,-0.0719032193123288,0
actual,1745691164.821691,394646.8326990156,4438783.288669391,-0.0718731298360245,0
actual,1745691164.921686,394646.8329557389,4438783.288659045,-0.07183464532601795,0
actual,1745691165.021636,394646.8333456855,4438783.288705785,-0.07186246587429494,0
actual,1745691165.1216238,394646.83337648155,4438783.287627444,-0.07193903346857983,0
actual,1745691165.2216294,394646.83342458383,4438783.287636203,-0.07198643661106412,0
actual,1745691165.3216646,394646.8333529264,4438783.287678044,-0.0719997534732567,0
actual,1745691165.42171,394646.83323111926,4438783.287812653,-0.07199788597095706,0
actual,1745691165.5216422,394646.833146692,4438783.287813726,-0.07200654280404692,0
actual,1745691165.6215959,394646.83192314976,4438783.287435403,-0.07191426724649407,0
actual,1745691165.7216191,394646.8321739084,4438783.287334134,-0.0718535472418172,0
actual,1745691165.8217044,394646.8324745678,4438783.287330857,-0.07187632378855577,0
actual,1745691165.9216316,394646.8327880167,4438783.287299969,-0.07185195899219793,0
actual,1745691166.021666,394646.8331322709,4438783.287330886,-0.07185342506876963,0
actual,1745691166.121679,394646.83352271956,4438783.287667259,-0.07201373356056509,0
actual,1745691166.2216897,394646.8337058033,4438783.287668991,-0.0720405069112908,0
actual,1745691166.3216295,394646.83395165624,4438783.2877330445,-0.07205022839522442,0
actual,1745691166.4217613,394646.83445391915,4438783.287730392,-0.07199788597095706,0
actual,1745691166.5216374,394646.83508833125,4438783.287723598,-0.072010941033762,0
actual,1745691166.621596,394646.8325599765,4438783.287314622,-0.07194582279937006,0
actual,1745691166.7216175,394646.83216427406,4438783.287467043,-0.07198205583464151,0
actual,1745691166.8217933,394646.83174090134,4438783.287601303,-0.07197380042727958,0
actual,1745691166.921634,394646.83138909284,4438783.287703652,-0.07199017161566337,0
actual,1745691167.021635,394646.8312639435,4438783.2878238885,-0.07198058975806981,0
actual,1745691167.121528,394646.83296489384,4438783.288659101,-0.07190402216378493,0
actual,1745691167.2216702,394646.83327345503,4438783.28874268,-0.07189389925412337,0
actual,1745691167.3216841,394646.83364529745,4438783.288903185,-0.07190908361861557,0
actual,1745691167.4216673,394646.8339629864,4438783.289052396,-0.07188883779929246,0
actual,1745691167.5216553,394646.8342690809,4438783.289235206,-0.07188604527248939,0
actual,1745691167.6216345,394646.83239496534,4438783.288070255,-0.07195502068452816,0
actual,1745691167.721607,394646.8326806825,4438783.287987744,-0.07186792875485354,0
actual,1745691167.821641,394646.83306173404,4438783.287988489,-0.07186274512697505,0
actual,1745691167.9216373,394646.8332432699,4438783.288071804,-0.07187086090799692,0
actual,1745691168.0217056,394646.83327524085,4438783.288154109,-0.07191639654818158,0
actual,1745691168.1217034,394646.8333509776,4438783.288159088,-0.07190388253744462,0
actual,1745691168.2216008,394646.8326192049,4438783.287749816,-0.07196699364319688,0
actual,1745691168.3216877,394646.8328995032,4438783.287726136,-0.07195048282847302,0
actual,1745691168.4216323,394646.8332352034,4438783.287641994,-0.0719422274211111,0
actual,1745691168.5217576,394646.83361908095,4438783.287531027,-0.07195208853138478,0
actual,1745691168.6216419,394646.83321751584,4438783.2888289625,-0.07199109664016683,0
actual,1745691168.7217605,394646.83366544533,4438783.2888627285,-0.07202399609656696,0
actual,1745691168.8217938,394646.8345690329,4438783.288952658,-0.07206993316247928,0
actual,1745691168.9217598,394646.83556804014,4438783.288934138,-0.07200682205672729,0
actual,1745691169.0216353,394646.83627893415,4438783.288873287,-0.07194383312402285,0
actual,1745691169.1216452,394646.83496383723,4438783.291195064,-0.07192559443333943,0
actual,1745691169.2216818,394646.8335871881,4438783.291614239,-0.07198631443801629,0
actual,1745691169.3216536,394646.83234349237,4438783.292046395,-0.07205129304606818,0
actual,1745691169.4216583,394646.8314518887,4438783.292227438,-0.07188524242103325,0
actual,1745691169.5216258,394646.830759577,4438783.292663617,-0.0720278532742138,0
actual,1745691169.6217623,394646.831770552,4438783.291443844,-0.07196474216846178,0
actual,1745691169.7216504,394646.83211992343,4438783.291374628,-0.07185754404580409,0
actual,1745691169.821663,394646.83264973474,4438783.291504403,-0.07197739580553879,0
actual,1745691169.9216511,394646.8332387649,4438783.291516001,-0.07189297422961967,0
actual,1745691170.0216062,394646.83369823475,4438783.291568646,-0.07189669178092645,0
actual,1745691170.121771,394646.83403215656,4438783.291683868,-0.07186965663081311,0
actual,1745691170.221682,394646.83375365235,4438783.292314247,-0.07196221144104634,0
actual,1745691170.3216908,394646.83355440747,4438783.29248502,-0.07195660893414745,0
actual,1745691170.4216142,394646.83341134305,4438783.292760199,-0.07201692751309637,0
actual,1745691170.5216928,394646.83331366256,4438783.292921258,-0.07197339900155164,0
actual,1745691170.6216786,394646.8336538338,4438783.291196231,-0.0719476903016697,0
actual,1745691170.7216487,394646.8337003107,4438783.291154915,-0.07192278445324386,0
actual,1745691170.8217673,394646.8337542574,4438783.291155156,-0.07197418439971505,0
actual,1745691170.9216769,394646.8338876185,4438783.291124093,-0.0719427684731791,0
actual,1745691171.0216844,394646.83410463063,4438783.291115722,-0.07194290809951916,0
actual,1745691171.12166,394646.8335912021,4438783.29023448,-0.07196793612099281,0
actual,1745691171.2215996,394646.8336796677,4438783.290183512,-0.07199109664016683,0
actual,1745691171.3215895,394646.83382299205,4438783.290105048,-0.07196446291578143,0
actual,1745691171.42163,394646.8339995283,4438783.290063763,-0.0719769943798106,0
actual,1745691171.5216448,394646.8341590561,4438783.290007269,-0.07193903346857983,0
actual,1745691171.6215963,394646.83444038016,4438783.290608069,-0.071927322309299,0
actual,1745691171.721703,394646.83471249486,4438783.290616773,-0.07186274512697505,0
actual,1745691171.821654,394646.8349360447,4438783.290755886,-0.07189403888046342,0
actual,1745691171.9216268,394646.83519955387,4438783.290742937,-0.0718789766890188,0
actual,1745691172.0216236,394646.8355519031,4438783.290655391,-0.07183530855113378,0
actual,1745691172.1217697,394646.83593903476,4438783.290666911,-0.07185195899219793,0
actual,1745691172.2216473,394646.83314803627,4438783.290270161,-0.07199736237218154,0
actual,1745691172.3216407,394646.83316086204,4438783.290199251,-0.07197858262943013,0
actual,1745691172.4216542,394646.83320267696,4438783.290162793,-0.07199362736758229,0
actual,1745691172.5215957,394646.83324621175,4438783.290084142,-0.07199788597095706,0
actual,1745691172.6217923,394646.8348151181,4438783.290252932,-0.07193730559262025,0
actual,1745691172.7216563,394646.8350009629,4438783.290257338,-0.07194702707655387,0
actual,1745691172.821635,394646.83524841844,4438783.290215869,-0.07192545480699937,0
actual,1745691172.921629,394646.8355600878,4438783.290184391,-0.07193969669369565,0
actual,1745691173.0216286,394646.8359718172,4438783.290085129,-0.07191599512245339,0
actual,1745691173.121654,394646.8346688819,4438783.290135015,-0.0719209344042367,0
actual,1745691173.2216315,394646.8346831426,4438783.290238737,-0.07195194890504447,0
actual,1745691173.321671,394646.834753538,4438783.290285325,-0.07193756739200814,0
actual,1745691173.4217951,394646.83492332906,4438783.290239642,-0.07190454576256045,0
actual,1745691173.521603,394646.8350811314,4438783.290211451,-0.07190454576256045,0
actual,1745691173.6217499,394646.8344876566,4438783.291053552,-0.0720074852818431,0
actual,1745691173.7217884,394646.83447298344,4438783.291064809,-0.07196687147014905,0
actual,1745691173.8216457,394646.83454572817,4438783.291086862,-0.07198804231397586,0
actual,1745691173.9216235,394646.83467006957,4438783.291162528,-0.07201547888981714,0
actual,1745691174.0216925,394646.8347328966,4438783.2911524195,-0.0720024238270122,0
actual,1745691174.1216938,394646.83332880243,4438783.290018419,-0.07195461925880023,0
actual,1745691174.2216728,394646.833410954,4438783.289863396,-0.07194610205205042,0
actual,1745691174.3216293,394646.8335030816,4438783.289719665,-0.07195968071363089,0
actual,1745691174.4216566,394646.83352827624,4438783.289575333,-0.07197498725117092,0
actual,1745691174.5217395,394646.8335649295,4438783.289366852,-0.07198950839054756,0
actual,1745691174.621652,394646.83462044183,4438783.289865765,-0.07195289138284065,0
actual,1745691174.721627,394646.834937099,4438783.289685964,-0.071927322309299,0
actual,1745691174.8216112,394646.83522020944,4438783.28953974,-0.07192027117912089,0
actual,1745691174.921619,394646.8354864673,4438783.289374398,-0.07194489777486661,0
actual,1745691175.0216353,394646.83576979244,4438783.289158296,-0.07193969669369565,0
actual,1745691175.1216288,394646.8342571155,4438783.290417346,-0.071933570588021,0
actual,1745691175.221645,394646.8343559129,4438783.29043388,-0.07191334222199036,0
actual,1745691175.3218393,394646.83444800903,4438783.290504378,-0.07192479158188356,0
actual,1745691175.4216535,394646.8345577284,4438783.290542119,-0.07198404550998871,0
actual,1745691175.5217109,394646.83465569135,4438783.290344793,-0.07189948430772954,0
actual,1745691175.6216676,394646.8341362292,4438783.291979129,-0.07189150815304797,0
actual,1745691175.7216368,394646.8342000177,4438783.2921616575,-0.07190255608721323,0
actual,1745691175.8217907,394646.8343636698,4438783.292297159,-0.07189176995243586,0
actual,1745691175.9218304,394646.83443411003,4438783.292461511,-0.07184689753736702,0
actual,1745691176.0216663,394646.8342351336,4438783.292704377,-0.07186099979772324,0
actual,1745691176.121747,394646.83587670745,4438783.291792106,-0.07200135917616844,0
actual,1745691176.2216845,394646.8364097547,4438783.291668468,-0.07190773971509147,0
actual,1745691176.3216653,394646.83699463727,4438783.291726084,-0.07198085155745769,0
actual,1745691176.4217389,394646.8375570231,4438783.291681338,-0.07199643734767784,0
actual,1745691176.5216453,394646.838017012,4438783.291521975,-0.07196514359418972,0
actual,1745691176.621646,394646.83445029124,4438783.29277599,-0.07199163769223482,0
actual,1745691176.7217665,394646.8345345238,4438783.292754741,-0.07193517629093299,0
actual,1745691176.821678,394646.8347966727,4438783.292726102,-0.0719603439387467,0
actual,1745691176.9217787,394646.83513028163,4438783.292775946,-0.07194156419599529,0
actual,1745691177.0216682,394646.8353561136,4438783.292939713,-0.07200268562640008,0
actual,1745691177.1216521,394646.83476826886,4438783.292301328,-0.0720466330169652,0
actual,1745691177.221629,394646.8347853158,4438783.292012077,-0.0720048149280876,0
actual,1745691177.3216207,394646.8347615895,4438783.2919359775,-0.07206607598483245,0
actual,1745691177.4216151,394646.8348138408,4438783.291669137,-0.07203237367697646,0
actual,1745691177.521825,394646.8349122858,4438783.291367611,-0.07199643734767784,0
actual,1745691177.6216826,394646.8351168096,4438783.292733433,-0.07196100716386253,0
actual,1745691177.7216938,394646.8351951234,4438783.292746116,-0.07197193292497996,0
actual,1745691177.8216543,394646.8352954377,4438783.29275659,-0.07195488105818786,0
actual,1745691177.9216173,394646.83551475604,4438783.292714027,-0.07191573332306575,0
actual,1745691178.021652,394646.83568512625,4438783.292684118,-0.07190095038430123,0
actual,1745691178.121651,394646.83486565144,4438783.292482184,-0.07200362810419626,0
actual,1745691178.2216227,394646.83487980283,4438783.292395194,-0.07199123626650689,0
actual,1745691178.3216677,394646.83496063633,4438783.292365547,-0.07199443021903816,0
actual,1745691178.421639,394646.8350679276,4438783.292333852,-0.07196739506892481,0
actual,1745691178.5215886,394646.8351474258,4438783.2922601765,-0.071946224225098,0
actual,1745691178.6216297,394646.8359444779,4438783.292147479,-0.07198537196022035,0
actual,1745691178.7216368,394646.8361748838,4438783.2920172,-0.07194262884683904,0
actual,1745691178.821619,394646.8364536374,4438783.291812382,-0.07192065515155635,0
actual,1745691178.921643,394646.83665159706,4438783.291734767,-0.07189522570435476,0
actual,1745691179.0217109,394646.8368831023,4438783.291692267,-0.07194901675190134,0
actual,1745691179.121741,394646.8350610447,4438783.293369091,-0.07192452978249567,0
actual,1745691179.2217035,394646.83518360974,4438783.293218604,-0.07194556099998219,0
actual,1745691179.3216362,394646.8353552705,4438783.293055709,-0.07190494718828838,0
actual,1745691179.4216347,394646.8355354718,4438783.292967792,-0.07198404550998871,0
actual,1745691179.5216274,394646.8357572235,4438783.292769966,-0.07197472545178303,0
actual,1745691179.6216967,394646.8355377347,4438783.293153381,-0.07195009885603756,0
actual,1745691179.7216103,394646.83555769135,4438783.293084795,-0.07193384984070135,0
actual,1745691179.82164,394646.83572020807,4438783.293019677,-0.07188004133986255,0
actual,1745691179.9216685,394646.8359876808,4438783.292943877,-0.07186593907950632,0
actual,1745691180.0216599,394646.83627336373,4438783.292778569,-0.07179069793545283,0
actual,1745691180.121692,394646.83538004383,4438783.291972905,-0.07190402216378493,0
actual,1745691180.22164,394646.8353826202,4438783.291871495,-0.07190908361861557,0
actual,1745691180.3216126,394646.8354953481,4438783.291774441,-0.07191733902597751,0
actual,1745691180.421704,394646.83558285516,4438783.29168142,-0.07197193292497996,0
actual,1745691180.5216985,394646.83568673104,4438783.291552164,-0.07198617481167623,0
actual,1745691180.6217682,394646.83566738945,4438783.290727516,-0.071927322309299,0
actual,1745691180.721637,394646.8358281863,4438783.290538534,-0.07190667506424796,0
actual,1745691180.8216875,394646.83598498895,4438783.290384832,-0.07193158091267378,0
actual,1745691180.9217045,394646.83619829,4438783.290215935,-0.07194529920059455,0
actual,1745691181.0217047,394646.8364415675,4438783.290037315,-0.07194676527716624,0
actual,1745691181.121701,394646.8362278574,4438783.289391747,-0.07195048282847302,0
actual,1745691181.221791,394646.8364022486,4438783.289230967,-0.0719056104134042,0
actual,1745691181.3216558,394646.83675086923,4438783.289101704,-0.07186513622805045,0
actual,1745691181.421625,394646.83697581594,4438783.289020547,-0.07188457919591769,0
actual,1745691181.5216558,394646.83714101306,4438783.288838005,-0.0718970932066544,0
actual,1745691181.6216893,394646.83630106016,4438783.290780334,-0.071914668672222,0
actual,1745691181.7216406,394646.8365253408,4438783.290909113,-0.07189841965688604,0
actual,1745691181.8216178,394646.8367882956,4438783.290954722,-0.07188817457417665,0
actual,1745691181.9216785,394646.8371229659,4438783.291053859,-0.07192651945784313,0
actual,1745691182.0216315,394646.8374118757,4438783.291208721,-0.07190095038430123,0
actual,1745691182.1216152,394646.837588599,4438783.291428851,-0.07194556099998219,0
actual,1745691182.2216587,394646.83583188115,4438783.29012203,-0.0719603439387467,0
actual,1745691182.321686,394646.83595380094,4438783.289981392,-0.07190920579166316,0
actual,1745691182.4216814,394646.8362853087,4438783.289929971,-0.07190986901677898,0
actual,1745691182.5216992,394646.83656005806,4438783.28990782,-0.07186634050523426,0
actual,1745691182.6216376,394646.8350779459,4438783.291333702,-0.071958877862175,0
actual,1745691182.7216885,394646.8348325738,4438783.291364766,-0.07198818194031592,0
actual,1745691182.8216777,394646.8346678403,4438783.291323188,-0.07195142530626895,0
actual,1745691182.9216142,394646.8345617965,4438783.291328343,-0.07194250667379122,0
actual,1745691183.0216098,394646.83434956055,4438783.291354274,-0.071979926532954,0
actual,1745691183.1219509,394646.83589230484,4438783.290663858,-0.07199523307049403,0
actual,1745691183.2218988,394646.8361802938,4438783.290566465,-0.07195968071363089,0
actual,1745691183.3216417,394646.83655311493,4438783.290501198,-0.071958877862175,0
actual,1745691183.4216235,394646.83675289864,4438783.290489288,-0.07194090097087946,0
actual,1745691183.521587,394646.83700109983,4438783.290407249,-0.07192678125723076,0
actual,1745691183.6216307,394646.8358428129,4438783.292426332,-0.07187845309024303,0
actual,1745691183.7217517,394646.835886385,4438783.292719579,-0.07191440687283411,0
actual,1745691183.8216808,394646.83581993985,4438783.2929374,-0.07192918981159864,0
actual,1745691183.9217749,394646.8357220599,4438783.293028433,-0.07194063917149159,0
actual,1745691184.0216987,394646.8356535494,4438783.293163416,-0.07191852584986884,0
actual,1745691184.1217072,394646.8357002004,4438783.292505989,-0.07194875495251345,0
actual,1745691184.2216876,394646.8359605068,4438783.292504403,-0.07190894399227553,0
actual,1745691184.3216202,394646.83627286134,4438783.292470871,-0.07186367015147875,0
actual,1745691184.4216309,394646.83674159506,4438783.292470822,-0.07186380977781881,0
actual,1745691184.521644,394646.837264015,4438783.292408314,-0.07184235968131189,0
actual,1745691184.621627,394646.8348114811,4438783.292461083,-0.07189775643177021,0
actual,1745691184.7216392,394646.8346813752,4438783.292449041,-0.07192133582996464,0
actual,1745691184.8216217,394646.8345249002,4438783.292433562,-0.07192065515155635,0
actual,1745691184.9216256,394646.8344265506,4438783.292410932,-0.07192332550531186,0
actual,1745691185.02174,394646.8343240348,4438783.2923549805,-0.07191400544710617,0
actual,1745691185.1217217,394646.8347213806,4438783.292621502,-0.07196327609189009,0
actual,1745691185.2216177,394646.83474999806,4438783.292691348,-0.07199497127110614,0
actual,1745691185.3216155,394646.8347792998,4438783.29268015,-0.07195182673199689,0
actual,1745691185.421605,394646.83490415826,4438783.292754533,-0.07193796881773608,0
actual,1745691185.5216846,394646.8350651233,4438783.292792592,-0.07193824807041643,0
actual,1745691185.6216612,394646.83481373044,4438783.292888348,-0.07195994251301877,0
actual,1745691185.7218423,394646.8347759677,4438783.292943271,-0.07197884442881776,0
actual,1745691185.8216588,394646.83501946554,4438783.292814397,-0.07193117948694584,0
actual,1745691185.9216053,394646.83530263766,4438783.29297031,-0.07197685475347056,0
actual,1745691186.0216224,394646.8351916472,4438783.293124566,-0.07206593635849239,0
actual,1745691186.121818,394646.83539325336,4438783.293016863,-0.07190695431692806,0
actual,1745691186.2216258,394646.8354796117,4438783.291090757,-0.07190960721739109,0
actual,1745691186.3216655,394646.8359991469,4438783.290752383,-0.07182118883748508,0
actual,1745691186.4216464,394646.8366695,4438783.290632548,-0.07184276110703983,0
actual,1745691186.5216541,394646.8374493489,4438783.290313962,-0.07184143465680844,0
actual,1745691186.6216445,394646.8346240958,4438783.291488716,-0.07188777314844871,0
actual,1745691186.7216406,394646.834567407,4438783.291575846,-0.07195076208115314,0
actual,1745691186.8217304,394646.8342771527,4438783.291630982,-0.0719407613445394,0
actual,1745691186.921838,394646.8339479873,4438783.291677035,-0.07200774708123074,0
actual,1745691187.0216103,394646.83367261675,4438783.291603107,-0.07192266228019605,0
actual,1745691187.1216056,394646.835283247,4438783.290170161,-0.07192079477789641,0
actual,1745691187.2217638,394646.8356069797,4438783.290093936,-0.07192185942874016,0
actual,1745691187.3215802,394646.83600600413,4438783.289965995,-0.07189522570435476,0
actual,1745691187.4216487,394646.83640863234,4438783.289943624,-0.07190388253744462,0
actual,1745691187.5216138,394646.8367899708,4438783.290017088,-0.07194556099998219,0
actual,1745691187.6216547,394646.8361677148,4438783.290294127,-0.07203757475814741,0
actual,1745691187.7216375,394646.8361248979,4438783.29025604,-0.07201333213483715,0
actual,1745691187.821623,394646.8360904148,4438783.290281251,-0.07204902411804061,0
actual,1745691187.921598,394646.8361393354,4438783.290262097,-0.0720287782987175,0
actual,1745691188.021596,394646.8362479179,4438783.290253772,-0.07199376699392233,0
actual,1745691188.1216264,394646.8362885688,4438783.291434001,-0.07193690416689232,0
actual,1745691188.2215946,394646.83625756967,4438783.2914824635,-0.07194915637824138,0
actual,1745691188.321599,394646.83630877663,4438783.291527309,-0.07194542137364213,0
actual,1745691188.4216437,394646.8364567765,4438783.291611016,-0.07194875495251345,0
actual,1745691188.5216768,394646.8366394322,4438783.29165712,-0.07194290809951916,0
actual,1745691188.6216552,394646.83485009905,4438783.291415755,-0.071979385480886,0
actual,1745691188.7215996,394646.8346107326,4438783.291504468,-0.07201148208583,0
actual,1745691188.8217974,394646.83445486065,4438783.29148633,-0.07196805829404039,0
actual,1745691188.921806,394646.83443496085,4438783.291518023,-0.07195741178560332,0
actual,1745691189.0216238,394646.8344040934,4438783.291514516,-0.07193756739200814,0
actual,1745691189.121617,394646.83542281715,4438783.2923356835,-0.07199149806589476,0
actual,1745691189.2216575,394646.8354960616,4438783.2923139855,-0.07193238376412965,0
actual,1745691189.3216093,394646.83568050957,4438783.292441076,-0.07196008213935882,0
actual,1745691189.4216406,394646.8357962197,4438783.292551014,-0.0719608849908147,0
actual,1745691189.5216005,394646.83603958355,4438783.29254132,-0.07191920652827713,0
actual,1745691189.621651,394646.8366676443,4438783.291949979,-0.07193796881773608,0
actual,1745691189.7215357,394646.8368894658,4438783.292002323,-0.07198045013172975,0
actual,1745691189.8216164,394646.8370499419,4438783.291988637,-0.07195235033077266,0
actual,1745691189.9216568,394646.8372387471,4438783.292048412,-0.07196699364319688,0
actual,1745691190.0216033,394646.83744918136,4438783.292173787,-0.07196713326953694,0
actual,1745691190.1215336,394646.83774404676,4438783.292250822,-0.07197872225577018,0
actual,1745691190.2216072,394646.83574745414,4438783.291023847,-0.07189749463238233,0
actual,1745691190.3216782,394646.83565311274,4438783.291100839,-0.07193491449154511,0
actual,1745691190.4216766,394646.835676086,4438783.291090101,-0.07193184271206167,0
actual,1745691190.5216832,394646.83580215834,4438783.290877724,-0.07186726552973771,0
actual,1745691190.6216373,394646.83603693725,4438783.290639567,-0.07191999192644054,0
actual,1745691190.7217896,394646.8360100661,4438783.290717731,-0.07193397201374893,0
actual,1745691190.821645,394646.8360005812,4438783.290636,-0.07190588966608455,0
actual,1745691190.9216387,394646.83600884693,4438783.290767781,-0.07193969669369565,0
actual,1745691191.021524,394646.8359613999,4438783.290948507,-0.07197406222666747,0
actual,1745691191.1217391,394646.8365108935,4438783.289730318,-0.07200469275503976,0
actual,1745691191.2216618,394646.83668120584,4438783.289619495,-0.0720074852818431,0
actual,1745691191.321737,394646.8369658644,4438783.289409737,-0.0719764533277426,0
actual,1745691191.4217153,394646.83729136054,4438783.289256433,-0.07194995922969727,0
actual,1745691191.5216634,394646.83765037596,4438783.289124098,-0.07196261286677427,0
actual,1745691191.621612,394646.8358087274,4438783.289774458,-0.07197538867689886,0
actual,1745691191.72164,394646.83571695955,4438783.28980199,-0.07199643734767784,0
actual,1745691191.8216124,394646.83566825156,4438783.2897659475,-0.07197245652375547,0
actual,1745691191.9217708,394646.8356621457,4438783.289725755,-0.07195941891424325,0
actual,1745691192.0216067,394646.8356990241,4438783.2897294415,-0.07196140858959046,0
actual,1745691192.1215913,394646.835721879,4438783.289692458,-0.07196207181470628,0
actual,1745691192.2216692,394646.8349317522,4438783.290353251,-0.07198963056359514,0
actual,1745691192.321635,394646.83496348944,4438783.29043044,-0.07197020504902038,0
actual,1745691192.4216084,394646.83503527916,4438783.290521327,-0.07197325937521135,0
actual,1745691192.5216074,394646.8351045804,4438783.29066677,-0.07199856664936535,0
actual,1745691192.6216912,394646.8360462872,4438783.29009598,-0.07200121954982838,0
actual,1745691192.7217133,394646.83620089525,4438783.2900972385,-0.0719708682741362,0
actual,1745691192.8216596,394646.83637885796,4438783.290086634,-0.07189896070895402,0
actual,1745691192.9216225,394646.8365717777,4438783.29016031,-0.07190920579166316,0
actual,1745691193.0215943,394646.83679953334,4438783.29020575,-0.07189189212548343,0
actual,1745691193.1216211,394646.8348175887,4438783.289679835,-0.07192425052981556,0
actual,1745691193.221593,394646.83479855687,4438783.289651033,-0.07191426724649407,0
actual,1745691193.3216445,394646.8347532286,4438783.289619656,-0.07194383312402285,0
actual,1745691193.4216688,394646.83476025204,4438783.289534687,-0.07187937811474673,0
actual,1745691193.521813,394646.8348469978,4438783.289400298,-0.07182078741175714,0
actual,1745691193.621611,394646.83587646106,4438783.291652661,-0.07190733828936352,0
actual,1745691193.7216418,394646.83603615867,4438783.291817944,-0.0719258562327273,0
actual,1745691193.821632,394646.83619027433,4438783.291862856,-0.0718907053015921,0
actual,1745691193.9216318,394646.83631252253,4438783.291933308,-0.07190733828936352,0
actual,1745691194.0216258,394646.83648196154,4438783.292025546,-0.07188484099530532,0
actual,1745691194.1216466,394646.8345224506,4438783.291762658,-0.07188271169361805,0
actual,1745691194.2216065,394646.8345043315,4438783.291659183,-0.07186953445776553,0
actual,1745691194.3217626,394646.83448832924,4438783.291639031,-0.07187272841029656,0
actual,1745691194.421608,394646.8345120057,4438783.291541259,-0.0718550133183889,0
actual,1745691194.52154,394646.83458068455,4438783.291417379,-0.07184276110703983,0
actual,1745691194.6216166,394646.83520667197,4438783.292142481,-0.07199043341505101,0
actual,1745691194.7216206,394646.83525871957,4438783.292155703,-0.0719743240260551,0
actual,1745691194.8216517,394646.8352671969,4438783.292167098,-0.07194742850228181,0
actual,1745691194.9216053,394646.8353191026,4438783.29217417,-0.0719249312082236,0
actual,1745691195.0216763,394646.83546345634,4438783.292165892,-0.07191133509335067,0
actual,1745691195.1216815,394646.8339022201,4438783.29023155,-0.07191639654818158,0
actual,1745691195.2216375,394646.83386204,4438783.290066502,-0.07189363745473548,0
actual,1745691195.3216946,394646.8338326674,4438783.289885614,-0.0718787148896309,0
actual,1745691195.421643,394646.83389256726,4438783.2897027,-0.07191201577175897,0
actual,1745691195.521625,394646.8339862868,4438783.28948703,-0.07191081149457515,0
actual,1745691195.6218066,394646.83402171795,4438783.290814826,-0.07194636385143831,0
actual,1745691195.7217834,394646.83407205465,4438783.290830682,-0.07195502068452816,0
actual,1745691195.8216016,394646.8341817475,4438783.29083037,-0.07194023774576365,0
actual,1745691195.9215968,394646.8343620565,4438783.290840297,-0.07195128567992891,0
actual,1745691196.0218093,394646.8345445593,4438783.290821838,-0.07190733828936352,0
actual,1745691196.1217077,394646.8347588914,4438783.29085831,-0.07190842039349976,0
actual,1745691196.2216423,394646.8345589787,4438783.291669545,-0.0719422274211111,0
actual,1745691196.3216436,394646.83475683385,4438783.291711669,-0.07192985303671445,0
actual,1745691196.421671,394646.83493964234,4438783.291754715,-0.07189855928322608,0
actual,1745691196.5217068,394646.8351711513,4438783.291864264,-0.0719188051025492,0
actual,1745691196.621644,394646.8348197642,4438783.29137001,-0.07198884516543173,0
actual,1745691196.721628,394646.83492232446,4438783.291312364,-0.07196514359418972,0
actual,1745691196.8216166,394646.83512489754,4438783.291288068,-0.07192278445324386,0
actual,1745691196.921661,394646.83526422316,4438783.291259938,-0.07187019768288111,0
actual,1745691197.0216424,394646.83539477334,4438783.291318865,-0.07188644669821732,0
actual,1745691197.1216424,394646.8359733958,4438783.291231343,-0.07195901748851506,0
actual,1745691197.2215998,394646.83622151345,4438783.291175461,-0.0719286487595304,0
actual,1745691197.321787,394646.8365296079,4438783.291177431,-0.07193025446244239,0
actual,1745691197.4216425,394646.83682003716,4438783.291216246,-0.0719307780612179,0
actual,1745691197.521632,394646.83718035015,4438783.291254591,-0.0719591396615629,0
actual,1745691197.6216216,394646.8353119741,4438783.29174035,-0.0719843073093766,0
actual,1745691197.721618,394646.83533399965,4438783.291807007,-0.07197858262943013,0
actual,1745691197.8216178,394646.8353158867,4438783.291897898,-0.07198364408426078,0
actual,1745691197.921821,394646.83528037625,4438783.2919311365,-0.07201361138751751,0
actual,1745691198.0216687,394646.83535958396,4438783.291841553,-0.07195182673199689,0
actual,1745691198.1216657,394646.8352512357,4438783.29061694,-0.07196873897244868,0
actual,1745691198.2216444,394646.8352527236,4438783.29064377,-0.07196819792038069,0
actual,1745691198.3217065,394646.83534958446,4438783.290635924,-0.07196647004442111,0
actual,1745691198.4216764,394646.8355113548,4438783.290476645,-0.07190695431692806,0
actual,1745691198.5216353,394646.83558684896,4438783.2904057605,-0.07191520972428998,0
actual,1745691198.6217139,394646.83475620474,4438783.289952215,-0.07200322667846808,0
actual,1745691198.7216485,394646.834802503,4438783.2899266975,-0.0720250607474107,0
actual,1745691198.8216302,394646.83486705116,4438783.289874487,-0.07206047347793355,0
actual,1745691198.9216244,394646.8349239243,4438783.289812257,-0.07203185007820094,0
actual,1745691199.0216458,394646.8349462176,4438783.289682233,-0.07201786999089253,0
actual,1745691199.1216848,394646.8364462815,4438783.290246767,-0.07196048356508676,0
actual,1745691199.221683,394646.8365907059,4438783.2903190665,-0.07196500396784943,0
actual,1745691199.3216097,394646.83674040507,4438783.290359803,-0.07198243980707697,0
actual,1745691199.4216633,394646.8368752761,4438783.290384949,-0.07196886114549651,0
actual,1745691199.5216541,394646.8370738609,4438783.290414788,-0.07193824807041643,0
actual,1745691199.621606,394646.8339750235,4438783.289398703,-0.0719576735849912,0
actual,1745691199.7216566,394646.8337808955,4438783.2893979605,-0.0719476903016697,0
actual,1745691199.8216643,394646.8335719026,4438783.289382882,-0.07194650347777835,0
actual,1745691199.9217763,394646.83344629064,4438783.289391128,-0.07194009811942359,0
actual,1745691200.0216284,394646.8333505497,4438783.289442104,-0.07193238376412965,0
actual,1745691200.1216831,394646.8350177652,4438783.288883842,-0.07195289138284065,0
actual,1745691200.2216144,394646.8351771841,4438783.288825296,-0.07195369423429653,0
actual,1745691200.3215759,394646.8354066541,4438783.288783408,-0.07193903346857983,0
actual,1745691200.4215982,394646.83567596896,4438783.288751893,-0.07190934541800346,0
actual,1745691200.5216284,394646.8359274666,4438783.288733711,-0.0719427684731791,0
actual,1745691200.6215951,394646.8369506327,4438783.288186585,-0.07188443956957738,0
actual,1745691200.7217433,394646.83737867104,4438783.288012119,-0.07185328544242932,0
actual,1745691200.8216105,394646.8379461268,4438783.287819965,-0.071842097881924,0
actual,1745691200.9216723,394646.8386553519,4438783.287693883,-0.07183942752816849,0
actual,1745691201.0216086,394646.8392469742,4438783.28754119,-0.07185555437045689,0
actual,1745691201.1216524,394646.834377134,4438783.288719164,-0.07186579945316628,0
actual,1745691201.2215722,394646.8339914352,4438783.288704908,-0.07184129503046813,0
actual,1745691201.3217027,394646.833726593,4438783.28865595,-0.07184955043783005,0
actual,1745691201.4216182,394646.8335759763,4438783.288510684,-0.07178204110236297,0
actual,1745691201.5215843,394646.8335147161,4438783.288517073,-0.07181640663533478,0
actual,1745691201.6216195,394646.83634839207,4438783.288654404,-0.0718401082065768,0
actual,1745691201.721678,394646.836572575,4438783.288582297,-0.07180254872107396,0
actual,1745691201.821626,394646.8368202101,4438783.288578267,-0.07178724218353393,0
actual,1745691201.921604,394646.83693058044,4438783.288594152,-0.07178764360926186,0
actual,1745691202.021612,394646.83724432444,4438783.288508542,-0.07172612075312912,0
actual,1745691202.1216226,394646.83771105687,4438783.288479536,-0.07174702979756806,0
actual,1745691202.2215848,394646.83663559414,4438783.289212016,-0.07180493982214911,0
actual,1745691202.3215852,394646.83694081317,4438783.289262015,-0.07177366352195347,0
actual,1745691202.421591,394646.83727888006,4438783.289374759,-0.07180853520040832,0
actual,1745691202.5216923,394646.8375443306,4438783.289454548,-0.07178883043315319,0
actual,1745691202.6216466,394646.83705522044,4438783.289716799,-0.0720033488515159,0
actual,1745691202.7216053,394646.8368169219,4438783.289705459,-0.07196900077183656,0
actual,1745691202.8217833,394646.8365901708,4438783.289741616,-0.07193837024346401,0
actual,1745691202.9216268,394646.83637580887,4438783.289804567,-0.07194343169829491,0
actual,1745691203.0215852,394646.83629942604,4438783.289839829,-0.07191573332306575,0
actual,1745691203.121596,394646.83516386815,4438783.290798156,-0.0719442345497508,0
actual,1745691203.2217417,394646.83518682764,4438783.290763864,-0.07189403888046342,0
actual,1745691203.3216238,394646.8352396823,4438783.290829393,-0.07190588966608455,0
actual,1745691203.4216037,394646.83529354347,4438783.290892105,-0.07187606198916788,0
actual,1745691203.5216413,394646.8353958132,4438783.290902865,-0.0718765855879434,0
actual,1745691203.6217065,394646.83532398625,4438783.291691993,-0.07191573332306575,0
actual,1745691203.7216706,394646.835404536,4438783.2918215785,-0.07192199905508047,0
actual,1745691203.8216424,394646.835526651,4438783.29187651,-0.07189163032609555,0
actual,1745691203.9215996,394646.8356288994,4438783.291948034,-0.07191774045170544,0
actual,1745691204.021684,394646.83573240676,4438783.292002669,-0.07188231026789012,0
actual,1745691204.121648,394646.8358976257,4438783.292092928,-0.07189030387586416,0
actual,1745691204.221673,394646.83531245287,4438783.2906291615,-0.07191426724649407,0
actual,1745691204.3216293,394646.83535532246,4438783.290478504,-0.07189735500604227,0
actual,1745691204.4216213,394646.83544528694,4438783.290283629,-0.07188883779929246,0
actual,1745691204.5215442,394646.8356569939,4438783.290007654,-0.0718219916889412,0
actual,1745691204.6216338,394646.83595366194,4438783.289891522,-0.07183996858023674,0
actual,1745691204.7215946,394646.8349229661,4438783.291968455,-0.07190641326486007,0
actual,1745691204.8216662,394646.83491061034,4438783.292002299,-0.07190934541800346,0
actual,1745691204.9217591,394646.834867571,4438783.29211021,-0.07192105657728429,0
actual,1745691205.021648,394646.834841233,4438783.292215577,-0.07196126896325016,0
actual,1745691205.121754,394646.8348101309,4438783.292237662,-0.07192746193563906,0
actual,1745691205.2216425,394646.83480097295,4438783.292231378,-0.07193983632003571,0
actual,1745691205.3215446,394646.83485541237,4438783.292300811,-0.07198324265853284,0
actual,1745691205.4216099,394646.8348409814,4438783.292272655,-0.07195701035987538,0
actual,1745691205.5217104,394646.83479888097,4438783.292398259,-0.0719744636523954,0
actual,1745691205.6216886,394646.83532064804,4438783.292789515,-0.07198830411336375,0
actual,1745691205.7216406,394646.8353770856,4438783.292628552,-0.07193238376412965,0
actual,1745691205.821764,394646.8354559157,4438783.292662082,-0.07193997594637601,0
actual,1745691205.9216409,394646.83556794876,4438783.292817163,-0.07198484836144459,0
actual,1745691206.0216432,394646.83566920646,4438783.292707065,-0.071933570588021,0
actual,1745691206.1216328,394646.83582542103,4438783.292665466,-0.07191081149457515,0
actual,1745691206.221605,394646.83475234755,4438783.29235259,-0.07195116350688108,0
actual,1745691206.3217142,394646.8347427348,4438783.292238154,-0.07189976356040989,0
actual,1745691206.4216216,394646.83479980304,4438783.2921591215,-0.07188244989423018,0
actual,1745691206.5216076,394646.8349623735,4438783.292119573,-0.07186780658180596,0
actual,1745691206.6216195,394646.83420577255,4438783.292770027,-0.0720265268239824,0
actual,1745691206.7216473,394646.83431992953,4438783.292733982,-0.0720129481624017,0
actual,1745691206.8215115,394646.8344933952,4438783.292615426,-0.07202226822060738,0
actual,1745691206.9216082,394646.8347463013,4438783.292490005,-0.07202293144572319,0
actual,1745691207.021639,394646.83515996486,4438783.292455001,-0.07203970405983492,0
actual,1745691207.1216292,394646.83263719553,4438783.292458961,-0.07201600248859291,0
actual,1745691207.2216427,394646.83274869045,4438783.292264655,-0.07194542137364213,0
actual,1745691207.3216696,394646.8330614567,4438783.292296588,-0.0719759297289671,0
actual,1745691207.4217937,394646.83335869375,4438783.292158017,-0.07197126969986413,0
actual,1745691207.5215714,394646.83366030833,4438783.291953205,-0.07199362736758229,0
actual,1745691207.6215966,394646.8321584647,4438783.292461578,-0.07202026109196769,0
actual,1745691207.7216835,394646.83208250767,4438783.292512339,-0.07201333213483715,0
actual,1745691207.8216314,394646.8320374819,4438783.292487192,-0.07197113007352408,0
actual,1745691207.9218073,394646.8320970173,4438783.292580347,-0.07192812516075488,0
actual,1745691208.0216646,394646.83228444913,4438783.2927092025,-0.07197273577643583,0
actual,1745691208.1216364,394646.83314281906,4438783.291619215,-0.07200308705212802,0
actual,1745691208.2216244,394646.83342922013,4438783.291421743,-0.07193917309491989,0
actual,1745691208.3216639,394646.83377120167,4438783.291255749,-0.07191386582076613,0
actual,1745691208.421639,394646.8340917077,4438783.2911997065,-0.07192651945784313,0
actual,1745691208.5218694,394646.83440917946,4438783.291078223,-0.07192306370592398,0
actual,1745691208.6218507,394646.83471626765,4438783.290940077,-0.07193491449154511,0
actual,1745691208.721822,394646.83379972744,4438783.292281333,-0.07197245652375547,0
actual,1745691208.8216114,394646.8337360961,4438783.292357996,-0.07198683803679205,0
actual,1745691208.921682,394646.83362280304,4438783.292396257,-0.07199057304139131,0
actual,1745691209.0216281,394646.83349647827,4438783.292476397,-0.07201640391432085,0
actual,1745691209.1216075,394646.83491466806,4438783.293086556,-0.07197952510722605,0
actual,1745691209.2216432,394646.8350477229,4438783.2931590695,-0.07203185007820094,0
actual,1745691209.321533,394646.8351581975,4438783.293173096,-0.07201867284234842,0
actual,1745691209.4215896,394646.83531358716,4438783.293132866,-0.07199563449622197,0
actual,1745691209.5216033,394646.83554720343,4438783.293117778,-0.07200148134921627,0
actual,1745691209.6215906,394646.8356190938,4438783.292449927,-0.07196460254212148,0
actual,1745691209.7215974,394646.83571592934,4438783.2922741175,-0.07193957452064807,0
actual,1745691209.8216326,394646.8358750009,4438783.292116798,-0.07196060573813458,0
actual,1745691209.9216151,394646.83603006625,4438783.292026286,-0.07196900077183656,0
actual,1745691210.0217488,394646.8361628247,4438783.291855664,-0.07197311974887129,0
actual,1745691210.1217477,394646.8349258518,4438783.291424691,-0.07195475888514029,0
actual,1745691210.2216654,394646.83499521145,4438783.291294765,-0.07193517629093299,0
actual,1745691210.3216558,394646.8351138252,4438783.291134244,-0.07193091768755797,0
actual,1745691210.421804,394646.8352845105,4438783.29102067,-0.07195315318222853,0
actual,1745691210.5216603,394646.8354238771,4438783.290844731,-0.07190920579166316,0
actual,1745691210.6216369,394646.8345678997,4438783.2911717575,-0.0719350366645927,0
actual,1745691210.7216015,394646.8346519546,4438783.291162229,-0.07196100716386253,0
actual,1745691210.8216782,394646.8347338338,4438783.29116343,-0.07197311974887129,0
actual,1745691210.9216878,394646.8348269975,4438783.291161415,-0.07194090097087946,0
actual,1745691211.0216265,394646.83501765685,4438783.291124711,-0.07189749463238233,0
actual,1745691211.1216161,394646.8348750664,4438783.290595886,-0.07190042678552572,0
actual,1745691211.2218623,394646.8349643987,4438783.290543592,-0.07193250593717748,0
actual,1745691211.3216944,394646.8351000653,4438783.290424952,-0.07190508681462843,0
actual,1745691211.421634,394646.8353244852,4438783.290314241,-0.07189136852670792,0
actual,1745691211.5216796,394646.83566136373,4438783.2902386235,-0.0718484857869863,0
actual,1745691211.6216965,394646.834586851,4438783.291058137,-0.0719488945788535,0
actual,1745691211.7216327,394646.83463289734,4438783.290998017,-0.07194556099998219,0
actual,1745691211.8216074,394646.83456620155,4438783.291089584,-0.07196580681930555,0
actual,1745691211.9216406,394646.83438749076,4438783.29120218,-0.07197832083004224,0
actual,1745691212.0217905,394646.8341236869,4438783.291215228,-0.07197858262943013,0
actual,1745691212.121636,394646.83389709203,4438783.291298385,-0.0719784604563823,0
actual,1745691212.2216232,394646.83477371256,4438783.289338563,-0.07198737908886005,0
actual,1745691212.3217702,394646.8351138227,4438783.289163886,-0.07195222815772483,0
actual,1745691212.4216473,394646.8355480806,4438783.288999858,-0.07192065515155635,0
actual,1745691212.5216162,394646.83601744135,4438783.288900428,-0.07197139187291171,0
actual,1745691212.6216292,394646.8336785313,4438783.288963099,-0.07198125298318564,0
actual,1745691212.7218204,394646.83366408164,4438783.288819387,-0.07196339826493767,0
actual,1745691212.8216805,394646.83371200063,4438783.288690976,-0.07195795283767155,0
actual,1745691212.921702,394646.8337993353,4438783.288540105,-0.07197233435070789,0
actual,1745691213.0216384,394646.8337943624,4438783.2883525435,-0.07193065588817033,0
actual,1745691213.1216276,394646.83294895134,4438783.290390846,-0.07196592899235311,0
actual,1745691213.2216263,394646.8328527927,4438783.290481318,-0.07196301429250221,0
actual,1745691213.3216362,394646.8327403363,4438783.290509609,-0.07194969743030963,0
actual,1745691213.421596,394646.8325951103,4438783.2905359175,-0.07190348111171668,0
actual,1745691213.5216646,394646.83249674214,4438783.290735,-0.07189110672732003,0
actual,1745691213.6218686,394646.833271309,4438783.290602589,-0.07192559443333943,0
actual,1745691213.7216377,394646.8333259627,4438783.290376321,-0.07187005805654105,0
actual,1745691213.8217833,394646.833679594,4438783.290492919,-0.07187831346390297,0
actual,1745691213.921593,394646.83409391507,4438783.290290067,-0.07187977954047467,0
actual,1745691214.0216064,394646.8344485604,4438783.289974437,-0.07178218072870302,0
actual,1745691214.1216044,394646.8326434068,4438783.292029168,-0.07195248995711272,0
actual,1745691214.221601,394646.8324629336,4438783.29225913,-0.07198099118379775,0
actual,1745691214.321691,394646.8323187475,4438783.29241118,-0.07198177658196114,0
actual,1745691214.4216044,394646.83224834997,4438783.292678298,-0.07199244054369094,0
actual,1745691214.5216866,394646.83218335273,4438783.292841448,-0.07197605190201467,0
actual,1745691214.621878,394646.8339553528,4438783.291141691,-0.07195568390964374,0
actual,1745691214.7216606,394646.83415506256,4438783.291118216,-0.07196167038897809,0
actual,1745691214.8215914,394646.8343583783,4438783.290998487,-0.07193850986980432,0
actual,1745691214.921611,394646.83461553394,4438783.2908165855,-0.07192798553441482,0
actual,1745691215.0217905,394646.8348627153,4438783.290750931,-0.07194995922969727,0
actual,1745691215.1218033,394646.8345699691,4438783.291551405,-0.07196261286677427,0
actual,1745691215.2216175,394646.83481040853,4438783.291533278,-0.07200216202762456,0
actual,1745691215.3217456,394646.83511776227,4438783.29140918,-0.07194955780396933,0
actual,1745691215.4216697,394646.83539393387,4438783.291279372,-0.0719251930076115,0
actual,1745691215.5216424,394646.8357041733,4438783.29124593,-0.0719287883858707,0
actual,1745691215.6216278,394646.83339215757,4438783.291398169,-0.07199031124200343,0
actual,1745691215.7216227,394646.83332898206,4438783.291352739,-0.07195714998621543,0
actual,1745691215.8216934,394646.83336672676,4438783.291388796,-0.07197832083004224,0
actual,1745691215.9217625,394646.8334342252,4438783.2914126115,-0.071979385480886,0
actual,1745691216.021587,394646.8335113965,4438783.2913914705,-0.07198565121290071,0
actual,1745691216.1217031,394646.8341891706,4438783.290870048,-0.07198191620830145,0
actual,1745691216.2216368,394646.83434260264,4438783.290831867,-0.07198657623740418,0
actual,1745691216.3216176,394646.83450879814,4438783.290780045,-0.0719968213201133,0
actual,1745691216.4216003,394646.8346348244,4438783.290725114,-0.07200800888061862,0
actual,1745691216.5216026,394646.8348173644,4438783.290647653,-0.07199097446711925,0
actual,1745691216.621631,394646.83369993954,4438783.291151859,-0.07197912368149811,0
actual,1745691216.7216177,394646.83378070913,4438783.291201542,-0.07196140858959046,0
actual,1745691216.8216162,394646.8338768225,4438783.291326883,-0.07197964728027363,0
actual,1745691216.9216397,394646.8339970843,4438783.291439404,-0.07197685475347056,0
actual,1745691217.021606,394646.8341970663,4438783.291579718,-0.07199350519453446,0
actual,1745691217.1216114,394646.8350009408,4438783.291662699,-0.0719562075084195,0
actual,1745691217.2216341,394646.8349848415,4438783.291760027,-0.07193837024346401,0
actual,1745691217.321643,394646.83494973637,4438783.29188927,-0.07193344841497341,0
actual,1745691217.4216573,394646.83504476165,4438783.291985483,-0.0719005489585733,0
actual,1745691217.5216537,394646.8352901697,4438783.292059361,-0.07193198233840171,0
actual,1745691217.6217635,394646.8334400861,4438783.291771047,-0.07196247324043421,0
actual,1745691217.7218673,394646.8333194847,4438783.291765793,-0.07196100716386253,0
actual,1745691217.821569,394646.8331957197,4438783.291736462,-0.07194463597547873,0
actual,1745691217.9216168,394646.833142877,4438783.29168545,-0.07194049954515153,0
actual,1745691218.0216234,394646.8331419341,4438783.291623913,-0.0719488945788535,0
actual,1745691218.1215937,394646.8325844944,4438783.292843016,-0.07194915637824138,0
actual,1745691218.2216265,394646.83256237465,4438783.292940714,-0.07198378371060109,0
actual,1745691218.32162,394646.8325516392,4438783.293007876,-0.07197339900155164,0
actual,1745691218.4217432,394646.8325776846,4438783.293057346,-0.07198577338594829,0
actual,1745691218.5217519,394646.83261266974,4438783.293078337,-0.07199017161566337,0
actual,1745691218.6216366,394646.83366616967,4438783.292415978,-0.07196060573813458,0
actual,1745691218.7216094,394646.8337171427,4438783.292357397,-0.0719237269310398,0
actual,1745691218.8215966,394646.83382528485,4438783.292292166,-0.07190414433683251,0
actual,1745691218.921616,394646.8339849409,4438783.292255765,-0.07191227757114685,0
actual,1745691219.0216336,394646.834216357,4438783.292214652,-0.07189695358031434,0
actual,1745691219.1216047,394646.833181483,4438783.2921920605,-0.07192891055891827,0
actual,1745691219.2216768,394646.83319169923,4438783.292121257,-0.0719222608544681,0
actual,1745691219.3216147,394646.83328276285,4438783.292040307,-0.07191213794480654,0
actual,1745691219.4215903,394646.83338632825,4438783.291916816,-0.0718907053015921,0
actual,1745691219.521693,394646.8334873864,4438783.291746058,-0.07190494718828838,0
actual,1745691219.6216729,394646.8344615438,4438783.292417905,-0.07193425126642929,0
actual,1745691219.7216766,394646.8346715139,4438783.292457717,-0.07193477486520505,0
actual,1745691219.8217146,394646.8348850094,4438783.292451075,-0.07193212196474202,0
actual,1745691219.9218385,394646.8351487109,4438783.292386783,-0.07191480829856205,0
actual,1745691220.0216973,394646.8354782363,4438783.292363354,-0.0719261180321152,0
actual,1745691220.1216621,394646.8346053222,4438783.292884666,-0.07201280853606164,0
actual,1745691220.2216783,394646.83468194795,4438783.292957456,-0.07203237367697646,0
actual,1745691220.3217638,394646.8348084313,4438783.2929084,-0.0719807119311174,0
actual,1745691220.421647,394646.83496301516,4438783.292903943,-0.07201320996178957,0
actual,1745691220.5216463,394646.8350658269,4438783.292881177,-0.07199017161566337,0
actual,1745691220.6216414,394646.8345539489,4438783.290734868,-0.0719195905007126,0
actual,1745691220.7216942,394646.83459178545,4438783.290546521,-0.07191041006884721,0
actual,1745691220.8216414,394646.83460446727,4438783.290374213,-0.07189588892947057,0
actual,1745691220.9216573,394646.8346006606,4438783.290190487,-0.07190641326486007,0
actual,1745691221.0217817,394646.8345826812,4438783.290019368,-0.07192039335216847,0
actual,1745691221.1216173,394646.83360887656,4438783.290735059,-0.07196434074273385,0
actual,1745691221.2215638,394646.83360183006,4438783.29069142,-0.07194849315312557,0
actual,1745691221.3215988,394646.8336265893,4438783.290625513,-0.07195329280856859,0
actual,1745691221.421593,394646.83366964053,4438783.290528146,-0.07192439015615562,0
actual,1745691221.521665,394646.83368679247,4438783.290412354,-0.0718807220182706,0
actual,1745691221.6218033,394646.83544955414,4438783.29036497,-0.07185208116524551,0
actual,1745691221.7217753,394646.8358428795,4438783.290276853,-0.07183384247456208,0
actual,1745691221.8216357,394646.8362276595,4438783.290179077,-0.07179842974403923,0
actual,1745691221.9216387,394646.8365918563,4438783.290091135,-0.07179602118967136,0
actual,1745691222.0215971,394646.83699322067,4438783.28995883,-0.07174383584503678,0
actual,1745691222.1216166,394646.8374297839,4438783.289855713,-0.07176647276543505,0
actual,1745691222.22159,394646.8349926019,4438783.288541382,-0.07193330878863335,0
actual,1745691222.3216195,394646.83501497994,4438783.288357267,-0.07195795283767155,0
actual,1745691222.4215996,394646.8350506022,4438783.288168978,-0.07192824733380246,0
actual,1745691222.5216258,394646.83502358355,4438783.28791783,-0.0719363805681168,0
actual,1745691222.6216521,394646.8325246651,4438783.290687336,-0.07193371021436129,0
actual,1745691222.7216473,394646.8325675543,4438783.2908076,-0.07194596242571037,0
actual,1745691222.821595,394646.83244932606,4438783.290808106,-0.07188325274568605,0
actual,1745691222.921623,394646.83214498986,4438783.290937271,-0.07185489114534106,0
actual,1745691223.0216312,394646.83188032586,4438783.291079529,-0.07186993588349347,0
actual,1745691223.1217003,394646.83369944466,4438783.289372708,-0.07193437343947712,0
actual,1745691223.2216141,394646.834036557,4438783.289110004,-0.07189882108261397,0
actual,1745691223.321658,394646.8343343723,4438783.288908584,-0.07192918981159864,0
actual,1745691223.421698,394646.8345857134,4438783.28864718,-0.0719363805681168,0
actual,1745691223.521631,394646.8349367219,4438783.288342428,-0.07192199905508047,0
actual,1745691223.6215472,394646.83367919765,4438783.291169471,-0.07198818194031592,0
actual,1745691223.7217534,394646.83371406666,4438783.2912814915,-0.07196819792038069,0
actual,1745691223.8216434,394646.83379068837,4438783.291403642,-0.07195847643644707,0
actual,1745691223.9216313,394646.8338824905,4438783.291493039,-0.07192065515155635,0
actual,1745691224.021591,394646.83405405504,4438783.291647608,-0.07192439015615562,0
actual,1745691224.1216655,394646.833716237,4438783.291936978,-0.07195594570903162,0
actual,1745691224.2216148,394646.8337418325,4438783.291983184,-0.07195116350688108,0
actual,1745691224.321601,394646.83378299646,4438783.291957497,-0.07191520972428998,0
actual,1745691224.4216695,394646.8338812267,4438783.291919079,-0.07188550422042114,0
actual,1745691224.5216527,394646.8339477014,4438783.29193112,-0.07188231026789012,0
actual,1745691224.6216195,394646.8353556985,4438783.294083664,-0.07190215466148529,0
actual,1745691224.7215807,394646.8357885986,4438783.294393093,-0.07192065515155635,0
actual,1745691224.8216236,394646.83625011833,4438783.29467283,-0.07192758410868663,0
actual,1745691224.9216104,394646.8367116606,4438783.294928661,-0.07188857599990459,0
actual,1745691225.021601,394646.83723778377,4438783.295216144,-0.07187192555884069,0
actual,1745691225.1215959,394646.8345637114,4438783.292379466,-0.07193437343947712,0
actual,1745691225.22165,394646.83476604975,4438783.292286668,-0.07199376699392233,0
actual,1745691225.3216085,394646.83508262294,4438783.292044065,-0.07197912368149811,0
actual,1745691225.4216225,394646.83522681735,4438783.291712802,-0.07190920579166316,0
actual,1745691225.521617,394646.83506965695,4438783.291639408,-0.07191267899687478,0
actual,1745691225.621734,394646.83494740515,4438783.292519781,-0.07197912368149811,0
actual,1745691225.7215736,394646.8348272328,4438783.292407613,-0.07197472545178303,0
actual,1745691225.8216066,394646.8347594346,4438783.292235976,-0.07195954108729083,0
actual,1745691225.9215996,394646.8347996896,4438783.292076945,-0.07197565047628673,0
actual,1745691226.0216312,394646.8350375053,4438783.291876226,-0.07196592899235311,0
actual,1745691226.1216753,394646.83427561936,4438783.291279292,-0.07190494718828838,0
actual,1745691226.2216187,394646.83437971,4438783.291145824,-0.07193304698924548,0
actual,1745691226.3216264,394646.834405693,4438783.290972268,-0.07193690416689232,0
actual,1745691226.4216847,394646.8344662591,4438783.290770474,-0.07193451306581718,0
actual,1745691226.5216267,394646.8345048603,4438783.290546282,-0.07186780658180596,0
actual,1745691226.621614,394646.8341057091,4438783.290791818,-0.07194863277946588,0
actual,1745691226.7216525,394646.83404928946,4438783.290703064,-0.07190842039349976,0
actual,1745691226.8216238,394646.8340087625,4438783.290547795,-0.07187911631535884,0
actual,1745691226.9215178,394646.8339576884,4438783.290459038,-0.07188457919591769,0
actual,1745691227.0215993,394646.8339152477,4438783.2903408315,-0.07187246661090867,0
actual,1745691227.121599,394646.8347505001,4438783.288329935,-0.07192571660638701,0
actual,1745691227.221635,394646.83475055604,4438783.288154081,-0.07193250593717748,0
actual,1745691227.3216252,394646.83475064335,4438783.287997113,-0.07189522570435476,0
actual,1745691227.4216237,394646.83481395326,4438783.2878342355,-0.07189789605811027,0
actual,1745691227.5217075,394646.8348872586,4438783.287583094,-0.07186487442866257,0
actual,1745691227.621641,394646.83487197844,4438783.287299349,-0.07185874832298815,0
actual,1745691227.721626,394646.83493618015,4438783.287015933,-0.07183410427394997,0
actual,1745691227.8216345,394646.83506429207,4438783.286714811,-0.07186539802743809,0
actual,1745691227.9216769,394646.8352385826,4438783.286365732,-0.07185141794012968,0
actual,1745691228.021685,394646.83543766197,4438783.286037991,-0.0718676669554659,0
actual,1745691228.1215477,394646.83423686237,4438783.288963949,-0.07196233361409392,0
actual,1745691228.2216566,394646.8342481655,4438783.28895365,-0.07194610205205042,0
actual,1745691228.3216555,394646.8343469073,4438783.28891668,-0.07192171980240011,0
actual,1745691228.4216201,394646.83450825716,4438783.288858613,-0.07195341498161617,0
actual,1745691228.5216017,394646.83462151093,4438783.288806672,-0.07194941817762927,0
actual,1745691228.621682,394646.83320705604,4438783.290271158,-0.07194929600458144,0
actual,1745691228.7218194,394646.83305912977,4438783.290250047,-0.07191679797390951,0
actual,1745691228.8217487,394646.83298633405,4438783.290223309,-0.07193184271206167,0
actual,1745691228.9215996,394646.83295482193,4438783.290114932,-0.07191693760024957,0
actual,1745691229.0218098,394646.83289436135,4438783.290023972,-0.07189976356040989,0
actual,1745691229.1216362,394646.83374302817,4438783.290322821,-0.0719708682741362,0
actual,1745691229.221617,394646.8338564905,4438783.290319617,-0.07194742850228181,0
actual,1745691229.32167,394646.8339804453,4438783.290316078,-0.07194742850228181,0
actual,1745691229.4218068,394646.83413579036,4438783.290337207,-0.0719562075084195,0
actual,1745691229.5216098,394646.834346036,4438783.290327444,-0.07196699364319688,0
actual,1745691229.6215916,394646.8344351947,4438783.290904643,-0.07196353789127773,0
actual,1745691229.7215903,394646.8345514343,4438783.290940346,-0.07195847643644707,0
actual,1745691229.821647,394646.8346564919,4438783.291016532,-0.07198551158656041,0
actual,1745691229.9216223,394646.83480990527,4438783.29101066,-0.07195554428330368,0
actual,1745691230.021601,394646.8350037093,4438783.291026734,-0.0719371659662802,0
actual,1745691230.1216125,394646.8349420534,4438783.291484174,-0.07196273503982185,0
actual,1745691230.221604,394646.83497875615,4438783.291481151,-0.07196687147014905,0
actual,1745691230.3217587,394646.83504125074,4438783.291485532,-0.07194676527716624,0
actual,1745691230.4216378,394646.8351381273,4438783.2915177,-0.07192812516075488,0
actual,1745691230.5216188,394646.8352946628,4438783.291527062,-0.071894161053511,0
actual,1745691230.621583,394646.834845144,4438783.292209216,-0.07195116350688108,0
actual,1745691230.7216737,394646.83495316294,4438783.292286889,-0.07193824807041643,0
actual,1745691230.8216133,394646.83510096633,4438783.292369262,-0.07193650274116438,0
actual,1745691230.9220195,394646.8352717627,4438783.292440442,-0.07190667506424796,0
actual,1745691231.0216804,394646.8354687641,4438783.292486546,-0.0718982974838382,0
actual,1745691231.1216478,394646.83486843284,4438783.293501202,-0.07192065515155635,0
actual,1745691231.2216566,394646.834979668,4438783.293601277,-0.07191480829856205,0
actual,1745691231.3218544,394646.8351053238,4438783.293659969,-0.07187951774108678,0
actual,1745691231.4216557,394646.83527304535,4438783.293794422,-0.07189882108261397,0
actual,1745691231.521712,394646.83541538083,4438783.293916557,-0.07188498062164562,0
actual,1745691231.6216853,394646.8347055481,4438783.29298364,-0.07190428396317255,0
actual,1745691231.7216225,394646.8348969263,4438783.292924189,-0.0719197301270529,0
actual,1745691231.8216105,394646.8351117297,4438783.292817518,-0.07189136852670792,0
actual,1745691231.9215844,394646.83528830553,4438783.29274746,-0.07186565982682597,0
actual,1745691232.0216599,394646.8352973747,4438783.292630946,-0.07188829674722448,0
actual,1745691232.1216435,394646.834236658,4438783.294980313,-0.0719781812037022,0
actual,1745691232.221635,394646.8342604431,4438783.295060561,-0.07200495455442765,0
actual,1745691232.32164,394646.8343577639,4438783.295086444,-0.07197605190201467,0
actual,1745691232.4216123,394646.8344029996,4438783.295108745,-0.07200535598015559,0
actual,1745691232.5215921,394646.83447007416,4438783.295162949,-0.0720349044043919,0
actual,1745691232.6216066,394646.8335588727,4438783.293733671,-0.07196167038897809,0
actual,1745691232.7216275,394646.83366846,4438783.2935386235,-0.0719503606554252,0
actual,1745691232.8216343,394646.833654843,4438783.293432276,-0.0720089513584148,0
actual,1745691232.9216883,394646.83358012064,4438783.293206753,-0.0719759297289671,0
actual,1745691233.021611,394646.83360987646,4438783.29300166,-0.07194262884683904,0
actual,1745691233.1216652,394646.83337041776,4438783.294010155,-0.07195980288667846,0
actual,1745691233.221735,394646.83358386054,4438783.293990892,-0.07187100053433698,0
actual,1745691233.3216486,394646.8338240641,4438783.294066426,-0.07191027044250692,0
actual,1745691233.4216058,394646.83404280525,4438783.294104899,-0.0719132025956503,0
actual,1745691233.5216703,394646.8343349608,4438783.294110719,-0.07190773971509147,0
actual,1745691233.621658,394646.8346857391,4438783.291871453,-0.07196845971976858,0
actual,1745691233.721835,394646.8347963219,4438783.291705427,-0.0719968213201133,0
actual,1745691233.8216684,394646.834869298,4438783.2915278645,-0.07202732967543828,0
actual,1745691233.9217103,394646.8349966373,4438783.291317754,-0.07201800961723259,0
actual,1745691234.0216765,394646.8352033556,4438783.29103148,-0.07199509344415397,0
actual,1745691234.1215942,394646.83346600126,4438783.291557245,-0.0719608849908147,0
actual,1745691234.2216325,394646.8333495027,4438783.291526877,-0.0719603439387467,0
actual,1745691234.3216717,394646.8332853009,4438783.291425849,-0.07193983632003571,0
actual,1745691234.4216268,394646.8332802275,4438783.291296719,-0.07192678125723076,0
actual,1745691234.5218086,394646.83325969375,4438783.291188313,-0.07190747791570383,0
actual,1745691234.6216476,394646.8334793172,4438783.289649498,-0.07195755141194361,0
actual,1745691234.7216377,394646.83351222397,4438783.289424014,-0.0719527517565006,0
actual,1745691234.8216321,394646.83357159304,4438783.289215077,-0.0719313191132859,0
actual,1745691234.921597,394646.8336710571,4438783.28899548,-0.07192479158188356,0
actual,1745691235.021606,394646.8338022736,4438783.288729648,-0.07188843637356453,0
actual,1745691235.1216025,394646.834227215,4438783.289243088,-0.07192531518065907,0
actual,1745691235.2215981,394646.834374175,4438783.289173727,-0.07193571734300098,0
actual,1745691235.3215969,394646.83453976805,4438783.289033505,-0.07190588966608455,0
actual,1745691235.4216325,394646.834737862,4438783.288894734,-0.07190948504434351,0
actual,1745691235.5216222,394646.8349640586,4438783.288735996,-0.07191986975339296,0
actual,1745691235.621639,394646.83352169994,4438783.290241332,-0.07196966399695238,0
actual,1745691235.721557,394646.8335325821,4438783.290224079,-0.07193330878863335,0
actual,1745691235.8218644,394646.8334977385,4438783.290243021,-0.071958877862175,0
actual,1745691235.9216454,394646.83351470344,4438783.290190288,-0.07191906690193708,0
actual,1745691236.021843,394646.8335572937,4438783.290155215,-0.07188084419131842,0
actual,1745691236.1219032,394646.83370975556,4438783.289134769,-0.07195968071363089,0
actual,1745691236.2216907,394646.83375277184,4438783.2890168475,-0.07196606861869317,0
actual,1745691236.3217108,394646.83386159927,4438783.288914114,-0.07195194890504447,0
actual,1745691236.4216094,394646.8339261867,4438783.288787753,-0.07194449634913867,0
actual,1745691236.5216503,394646.8340260077,4438783.28866294,-0.07195329280856859,0
actual,1745691236.6216862,394646.83473019185,4438783.289160426,-0.07192758410868663,0
actual,1745691236.7216506,394646.834930225,4438783.28916373,-0.071927322309299,0
actual,1745691236.8216248,394646.8350364513,4438783.289134473,-0.07190388253744462,0
actual,1745691236.9216862,394646.83520012436,4438783.289133925,-0.0719181244241409,0
actual,1745691237.0216987,394646.8354445689,4438783.289084974,-0.07188897742563252,0
actual,1745691237.1216083,394646.8345695003,4438783.289477379,-0.07195301355588823,0
actual,1745691237.2216215,394646.8345679632,4438783.289495252,-0.07196952437061208,0
actual,1745691237.3216536,394646.83466886624,4438783.289494546,-0.07196793612099281,0
actual,1745691237.4216514,394646.8348049028,4438783.289384739,-0.0719407613445394,0
actual,1745691237.5215933,394646.8349033557,4438783.289280682,-0.07193730559262025,0
actual,1745691237.6216114,394646.83477539325,4438783.291360606,-0.07197380042727958,0
actual,1745691237.7215567,394646.8349032281,4438783.291382828,-0.07193877166919195,0
actual,1745691237.821692,394646.8350299479,4438783.29140537,-0.07194104059721952,0
actual,1745691237.921754,394646.8351218181,4438783.291399182,-0.07191999192644054,0
actual,1745691238.021609,394646.83526385,4438783.291367443,-0.07189243317755167,0
actual,1745691238.1216695,394646.8340494014,4438783.291159574,-0.07191760082536539,0
actual,1745691238.2216845,394646.83401616814,4438783.291086428,-0.07190655289120013,0
actual,1745691238.321627,394646.8340037173,4438783.291006548,-0.07189496390496687,0
actual,1745691238.4217117,394646.8340129999,4438783.290850044,-0.07185874832298815,0
actual,1745691238.5219634,394646.83405768574,4438783.290636571,-0.07181600520960683,0
actual,1745691238.6217635,394646.83406740264,4438783.290681129,-0.07190814114081964,0
actual,1745691238.7216344,394646.8341062124,4438783.290576956,-0.07190520898767626,0
actual,1745691238.8216622,394646.8341924291,4438783.290425411,-0.07188178666911435,0
actual,1745691238.921641,394646.8343082211,4438783.29022778,-0.0718765855879434,0
actual,1745691239.0215385,394646.83442308236,4438783.290042168,-0.07186979625715317,0
actual,1745691239.1216314,394646.83454690303,4438783.290022731,-0.07193877166919195,0
actual,1745691239.2216458,394646.8346401733,4438783.289901435,-0.07193290736290542,0
actual,1745691239.3217497,394646.8347810393,4438783.289782742,-0.07193597914238886,0
actual,1745691239.4216635,394646.83494610636,4438783.2896739915,-0.07192959123732658,0
actual,1745691239.521698,394646.8351175502,4438783.28952859,-0.07191280116992237,0
actual,1745691239.6215584,394646.83359473705,4438783.291288528,-0.07194037737210394,0
actual,1745691239.7215915,394646.83364705334,4438783.291320701,-0.07197486507812334,0
actual,1745691239.821606,394646.83370189206,4438783.2912900485,-0.07196261286677427,0
actual,1745691239.9216003,394646.83374209923,4438783.291233675,-0.07195116350688108,0
actual,1745691240.0216618,394646.8338521032,4438783.29120672,-0.07199963130020912,0
actual,1745691240.1216726,394646.83362188993,4438783.290676714,-0.07196779649465275,0
actual,1745691240.2216191,394646.8336750825,4438783.290579656,-0.07194449634913867,0
actual,1745691240.3216686,394646.8337940298,4438783.290496146,-0.0719708682741362,0
actual,1745691240.4217558,394646.83391331625,4438783.290370615,-0.07195582353598404,0
actual,1745691240.5216417,394646.8340378685,4438783.290208804,-0.07193451306581718,0
actual,1745691240.6216257,394646.8337191738,4438783.291252149,-0.07189136852670792,0
actual,1745691240.721611,394646.83376555546,4438783.291309613,-0.07190374291110456,0
actual,1745691240.8216827,394646.83382474934,4438783.291279187,-0.07187019768288111,0
actual,1745691240.9217026,394646.83385799325,4438783.291251995,-0.07185236041792586,0
actual,1745691241.0216172,394646.83391019236,4438783.291214364,-0.07186421120354675,0
actual,1745691241.1215937,394646.83394107944,4438783.292204488,-0.07193624094177675,0
actual,1745691241.2216182,394646.83400720905,4438783.292178582,-0.0719258562327273,0
actual,1745691241.3216364,394646.8341390581,4438783.292158998,-0.0719407613445394,0
actual,1745691241.4215977,394646.8343270687,4438783.292089912,-0.07193557771666093,0
actual,1745691241.5216126,394646.83457292384,4438783.292016867,-0.0719554221102561,0
actual,1745691241.621596,394646.83429431415,4438783.292442914,-0.07198364408426078,0
actual,1745691241.7215583,394646.8344307189,4438783.292410669,-0.07196886114549651,0
actual,1745691241.8216043,394646.8345825989,4438783.292358298,-0.0719608849908147,0
actual,1745691241.9216487,394646.83474725846,4438783.29230719,-0.07194570062632248,0
actual,1745691242.021629,394646.83495110215,4438783.292212343,-0.07194329207195461,0
actual,1745691242.1216767,394646.8351625171,4438783.292102567,-0.07192266228019605,0
actual,1745691242.2216156,394646.83382478077,4438783.292016977,-0.07197006542268032,0
actual,1745691242.3217854,394646.83386421076,4438783.291924264,-0.07193624094177675,0
actual,1745691242.4216056,394646.8339302553,4438783.291838911,-0.07191719939963745,0
actual,1745691242.5216103,394646.8340182828,4438783.291764217,-0.07189922250834191,0
actual,1745691242.6216674,394646.83352366847,4438783.291072012,-0.07193531591727305,0
actual,1745691242.7216678,394646.8335903024,4438783.291012369,-0.07193903346857983,0
actual,1745691242.8216474,394646.8336430765,4438783.290921659,-0.07191573332306575,0
actual,1745691242.9216578,394646.8337521198,4438783.290814556,-0.07189122890036762,0
actual,1745691243.0218055,394646.83389492915,4438783.290679109,-0.0718740548605282,0
actual,1745691243.1216743,394646.8327893173,4438783.291526304,-0.07191840367682126,0
actual,1745691243.2216272,394646.83289925545,4438783.291541616,-0.07195222815772483,0
actual,1745691243.3215902,394646.8329978365,4438783.291515019,-0.07195873823583496,0
actual,1745691243.4217708,394646.8331265708,4438783.291444035,-0.07191147471969073,0
actual,1745691243.521632,394646.8333041668,4438783.291380488,-0.07188737172272078,0
actual,1745691243.6216083,394646.83296784316,4438783.291550999,-0.07191906690193708,0
actual,1745691243.7216485,394646.8329981919,4438783.291485786,-0.07190801896777183,0
actual,1745691243.821857,394646.8330904295,4438783.291426332,-0.07190773971509147,0
actual,1745691243.9216816,394646.8332274282,4438783.291332841,-0.07188883779929246,0
actual,1745691244.021796,394646.8333701767,4438783.2912178505,-0.07186700373035008,0
actual,1745691244.121703,394646.8324597441,4438783.292536501,-0.07195568390964374,0
actual,1745691244.2218723,394646.8325256238,4438783.292534138,-0.07195847643644707,0
actual,1745691244.321663,394646.83257540484,4438783.292497901,-0.07193184271206167,0
actual,1745691244.421646,394646.8326769437,4438783.292464253,-0.0719327851898576,0
actual,1745691244.5216198,394646.8328170375,4438783.292357979,-0.07190787934143177,0
actual,1745691244.6215932,394646.8331935906,4438783.292185008,-0.07196713326953694,0
actual,1745691244.7216294,394646.83331693924,4438783.292059461,-0.07197777977797401,0
actual,1745691244.821697,394646.83352506347,4438783.291887022,-0.07197884442881776,0
actual,1745691244.921629,394646.833770409,4438783.2916573025,-0.07195660893414745,0
actual,1745691245.0216973,394646.8339971879,4438783.291397593,-0.07192479158188356,0
actual,1745691245.1216655,394646.833008713,4438783.291844775,-0.07196420111639354,0
actual,1745691245.221627,394646.83310638985,4438783.29170548,-0.07195076208115314,0
actual,1745691245.3217154,394646.8332135663,4438783.291559571,-0.07196339826493767,0
actual,1745691245.4216225,394646.8333431408,4438783.29141969,-0.07196886114549651,0
actual,1745691245.5216177,394646.8335099172,4438783.291244325,-0.07196779649465275,0
actual,1745691245.6216655,394646.8331012828,4438783.291652463,-0.07195795283767155,0
actual,1745691245.7218053,394646.83309173875,4438783.29162307,-0.07192891055891827,0
actual,1745691245.821716,394646.8331606396,4438783.291581921,-0.07193517629093299,0
actual,1745691245.921626,394646.83322030224,4438783.291473279,-0.07190028715918566,0
actual,1745691246.0217056,394646.83330822235,4438783.291405454,-0.07193198233840171,0
actual,1745691246.1216831,394646.8333187767,4438783.292993829,-0.0720033488515159,0
actual,1745691246.2216456,394646.8334015737,4438783.293046642,-0.07201626428798054,0
actual,1745691246.3216321,394646.83350090316,4438783.293019882,-0.07197512687751098,0
actual,1745691246.4216702,394646.83364178485,4438783.292984605,-0.07196926257122445,0
actual,1745691246.521676,394646.8337958097,4438783.292941469,-0.07196727289587698,0
actual,1745691246.6216633,394646.83280007594,4438783.292028091,-0.07195648676109986,0
actual,1745691246.7216735,394646.8328657505,4438783.291922116,-0.07195835426339948,0
actual,1745691246.8216245,394646.8329628847,4438783.29181847,-0.07197486507812334,0
actual,1745691246.9216235,394646.83303062915,4438783.291674575,-0.0719591396615629,0
actual,1745691247.0216002,394646.83313647436,4438783.29151202,-0.07193238376412965,0
actual,1745691247.1216042,394646.8334262013,4438783.2921186285,-0.071958877862175,0
actual,1745691247.2216587,394646.833544492,4438783.29209061,-0.07197952510722605,0
actual,1745691247.3217669,394646.8336391243,4438783.292011602,-0.07198205583464151,0
actual,1745691247.4217095,394646.8337523382,4438783.291937583,-0.07198764088824793,0
actual,1745691247.521676,394646.8338820689,4438783.291799582,-0.07199230091735065,0
actual,1745691247.6216843,394646.8335624157,4438783.291118781,-0.07198165440891358,0
actual,1745691247.7216434,394646.833580839,4438783.290929603,-0.07197285794948341,0
actual,1745691247.8215325,394646.83366020187,4438783.2907025395,-0.07196060573813458,0
actual,1745691247.9216294,394646.83377102227,4438783.290445087,-0.07196592899235311,0
actual,1745691248.0215993,394646.8338906233,4438783.29014303,-0.07195435745941235,0
actual,1745691248.1217818,394646.8334290467,4438783.291744817,-0.07197165367229959,0
actual,1745691248.2216218,394646.8334635312,4438783.291689969,-0.07195341498161617,0
actual,1745691248.3216,394646.83356241096,4438783.291614519,-0.07196793612099281,0
actual,1745691248.4215622,394646.8336586935,4438783.2915213285,-0.07197512687751098,0
actual,1745691248.521636,394646.83376459026,4438783.291412998,-0.07200268562640008,0
actual,1745691248.6216016,394646.8323752878,4438783.292408294,-0.07198257943341703,0
actual,1745691248.7216058,394646.83236408874,4438783.292400635,-0.07195248995711272,0
actual,1745691248.821595,394646.8323798677,4438783.292402449,-0.07195980288667846,0
actual,1745691248.9216924,394646.8324100466,4438783.292358345,-0.0719637996906656,0
actual,1745691249.0215976,394646.83243721793,4438783.292317716,-0.07197751797858637,0
actual,1745691249.1215541,394646.833341082,4438783.292290674,-0.07194196562172323,0
actual,1745691249.221624,394646.8334403771,4438783.292233186,-0.07195009885603756,0
actual,1745691249.3215866,394646.8335410894,4438783.292116854,-0.07195116350688108,0
actual,1745691249.4215891,394646.8336995475,4438783.291984243,-0.07198243980707697,0
actual,1745691249.5216691,394646.83378930885,4438783.291751403,-0.07194556099998219,0
actual,1745691249.6218028,394646.8338904247,4438783.291479011,-0.07194449634913867,0
actual,1745691249.7215965,394646.8325868472,4438783.292623007,-0.0719538164073441,0
actual,1745691249.8216202,394646.83259682264,4438783.292480761,-0.0719757901026268,0
actual,1745691249.9216511,394646.83259095275,4438783.292256046,-0.0719618100153184,0
actual,1745691250.021665,394646.8325909314,4438783.29198578,-0.07192997520976203,0
actual,1745691250.1216033,394646.8335169867,4438783.292643954,-0.07198950839054756,0
actual,1745691250.2216358,394646.8335972623,4438783.292457749,-0.07196500396784943,0
actual,1745691250.3216171,394646.83370021015,4438783.292255851,-0.07194582279937006,0
actual,1745691250.421637,394646.8338349456,4438783.292006957,-0.07192013155278083,0
actual,1745691250.5216115,394646.8340224933,4438783.291703829,-0.07188803494783659,0
actual,1745691250.6215534,394646.8337175504,4438783.291895191,-0.07191719939963745,0
actual,1745691250.7216272,394646.83379504085,4438783.291779212,-0.07193744521896056,0
actual,1745691250.8215587,394646.8338606859,4438783.291608656,-0.07194343169829491,0
actual,1745691250.9216743,394646.8339770866,4438783.29142915,-0.07192185942874016,0
actual,1745691251.0216503,394646.8341477647,4438783.2912810175,-0.07192971341037416,0
actual,1745691251.1218076,394646.83375654893,4438783.291130052,-0.07195194890504447,0
actual,1745691251.2216775,394646.8337187202,4438783.291003864,-0.07194316989890703,0
actual,1745691251.32161,394646.83374390693,4438783.290912359,-0.0719743240260551,0
actual,1745691251.421702,394646.8337569967,4438783.290692283,-0.07194662565082593,0
actual,1745691251.5218058,394646.8337666025,4438783.290506963,-0.07197058902145584,0
actual,1745691251.6216023,394646.8341310221,4438783.292107141,-0.07200722348245522,0
actual,1745691251.7216172,394646.8341916527,4438783.292083631,-0.07198364408426078,0
actual,1745691251.8215933,394646.8342396242,4438783.292078292,-0.07194582279937006,0
actual,1745691251.9215882,394646.8342684923,4438783.292174541,-0.07195289138284065,0
actual,1745691252.0215688,394646.8344634482,4438783.292147036,-0.0719413023966074,0
actual,1745691252.1216307,394646.83470180124,4438783.292087584,-0.07189004207647628,0
actual,1745691252.2216702,394646.834604669,4438783.292160763,-0.07193425126642929,0
actual,1745691252.3216126,394646.8345415972,4438783.292112182,-0.0719769943798106,0
actual,1745691252.4217086,394646.8347042442,4438783.291886238,-0.0718982974838382,0
actual,1745691252.521643,394646.83484479814,4438783.291860395,-0.07193517629093299,0
actual,1745691252.6215959,394646.8354321725,4438783.292253041,-0.07200561777954347,0
actual,1745691252.721592,394646.835494774,4438783.292042918,-0.07200521635381553,0
actual,1745691252.821616,394646.8355371905,4438783.291813119,-0.07192931198464621,0
actual,1745691252.921595,394646.83543704863,4438783.291712865,-0.07199722274584124,0
actual,1745691253.0216358,394646.8352035432,4438783.291542384,-0.07200760745489068,0
actual,1745691253.1216075,394646.836240418,4438783.292152826,-0.07202598577191416,0
actual,1745691253.221634,394646.8367195254,4438783.292106971,-0.07201746856516435,0
actual,1745691253.3217027,394646.8373639913,4438783.291933436,-0.07194702707655387,0
actual,1745691253.4215922,394646.83787890436,4438783.29188378,-0.07196793612099281,0
actual,1745691253.521617,394646.83809028723,4438783.2918026885,-0.07191520972428998,0
actual,1745691253.621617,394646.8353158685,4438783.293651903,-0.07199003198932308,0
actual,1745691253.721659,394646.83537215425,4438783.293592599,-0.07190428396317255,0
actual,1745691253.82168,394646.8354041162,4438783.293642315,-0.07196420111639354,0
actual,1745691253.9216938,394646.8353341641,4438783.29353395,-0.0718901642495241,0
actual,1745691254.0216572,394646.835391007,4438783.293413331,-0.07190028715918566,0
actual,1745691254.121599,394646.83451404877,4438783.293815411,-0.07192479158188356,0
actual,1745691254.2216206,394646.83459756104,4438783.293831944,-0.0719258562327273,0
actual,1745691254.321609,394646.8347181245,4438783.293803859,-0.07193517629093299,0
actual,1745691254.421603,394646.8348794066,4438783.293644026,-0.07191121292030309,0
actual,1745691254.5216937,394646.83500610996,4438783.293551088,-0.07188231026789012,0
actual,1745691254.6215558,394646.83413092827,4438783.294168239,-0.07197552830323915,0
actual,1745691254.7216568,394646.8341716807,4438783.293994104,-0.07192065515155635,0
actual,1745691254.8217485,394646.8342734176,4438783.293945586,-0.07194636385143831,0
actual,1745691254.9216802,394646.8343696889,4438783.293802169,-0.07192266228019605,0
actual,1745691255.0216641,394646.8344500594,4438783.293677211,-0.07194636385143831,0
actual,1745691255.12164,394646.8343381549,4438783.29446834,-0.07198390588364867,0
actual,1745691255.2216215,394646.8344731933,4438783.294459386,-0.07199842702302531,0
actual,1745691255.3217738,394646.8345882294,4438783.294317595,-0.07195807501071913,0
actual,1745691255.4216158,394646.83472473914,4438783.2942478545,-0.07197006542268032,0
actual,1745691255.5216458,394646.83494101185,4438783.294032078,-0.07198085155745769,0
actual,1745691255.6216438,394646.83514186664,4438783.293776683,-0.07196805829404039,0
actual,1745691255.7216134,394646.8350405711,4438783.294165427,-0.07199643734767784,0
actual,1745691255.8215914,394646.8351453134,4438783.29395738,-0.071927322309299,0
actual,1745691255.9216003,394646.83530061104,4438783.293826129,-0.0719752490505588,0
actual,1745691256.0216327,394646.83548723196,4438783.293601896,-0.07193411164008924,0
actual,1745691256.1217513,394646.8346681745,4438783.294695023,-0.07197193292497996,0
actual,1745691256.221632,394646.83471373806,4438783.294571109,-0.07190109001064153,0
actual,1745691256.3216631,394646.8347241834,4438783.294541776,-0.07195421783307229,0
actual,1745691256.4216282,394646.8347651803,4438783.294423572,-0.07189335820205513,0
actual,1745691256.5216074,394646.8348899961,4438783.294293843,-0.0718990828820016,0
actual,1745691256.6216033,394646.8345001192,4438783.294178425,-0.07194009811942359,0
actual,1745691256.7216067,394646.83442906337,4438783.294088991,-0.07196713326953694,0
actual,1745691256.8215935,394646.83435886225,4438783.293912033,-0.0719576735849912,0
actual,1745691256.9216511,394646.83434376126,4438783.293714884,-0.07197725617919849,0
actual,1745691257.0216632,394646.83435972634,4438783.293456757,-0.07195502068452816,0
actual,1745691257.1219728,394646.83429666795,4438783.2924600085,-0.07194144202294771,0
actual,1745691257.221638,394646.83429288154,4438783.292200837,-0.07192784590807452,0
actual,1745691257.3216443,394646.83426730207,4438783.291926477,-0.07191653617452162,0
actual,1745691257.4216297,394646.83432124974,4438783.291604111,-0.07191599512245339,0
actual,1745691257.521589,394646.8343854682,4438783.2912006555,-0.07186925520508518,0
actual,1745691257.6215968,394646.83466517995,4438783.294176568,-0.07196952437061208,0
actual,1745691257.7216072,394646.8346590007,4438783.294176607,-0.0719056104134042,0
actual,1745691257.8216183,394646.8347113375,4438783.294273103,-0.07195009885603756,0
actual,1745691257.9216087,394646.8348072445,4438783.294255938,-0.07190601183913213,0
actual,1745691258.0215976,394646.83489779045,4438783.294321674,-0.07191679797390951,0
actual,1745691258.1216445,394646.8359131195,4438783.293274039,-0.07199031124200343,0
actual,1745691258.221657,394646.8360891781,4438783.293235689,-0.07202771364787373,0
actual,1745691258.3216465,394646.83628494805,4438783.293108996,-0.07201254673667376,0
actual,1745691258.4215872,394646.836443241,4438783.293006183,-0.07197552830323915,0
actual,1745691258.5215895,394646.8366212527,4438783.292934228,-0.07199669914706573,0
actual,1745691258.6217704,394646.8348378023,4438783.293722028,-0.07190255608721323,0
actual,1745691258.721734,394646.8348686055,4438783.293695381,-0.07194969743030963,0
actual,1745691258.8215961,394646.8348925075,4438783.293511957,-0.07183942752816849,0
actual,1745691258.921623,394646.83498069434,4438783.293489022,-0.07193969669369565,0
actual,1745691259.0216732,394646.8350685332,4438783.293267319,-0.07185567654350447,0
actual,1745691259.1216586,394646.83478619205,4438783.294509934,-0.07194515957425425,0
actual,1745691259.2216368,394646.83481545886,4438783.294520734,-0.07186433337659458,0
actual,1745691259.3215854,394646.83482787746,4438783.294669179,-0.07190773971509147,0
actual,1745691259.4216835,394646.8348972591,4438783.294700027,-0.07188391597080186,0
actual,1745691259.5216534,394646.8349833692,4438783.294746147,-0.07185740441946405,0
actual,1745691259.6216826,394646.83575008076,4438783.294026653,-0.07199443021903816,0
actual,1745691259.7216384,394646.835799596,4438783.293892893,-0.07193304698924548,0
actual,1745691259.8216207,394646.83586603496,4438783.293843427,-0.07199776379790948,0
actual,1745691259.9216256,394646.835962603,4438783.2936311085,-0.07193384984070135,0
actual,1745691260.02163,394646.83612366405,4438783.293533127,-0.07200708385611516,0
actual,1745691260.1215951,394646.83630812657,4438783.293208358,-0.071906814690588,0
actual,1745691260.2216258,394646.83580283006,4438783.2930687135,-0.07199710057279367,0
actual,1745691260.3216522,394646.83591424563,4438783.292804987,-0.07192985303671445,0
actual,1745691260.4216557,394646.83602926554,4438783.292625175,-0.07190229428782535,0
actual,1745691260.521668,394646.8362270536,4438783.292382498,-0.07192439015615562,0
actual,1745691260.6216185,394646.83454579976,4438783.2925994545,-0.0719209344042367,0
actual,1745691260.7215981,394646.83452658594,4438783.292463704,-0.07194009811942359,0
actual,1745691260.8216465,394646.8345515234,4438783.292206233,-0.07186859197996935,0
actual,1745691260.9217658,394646.8346268521,4438783.292051072,-0.0719476903016697,0
actual,1745691261.0216928,394646.8347342432,4438783.291756896,-0.07188751134906107,0
actual,1745691261.1216745,394646.83429586596,4438783.292830983,-0.07201547888981714,0
actual,1745691261.2216814,394646.83427362924,4438783.292766769,-0.07192292407958392,0
actual,1745691261.3216248,394646.8342627939,4438783.292820969,-0.07196592899235311,0
actual,1745691261.4216073,394646.83424274647,4438783.292721799,-0.07190468538890049,0
actual,1745691261.521596,394646.83428238216,4438783.292683705,-0.07191426724649407,0
actual,1745691261.6216972,394646.83551549836,4438783.292608495,-0.07199922987448118,0
actual,1745691261.721704,394646.8356223756,4438783.292511714,-0.07199177731857513,0
actual,1745691261.8217115,394646.83574102144,4438783.292388243,-0.07200415170297178,0
actual,1745691261.9216514,394646.835892907,4438783.2921955865,-0.07194303027256697,0
actual,1745691262.0216572,394646.83608807053,4438783.292078874,-0.07197912368149811,0
actual,1745691262.1215982,394646.8356232254,4438783.293271552,-0.07197311974887129,0
actual,1745691262.2215989,394646.8357065019,4438783.293254257,-0.07203584688218809,0
actual,1745691262.3216152,394646.83577237796,4438783.293091977,-0.07198709983617968,0
actual,1745691262.4216797,394646.83585547545,4438783.293031344,-0.07201706713943641,0
actual,1745691262.5216396,394646.8359911999,4438783.292862772,-0.07199909024814087,0
actual,1745691262.6216547,394646.8337454867,4438783.293906572,-0.0719301148361021,0
actual,1745691262.7216463,394646.83370938,4438783.293900264,-0.0719603439387467,0
actual,1745691262.8216379,394646.8336760497,4438783.293883144,-0.07194809172739763,0
actual,1745691262.9216475,394646.83365049015,4438783.293871141,-0.0719393127212602,0
actual,1745691263.021507,394646.83362817013,4438783.293848322,-0.07194250667379122,0
actual,1745691263.1216068,394646.83362495067,4438783.293777124,-0.07195901748851506,0
actual,1745691263.2216508,394646.8345865392,4438783.294706464,-0.07199216129101059,0
actual,1745691263.3217633,394646.8347605631,4438783.294693745,-0.07202319324511107,0
actual,1745691263.4216287,394646.8349359684,4438783.29459565,-0.07200642063099934,0
actual,1745691263.521669,394646.835122596,4438783.294531717,-0.07201373356056509,0
actual,1745691263.621657,394646.83407240565,4438783.293635892,-0.07193863204285189,0
actual,1745691263.7216578,394646.83410756395,4438783.293515236,-0.07194875495251345,0
actual,1745691263.8215904,394646.834166219,4438783.293353283,-0.07193065588817033,0
actual,1745691263.9216843,394646.8342158084,4438783.293170994,-0.07191334222199036,0
actual,1745691264.0216513,394646.83428712154,4438783.29297087,-0.07193318661558554,0
actual,1745691264.1217403,394646.8350641639,4438783.294555215,-0.07199031124200343,0
actual,1745691264.2216299,394646.8351400794,4438783.29454464,-0.0719752490505588,0
actual,1745691264.3216639,394646.8352713004,4438783.294546924,-0.07197832083004224,0
actual,1745691264.421629,394646.83539448015,4438783.294550839,-0.07197006542268032,0
actual,1745691264.521591,394646.8355235893,4438783.294536659,-0.07194849315312557,0
actual,1745691264.6216028,394646.8344397554,4438783.29433287,-0.07195088425420096,0
actual,1745691264.7215898,394646.8344937799,4438783.294241821,-0.0719246519555435,0
actual,1745691264.8215935,394646.8345129468,4438783.294119281,-0.07190189286209742,0
actual,1745691264.9215863,394646.8345989671,4438783.293975616,-0.07190986901677898,0
actual,1745691265.021594,394646.834730353,4438783.293765456,-0.07188777314844871,0
actual,1745691265.1215892,394646.8358296978,4438783.2941329,-0.07196980362329244,0
actual,1745691265.221598,394646.836023716,4438783.294057195,-0.07194863277946588,0
actual,1745691265.3215926,394646.8362469061,4438783.293934549,-0.07193425126642929,0
actual,1745691265.421672,394646.83646541106,4438783.293741325,-0.07186925520508518,0
actual,1745691265.5216405,394646.8367204704,4438783.293551569,-0.07185595579618483,0
actual,1745691265.6216602,394646.83698593365,4438783.293327706,-0.07186499660171014,0
actual,1745691265.7216194,394646.83523028577,4438783.294261381,-0.07194542137364213,0
actual,1745691265.8216753,394646.8352704157,4438783.294158542,-0.07191054969518727,0
actual,1745691265.9216642,394646.8353228606,4438783.29409488,-0.07194650347777835,0
actual,1745691266.0216055,394646.83537965023,4438783.2939843135,-0.07194756812862212,0
actual,1745691266.1216066,394646.8354840372,4438783.293830871,-0.07192798553441482,0
actual,1745691266.2217035,394646.8347158905,4438783.293711861,-0.07188538204737356,0
actual,1745691266.3216121,394646.8347406745,4438783.293594879,-0.07188777314844871,0
actual,1745691266.421591,394646.8347638927,4438783.293459914,-0.071881507416434,0
actual,1745691266.5216281,394646.8348017904,4438783.293279556,-0.07184569326018321,0
actual,1745691266.621661,394646.83518297947,4438783.292759533,-0.07190442358951286,0
actual,1745691266.721743,394646.83525816404,4438783.292638419,-0.07193624094177675,0
actual,1745691266.8217304,394646.8352950881,4438783.292454114,-0.07190948504434351,0
actual,1745691266.9216244,394646.8353676517,4438783.292236484,-0.07188697029699284,0
actual,1745691267.0216,394646.83542910987,4438783.291996932,-0.07183544817747407,0
actual,1745691267.1216404,394646.83409255766,4438783.292431432,-0.0718970932066544,0
actual,1745691267.2217097,394646.834038999,4438783.292386432,-0.07191213794480654,0
actual,1745691267.3215914,394646.83398171794,4438783.292307748,-0.07191121292030309,0
actual,1745691267.4216442,394646.8339305769,4438783.292190277,-0.07191213794480654,0
actual,1745691267.521683,394646.8338491855,4438783.292068982,-0.07191107329396279,0
actual,1745691267.6216097,394646.83514982904,4438783.292375995,-0.07194863277946588,0
actual,1745691267.7216911,394646.83525921486,4438783.292256772,-0.07192425052981556,0
actual,1745691267.8216333,394646.8353772503,4438783.292095379,-0.07188124561704635,0
actual,1745691267.921604,394646.8355011195,4438783.291931645,-0.0718740548605282,0
actual,1745691268.021678,394646.8356298841,4438783.291739013,-0.07186579945316628,0
actual,1745691268.1218345,394646.8356166892,4438783.290961557,-0.0719286487595304,0
actual,1745691268.2216609,394646.8356154228,4438783.290780631,-0.07191800225109332,0
actual,1745691268.3217077,394646.835599257,4438783.290557666,-0.07190028715918566,0
actual,1745691268.4216492,394646.8356009433,4438783.29028734,-0.0718731298360245,0
actual,1745691268.5216534,394646.83566694736,4438783.290002409,-0.07185195899219793,0
actual,1745691268.6216047,394646.8351674936,4438783.292430764,-0.07194809172739763,0
actual,1745691268.7216027,394646.8351350684,4438783.292461295,-0.07191360402137824,0
actual,1745691268.8216374,394646.83519251656,4438783.29249955,-0.07193477486520505,0
actual,1745691268.9216268,394646.83521139267,4438783.292457966,-0.07190534861401632,0
actual,1745691269.0216393,394646.8352507496,4438783.292450324,-0.07193184271206167,0
actual,1745691269.1217508,394646.83608789067,4438783.292113559,-0.07201827141662048,0
actual,1745691269.2216742,394646.836209673,4438783.292028615,-0.07200628100465929,0
actual,1745691269.321657,394646.8363398777,4438783.291898329,-0.07196287466616215,0
actual,1745691269.4216464,394646.8364952357,4438783.291781417,-0.07196819792038069,0
actual,1745691269.5216208,394646.83670836646,4438783.29163321,-0.07199896807509329,0
actual,1745691269.6216383,394646.8376897363,4438783.294277489,-0.07200507672747523,0
actual,1745691269.7216673,394646.8380359459,4438783.294566801,-0.07199376699392233,0
actual,1745691269.8216612,394646.8383802646,4438783.294889125,-0.07200455312869972,0
actual,1745691269.9216835,394646.8387882738,4438783.295152623,-0.07197978690661394,0
actual,1745691270.0216482,394646.8392323008,4438783.295387386,-0.07196114679020257,0
actual,1745691270.121659,394646.83709336666,4438783.293343141,-0.07197139187291171,0
actual,1745691270.221524,394646.8371053283,4438783.293305598,-0.07195182673199689,0
actual,1745691270.3215985,394646.8371533145,4438783.293249328,-0.07194515957425425,0
actual,1745691270.4215884,394646.8372111688,4438783.293183929,-0.07193690416689232,0
actual,1745691270.521646,394646.8372882663,4438783.29311844,-0.07195329280856859,0
actual,1745691270.6216857,394646.8360361137,4438783.292666406,-0.07196313646554979,0
actual,1745691270.7216313,394646.83604347735,4438783.292553467,-0.0719413023966074,0
actual,1745691270.8216252,394646.83604891464,4438783.292450133,-0.07195315318222853,0
actual,1745691270.9216037,394646.8360322602,4438783.292279992,-0.0719439727503629,0
actual,1745691271.0216284,394646.83604365675,4438783.292064444,-0.07192571660638701,0
actual,1745691271.1216304,394646.8371321431,4438783.292364804,-0.07197380042727958,0
actual,1745691271.2216678,394646.8372272871,4438783.292336918,-0.07199003198932308,0
actual,1745691271.32171,394646.83732074714,4438783.2922147615,-0.07195088425420096,0
actual,1745691271.421643,394646.83742493007,4438783.292082389,-0.071933570588021,0
actual,1745691271.5216258,394646.8375528009,4438783.291962611,-0.07193158091267378,0
actual,1745691271.6216047,394646.83652166964,4438783.2917977935,-0.0719694021975645,0
actual,1745691271.7216525,394646.83651756716,4438783.29167991,-0.0719618100153184,0
actual,1745691271.8216634,394646.8365404552,4438783.291540459,-0.07194809172739763,0
actual,1745691271.921661,394646.8366154896,4438783.291367859,-0.07194981960335721,0
actual,1745691272.0216367,394646.8366737107,4438783.291157962,-0.07196446291578143,0
actual,1745691272.1216264,394646.8367345035,4438783.290920875,-0.07197605190201467,0
actual,1745691272.221614,394646.8362390485,4438783.291997113,-0.07196727289587698,0
actual,1745691272.3215487,394646.8362174765,4438783.291886195,-0.07193344841497341,0
actual,1745691272.4216523,394646.83620560425,4438783.291828288,-0.07198298085914497,0
actual,1745691272.521609,394646.83618619374,4438783.291665577,-0.07195781321133125,0
actual,1745691272.6217582,394646.8368070409,4438783.291006082,-0.07196233361409392,0
actual,1745691272.7216592,394646.8369152873,4438783.290856062,-0.0719576735849912,0
actual,1745691272.8217144,394646.8371081076,4438783.290678135,-0.07194556099998219,0
actual,1745691272.9216478,394646.83733393933,4438783.290493365,-0.07196154821593051,0
actual,1745691273.0217826,394646.8375337956,4438783.290306723,-0.07199270234307859,0
actual,1745691273.1216683,394646.8357950543,4438783.291036288,-0.0719948316447661,0
actual,1745691273.221629,394646.8358190931,4438783.290910644,-0.07199003198932308,0
actual,1745691273.32159,394646.83585686085,4438783.290799327,-0.07198191620830145,0
actual,1745691273.421652,394646.8359050788,4438783.290676659,-0.07196500396784943,0
actual,1745691273.5216832,394646.83599536674,4438783.2905316865,-0.07196606861869317,0
actual,1745691273.621647,394646.8359745144,4438783.291413978,-0.0719807119311174,0
actual,1745691273.721593,394646.8360601756,4438783.291429888,-0.07196420111639354,0
actual,1745691273.8216503,394646.83619411313,4438783.291462094,-0.07198830411336375,0
actual,1745691273.9216404,394646.8363475766,4438783.291436796,-0.07195369423429653,0
actual,1745691274.021787,394646.8365145169,4438783.291370198,-0.0719182640504812,0
actual,1745691274.121638,394646.83588355733,4438783.2909884015,-0.07192398873042768,0
actual,1745691274.2215388,394646.83589189616,4438783.290875145,-0.07193969669369565,0
actual,1745691274.3217032,394646.8358649392,4438783.290673799,-0.07193304698924548,0
actual,1745691274.421687,394646.8358412171,4438783.290430304,-0.07192665908418318,0
actual,1745691274.5216105,394646.8358498339,4438783.290115794,-0.07191587294940581,0
actual,1745691274.6216748,394646.83459662786,4438783.291594346,-0.07194409492341074,0
actual,1745691274.7217019,394646.83459401375,4438783.291536661,-0.07193198233840171,0
actual,1745691274.821665,394646.8346491235,4438783.291476251,-0.07194702707655387,0
actual,1745691274.9216616,394646.8347251836,4438783.291360295,-0.07192412835676773,0
actual,1745691275.0216951,394646.83483305835,4438783.291222102,-0.07194184344867564,0
actual,1745691275.121696,394646.8351809407,4438783.29219432,-0.07196845971976858,0
actual,1745691275.22167,394646.83529556973,4438783.292162664,-0.07198177658196114,0
actual,1745691275.3216856,394646.8353815963,4438783.292104941,-0.07193624094177675,0
actual,1745691275.4216108,394646.83552383835,4438783.292029076,-0.07191613474879369,0
actual,1745691275.5215929,394646.835718369,4438783.29197659,-0.07194463597547873,0
actual,1745691275.6216245,394646.8341789433,4438783.291477825,-0.07198818194031592,0
actual,1745691275.7216258,394646.83411151636,4438783.291337902,-0.07199469201842604,0
actual,1745691275.8216197,394646.8340926082,4438783.291158341,-0.07200322667846808,0
actual,1745691275.921608,394646.83411786566,4438783.290977691,-0.07199003198932308,0
actual,1745691276.021753,394646.8341599929,4438783.2907427745,-0.07198099118379775,0
actual,1745691276.1217153,394646.83520730597,4438783.290979147,-0.07195142530626895,0
actual,1745691276.2216663,394646.8353688834,4438783.290906384,-0.07195502068452816,0
actual,1745691276.321713,394646.8355251356,4438783.29083603,-0.07196486434150937,0
actual,1745691276.4216626,394646.83566180646,4438783.290739006,-0.07193624094177675,0
actual,1745691276.5216534,394646.83581186854,4438783.290627858,-0.07188098381765848,0
actual,1745691276.6216068,394646.8356417089,4438783.291761189,-0.0718968314072665,0
actual,1745691276.7216012,394646.8357886171,4438783.291822304,-0.07192531518065907,0
actual,1745691276.8216155,394646.8358859658,4438783.291848947,-0.07191000864311928,0
actual,1745691276.921745,394646.8359915894,4438783.291894204,-0.07191906690193708,0
actual,1745691277.0216372,394646.83609589504,4438783.291887145,-0.07188937885136071,0
actual,1745691277.1216493,394646.8353461542,4438783.292237968,-0.07196779649465275,0
actual,1745691277.2218125,394646.83532694477,4438783.292239164,-0.0719503606554252,0
actual,1745691277.3216069,394646.8353069882,4438783.292197515,-0.07195714998621543,0
actual,1745691277.4216168,394646.8353028893,4438783.292125479,-0.07193318661558554,0
actual,1745691277.5216033,394646.83530302846,4438783.292058902,-0.07191426724649407,0
actual,1745691277.6216998,394646.8356482607,4438783.291582321,-0.07196367751761802,0
actual,1745691277.7218285,394646.83570759953,4438783.291441389,-0.07195447963245992,0
actual,1745691277.8216505,394646.8357562213,4438783.291323975,-0.07196353789127773,0
actual,1745691277.9216268,394646.8358174288,4438783.291205819,-0.07199097446711925,0
actual,1745691278.0216975,394646.8359041751,4438783.291018144,-0.07199083484077895,0
actual,1745691278.1216643,394646.8357710123,4438783.290038459,-0.0719821780076891,0
actual,1745691278.2216473,394646.8357939123,4438783.289821798,-0.07197020504902038,0
actual,1745691278.3217838,394646.8357894795,4438783.289563261,-0.07195475888514029,0
actual,1745691278.4216619,394646.8358081475,4438783.289256009,-0.0719237269310398,0
actual,1745691278.5217795,394646.83587820956,4438783.288946948,-0.07191386582076613,0
actual,1745691278.6215858,394646.83663314575,4438783.29167498,-0.07198896733847931,0
actual,1745691278.7216542,394646.836712835,4438783.291713192,-0.07199989309959699,0
actual,1745691278.821769,394646.8368197261,4438783.291718122,-0.07198390588364867,0
actual,1745691278.9216337,394646.8369601297,4438783.291699961,-0.07196966399695238,0
actual,1745691279.0216339,394646.83712174254,4438783.291672298,-0.07196767432160517,0
actual,1745691279.1216784,394646.8367591397,4438783.291141552,-0.07195755141194361,0
actual,1745691279.2216003,394646.836808322,4438783.291058467,-0.07193730559262025,0
actual,1745691279.3216207,394646.83688786713,4438783.290952955,-0.0719182640504812,0
actual,1745691279.4215617,394646.8369905628,4438783.2907879455,-0.07189496390496687,0
actual,1745691279.521573,394646.8371396903,4438783.2906186655,-0.07189749463238233,0
actual,1745691279.62154,394646.83640413545,4438783.291531045,-0.0719729975758237,0
actual,1745691279.7215989,394646.8364383995,4438783.291474368,-0.07196020431240664,0
actual,1745691279.8216295,394646.8365176916,4438783.291434345,-0.07193997594637601,0
actual,1745691279.921593,394646.83660505014,4438783.291396056,-0.07191507009794994,0
actual,1745691280.0216224,394646.83671229304,4438783.291338392,-0.07192559443333943,0
actual,1745691280.121599,394646.8370156375,4438783.292094242,-0.07199402879331022,0
actual,1745691280.2216873,394646.8371128263,4438783.2920861915,-0.07200429132931183,0
actual,1745691280.321649,394646.8372302454,4438783.292060705,-0.07200935278414274,0
actual,1745691280.421629,394646.83733701083,4438783.292039804,-0.07201027780864619,0
actual,1745691280.521695,394646.83743185556,4438783.292017782,-0.07198936876420725,0
actual,1745691280.6216235,394646.83529892087,4438783.292606616,-0.0719231858789718,0
actual,1745691280.7216604,394646.8352444335,4438783.292600485,-0.07191147471969073,0
actual,1745691280.821602,394646.8352052211,4438783.29254928,-0.07189669178092645,0
actual,1745691280.9215991,394646.83515156934,4438783.292467526,-0.0718857834731015,0
actual,1745691281.0216882,394646.83510743896,4438783.292372767,-0.07188604527248939,0
actual,1745691281.1216612,394646.835354863,4438783.293174259,-0.0719237269310398,0
actual,1745691281.221609,394646.8354098283,4438783.293135377,-0.07188550422042114,0
actual,1745691281.3216078,394646.8354922299,4438783.29308384,-0.07187552093709965,0
actual,1745691281.4215975,394646.8356289858,4438783.29299715,-0.0718462343122512,0
actual,1745691281.5215816,394646.8358379852,4438783.292890907,-0.07184063180535231,0
actual,1745691281.6216779,394646.83579565154,4438783.292907983,-0.07194795210105757,0
actual,1745691281.7216551,394646.8359342544,4438783.292803935,-0.07198099118379775,0
actual,1745691281.821682,394646.83607729065,4438783.292638689,-0.07193891129553226,0
actual,1745691281.9216433,394646.8362423226,4438783.292461904,-0.07193704379323262,0
actual,1745691282.0216424,394646.8364662425,4438783.292263985,-0.07195355460795647,0
actual,1745691282.1216462,394646.8367465438,4438783.291976944,-0.07192651945784313,0
actual,1745691282.221661,394646.83625814493,4438783.293076197,-0.07196327609189009,0
actual,1745691282.3216395,394646.8364195962,4438783.292969999,-0.07193212196474202,0
actual,1745691282.421712,394646.83666122536,4438783.292847861,-0.07194849315312557,0
actual,1745691282.5216675,394646.836964682,4438783.292741431,-0.07196500396784943,0
actual,1745691282.6218183,394646.83654686,4438783.293065728,-0.07200441350235966,0
actual,1745691282.7217577,394646.83666195214,4438783.292992456,-0.07199031124200343,0
actual,1745691282.8217459,394646.836836349,4438783.292917184,-0.07198804231397586,0
actual,1745691282.921648,394646.83704214334,4438783.2928182995,-0.07200495455442765,0
actual,1745691283.0216632,394646.83727045037,4438783.292669046,-0.0719767151271305,0
actual,1745691283.121746,394646.83505665185,4438783.292189275,-0.07190534861401632,0
actual,1745691283.2217636,394646.8350623858,4438783.292072554,-0.07188869817295242,0
actual,1745691283.3217762,394646.8350784633,4438783.291906761,-0.07186513622805045,0
actual,1745691283.4217033,394646.8351668899,4438783.291704797,-0.07186300692636294,0
actual,1745691283.5216231,394646.8352664191,4438783.291521587,-0.07188791277478901,0
actual,1745691283.6218126,394646.8347890309,4438783.293118442,-0.07199788597095706,0
actual,1745691283.7217362,394646.8348566166,4438783.293093418,-0.0719948316447661,0
actual,1745691283.8216548,394646.83489872015,4438783.293079926,-0.0719884437397038,0
actual,1745691283.9216359,394646.83498074726,4438783.2930781795,-0.07202279181938313,0
actual,1745691284.0216653,394646.835073881,4438783.292983444,-0.07196287466616215,0
actual,1745691284.1218174,394646.8340832288,4438783.293671619,-0.07191587294940581,0
actual,1745691284.2216876,394646.83407285914,4438783.293620989,-0.07189536533069482,0
actual,1745691284.3216362,394646.8340885265,4438783.293528343,-0.07189163032609555,0
actual,1745691284.4216814,394646.8341448924,4438783.293411799,-0.07186021439955985,0
actual,1745691284.5216517,394646.8342537936,4438783.293261132,-0.07185208116524551,0
actual,1745691284.6215963,394646.8349821298,4438783.2938205395,-0.07196886114549651,0
actual,1745691284.7216258,394646.83513352496,4438783.293721487,-0.07198470873510454,0
actual,1745691284.8216724,394646.83530780417,4438783.293566467,-0.07196514359418972,0
actual,1745691284.9215944,394646.8355698463,4438783.293421944,-0.0719933655681944,0
actual,1745691285.021609,394646.83587806986,4438783.293252777,-0.07202465932168277,0
actual,1745691285.1216333,394646.83450329734,4438783.294084264,-0.07197659295408267,0
actual,1745691285.2215965,394646.8345312417,4438783.2940304,-0.07195660893414745,0
actual,1745691285.3215024,394646.83463138883,4438783.293984188,-0.07195941891424325,0
actual,1745691285.4215884,394646.8348191006,4438783.293927865,-0.0719833822848729,0
actual,1745691285.5216289,394646.8350077108,4438783.29383151,-0.07199069521443889,0
actual,1745691285.6216614,394646.83534988324,4438783.294096474,-0.07202839432628204,0
actual,1745691285.721661,394646.83554768853,4438783.293986513,-0.07200375027724384,0
actual,1745691285.8216145,394646.83576069237,4438783.2938691415,-0.07198418513632902,0
actual,1745691285.921609,394646.83601637493,4438783.29373276,-0.07198764088824793,0
actual,1745691286.021604,394646.8363507334,4438783.293534246,-0.07198856591275138,0
actual,1745691286.1216297,394646.83521269704,4438783.292802541,-0.07195355460795647,0
actual,1745691286.221611,394646.83522196306,4438783.292597917,-0.07195048282847302,0
actual,1745691286.321619,394646.83527532296,4438783.292343405,-0.07195235033077266,0
actual,1745691286.4215975,394646.8353498372,4438783.292028671,-0.07190695431692806,0
actual,1745691286.5215933,394646.8354450816,4438783.291717813,-0.07193264556351754,0
actual,1745691286.6216116,394646.8344932906,4438783.293816859,-0.07195142530626895,0
actual,1745691286.7216272,394646.83449283574,4438783.293763199,-0.0719238665573801,0
actual,1745691286.8216848,394646.834544733,4438783.29373468,-0.07195954108729083,0
actual,1745691286.9216332,394646.8345936048,4438783.293626597,-0.0719238665573801,0
actual,1745691287.0217345,394646.8346824831,4438783.293470811,-0.07190414433683251,0
actual,1745691287.1216245,394646.8348343985,4438783.293579871,-0.07195582353598404,0
actual,1745691287.2216032,394646.8349185094,4438783.293490217,-0.07195248995711272,0
actual,1745691287.3216317,394646.8350218323,4438783.293366363,-0.07193837024346401,0
actual,1745691287.421591,394646.8351446056,4438783.293243756,-0.07193250593717748,0
actual,1745691287.5216823,394646.83524605574,4438783.293095978,-0.07191386582076613,0
actual,1745691287.6216173,394646.83525467874,4438783.293701227,-0.07198165440891358,0
actual,1745691287.7216022,394646.83534147387,4438783.293623871,-0.07198151478257327,0
actual,1745691287.8218431,394646.83542842924,4438783.293516981,-0.0719757901026268,0
actual,1745691287.9216745,394646.8355158068,4438783.293433448,-0.07202212859426732,0
actual,1745691288.0216687,394646.83565179526,4438783.2932923855,-0.0720299825759013,0
actual,1745691288.1216228,394646.83541083103,4438783.293817299,-0.07197964728027363,0
actual,1745691288.2217758,394646.835440376,4438783.293798699,-0.07200268562640008,0
actual,1745691288.3216565,394646.8355842152,4438783.293747689,-0.07201547888981714,0
actual,1745691288.4216,394646.8357387555,4438783.293637887,-0.07202120356976362,0
actual,1745691288.5215995,394646.83581195754,4438783.293532648,-0.07203198970454099,0
actual,1745691288.6216009,394646.8351963117,4438783.293926072,-0.0719652657672373,0
actual,1745691288.7216103,394646.83524328645,4438783.293844077,-0.07196739506892481,0
actual,1745691288.821637,394646.8353372214,4438783.293739007,-0.07198031050538946,0
actual,1745691288.9215424,394646.8354280582,4438783.293614569,-0.07199549486988191,0
actual,1745691289.0216718,394646.8355598094,4438783.293427896,-0.07199402879331022,0
actual,1745691289.1216853,394646.8356372025,4438783.294409015,-0.07199856664936535,0
actual,1745691289.2216036,394646.8357169858,4438783.294376864,-0.07199989309959699,0
actual,1745691289.3216972,394646.8358490576,4438783.2943232665,-0.07200507672747523,0
actual,1745691289.4216216,394646.8359637253,4438783.294196874,-0.07196233361409392,0
actual,1745691289.5215974,394646.8360986518,4438783.294094306,-0.07194782992801,0
actual,1745691289.6216,394646.8355505636,4438783.2937734835,-0.07194090097087946,0
actual,1745691289.7215908,394646.83559677994,4438783.293703427,-0.0719476903016697,0
actual,1745691289.8216374,394646.8356619028,4438783.293591867,-0.0719447581485263,0
actual,1745691289.921689,394646.8357843742,4438783.293438076,-0.07194596242571037,0
actual,1745691290.0216327,394646.8359096653,4438783.293266282,-0.0719608849908147,0
actual,1745691290.1217482,394646.8351672195,4438783.2940892195,-0.07198818194031592,0
actual,1745691290.2216418,394646.8351249718,4438783.294088822,-0.07199896807509329,0
actual,1745691290.3216193,394646.8350891755,4438783.294008979,-0.07197538867689886,0
actual,1745691290.4215856,394646.8350924572,4438783.293974342,-0.07199802559729736,0
actual,1745691290.5217147,394646.83513600694,4438783.293909021,-0.07198577338594829,0
actual,1745691290.6216388,394646.8340869299,4438783.293931288,-0.07194369349768255,0
actual,1745691290.7216473,394646.8340248378,4438783.293857035,-0.07192306370592398,0
actual,1745691290.8216293,394646.8340447268,4438783.293779129,-0.07192746193563906,0
actual,1745691290.9215991,394646.83408839424,4438783.293646084,-0.07190773971509147,0
actual,1745691291.0216095,394646.83411561366,4438783.293533961,-0.07192306370592398,0
actual,1745691291.1216035,394646.83455075993,4438783.294110294,-0.07196500396784943,0
actual,1745691291.2216847,394646.8346365122,4438783.294062581,-0.07199017161566337,0
actual,1745691291.3215737,394646.8347238574,4438783.293896223,-0.07197058902145584,0
actual,1745691291.4217021,394646.83484366536,4438783.293681591,-0.07193184271206167,0
actual,1745691291.5215554,394646.8350511958,4438783.293488661,-0.07194449634913867,0
actual,1745691291.621636,394646.83447643823,4438783.294318036,-0.07195795283767155,0
actual,1745691291.721595,394646.8345517564,4438783.294218943,-0.07194610205205042,0
actual,1745691291.8216038,394646.83465682465,4438783.294077688,-0.07194809172739763,0
actual,1745691291.9215958,394646.8348232039,4438783.293873972,-0.07190468538890049,0
actual,1745691292.0216732,394646.83507538954,4438783.293676395,-0.07189869890956614,0
actual,1745691292.1217074,394646.8353555347,4438783.293427535,-0.07187339163541237,0
actual,1745691292.221612,394646.83449107246,4438783.294386498,-0.07191480829856205,0
actual,1745691292.3215415,394646.83462164743,4438783.29434345,-0.0719237269310398,0
actual,1745691292.4216661,394646.83476878586,4438783.294241806,-0.07188990245013623,0
actual,1745691292.5216427,394646.8349524257,4438783.29410992,-0.07188670849760495,0
actual,1745691292.6216662,394646.8351862868,4438783.293970285,-0.07192412835676773,0
actual,1745691292.721632,394646.83531295636,4438783.293913395,-0.07195435745941235,0
actual,1745691292.8215632,394646.8354581199,4438783.293731604,-0.07194650347777835,0
actual,1745691292.921667,394646.83557866886,4438783.293557652,-0.07195341498161617,0
actual,1745691293.0216563,394646.8357435571,4438783.29333266,-0.07194369349768255,0
actual,1745691293.1216617,394646.8350376612,4438783.293905791,-0.07194969743030963,0
actual,1745691293.2216434,394646.8350918287,4438783.293788813,-0.07193583951604857,0
actual,1745691293.3216107,394646.83512487554,4438783.293669903,-0.07191054969518727,0
actual,1745691293.4216776,394646.83515565924,4438783.293452445,-0.07191227757114685,0
actual,1745691293.5216584,394646.8351344516,4438783.293204585,-0.07187632378855577,0
actual,1745691293.621595,394646.8357400992,4438783.294165718,-0.07194716670289418,0
actual,1745691293.721585,394646.83596356015,4438783.293913372,-0.07186925520508518,0
actual,1745691293.8216054,394646.8361555609,4438783.293730877,-0.07190307968598875,0
actual,1745691293.9216838,394646.83630588534,4438783.293424844,-0.07180493982214911,0
actual,1745691294.0215697,394646.83656425244,4438783.293200377,-0.07188604527248939,0
actual,1745691294.1216245,394646.8356960004,4438783.293103731,-0.07181120555416382,0
actual,1745691294.2215917,394646.8358658689,4438783.292911226,-0.07187086090799692,0
actual,1745691294.3215895,394646.8360642019,4438783.292495252,-0.07179722546685517,0
actual,1745691294.4216065,394646.83625484694,4438783.292185592,-0.07183277782371833,0
actual,1745691294.5215964,394646.83646745275,4438783.291742037,-0.07181640663533478,0
actual,1745691294.6215916,394646.8354482563,4438783.293821233,-0.07183331887578656,0
actual,1745691294.7216017,394646.8355019916,4438783.293698672,-0.07181759345922611,0
actual,1745691294.8216145,394646.8355609485,4438783.29356952,-0.07176978889101389,0
actual,1745691294.9216135,394646.835718509,4438783.293398304,-0.07178629970573774,0
actual,1745691295.0216415,394646.8358313071,4438783.29319966,-0.07176593171336705,0
actual,1745691295.1216288,394646.8382103253,4438783.292782736,-0.07176406421106742,0
actual,1745691295.2215934,394646.83882414835,4438783.2925272435,-0.07180349119886989,0
actual,1745691295.3216653,394646.83941142587,4438783.292192451,-0.07181520235815071,0
actual,1745691295.4216912,394646.8399908494,4438783.291806182,-0.0717865789584181,0
actual,1745691295.52167,394646.84060203354,4438783.291392141,-0.07177418712072897,0
actual,1745691295.621615,394646.8352119563,4438783.292282815,-0.07177099316819771,0
actual,1745691295.7216444,394646.8349314183,4438783.292034258,-0.07177858535044405,0
actual,1745691295.8216994,394646.83464461967,4438783.291729445,-0.07178684075780599,0
actual,1745691295.9216359,394646.8343176911,4438783.291340646,-0.07178949365826902,0
actual,1745691296.021599,394646.83396622055,4438783.290921429,-0.07179202438568447,0
actual,1745691296.1215932,394646.8361086457,4438783.293187026,-0.07199362736758229,0
actual,1745691296.2216494,394646.83614557097,4438783.293110162,-0.07195821463705919,0
actual,1745691296.3216317,394646.8361978799,4438783.293059902,-0.07196566719296524,0
actual,1745691296.421601,394646.83627361734,4438783.292875758,-0.07191201577175897,0
actual,1745691296.521628,394646.8363511431,4438783.29276848,-0.07190428396317255,0
actual,1745691296.6215992,394646.8343773994,4438783.2936622705,-0.07193025446244239,0
actual,1745691296.7215936,394646.83435647713,4438783.293663075,-0.07195341498161617,0
actual,1745691296.8216643,394646.8343241875,4438783.293516766,-0.07189297422961967,0
actual,1745691296.9216099,394646.83428335923,4438783.293426868,-0.07188897742563252,0
actual,1745691297.0216606,394646.8343089292,4438783.293222805,-0.07182478421574429,0
actual,1745691297.1216147,394646.8348396868,4438783.293687077,-0.07191147471969073,0
actual,1745691297.2216022,394646.83486899664,4438783.293607283,-0.07194582279937006,0
actual,1745691297.3217437,394646.8349001509,4438783.293452716,-0.07187365343480001,0
actual,1745691297.4216294,394646.83503121923,4438783.293338384,-0.07194582279937006,0
actual,1745691297.5216017,394646.83508879587,4438783.293138313,-0.07188710992333289,0
actual,1745691297.621629,394646.8349115024,4438783.291956498,-0.07195076208115314,0
actual,1745691297.7218232,394646.8348761578,4438783.291472113,-0.0718829734930057,0
actual,1745691297.8216841,394646.83491580054,4438783.29106751,-0.07192758410868663,0
actual,1745691297.9216328,394646.8349643239,4438783.2904808195,-0.07185941154810398,0
actual,1745691298.021655,394646.8350023794,4438783.2899556495,-0.07190135181002917,0
actual,1745691298.1215208,394646.83591950743,4438783.290627507,-0.0719197301270529,0
actual,1745691298.2216015,394646.8360922077,4438783.290411931,-0.07196048356508676,0
actual,1745691298.3216,394646.8362244595,4438783.290017234,-0.07189163032609555,0
actual,1745691298.4216557,394646.8364327601,4438783.289683386,-0.07194063917149159,0
actual,1745691298.52155,394646.8366367468,4438783.289227754,-0.07189323602900755,0
actual,1745691298.6216657,394646.8358550886,4438783.290828774,-0.07197380042727958,0
actual,1745691298.7216384,394646.83585495636,4438783.290740168,-0.0719568881868278,0
actual,1745691298.821692,394646.83587614633,4438783.290660179,-0.07197311974887129,0
actual,1745691298.9216375,394646.8359028542,4438783.29050687,-0.07194037737210394,0
actual,1745691299.021565,394646.83593356365,4438783.29038517,-0.07196207181470628,0
actual,1745691299.1215947,394646.8360080891,4438783.291312686,-0.07195128567992891,0
actual,1745691299.2216089,394646.83602371794,4438783.2912786305,-0.0719447581485263,0
actual,1745691299.3215992,394646.8361001395,4438783.2912474815,-0.07197380042727958,0
actual,1745691299.4216697,394646.8362570382,4438783.2912085075,-0.07198165440891358,0
actual,1745691299.5216517,394646.8364078236,4438783.291108585,-0.07199123626650689,0
actual,1745691299.6216297,394646.83627540094,4438783.291688278,-0.07198298085914497,0
actual,1745691299.7216105,394646.8363196441,4438783.291585511,-0.0719603439387467,0
actual,1745691299.8216386,394646.8363628371,4438783.291464067,-0.07196514359418972,0
actual,1745691299.9215956,394646.83640656376,4438783.291291406,-0.07193650274116438,0
actual,1745691300.021526,394646.8363842961,4438783.291078036,-0.0719307780612179,0
actual,1745691300.1217067,394646.83580290986,4438783.292675503,-0.07197406222666747,0
actual,1745691300.2216296,394646.83578399126,4438783.292600822,-0.07194542137364213,0
actual,1745691300.3217547,394646.8357695153,4438783.292519698,-0.07193250593717748,0
actual,1745691300.4217098,394646.8357416736,4438783.292363277,-0.07191308042260272,0
actual,1745691300.5216205,394646.8356847786,4438783.292163796,-0.07188763352210865,0
actual,1745691300.6216018,394646.83533760003,4438783.292238289,-0.07194662565082593,0
actual,1745691300.7215958,394646.8353450608,4438783.292058555,-0.07195154747931654,0
actual,1745691300.8215237,394646.8353345905,4438783.291811511,-0.07193384984070135,0
actual,1745691300.9217014,394646.8353341215,4438783.29154533,-0.07193144128633373,0
actual,1745691301.0216188,394646.8353399887,4438783.291242234,-0.0719538164073441,0
actual,1745691301.121685,394646.8357912451,4438783.293012663,-0.07196393931700591,0
actual,1745691301.2216396,394646.835858475,4438783.292975074,-0.0719442345497508,0
actual,1745691301.32163,394646.8358918335,4438783.292880549,-0.07192971341037416,0
actual,1745691301.421648,394646.8359308019,4438783.292698637,-0.07191027044250692,0
actual,1745691301.5216002,394646.83602666156,4438783.292481398,-0.07189735500604227,0
actual,1745691301.6216016,394646.8353748208,4438783.292610922,-0.07194343169829491,0
actual,1745691301.721555,394646.8353808288,4438783.292409382,-0.071927322309299,0
actual,1745691301.8215895,394646.83537447645,4438783.292156422,-0.07187005805654105,0
actual,1745691301.9216194,394646.8354158895,4438783.291906639,-0.07187618416221546,0
actual,1745691302.0215998,394646.8355389034,4438783.291570325,-0.0718857834731015,0
actual,1745691302.1216102,394646.83571827307,4438783.291165687,-0.07189536533069482,0
actual,1745691302.2216876,394646.83638114086,4438783.291578035,-0.07201453641202121,0
actual,1745691302.321612,394646.8365144349,4438783.291353203,-0.07203397937988845,0
actual,1745691302.4215872,394646.8366849171,4438783.291057788,-0.07199443021903816,0
actual,1745691302.5216062,394646.83687070024,4438783.290742496,-0.07197406222666747,0
actual,1745691302.621858,394646.8365105425,4438783.291436173,-0.07195076208115314,0
actual,1745691302.7217445,394646.8365623969,4438783.291360304,-0.07194875495251345,0
actual,1745691302.8216438,394646.8366375763,4438783.291210163,-0.07192651945784313,0
actual,1745691302.9215593,394646.836713422,4438783.291060509,-0.07189456247923894,0
actual,1745691303.0217369,394646.8367963127,4438783.29088038,-0.07188829674722448,0
actual,1745691303.121647,394646.8367534884,4438783.29144777,-0.07192159762935253,0
actual,1745691303.2216187,394646.83680019405,4438783.29134906,-0.07190374291110456,0
actual,1745691303.3216162,394646.8368991094,4438783.291256581,-0.07192278445324386,0
actual,1745691303.421614,394646.8370064567,4438783.291086514,-0.07191627437513375,0
actual,1745691303.5215974,394646.83712329983,4438783.290865852,-0.07191733902597751,0
actual,1745691303.6216776,394646.8360794679,4438783.291213629,-0.0719757901026268,0
actual,1745691303.721656,394646.83600867615,4438783.291119237,-0.07199310376880652,0
actual,1745691303.821591,394646.83593174606,4438783.291006352,-0.0720165435406609,0
actual,1745691303.9216237,394646.8358466579,4438783.290806599,-0.07202598577191416,0
actual,1745691304.0216675,394646.83580014284,4438783.290530922,-0.07201361138751751,0
actual,1745691304.1216254,394646.8361522695,4438783.291597822,-0.07196713326953694,0
actual,1745691304.221674,394646.83620820555,4438783.291530209,-0.07199350519453446,0
actual,1745691304.3217907,394646.8363216985,4438783.291379855,-0.07198404550998871,0
actual,1745691304.4216332,394646.83642397553,4438783.29121524,-0.07197366080093928,0
actual,1745691304.5216265,394646.8365366604,4438783.29104295,-0.07199509344415397,0
actual,1745691304.6216414,394646.8360327076,4438783.291931353,-0.07197751797858637,0
actual,1745691304.7215893,394646.8361498608,4438783.291859012,-0.07197751797858637,0
actual,1745691304.821614,394646.8362512996,4438783.291791772,-0.07196353789127773,0
actual,1745691304.921674,394646.8363690427,4438783.29172145,-0.07194357132463497,0
actual,1745691305.0216672,394646.8365257307,4438783.291660753,-0.07195901748851506,0
actual,1745691305.1216013,394646.8356979863,4438783.2920643175,-0.07196952437061208,0
actual,1745691305.2216847,394646.8357201878,4438783.292060572,-0.07197765760492643,0
actual,1745691305.3216293,394646.835751283,4438783.292061026,-0.07200415170297178,0
actual,1745691305.4216118,394646.83579434355,4438783.292043182,-0.07197259615009577,0
actual,1745691305.5216358,394646.83587251254,4438783.292061602,-0.07195861606278713,0
actual,1745691305.6216557,394646.8357755548,4438783.292360172,-0.07194156419599529,0
actual,1745691305.721741,394646.83582902537,4438783.2923725145,-0.07192692088357107,0
actual,1745691305.8215945,394646.835860306,4438783.292330259,-0.07190575003974425,0
actual,1745691305.9215956,394646.8358636581,4438783.292283592,-0.07189801823115785,0
actual,1745691306.0216057,394646.8358739368,4438783.292265452,-0.07191201577175897,0
actual,1745691306.1216843,394646.83613285027,4438783.292868846,-0.07195954108729083,0
actual,1745691306.221644,394646.836211617,4438783.292792099,-0.07192079477789641,0
actual,1745691306.3215988,394646.8362825628,4438783.292684129,-0.0719286487595304,0
actual,1745691306.4216611,394646.8363057829,4438783.292536809,-0.07192971341037416,0
actual,1745691306.5215938,394646.8363894088,4438783.292384372,-0.07194236704745116,0
actual,1745691306.6215856,394646.8359829897,4438783.293498229,-0.07197205509802754,0
actual,1745691306.7216833,394646.83604660013,4438783.293443095,-0.07197219472436783,0
actual,1745691306.8218007,394646.83611664805,4438783.293374028,-0.07199497127110614,0
actual,1745691306.9216065,394646.8362070794,4438783.293215482,-0.07199523307049403,0
actual,1745691307.0216,394646.8363383722,4438783.293007685,-0.07201160425887783,0
actual,1745691307.1216307,394646.8356139102,4438783.29249524,-0.07200521635381553,0
actual,1745691307.2216146,394646.83565149305,4438783.29224163,-0.0719759297289671,0
actual,1745691307.321587,394646.8356973962,4438783.291976958,-0.07197006542268032,0
actual,1745691307.421636,394646.83573542966,4438783.2916869195,-0.07196486434150937,0
actual,1745691307.5216904,394646.8357769932,4438783.2913695,-0.07196474216846178,0
actual,1745691307.6216176,394646.83623155864,4438783.292986948,-0.07199031124200343,0
actual,1745691307.721567,394646.8363801611,4438783.292879182,-0.07196020431240664,0
actual,1745691307.821676,394646.8364749975,4438783.292754206,-0.07196966399695238,0
actual,1745691307.921679,394646.8366201236,4438783.292536536,-0.07197380042727958,0
actual,1745691308.0215867,394646.836941549,4438783.29236342,-0.07197058902145584,0
actual,1745691308.1216931,394646.83498168614,4438783.292097151,-0.07200469275503976,0
actual,1745691308.221616,394646.83498274605,4438783.291844126,-0.07193943489430778,0
actual,1745691308.3216782,394646.8347583527,4438783.291677334,-0.07194156419599529,0
actual,1745691308.421659,394646.83439624484,4438783.291504489,-0.07193850986980432,0
actual,1745691308.5215943,394646.8339995033,4438783.2911839485,-0.07190442358951286,0
actual,1745691308.6216426,394646.83546119975,4438783.292483541,-0.07199629772133778,0
actual,1745691308.7216363,394646.8356597181,4438783.2924609715,-0.07198657623740418,0
actual,1745691308.8216326,394646.83603795746,4438783.2923279395,-0.07198470873510454,0
actual,1745691308.9215934,394646.8364349137,4438783.292147087,-0.07193678199384473,0
actual,1745691309.0216289,394646.8368105231,4438783.292034473,-0.07193863204285189,0
actual,1745691309.1215963,394646.8353748657,4438783.293918758,-0.0719301148361021,0
actual,1745691309.2216246,394646.83561209496,4438783.293849308,-0.07192452978249567,0
actual,1745691309.3215969,394646.83577421133,4438783.293734293,-0.07188909959868035,0
actual,1745691309.4217014,394646.8358960884,4438783.293764219,-0.0719301148361021,0
actual,1745691309.5216038,394646.83603727864,4438783.293660037,-0.0718711227073848,0
actual,1745691309.6215858,394646.8357036142,4438783.292841554,-0.0719371659662802,0
actual,1745691309.721587,394646.8360244249,4438783.292616784,-0.07190761754204389,0
actual,1745691309.8216076,394646.83639448247,4438783.292392045,-0.07200081812410045,0
actual,1745691309.9216077,394646.83675783133,4438783.291997766,-0.07193983632003571,0
actual,1745691310.0215905,394646.83703216386,4438783.291674698,-0.07197619152835473,0
actual,1745691310.121689,394646.83542498207,4438783.292328563,-0.07204996659583654,0
actual,1745691310.2217147,394646.8354966485,4438783.292163543,-0.07205488842432714,0
actual,1745691310.321638,394646.8355870107,4438783.291927339,-0.07202040071830774,0
actual,1745691310.4216263,394646.835691606,4438783.291684115,-0.07203757475814741,0
actual,1745691310.5216343,394646.8357980286,4438783.291367238,-0.07202612539825447,0
actual,1745691310.6217096,394646.8342019305,4438783.292273645,-0.07199296414246646,0
actual,1745691310.721555,394646.8341765531,4438783.292231506,-0.07197099044718377,0
actual,1745691310.8216302,394646.8342075881,4438783.292154315,-0.07196805829404039,0
actual,1745691310.9216123,394646.8342562916,4438783.292081672,-0.07196753469526487,0
actual,1745691311.02161,394646.83423444675,4438783.291974071,-0.07196074536447464,0
actual,1745691311.121648,394646.8344044057,4438783.292238403,-0.0720124071103337,0
actual,1745691311.2216887,394646.83457643754,4438783.292056627,-0.0720097367565782,0
actual,1745691311.3216374,394646.834822675,4438783.2918529995,-0.07198617481167623,0
actual,1745691311.4216685,394646.8350139812,4438783.291651352,-0.0720024238270122,0
actual,1745691311.5216968,394646.8351804361,4438783.291430594,-0.07201879501539599,0
actual,1745691311.6216755,394646.8351458928,4438783.293562808,-0.07197565047628673,0
actual,1745691311.721705,394646.8353639678,4438783.293485725,-0.07196301429250221,0
actual,1745691311.8216357,394646.8355980676,4438783.293416746,-0.07197565047628673,0
actual,1745691311.9216216,394646.8358675241,4438783.293296196,-0.07197165367229959,0
actual,1745691312.0216467,394646.83615185926,4438783.293124293,-0.07196554501991766,0
actual,1745691312.1216862,394646.83646910655,4438783.2929209145,-0.07198896733847931,0
actual,1745691312.2216458,394646.83481827064,4438783.294649403,-0.07195235033077266,0
actual,1745691312.3217032,394646.83487132745,4438783.294531335,-0.07190814114081964,0
actual,1745691312.421773,394646.8349304333,4438783.294400656,-0.07190814114081964,0
actual,1745691312.5217628,394646.8350807209,4438783.294215635,-0.0719032193123288,0
actual,1745691312.6219308,394646.83464632405,4438783.294198291,-0.0719568881868278,0
actual,1745691312.7216947,394646.83465686435,4438783.294084138,-0.07195048282847302,0
actual,1745691312.8216813,394646.83470742125,4438783.293909492,-0.07196100716386253,0
actual,1745691312.921686,394646.8347932786,4438783.293658306,-0.07194941817762927,0
actual,1745691313.0216367,394646.83485384146,4438783.293318398,-0.07194343169829491,0
actual,1745691313.121629,394646.8351172232,4438783.29329113,-0.0719752490505588,0
actual,1745691313.2216094,394646.8352124372,4438783.293079737,-0.07196154821593051,0
actual,1745691313.3216147,394646.835337793,4438783.292807433,-0.07194316989890703,0
actual,1745691313.4216487,394646.8354734928,4438783.292540977,-0.07193810844407637,0
actual,1745691313.5216196,394646.8356240847,4438783.292233114,-0.07193583951604857,0
actual,1745691313.6216967,394646.83481264295,4438783.293608376,-0.07196008213935882,0
actual,1745691313.7216983,394646.83486289624,4438783.29348972,-0.07196952437061208,0
actual,1745691313.8217726,394646.83488874475,4438783.293320698,-0.071914668672222,0
actual,1745691313.921714,394646.83494398225,4438783.293161038,-0.07194702707655387,0
actual,1745691314.0217354,394646.83501797915,4438783.292926881,-0.07196914039817662,0
actual,1745691314.1216338,394646.83519590733,4438783.293027153,-0.07197565047628673,0
actual,1745691314.221646,394646.8353513947,4438783.292876851,-0.07198312048548526,0
actual,1745691314.32176,394646.8355015122,4438783.292659131,-0.07196952437061208,0
actual,1745691314.4216506,394646.8357629147,4438783.292422658,-0.07197884442881776,0
actual,1745691314.5216606,394646.8360248399,4438783.292117473,-0.07194515957425425,0
actual,1745691314.6216114,394646.8349329764,4438783.293082576,-0.07197884442881776,0
actual,1745691314.7216249,394646.83492550434,4438783.293029305,-0.07193330878863335,0
actual,1745691314.8215969,394646.83498328144,4438783.292933212,-0.07190229428782535,0
actual,1745691314.9216444,394646.83505975775,4438783.292821996,-0.07191346439503818,0
actual,1745691315.021606,394646.8351129147,4438783.292631034,-0.07191599512245339,0
actual,1745691315.12193,394646.8343434115,4438783.294525488,-0.07196900077183656,0
actual,1745691315.221676,394646.8343866235,4438783.294503312,-0.07197366080093928,0
actual,1745691315.32165,394646.83441078203,4438783.294447889,-0.07196554501991766,0
actual,1745691315.4216642,394646.83443165635,4438783.294329958,-0.07196713326953694,0
actual,1745691315.5217814,394646.8344900853,4438783.294169135,-0.07196060573813458,0
actual,1745691315.621616,394646.83442092966,4438783.295116651,-0.07194170382233533,0
actual,1745691315.7216141,394646.83449115267,4438783.294999836,-0.07189936213468195,0
actual,1745691315.8216376,394646.8346001239,4438783.294845625,-0.07191334222199036,0
actual,1745691315.9218805,394646.8347175366,4438783.2946054395,-0.07188950102440829,0
actual,1745691316.0216148,394646.83484116907,4438783.294294442,-0.07188857599990459,0
actual,1745691316.1216712,394646.8349744142,4438783.293912605,-0.07189882108261397,0
actual,1745691316.2217734,394646.83456819074,4438783.294910234,-0.0719884437397038,0
actual,1745691316.3216486,394646.8346405125,4438783.294637885,-0.07197978690661394,0
actual,1745691316.4216135,394646.83470708673,4438783.294355886,-0.07198191620830145,0
actual,1745691316.5216064,394646.83477220475,4438783.294039038,-0.07197380042727958,0
actual,1745691316.6216562,394646.8342839807,4438783.294266382,-0.07195568390964374,0
actual,1745691316.7216969,394646.8343038796,4438783.294017424,-0.07194316989890703,0
actual,1745691316.821671,394646.83434153674,4438783.293723413,-0.0719246519555435,0
actual,1745691316.9217546,394646.83440916904,4438783.293393043,-0.07191613474879369,0
actual,1745691317.02167,394646.8344470893,4438783.293026936,-0.07189110672732003,0
actual,1745691317.1216443,394646.8354695865,4438783.294201818,-0.07196434074273385,0
actual,1745691317.2215455,394646.8355758278,4438783.294038028,-0.07194104059721952,0
actual,1745691317.3216581,394646.83573073905,4438783.293820491,-0.07194290809951916,0
actual,1745691317.4218242,394646.8358770546,4438783.293567264,-0.07195062245481308,0
actual,1745691317.521655,394646.83601833734,4438783.2932929825,-0.07201067923437413,0
actual,1745691317.621629,394646.8349733298,4438783.294068698,-0.07205994987915804,0
actual,1745691317.7216022,394646.83502060006,4438783.293907648,-0.07203012220224136,0
actual,1745691317.8216727,394646.8350785385,4438783.293698489,-0.07201680534004878,0
actual,1745691317.9216883,394646.8351436333,4438783.293455695,-0.07203104722674507,0
actual,1745691318.0216258,394646.8352411563,4438783.293180012,-0.07201493783774915,0
actual,1745691318.1216006,394646.83541207627,4438783.293256264,-0.07197711655285843,0
actual,1745691318.2216787,394646.83549231454,4438783.293093447,-0.07197139187291171,0
actual,1745691318.3216364,394646.8355586206,4438783.292934551,-0.07199163769223482,0
actual,1745691318.4216452,394646.8356665954,4438783.292752419,-0.07199643734767784,0
actual,1745691318.5216298,394646.835831521,4438783.292530745,-0.07196048356508676,0
actual,1745691318.6216438,394646.8336883652,4438783.294094589,-0.0719313191132859,0
actual,1745691318.7216022,394646.8335550781,4438783.294146202,-0.07193863204285189,0
actual,1745691318.8216608,394646.8334706302,4438783.294168973,-0.07195594570903162,0
actual,1745691318.9217055,394646.8333801355,4438783.294120981,-0.07189403888046342,0
actual,1745691319.021644,394646.8332826762,4438783.294107143,-0.07188803494783659,0
actual,1745691319.1215918,394646.83420665946,4438783.293012571,-0.07195514285757575,0
actual,1745691319.2216585,394646.8343134598,4438783.292779792,-0.07196393931700591,0
actual,1745691319.3217762,394646.8344563217,4438783.292495419,-0.07193943489430778,0
actual,1745691319.4216945,394646.8345929553,4438783.292172738,-0.07191932870132471,0
actual,1745691319.5216086,394646.83474443265,4438783.291805328,-0.07191400544710617,0
actual,1745691319.6216543,394646.833538766,4438783.294583982,-0.0719350366645927,0
actual,1745691319.7217464,394646.8335543693,4438783.2945840005,-0.07194570062632248,0
actual,1745691319.8216362,394646.8335682005,4438783.294505665,-0.07193172053901409,0
actual,1745691319.9215984,394646.83357300033,4438783.294399396,-0.07193051626183003,0
actual,1745691320.0215998,394646.8336029616,4438783.294279903,-0.07191267899687478,0
actual,1745691320.122211,394646.8336716903,4438783.294150789,-0.07191653617452162,0
actual,1745691320.2217486,394646.83429699845,4438783.294154633,-0.07190667506424796,0
actual,1745691320.3216221,394646.8344415396,4438783.293959509,-0.07188363671812151,0
actual,1745691320.4216642,394646.83458870096,4438783.293731709,-0.07185887049603573,0
actual,1745691320.5216944,394646.834778918,4438783.29346237,-0.07183769965220892,0
actual,1745691320.6216063,394646.8350165916,4438783.293144539,-0.07182239311466913,0
actual,1745691320.7216163,394646.83413449826,4438783.293930746,-0.07194915637824138,0
actual,1745691320.8216956,394646.8341260937,4438783.293746889,-0.07193065588817033,0
actual,1745691320.9216168,394646.83420254843,4438783.29349757,-0.07188124561704635,0
actual,1745691321.0215223,394646.834382222,4438783.293225359,-0.07185061508867381,0
actual,1745691321.121593,394646.83390108676,4438783.294213293,-0.07193330878863335,0
actual,1745691321.2218056,394646.83390544483,4438783.294110984,-0.07193065588817033,0
actual,1745691321.3216279,394646.83393416007,4438783.293953969,-0.07191573332306575,0
actual,1745691321.4216008,394646.8339743378,4438783.2937858645,-0.0719301148361021,0
actual,1745691321.5215883,394646.83402748057,4438783.293617452,-0.07191253937053449,0
actual,1745691321.621588,394646.8334246351,4438783.29438245,-0.07195941891424325,0
actual,1745691321.7216241,394646.8334644026,4438783.294303723,-0.07195235033077266,0
actual,1745691321.8216505,394646.83350084355,4438783.294232828,-0.07191107329396279,0
actual,1745691321.9216664,394646.83357610554,4438783.294182868,-0.07191587294940581,0
actual,1745691322.0217538,394646.8336906378,4438783.294091622,-0.07191426724649407,0
actual,1745691322.121631,394646.833832175,4438783.29399969,-0.07192599585906737,0
actual,1745691322.2216058,394646.8344826533,4438783.292766524,-0.07198151478257327,0
actual,1745691322.3217611,394646.83459225344,4438783.292544832,-0.07194489777486661,0
actual,1745691322.421674,394646.83476018196,4438783.292342934,-0.07194303027256697,0
actual,1745691322.5216055,394646.83490775654,4438783.292140814,-0.07196273503982185,0
actual,1745691322.6216474,394646.83540551364,4438783.292046526,-0.07197725617919849,0
actual,1745691322.7216446,394646.8355504419,4438783.291898856,-0.07194716670289418,0
actual,1745691322.8216486,394646.8357136262,4438783.291715566,-0.07192119620362435,0
actual,1745691322.9215996,394646.8359353082,4438783.29146861,-0.07192412835676773,0
actual,1745691323.0216289,394646.8362051944,4438783.291215194,-0.07194037737210394,0
actual,1745691323.121698,394646.83437690506,4438783.292668657,-0.07199842702302531,0
actual,1745691323.221661,394646.8344163879,4438783.292628072,-0.07198977018993519,0
actual,1745691323.3216314,394646.83447657054,4438783.2925403025,-0.07199017161566337,0
actual,1745691323.421673,394646.83450920077,4438783.2924544215,-0.07200362810419626,0
actual,1745691323.521708,394646.8345899327,4438783.292340015,-0.07199882844875324,0
actual,1745691323.621716,394646.83405951364,4438783.292932087,-0.07197339900155164,0
actual,1745691323.7216363,394646.834094883,4438783.292890242,-0.07197339900155164,0
actual,1745691323.8216624,394646.83415382705,4438783.292818416,-0.07196020431240664,0
actual,1745691323.921618,394646.8342692758,4438783.292719588,-0.07195235033077266,0
actual,1745691324.0216274,394646.8343566023,4438783.29258398,-0.07192479158188356,0
actual,1745691324.1216276,394646.8354227599,4438783.292598804,-0.07190948504434351,0
actual,1745691324.2216847,394646.8355755006,4438783.292541554,-0.07191027044250692,0
actual,1745691324.321663,394646.83572973835,4438783.292445346,-0.07193517629093299,0
actual,1745691324.4216325,394646.8358343591,4438783.292303893,-0.07193264556351754,0
actual,1745691324.5216398,394646.83597051445,4438783.29214244,-0.07190761754204389,0
actual,1745691324.6216824,394646.83499361924,4438783.293735272,-0.07192651945784313,0
actual,1745691324.7216313,394646.83502606116,4438783.29373842,-0.0719209344042367,0
actual,1745691324.8216739,394646.8350997554,4438783.293727241,-0.07192306370592398,0
actual,1745691324.9216683,394646.83521171246,4438783.293701033,-0.07190229428782535,0
actual,1745691325.0216866,394646.83535273955,4438783.293662091,-0.07188204846850224,0
actual,1745691325.1216435,394646.8349243474,4438783.292793247,-0.07192531518065907,0
actual,1745691325.2215557,394646.83494941535,4438783.292661417,-0.07191426724649407,0
actual,1745691325.3215868,394646.83501459315,4438783.292514853,-0.07192332550531186,0
actual,1745691325.421603,394646.83506480255,4438783.292302942,-0.07188470136896527,0
actual,1745691325.5216022,394646.83513371286,4438783.292118424,-0.07188604527248939,0
actual,1745691325.6215985,394646.8348770451,4438783.292398996,-0.07194955780396933,0
actual,1745691325.721602,394646.8349377264,4438783.292291213,-0.07193437343947712,0
actual,1745691325.8216996,394646.83502510726,4438783.292170059,-0.07193770701834844,0
actual,1745691325.921637,394646.8351378775,4438783.2920650495,-0.07195062245481308,0
actual,1745691326.0216854,394646.83530900587,4438783.2919242615,-0.07193744521896056,0
actual,1745691326.1216764,394646.83541131514,4438783.292697599,-0.07194435672279836,0
actual,1745691326.2216527,394646.83547540754,4438783.292683004,-0.07195941891424325,0
actual,1745691326.3216126,394646.8355682124,4438783.292615187,-0.0719327851898576,0
actual,1745691326.4215899,394646.83570837224,4438783.292521401,-0.0719048250152408,0
actual,1745691326.5216587,394646.8358410948,4438783.292432355,-0.0719082807671597,0
actual,1745691326.6216063,394646.8346094491,4438783.293068488,-0.07198818194031592,0
actual,1745691326.7216122,394646.83462573274,4438783.292965705,-0.07198924659115967,0
actual,1745691326.821644,394646.83461683604,4438783.292786633,-0.07197418439971505,0
actual,1745691326.9216902,394646.8346486497,4438783.292577174,-0.0719764533277426,0
actual,1745691327.0215733,394646.83473199664,4438783.292308633,-0.07197366080093928,0
actual,1745691327.1215649,394646.834427668,4438783.292881096,-0.07196367751761802,0
actual,1745691327.2216456,394646.83439225086,4438783.29277428,-0.0719442345497508,0
actual,1745691327.3216195,394646.83440038795,4438783.292619254,-0.07192905018525833,0
actual,1745691327.4217114,394646.8344191411,4438783.29237458,-0.07189470210557924,0
actual,1745691327.5216427,394646.83447400416,4438783.292133238,-0.07190842039349976,0
actual,1745691327.6216667,394646.83421009145,4438783.293841462,-0.07199655952072567,0
actual,1745691327.7216642,394646.8342083801,4438783.293773016,-0.07196980362329244,0
actual,1745691327.8216295,394646.8342850956,4438783.293715323,-0.07196687147014905,0
actual,1745691327.9216552,394646.8343415975,4438783.293632541,-0.07195954108729083,0
actual,1745691328.0217152,394646.83437890024,4438783.293465179,-0.07194210524806327,0
actual,1745691328.121555,394646.8334450722,4438783.292968891,-0.07195289138284065,0
actual,1745691328.221598,394646.83346426324,4438783.292828647,-0.07193957452064807,0
actual,1745691328.3216321,394646.83344022866,4438783.292657055,-0.07195076208115314,0
actual,1745691328.4218433,394646.8333943605,4438783.292477908,-0.07196992579634001,0
actual,1745691328.5216765,394646.83341986826,4438783.29227179,-0.0719694021975645,0
actual,1745691328.6216624,394646.83344475285,4438783.293564007,-0.07198551158656041,0
actual,1745691328.7216294,394646.8334962945,4438783.293526997,-0.07199177731857513,0
actual,1745691328.8216527,394646.8335899723,4438783.293474695,-0.07198125298318564,0
actual,1745691328.921542,394646.833719463,4438783.293395304,-0.07197472545178303,0
actual,1745691329.0216694,394646.83389464277,4438783.293278242,-0.0719884437397038,0
actual,1745691329.1216154,394646.83405614336,4438783.292653131,-0.07195701035987538,0
actual,1745691329.2215738,394646.83416828746,4438783.292486111,-0.07195927928790294,0
actual,1745691329.321697,394646.83428055595,4438783.292228654,-0.0719188051025492,0
actual,1745691329.4216034,394646.8344474223,4438783.291934689,-0.0719117365190786,0
actual,1745691329.5216355,394646.83467475395,4438783.291612885,-0.07189442285289889,0
actual,1745691329.6216252,394646.83435466373,4438783.293314422,-0.07191187614541891,0
actual,1745691329.7215893,394646.8343770952,4438783.293242129,-0.0719056104134042,0
actual,1745691329.8216307,394646.8344257066,4438783.293151918,-0.07190042678552572,0
actual,1745691329.9216352,394646.8345239412,4438783.292998731,-0.0718816470427743,0
actual,1745691330.021591,394646.83461095416,4438783.292853356,-0.07189430067985131,0
actual,1745691330.1215854,394646.83429973916,4438783.293661336,-0.07199788597095706,0
actual,1745691330.2215948,394646.83432459907,4438783.2935135225,-0.07197285794948341,0
actual,1745691330.321595,394646.8343853536,4438783.293340355,-0.07195222815772483,0
actual,1745691330.4216318,394646.83445188735,4438783.293134301,-0.07193397201374893,0
actual,1745691330.521656,394646.83450019045,4438783.292898079,-0.07192599585906737,0
actual,1745691330.621641,394646.83385731484,4438783.29564436,-0.07196980362329244,0
actual,1745691330.7216465,394646.83387676615,4438783.295558063,-0.07198018833234188,0
actual,1745691330.8215668,394646.83392899146,4438783.295427534,-0.0719363805681168,0
actual,1745691330.9215863,394646.83394838206,4438783.295340228,-0.0719608849908147,0
actual,1745691331.021712,394646.8339717841,4438783.2951912405,-0.07190362073805699,0
actual,1745691331.1216302,394646.8354246388,4438783.295858919,-0.07197952510722605,0
actual,1745691331.2215836,394646.83555446484,4438783.295699974,-0.07190362073805699,0
actual,1745691331.3215919,394646.8356388372,4438783.295575032,-0.07193583951604857,0
actual,1745691331.421653,394646.8356219089,4438783.295231922,-0.0719117365190786,0
actual,1745691331.521627,394646.83549597074,4438783.294982625,-0.07190868219288764,0
actual,1745691331.6215854,394646.83542423014,4438783.295696389,-0.07197020504902038,0
actual,1745691331.7216241,394646.8353484422,4438783.295408071,-0.07187819129085539,0
actual,1745691331.821908,394646.8354218417,4438783.29523007,-0.0719231858789718,0
actual,1745691331.9216263,394646.8356373728,4438783.294942411,-0.0718645951759822,0
actual,1745691332.0215936,394646.83600742795,4438783.294606786,-0.07188084419131842,0
actual,1745691332.121615,394646.83644389705,4438783.294189138,-0.0718535472418172,0
actual,1745691332.2216537,394646.8351381384,4438783.296161972,-0.07196540539357736,0
actual,1745691332.3216121,394646.8351868323,4438783.295979802,-0.0719539560336844,0
actual,1745691332.4215937,394646.83515305,4438783.295803201,-0.07195807501071913,0
actual,1745691332.521655,394646.8351365503,4438783.295618739,-0.07194742850228181,0
actual,1745691332.6216354,394646.83271599805,4438783.296768833,-0.07196048356508676,0
actual,1745691332.7216132,394646.83265133697,4438783.296644278,-0.0719538164073441,0
actual,1745691332.8216333,394646.83258216904,4438783.296536297,-0.07196900077183656,0
actual,1745691332.9216876,394646.8324385491,4438783.296304768,-0.07192039335216847,0
actual,1745691333.0216186,394646.832307474,4438783.296041059,-0.07195554428330368,0
actual,1745691333.1216161,394646.8332477471,4438783.295354427,-0.0719744636523954,0
actual,1745691333.2216709,394646.83332070993,4438783.295184737,-0.07199443021903816,0
actual,1745691333.3216805,394646.8334678577,4438783.294898652,-0.07196221144104634,0
actual,1745691333.4219525,394646.833579078,4438783.294555295,-0.07191892727559678,0
actual,1745691333.5216074,394646.83370497724,4438783.294204375,-0.07194369349768255,0
actual,1745691333.6216767,394646.83424385934,4438783.293978145,-0.07202425789595483,0
actual,1745691333.72167,394646.8343832698,4438783.293730954,-0.0720263871976421,0
actual,1745691333.8216221,394646.83458693774,4438783.293443112,-0.07201640391432085,0
actual,1745691333.9215972,394646.83476493356,4438783.293096447,-0.07196140858959046,0
actual,1745691334.021694,394646.83494434756,4438783.292763239,-0.07198884516543173,0
actual,1745691334.121731,394646.83388087386,4438783.293828489,-0.07199163769223482,0
actual,1745691334.2216246,394646.8338945315,4438783.293774822,-0.07200216202762456,0
actual,1745691334.3216445,394646.83390814404,4438783.293676612,-0.0720124071103337,0
actual,1745691334.4218056,394646.83393261424,4438783.293551186,-0.07200455312869972,0
actual,1745691334.5216737,394646.8339929158,4438783.29339203,-0.07198603518533593,0
actual,1745691334.6216435,394646.8346105743,4438783.293149006,-0.07195554428330368,0
actual,1745691334.721671,394646.83469168073,4438783.293046956,-0.07195847643644707,0
actual,1745691334.821827,394646.8347942897,4438783.292897727,-0.07196074536447464,0
actual,1745691334.9216485,394646.8348938102,4438783.292698589,-0.07195128567992891,0
actual,1745691335.0216408,394646.83499422076,4438783.292497853,-0.07195048282847302,0
actual,1745691335.121646,394646.8346588091,4438783.292928792,-0.07196327609189009,0
actual,1745691335.2216632,394646.83471138106,4438783.292842185,-0.0719313191132859,0
actual,1745691335.3216503,394646.83475772315,4438783.292769394,-0.07193917309491989,0
actual,1745691335.4215875,394646.83478715713,4438783.292620147,-0.07192746193563906,0
actual,1745691335.5216527,394646.8348180639,4438783.292470334,-0.07193451306581718,0
actual,1745691335.6218143,394646.83385544026,4438783.292774302,-0.07192412835676773,0
actual,1745691335.7217455,394646.83385559835,4438783.2926460095,-0.07191533189733781,0
actual,1745691335.8215973,394646.83380615164,4438783.292455536,-0.07189283460327961,0
actual,1745691335.9216027,394646.8337698602,4438783.292274475,-0.07190494718828838,0
actual,1745691336.021666,394646.83377415634,4438783.291978933,-0.07188271169361805,0
actual,1745691336.1216135,394646.83403240907,4438783.292481676,-0.07195154747931654,0
actual,1745691336.2215943,394646.8340965114,4438783.292302523,-0.0719447581485263,0
actual,1745691336.3215997,394646.8341694306,4438783.292076211,-0.0719070764899759,0
actual,1745691336.4216027,394646.8342688713,4438783.291792867,-0.07188391597080186,0
actual,1745691336.5217009,394646.83439385414,4438783.2915151175,-0.07189922250834191,0
actual,1745691336.6216154,394646.83452853444,4438783.292264874,-0.07196100716386253,0
actual,1745691336.7217147,394646.83468609443,4438783.292125858,-0.07195329280856859,0
actual,1745691336.8216767,394646.8348980552,4438783.291959807,-0.0719576735849912,0
actual,1745691336.9216697,394646.8350935994,4438783.291740507,-0.07196273503982185,0
actual,1745691337.0216467,394646.83515282493,4438783.291481417,-0.07195954108729083,0
actual,1745691337.1216671,394646.83590051497,4438783.292553986,-0.07199350519453446,0
actual,1745691337.2216196,394646.8358904939,4438783.292486364,-0.07196592899235311,0
actual,1745691337.3216345,394646.83593425207,4438783.292402554,-0.07195222815772483,0
actual,1745691337.4216046,394646.83600969875,4438783.292305688,-0.0719371659662802,0
actual,1745691337.5216405,394646.8360373323,4438783.292172942,-0.07193304698924548,0
actual,1745691337.621646,394646.8374257684,4438783.292333148,-0.0719792458545457,0
actual,1745691337.721626,394646.8374876957,4438783.292248136,-0.0719744636523954,0
actual,1745691337.821756,394646.8372078455,4438783.29203464,-0.0718892392250204,0
actual,1745691337.9217076,394646.83657646814,4438783.291957554,-0.07197193292497996,0
actual,1745691338.021599,394646.8360951256,4438783.291956764,-0.07201361138751751,0
actual,1745691338.1215916,394646.8359232886,4438783.291760717,-0.0720129481624017,0
actual,1745691338.221655,394646.8369531928,4438783.292188231,-0.07203171045186063,0
actual,1745691338.321664,394646.8378872045,4438783.291817703,-0.0719070764899759,0
actual,1745691338.4215875,394646.83897614694,4438783.291605008,-0.0719933655681944,0
actual,1745691338.521596,394646.84003039624,4438783.291267335,-0.07192852658648281,0
actual,1745691338.6216996,394646.8366064496,4438783.293391381,-0.0719407613445394,0
actual,1745691338.7216258,394646.8365889448,4438783.293376216,-0.07193624094177675,0
actual,1745691338.8215916,394646.83652579965,4438783.293410502,-0.07199109664016683,0
actual,1745691338.9216263,394646.83647509915,4438783.2933726,-0.07200388990358389,0
actual,1745691339.0216696,394646.8364539318,4438783.293272536,-0.07200947495719032,0
actual,1745691339.1217043,394646.83535658644,4438783.2939337315,-0.07198018833234188,0
actual,1745691339.2216108,394646.8352350084,4438783.293935242,-0.07199310376880652,0
actual,1745691339.3215895,394646.8351222683,4438783.293882063,-0.0720074852818431,0
actual,1745691339.4217153,394646.83507218806,4438783.293826581,-0.07199710057279367,0
actual,1745691339.521662,394646.8350365948,4438783.293775406,-0.07200176060189663,0
actual,1745691339.621592,394646.8371014298,4438783.292556729,-0.07199416841965027,0
actual,1745691339.7215958,394646.83741184545,4438783.292191742,-0.07195873823583496,0
actual,1745691339.8216515,394646.8377288528,4438783.291807764,-0.07189763425872263,0
actual,1745691339.9217002,394646.8380609994,4438783.29141828,-0.07192479158188356,0
actual,1745691340.021612,394646.83850314963,4438783.290953649,-0.07188990245013623,0
actual,1745691340.1216357,394646.834995123,4438783.291601162,-0.07194995922969727,0
actual,1745691340.2216127,394646.83517985663,4438783.291500219,-0.07199629772133778,0
actual,1745691340.3215919,394646.83540085977,4438783.29124102,-0.0719378466446885,0
actual,1745691340.4215913,394646.83551130537,4438783.290918807,-0.0719251930076115,0
actual,1745691340.521589,394646.83542272693,4438783.290595733,-0.07189389925412337,0
actual,1745691340.621662,394646.8356243158,4438783.291773657,-0.07201226748399339,0
actual,1745691340.721663,394646.8356705889,4438783.291748047,-0.07198697766313211,0
actual,1745691340.8216026,394646.83575345494,4438783.291751252,-0.07200961458353036,0
actual,1745691340.9216611,394646.83581204095,4438783.291737349,-0.07202253001999526,0
actual,1745691341.0216389,394646.83597315446,4438783.291655401,-0.07200987638291825,0
actual,1745691341.1215944,394646.83590324543,4438783.291968138,-0.07190082821125365,0
actual,1745691341.2216625,394646.83587480837,4438783.291950229,-0.07192891055891827,0
actual,1745691341.3216438,394646.8357541765,4438783.291995872,-0.07194995922969727,0
actual,1745691341.4216359,394646.83576208295,4438783.291897713,-0.07193770701834844,0
actual,1745691341.5216863,394646.83583942015,4438783.291778043,-0.07193957452064807,0
actual,1745691341.6216643,394646.83332144597,4438783.292582758,-0.07196020431240664,0
actual,1745691341.721688,394646.83306815143,4438783.292549138,-0.07195194890504447,0
actual,1745691341.8216162,394646.83275448077,4438783.292490361,-0.07197233435070789,0
actual,1745691341.9216318,394646.8324106899,4438783.292393254,-0.0719784604563823,0
actual,1745691342.0216253,394646.83207636967,4438783.292239594,-0.07194716670289418,0
actual,1745691342.1216571,394646.8317577085,4438783.292045549,-0.0719082807671597,0
actual,1745691342.2216287,394646.8347212949,4438783.29224901,-0.07192545480699937,0
actual,1745691342.3216445,394646.83480373985,4438783.292164528,-0.07193491449154511,0
actual,1745691342.421686,394646.8349080242,4438783.292045307,-0.07196540539357736,0
actual,1745691342.5216107,394646.8350699336,4438783.291879488,-0.0719792458545457,0
actual,1745691342.6216016,394646.8338957546,4438783.294149307,-0.07196233361409392,0
actual,1745691342.721584,394646.8338691894,4438783.294169701,-0.07193597914238886,0
actual,1745691342.8216894,394646.83385983086,4438783.2941538235,-0.07194929600458144,0
actual,1745691342.9216654,394646.8339056697,4438783.294121238,-0.07197193292497996,0
actual,1745691343.0215955,394646.8339298618,4438783.294008426,-0.07192784590807452,0
actual,1745691343.121641,394646.833582684,4438783.293327299,-0.07190201503514498,0
actual,1745691343.2217586,394646.8335289776,4438783.293115448,-0.07187126233372486,0
actual,1745691343.3216243,394646.83341761143,4438783.292965503,-0.07185208116524551,0
actual,1745691343.4216075,394646.83276059525,4438783.292779608,-0.07184569326018321,0
actual,1745691343.521592,394646.8315059793,4438783.292597085,-0.07184396538422363,0
actual,1745691343.6216788,394646.828630379,4438783.2934309095,-0.07197072864779613,0
actual,1745691343.7217405,394646.828484333,4438783.2931748275,-0.07194809172739763,0
actual,1745691343.821634,394646.82961277314,4438783.292831667,-0.07191346439503818,0
actual,1745691343.9216473,394646.83189251507,4438783.292416212,-0.07200268562640008,0
actual,1745691344.0215743,394646.8347139743,4438783.291658261,-0.07181068195538806,0
actual,1745691344.1216328,394646.83821286086,4438783.293101234,-0.07182305633978471,0
actual,1745691344.2216203,394646.8391260476,4438783.292782468,-0.07178816720803738,0
actual,1745691344.3216846,394646.8390815249,4438783.292695469,-0.0718477003888229,0
actual,1745691344.4216628,394646.83881389763,4438783.292597283,-0.071895766756423,0
actual,1745691344.5216875,394646.83850887744,4438783.292301842,-0.07178045285274369,0
actual,1745691344.6216235,394646.8368936697,4438783.292324173,-0.07183225422494281,0
actual,1745691344.7216089,394646.8364329427,4438783.292009522,-0.0717572748802772,0
actual,1745691344.8215806,394646.8363381907,4438783.291725933,-0.0718014840702302,0
actual,1745691344.9216027,394646.8365142476,4438783.291360647,-0.07179270506409251,0
actual,1745691345.021657,394646.83681077557,4438783.290929326,-0.07179895334281475,0
actual,1745691345.1216617,394646.836592322,4438783.292479965,-0.07182558706720016,0
actual,1745691345.221627,394646.83657081384,4438783.292399486,-0.07184689753736702,0
actual,1745691345.3218195,394646.8363788454,4438783.292274358,-0.07184635648529904,0
actual,1745691345.4215848,394646.8362092269,4438783.292098002,-0.07183930535512092,0
actual,1745691345.5216577,394646.8361216208,4438783.291912671,-0.0718576836721444,0
actual,1745691345.621654,394646.8361558686,4438783.292436167,-0.0718676669554659,0
actual,1745691345.7216678,394646.8362363324,4438783.292260691,-0.07183836287732474,0
actual,1745691345.8218002,394646.836349075,4438783.292086392,-0.07182612811926839,0
actual,1745691345.9216313,394646.8364685294,4438783.291849041,-0.07181134518050387,0
actual,1745691346.02159,394646.8365449107,4438783.291568908,-0.07182172988955332,0
actual,1745691346.1216495,394646.8368488486,4438783.293836738,-0.0718430229064277,0
actual,1745691346.221862,394646.8370229985,4438783.293810987,-0.07181652880838235,0
actual,1745691346.3216078,394646.8371700222,4438783.29374512,-0.07181972276091338,0
actual,1745691346.421603,394646.8372431481,4438783.293648771,-0.0718120084056197,0
actual,1745691346.5216868,394646.8373357433,4438783.293539552,-0.07181893736275023,0
actual,1745691346.6217153,394646.8374266996,4438783.293246954,-0.07186499660171014,0
actual,1745691346.7216866,394646.8375611899,4438783.293106194,-0.0718645951759822,0
actual,1745691346.8216171,394646.83767958503,4438783.292936182,-0.07187471808564376,0
actual,1745691346.921621,394646.8378015504,4438783.292682732,-0.07187606198916788,0
actual,1745691347.0218747,394646.83793373377,4438783.292327844,-0.07186646267828184,0
actual,1745691347.121709,394646.8385188741,4438783.293713924,-0.07186234370124711,0
actual,1745691347.2216086,394646.83859297965,4438783.293623048,-0.07186740515607802,0
actual,1745691347.3215904,394646.8387116877,4438783.293480242,-0.07186700373035008,0
actual,1745691347.421623,394646.8388470507,4438783.293313603,-0.0718667419309622,0
actual,1745691347.521797,394646.8390003858,4438783.293104493,-0.07190733828936352,0
actual,1745691347.6216173,394646.838317864,4438783.293556844,-0.07190295751294117,0
actual,1745691347.721628,394646.8382985081,4438783.293405325,-0.07191573332306575,0
actual,1745691347.8216298,394646.83825965214,4438783.293219961,-0.07191374364771855,0
actual,1745691347.9216223,394646.8382337184,4438783.292998495,-0.07191426724649407,0
actual,1745691348.0217133,394646.8382296575,4438783.292683184,-0.07189656960787888,0
actual,1745691348.1216974,394646.83897050505,4438783.293441667,-0.0719006885849136,0
actual,1745691348.221663,394646.8389769253,4438783.293373562,-0.0719005489585733,0
actual,1745691348.3215592,394646.838995761,4438783.2931933,-0.07190255608721323,0
actual,1745691348.421708,394646.8390842151,4438783.293014789,-0.07188737172272078,0
actual,1745691348.5216546,394646.83914667566,4438783.292745184,-0.07187845309024303,0
actual,1745691348.6216388,394646.8369524156,4438783.294521417,-0.07185702044702857,0
actual,1745691348.7216358,394646.83691672573,4438783.2943992615,-0.07182426061696877,0
actual,1745691348.8217049,394646.8368774527,4438783.294265537,-0.07185288401670138,0
actual,1745691348.9218163,394646.83682301454,4438783.294073003,-0.0718660612525539,0
actual,1745691349.021656,394646.8368703981,4438783.293845552,-0.07186660230462215,0
actual,1745691349.1215882,394646.83903741516,4438783.293767052,-0.07185541474411683,0
actual,1745691349.2217813,394646.83944472834,4438783.293456981,-0.07186593907950632,0
actual,1745691349.3217015,394646.83984007785,4438783.293125512,-0.07186246587429494,0
actual,1745691349.4218137,394646.84032561764,4438783.292710513,-0.07185581616984477,0
actual,1745691349.5216355,394646.8408124121,4438783.292185325,-0.07179549759089585,0
actual,1745691349.6219137,394646.8378461646,4438783.293831784,-0.07181572595692648,0
actual,1745691349.7216454,394646.8378075878,4438783.293811178,-0.07181494055876309,0
actual,1745691349.8216336,394646.8377759387,4438783.293714409,-0.07180853520040832,0
actual,1745691349.9216402,394646.8377391919,4438783.293632908,-0.0718028105204616,0
actual,1745691350.0227423,394646.83770589094,4438783.293517415,-0.07180335157252983,0
actual,1745691350.1216605,394646.83769956965,4438783.293291675,-0.07180321194618954,0
actual,1745691350.221631,394646.83810029697,4438783.2925113365,-0.07184342433215564,0
actual,1745691350.3216605,394646.83811712853,4438783.292352343,-0.0719006885849136,0
actual,1745691350.4217124,394646.8381019734,4438783.292085797,-0.07187925594169915,0
actual,1745691350.5216124,394646.8381521426,4438783.291714608,-0.07189896070895402,0
actual,1745691350.6216092,394646.83744671475,4438783.293529766,-0.07185647939496059,0
actual,1745691350.7216864,394646.83739352645,4438783.293526341,-0.0719056104134042,0
actual,1745691350.82178,394646.8372916089,4438783.293504236,-0.07189110672732003,0
actual,1745691350.9216933,394646.83723992156,4438783.2934416775,-0.07193543809032063,0
actual,1745691351.0216198,394646.8371920397,4438783.293257502,-0.07187698701367133,0
actual,1745691351.1216505,394646.83871751657,4438783.292907534,-0.07187393268748037,0
actual,1745691351.2216122,394646.8387746822,4438783.29274268,-0.07183743785282129,0
actual,1745691351.3216085,394646.8388537588,4438783.292494382,-0.07180335157252983,0
actual,1745691351.4216044,394646.8389156832,4438783.292236467,-0.07177179601965383,0
actual,1745691351.521705,394646.83897343784,4438783.291905476,-0.07174769302268363,0
actual,1745691351.621634,394646.8380345686,4438783.293170726,-0.07178204110236297,0
actual,1745691351.7219155,394646.83807740745,4438783.293104828,-0.07180521907482947,0
actual,1745691351.8216617,394646.8380622031,4438783.2929382585,-0.07175807773173307,0
actual,1745691351.9216642,394646.8381123688,4438783.292735696,-0.0717543427271338,0
actual,1745691352.0216177,394646.83822781255,4438783.292480524,-0.07176434346374778,0
actual,1745691352.121588,394646.83907235065,4438783.293951001,-0.07190534861401632,0
actual,1745691352.2216332,394646.8391704802,4438783.293909243,-0.07188110599070606,0
actual,1745691352.321621,394646.8393671272,4438783.2938644085,-0.07188391597080186,0
actual,1745691352.4216678,394646.83954417665,4438783.293782138,-0.07186421120354675,0
actual,1745691352.521661,394646.8396797179,4438783.293737864,-0.07187471808564376,0
actual,1745691352.6217825,394646.8384310537,4438783.293871294,-0.07186234370124711,0
actual,1745691352.7218416,394646.83850251476,4438783.293804473,-0.07186806838119383,0
actual,1745691352.8216977,394646.8385379046,4438783.293721947,-0.07186780658180596,0
actual,1745691352.9216228,394646.83851875376,4438783.293600335,-0.07185967334749162,0
actual,1745691353.0218427,394646.8385179639,4438783.293476733,-0.07185834689726021,0
actual,1745691353.1216521,394646.8389644938,4438783.293402586,-0.07181453913303515,0
actual,1745691353.2216284,394646.8390220711,4438783.29328665,-0.07181466130608273,0
actual,1745691353.3216007,394646.8391437309,4438783.293153531,-0.0718219916889412,0
actual,1745691353.4216633,394646.83926125,4438783.2930147005,-0.07180921587881661,0
actual,1745691353.5218024,394646.8393850031,4438783.29284417,-0.07179842974403923,0
actual,1745691353.6221514,394646.83879146323,4438783.2925518695,-0.07183317924944627,0
actual,1745691353.7218945,394646.83883309906,4438783.292376906,-0.07182625029231597,0
actual,1745691353.8225586,394646.83888720756,4438783.292165035,-0.07182438279001635,0
actual,1745691353.9217691,394646.8389038326,4438783.291892336,-0.07179921514220264,0
actual,1745691354.021673,394646.8389179418,4438783.291640545,-0.07181733165983824,0
actual,1745691354.1216407,394646.83831711236,4438783.2935629375,-0.07189349782839519,0
actual,1745691354.2217722,394646.83837778657,4438783.293497745,-0.07194435672279836,0
actual,1745691354.3216598,394646.8384162896,4438783.293376652,-0.07194556099998219,0
actual,1745691354.421714,394646.8384278294,4438783.293178518,-0.0719313191132859,0
actual,1745691354.5216546,394646.83843003516,4438783.29291388,-0.07193704379323262,0
actual,1745691354.6216862,394646.83855118474,4438783.292688698,-0.07185448971961313,0
actual,1745691354.7218676,394646.83858891105,4438783.292526999,-0.07186073799833537,0
actual,1745691354.8216348,394646.83867190755,4438783.292335512,-0.07187019768288111,0
actual,1745691354.9216127,394646.8387977942,4438783.292094625,-0.07186646267828184,0
actual,1745691355.021628,394646.8389470568,4438783.291822564,-0.07185049291562623,0
actual,1745691355.1216142,394646.83978207374,4438783.292616044,-0.07187712664001164,0
actual,1745691355.2216108,394646.8399066971,4438783.292460842,-0.07187192555884069,0
actual,1745691355.32183,394646.840104992,4438783.292242384,-0.07186965663081311,0
actual,1745691355.42163,394646.8403541938,4438783.291989867,-0.07190733828936352,0
actual,1745691355.5218186,394646.8405751395,4438783.2916825805,-0.0719032193123288,0
actual,1745691355.6218097,394646.8399541598,4438783.292889514,-0.07187499733832413,0
actual,1745691355.7216914,394646.8400367387,4438783.292768602,-0.0718780516645151,0
actual,1745691355.8216503,394646.8401321298,4438783.292567843,-0.0718731298360245,0
actual,1745691355.9216232,394646.84027597593,4438783.29228498,-0.07183611140258965,0
actual,1745691356.021701,394646.84046827507,4438783.291997404,-0.07183476749906578,0
actual,1745691356.1217947,394646.8393775346,4438783.292985015,-0.07186513622805045,0
actual,1745691356.2217803,394646.8393032819,4438783.292832881,-0.0718725887839565,0
actual,1745691356.3216183,394646.839226881,4438783.292614272,-0.07186565982682597,0
actual,1745691356.421848,394646.8392164402,4438783.292336327,-0.0718751195113717,0
actual,1745691356.5218184,394646.8391817748,4438783.291981941,-0.07183331887578656,0
actual,1745691356.6216636,394646.8385156366,4438783.292714308,-0.07187059910860905,0
actual,1745691356.7217,394646.838421765,4438783.29259019,-0.07187178593250038,0
actual,1745691356.8226056,394646.83835403784,4438783.292443811,-0.071849951863558,0
actual,1745691356.9216707,394646.8382762558,4438783.292235572,-0.07187100053433698,0
actual,1745691357.021628,394646.8382070579,4438783.292016754,-0.0718956271300827,0
actual,1745691357.1218803,394646.8386629411,4438783.291345701,-0.07186859197996935,0
actual,1745691357.2217953,394646.8387312397,4438783.291063601,-0.07184382575788358,0
actual,1745691357.321638,394646.8387784353,4438783.290758211,-0.0718477003888229,0
actual,1745691357.4218228,394646.83881073666,4438783.290439967,-0.07186393195086664,0
actual,1745691357.5216167,394646.8389030732,4438783.28996666,-0.07183691425404552,0
actual,1745691357.6221921,394646.83903681114,4438783.289565251,-0.07185101651440175,0
actual,1745691357.7216237,394646.83732730884,4438783.291903878,-0.07187431665991582,0
actual,1745691357.8216133,394646.8373324667,4438783.291860304,-0.07191213794480654,0
actual,1745691357.9215767,394646.8373558402,4438783.291746741,-0.07189763425872263,0
actual,1745691358.0221262,394646.83736102906,4438783.291628183,-0.07185941154810398,0
actual,1745691358.1216855,394646.8376252734,4438783.291965619,-0.07183064852203105,0
actual,1745691358.2216127,394646.83765331923,4438783.291898532,-0.07185702044702857,0
actual,1745691358.3215914,394646.83770825947,4438783.291799297,-0.07185208116524551,0
actual,1745691358.4218228,394646.8377664135,4438783.291696611,-0.07182012418664156,0
actual,1745691358.5216355,394646.8378082378,4438783.29156433,-0.07180961730454455,0
actual,1745691358.6216311,394646.8363557282,4438783.293244794,-0.071862605500635,0
actual,1745691358.7217455,394646.83629633,4438783.293249895,-0.0718801809662026,0
actual,1745691358.8216107,394646.83624267863,4438783.29322891,-0.07186712590339767,0
actual,1745691358.9217136,394646.836227353,4438783.293233496,-0.07190948504434351,0
actual,1745691359.021627,394646.8362139213,4438783.293131193,-0.07192479158188356,0
actual,1745691359.1218858,394646.83622380276,4438783.293022704,-0.07185302364304144,0
actual,1745691359.222286,394646.8363231459,4438783.294417546,-0.07183916572878062,0
actual,1745691359.3216918,394646.83624284307,4438783.294441197,-0.07185567654350447,0
actual,1745691359.4217107,394646.8362245498,4438783.294342043,-0.07185222079158556,0
actual,1745691359.5216343,394646.83625247463,4438783.294194965,-0.07180668515140116,0
actual,1745691359.621752,394646.83706008777,4438783.2930891765,-0.0718667419309622,0
actual,1745691359.7217424,394646.83704393654,4438783.292871005,-0.07185408829388519,0
actual,1745691359.8218744,394646.8372105976,4438783.2926291,-0.07186539802743809,0
actual,1745691359.9217403,394646.8374727471,4438783.292249487,-0.07184914901210211,0
actual,1745691360.0217159,394646.83760256943,4438783.291892919,-0.07186007477321955,0
actual,1745691360.121675,394646.83738399454,4438783.295228087,-0.07189335820205513,0
actual,1745691360.2217085,394646.83734566683,4438783.295182934,-0.07187859271658333,0
actual,1745691360.321637,394646.8374498347,4438783.295133795,-0.07188656887126489,0
actual,1745691360.4216037,394646.83759940456,4438783.295075286,-0.07187431665991582,0
actual,1745691360.5216236,394646.83772062184,4438783.294952327,-0.07189948430772954,0
actual,1745691360.6221232,394646.8376106978,4438783.294197893,-0.07186099979772324,0
actual,1745691360.7216334,394646.83767195325,4438783.294014017,-0.07184235968131189,0
actual,1745691360.8216197,394646.83775967953,4438783.293811227,-0.07184290073337989,0
actual,1745691360.9216528,394646.8378580243,4438783.293498035,-0.07177657822180412,0
actual,1745691361.0217633,394646.8380093271,4438783.293216441,-0.0718093380518642,0
actual,1745691361.1217866,394646.83785699215,4438783.29439857,-0.07184382575788358,0
actual,1745691361.221628,394646.8379786748,4438783.294287241,-0.07184037000596467,0
actual,1745691361.3216352,394646.8381237653,4438783.294130327,-0.07182385919124083,0
actual,1745691361.421888,394646.8382618957,4438783.293944035,-0.07181240983134764,0
actual,1745691361.5216498,394646.8384698411,4438783.293693139,-0.07181227020500758,0
actual,1745691361.6216187,394646.83761220356,4438783.294173312,-0.0718614012234512,0
actual,1745691361.721618,394646.8376063184,4438783.294062963,-0.07187752806573958,0
actual,1745691361.8217697,394646.8376200184,4438783.293914913,-0.07188325274568605,0
actual,1745691361.9217722,394646.8376955377,4438783.29360077,-0.07185368686815725,0
actual,1745691362.021678,394646.8377744301,4438783.293301815,-0.0718851027946932,0
actual,1745691362.1222756,394646.83782097395,4438783.29298285,-0.07190229428782535,0
actual,1745691362.2218134,394646.83807254164,4438783.294431317,-0.07189656960787888,0
actual,1745691362.321625,394646.8381243674,4438783.294198882,-0.07186367015147875,0
actual,1745691362.421839,394646.8381656789,4438783.293998541,-0.07187045948226899,0
actual,1745691362.5216284,394646.83823720255,4438783.293732692,-0.07188257206727776,0
actual,1745691362.6216934,394646.839163052,4438783.2941998355,-0.07187778986512745,0
actual,1745691362.721645,394646.83930461324,4438783.294071614,-0.07188777314844871,0
actual,1745691362.8217146,394646.83942372294,4438783.293890178,-0.07185475151900102,0
actual,1745691362.9216187,394646.83955694863,4438783.293684405,-0.07185195899219793,0
actual,1745691363.0216675,394646.83971597743,4438783.2934514675,-0.07183010746996282,0
actual,1745691363.1217513,394646.83727002214,4438783.293727894,-0.07182825742095567,0
actual,1745691363.221745,394646.83719629823,4438783.293487339,-0.07181014090332007,0
actual,1745691363.3217828,394646.83715176606,4438783.293234065,-0.07182665171804391,0
actual,1745691363.4215562,394646.83713008394,4438783.29290177,-0.07182932207179941,0
actual,1745691363.5216784,394646.8370664174,4438783.292466471,-0.07184583288652327,0
actual,1745691363.6217744,394646.8373644429,4438783.294047214,-0.07185874832298815,0
actual,1745691363.721785,394646.83746770065,4438783.293947101,-0.07189922250834191,0
actual,1745691363.821767,394646.8375883535,4438783.293713947,-0.07187485771198407,0
actual,1745691363.9216151,394646.83773983404,4438783.293457009,-0.07187218735822856,0
actual,1745691364.021673,394646.83788229956,4438783.293174401,-0.07185780584519198,0
actual,1745691364.1217647,394646.8375785791,4438783.293321416,-0.0718787148896309,0
actual,1745691364.221713,394646.8376358035,4438783.293189524,-0.07186314655270323,0
actual,1745691364.3217437,394646.8377880777,4438783.293007433,-0.07188351454507393,0
actual,1745691364.421827,394646.8379643195,4438783.292756323,-0.07185555437045689,0
actual,1745691364.5218568,394646.8381404524,4438783.292594895,-0.0718550133183889,0
actual,1745691364.6217375,394646.8373819713,4438783.292682887,-0.07186780658180596,0
actual,1745691364.7216487,394646.8374651988,4438783.292565644,-0.07189775643177021,0
actual,1745691364.8216896,394646.8375216663,4438783.292391221,-0.07186846980692177,0
actual,1745691364.921707,394646.83757819404,4438783.29219326,-0.07189163032609555,0
actual,1745691365.0216067,394646.837610718,4438783.291890257,-0.07189349782839519,0
actual,1745691365.1216576,394646.836794543,4438783.29241152,-0.07185633976862028,0
actual,1745691365.2217853,394646.8367722724,4438783.292306921,-0.07183930535512092,0
actual,1745691365.3217125,394646.8367721549,4438783.292152314,-0.07183277782371833,0
actual,1745691365.4216108,394646.8367968417,4438783.291961512,-0.0718462343122512,0
actual,1745691365.5215907,394646.83680867613,4438783.291697219,-0.07183157354653451,0
actual,1745691365.6217608,394646.8380562506,4438783.2920047045,-0.07189136852670792,0
actual,1745691365.7216249,394646.83823835326,4438783.291853218,-0.07187592236282783,0
actual,1745691365.8216715,394646.8384470241,4438783.291717308,-0.07189150815304797,0
actual,1745691365.9218066,394646.8386220377,4438783.291566904,-0.07191187614541891,0
actual,1745691366.0217042,394646.8388689668,4438783.291352632,-0.07192105657728429,0
actual,1745691366.1218572,394646.8374005427,4438783.292502341,-0.0718591497487161,0
actual,1745691366.22176,394646.8374462613,4438783.292465942,-0.07184037000596467,0
actual,1745691366.3234413,394646.8375602156,4438783.292334508,-0.07180242654802613,0
actual,1745691366.4220536,394646.8376720606,4438783.292225359,-0.07179190221263664,0
actual,1745691366.5217028,394646.8377761067,4438783.292063624,-0.07176233633510784,0
actual,1745691366.6216924,394646.8373674073,4438783.291315655,-0.07188417777018975,0
actual,1745691366.7218451,394646.8373620674,4438783.2911314275,-0.07187724881305922,0
actual,1745691366.8217971,394646.8373937098,4438783.290928379,-0.0718807220182706,0
actual,1745691366.9217815,394646.8373747879,4438783.290717531,-0.07189176995243586,0
actual,1745691367.0217083,394646.8373450145,4438783.2904405845,-0.07187925594169915,0
actual,1745691367.1220326,394646.83735381573,4438783.290160351,-0.07187485771198407,0
actual,1745691367.2216508,394646.8379289693,4438783.289461763,-0.07187606198916788,0
actual,1745691367.321587,394646.83797371155,4438783.289205029,-0.07189349782839519,0
actual,1745691367.421761,394646.83803034556,4438783.288882234,-0.07188763352210865,0
actual,1745691367.5218277,394646.83812002605,4438783.288508738,-0.07187086090799692,0
actual,1745691367.6229422,394646.8381667769,4438783.288188045,-0.07186007477321955,0
actual,1745691367.7216468,394646.83653530525,4438783.29195709,-0.07187712664001164,0
actual,1745691367.821677,394646.83641891676,4438783.2920138845,-0.07186780658180596,0
actual,1745691367.9217489,394646.8362827731,4438783.292045641,-0.07182757674254736,0
actual,1745691368.0216079,394646.83613167773,4438783.292078516,-0.07181799488495405,0
actual,1745691368.1217349,394646.83717354573,4438783.291345795,-0.07187566056343994,0
actual,1745691368.221785,394646.837266786,4438783.291229141,-0.07185661902130064,0
actual,1745691368.3216999,394646.8373466561,4438783.291138114,-0.07188178666911435,0
actual,1745691368.421753,394646.8374171135,4438783.291000304,-0.07189789605811027,0
actual,1745691368.5216775,394646.83749860886,4438783.290858871,-0.07191547152367787,0
actual,1745691368.621754,394646.8378480548,4438783.29255369,-0.07189403888046342,0
actual,1745691368.7216866,394646.83801071416,4438783.292545294,-0.07186220407490707,0
actual,1745691368.8217456,394646.8381348597,4438783.292613647,-0.07190307968598875,0
actual,1745691368.921709,394646.83826051274,4438783.2925459845,-0.07191693760024957,0
actual,1745691369.0217037,394646.8384185624,4438783.292408326,-0.07188897742563252,0
actual,1745691369.121756,394646.83817020466,4438783.293152874,-0.07187791203817503,0
actual,1745691369.2217023,394646.83836748725,4438783.293093742,-0.07186740515607802,0
actual,1745691369.3217065,394646.8386611563,4438783.293008165,-0.07188204846850224,0
actual,1745691369.421783,394646.83894755,4438783.292887453,-0.07188803494783659,0
actual,1745691369.5217502,394646.8392068518,4438783.292751494,-0.07185342506876963,0
actual,1745691369.6216724,394646.83925934776,4438783.292643181,-0.0718751195113717,0
actual,1745691369.7217445,394646.8378239645,4438783.292275732,-0.07182584886658804,0
actual,1745691369.8216727,394646.8376290956,4438783.292095343,-0.0717915007869087,0
actual,1745691369.9217572,394646.8373350808,4438783.291965771,-0.07185288401670138,0
actual,1745691370.0217552,394646.8370410529,4438783.291660763,-0.07181427733364726,0
actual,1745691370.1216915,394646.83692541305,4438783.291404578,-0.07186579945316628,0
actual,1745691370.221657,394646.83765215,4438783.294848693,-0.07181733165983824,0
actual,1745691370.3216228,394646.8378971034,4438783.294883528,-0.07185061508867381,0
actual,1745691370.4217026,394646.8379990308,4438783.294855509,-0.07182225348832882,0
actual,1745691370.5217597,394646.8381250788,4438783.294893401,-0.0718676669554659,0
actual,1745691370.6216447,394646.838021283,4438783.293252569,-0.07187552093709965,0
actual,1745691370.7217488,394646.8380592153,4438783.293009745,-0.07187471808564376,0
actual,1745691370.8217614,394646.8381493138,4438783.292830525,-0.07189203175182374,0
actual,1745691370.921657,394646.83829670097,4438783.29259212,-0.0718550133183889,0
actual,1745691371.022138,394646.8384531526,4438783.292274576,-0.07183876430305268,0
actual,1745691371.1216745,394646.8385345114,4438783.291843262,-0.07181120555416382,0
actual,1745691371.2217793,394646.8374188149,4438783.292992535,-0.071842097881924,0
actual,1745691371.321833,394646.83732845663,4438783.292768394,-0.07181733165983824,0
actual,1745691371.4217112,394646.83726649615,4438783.292519203,-0.07177870752349164,0
actual,1745691371.521629,394646.83717128535,4438783.292250212,-0.07178563648062217,0
actual,1745691371.6218357,394646.8377149137,4438783.29308246,-0.07186061582528779,0
actual,1745691371.7218342,394646.837784815,4438783.2929051705,-0.07183703642709335,0
actual,1745691371.8217773,394646.8378384914,4438783.292724269,-0.07186087762467543,0
actual,1745691371.9216926,394646.837847576,4438783.292450218,-0.07183277782371833,0
actual,1745691372.0218132,394646.8379509296,4438783.292087174,-0.07181719203349818,0
actual,1745691372.12177,394646.83807740477,4438783.291721336,-0.07181307305646345,0
actual,1745691372.221682,394646.83822230063,4438783.29283768,-0.07185342506876963,0
actual,1745691372.321678,394646.83825025056,4438783.29267211,-0.07180841302736049,0
actual,1745691372.4216988,394646.8383354155,4438783.292525522,-0.07180108264450226,0
actual,1745691372.5218043,394646.83846845455,4438783.292348152,-0.07179230363836457,0
actual,1745691372.6216903,394646.8385864511,4438783.292100341,-0.07176420383740748,0
actual,1745691372.7216847,394646.83733270783,4438783.293529611,-0.0718459550595711,0
actual,1745691372.822138,394646.8374669051,4438783.293410002,-0.07181813451129411,0
actual,1745691372.9217136,394646.837748468,4438783.293260997,-0.07182066523870956,0
actual,1745691373.0216982,394646.837908524,4438783.293050628,-0.07181480093242278,0
actual,1745691373.12169,394646.83829480695,4438783.293918112,-0.07185394866754513,0
actual,1745691373.221837,394646.83808265626,4438783.293901546,-0.071906814690588,0
actual,1745691373.3217757,394646.837947409,4438783.293802714,-0.07186726552973771,0
actual,1745691373.4217052,394646.83796251146,4438783.293754036,-0.07191000864311928,0
actual,1745691373.521805,394646.838029525,4438783.293551285,-0.07182253274100919,0
actual,1745691373.6216955,394646.83767173934,4438783.293254196,-0.07181439950669484,0
actual,1745691373.7216613,394646.83761686157,4438783.293222698,-0.07181919916213786,0
actual,1745691373.8216887,394646.83762699156,4438783.293150061,-0.0718459550595711,0
actual,1745691373.921664,394646.8376336942,4438783.2930071065,-0.07184876503966665,0
actual,1745691374.0216734,394646.8375701231,4438783.292845372,-0.07185461189266096,0
actual,1745691374.12168,394646.83745467954,4438783.292569741,-0.07181986238725369,0
actual,1745691374.221716,394646.8383725683,4438783.292348306,-0.071842097881924,0
actual,1745691374.3217576,394646.83838235924,4438783.292091605,-0.07181679060777024,0
actual,1745691374.4216917,394646.8383511318,4438783.291849285,-0.07184955043783005,0
actual,1745691374.5216796,394646.8383264739,4438783.291470667,-0.0718309103214187,0
actual,1745691374.621696,394646.83799641125,4438783.293093177,-0.07182291671344465,0
actual,1745691374.7217467,394646.83804036997,4438783.2929404965,-0.07179523579150797,0
actual,1745691374.8216927,394646.8381290871,4438783.292768034,-0.07179123898752107,0
actual,1745691374.9216845,394646.8381924139,4438783.292636503,-0.07178816720803738,0
actual,1745691375.0216732,394646.83817265596,4438783.292441611,-0.0717690034928505,0
actual,1745691375.1218102,394646.83861782413,4438783.291569371,-0.07186979625715317,0
actual,1745691375.2216804,394646.83862012095,4438783.291299186,-0.07185633976862028,0
actual,1745691375.3216858,394646.83864392224,4438783.291044416,-0.07184023037962438,0
actual,1745691375.421636,394646.8386104117,4438783.290782518,-0.07186099979772324,0
actual,1745691375.5216646,394646.83857644506,4438783.290462581,-0.0718990828820016,0
actual,1745691375.6217818,394646.8395096295,4438783.292253378,-0.07187126233372486,0
actual,1745691375.7217343,394646.83966973017,4438783.292189875,-0.07187499733832413,0
actual,1745691375.821631,394646.8398318492,4438783.292027666,-0.07184969006417036,0
actual,1745691375.9217093,394646.8400552111,4438783.2919208985,-0.07185927192176367,0
actual,1745691376.0217493,394646.8402835404,4438783.291781528,-0.07186487442866257,0
actual,1745691376.12169,394646.83921800606,4438783.292242133,-0.07186340835209087,0
actual,1745691376.2216504,394646.8392711345,4438783.292078313,-0.07184276110703983,0
actual,1745691376.3216746,394646.8393282713,4438783.2919038115,-0.07185380904120484,0
actual,1745691376.4217086,394646.83937531407,4438783.291656982,-0.07185728224641647,0
actual,1745691376.5217016,394646.83939716156,4438783.29138815,-0.07185661902130064,0
actual,1745691376.6226296,394646.8392005735,4438783.292128331,-0.07181853593702205,0
actual,1745691376.7218082,394646.8392007768,4438783.29203733,-0.07180361337191772,0
actual,1745691376.8216963,394646.8391898903,4438783.291940439,-0.0717990929691548,0
actual,1745691376.9216983,394646.8391876029,4438783.291808836,-0.07179270506409251,0
actual,1745691377.0217543,394646.8392241051,4438783.291667165,-0.07180335157252983,0
actual,1745691377.1216927,394646.8390030082,4438783.291154968,-0.07185661902130064,0
actual,1745691377.2217038,394646.8389367436,4438783.291032188,-0.07182625029231597,0
actual,1745691377.3217037,394646.8388987337,4438783.290867116,-0.07179308903652798,0
actual,1745691377.4217966,394646.83889664704,4438783.290668215,-0.07176566991397917,0
actual,1745691377.5216515,394646.8389451255,4438783.2904421175,-0.0717535573289704,0
actual,1745691377.6217458,394646.83853561897,4438783.291320565,-0.07181733165983824,0
actual,1745691377.7216933,394646.83854051057,4438783.291281094,-0.07180268834741402,0
actual,1745691377.8217518,394646.83857123373,4438783.291193096,-0.07178151750358745,0
actual,1745691377.921746,394646.83862538316,4438783.291148977,-0.07181652880838235,0
actual,1745691378.0219266,394646.8386870341,4438783.291057977,-0.07180308977314195,0
actual,1745691378.1221988,394646.83775305137,4438783.291866945,-0.07184836361393872,0
actual,1745691378.2219977,394646.8377159933,4438783.29185938,-0.07186686410400978,0
actual,1745691378.3216784,394646.83764647855,4438783.2918004505,-0.07183890392939299,0
actual,1745691378.4228902,394646.8376049668,4438783.291699218,-0.07184715933675491,0
actual,1745691378.521817,394646.837567039,4438783.291542792,-0.0718512957670821,0
actual,1745691378.6217086,394646.8371782992,4438783.292479271,-0.07187618416221546,0
actual,1745691378.7216694,394646.8371712048,4438783.292389787,-0.07186873160630941,0
actual,1745691378.8217118,394646.83721127943,4438783.292277966,-0.0718801809662026,0
actual,1745691378.9217057,394646.83723629836,4438783.292142845,-0.07186939483142522,0
actual,1745691379.0217154,394646.8372131205,4438783.291948205,-0.07183398210090239,0
actual,1745691379.1217396,394646.8365027831,4438783.293495965,-0.07184462860933946,0
actual,1745691379.2217057,394646.8364822249,4438783.293468869,-0.07187738843939927,0
actual,1745691379.321679,394646.8364438298,4438783.293375224,-0.07187152413311275,0
actual,1745691379.421696,394646.83642029006,4438783.293239554,-0.0718660612525539,0
actual,1745691379.5217836,394646.83638961584,4438783.293061959,-0.07186660230462215,0
actual,1745691379.6217852,394646.83811714285,4438783.29306556,-0.07184742113614254,0
actual,1745691379.7217786,394646.8383534887,4438783.292855628,-0.07183490712540584,0
actual,1745691379.8216703,394646.83859927935,4438783.292629293,-0.0718056205005574,0
actual,1745691379.9217029,394646.83884066856,4438783.292326717,-0.0717924258114124,0
actual,1745691380.0217793,394646.83911172475,4438783.291964275,-0.07177352389561316,0
actual,1745691380.1217442,394646.83788433287,4438783.292978477,-0.07183597177624959,0
actual,1745691380.2216604,394646.83782778424,4438783.292861231,-0.07182972349752735,0
actual,1745691380.3218029,394646.8377981354,4438783.292680452,-0.07183663500136542,0
actual,1745691380.4217,394646.8377608712,4438783.292426256,-0.07184555363384292,0
actual,1745691380.5218425,394646.83770157606,4438783.292108057,-0.07183623357563748,0
actual,1745691380.6217482,394646.8381656856,4438783.293577121,-0.07188058239193054,0
actual,1745691380.7217999,394646.83820822684,4438783.293515259,-0.07191334222199036,0
actual,1745691380.8217359,394646.8382737052,4438783.293387045,-0.07193411164008924,0
actual,1745691380.9217334,394646.8383478123,4438783.293226483,-0.07194809172739763,0
actual,1745691381.0217478,394646.8384097339,4438783.293029733,-0.07191679797390951,0
actual,1745691381.1221805,394646.83785382553,4438783.29393308,-0.07183398210090239,0
actual,1745691381.2217548,394646.8378408117,4438783.293867334,-0.07184169645619606,0
actual,1745691381.3216436,394646.83781383524,4438783.293740786,-0.07181213057866727,0
actual,1745691381.4216628,394646.83779509633,4438783.293531712,-0.07179043613606495,0
actual,1745691381.5217087,394646.8378256457,4438783.293325265,-0.07178204110236297,0
actual,1745691381.6217158,394646.83640920726,4438783.294179952,-0.07183370284822202,0
actual,1745691381.7217069,394646.83636643284,4438783.294085826,-0.07183438352663032,0
actual,1745691381.821749,394646.836344089,4438783.294002196,-0.0718535472418172,0
actual,1745691381.9216957,394646.83635720285,4438783.293855677,-0.07186274512697505,0
actual,1745691382.0217106,394646.836412253,4438783.2936139805,-0.07183504675174589,0
actual,1745691382.1216874,394646.83718971134,4438783.293706859,-0.07184902683905454,0
actual,1745691382.2217422,394646.83726938604,4438783.293573513,-0.07182904281911906,0
actual,1745691382.3217344,394646.83741430275,4438783.293395028,-0.07181494055876309,0
actual,1745691382.4217136,394646.83759279177,4438783.293173096,-0.07176978889101389,0
actual,1745691382.521652,394646.83777507034,4438783.293008899,-0.07181307305646345,0
actual,1745691382.621765,394646.83860624395,4438783.292819287,-0.07186740515607802,0
actual,1745691382.7217119,394646.83877988794,4438783.292548982,-0.07184661828468666,0
actual,1745691382.8216896,394646.8389976409,4438783.292287424,-0.07184888721271424,0
actual,1745691382.9216754,394646.83913765,4438783.292012273,-0.0718401082065768,0
actual,1745691383.021769,394646.8393302799,4438783.291675895,-0.0718219916889412,0
actual,1745691383.121702,394646.838586504,4438783.292653162,-0.07183850250366504,0
actual,1745691383.2217116,394646.8386347348,4438783.2925405605,-0.07185820727091992,0
actual,1745691383.3218048,394646.83869612496,4438783.292327812,-0.0718401082065768,0
actual,1745691383.4218056,394646.8387976314,4438783.292081033,-0.07181640663533478,0
actual,1745691383.521764,394646.8388851119,4438783.291789428,-0.07177205781904146,0
actual,1745691383.6217508,394646.8379368017,4438783.29345813,-0.07181706986045035,0
actual,1745691383.7216465,394646.83797784767,4438783.293359851,-0.07181839631068199,0
actual,1745691383.8220859,394646.8380533248,4438783.293237462,-0.07182506346842464,0
actual,1745691383.921684,394646.83810648863,4438783.292997181,-0.07179469473943997,0
actual,1745691384.021655,394646.83816088125,4438783.29270395,-0.07177085354185765,0
actual,1745691384.1217422,394646.83861047286,4438783.292988664,-0.07185887049603573,0
actual,1745691384.2216895,394646.8386787156,4438783.292773039,-0.0718982974838382,0
actual,1745691384.3217099,394646.83876776876,4438783.292444731,-0.07190109001064153,0
actual,1745691384.4217014,394646.83885743923,4438783.292054978,-0.07187712664001164,0
actual,1745691384.5216594,394646.83896862477,4438783.2915765485,-0.07185167973951757,0
actual,1745691384.6216335,394646.8386370155,4438783.2924035825,-0.07183384247456208,0
actual,1745691384.7217054,394646.83865840844,4438783.292232025,-0.07185567654350447,0
actual,1745691384.8217535,394646.83867953246,4438783.291961945,-0.071823195966125,0
actual,1745691384.9217327,394646.83872968884,4438783.291605294,-0.07180375299825777,0
actual,1745691385.0216684,394646.8387503552,4438783.291207804,-0.07180335157252983,0
actual,1745691385.1217573,394646.83868776006,4438783.292785527,-0.07190442358951286,0
actual,1745691385.221713,394646.8386790211,4438783.292643101,-0.07190374291110456,0
actual,1745691385.321766,394646.8386959189,4438783.292439615,-0.07189229355121138,0
actual,1745691385.4218402,394646.838686571,4438783.292183178,-0.07188670849760495,0
actual,1745691385.52171,394646.83869152004,4438783.291838282,-0.07187325200907208,0
actual,1745691385.6216903,394646.8390029144,4438783.291626649,-0.07184235968131189,0
actual,1745691385.7227669,394646.8390252023,4438783.2914242605,-0.07184942826478248,0
actual,1745691385.8216293,394646.83906028967,4438783.2911107205,-0.07185633976862028,0
actual,1745691385.9216576,394646.839136659,4438783.29076938,-0.07185808509787234,0
actual,1745691386.0220158,394646.8391539082,4438783.290403261,-0.07181893736275023,0
actual,1745691386.1218462,394646.83913642226,4438783.289965362,-0.07181799488495405,0
actual,1745691386.2218025,394646.83886128874,4438783.290918131,-0.07183942752816849,0
actual,1745691386.3216794,394646.8388320486,4438783.2907331195,-0.07181679060777024,0
actual,1745691386.4217117,394646.83882362116,4438783.290540985,-0.07180493982214911,0
actual,1745691386.5217001,394646.8388645898,4438783.290300513,-0.0717949565388276,0
actual,1745691386.6216335,394646.8389142869,4438783.290697783,-0.07185035328928593,0
actual,1745691386.721736,394646.83899056294,4438783.290581291,-0.0718401082065768,0
actual,1745691386.8223388,394646.83912212134,4438783.290441716,-0.07183850250366504,0
actual,1745691386.9217637,394646.839302697,4438783.290217642,-0.07185155756646999,0
actual,1745691387.0217876,394646.8394457108,4438783.28999332,-0.0718154641575386,0
actual,1745691387.1217105,394646.8382324225,4438783.290555528,-0.07180228692168608,0
actual,1745691387.2217126,394646.8380712327,4438783.290529174,-0.07179630044235172,0
actual,1745691387.3218136,394646.8379070179,4438783.290472072,-0.07179815049135888,0
actual,1745691387.4216835,394646.837745409,4438783.290361047,-0.07181839631068199,0
actual,1745691387.5217836,394646.83759972185,4438783.2901268145,-0.07183171317287482,0
actual,1745691387.6218176,394646.8385932971,4438783.290505635,-0.07182932207179941,0
actual,1745691387.721845,394646.8383148333,4438783.290367171,-0.07182785599522773,0
actual,1745691387.8216028,394646.8382204451,4438783.290193375,-0.07182213131528126,0
actual,1745691387.9216845,394646.8383898151,4438783.2900919495,-0.07181281125707557,0
actual,1745691388.0216708,394646.83867820876,4438783.289874167,-0.07180801160163255,0
actual,1745691388.121766,394646.83899865515,4438783.291672052,-0.07184117285742055,0
actual,1745691388.2216556,394646.8391715944,4438783.291664413,-0.07182837959400348,0
actual,1745691388.321789,394646.83926031156,4438783.291576116,-0.07187218735822856,0
actual,1745691388.4217641,394646.83931498136,4438783.291486543,-0.07186421120354675,0
actual,1745691388.5218203,394646.83941309433,4438783.2913750345,-0.07184276110703983,0
actual,1745691388.6217146,394646.8386018223,4438783.292298366,-0.07183370284822202,0
actual,1745691388.7218726,394646.83821927157,4438783.2921079,-0.07186579945316628,0
actual,1745691388.8216457,394646.83776830905,4438783.291886438,-0.0718645951759822,0
actual,1745691388.921622,394646.8372948619,4438783.291621023,-0.0718765855879434,0
actual,1745691389.021634,394646.83706783934,4438783.291345872,-0.07187684738733129,0
actual,1745691389.1217017,394646.83873217995,4438783.292180496,-0.07185489114534106,0
actual,1745691389.2216322,394646.8390573451,4438783.292124153,-0.07180734837651698,0
actual,1745691389.3216121,394646.8391820414,4438783.292085446,-0.07183438352663032,0
actual,1745691389.4216216,394646.8391766724,4438783.291940345,-0.07183916572878062,0
actual,1745691389.52171,394646.8391922417,4438783.29185251,-0.07184382575788358,0
actual,1745691389.6216228,394646.83929857536,4438783.293247305,-0.07188616744553696,0
actual,1745691389.7215872,394646.8392990969,4438783.293232219,-0.07186286730002288,0
actual,1745691389.8216655,394646.83935791574,4438783.293270444,-0.07188883779929246,0
actual,1745691389.9216268,394646.83938284556,4438783.293235318,-0.07185754404580409,0
actual,1745691390.021611,394646.8394644095,4438783.293243569,-0.07186246587429494,0
actual,1745691390.1216788,394646.83972138294,4438783.294254783,-0.07187152413311275,0
actual,1745691390.2218158,394646.8398951421,4438783.29421708,-0.07185541474411683,0
actual,1745691390.3216052,394646.83994695137,4438783.294222202,-0.07187791203817503,0
actual,1745691390.4215808,394646.8400682309,4438783.294196779,-0.07186846980692177,0
actual,1745691390.5216293,394646.8402269701,4438783.2941937,-0.07187140196006517,0
actual,1745691390.6216717,394646.83877780754,4438783.293205513,-0.07187552093709965,0
actual,1745691390.721596,394646.8387824998,4438783.293071821,-0.07185955117444404,0
actual,1745691390.8215969,394646.8387967427,4438783.292948954,-0.07186499660171014,0
actual,1745691390.921543,394646.838825958,4438783.292773509,-0.07184876503966665,0
actual,1745691391.0216918,394646.83882769523,4438783.292598114,-0.07188044276559048,0
actual,1745691391.1216638,394646.83950600494,4438783.293193819,-0.07181466130608273,0
actual,1745691391.2217853,394646.83961059386,4438783.293100814,-0.07182731494315973,0
actual,1745691391.3216991,394646.83973487245,4438783.29292798,-0.07182305633978471,0
actual,1745691391.4216883,394646.8398692911,4438783.292798773,-0.0718093380518642,0
actual,1745691391.521668,394646.8399686194,4438783.292668791,-0.0718205256123695,0
actual,1745691391.6216388,394646.83853542083,4438783.29399421,-0.0718462343122512,0
actual,1745691391.7216346,394646.8384395191,4438783.293968732,-0.0718274545694998,0
actual,1745691391.821689,394646.8382974019,4438783.293894006,-0.07179961656793057,0
actual,1745691391.9216752,394646.83810856036,4438783.293826463,-0.07181120555416382,0
actual,1745691392.0216208,394646.8379304723,4438783.293629658,-0.07175554700431762,0
actual,1745691392.1216233,394646.83841764426,4438783.294651335,-0.07174263156785297,0
actual,1745691392.221673,394646.83843496407,4438783.294610246,-0.07173757011302208,0
actual,1745691392.321669,394646.83837539644,4438783.294491744,-0.0717002898801996,0
actual,1745691392.4217541,394646.8382780985,4438783.294324711,-0.07168896269335398,0
actual,1745691392.5216348,394646.83819767373,4438783.294082179,-0.07164742385715672,0
actual,1745691392.6217048,394646.8389194949,4438783.294828415,-0.07180387517130535,0
actual,1745691392.7216792,394646.83894103335,4438783.294653582,-0.07180254872107396,0
actual,1745691392.8216648,394646.8389812067,4438783.294469391,-0.07182719277011215,0
actual,1745691392.9218857,394646.83901865827,4438783.294149339,-0.07177657822180412,0
actual,1745691393.0218222,394646.8390195868,4438783.293810578,-0.07177844572410376,0
actual,1745691393.1216276,394646.83796939196,4438783.29460253,-0.07188363671812151,0
actual,1745691393.2217836,394646.83793921757,4438783.294456854,-0.0718807220182706,0
actual,1745691393.3218575,394646.83786834485,4438783.294233037,-0.07185035328928593,0
actual,1745691393.4216928,394646.83776321984,4438783.294068614,-0.0719006885849136,0
actual,1745691393.5216694,394646.8377009486,4438783.293821802,-0.07191027044250692,0
actual,1745691393.6217566,394646.8376754662,4438783.2948056385,-0.07186246587429494,0
actual,1745691393.7216737,394646.8376245845,4438783.294727998,-0.07186925520508518,0
actual,1745691393.8216698,394646.8375045181,4438783.294615563,-0.07187684738733129,0
actual,1745691393.9216597,394646.8374479245,4438783.294440665,-0.07187471808564376,0
actual,1745691394.0217834,394646.83737390727,4438783.294212494,-0.07185461189266096,0
actual,1745691394.1216261,394646.83688716,4438783.295313982,-0.07189948430772954,0
actual,1745691394.2223425,394646.83677197207,4438783.295237175,-0.07190388253744462,0
actual,1745691394.32166,394646.83670460875,4438783.295053819,-0.07189004207647628,0
actual,1745691394.4216702,394646.83667882724,4438783.29484511,-0.07192079477789641,0
actual,1745691394.521627,394646.83662569785,4438783.294575942,-0.07191733902597751,0
actual,1745691394.621633,394646.83776049677,4438783.295527935,-0.0718444889829994,0
actual,1745691394.7216768,394646.83785990486,4438783.295378482,-0.07183637320197753,0
actual,1745691394.8216796,394646.83803157357,4438783.295168692,-0.07178764360926186,0
actual,1745691394.921872,394646.8382063151,4438783.294959582,-0.07181174660623181,0
actual,1745691395.021645,394646.8382868128,4438783.294666711,-0.07180947767820424,0
actual,1745691395.121655,394646.83893888607,4438783.294266068,-0.07187365343480001,0
actual,1745691395.2217941,394646.83907336456,4438783.294137104,-0.07186353052513846,0
actual,1745691395.3217008,394646.8392674823,4438783.293917176,-0.07186033657260743,0
actual,1745691395.4216394,394646.83950703265,4438783.293680872,-0.07184969006417036,0
actual,1745691395.5217142,394646.839710824,4438783.293430016,-0.07185435009327308,0
actual,1745691395.6217806,394646.8386165517,4438783.294109479,-0.07186539802743809,0
actual,1745691395.7218015,394646.83863502205,4438783.293901831,-0.07185314581608926,0
actual,1745691395.8217695,394646.83868178364,4438783.2936767675,-0.0718462343122512,0
actual,1745691395.921796,394646.83873597777,4438783.293429674,-0.07185780584519198,0
actual,1745691396.021634,394646.8387821094,4438783.293097752,-0.07187485771198407,0
actual,1745691396.1215982,394646.8385224346,4438783.2936119875,-0.07191440687283411,0
actual,1745691396.2216249,394646.83852953435,4438783.29349863,-0.07194929600458144,0
actual,1745691396.3216572,394646.8385930563,4438783.293328139,-0.0719708682741362,0
actual,1745691396.4216247,394646.83867305267,4438783.293180469,-0.07198697766313211,0
actual,1745691396.5217292,394646.8386880132,4438783.292916245,-0.07199629772133778,0
actual,1745691396.6217628,394646.8390334306,4438783.293308121,-0.07185475151900102,0
actual,1745691396.72167,394646.8388965922,4438783.293223742,-0.07186314655270323,0
actual,1745691396.8217556,394646.8388142177,4438783.293081344,-0.07184489040872734,0
actual,1745691396.9216075,394646.8389070595,4438783.292847862,-0.07186660230462215,0
actual,1745691397.0217738,394646.8389587891,4438783.292554083,-0.0718014840702302,0
actual,1745691397.1216853,394646.83868139493,4438783.2924163295,-0.07184382575788358,0
actual,1745691397.2216752,394646.83861377643,4438783.292189624,-0.07184822398759866,0
actual,1745691397.321614,394646.8385480278,4438783.291912466,-0.07184942826478248,0
actual,1745691397.4216578,394646.83844797,4438783.291648522,-0.07181986238725369,0
actual,1745691397.521623,394646.8383083023,4438783.291390569,-0.07186965663081311,0
actual,1745691397.621613,394646.83824729326,4438783.293564311,-0.07188403814384944,0
actual,1745691397.7218792,394646.83824632224,4438783.2935173,-0.07186127905040361,0
actual,1745691397.8218348,394646.8382558575,4438783.293442454,-0.07181213057866727,0
actual,1745691397.9216208,394646.83821127506,4438783.293467952,-0.07180694695078879,0
actual,1745691398.0217254,394646.83803660865,4438783.293501574,-0.07180534124787705,0
actual,1745691398.1216583,394646.8383406917,4438783.293150185,-0.07188869817295242,0
actual,1745691398.2218006,394646.8383946185,4438783.292885099,-0.07184422718361153,0
actual,1745691398.3216527,394646.8386062244,4438783.292688663,-0.07183530855113378,0
actual,1745691398.4216557,394646.8387185724,4438783.292435606,-0.071823195966125,0
actual,1745691398.5216756,394646.83878502285,4438783.292146264,-0.07183916572878062,0
actual,1745691398.6217086,394646.83713115804,4438783.293991764,-0.0718450300350674,0
actual,1745691398.7216043,394646.83696082537,4438783.2940079095,-0.07181919916213786,0
actual,1745691398.82163,394646.8367553154,4438783.294006329,-0.0718459550595711,0
actual,1745691398.9216216,394646.8365318996,4438783.29406884,-0.07186447300293464,0
actual,1745691399.021644,394646.8363174328,4438783.294020644,-0.07185448971961313,0
actual,1745691399.1216342,394646.8372387163,4438783.293654582,-0.07180427659703328,0
actual,1745691399.2216368,394646.83722102403,4438783.293546992,-0.07177565319730067,0
actual,1745691399.3216481,394646.83717941714,4438783.293373177,-0.07175474415286175,0
actual,1745691399.4216661,394646.83714365255,4438783.293139155,-0.07173743048668202,0
actual,1745691399.5216067,394646.8371189073,4438783.292869961,-0.07170147670409092,0
actual,1745691399.6215827,394646.8371262279,4438783.292545308,-0.07171107601497698,0
actual,1745691399.7216947,394646.83832222223,4438783.294932863,-0.07183145137348693,0
actual,1745691399.8227775,394646.8384277959,4438783.294822203,-0.07183424390029002,0
actual,1745691399.9216225,394646.8384993246,4438783.294699668,-0.07183743785282129,0
actual,1745691400.0216627,394646.83856159996,4438783.294542112,-0.07183185279921488,0
actual,1745691400.1216173,394646.83801678783,4438783.294442796,-0.07185834689726021,0
actual,1745691400.221614,394646.83798913256,4438783.294286678,-0.07184422718361153,0
actual,1745691400.321589,394646.83797073364,4438783.2940749815,-0.07184063180535231,0
actual,1745691400.4216447,394646.83794029866,4438783.29379484,-0.07181865811006988,0
actual,1745691400.521631,394646.8379092633,4438783.293468988,-0.07182078741175714,0
actual,1745691400.6216552,394646.83718775527,4438783.2950494625,-0.0718484857869863,0
actual,1745691400.7215998,394646.83719485474,4438783.294945297,-0.07183597177624959,0
actual,1745691400.8216522,394646.83722609305,4438783.294776095,-0.07182159026321326,0
actual,1745691400.921753,394646.8372692031,4438783.294589584,-0.07183597177624959,0
actual,1745691401.0216236,394646.83731756476,4438783.29432455,-0.07182705314377184,0
actual,1745691401.121594,394646.8372623181,4438783.295683621,-0.07181439950669484,0
actual,1745691401.2216783,394646.8373201381,4438783.295656271,-0.07178910968583355,0
actual,1745691401.3216827,394646.8374299838,4438783.295632289,-0.07178551430757435,0
actual,1745691401.4216712,394646.8375471358,4438783.295594612,-0.0717964226153993,0
actual,1745691401.5216186,394646.83765532024,4438783.295514152,-0.07178471145611848,0
actual,1745691401.6216357,394646.8371145042,4438783.296094687,-0.0718676669554659,0
actual,1745691401.7216022,394646.8371578244,4438783.295994661,-0.07185141794012968,0
actual,1745691401.821626,394646.83721805766,4438783.295832847,-0.07184489040872734,0
actual,1745691401.921609,394646.8372855442,4438783.295655628,-0.07182972349752735,0
actual,1745691402.0216022,394646.8373714236,4438783.295419374,-0.07183930535512092,0
actual,1745691402.121631,394646.83745073364,4438783.29510887,-0.0718435639584957,0
actual,1745691402.2215915,394646.83709319966,4438783.294781018,-0.07185728224641647,0
actual,1745691402.321632,394646.83711447625,4438783.294504433,-0.07187445628625613,0
actual,1745691402.421639,394646.83716179297,4438783.294193786,-0.07185567654350447,0
actual,1745691402.521599,394646.83721618576,4438783.29384076,-0.07183157354653451,0
actual,1745691402.6216676,394646.837167603,4438783.294538568,-0.07184543146079533,0
actual,1745691402.7216475,394646.83719292295,4438783.294367803,-0.0718245224163564,0
actual,1745691402.8216102,394646.83721005905,4438783.294154763,-0.07181494055876309,0
actual,1745691402.9216592,394646.8372061678,4438783.293919906,-0.07183504675174589,0
actual,1745691403.0216,394646.83718269505,4438783.293599964,-0.07183637320197753,0
actual,1745691403.121623,394646.8372077554,4438783.294966442,-0.07183157354653451,0
actual,1745691403.2216535,394646.8371823071,4438783.29490155,-0.07183185279921488,0
actual,1745691403.32167,394646.837143103,4438783.294822291,-0.07184276110703983,0
actual,1745691403.4215903,394646.8371158063,4438783.294661214,-0.07181333485585109,0
actual,1745691403.5216367,394646.8370897117,4438783.2944714995,-0.0717941711406642,0
actual,1745691403.621626,394646.83711653267,4438783.2957111895,-0.07184822398759866,0
actual,1745691403.7216806,394646.8371585196,4438783.295692895,-0.07189257280389173,0
actual,1745691403.8216152,394646.83723229275,4438783.29555537,-0.07186913303203735,0
actual,1745691403.9216278,394646.83727305045,4438783.295487488,-0.07191892727559678,0
actual,1745691404.0215876,394646.83728153113,4438783.295347432,-0.07192545480699937,0
actual,1745691404.1216366,394646.8373188922,4438783.295157493,-0.07190588966608455,0
actual,1745691404.2216682,394646.8370657358,4438783.2969988305,-0.07183982895389644,0
actual,1745691404.321631,394646.83704886463,4438783.296990232,-0.07187325200907208,0
actual,1745691404.4216402,394646.8370416595,4438783.296927058,-0.07186993588349347,0
actual,1745691404.521583,394646.83703401143,4438783.296844646,-0.07187911631535884,0
actual,1745691404.6215966,394646.8375781442,4438783.294747037,-0.07184276110703983,0
actual,1745691404.7216194,394646.8376412645,4438783.294509458,-0.07187431665991582,0
actual,1745691404.8215888,394646.83770438377,4438783.294160079,-0.07185555437045689,0
actual,1745691404.9215877,394646.8377666858,4438783.293734243,-0.07185567654350447,0
actual,1745691405.0216599,394646.83786323393,4438783.2932235,-0.07183942752816849,0
actual,1745691405.121606,394646.83776107006,4438783.294847565,-0.07187911631535884,0
actual,1745691405.221584,394646.83774806577,4438783.294654306,-0.07187724881305922,0
actual,1745691405.321586,394646.8377566588,4438783.29445871,-0.07189642998153857,0
actual,1745691405.4216318,394646.83776757494,4438783.294164556,-0.07189203175182374,0
actual,1745691405.521577,394646.83776378963,4438783.293815527,-0.07189749463238233,0
actual,1745691405.6215541,394646.8381257891,4438783.294561031,-0.07188616744553696,0
actual,1745691405.7216277,394646.83815915446,4438783.294414542,-0.07189375962778306,0
actual,1745691405.8217015,394646.8381699371,4438783.294197904,-0.07186925520508518,0
actual,1745691405.921602,394646.8381801748,4438783.293959148,-0.07184103323108025,0
actual,1745691406.021592,394646.8382287135,4438783.293738865,-0.07186646267828184,0
actual,1745691406.1215875,394646.83856068883,4438783.294217565,-0.07187218735822856,0
actual,1745691406.221673,394646.83862730645,4438783.294076884,-0.07185314581608926,0
actual,1745691406.321644,394646.8386632151,4438783.293905687,-0.07185314581608926,0
actual,1745691406.4217596,394646.83867593075,4438783.2937179385,-0.07184436680995157,0
actual,1745691406.5216272,394646.83869336406,4438783.293483669,-0.07183331887578656,0
actual,1745691406.6215947,394646.83853903407,4438783.295255243,-0.07187552093709965,0
actual,1745691406.721598,394646.83848130814,4438783.295196138,-0.07185541474411683,0
actual,1745691406.8215945,394646.83838968514,4438783.29507506,-0.07185421046693302,0
actual,1745691406.9216104,394646.8382726371,4438783.294892482,-0.07184410501056394,0
actual,1745691407.0221322,394646.8381735601,4438783.294677581,-0.07182878101973143,0
actual,1745691407.121624,394646.83836501604,4438783.295784839,-0.07188032059254267,0
actual,1745691407.221589,394646.8383657326,4438783.295664568,-0.07187445628625613,0
actual,1745691407.3217692,394646.83840871486,4438783.295490175,-0.07188564384676144,0
actual,1745691407.4216108,394646.8384566732,4438783.2952350695,-0.071895766756423,0
actual,1745691407.5216014,394646.8384786973,4438783.294886433,-0.07187885451597097,0
actual,1745691407.622888,394646.8384905398,4438783.295707864,-0.0718535472418172,0
actual,1745691407.7227268,394646.83850890974,4438783.295571918,-0.07184410501056394,0
actual,1745691407.8216019,394646.8385050638,4438783.295398558,-0.07182612811926839,0
actual,1745691407.9216743,394646.8384518498,4438783.295171089,-0.0718281177946156,0
actual,1745691408.0218933,394646.838374927,4438783.294857771,-0.07184077143169261,0
actual,1745691408.12166,394646.83833117085,4438783.294498035,-0.07183211459860275,0
actual,1745691408.2216828,394646.8390437385,4438783.294706063,-0.07183942752816849,0
actual,1745691408.3216631,394646.8392012222,4438783.2945040185,-0.0718477003888229,0
actual,1745691408.4217808,394646.8393336546,4438783.294198367,-0.07181028052966013,0
actual,1745691408.5217745,394646.8394645014,4438783.293899052,-0.0718386421300051,0
actual,1745691408.621644,394646.8389257939,4438783.296319832,-0.07185328544242932,0
actual,1745691408.7216291,394646.8389067166,4438783.296355367,-0.07188204846850224,0
actual,1745691408.821652,394646.83886016195,4438783.296301614,-0.07185633976862028,0
actual,1745691408.9216397,394646.83885381103,4438783.296209196,-0.07185101651440175,0
actual,1745691409.0215843,394646.838866099,4438783.296080917,-0.07183157354653451,0
actual,1745691409.121587,394646.83896348136,4438783.297150929,-0.07181626700899447,0
actual,1745691409.221716,394646.83898521564,4438783.297145173,-0.0718395671545088,0
actual,1745691409.3216484,394646.8389821537,4438783.297096323,-0.07183331887578656,0
actual,1745691409.4216545,394646.83904323203,4438783.296963478,-0.07182757674254736,0
actual,1745691409.5216494,394646.8391012104,4438783.296748526,-0.07178218072870302,0
actual,1745691409.62168,394646.83905889944,4438783.296993489,-0.07187459591259619,0
actual,1745691409.7216601,394646.83905031474,4438783.296833829,-0.07184183608253637,0
actual,1745691409.8216832,394646.8390724875,4438783.296621039,-0.07180308977314195,0
actual,1745691409.921632,394646.8390931537,4438783.296389212,-0.07177697964753206,0
actual,1745691410.021643,394646.83913012326,4438783.296175705,-0.07179549759089585,0
actual,1745691410.1216233,394646.83966462465,4438783.296946904,-0.07187951774108678,0
actual,1745691410.2215965,394646.83974848624,4438783.296861556,-0.07188363671812151,0
actual,1745691410.321593,394646.8398404977,4438783.296744756,-0.07189269497693931,0
actual,1745691410.4216263,394646.8399572664,4438783.29655871,-0.07188363671812151,0
actual,1745691410.5216374,394646.8401191213,4438783.296289028,-0.07188325274568605,0
actual,1745691410.621626,394646.8393955429,4438783.29682812,-0.07187140196006517,0
actual,1745691410.7216227,394646.8393942692,4438783.296699755,-0.07182984567057518,0
actual,1745691410.821594,394646.8394177961,4438783.2965506995,-0.07182253274100919,0
actual,1745691410.921592,394646.8394751187,4438783.2963972185,-0.07181213057866727,0
actual,1745691411.0216212,394646.83953393094,4438783.296203945,-0.07178910968583355,0
actual,1745691411.1216857,394646.8396933683,4438783.296752892,-0.07183131174714663,0
actual,1745691411.2216697,394646.8397467603,4438783.296641227,-0.07184782256187072,0
actual,1745691411.3216195,394646.83979071496,4438783.296445235,-0.07184661828468666,0
actual,1745691411.4216752,394646.8398123464,4438783.296152497,-0.07183597177624959,0
actual,1745691411.521604,394646.8397889405,4438783.295809816,-0.07182185206260089,0
actual,1745691411.6215968,394646.8397919411,4438783.296699153,-0.07182825742095567,0
actual,1745691411.7215874,394646.8398676763,4438783.296497828,-0.07180041941938645,0
actual,1745691411.8216262,394646.83992942533,4438783.2962266635,-0.07178204110236297,0
actual,1745691411.9216442,394646.8399639504,4438783.295956357,-0.07179935476854268,0
actual,1745691412.0216339,394646.8400015665,4438783.295630037,-0.07179748726624306,0
actual,1745691412.1216395,394646.84006479016,4438783.295222671,-0.07179308903652798,0
actual,1745691412.2216725,394646.8395904511,4438783.295192704,-0.07180680732444873,0
actual,1745691412.3216794,394646.83956666203,4438783.2949610995,-0.07181028052966013,0
actual,1745691412.4216194,394646.8396353478,4438783.294675086,-0.07180853520040832,0
actual,1745691412.5216208,394646.83967537055,4438783.294348889,-0.07181747128617853,0
actual,1745691412.6216826,394646.8388148672,4438783.295375816,-0.0718254474408601,0
actual,1745691412.7216146,394646.83874944283,4438783.295233489,-0.07178390860466259,0
actual,1745691412.8215826,394646.8386424651,4438783.295065397,-0.07174889729986769,0
actual,1745691412.9216466,394646.8385738282,4438783.294875171,-0.07175860133050858,0
actual,1745691413.0216944,394646.8385290982,4438783.294598835,-0.07176739778993875,0
actual,1745691413.1216424,394646.8396131242,4438783.295500526,-0.07188470136896527,0
actual,1745691413.2216127,394646.8396596374,4438783.295387345,-0.0718450300350674,0
actual,1745691413.3215952,394646.8396963475,4438783.295241585,-0.07182532526781252,0
actual,1745691413.4226668,394646.8397273352,4438783.2950519305,-0.07183611140258965,0
actual,1745691413.5215557,394646.83978796913,4438783.294796774,-0.07180761017590462,0
actual,1745691413.6216366,394646.8397661402,4438783.294155905,-0.0718028105204616,0
actual,1745691413.7216465,394646.8397139036,4438783.29394936,-0.07180321194618954,0
actual,1745691413.8215857,394646.83968167333,4438783.293694278,-0.07179230363836457,0
actual,1745691413.9216425,394646.8396692468,4438783.293400507,-0.0717938918879841,0
actual,1745691414.0216463,394646.8396032204,4438783.293047151,-0.07177619424936867,0
actual,1745691414.1216183,394646.840348099,4438783.294451701,-0.07185901012237579,0
actual,1745691414.2217577,394646.84035368456,4438783.294384025,-0.07187471808564376,0
actual,1745691414.3217077,394646.8403655428,4438783.294227391,-0.07186740515607802,0
actual,1745691414.421659,394646.8403791928,4438783.294001256,-0.07183104994775899,0
actual,1745691414.5216043,394646.8403969842,4438783.29376239,-0.0718381010779371,0
actual,1745691414.6216187,394646.8397291154,4438783.294583965,-0.07190787934143177,0
actual,1745691414.7216082,394646.8396949958,4438783.294496295,-0.07190627363852002,0
actual,1745691414.8216639,394646.83968961437,4438783.29439761,-0.07190627363852002,0
actual,1745691414.921624,394646.83964390575,4438783.294253127,-0.07187925594169915,0
actual,1745691415.0216577,394646.8395943166,4438783.29409753,-0.07187538131075959,0
actual,1745691415.1215343,394646.839415779,4438783.295883677,-0.0718371760534334,0
actual,1745691415.2216299,394646.83947533846,4438783.2958892435,-0.07181986238725369,0
actual,1745691415.3216853,394646.83951052016,4438783.295901899,-0.07182172988955332,0
actual,1745691415.4216063,394646.83953371167,4438783.29591085,-0.07185061508867381,0
actual,1745691415.5216503,394646.83957075886,4438783.295869069,-0.07186194227551918,0
actual,1745691415.6232188,394646.8391677053,4438783.295536428,-0.07187459591259619,0
actual,1745691415.7216792,394646.83917911904,4438783.295483423,-0.07185435009327308,0
actual,1745691415.8222046,394646.83921495103,4438783.295447482,-0.0718676669554659,0
actual,1745691415.9218385,394646.83928378776,4438783.295356817,-0.07184290073337989,0
actual,1745691416.0223029,394646.8393846121,4438783.295249571,-0.0718210666644375,0
actual,1745691416.1216097,394646.83939447673,4438783.296068556,-0.0718219916889412,0
actual,1745691416.2216556,394646.83943998744,4438783.296041086,-0.07183464532601795,0
actual,1745691416.3216007,394646.8395206442,4438783.295990053,-0.07183916572878062,0
actual,1745691416.4217355,394646.83958310203,4438783.295879676,-0.07181706986045035,0
actual,1745691416.521624,394646.8396494374,4438783.295753108,-0.07181439950669484,0
actual,1745691416.6215966,394646.83841947396,4438783.29634215,-0.07186873160630941,0
actual,1745691416.7216573,394646.83836710034,4438783.29627002,-0.0718239813642884,0
actual,1745691416.821653,394646.8383398041,4438783.296205559,-0.07185874832298815,0
actual,1745691416.9216452,394646.8383217853,4438783.296079464,-0.07187232698456862,0
actual,1745691417.0216496,394646.83828724385,4438783.295883978,-0.07184157428314848,0
actual,1745691417.1216311,394646.83822550526,4438783.295729144,-0.07184888721271424,0
actual,1745691417.2216985,394646.8381877824,4438783.295588478,-0.07185101651440175,0
actual,1745691417.3216817,394646.838225804,4438783.295411804,-0.07184129503046813,0
actual,1745691417.421634,394646.83825881593,4438783.2952236375,-0.07183530855113378,0
actual,1745691417.5216188,394646.83825927577,4438783.295007682,-0.07184661828468666,0
actual,1745691417.6223114,394646.8380822109,4438783.295098207,-0.07184089360474019,0
actual,1745691417.7216556,394646.8380678789,4438783.294922524,-0.07183757747916135,0
actual,1745691417.8216062,394646.83806641935,4438783.294698254,-0.07184382575788358,0
actual,1745691417.9219627,394646.8380284761,4438783.294444136,-0.07181293343012315,0
actual,1745691418.0215876,394646.8380273897,4438783.294113065,-0.07181253200439522,0
actual,1745691418.1221337,394646.83802673087,4438783.293779505,-0.07183570997686171,0
actual,1745691418.2216215,394646.8382016272,4438783.293281503,-0.0718196005878658,0
actual,1745691418.3222027,394646.83819737844,4438783.293027004,-0.07181693023411029,0
actual,1745691418.421597,394646.83822308644,4438783.292666502,-0.07179509616516791,0
actual,1745691418.5215926,394646.8382663812,4438783.292311598,-0.07177579282364073,0
actual,1745691418.6223283,394646.8376412279,4438783.294426644,-0.07186833018058147,0
actual,1745691418.7215958,394646.8375430724,4438783.2943900265,-0.07186087762467543,0
actual,1745691418.8215835,394646.837483676,4438783.29432171,-0.07184410501056394,0
actual,1745691418.9215837,394646.8374318036,4438783.294212504,-0.07181905953579781,0
actual,1745691419.0229812,394646.8373981293,4438783.294098713,-0.07183064852203105,0
actual,1745691419.1225367,394646.8373786099,4438783.2938849935,-0.0718381010779371,0
actual,1745691419.221644,394646.8374037807,4438783.2946041515,-0.07184649611163908,0
actual,1745691419.3215983,394646.83735636674,4438783.294366601,-0.07180841302736049,0
actual,1745691419.421935,394646.8373094158,4438783.294120292,-0.07179561976394343,0
actual,1745691419.5215933,394646.8373437667,4438783.293799737,-0.07177444892011686,0
actual,1745691419.6215906,394646.83741485234,4438783.29508849,-0.0717599452340327,0
actual,1745691419.7215867,394646.8374368848,4438783.294993643,-0.0717621967087678,0
actual,1745691419.8230426,394646.8374346334,4438783.294873212,-0.07176046883280822,0
actual,1745691419.9220283,394646.8374835595,4438783.29464522,-0.07175114877460254,0
actual,1745691420.0218933,394646.83755543525,4438783.294418449,-0.07178191892931539,0
actual,1745691420.121646,394646.8376231341,4438783.294177729,-0.07180174586961809,0
actual,1745691420.2219439,394646.83859601186,4438783.294451584,-0.07191906690193708,0
actual,1745691420.3218758,394646.8386746887,4438783.294201682,-0.07189629035519851,0
actual,1745691420.4215863,394646.83879147284,4438783.293936332,-0.07187845309024303,0
actual,1745691420.521589,394646.83892884856,4438783.29358993,-0.07184316253276776,0
actual,1745691420.6227784,394646.8390607423,4438783.293256507,-0.07184888721271424,0
actual,1745691420.7216148,394646.8380793729,4438783.295591533,-0.07185195899219793,0
actual,1745691420.8216267,394646.8380414314,4438783.295466979,-0.071829444244847,0
actual,1745691420.921604,394646.8380277568,4438783.295288249,-0.0718274545694998,0
actual,1745691421.022465,394646.8380438608,4438783.295059723,-0.07182146809016543,0
actual,1745691421.1216302,394646.8389089579,4438783.295604944,-0.07185141794012968,0
actual,1745691421.2216134,394646.83901097206,4438783.295531568,-0.07186246587429494,0
actual,1745691421.3216994,394646.83908499236,4438783.295388958,-0.07183623357563748,0
actual,1745691421.421604,394646.8391380512,4438783.2952273935,-0.07183557035052165,0
actual,1745691421.5216763,394646.839180112,4438783.295001041,-0.07182572669354045,0
actual,1745691421.6216152,394646.83859783935,4438783.295123226,-0.07182757674254736,0
actual,1745691421.7216058,394646.8385939993,4438783.29492343,-0.0718029501468019,0
actual,1745691421.8216524,394646.8385756554,4438783.294677986,-0.07179842974403923,0
actual,1745691421.9215705,394646.8385297311,4438783.294348797,-0.07178258215443095,0
actual,1745691422.021628,394646.83848226245,4438783.293977395,-0.0718005590457265,0
actual,1745691422.1216311,394646.839232428,4438783.294837459,-0.07186846980692177,0
actual,1745691422.221633,394646.83921282744,4438783.294677468,-0.07184982969051042,0
actual,1745691422.3217633,394646.8391830883,4438783.29450096,-0.07183757747916135,0
actual,1745691422.4217482,394646.83917683165,4438783.29431992,-0.07184516966140769,0
actual,1745691422.5219107,394646.83917927666,4438783.294116229,-0.07181706986045035,0
actual,1745691422.6216342,394646.8386625106,4438783.295401693,-0.0718234577655129,0
actual,1745691422.7216353,394646.8385951332,4438783.295344975,-0.07182253274100919,0
actual,1745691422.821691,394646.83852162224,4438783.295281831,-0.071829444244847,0
actual,1745691422.9216466,394646.83842944127,4438783.295172267,-0.07182625029231597,0
actual,1745691423.0216358,394646.8383101316,4438783.2950215535,-0.07181347448219139,0
actual,1745691423.121672,394646.83874680276,4438783.295404248,-0.07186953445776553,0
actual,1745691423.2219827,394646.83877875045,4438783.295293133,-0.07185035328928593,0
actual,1745691423.3216476,394646.83882107184,4438783.29513425,-0.0718435639584957,0
actual,1745691423.421586,394646.83886779164,4438783.2949589575,-0.07185981297383191,0
actual,1745691423.5216036,394646.83892711287,4438783.29472159,-0.07186353052513846,0
actual,1745691423.6216497,394646.83756708505,4438783.295640105,-0.07185421046693302,0
actual,1745691423.72171,394646.83753616456,4438783.295532462,-0.07185820727091992,0
actual,1745691423.821657,394646.83750980697,4438783.295409775,-0.07184023037962438,0
actual,1745691423.9216611,394646.8375180605,4438783.295227062,-0.07181853593702205,0
actual,1745691424.0216522,394646.83756277856,4438783.295037848,-0.07182265491405677,0
actual,1745691424.1216598,394646.83832652937,4438783.295208902,-0.0718801809662026,0
actual,1745691424.221693,394646.83844876435,4438783.295089704,-0.07189030387586416,0
actual,1745691424.3216639,394646.83855446,4438783.294928092,-0.07190761754204389,0
actual,1745691424.4216797,394646.8386875074,4438783.294684971,-0.07188670849760495,0
actual,1745691424.5217013,394646.83882177534,4438783.294439595,-0.07188470136896527,0
actual,1745691424.6215694,394646.8386635639,4438783.295436591,-0.07189695358031434,0
actual,1745691424.7215874,394646.8387820417,4438783.295346697,-0.07190295751294117,0
actual,1745691424.8216653,394646.8389146169,4438783.29519341,-0.07189669178092645,0
actual,1745691424.9216301,394646.83902774693,4438783.294996717,-0.07186220407490707,0
actual,1745691425.021658,394646.83915348497,4438783.294789556,-0.07186380977781881,0
actual,1745691425.121651,394646.83923339675,4438783.294651022,-0.07186340835209087,0
actual,1745691425.221593,394646.83932218724,4438783.294442618,-0.07186421120354675,0
actual,1745691425.3216653,394646.839377663,4438783.294205011,-0.07185647939496059,0
actual,1745691425.4216456,394646.8394443024,4438783.293947694,-0.07188084419131842,0
actual,1745691425.521662,394646.83951811393,4438783.293593237,-0.07184955043783005,0
actual,1745691425.6216428,394646.8391256243,4438783.295842295,-0.07187100053433698,0
actual,1745691425.7216525,394646.8390694586,4438783.295804996,-0.07189176995243586,0
actual,1745691425.8216243,394646.8390291554,4438783.295686839,-0.07189642998153857,0
actual,1745691425.9216397,394646.8389749472,4438783.2955358345,-0.07188723209638072,0
actual,1745691426.0218582,394646.8389760325,4438783.295348418,-0.07187724881305922,0
actual,1745691426.1224914,394646.83896242094,4438783.29511247,-0.07183317924944627,0
actual,1745691426.222306,394646.8391664548,4438783.2940827245,-0.07179842974403923,0
actual,1745691426.3224328,394646.8390342799,4438783.293852288,-0.0717964226153993,0
actual,1745691426.421589,394646.83895851695,4438783.2935887985,-0.07181120555416382,0
actual,1745691426.5215826,394646.83887854964,4438783.293216172,-0.07178589828000981,0
actual,1745691426.6216528,394646.83817025216,4438783.294674815,-0.07186380977781881,0
actual,1745691426.7216966,394646.83806069766,4438783.294593033,-0.07185834689726021,0
actual,1745691426.8215835,394646.8379645183,4438783.294471298,-0.07185714262007616,0
actual,1745691426.9216144,394646.8379118305,4438783.294296846,-0.07185661902130064,0
actual,1745691427.021633,394646.8378798048,4438783.29415056,-0.07185222079158556,0
actual,1745691427.1216216,394646.83981220826,4438783.293768193,-0.07187592236282783,0
actual,1745691427.2215848,394646.83989090077,4438783.293672988,-0.07188857599990459,0
actual,1745691427.3215926,394646.84000404854,4438783.293527065,-0.07186180264917913,0
actual,1745691427.4216747,394646.8401264426,4438783.293418925,-0.07186180264917913,0
actual,1745691427.5216546,394646.840273123,4438783.293239268,-0.07188377634446182,0
actual,1745691427.6215115,394646.83961857005,4438783.293675206,-0.07184942826478248,0
actual,1745691427.7216353,394646.8397075491,4438783.293578972,-0.07185927192176367,0
actual,1745691427.8221579,394646.8398112793,4438783.293441976,-0.07187738843939927,0
actual,1745691427.9216383,394646.8398843637,4438783.293260733,-0.07186326872575081,0
actual,1745691428.0215924,394646.8399210792,4438783.293079376,-0.07187578273648752,0
actual,1745691428.12162,394646.83973932196,4438783.293671462,-0.07186660230462215,0
actual,1745691428.2217348,394646.8397399929,4438783.293585703,-0.0718711227073848,0
actual,1745691428.321624,394646.8397473425,4438783.293437625,-0.07182132846382537,0
actual,1745691428.4216065,394646.8398022708,4438783.293298809,-0.0718330396231062,0
actual,1745691428.5215893,394646.83988241706,4438783.2931569265,-0.07182612811926839,0
actual,1745691428.6216393,394646.84111623495,4438783.291897498,-0.07182426061696877,0
actual,1745691428.7216578,394646.84147258184,4438783.291581059,-0.07180242654802613,0
actual,1745691428.82166,394646.84183004516,4438783.291228335,-0.07177685747448448,0
actual,1745691428.921635,394646.8422010899,4438783.290841986,-0.07176460526313541,0
actual,1745691429.02162,394646.84264562756,4438783.290417011,-0.07177591499668855,0
actual,1745691429.1217484,394646.84043194645,4438783.291980115,-0.07188791277478901,0
actual,1745691429.2217014,394646.8404240767,4438783.291847093,-0.07186913303203735,0
actual,1745691429.3215973,394646.8404171506,4438783.291621534,-0.07184143465680844,0
actual,1745691429.4216578,394646.840483891,4438783.291382494,-0.0718330396231062,0
actual,1745691429.5216367,394646.84056329995,4438783.291110882,-0.0718246620426967,0
actual,1745691429.6219907,394646.8394882152,4438783.291954802,-0.07186407157720669,0
actual,1745691429.721668,394646.8393720928,4438783.291764838,-0.07184290073337989,0
actual,1745691429.8216426,394646.83928481815,4438783.291583453,-0.07183904355573303,0
actual,1745691429.9216316,394646.83917371504,4438783.291369919,-0.07178483362916604,0
actual,1745691430.0217912,394646.83911425277,4438783.291167028,-0.07177965000128782,0
actual,1745691430.1227646,394646.83968253114,4438783.290367092,-0.07184808436125836,0
actual,1745691430.222302,394646.83962063957,4438783.290215692,-0.07185714262007616,0
actual,1745691430.321705,394646.83956566185,4438783.289994704,-0.07183930535512092,0
actual,1745691430.421813,394646.8395622001,4438783.289801685,-0.07182478421574429,0
actual,1745691430.5216453,394646.83952851925,4438783.289492947,-0.07182291671344465,0
actual,1745691430.6216075,394646.83965587575,4438783.291742047,-0.0718716637594528,0
actual,1745691430.7217891,394646.83971497684,4438783.291744213,-0.07189096710097997,0
actual,1745691430.8221369,394646.8397619184,4438783.291673107,-0.07189536533069482,0
actual,1745691430.921762,394646.8398119894,4438783.291520245,-0.07188391597080186,0
actual,1745691431.0221229,394646.8399412325,4438783.291347383,-0.07189723283299469,0
actual,1745691431.1220443,394646.83918127883,4438783.291010069,-0.07186899340569729,0
actual,1745691431.2225502,394646.839063019,4438783.290895171,-0.07187218735822856,0
actual,1745691431.3216655,394646.8390055684,4438783.2907134,-0.0718611394240633,0
actual,1745691431.4217646,394646.83897221735,4438783.290485702,-0.07182757674254736,0
actual,1745691431.5216155,394646.8388898669,4438783.29025611,-0.0718395671545088,0
actual,1745691431.6220522,394646.8396878756,4438783.292458199,-0.07187712664001164,0
actual,1745691431.721656,394646.8397644294,4438783.292458659,-0.07185688082068853,0
actual,1745691431.8216832,394646.83984786074,4438783.292434632,-0.0718401082065768,0
actual,1745691431.9216018,394646.839887731,4438783.2924217805,-0.0718599351468795,0
actual,1745691432.021668,394646.839867595,4438783.292369091,-0.07186047619894749,0
actual,1745691432.1219885,394646.8399099894,4438783.292258559,-0.07184649611163908,0
actual,1745691432.22161,394646.83979947126,4438783.294099931,-0.07183982895389644,0
actual,1745691432.3222237,394646.83983910375,4438783.294096744,-0.07183263819737827,0
actual,1745691432.4219868,394646.8398900018,4438783.294041356,-0.07186579945316628,0
actual,1745691432.5219822,394646.8400248123,4438783.29388742,-0.07184316253276776,0
actual,1745691432.6216702,394646.83862672804,4438783.293687437,-0.07182837959400348,0
actual,1745691432.7218685,394646.838543332,4438783.293524218,-0.07179883116976717,0
actual,1745691432.822009,394646.838470414,4438783.293350949,-0.07177991180067544,0
actual,1745691432.9216893,394646.8384300882,4438783.29311109,-0.07177951037494751,0
actual,1745691433.0216084,394646.8383505164,4438783.292805733,-0.07176406421106742,0
actual,1745691433.1220763,394646.8393001367,4438783.293560563,-0.07181626700899447,0
actual,1745691433.2216523,394646.83935318707,4438783.293402521,-0.07180375299825777,0
actual,1745691433.3216436,394646.83942827943,4438783.293232377,-0.07177711927387237,0
actual,1745691433.421646,394646.8395241152,4438783.29307018,-0.07177312246988522,0
actual,1745691433.5217023,394646.83965491893,4438783.292915952,-0.07183024709630312,0
actual,1745691433.6216342,394646.83854741906,4438783.294129965,-0.0718851027946932,0
actual,1745691433.7216053,394646.8385583459,4438783.294095161,-0.07189349782839519,0
actual,1745691433.8217857,394646.83858883235,4438783.29402159,-0.07188937885136071,0
actual,1745691433.9218569,394646.83860525297,4438783.293883691,-0.07189789605811027,0
actual,1745691434.0216024,394646.83854793693,4438783.29366851,-0.07188723209638072,0
actual,1745691434.1215885,394646.8391662295,4438783.293966262,-0.07183691425404552,0
actual,1745691434.2222083,394646.8392317306,4438783.293891138,-0.07183344104883414,0
actual,1745691434.3216527,394646.83935107494,4438783.29382364,-0.07183104994775899,0
actual,1745691434.421635,394646.83950832277,4438783.293767247,-0.0718309103214187,0
actual,1745691434.5216918,394646.8396201073,4438783.293600111,-0.07178258215443095,0
actual,1745691434.6216626,394646.8390068468,4438783.2943553245,-0.07180467802276122,0
actual,1745691434.721624,394646.8389943181,4438783.29432176,-0.07181253200439522,0
actual,1745691434.821667,394646.83902196435,4438783.2942536315,-0.07180254872107396,0
actual,1745691434.9216216,394646.8390535092,4438783.294130067,-0.07180027979304639,0
actual,1745691435.0216339,394646.8389956822,4438783.294002251,-0.07182012418664156,0
actual,1745691435.121661,394646.83892039984,4438783.292281212,-0.07187819129085539,0
actual,1745691435.2216246,394646.8389871821,4438783.292009976,-0.0718430229064277,0
actual,1745691435.3216176,394646.83906583,4438783.29171419,-0.0718576836721444,0
actual,1745691435.4216914,394646.8391383265,4438783.29141975,-0.07186314655270323,0
actual,1745691435.5216384,394646.8392112079,4438783.291086253,-0.07188178666911435,0
actual,1745691435.6216447,394646.83921282797,4438783.293362748,-0.07185527511777653,0
actual,1745691435.7221417,394646.8392447346,4438783.293304892,-0.07185061508867381,0
actual,1745691435.821602,394646.83928822103,4438783.29322432,-0.07185927192176367,0
actual,1745691435.9216192,394646.8393569755,4438783.293168961,-0.0718731298360245,0
actual,1745691436.0215883,394646.83950832114,4438783.292998109,-0.07187738843939927,0
actual,1745691436.121688,394646.8395176934,4438783.292277726,-0.07187977954047467,0
actual,1745691436.2216127,394646.83955952444,4438783.292132819,-0.07188737172272078,0
actual,1745691436.3216467,394646.8395018792,4438783.291937744,-0.07186887123264972,0
actual,1745691436.4217725,394646.83942977316,4438783.291779985,-0.07190801896777183,0
actual,1745691436.5216935,394646.8393692209,4438783.29150426,-0.07187724881305922,0
actual,1745691436.621598,394646.8397447631,4438783.291298038,-0.07184822398759866,0
actual,1745691436.72168,394646.8398742357,4438783.291109604,-0.0718512957670821,0
actual,1745691436.8216815,394646.83995068586,4438783.290954423,-0.07188684812394526,0
actual,1745691436.9217134,394646.8399374528,4438783.290717926,-0.07186925520508518,0
actual,1745691437.0216045,394646.8399660429,4438783.290425654,-0.07188950102440829,0
actual,1745691437.1216538,394646.83976350696,4438783.290455276,-0.07186553765377839,0
actual,1745691437.221983,394646.8398249156,4438783.290329345,-0.07184249930765194,0
actual,1745691437.3216724,394646.8399016452,4438783.290170391,-0.07187951774108678,0
actual,1745691437.4216049,394646.83996499545,4438783.289977937,-0.07190454576256045,0
actual,1745691437.5215688,394646.84003972454,4438783.289737689,-0.07191507009794994,0
actual,1745691437.622251,394646.83977597585,4438783.292151241,-0.07186620087889421,0
actual,1745691437.7217894,394646.8398066497,4438783.292161269,-0.07186539802743809,0
actual,1745691437.8215175,394646.83977259154,4438783.292192235,-0.07184902683905454,0
actual,1745691437.9216611,394646.83977786015,4438783.292216126,-0.07187684738733129,0
actual,1745691438.0226083,394646.8397585831,4438783.292169123,-0.07185448971961313,0
actual,1745691438.1219447,394646.83977850503,4438783.292178923,-0.07185848652360027,0
actual,1745691438.2216418,394646.84036920674,4438783.291529551,-0.07185195899219793,0
actual,1745691438.3220897,394646.8404583513,4438783.291466004,-0.07185633976862028,0
actual,1745691438.421986,394646.8405471861,4438783.2913691485,-0.07184316253276776,0
actual,1745691438.5216136,394646.8406903181,4438783.291244913,-0.07183783927854923,0
actual,1745691438.6215963,394646.8397423339,4438783.292840424,-0.0718599351468795,0
actual,1745691438.7216218,394646.8397030986,4438783.292866883,-0.07185515294472895,0
actual,1745691438.8222175,394646.83965775993,4438783.292827029,-0.07181427733364726,0
actual,1745691438.92165,394646.83960925194,4438783.2927489355,-0.07178298358015914,0
actual,1745691439.0225508,394646.8395649385,4438783.292660761,-0.07179708584051513,0
actual,1745691439.1219108,394646.84055476415,4438783.2937811455,-0.07186565982682597,0
actual,1745691439.2227228,394646.84060467826,4438783.293712717,-0.07183757747916135,0
actual,1745691439.321589,394646.8406490446,4438783.293617482,-0.07183769965220892,0
actual,1745691439.4216423,394646.84071979066,4438783.2935051285,-0.07184063180535231,0
actual,1745691439.5216372,394646.84081928554,4438783.293382378,-0.07185314581608926,0
actual,1745691439.621647,394646.840152664,4438783.293892819,-0.07187339163541237,0
actual,1745691439.7215447,394646.8401378168,4438783.293834321,-0.07187738843939927,0
actual,1745691439.821546,394646.8401277785,4438783.293731887,-0.07187991916681473,0
actual,1745691439.9215875,394646.840059433,4438783.293586129,-0.0718816470427743,0
actual,1745691440.0221756,394646.8400095256,4438783.293365934,-0.07187885451597097,0
actual,1745691440.1215997,394646.840975743,4438783.294426615,-0.07183797890488929,0
actual,1745691440.221626,394646.8410345317,4438783.294419566,-0.07186740515607802,0
actual,1745691440.3216348,394646.8410898388,4438783.294375937,-0.07188751134906107,0
actual,1745691440.4216459,394646.84116552956,4438783.294248472,-0.07187152413311275,0
actual,1745691440.521645,394646.841268598,4438783.294104823,-0.07186792875485354,0
actual,1745691440.621664,394646.8402109678,4438783.294739348,-0.07187885451597097,0
actual,1745691440.722069,394646.8401748766,4438783.294630313,-0.07189044350220422,0
actual,1745691440.8217444,394646.84014925524,4438783.2944988655,-0.07190920579166316,0
actual,1745691440.9218912,394646.8400932323,4438783.294263938,-0.07189004207647628,0
actual,1745691441.021971,394646.84007052897,4438783.2940374,-0.07189510353130718,0
actual,1745691441.1219609,394646.84053668246,4438783.293853986,-0.0718599351468795,0
actual,1745691441.2216568,394646.8405680915,4438783.293712375,-0.07186447300293464,0
actual,1745691441.3215957,394646.8405923965,4438783.293503851,-0.07184914901210211,0
actual,1745691441.4216347,394646.84065055655,4438783.293249661,-0.07184715933675491,0
actual,1745691441.5216413,394646.8407152903,4438783.292920849,-0.07181825668434193,0
actual,1745691441.62161,394646.8409849914,4438783.29481665,-0.07187393268748037,0
actual,1745691441.721604,394646.84099325835,4438783.294765207,-0.07188710992333289,0
actual,1745691441.822399,394646.8410085138,4438783.294655563,-0.07184583288652327,0
actual,1745691441.9216225,394646.8410379701,4438783.294492937,-0.07185208116524551,0
actual,1745691442.0216656,394646.84107247525,4438783.294280453,-0.07181679060777024,0
actual,1745691442.1217847,394646.8411755676,4438783.294082003,-0.07183557035052165,0
actual,1745691442.2224224,394646.8404211841,4438783.29413076,-0.07184382575788358,0
actual,1745691442.3216083,394646.84041508933,4438783.293922256,-0.071849951863558,0
actual,1745691442.421628,394646.84038145345,4438783.293671247,-0.07183398210090239,0
actual,1745691442.5216186,394646.8403575468,4438783.2933964385,-0.07185342506876963,0
actual,1745691442.6219642,394646.8409731682,4438783.295002662,-0.07186047619894749,0
actual,1745691442.7216382,394646.8409589146,4438783.294945824,-0.07184410501056394,0
actual,1745691442.8219535,394646.8409433422,4438783.294826152,-0.07184529183445527,0
actual,1745691442.921643,394646.8409092066,4438783.29465785,-0.07182225348832882,0
actual,1745691443.021649,394646.8408575902,4438783.29445503,-0.07181506273181067,0
actual,1745691443.121602,394646.84030187654,4438783.293745898,-0.07184969006417036,0
actual,1745691443.2216473,394646.84021251026,4438783.293523589,-0.07181586558326654,0
actual,1745691443.3216321,394646.8401736594,4438783.293246618,-0.07178629970573774,0
actual,1745691443.4216225,394646.8401214368,4438783.29295379,-0.07178258215443095,0
actual,1745691443.5215886,394646.8400304083,4438783.292641667,-0.07180214729534602,0
actual,1745691443.6216507,394646.84081950656,4438783.293658817,-0.07185408829388519,0
actual,1745691443.721617,394646.84085291775,4438783.293570744,-0.07182851922034354,0
actual,1745691443.821634,394646.8409130152,4438783.293451153,-0.07180947767820424,0
actual,1745691443.9215817,394646.84098894097,4438783.293311558,-0.07183225422494281,0
actual,1745691444.0215857,394646.8410518575,4438783.29313637,-0.07186819055424142,0
actual,1745691444.1216304,394646.8410773689,4438783.292906155,-0.07186447300293464,0
actual,1745691444.2216065,394646.83966836694,4438783.293562815,-0.07189150815304797,0
actual,1745691444.3216646,394646.83955917053,4438783.293447554,-0.07190028715918566,0
actual,1745691444.421643,394646.839391564,4438783.2932441635,-0.07189602855581063,0
actual,1745691444.521636,394646.8392181874,4438783.293015069,-0.07189801823115785,0
actual,1745691444.6215806,394646.839285391,4438783.294535565,-0.07192452978249567,0
actual,1745691444.721581,394646.8391926943,4438783.294450022,-0.07191932870132471,0
actual,1745691444.8217528,394646.83909620176,4438783.294345484,-0.07190842039349976,0
actual,1745691444.9217372,394646.8390516316,4438783.294223219,-0.07195248995711272,0
actual,1745691445.021696,394646.8389391225,4438783.293975705,-0.07194156419599529,0
actual,1745691445.1216273,394646.8398578496,4438783.29384818,-0.07186421120354675,0
actual,1745691445.2220948,394646.839913496,4438783.293685317,-0.07185794547153228,0
actual,1745691445.3215957,394646.8399680561,4438783.293462853,-0.07188697029699284,0
actual,1745691445.4215913,394646.8400028237,4438783.29316526,-0.07190854256654759,0
actual,1745691445.5216267,394646.84004693624,4438783.292845253,-0.07190374291110456,0
actual,1745691445.6223962,394646.84013063344,4438783.2945295535,-0.07188110599070606,0
actual,1745691445.7217798,394646.8401335867,4438783.294438014,-0.07186859197996935,0
actual,1745691445.821597,394646.8401777213,4438783.294266605,-0.07181506273181067,0
actual,1745691445.921626,394646.8402042445,4438783.294148793,-0.07182438279001635,0
actual,1745691446.0225356,394646.8402596696,4438783.294061197,-0.07185248259097345,0
actual,1745691446.1216125,394646.83962887514,4438783.295143373,-0.0718703373092214,0
actual,1745691446.2216163,394646.8395988019,4438783.295129342,-0.07185780584519198,0
actual,1745691446.3215916,394646.83958009427,4438783.295116294,-0.07188897742563252,0
actual,1745691446.4220457,394646.83955613436,4438783.295058601,-0.07186407157720669,0
actual,1745691446.5216591,394646.83950576646,4438783.294981002,-0.07188803494783659,0
actual,1745691446.6216547,394646.839956091,4438783.2951861415,-0.07188470136896527,0
actual,1745691446.7216675,394646.83989444433,4438783.295081641,-0.07187459591259619,0
actual,1745691446.8216836,394646.8398026978,4438783.294900532,-0.07188550422042114,0
actual,1745691446.9216769,394646.839753596,4438783.294685227,-0.07188777314844871,0
actual,1745691447.0216112,394646.83968224504,4438783.2944332445,-0.07187937811474673,0
actual,1745691447.1216013,394646.841044313,4438783.29423134,-0.07185647939496059,0
actual,1745691447.2216132,394646.8410644087,4438783.294102267,-0.0718660612525539,0
actual,1745691447.3216577,394646.8411006404,4438783.29391372,-0.07183930535512092,0
actual,1745691447.4216568,394646.84114908485,4438783.293726478,-0.0718430229064277,0
actual,1745691447.5221806,394646.8412179444,4438783.293523394,-0.07185222079158556,0
actual,1745691447.621696,394646.8400348786,4438783.294401831,-0.07186499660171014,0
actual,1745691447.7216053,394646.83995086554,4438783.294239794,-0.07186712590339767,0
actual,1745691447.821597,394646.83984892257,4438783.294038477,-0.07185633976862028,0
actual,1745691447.9216201,394646.8397407844,4438783.293770858,-0.07182225348832882,0
actual,1745691448.0217865,394646.83962338546,4438783.293481441,-0.07183157354653451,0
actual,1745691448.1216104,394646.8409991598,4438783.294837149,-0.0718660612525539,0
actual,1745691448.221671,394646.8411632436,4438783.294756929,-0.0718767252142837,0
actual,1745691448.322075,394646.8412942297,4438783.294656273,-0.07187325200907208,0
actual,1745691448.4216142,394646.8414081712,4438783.294481831,-0.07187353126175243,0
actual,1745691448.5216153,394646.8415964246,4438783.294249551,-0.07183251602433069,0
actual,1745691448.6216445,394646.84039986663,4438783.294416193,-0.07186686410400978,0
actual,1745691448.722112,394646.84040249063,4438783.294257081,-0.07190627363852002,0
actual,1745691448.821617,394646.8403087341,4438783.293979553,-0.07190028715918566,0
actual,1745691448.9216118,394646.8402559731,4438783.293691388,-0.0718401082065768,0
actual,1745691449.0216932,394646.840334972,4438783.293397914,-0.07184635648529904,0
actual,1745691449.121636,394646.8406346645,4438783.294635036,-0.07182972349752735,0
actual,1745691449.2215807,394646.8406475854,4438783.294588774,-0.07185688082068853,0
actual,1745691449.321588,394646.8405310685,4438783.294449896,-0.07180881445308843,0
actual,1745691449.4222465,394646.8404100473,4438783.294326434,-0.07179282723714034,0
actual,1745691449.5215962,394646.84031718696,4438783.294134408,-0.07177818392471612,0
actual,1745691449.6216125,394646.84093082475,4438783.294222057,-0.07185155756646999,0
actual,1745691449.7216115,394646.8409380919,4438783.294042835,-0.0718245224163564,0
actual,1745691449.8216965,394646.8409239369,4438783.293813524,-0.0718286588466836,0
actual,1745691449.9216294,394646.84089050407,4438783.293547073,-0.07183637320197753,0
actual,1745691450.0216281,394646.84089606773,4438783.293202927,-0.07183982895389644,0
actual,1745691450.1215918,394646.839408568,4438783.294747505,-0.07186887123264972,0
actual,1745691450.2221453,394646.8393142858,4438783.294705791,-0.07189496390496687,0
actual,1745691450.3217025,394646.8392193306,4438783.294517188,-0.07186274512697505,0
actual,1745691450.4216306,394646.83914763515,4438783.294215031,-0.0718462343122512,0
actual,1745691450.5216424,394646.83906931686,4438783.293940243,-0.07183398210090239,0
actual,1745691450.6217585,394646.8391114852,4438783.294773204,-0.0718386421300051,0
actual,1745691450.7215557,394646.83909423824,4438783.294585237,-0.0718274545694998,0
actual,1745691450.821669,394646.83909795684,4438783.2943464955,-0.0718093380518642,0
actual,1745691450.9216387,394646.8391164139,4438783.294073011,-0.07179270506409251,0
actual,1745691451.0215979,394646.83909740497,4438783.2937703375,-0.07178511288184641,0
actual,1745691451.1216707,394646.8397614879,4438783.294738655,-0.07186819055424142,0
actual,1745691451.222218,394646.8398115333,4438783.29464142,-0.07191239974419443,0
actual,1745691451.3215961,394646.8398667396,4438783.294481004,-0.07188457919591769,0
actual,1745691451.4215844,394646.8399614049,4438783.294321071,-0.07192945161098627,0
actual,1745691451.5221775,394646.84000415134,4438783.294083164,-0.07191573332306575,0
actual,1745691451.62173,394646.84027225594,4438783.294088444,-0.07188976282379592,0
actual,1745691451.7216077,394646.8403220176,4438783.29392652,-0.0718780516645151,0
actual,1745691451.821598,394646.84038930474,4438783.29371504,-0.07187925594169915,0
actual,1745691451.9215872,394646.8404304766,4438783.293442429,-0.0718767252142837,0
actual,1745691452.0231557,394646.84044686664,4438783.293199274,-0.07190414433683251,0
actual,1745691452.1229396,394646.84044979885,4438783.292846939,-0.0719005489585733,0
actual,1745691452.2216036,394646.8394688396,4438783.293004117,-0.07189976356040989,0
actual,1745691452.3215349,394646.8394689918,4438783.292789753,-0.07189735500604227,0
actual,1745691452.4221165,394646.8394489656,4438783.29249771,-0.07189163032609555,0
actual,1745691452.5216537,394646.83937240316,4438783.292118203,-0.07187937811474673,0
actual,1745691452.621586,394646.83971995884,4438783.293648169,-0.0718807220182706,0
actual,1745691452.721588,394646.8398225206,4438783.293479687,-0.07185435009327308,0
actual,1745691452.8220224,394646.83989722084,4438783.293299115,-0.07183530855113378,0
actual,1745691452.9216042,394646.83990439365,4438783.293096315,-0.07182225348832882,0
actual,1745691453.0216136,394646.83989992295,4438783.292790704,-0.07181253200439522,0
actual,1745691453.1219795,394646.8403834344,4438783.294355649,-0.07185155756646999,0
actual,1745691453.222872,394646.84051721665,4438783.294286041,-0.07185633976862028,0
actual,1745691453.3216486,394646.8406736354,4438783.29414866,-0.0718484857869863,0
actual,1745691453.4217672,394646.8408028239,4438783.293912374,-0.07181679060777024,0
actual,1745691453.5217748,394646.8409086174,4438783.293710578,-0.07181333485585109,0
actual,1745691453.6221185,394646.8405126727,4438783.294530565,-0.07186660230462215,0
actual,1745691453.72161,394646.8405744214,4438783.294360252,-0.0718462343122512,0
actual,1745691453.8216784,394646.8405918482,4438783.294229428,-0.07181879773640992,0
actual,1745691453.9220335,394646.84058623004,4438783.29407951,-0.071810542329048,0
actual,1745691454.0218837,394646.84059265966,4438783.293810727,-0.07177378569500104,0
actual,1745691454.121659,394646.84005801566,4438783.295239672,-0.07184555363384292,0
actual,1745691454.2215137,394646.83998138737,4438783.295172869,-0.07184263893399224,0
actual,1745691454.3216226,394646.8399209439,4438783.295034036,-0.07184023037962438,0
actual,1745691454.4216707,394646.8398182065,4438783.294852442,-0.07179123898752107,0
actual,1745691454.5221195,394646.8397299461,4438783.294709337,-0.07182492384208433,0
actual,1745691454.6215916,394646.8383368043,4438783.2937829895,-0.07191054969518727,0
actual,1745691454.7216241,394646.8381569139,4438783.293486522,-0.07186194227551918,0
actual,1745691454.8216338,394646.8380086476,4438783.293166904,-0.07184782256187072,0
actual,1745691454.9215853,394646.83780885936,4438783.292801165,-0.07183438352663032,0
actual,1745691455.0221472,394646.8376087521,4438783.29246688,-0.07187299020968443,0
actual,1745691455.1223612,394646.83880119654,4438783.292107858,-0.07188391597080186,0
actual,1745691455.2215433,394646.83886205626,4438783.291954445,-0.07187765023878716,0
actual,1745691455.3216224,394646.8389897216,4438783.291773183,-0.07189456247923894,0
actual,1745691455.4216127,394646.8391028411,4438783.291558865,-0.07190374291110456,0
actual,1745691455.522286,394646.83910046774,4438783.291335817,-0.07190508681462843,0
actual,1745691455.621693,394646.8378349634,4438783.292543181,-0.07183850250366504,0
actual,1745691455.7216568,394646.83788545284,4438783.292412326,-0.07180841302736049,0
actual,1745691455.8219616,394646.83794671565,4438783.292335776,-0.07182012418664156,0
actual,1745691455.9225688,394646.8378797185,4438783.292280824,-0.07181387590791932,0
actual,1745691456.0221803,394646.8377364776,4438783.2921584,-0.0718395671545088,0
actual,1745691456.121603,394646.83852745104,4438783.292661724,-0.07187339163541237,0
actual,1745691456.2216396,394646.83866573946,4438783.292544026,-0.07187618416221546,0
actual,1745691456.3215523,394646.8387899129,4438783.292362757,-0.0719197301270529,0
actual,1745691456.4216247,394646.8388865062,4438783.292271247,-0.07198910696481962,0
actual,1745691456.5215874,394646.83901881427,4438783.29214425,-0.07197765760492643,0
actual,1745691456.6216042,394646.8380418937,4438783.293111919,-0.07182305633978471,0
actual,1745691456.721589,394646.8380895989,4438783.292951886,-0.07184223750826431,0
actual,1745691456.821682,394646.8379970407,4438783.292815177,-0.07185380904120484,0
actual,1745691456.9223833,394646.8378901874,4438783.292570081,-0.07185181936585762,0
actual,1745691457.0218453,394646.83782601904,4438783.292366379,-0.07183424390029002,0
actual,1745691457.121757,394646.8376855666,4438783.292100822,-0.07181120555416382,0
actual,1745691457.2217903,394646.83974729,4438783.293673614,-0.07176579208702699,0
actual,1745691457.3222654,394646.8398909554,4438783.293573944,-0.07176460526313541,0
actual,1745691457.4220243,394646.83990448323,4438783.293483763,-0.0717748503458448,0
actual,1745691457.5221,394646.8399617602,4438783.293366662,-0.07177286067049733,0
actual,1745691457.6215718,394646.8394167224,4438783.294476226,-0.07183570997686171,0
actual,1745691457.7216418,394646.8394134,4438783.294383647,-0.07182612811926839,0
actual,1745691457.8223984,394646.8393486387,4438783.294242121,-0.07180841302736049,0
actual,1745691457.921659,394646.83926136955,4438783.29421767,-0.07181028052966013,0
actual,1745691458.022023,394646.8391504785,4438783.293995272,-0.07181040270270794,0
actual,1745691458.1216338,394646.8402480853,4438783.293577284,-0.07184462860933946,0
actual,1745691458.2215834,394646.84035009384,4438783.293540351,-0.07186539802743809,0
actual,1745691458.3220305,394646.8404248303,4438783.293431255,-0.07181094375477594,0
actual,1745691458.4216309,394646.8405277053,4438783.293266034,-0.07179935476854268,0
actual,1745691458.5221763,394646.84065003,4438783.293107697,-0.0717880450349898,0
actual,1745691458.6221693,394646.83950076153,4438783.293547584,-0.07184089360474019,0
actual,1745691458.7217042,394646.83941375057,4438783.293452878,-0.07184382575788358,0
actual,1745691458.8219042,394646.8392998489,4438783.293306639,-0.07185342506876963,0
actual,1745691458.9221547,394646.83919148427,4438783.293037719,-0.07183942752816849,0
actual,1745691459.0216243,394646.8390903157,4438783.29279064,-0.07186194227551918,0
actual,1745691459.121686,394646.8389588547,4438783.29249549,-0.07186407157720669,0
actual,1745691459.2218704,394646.83813660045,4438783.295200584,-0.07189309640266725,0
actual,1745691459.321809,394646.83809513284,4438783.295225887,-0.07189882108261397,0
actual,1745691459.4219735,394646.8380155378,4438783.2952182675,-0.07189629035519851,0
actual,1745691459.5219853,394646.8379426646,4438783.295173233,-0.07188737172272078,0
actual,1745691459.6218922,394646.83790419484,4438783.295116525,-0.07187592236282783,0
actual,1745691459.7218337,394646.8380472106,4438783.294518364,-0.07185342506876963,0
actual,1745691459.821596,394646.83802310703,4438783.294398722,-0.07182705314377184,0
actual,1745691459.9216096,394646.8380145025,4438783.294249501,-0.07181293343012315,0
actual,1745691460.022903,394646.83801836247,4438783.29410307,-0.07177697964753206,0
actual,1745691460.1218278,394646.8383756996,4438783.292642695,-0.07182679134438397,0
actual,1745691460.2215428,394646.83837800846,4438783.292350584,-0.07178350717893466,0
actual,1745691460.3215933,394646.8384230059,4438783.292079199,-0.07178298358015914,0
actual,1745691460.4226432,394646.8384079271,4438783.291743348,-0.0717668567378705,0
actual,1745691460.5218756,394646.83838069264,4438783.29138486,-0.07173170580673555,0
actual,1745691460.6215281,394646.8385044351,4438783.29222203,-0.07180174586961809,0
actual,1745691460.7215872,394646.83851035003,4438783.292101001,-0.07181120555416382,0
actual,1745691460.82275,394646.83852637734,4438783.291951035,-0.07180254872107396,0
actual,1745691460.9216373,394646.8385176938,4438783.291741867,-0.0717668567378705,0
actual,1745691461.0218642,394646.83855131385,4438783.291562727,-0.07176619351275494,0
actual,1745691461.1224842,394646.83910350554,4438783.29252491,-0.07184675791102697,0
actual,1745691461.2237046,394646.8391259625,4438783.292442038,-0.07184609468591115,0
actual,1745691461.3216248,394646.83914564375,4438783.292325988,-0.07183438352663032,0
actual,1745691461.4216123,394646.8391730584,4438783.292184817,-0.07184157428314848,0
actual,1745691461.521872,394646.8392021237,4438783.292015596,-0.07187192555884069,0
actual,1745691461.6226525,394646.8383103487,4438783.291446901,-0.07185274439036132,0
actual,1745691461.7216947,394646.8382602768,4438783.291259296,-0.07187937811474673,0
actual,1745691461.8216345,394646.8382193108,4438783.2910063015,-0.07184942826478248,0
actual,1745691461.9227192,394646.83821673854,4438783.290765108,-0.07186740515607802,0
actual,1745691462.0221734,394646.8382058086,4438783.29049404,-0.07186660230462215,0
actual,1745691462.1215966,394646.83816274384,4438783.290123638,-0.07184489040872734,0
actual,1745691462.2216015,394646.83834344737,4438783.292404298,-0.0718274545694998,0
actual,1745691462.322,394646.83829707897,4438783.292353961,-0.07180815122797285,0
actual,1745691462.4215255,394646.8382269305,4438783.292302736,-0.07179895334281475,0
actual,1745691462.5215454,394646.8381331239,4438783.292208748,-0.07175793810539301,0
actual,1745691462.621583,394646.83791489806,4438783.29338471,-0.07180521907482947,0
actual,1745691462.7219577,394646.83791883825,4438783.293362878,-0.07180921587881661,0
actual,1745691462.8217986,394646.83801618975,4438783.293244655,-0.07174889729986769,0
actual,1745691462.9216597,394646.8380385477,4438783.293206107,-0.07173955978836928,0
actual,1745691463.0224307,394646.83800605393,4438783.293107958,-0.07176366278533948,0
actual,1745691463.1228561,394646.83812462405,4438783.293001912,-0.07185647939496059,0
actual,1745691463.2217104,394646.83819326095,4438783.2928379215,-0.07178923185888113,0
actual,1745691463.3215928,394646.83823927504,4438783.2926073875,-0.07177565319730067,0
actual,1745691463.4217062,394646.8382870131,4438783.292368914,-0.07179109936118076,0
actual,1745691463.5216045,394646.8384540789,4438783.29216347,-0.071797888691971,0
actual,1745691463.621667,394646.83749831107,4438783.292774276,-0.07184635648529904,0
actual,1745691463.7216108,394646.8375250231,4438783.292638671,-0.0718401082065768,0
actual,1745691463.8220894,394646.83749973454,4438783.292421486,-0.07185489114534106,0
actual,1745691463.9225848,394646.8374872492,4438783.292149486,-0.07186819055424142,0
actual,1745691464.0215604,394646.83745341166,4438783.291882244,-0.0719097468437314,0
actual,1745691464.1223545,394646.8374822355,4438783.291591575,-0.0718450300350674,0
actual,1745691464.2249298,394646.8375586395,4438783.291396614,-0.07184928863844217,0
actual,1745691464.322277,394646.837607102,4438783.291193337,-0.0718500914898983,0
actual,1745691464.421998,394646.83759301127,4438783.290980834,-0.07184955043783005,0
actual,1745691464.5216563,394646.83760710765,4438783.290712501,-0.07185674119434822,0
actual,1745691464.6224499,394646.83777130395,4438783.292466747,-0.07184410501056394,0
actual,1745691464.721801,394646.8379207718,4438783.292377314,-0.071823195966125,0
actual,1745691464.8216424,394646.8380850714,4438783.292241978,-0.07183982895389644,0
actual,1745691464.9217587,394646.83817328233,4438783.292019653,-0.07183703642709335,0
actual,1745691465.0227408,394646.83826506755,4438783.291739174,-0.07180361337191772,0
actual,1745691465.1216607,394646.83770761336,4438783.292576548,-0.07180214729534602,0
actual,1745691465.2216249,394646.8376798315,4438783.292451519,-0.07177818392471612,0
actual,1745691465.3219535,394646.83766463597,4438783.292321735,-0.07176912566589808,0
actual,1745691465.4224048,394646.83767091646,4438783.2921938365,-0.07178457182977842,0
actual,1745691465.5223489,394646.83770006394,4438783.292039747,-0.07175141057399041,0
actual,1745691465.6223016,394646.8365942674,4438783.292833357,-0.07174875767352738,0
actual,1745691465.7224407,394646.8364082894,4438783.292757912,-0.07174982232437115,0
actual,1745691465.8223379,394646.8362300319,4438783.292723801,-0.07178910968583355,0
actual,1745691465.9216306,394646.83602523117,4438783.292644053,-0.07177125496758559,0
actual,1745691466.022645,394646.8357994306,4438783.292513074,-0.07178444965673059,0
actual,1745691466.1216142,394646.83643963514,4438783.291792917,-0.07187045948226899,0
actual,1745691466.221661,394646.8363778175,4438783.291556272,-0.07184117285742055,0
actual,1745691466.3217425,394646.83631229436,4438783.291339691,-0.07184410501056394,0
actual,1745691466.4216404,394646.8362306343,4438783.291049549,-0.07186553765377839,0
actual,1745691466.521924,394646.8360916742,4438783.290737671,-0.07186979625715317,0
actual,1745691466.6218774,394646.8359478059,4438783.290317211,-0.07187538131075959,0
actual,1745691466.7216988,394646.8361254261,4438783.292217856,-0.07187499733832413,0
actual,1745691466.8217897,394646.836089849,4438783.292080562,-0.07186367015147875,0
actual,1745691466.92189,394646.83608594065,4438783.29190388,-0.0718716637594528,0
actual,1745691467.0216806,394646.83613567497,4438783.291723825,-0.071862064448567,0
actual,1745691467.1221457,394646.8362326642,4438783.291512628,-0.07185489114534106,0
actual,1745691467.2217867,394646.8361671967,4438783.292720982,-0.0718090762524763,0
actual,1745691467.3224752,394646.8362279068,4438783.292702483,-0.07183344104883414,0
actual,1745691467.4227347,394646.83633792517,4438783.292650022,-0.07181972276091338,0
actual,1745691467.5219254,394646.83652371605,4438783.292566933,-0.07183157354653451,0
actual,1745691467.6219077,394646.8367113347,4438783.292387037,-0.07179429331371204,0
actual,1745691467.7222457,394646.8364824365,4438783.291810363,-0.07186407157720669,0
actual,1745691467.8217027,394646.8364956704,4438783.291683333,-0.07183197497226244,0
actual,1745691467.9223595,394646.836686435,4438783.291424281,-0.07179443294005208,0
actual,1745691468.0217,394646.8368641534,4438783.291137592,-0.07182371956490052,0
actual,1745691468.1216934,394646.8369655712,4438783.290887017,-0.07179190221263664,0
actual,1745691468.2222707,394646.8367852693,4438783.291537632,-0.07187831346390297,0
actual,1745691468.3217778,394646.8368231314,4438783.291380006,-0.0718330396231062,0
actual,1745691468.4217763,394646.8369164673,4438783.291277804,-0.07185595579618483,0
actual,1745691468.5216863,394646.8370952245,4438783.291093512,-0.0718462343122512,0
actual,1745691468.6216447,394646.8373046421,4438783.290796653,-0.07186021439955985,0
actual,1745691468.7216465,394646.8367510933,4438783.291309811,-0.07181693023411029,0
actual,1745691468.8223584,394646.8367982652,4438783.291150042,-0.07185967334749162,0
actual,1745691468.9220057,394646.8367908366,4438783.290824926,-0.0718210666644375,0
actual,1745691469.0216813,394646.836747016,4438783.29049061,-0.07179549759089585,0
actual,1745691469.1219006,394646.8378768767,4438783.291271041,-0.07184117285742055,0
actual,1745691469.22181,394646.8378503745,4438783.291125459,-0.07182757674254736,0
actual,1745691469.3218246,394646.8378213022,4438783.290935744,-0.07183677462770546,0
actual,1745691469.421522,394646.83780694794,4438783.290717384,-0.07182558706720016,0
actual,1745691469.5221484,394646.8378143851,4438783.290414857,-0.07182265491405677,0
actual,1745691469.6223297,394646.83750422864,4438783.291423942,-0.07184609468591115,0
actual,1745691469.7219057,394646.8374921697,4438783.291339869,-0.07185489114534106,0
actual,1745691469.8215904,394646.8374734958,4438783.291196067,-0.07182679134438397,0
actual,1745691469.9223573,394646.8374799829,4438783.291034084,-0.07179602118967136,0
actual,1745691470.021688,394646.8375719441,4438783.290847929,-0.07179363008859621,0
actual,1745691470.1216276,394646.8374867992,4438783.291811989,-0.07185089434135417,0
actual,1745691470.2226744,394646.837503655,4438783.291745463,-0.07183398210090239,0
actual,1745691470.321792,394646.83752665273,4438783.291670046,-0.07181293343012315,0
actual,1745691470.4222515,394646.8375956195,4438783.291557128,-0.0718219916889412,0
actual,1745691470.5219963,394646.8376312245,4438783.291439804,-0.07182279454039707,0
actual,1745691470.6223028,394646.8374175398,4438783.291952949,-0.07188058239193054,0
actual,1745691470.7221713,394646.8373846479,4438783.291914294,-0.07188498062164562,0
actual,1745691470.821633,394646.83735233324,4438783.291834966,-0.07184715933675491,0
actual,1745691470.9215882,394646.83730476635,4438783.291770427,-0.07183544817747407,0
actual,1745691471.0222733,394646.8372696185,4438783.291700954,-0.07182825742095567,0
actual,1745691471.121981,394646.83787098544,4438783.289980099,-0.07183398210090239,0
actual,1745691471.2220027,394646.83793980395,4438783.2897800775,-0.07181893736275023,0
actual,1745691471.3219686,394646.8380063351,4438783.289555484,-0.07180027979304639,0
actual,1745691471.4218829,394646.83806767996,4438783.28929388,-0.07178310575320672,0
actual,1745691471.5218313,394646.83815753035,4438783.289041294,-0.07179630044235172,0
actual,1745691471.6217594,394646.8382101893,4438783.288749216,-0.07178910968583355,0
actual,1745691471.7216072,394646.8375477814,4438783.289972109,-0.07186447300293464,0
actual,1745691471.8222408,394646.8374738656,4438783.289859756,-0.07182426061696877,0
actual,1745691471.9215941,394646.837397518,4438783.289678794,-0.0718245224163564,0
actual,1745691472.021631,394646.8373123118,4438783.289508332,-0.07181747128617853,0
actual,1745691472.1221173,394646.83722522506,4438783.289316428,-0.07178816720803738,0
actual,1745691472.2223752,394646.8366970432,4438783.290508286,-0.07184195825558395,0
actual,1745691472.323006,394646.83655259805,4438783.290421369,-0.07185089434135417,0
actual,1745691472.4219477,394646.8363460672,4438783.290297826,-0.07182412099062846,0
actual,1745691472.5226624,394646.83621737943,4438783.290158319,-0.07182078741175714,0
actual,1745691472.6224132,394646.83672503073,4438783.291041132,-0.07183476749906578,0
actual,1745691472.721596,394646.8369142149,4438783.290970392,-0.07184689753736702,0
actual,1745691472.8215954,394646.83704708813,4438783.290820678,-0.07182918244545937,0
actual,1745691472.9216309,394646.8371142147,4438783.290664004,-0.07183117212080657,0
actual,1745691473.0217483,394646.8371781573,4438783.290506691,-0.07183890392939299,0
actual,1745691473.122117,394646.8374332808,4438783.290891715,-0.07184756076248285,0
actual,1745691473.2219198,394646.8374858864,4438783.290751329,-0.07183651282831759,0
actual,1745691473.323335,394646.8376080868,4438783.290605205,-0.07186513622805045,0
actual,1745691473.4224067,394646.83772179356,4438783.290421832,-0.07186421120354675,0
actual,1745691473.5219822,394646.8378258386,4438783.290152897,-0.0718486254133266,0
actual,1745691473.6234317,394646.8370188694,4438783.291179024,-0.07184796218821078,0
actual,1745691473.7216551,394646.83708550496,4438783.29105142,-0.07184330215910807,0
actual,1745691473.8216538,394646.8371998824,4438783.290853551,-0.07183050889569076,0
actual,1745691473.9220402,394646.8372675026,4438783.290650899,-0.07184276110703983,0
actual,1745691474.0224864,394646.8373421045,4438783.290373469,-0.07183783927854923,0
actual,1745691474.1222317,394646.8372579483,4438783.292366802,-0.07185647939496059,0
actual,1745691474.221806,394646.8372789236,4438783.292268162,-0.07183743785282129,0
actual,1745691474.3216126,394646.8372991389,4438783.292110297,-0.07181813451129411,0
actual,1745691474.4227936,394646.8373263624,4438783.291905401,-0.0718245224163564,0
actual,1745691474.5216484,394646.83735740813,4438783.291669096,-0.07184422718361153,0
actual,1745691474.621587,394646.8373186088,4438783.29079904,-0.0718660612525539,0
actual,1745691474.721643,394646.8374311487,4438783.290535121,-0.07188684812394526,0
actual,1745691474.8217888,394646.8375678201,4438783.290232804,-0.07187566056343994,0
actual,1745691474.922583,394646.83772076515,4438783.289812305,-0.07185981297383191,0
actual,1745691475.0225804,394646.83779614104,4438783.289429518,-0.07186565982682597,0
actual,1745691475.122052,394646.8371836225,4438783.290693227,-0.071842097881924,0
actual,1745691475.222318,394646.8370360676,4438783.2906203,-0.07185314581608926,0
actual,1745691475.3221047,394646.836886768,4438783.290518304,-0.07184462860933946,0
actual,1745691475.4216008,394646.8367623653,4438783.290325027,-0.071862064448567,0
actual,1745691475.5216596,394646.8367167813,4438783.290138219,-0.07184609468591115,0
actual,1745691475.6226978,394646.8351866519,4438783.29244814,-0.07182785599522773,0
actual,1745691475.7216063,394646.835193534,4438783.292446608,-0.07180867482674837,0
actual,1745691475.821759,394646.8352126102,4438783.292438634,-0.07179535796455554,0
actual,1745691475.9220595,394646.83520317404,4438783.292444417,-0.07178937148522144,0
actual,1745691476.0237627,394646.8351657918,4438783.29243897,-0.07181080412843588,0
actual,1745691476.122135,394646.83533552324,4438783.294373076,-0.07187192555884069,0
actual,1745691476.2216136,394646.83533074445,4438783.294444562,-0.07186473480232251,0
actual,1745691476.3221638,394646.8353262284,4438783.294491933,-0.07188271169361805,0
actual,1745691476.4224312,394646.8352901563,4438783.294459931,-0.07182904281911906,0
actual,1745691476.5216105,394646.83531959297,4438783.294393949,-0.07184223750826431,0
actual,1745691476.621612,394646.83573603816,4438783.293489389,-0.07187431665991582,0
actual,1745691476.7216194,394646.83578753384,4438783.293351479,-0.07193144128633373,0
actual,1745691476.8220286,394646.8357861342,4438783.293143856,-0.07190615146547219,0
actual,1745691476.921905,394646.8357906677,4438783.292935036,-0.07193744521896056,0
actual,1745691477.0219781,394646.83579485153,4438783.292631485,-0.07192398873042768,0
actual,1745691477.1223722,394646.8359524474,4438783.292342262,-0.07192571660638701,0
actual,1745691477.2219152,394646.83601186017,4438783.291900533,-0.07192625765845524,0
actual,1745691477.3227327,394646.83602522296,4438783.291392183,-0.07193025446244239,0
actual,1745691477.4221346,394646.8360381958,4438783.290802212,-0.07193250593717748,0
actual,1745691477.5220551,394646.83606635255,4438783.290186991,-0.07190175323575736,0
actual,1745691477.6222703,394646.83578497963,4438783.29220617,-0.07185167973951757,0
actual,1745691477.7223918,394646.8357984524,4438783.291975554,-0.07182797816827555,0
actual,1745691477.8227952,394646.83583536535,4438783.291714406,-0.07180853520040832,0
actual,1745691477.9218037,394646.83586073876,4438783.291471687,-0.07183317924944627,0
actual,1745691478.021959,394646.8359245973,4438783.291148345,-0.07184316253276776,0
actual,1745691478.1216645,394646.83619390853,4438783.292515957,-0.07185541474411683,0
actual,1745691478.2222335,394646.8362973004,4438783.292428694,-0.07187606198916788,0
actual,1745691478.3225284,394646.83636077977,4438783.292318374,-0.07189869890956614,0
actual,1745691478.4215982,394646.83640868525,4438783.292071098,-0.07185049291562623,0
actual,1745691478.521596,394646.8364490896,4438783.291874487,-0.07188363671812151,0
actual,1745691478.6217036,394646.8357232077,4438783.292457413,-0.07186939483142522,0
actual,1745691478.721844,394646.8356303134,4438783.292274575,-0.07183797890488929,0
actual,1745691478.821623,394646.8355316325,4438783.292100837,-0.07184609468591115,0
actual,1745691478.9218524,394646.8353822096,4438783.291831483,-0.07182651209170386,0
actual,1745691479.023058,394646.8352299733,4438783.291578705,-0.07183157354653451,0
actual,1745691479.1221402,394646.83505561086,4438783.2925503915,-0.07180654552506086,0
actual,1745691479.2219274,394646.83509706473,4438783.292482019,-0.07179523579150797,0
actual,1745691479.3216243,394646.8351424845,4438783.2923478335,-0.07173503938560662,0
actual,1745691479.4225616,394646.8351651237,4438783.292259723,-0.07172318859998573,0
actual,1745691479.5221372,394646.83514160337,4438783.292091574,-0.07167365615581418,0
actual,1745691479.6218448,394646.8351117038,4438783.293259575,-0.07182146809016543,0
actual,1745691479.7217505,394646.8351492183,4438783.293280784,-0.0718239813642884,0
actual,1745691479.8239717,394646.8353141219,4438783.293221163,-0.07183584960320201,0
actual,1745691479.9226122,394646.8355143641,4438783.293121625,-0.07181612738265442,0
actual,1745691480.0217762,394646.8357292741,4438783.293066888,-0.07183131174714663,0
actual,1745691480.121853,394646.8352463554,4438783.291643916,-0.07187005805654105,0
actual,1745691480.221643,394646.83515581745,4438783.291336966,-0.07187339163541237,0
actual,1745691480.3217428,394646.8349863833,4438783.291055671,-0.07190374291110456,0
actual,1745691480.4216266,394646.8347483483,4438783.290627342,-0.07190615146547219,0
actual,1745691480.5229266,394646.83458182914,4438783.290239812,-0.07189548750374264,0
actual,1745691480.622021,394646.83534768614,4438783.291337178,-0.07188723209638072,0
actual,1745691480.7223005,394646.8352980863,4438783.291197678,-0.0718645951759822,0
actual,1745691480.822129,394646.8352716646,4438783.291123937,-0.07187126233372486,0
actual,1745691480.9218426,394646.83528913325,4438783.2910123635,-0.0718676669554659,0
actual,1745691481.0222557,394646.8353106724,4438783.290837977,-0.07187072128165686,0
actual,1745691481.1217558,394646.8360005566,4438783.291658236,-0.07183916572878062,0
actual,1745691481.2221305,394646.83596092474,4438783.2916492885,-0.07185302364304144,0
actual,1745691481.3220937,394646.8358529632,4438783.291502518,-0.07181321268280351,0
actual,1745691481.421609,394646.83578634844,4438783.291371248,-0.07184050963230473,0
actual,1745691481.5216603,394646.83580129954,4438783.291169665,-0.07182438279001635,0
actual,1745691481.6228557,394646.83594292577,4438783.290859128,-0.07180774980224491,0
actual,1745691481.7217453,394646.83599397086,4438783.291148632,-0.07181186877927964,0
actual,1745691481.8217425,394646.83612636296,4438783.290964211,-0.07179869154342687,0
actual,1745691481.9217105,394646.83621829865,4438783.2907389,-0.07179961656793057,0
actual,1745691482.0219867,394646.83627357916,4438783.290426742,-0.0717668567378705,0
actual,1745691482.121706,394646.83635199384,4438783.29006319,-0.071706415985874,0
actual,1745691482.221813,394646.83646987466,4438783.289646997,-0.07169069056931356,0
actual,1745691482.3216386,394646.83719422016,4438783.290172137,-0.07173477758621899,0
actual,1745691482.4217417,394646.8372430387,4438783.28987105,-0.07174449907015261,0
actual,1745691482.5218842,394646.83724556764,4438783.289560743,-0.07177045211612972,0
actual,1745691482.6216233,394646.8386826484,4438783.290805174,-0.07184583288652327,0
actual,1745691482.721626,394646.83864231105,4438783.290749747,-0.07184982969051042,0
actual,1745691482.821812,394646.8386704759,4438783.290600425,-0.07183038672264318,0
actual,1745691482.9218528,394646.8387327713,4438783.290247494,-0.07172626037946918,0
actual,1745691483.0218499,394646.83895786304,4438783.29009465,-0.07171746392003926,0
actual,1745691483.1218526,394646.83923412836,4438783.2899985965,-0.0717650066888636,0
actual,1745691483.221783,394646.83762043546,4438783.291117199,-0.07186407157720669,0
actual,1745691483.3217812,394646.8374424586,4438783.290902478,-0.07178071465213133,0
actual,1745691483.422234,394646.83733397815,4438783.290787764,-0.07180361337191772,0
actual,1745691483.5220318,394646.8371284795,4438783.290607743,-0.0717648670625233,0
actual,1745691483.6218855,394646.8377150174,4438783.292058884,-0.07178603790635012,0
actual,1745691483.7216218,394646.83780130756,4438783.29191958,-0.07174662837183987,0
actual,1745691483.8216996,394646.8376971186,4438783.291873038,-0.07178897005949325,0
actual,1745691483.9219277,394646.83757355827,4438783.291644593,-0.07176074808548857,0
actual,1745691484.022077,394646.8375447568,4438783.291474606,-0.07177685747448448,0
actual,1745691484.1215997,394646.8361092717,4438783.2921172725,-0.07179975619427062,0
actual,1745691484.2222714,394646.83605751843,4438783.292074489,-0.07186846980692177,0
actual,1745691484.322558,394646.83591784973,4438783.291945836,-0.07186021439955985,0
actual,1745691484.422512,394646.8358252037,4438783.291866195,-0.07188976282379592,0
actual,1745691484.5219076,394646.83574015665,4438783.291612414,-0.0718816470427743,0
actual,1745691484.6217456,394646.8354239418,4438783.293316105,-0.0718120084056197,0
actual,1745691484.7219298,394646.8353574492,4438783.293265609,-0.07179509616516791,0
actual,1745691484.8218758,394646.8352308315,4438783.29314971,-0.07179815049135888,0
actual,1745691484.921898,394646.83514258236,4438783.292992422,-0.07179282723714034,0
actual,1745691485.0219648,394646.83502322965,4438783.292850939,-0.07176434346374778,0
actual,1745691485.121904,394646.8348747606,4438783.2927099615,-0.07178298358015914,0
actual,1745691485.2224717,394646.8352215441,4438783.293237941,-0.07182279454039707,0
actual,1745691485.3222857,394646.8352586694,4438783.293137995,-0.07184382575788358,0
actual,1745691485.4217412,394646.835141563,4438783.293029993,-0.07183769965220892,0
actual,1745691485.521903,394646.83461802464,4438783.292876242,-0.07186527585439051,0
actual,1745691485.6222432,394646.83412597445,4438783.292409814,-0.07191414507344648,0
actual,1745691485.721955,394646.8328840596,4438783.2921707565,-0.07187538131075959,0
actual,1745691485.82222,394646.8314206171,4438783.292051578,-0.07188710992333289,0
actual,1745691485.921627,394646.82948061376,4438783.291790535,-0.07187499733832413,0
actual,1745691486.0218046,394646.82787253754,4438783.2915145,-0.07183398210090239,0
actual,1745691486.122212,394646.82343355427,4438783.293368894,-0.07185155756646999,0
actual,1745691486.2233832,394646.82182927954,4438783.293325322,-0.07187485771198407,0
actual,1745691486.3216584,394646.8206288982,4438783.293091786,-0.0717990929691548,0
actual,1745691486.422331,394646.8198727712,4438783.292814955,-0.07173716868729413,0
actual,1745691486.5224545,394646.8199808675,4438783.292541873,-0.07175062517582702,0
actual,1745691486.622235,394646.8190509345,4438783.295126716,-0.0716756458311614,0
actual,1745691486.7217853,394646.81976981147,4438783.295090643,-0.07173743048668202,0
actual,1745691486.8218522,394646.82092178566,4438783.294903422,-0.07171879037027065,0
actual,1745691486.9220738,394646.8220584589,4438783.294725917,-0.07174303299358091,0
actual,1745691487.0219705,394646.82342743693,4438783.294500221,-0.07173291008391935,0
actual,1745691487.1216831,394646.8272285438,4438783.294956589,-0.07170653815892158,0
actual,1745691487.2225683,394646.82913571165,4438783.2947104545,-0.07170561313441813,0
actual,1745691487.3220727,394646.8307041453,4438783.294412145,-0.07168004406087648,0
actual,1745691487.422199,394646.8318840343,4438783.294133344,-0.07165115886175598,0
actual,1745691487.5231142,394646.8329097614,4438783.293745168,-0.07160773506996637,0
actual,1745691487.622095,394646.8313630289,4438783.295007891,-0.07160574539461892,0
actual,1745691487.7221646,394646.83111826377,4438783.29493102,-0.07160879972080988,0
actual,1745691487.8215814,394646.8306202852,4438783.294911935,-0.07168030586026412,0
actual,1745691487.9216135,394646.8298471798,4438783.294722553,-0.07161626973000841,0
actual,1745691488.0224283,394646.8289151117,4438783.294532028,-0.07165274711137526,0
actual,1745691488.1219976,394646.8299909104,4438783.296106749,-0.07165234568564732,0
actual,1745691488.221953,394646.8294629938,4438783.29611045,-0.07161307577747739,0
actual,1745691488.3219876,394646.82910202147,4438783.296066183,-0.07165674391536216,0
actual,1745691488.4218142,394646.8286236295,4438783.2959899,-0.07164555635485709,0
actual,1745691488.5221717,394646.8278381627,4438783.295883461,-0.07167524440543346,0
actual,1745691488.6219714,394646.8281328798,4438783.295522603,-0.07164915173311605,0
actual,1745691488.721615,394646.8268016002,4438783.295289717,-0.07163649809603904,0
actual,1745691488.8220062,394646.82557294425,4438783.295020755,-0.07163051161670468,0
actual,1745691488.9232376,394646.8245579222,4438783.294668073,-0.07159748998725698,0
actual,1745691489.0217505,394646.82404001383,4438783.294337878,-0.07160028251406032,0
actual,1745691489.121854,394646.82210640376,4438783.295334819,-0.07158816992905132,0
actual,1745691489.2219565,394646.8221521653,4438783.294978208,-0.07160267361513548,0
actual,1745691489.3218524,394646.822380994,4438783.294593559,-0.07161719475451211,0
actual,1745691489.421648,394646.82262289815,4438783.294116856,-0.07164290345439406,0
actual,1745691489.521653,394646.82267647627,4438783.293577861,-0.07159722818786936,0
actual,1745691489.6216128,394646.82264120714,4438783.293076108,-0.07161653152939629,0
actual,1745691489.7217562,394646.82237351796,4438783.296074688,-0.07164834888166018,0
actual,1745691489.8222628,394646.8221761472,4438783.295938455,-0.07159735036091694,0
actual,1745691489.9220972,394646.82210716495,4438783.295723523,-0.07162065050643102,0
actual,1745691490.0230856,394646.8221026631,4438783.2953522755,-0.0715419536104586,0
actual,1745691490.1217663,394646.82209784427,4438783.295157846,-0.07150280587533625,0
actual,1745691490.2216578,394646.82216579356,4438783.2948702,-0.07152025916785629,0
actual,1745691490.3216426,394646.8220794833,4438783.294529945,-0.07151533733936569,0
actual,1745691490.421894,394646.8218190212,4438783.2941482235,-0.07150081619998905,0
actual,1745691490.5222728,394646.82165200583,4438783.293708587,-0.07154116821229521,0
actual,1745691490.621751,394646.8215299365,4438783.295282265,-0.0715273102980344,0
actual,1745691490.7217827,394646.8218194555,4438783.294963727,-0.07151252735926987,0
actual,1745691490.821808,394646.8223115384,4438783.294636477,-0.07153184815408953,0
actual,1745691490.9216495,394646.82300046715,4438783.294199146,-0.07149762224745802,0
actual,1745691491.0217786,394646.8237946696,4438783.293685464,-0.07154635184017369,0
actual,1745691491.121631,394646.8246138287,4438783.29304413,-0.0714942886685867,0
actual,1745691491.2218099,394646.8260005376,4438783.294020419,-0.07149655759661426,0
actual,1745691491.3218036,394646.82676020614,4438783.293527045,-0.07145793346026767,0
actual,1745691491.4218152,394646.82738655066,4438783.292989411,-0.0714422254969997,0
actual,1745691491.5228605,394646.82778761565,4438783.292393117,-0.07144941625351786,0
actual,1745691491.621658,394646.8279157154,4438783.291737133,-0.07143011291199093,0
actual,1745691491.7216256,394646.8302900911,4438783.2930830475,-0.07147498532705951,0
actual,1745691491.8216932,394646.83058714954,4438783.292616904,-0.07151825203921659,0
actual,1745691491.921661,394646.8309880397,4438783.29200373,-0.07151799023982872,0
actual,1745691492.0217397,394646.8314372013,4438783.291401116,-0.07148882578802786,0
actual,1745691492.1216655,394646.8318396004,4438783.290727364,-0.07148229825662551,0
actual,1745691492.2216358,394646.8321745988,4438783.289924171,-0.07146659029335753,0
actual,1745691492.3216782,394646.8296413197,4438783.295611879,-0.07179842974403923,0
actual,1745691492.4222343,394646.8294181541,4438783.295432965,-0.07177286067049733,0
actual,1745691492.5226233,394646.82921471086,4438783.295195701,-0.07173570261072244,0
actual,1745691492.6222377,394646.82873783587,4438783.295176757,-0.07179561976394343,0
actual,1745691492.7219317,394646.82885908603,4438783.295116124,-0.07179336828920833,0
actual,1745691492.8220065,394646.82896746986,4438783.295098811,-0.07175781593234519,0
actual,1745691492.921708,394646.8289433486,4438783.295129273,-0.07182371956490052,0
actual,1745691493.0220196,394646.82842887973,4438783.29501924,-0.07174530192160848,0
actual,1745691493.1221287,394646.8255986802,4438783.296110057,-0.07172172252341404,0
actual,1745691493.2217577,394646.82324152905,4438783.2963320855,-0.07187566056343994,0
actual,1745691493.3217108,394646.82096573047,4438783.296216271,-0.07177525177157273,0
actual,1745691493.4218082,394646.8190150048,4438783.296141536,-0.0717775206996003,0
actual,1745691493.5221422,394646.8173913929,4438783.29618303,-0.0718070865771291,0
actual,1745691493.6222754,394646.81491151627,4438783.298217333,-0.0718056205005574,0
actual,1745691493.7216535,394646.8138641388,4438783.298366294,-0.0717619349093799,0
actual,1745691493.8218193,394646.81287761877,4438783.298459043,-0.07177272104415729,0
actual,1745691493.9218152,394646.81216939393,4438783.2983703455,-0.07178870826010561,0
actual,1745691494.0216663,394646.8118234158,4438783.298314433,-0.07178551430757435,0
actual,1745691494.1217139,394646.8117865244,4438783.298294272,-0.07180401479764566,0
actual,1745691494.2223787,394646.8147679851,4438783.300394276,-0.07185262221731349,0
actual,1745691494.322309,394646.8152523683,4438783.30028187,-0.07181626700899447,0
actual,1745691494.4221334,394646.81557609263,4438783.30013299,-0.0717941711406642,0
actual,1745691494.522666,394646.8159519732,4438783.299956578,-0.07178963328460906,0
actual,1745691494.6217825,394646.8151460982,4438783.297579397,-0.0718093380518642,0
actual,1745691494.7225049,394646.81510470057,4438783.297441484,-0.07187339163541237,0
actual,1745691494.821848,394646.8149744545,4438783.2972036395,-0.07186660230462215,0
actual,1745691494.9224412,394646.8148891333,4438783.2969939085,-0.07193344841497341,0
actual,1745691495.0217557,394646.8149479907,4438783.296674672,-0.0719197301270529,0
actual,1745691495.121673,394646.81619881757,4438783.297909611,-0.07182532526781252,0
actual,1745691495.2218058,394646.81715449813,4438783.2978631575,-0.07183358067517445,0
actual,1745691495.3216906,394646.8184490721,4438783.297646977,-0.07179656224173961,0
actual,1745691495.4216166,394646.81959761423,4438783.297382307,-0.07176113205792403,0
actual,1745691495.5216458,394646.82025950984,4438783.297178021,-0.07175860133050858,0
actual,1745691495.6223223,394646.8201263507,4438783.297138436,-0.07181253200439522,0
actual,1745691495.721782,394646.8199036309,4438783.29679284,-0.07194823135373793,0
actual,1745691495.8221612,394646.818115594,4438783.296723309,-0.0719258562327273,0
actual,1745691495.921716,394646.8160503183,4438783.296674682,-0.07193330878863335,0
actual,1745691496.0218365,394646.8141135656,4438783.2965874085,-0.0719562075084195,0
actual,1745691496.1219058,394646.8161943426,4438783.294583902,-0.07191705977329714,0
actual,1745691496.2217424,394646.81539501366,4438783.2941154195,-0.07188751134906107,0
actual,1745691496.3221533,394646.814926834,4438783.293723289,-0.07187592236282783,0
actual,1745691496.4219165,394646.8148927962,4438783.293198751,-0.07178284395381884,0
actual,1745691496.521827,394646.81521121657,4438783.292628614,-0.07181494055876309,0
actual,1745691496.62166,394646.81431846356,4438783.297330278,-0.07182371956490052,0
actual,1745691496.7216656,394646.8146242238,4438783.29754314,-0.0718435639584957,0
actual,1745691496.8218968,394646.815158257,4438783.297668546,-0.07182679134438397,0
actual,1745691496.921691,394646.8157517383,4438783.297866069,-0.07180841302736049,0
actual,1745691497.0216439,394646.81628254405,4438783.2979499195,-0.07178471145611848,0
actual,1745691497.121724,394646.81665057375,4438783.2979442915,-0.07174516229526842,0
actual,1745691497.2218547,394646.8148857329,4438783.296921474,-0.07179483436578003,0
actual,1745691497.321748,394646.8148526872,4438783.296753385,-0.07179589901662378,0
actual,1745691497.4216094,394646.8149077849,4438783.296554466,-0.07178897005949325,0
actual,1745691497.5216177,394646.815085292,4438783.296406452,-0.07177551357096038,0
actual,1745691497.622337,394646.81539958675,4438783.29625125,-0.0717650066888636,0
actual,1745691497.721738,394646.8170996971,4438783.297210494,-0.07182532526781252,0
actual,1745691497.821709,394646.81765833363,4438783.29708163,-0.07181094375477594,0
actual,1745691497.9218638,394646.818336195,4438783.296931635,-0.07178643933207805,0
actual,1745691498.0218158,394646.81909371703,4438783.296776798,-0.07176247596144815,0
actual,1745691498.1216319,394646.81980959466,4438783.296635561,-0.0717699285173542,0
actual,1745691498.22165,394646.8227719487,4438783.296723707,-0.07186127905040361,0
actual,1745691498.321616,394646.8227755461,4438783.296638632,-0.07180068121877432,0
actual,1745691498.421868,394646.8224382971,4438783.296642847,-0.07179376971493627,0
actual,1745691498.521637,394646.8216050901,4438783.296668541,-0.0718013444438899,0
actual,1745691498.6216319,394646.82029552956,4438783.296754056,-0.07187218735822856,0
actual,1745691498.7238042,394646.8260767706,4438783.296781888,-0.07189948430772954,0
actual,1745691498.822421,394646.82569932216,4438783.296775724,-0.07190362073805699,0
actual,1745691498.9220374,394646.8255006593,4438783.296696786,-0.07189896070895402,0
actual,1745691499.0221725,394646.8255117112,4438783.296579396,-0.07186913303203735,0
actual,1745691499.122175,394646.8249862258,4438783.296799544,-0.07184077143169261,0
actual,1745691499.2216275,394646.82504171575,4438783.296698651,-0.07187152413311275,0
actual,1745691499.3218346,394646.8250385258,4438783.296495368,-0.07185967334749162,0
actual,1745691499.4217527,394646.8249425548,4438783.296311499,-0.07187045948226899,0
actual,1745691499.5219603,394646.82474151463,4438783.29611415,-0.07186979625715317,0
actual,1745691499.6217635,394646.8246197142,4438783.297440177,-0.0718892392250204,0
actual,1745691499.7216687,394646.82457897725,4438783.297404703,-0.0718907053015921,0
actual,1745691499.8216696,394646.8245136425,4438783.297352598,-0.07186726552973771,0
actual,1745691499.922025,394646.8244282365,4438783.297295246,-0.07186340835209087,0
actual,1745691500.021807,394646.8242947898,4438783.297169311,-0.07185714262007616,0
actual,1745691500.1222594,394646.8241819506,4438783.296928806,-0.07184822398759866,0
actual,1745691500.22273,394646.82520542934,4438783.297601046,-0.07183611140258965,0
actual,1745691500.3232796,394646.82520865917,4438783.297493346,-0.07182239311466913,0
actual,1745691500.4219751,394646.82525395666,4438783.297381822,-0.07185342506876963,0
actual,1745691500.5219243,394646.82535849675,4438783.297202158,-0.07184583288652327,0
actual,1745691500.6218386,394646.8254176979,4438783.296965597,-0.07179708584051513,0
actual,1745691500.7224472,394646.8254618766,4438783.296816024,-0.07178790540864974,0
actual,1745691500.8217113,394646.8254494569,4438783.296675229,-0.07174462124320019,0
actual,1745691500.9216914,394646.8253867989,4438783.296539083,-0.07179935476854268,0
actual,1745691501.023205,394646.8252165654,4438783.296346332,-0.07179190221263664,0
actual,1745691501.1220772,394646.82578087295,4438783.296597761,-0.07188337491873363,0
actual,1745691501.2216797,394646.8254733267,4438783.296475276,-0.0718309103214187,0
actual,1745691501.3219028,394646.82484211755,4438783.29640764,-0.07177697964753206,0
actual,1745691501.4220676,394646.8242448307,4438783.296395996,-0.07177832355105618,0
actual,1745691501.521822,394646.823449612,4438783.296324917,-0.07181932133518544,0
actual,1745691501.6216772,394646.8231765918,4438783.29608092,-0.07184169645619606,0
actual,1745691501.7216802,394646.82276198454,4438783.295956426,-0.07181413770730721,0
actual,1745691501.8218637,394646.8226592772,4438783.295843824,-0.07183064852203105,0
actual,1745691501.9217968,394646.82297134784,4438783.295624584,-0.07179455511309966,0
actual,1745691502.0219688,394646.82361328753,4438783.295341679,-0.07185527511777653,0
actual,1745691502.1219869,394646.8242782397,4438783.2949548345,-0.07180507944848916,0
actual,1745691502.2224126,394646.82055406144,4438783.297284858,-0.07187339163541237,0
actual,1745691502.322175,394646.82076979056,4438783.297038468,-0.07184396538422363,0
actual,1745691502.4216292,394646.8209804537,4438783.296942576,-0.0718703373092214,0
actual,1745691502.522024,394646.8211977309,4438783.296805415,-0.07190814114081964,0
actual,1745691502.6216955,394646.81938526104,4438783.297243427,-0.07189257280389173,0
actual,1745691502.7217667,394646.8195451356,4438783.297042173,-0.07186367015147875,0
actual,1745691502.8216326,394646.819779146,4438783.296834733,-0.07187724881305922,0
actual,1745691502.92207,394646.8200132703,4438783.296553447,-0.07185302364304144,0
actual,1745691503.0219913,394646.8201430587,4438783.296312635,-0.07182651209170386,0
actual,1745691503.12212,394646.82180923107,4438783.2971836105,-0.07186806838119383,0
actual,1745691503.2217531,394646.82153755496,4438783.297147845,-0.07186087762467543,0
actual,1745691503.3224523,394646.8211571949,4438783.297081787,-0.07190295751294117,0
actual,1745691503.4216652,394646.82085197547,4438783.296908404,-0.07184276110703983,0
actual,1745691503.5217872,394646.82058197714,4438783.296752459,-0.07185328544242932,0
actual,1745691503.6218557,394646.82211529044,4438783.298034698,-0.07181813451129411,0
actual,1745691503.7217982,394646.82208493334,4438783.297992585,-0.07183783927854923,0
actual,1745691503.8218565,394646.8221526107,4438783.29793598,-0.07181439950669484,0
actual,1745691503.922294,394646.8222422384,4438783.297742395,-0.07179656224173961,0
actual,1745691504.0232713,394646.82225063577,4438783.297614692,-0.07178883043315319,0
actual,1745691504.1217666,394646.82286672655,4438783.297430051,-0.07182118883748508,0
actual,1745691504.2216873,394646.8228790909,4438783.297302197,-0.07185647939496059,0
actual,1745691504.3217058,394646.8228503356,4438783.297162074,-0.07187698701367133,0
actual,1745691504.4219015,394646.82289794047,4438783.297039085,-0.07188751134906107,0
actual,1745691504.5216603,394646.8230191166,4438783.296811818,-0.07185408829388519,0
actual,1745691504.6221223,394646.8232199422,4438783.29654293,-0.07188337491873363,0
actual,1745691504.7221107,394646.82295494864,4438783.2977797175,-0.0717938918879841,0
actual,1745691504.8217084,394646.8229432786,4438783.297718011,-0.07177818392471612,0
actual,1745691504.9218433,394646.82288701495,4438783.297643762,-0.07180041941938645,0
actual,1745691505.0216656,394646.8227674999,4438783.297500122,-0.07178218072870302,0
actual,1745691505.12169,394646.82431804703,4438783.296439499,-0.0718386421300051,0
actual,1745691505.221946,394646.8244106099,4438783.296295241,-0.07183996858023674,0
actual,1745691505.3221326,394646.82451030565,4438783.296009099,-0.07181747128617853,0
actual,1745691505.4219232,394646.82458016905,4438783.2958208835,-0.07180455584971364,0
actual,1745691505.5225186,394646.824623593,4438783.295615661,-0.07181494055876309,0
actual,1745691505.621817,394646.82291053864,4438783.297387054,-0.07187285058334414,0
actual,1745691505.7217793,394646.8224884403,4438783.297344699,-0.07184223750826431,0
actual,1745691505.821655,394646.82195001014,4438783.297313567,-0.07181865811006988,0
actual,1745691505.9217556,394646.821331571,4438783.297389769,-0.07186393195086664,0
actual,1745691506.0218394,394646.820650817,4438783.29738748,-0.07187232698456862,0
actual,1745691506.1218224,394646.82066467765,4438783.296615944,-0.07185702044702857,0
actual,1745691506.2219102,394646.8208527543,4438783.296409439,-0.0718676669554659,0
actual,1745691506.3218315,394646.82140697114,4438783.2961400105,-0.07185489114534106,0
actual,1745691506.4223077,394646.8221623759,4438783.295720831,-0.0718044162233736,0
actual,1745691506.5220335,394646.82286487956,4438783.295370584,-0.0718041544239857,0
actual,1745691506.6220007,394646.8200300613,4438783.296057303,-0.07182998529691524,0
actual,1745691506.7218115,394646.8200603425,4438783.2959659975,-0.07182904281911906,0
actual,1745691506.821786,394646.82011041866,4438783.295777521,-0.07178577610696223,0
actual,1745691506.9216192,394646.8201944254,4438783.295732054,-0.07183277782371833,0
actual,1745691507.0218012,394646.8202410371,4438783.295578806,-0.07182638991865603,0
actual,1745691507.1232324,394646.82181719044,4438783.295440435,-0.07187299020968443,0
actual,1745691507.2229207,394646.82176174363,4438783.295444652,-0.0718675273291256,0
actual,1745691507.3220298,394646.821542945,4438783.295385024,-0.0718970932066544,0
actual,1745691507.4219718,394646.82122323016,4438783.295155897,-0.0718591497487161,0
actual,1745691507.5218902,394646.82084992016,4438783.295007729,-0.07187325200907208,0
actual,1745691507.621631,394646.82183427917,4438783.295796109,-0.07192185942874016,0
actual,1745691507.721605,394646.8219936872,4438783.295558463,-0.07187086090799692,0
actual,1745691507.821817,394646.82233667007,4438783.295359299,-0.07186433337659458,0
actual,1745691507.9224474,394646.8227641467,4438783.295288217,-0.07184476823567951,0
actual,1745691508.0218127,394646.8231964882,4438783.295075257,-0.07188791277478901,0
actual,1745691508.1224694,394646.8205065281,4438783.295144656,-0.07178511288184641,0
actual,1745691508.2219453,394646.820650685,4438783.295105658,-0.07183384247456208,0
actual,1745691508.3220348,394646.82089730224,4438783.294802192,-0.07179202438568447,0
actual,1745691508.4217966,394646.8212445028,4438783.294548853,-0.07180401479764566,0
actual,1745691508.52163,394646.8217885825,4438783.294403939,-0.07182892064607148,0
actual,1745691508.6216772,394646.8216386709,4438783.295714122,-0.07182253274100919,0
actual,1745691508.7216783,394646.8214148682,4438783.2955512665,-0.07176526848825124,0
actual,1745691508.8216178,394646.8209151468,4438783.295451092,-0.07176380241167954,0
actual,1745691508.9216218,394646.8201906656,4438783.295486196,-0.0718245224163564,0
actual,1745691509.0217087,394646.81940092094,4438783.29536994,-0.07176553028763911,0
actual,1745691509.1216679,394646.81873973395,4438783.295301779,-0.0717938918879841,0
actual,1745691509.2216673,394646.82288843783,4438783.296411746,-0.07188337491873363,0
actual,1745691509.3217423,394646.8230267758,4438783.296239221,-0.07182785599522773,0
actual,1745691509.421844,394646.8232485785,4438783.296119232,-0.07183769965220892,0
actual,1745691509.5218883,394646.82350863103,4438783.296124121,-0.07183516892479372,0
actual,1745691509.6215804,394646.821589679,4438783.296232335,-0.07186660230462215,0
actual,1745691509.7220452,394646.8215898213,4438783.295770162,-0.07178497325550635,0
actual,1745691509.8221436,394646.82166149345,4438783.295592522,-0.0717733842692731,0
actual,1745691509.9217272,394646.8216150664,4438783.295434973,-0.07179230363836457,0
actual,1745691510.0215485,394646.82150438195,4438783.294945218,-0.07173610403645038,0
actual,1745691510.1218405,394646.8206918776,4438783.298012745,-0.07186780658180596,0
actual,1745691510.221642,394646.8205979619,4438783.298196182,-0.07183850250366504,0
actual,1745691510.321645,394646.82046373526,4438783.2982507525,-0.07187965736742709,0
actual,1745691510.4217148,394646.82021786843,4438783.298272909,-0.07185927192176367,0
actual,1745691510.5217664,394646.820024312,4438783.298427441,-0.07188363671812151,0
actual,1745691510.6216707,394646.819812543,4438783.29845201,-0.07186620087889421,0
actual,1745691510.721744,394646.8204275649,4438783.299913045,-0.07183263819737827,0
actual,1745691510.8216996,394646.8205192164,4438783.299872848,-0.07179509616516791,0
actual,1745691510.9220212,394646.820685629,4438783.299880533,-0.07178497325550635,0
actual,1745691511.0226693,394646.8208070271,4438783.299833511,-0.07178989508399695,0
actual,1745691511.1217802,394646.82128177886,4438783.299804569,-0.07184543146079533,0
actual,1745691511.2237184,394646.8214381326,4438783.299746361,-0.07182371956490052,0
actual,1745691511.321881,394646.82163500995,4438783.299617079,-0.07179682404112724,0
actual,1745691511.421649,394646.8218663442,4438783.299526675,-0.07178457182977842,0
actual,1745691511.5217085,394646.8219035084,4438783.299478944,-0.07178870826010561,0
actual,1745691511.6218152,394646.8203350925,4438783.299939601,-0.0718740548605282,0
actual,1745691511.72164,394646.8201481443,4438783.29988685,-0.07185595579618483,0
actual,1745691511.8216045,394646.8199476766,4438783.2997535,-0.07182000201359373,0
actual,1745691511.921628,394646.8198053952,4438783.299724032,-0.07180214729534602,0
actual,1745691512.0217736,394646.81961069285,4438783.299716297,-0.07183729822648098,0
actual,1745691512.1222475,394646.8193329829,4438783.299402942,-0.0717443594438123,0
actual,1745691512.2216365,394646.8202153956,4438783.29835257,-0.07179164041324901,0
actual,1745691512.3217006,394646.82029661455,4438783.298169379,-0.07180774980224491,0
actual,1745691512.421731,394646.8205011516,4438783.297853605,-0.07177804429837582,0
actual,1745691512.5215867,394646.82069641055,4438783.297458955,-0.07175195162605866,0
actual,1745691512.6216042,394646.8210111785,4438783.300189598,-0.07190161360941705,0
actual,1745691512.7216835,394646.8209491179,4438783.300171166,-0.07192985303671445,0
actual,1745691512.8218553,394646.8206840144,4438783.30006795,-0.07193491449154511,0
actual,1745691512.9219599,394646.82034758164,4438783.30000498,-0.07189297422961967,0
actual,1745691513.0217745,394646.8200077346,4438783.299885668,-0.07183890392939299,0
actual,1745691513.1218264,394646.820612832,4438783.300387485,-0.0718450300350674,0
actual,1745691513.2219672,394646.82088063617,4438783.300384579,-0.0717875039829218,0
actual,1745691513.321774,394646.82107049495,4438783.3002470005,-0.07181572595692648,0
actual,1745691513.4216409,394646.8211217582,4438783.299887101,-0.07180881445308843,0
actual,1745691513.5216312,394646.82108601194,4438783.299672436,-0.0718005590457265,0
actual,1745691513.6218657,394646.8213270974,4438783.300476076,-0.07185141794012968,0
actual,1745691513.7224886,394646.82133061177,4438783.300211548,-0.0718041544239857,0
actual,1745691513.8223186,394646.82141291385,4438783.3001164645,-0.07184729896309497,0
actual,1745691513.921804,394646.82142621686,4438783.299971695,-0.07182532526781252,0
actual,1745691514.0217369,394646.8213331065,4438783.299648471,-0.0718246620426967,0
actual,1745691514.1216502,394646.82028193085,4438783.301462157,-0.07184955043783005,0
actual,1745691514.2216945,394646.820061558,4438783.301560056,-0.07189775643177021,0
actual,1745691514.321639,394646.81986786285,4438783.301534415,-0.07187005805654105,0
actual,1745691514.4217062,394646.8197494081,4438783.301518148,-0.07186873160630941,0
actual,1745691514.5216763,394646.819784631,4438783.301553754,-0.07189297422961967,0
actual,1745691514.621733,394646.8193048523,4438783.301613904,-0.07185581616984477,0
actual,1745691514.7218459,394646.81948250055,4438783.301524067,-0.0718444889829994,0
actual,1745691514.82179,394646.81965804397,4438783.301403441,-0.07184742113614254,0
actual,1745691514.9216087,394646.8197939938,4438783.301256553,-0.07181520235815071,0
actual,1745691515.0218885,394646.81994314794,4438783.301141422,-0.07186246587429494,0
actual,1745691515.1218665,394646.8194672301,4438783.301782455,-0.07184742113614254,0
actual,1745691515.221775,394646.81954456645,4438783.301688954,-0.0718246620426967,0
actual,1745691515.3215415,394646.8196612847,4438783.301584066,-0.07180254872107396,0
actual,1745691515.4219813,394646.8198149223,4438783.301399383,-0.0718013444438899,0
actual,1745691515.521709,394646.82004903164,4438783.301184471,-0.07177191819270141,0
actual,1745691515.6224968,394646.81847502606,4438783.302330608,-0.07183797890488929,0
actual,1745691515.7216825,394646.8184827135,4438783.3022562675,-0.07182731494315973,0
actual,1745691515.821893,394646.8184161862,4438783.302118798,-0.07180375299825777,0
actual,1745691515.9217925,394646.81829918164,4438783.302039286,-0.07183490712540584,0
actual,1745691516.0215306,394646.8182754917,4438783.30190085,-0.07179855191708681,0
actual,1745691516.1216085,394646.81832309556,4438783.300700379,-0.07183370284822202,0
actual,1745691516.2217984,394646.81836021505,4438783.3004816575,-0.07180455584971364,0
actual,1745691516.321663,394646.81834189745,4438783.300278699,-0.07178523505489398,0
actual,1745691516.4218147,394646.81835661107,4438783.300010993,-0.07179855191708681,0
actual,1745691516.5217981,394646.81840513466,4438783.299688839,-0.07179575939028372,0
actual,1745691516.6217856,394646.82009207085,4438783.299736972,-0.07190655289120013,0
actual,1745691516.7218165,394646.82003253035,4438783.299475752,-0.07186021439955985,0
actual,1745691516.8223321,394646.81984691456,4438783.299262274,-0.07186579945316628,0
actual,1745691516.9216328,394646.81965682073,4438783.299095934,-0.07188843637356453,0
actual,1745691517.02178,394646.81952825654,4438783.2987960605,-0.07192398873042768,0
actual,1745691517.1217275,394646.8212344472,4438783.299811612,-0.07184942826478248,0
actual,1745691517.2216253,394646.8213231633,4438783.299871495,-0.07190601183913213,0
actual,1745691517.3217926,394646.82143583655,4438783.299752868,-0.07189150815304797,0
actual,1745691517.4219491,394646.8214454629,4438783.299518904,-0.07191400544710617,0
actual,1745691517.5218506,394646.8216238563,4438783.299340763,-0.07183557035052165,0
actual,1745691517.6223595,394646.8219212637,4438783.300175373,-0.07187339163541237,0
actual,1745691517.721784,394646.8222669906,4438783.299920982,-0.07184876503966665,0
actual,1745691517.8217728,394646.8224867224,4438783.29961228,-0.07174303299358091,0
actual,1745691517.9216619,394646.82252682495,4438783.299714124,-0.07183197497226244,0
actual,1745691518.0217984,394646.82246434235,4438783.299483257,-0.0717724592447694,0
actual,1745691518.1216743,394646.82313182065,4438783.298802684,-0.07181120555416382,0
actual,1745691518.2219348,394646.82312991394,4438783.298661703,-0.07180827340102043,0
actual,1745691518.3217103,394646.8230816651,4438783.298472032,-0.07184609468591115,0
actual,1745691518.42183,394646.82290447643,4438783.298133458,-0.07180801160163255,0
actual,1745691518.5219975,394646.82260649715,4438783.297903744,-0.07190414433683251,0
actual,1745691518.6225312,394646.82387516304,4438783.299515019,-0.07201053960803407,0
actual,1745691518.721702,394646.8244540647,4438783.299243352,-0.07195355460795647,0
actual,1745691518.821758,394646.8245235369,4438783.299053058,-0.07192692088357107,0
actual,1745691518.9217954,394646.8236472321,4438783.298903505,-0.07183398210090239,0
actual,1745691519.0218253,394646.8222880077,4438783.299100285,-0.07206141595572974,0
actual,1745691519.1216514,394646.8229655506,4438783.29918844,-0.07192039335216847,0
actual,1745691519.2218037,394646.8229450707,4438783.298889427,-0.07187353126175243,0
actual,1745691519.321687,394646.8233263181,4438783.298789967,-0.07190787934143177,0
actual,1745691519.4216168,394646.8244136734,4438783.298524093,-0.07187072128165686,0
actual,1745691519.5215974,394646.82630539814,4438783.298022607,-0.07188550422042114,0
actual,1745691519.6217856,394646.828597713,4438783.297353551,-0.07176366278533948,0
actual,1745691519.7216506,394646.81942710024,4438783.299085285,-0.07182572669354045,0
actual,1745691519.8217585,394646.81973319943,4438783.298770408,-0.07174329479296879,0
actual,1745691519.922278,394646.8198671095,4438783.298571258,-0.07181253200439522,0
actual,1745691520.021825,394646.82009312545,4438783.298459007,-0.07182185206260089,0
actual,1745691520.1216989,394646.820768913,4438783.2993502095,-0.07174915909925532,0
actual,1745691520.2216544,394646.82058404316,4438783.299162073,-0.07178457182977842,0
actual,1745691520.321669,394646.8199283827,4438783.298955003,-0.07175647202882132,0
actual,1745691520.421995,394646.8191430919,4438783.29885108,-0.07176633313909499,0
actual,1745691520.5216768,394646.81848076626,4438783.298603532,-0.0717113378143646,0
actual,1745691520.6218314,394646.822407175,4438783.299259334,-0.07179682404112724,0
actual,1745691520.7217715,394646.8225449802,4438783.299270581,-0.07181453913303515,0
actual,1745691520.8219151,394646.8225266556,4438783.299304387,-0.07189269497693931,0
actual,1745691520.921895,394646.82224379084,4438783.299022183,-0.07177444892011686,0
actual,1745691521.021649,394646.8220606205,4438783.299072384,-0.07186859197996935,0
actual,1745691521.1217759,394646.8223623432,4438783.299248078,-0.07191587294940581,0
actual,1745691521.2217145,394646.8226378567,4438783.298949423,-0.07189749463238233,0
actual,1745691521.3216572,394646.8230671532,4438783.298683294,-0.07185155756646999,0
actual,1745691521.4217856,394646.8234990877,4438783.298452677,-0.07181759345922611,0
actual,1745691521.5218077,394646.8238635079,4438783.298171025,-0.07182412099062846,0
actual,1745691521.6216147,394646.8242759423,4438783.297888285,-0.07181733165983824,0
actual,1745691521.7216258,394646.82115959993,4438783.298723605,-0.07185702044702857,0
actual,1745691521.8216634,394646.8211153619,4438783.298621877,-0.07186061582528779,0
actual,1745691521.9217844,394646.8210832076,4438783.298508035,-0.07183797890488929,0
actual,1745691522.0216577,394646.8210921947,4438783.298331196,-0.07186021439955985,0
actual,1745691522.121623,394646.82108342095,4438783.29811944,-0.07183557035052165,0
actual,1745691522.2216902,394646.8211114744,4438783.297891294,-0.07182932207179941,0
actual,1745691522.3217793,394646.8208493712,4438783.298393448,-0.07186833018058147,0
actual,1745691522.421816,394646.82087411603,4438783.298182233,-0.0718535472418172,0
actual,1745691522.5218096,394646.8208025493,4438783.297927437,-0.07187365343480001,0
actual,1745691522.6217475,394646.82070986216,4438783.297652555,-0.07184396538422363,0
actual,1745691522.721638,394646.8226098918,4438783.298142449,-0.07183611140258965,0
actual,1745691522.8216472,394646.8227728768,4438783.297888683,-0.07175874095684888,0
actual,1745691522.9216192,394646.8231184516,4438783.297642156,-0.0717572748802772,0
actual,1745691523.0218093,394646.8237494413,4438783.297354064,-0.07171400816812011,0
actual,1745691523.1216516,394646.8217016212,4438783.297216342,-0.07190588966608455,0
actual,1745691523.2218301,394646.8220497286,4438783.296952777,-0.07185421046693302,0
actual,1745691523.3218439,394646.82232180797,4438783.296678188,-0.0718550133183889,0
actual,1745691523.4219332,394646.8225265853,4438783.296430295,-0.07184715933675491,0
actual,1745691523.5216951,394646.8226272812,4438783.296129946,-0.07183197497226244,0
actual,1745691523.6216278,394646.8224724495,4438783.295746348,-0.07180961730454455,0
actual,1745691523.7217443,394646.8252420744,4438783.29830051,-0.07183358067517445,0
actual,1745691523.8218467,394646.824828948,4438783.29839924,-0.07185049291562623,0
actual,1745691523.9217026,394646.8242572666,4438783.298424518,-0.07183691425404552,0
actual,1745691524.021641,394646.82363916736,4438783.298471395,-0.07183597177624959,0
actual,1745691524.1216636,394646.82306685875,4438783.298468944,-0.07179469473943997,0
actual,1745691524.221735,394646.82740838605,4438783.298539823,-0.0718029501468019,0
actual,1745691524.3216922,394646.82743829023,4438783.298562851,-0.07180349119886989,0
actual,1745691524.4216595,394646.82749992673,4438783.298540525,-0.07178338500588707,0
actual,1745691524.5217116,394646.82757331256,4438783.298556494,-0.07181759345922611,0
actual,1745691524.6217656,394646.82762869424,4438783.29852151,-0.07178949365826902,0
actual,1745691524.7217655,394646.82716316916,4438783.299235841,-0.07183597177624959,0
actual,1745691524.8216317,394646.82721235335,4438783.299312325,-0.07186300692636294,0
actual,1745691524.9217703,394646.8272074878,4438783.299318145,-0.07187644596160334,0
actual,1745691525.0216408,394646.82707587845,4438783.299308371,-0.07186180264917913,0
actual,1745691525.1216915,394646.826871184,4438783.29875589,-0.07189442285289889,0
actual,1745691525.2217126,394646.8265809079,4438783.298643308,-0.07188443956957738,0
actual,1745691525.3216262,394646.8262768015,4438783.298445181,-0.07183438352663032,0
actual,1745691525.4218655,394646.82613974216,4438783.298272129,-0.07181572595692648,0
actual,1745691525.5216947,394646.82613608404,4438783.2980774725,-0.07181359665523897,0
actual,1745691525.6218238,394646.82629544125,4438783.297805249,-0.07180082084511438,0
actual,1745691525.7217846,394646.8260128741,4438783.298456044,-0.07181373628157928,0
actual,1745691525.8216112,394646.82641785394,4438783.298350596,-0.07183584960320201,0
actual,1745691525.9216294,394646.82683407917,4438783.298221248,-0.07184290073337989,0
actual,1745691526.021915,394646.82732621883,4438783.297997386,-0.07183504675174589,0
actual,1745691526.1217947,394646.8258611455,4438783.298137462,-0.0718381010779371,0
actual,1745691526.2216334,394646.8258354406,4438783.298055194,-0.07181759345922611,0
actual,1745691526.3216171,394646.82572709944,4438783.297912562,-0.07178577610696223,0
actual,1745691526.42179,394646.8255637912,4438783.297761991,-0.07179696366746754,0
actual,1745691526.5217156,394646.8252939733,4438783.2975294,-0.07177219744538177,0
actual,1745691526.6216831,394646.8277923344,4438783.297995735,-0.07185101651440175,0
actual,1745691526.7216654,394646.8277555097,4438783.297956251,-0.07185967334749162,0
actual,1745691526.821762,394646.8276965636,4438783.297878029,-0.07183797890488929,0
actual,1745691526.9216642,394646.8276638192,4438783.297764261,-0.07182026381298162,0
actual,1745691527.0218246,394646.8277031111,4438783.297616638,-0.07185394866754513,0
actual,1745691527.1217105,394646.8276589005,4438783.297351069,-0.07181106592782352,0
actual,1745691527.2218032,394646.828489249,4438783.297216596,-0.07187845309024303,0
actual,1745691527.321961,394646.82842473325,4438783.296985701,-0.07184436680995157,0
actual,1745691527.4216516,394646.8283675348,4438783.296754625,-0.07185595579618483,0
actual,1745691527.5216384,394646.82828863483,4438783.29650949,-0.07183010746996282,0
actual,1745691527.621867,394646.82806355413,4438783.297921751,-0.07184808436125836,0
actual,1745691527.7216403,394646.8280608784,4438783.297792955,-0.07183824070427716,0
actual,1745691527.8215954,394646.82812779007,4438783.297641504,-0.07181600520960683,0
actual,1745691527.9216774,394646.82816645456,4438783.297470118,-0.07182159026321326,0
actual,1745691528.0219197,394646.8281293284,4438783.297257082,-0.07182651209170386,0
actual,1745691528.1217966,394646.829106442,4438783.296688051,-0.07190454576256045,0
actual,1745691528.2215614,394646.82921322034,4438783.29643542,-0.07187765023878716,0
actual,1745691528.3217635,394646.8292394392,4438783.296218101,-0.07185475151900102,0
actual,1745691528.4219828,394646.82921816915,4438783.295928894,-0.07187485771198407,0
actual,1745691528.5216548,394646.82917759236,4438783.295553545,-0.07187911631535884,0
actual,1745691528.621686,394646.82699428976,4438783.297434107,-0.07188484099530532,0
actual,1745691528.7218876,394646.82684375637,4438783.297401954,-0.07186087762467543,0
actual,1745691528.8218608,394646.8267586616,4438783.297302206,-0.07184263893399224,0
actual,1745691528.9216747,394646.82666367525,4438783.297171325,-0.07182719277011215,0
actual,1745691529.0216746,394646.82652429,4438783.297047998,-0.07185555437045689,0
actual,1745691529.1216156,394646.82726580865,4438783.296880742,-0.07185342506876963,0
actual,1745691529.221851,394646.82735089544,4438783.296807842,-0.07187045948226899,0
actual,1745691529.3217614,394646.82750726514,4438783.2966738045,-0.07185674119434822,0
actual,1745691529.4217994,394646.827643549,4438783.296505055,-0.07185941154810398,0
actual,1745691529.5217547,394646.8277840032,4438783.29627459,-0.07187991916681473,0
actual,1745691529.6218352,394646.8276088021,4438783.296227171,-0.07186073799833537,0
actual,1745691529.7216687,394646.82759393204,4438783.296100508,-0.07187353126175243,0
actual,1745691529.8216808,394646.82754883094,4438783.295947135,-0.07188630707187701,0
actual,1745691529.9217007,394646.8274695494,4438783.295755027,-0.07187712664001164,0
actual,1745691530.0217767,394646.82738502685,4438783.295558739,-0.07188976282379592,0
actual,1745691530.121819,394646.82734846044,4438783.295278642,-0.071894161053511,0
actual,1745691530.221926,394646.82923188375,4438783.295371774,-0.07184876503966665,0
actual,1745691530.3217857,394646.82941793953,4438783.295193143,-0.07183836287732474,0
actual,1745691530.4220862,394646.82950455305,4438783.294933529,-0.07184370358483601,0
actual,1745691530.5219066,394646.8295332325,4438783.294673533,-0.07189203175182374,0
actual,1745691530.6217,394646.8288559433,4438783.296067977,-0.07183850250366504,0
actual,1745691530.7217283,394646.8289473718,4438783.296000331,-0.071810542329048,0
actual,1745691530.8218036,394646.82909739995,4438783.296020476,-0.07184183608253637,0
actual,1745691530.9217744,394646.8292015818,4438783.295964148,-0.07190667506424796,0
actual,1745691531.0217636,394646.82936389174,4438783.295707156,-0.07187552093709965,0
actual,1745691531.1216516,394646.8275031289,4438783.296563248,-0.07189976356040989,0
actual,1745691531.2216184,394646.827472239,4438783.296560152,-0.07187712664001164,0
actual,1745691531.321696,394646.82747655676,4438783.296445736,-0.07185780584519198,0
actual,1745691531.4216814,394646.82717572316,4438783.296425304,-0.07192332550531186,0
actual,1745691531.5217736,394646.8266266171,4438783.29632642,-0.07188564384676144,0
actual,1745691531.6217003,394646.82696210605,4438783.297486627,-0.07181679060777024,0
actual,1745691531.7218516,394646.8265635661,4438783.297494075,-0.07184235968131189,0
actual,1745691531.8218808,394646.82637051813,4438783.297388375,-0.07181839631068199,0
actual,1745691531.9216123,394646.826510309,4438783.2969487095,-0.07177099316819771,0
actual,1745691532.0216196,394646.8267289327,4438783.296604753,-0.07176034665976064,0
actual,1745691532.121759,394646.82702447387,4438783.296483642,-0.07178085427847163,0
actual,1745691532.2216377,394646.82581187156,4438783.2982638255,-0.07191627437513375,0
actual,1745691532.321756,394646.8258195317,4438783.298079709,-0.07187819129085539,0
actual,1745691532.4218075,394646.8259035863,4438783.29806173,-0.07187831346390297,0
actual,1745691532.521948,394646.8260005929,4438783.297940705,-0.07189389925412337,0
actual,1745691532.621877,394646.8257975751,4438783.297575494,-0.07181865811006988,0
actual,1745691532.7218628,394646.82567385084,4438783.297459856,-0.0717938918879841,0
actual,1745691532.821714,394646.8255903871,4438783.297317446,-0.0718210666644375,0
actual,1745691532.9216704,394646.8255135415,4438783.297133352,-0.07180628372567323,0
actual,1745691533.0217152,394646.8255497546,4438783.296911698,-0.07179989582061093,0
actual,1745691533.121647,394646.8262953556,4438783.297596957,-0.07183982895389644,0
actual,1745691533.2218158,394646.82664351887,4438783.29747841,-0.07184195825558395,0
actual,1745691533.3216853,394646.8271394252,4438783.297304166,-0.07184330215910807,0
actual,1745691533.421861,394646.82776149805,4438783.297083122,-0.07184382575788358,0
actual,1745691533.5216417,394646.8284149318,4438783.296817242,-0.07181413770730721,0
actual,1745691533.6217701,394646.82788012165,4438783.298717813,-0.07184235968131189,0
actual,1745691533.7216945,394646.8278335901,4438783.298680397,-0.071849951863558,0
actual,1745691533.821613,394646.8275492947,4438783.29865522,-0.07183703642709335,0
actual,1745691533.9216216,394646.82698994316,4438783.298600915,-0.07188032059254267,0
actual,1745691534.0217156,394646.82606604084,4438783.2984206835,-0.07185435009327308,0
actual,1745691534.1216366,394646.83005158283,4438783.298995718,-0.071894161053511,0
actual,1745691534.221614,394646.82988374995,4438783.298921952,-0.07183691425404552,0
actual,1745691534.321651,394646.8297379187,4438783.298819832,-0.07181693023411029,0
actual,1745691534.421792,394646.8296305299,4438783.298645814,-0.0717873643565815,0
actual,1745691534.521658,394646.82959930826,4438783.298418981,-0.07178177930297508,0
actual,1745691534.621611,394646.8301395269,4438783.29834399,-0.07183157354653451,0
actual,1745691534.7217093,394646.8302669384,4438783.2980766175,-0.07182026381298162,0
actual,1745691534.8218746,394646.83034154016,4438783.297780512,-0.07182412099062846,0
actual,1745691534.9216743,394646.83035867044,4438783.29740779,-0.07183263819737827,0
actual,1745691535.021603,394646.83042866085,4438783.296936568,-0.07181439950669484,0
actual,1745691535.1218014,394646.83122932375,4438783.296381801,-0.07185314581608926,0
actual,1745691535.2218738,394646.8312675127,4438783.29615768,-0.07185274439036132,0
actual,1745691535.3216918,394646.83124393283,4438783.29591685,-0.07184410501056394,0
actual,1745691535.4216304,394646.8312732259,4438783.295616855,-0.07183557035052165,0
actual,1745691535.5218523,394646.831315011,4438783.295230992,-0.07186061582528779,0
actual,1745691535.6216915,394646.83003648266,4438783.296395999,-0.07185421046693302,0
actual,1745691535.7216215,394646.8299070032,4438783.296296006,-0.07186099979772324,0
actual,1745691535.8216782,394646.82969443547,4438783.296129974,-0.07183570997686171,0
actual,1745691535.9217877,394646.8294262672,4438783.296001907,-0.07183291745005863,0
actual,1745691536.0217524,394646.82915174525,4438783.295785358,-0.07184410501056394,0
actual,1745691536.1216586,394646.8292717711,4438783.296401566,-0.07181825668434193,0
actual,1745691536.221844,394646.8291432209,4438783.2963779075,-0.07186340835209087,0
actual,1745691536.3216853,394646.8289519146,4438783.296272173,-0.07188032059254267,0
actual,1745691536.4217107,394646.82871898304,4438783.29606196,-0.07187566056343994,0
actual,1745691536.5216455,394646.8285636319,4438783.295782522,-0.0718591497487161,0
actual,1745691536.6216435,394646.8288820812,4438783.295736778,-0.07182026381298162,0
actual,1745691536.721767,394646.8290857741,4438783.295599382,-0.0717753913979128,0
actual,1745691536.8218317,394646.82933502016,4438783.295472162,-0.07180188549595815,0
actual,1745691536.9216504,394646.8297233438,4438783.29524945,-0.07181773308556617,0
actual,1745691537.0218582,394646.83020916634,4438783.294935919,-0.07180893662613626,0
actual,1745691537.1219063,394646.82843487454,4438783.294975081,-0.0718829734930057,0
actual,1745691537.2217941,394646.8283588955,4438783.294942521,-0.07191852584986884,0
actual,1745691537.3216333,394646.82816156396,4438783.294777957,-0.07191587294940581,0
actual,1745691537.4219024,394646.82786423096,4438783.2946481565,-0.07192053297850877,0
actual,1745691537.5217855,394646.8273772838,4438783.294526136,-0.07192545480699937,0
actual,1745691537.6217623,394646.83021823317,4438783.295017157,-0.07191133509335067,0
actual,1745691537.721656,394646.8299097819,4438783.294927512,-0.07185049291562623,0
actual,1745691537.8219073,394646.8296140236,4438783.294912216,-0.07187644596160334,0
actual,1745691537.9216766,394646.829584492,4438783.294879942,-0.07188883779929246,0
actual,1745691538.0216777,394646.82970596873,4438783.294628642,-0.07185515294472895,0
actual,1745691538.1216846,394646.8281364272,4438783.294739238,-0.07183464532601795,0
actual,1745691538.221791,394646.82799488556,4438783.294776823,-0.07185328544242932,0
actual,1745691538.3217762,394646.8277380661,4438783.294749566,-0.07187325200907208,0
actual,1745691538.4216297,394646.8274145976,4438783.294726208,-0.07185515294472895,0
actual,1745691538.521621,394646.82712666015,4438783.294677562,-0.07186634050523426,0
actual,1745691538.6219265,394646.8286013904,4438783.293736892,-0.07186220407490707,0
actual,1745691538.7216196,394646.82890859945,4438783.293608697,-0.07182506346842464,0
actual,1745691538.8216374,394646.829248436,4438783.293393486,-0.07186499660171014,0
actual,1745691538.9218223,394646.82944517134,4438783.293071994,-0.07180628372567323,0
actual,1745691539.0218055,394646.82940155495,4438783.292773377,-0.07179989582061093,0
actual,1745691539.121686,394646.8302325502,4438783.295602588,-0.07184396538422363,0
actual,1745691539.2216253,394646.8303494943,4438783.295589605,-0.0718459550595711,0
actual,1745691539.32197,394646.8304860897,4438783.295567406,-0.07184955043783005,0
actual,1745691539.4217083,394646.83069141384,4438783.295470834,-0.07186300692636294,0
actual,1745691539.5215783,394646.83087878895,4438783.295328602,-0.07184290073337989,0
actual,1745691539.6216695,394646.83030288713,4438783.295945858,-0.07186033657260743,0
actual,1745691539.7218552,394646.83017210296,4438783.29593481,-0.07188218809484229,0
actual,1745691539.821712,394646.8301160405,4438783.295888628,-0.07185208116524551,0
actual,1745691539.9217741,394646.8300404038,4438783.29580497,-0.07181626700899447,0
actual,1745691540.0217776,394646.8299014474,4438783.295697672,-0.07178577610696223,0
actual,1745691540.1218543,394646.82981913997,4438783.295901127,-0.07181679060777024,0
actual,1745691540.2218049,394646.8297394388,4438783.295865103,-0.07185049291562623,0
actual,1745691540.32165,394646.8296546125,4438783.295694894,-0.07179921514220264,0
actual,1745691540.4216695,394646.82953004236,4438783.2955638105,-0.07181321268280351,0
actual,1745691540.521739,394646.82938933076,4438783.295412631,-0.07178191892931539,0
actual,1745691540.6216679,394646.8297650144,4438783.295789644,-0.07181359665523897,0
actual,1745691540.7216473,394646.82966737787,4438783.295640402,-0.07176912566589808,0
actual,1745691540.8217077,394646.829568364,4438783.29553646,-0.07178577610696223,0
actual,1745691540.9217086,394646.829519831,4438783.295402931,-0.07180027979304639,0
actual,1745691541.0217586,394646.82954892365,4438783.2951819645,-0.07177978962762788,0
actual,1745691541.121674,394646.8309080184,4438783.297711931,-0.07187419448686824,0
actual,1745691541.2217562,394646.83101157774,4438783.297831985,-0.07184675791102697,0
actual,1745691541.3216627,394646.8312876074,4438783.298052891,-0.07183424390029002,0
actual,1745691541.421842,394646.8317805337,4438783.298364866,-0.07183651282831759,0
actual,1745691541.5216444,394646.8322610138,4438783.298232458,-0.07180361337191772,0
actual,1745691541.6218069,394646.8305502434,4438783.297667551,-0.07179949439488299,0
actual,1745691541.7216496,394646.830590014,4438783.297856523,-0.07178523505489398,0
actual,1745691541.821551,394646.8307003347,4438783.297650862,-0.07176673456482292,0
actual,1745691541.9217582,394646.8306770755,4438783.297453252,-0.07171187886643285,0
actual,1745691542.021796,394646.8306947708,4438783.29757878,-0.07174355659235643,0
actual,1745691542.1216435,394646.83069821703,4438783.297402728,-0.07178338500588707,0
actual,1745691542.2216487,394646.83076854184,4438783.29678272,-0.07187393268748037,0
actual,1745691542.3217676,394646.83066681656,4438783.296531644,-0.07192185942874016,0
actual,1745691542.4219384,394646.83046835725,4438783.296186914,-0.07193290736290542,0
actual,1745691542.5218737,394646.83017526247,4438783.295761304,-0.07191414507344648,0
actual,1745691542.6216633,394646.8333317105,4438783.297498211,-0.07184955043783005,0
actual,1745691542.7220082,394646.8333577743,4438783.297460083,-0.07182825742095567,0
actual,1745691542.8218625,394646.83346636087,4438783.297378657,-0.07182532526781252,0
actual,1745691542.9216645,394646.83358324546,4438783.2973182155,-0.07180867482674837,0
actual,1745691543.0216124,394646.833694402,4438783.29724337,-0.0718120084056197,0
actual,1745691543.1218,394646.83308228204,4438783.297746907,-0.07184235968131189,0
actual,1745691543.2217855,394646.8330165357,4438783.297735833,-0.07190267826026081,0
actual,1745691543.3216507,394646.8328913519,4438783.297716416,-0.07191705977329714,0
actual,1745691543.4216108,394646.832866958,4438783.297634587,-0.07191213794480654,0
actual,1745691543.5218778,394646.8328692862,4438783.297386652,-0.0718787148896309,0
actual,1745691543.6217744,394646.8328083893,4438783.297336433,-0.07183277782371833,0
actual,1745691543.7216418,394646.8326828008,4438783.297404139,-0.07186726552973771,0
actual,1745691543.8216684,394646.8324834859,4438783.297284441,-0.07183530855113378,0
actual,1745691543.9219,394646.8323098795,4438783.297193855,-0.07182705314377184,0
actual,1745691544.0217712,394646.83216885565,4438783.29705791,-0.07180668515140116,0
actual,1745691544.1218204,394646.8333826413,4438783.296366217,-0.07180867482674837,0
actual,1745691544.2217891,394646.8334013456,4438783.296279628,-0.07181919916213786,0
actual,1745691544.3218048,394646.8334081731,4438783.296236384,-0.07178376897832255,0
actual,1745691544.421759,394646.83354545635,4438783.296053759,-0.07180628372567323,0
actual,1745691544.5216393,394646.8335927132,4438783.295719909,-0.07169508879902864,0
actual,1745691544.621792,394646.8331723346,4438783.296937766,-0.0718892392250204,0
actual,1745691544.7217872,394646.83311074565,4438783.296813845,-0.07176313918656396,0
actual,1745691544.8217819,394646.83297331654,4438783.296899778,-0.07185195899219793,0
actual,1745691544.9218304,394646.8329871139,4438783.296794333,-0.07176460526313541,0
actual,1745691545.0220034,394646.8328369047,4438783.296763652,-0.07177565319730067,0
actual,1745691545.1217585,394646.8350607981,4438783.294944501,-0.07198205583464151,0
actual,1745691545.2216775,394646.8351678006,4438783.294680056,-0.07187045948226899,0
actual,1745691545.3216481,394646.83537627046,4438783.294550913,-0.07200561777954347,0
actual,1745691545.4218223,394646.83587331953,4438783.294232583,-0.07188470136896527,0
actual,1745691545.5218244,394646.8363640415,4438783.293819477,-0.07190348111171668,0
actual,1745691545.6216254,394646.833692169,4438783.297122705,-0.07189375962778306,0
actual,1745691545.7216241,394646.8333405457,4438783.297470337,-0.07191213794480654,0
actual,1745691545.821634,394646.83296894864,4438783.29768756,-0.07198697766313211,0
actual,1745691545.9217432,394646.83265885303,4438783.297842923,-0.07191866547620915,0
actual,1745691546.0216787,394646.8324036511,4438783.29817895,-0.07203956443349462,0
actual,1745691546.1218383,394646.83258426725,4438783.295074473,-0.07176739778993875,0
actual,1745691546.2218485,394646.83236037206,4438783.294879353,-0.07189869890956614,0
actual,1745691546.3216932,394646.83232602524,4438783.294590452,-0.07178830683437767,0
actual,1745691546.421596,394646.8321938097,4438783.294073833,-0.07177591499668855,0
actual,1745691546.5216906,394646.8321108621,4438783.293645429,-0.07173917581593407,0
actual,1745691546.621628,394646.8321323921,4438783.293371235,-0.07174421981747224,0
actual,1745691546.7216308,394646.8332020693,4438783.294534254,-0.07174648874549981,0
actual,1745691546.8216867,394646.8331881561,4438783.294460299,-0.07177991180067544,0
actual,1745691546.9218512,394646.8327542033,4438783.294447671,-0.07177444892011686,0
actual,1745691547.02167,394646.8323853336,4438783.294431561,-0.07173955978836928,0
actual,1745691547.1218483,394646.8329442692,4438783.293751866,-0.0719527517565006,0
actual,1745691547.221682,394646.8332497873,4438783.293387278,-0.07186180264917913,0
actual,1745691547.3217146,394646.8336447239,4438783.293220811,-0.07193105731389826,0
actual,1745691547.4219415,394646.83390996367,4438783.292966026,-0.07192571660638701,0
actual,1745691547.5216694,394646.83404102165,4438783.292635538,-0.07194144202294771,0
actual,1745691547.621823,394646.83216963697,4438783.293353443,-0.07181986238725369,0
actual,1745691547.7217495,394646.8320393787,4438783.293280779,-0.07183291745005863,0
actual,1745691547.8219018,394646.83188347647,4438783.293102987,-0.07179523579150797,0
actual,1745691547.921674,394646.831691828,4438783.292898612,-0.07180254872107396,0
actual,1745691548.0218148,394646.8315089501,4438783.292717845,-0.07179057576240525,0
actual,1745691548.1216536,394646.8314377588,4438783.2925061565,-0.07179230363836457,0
actual,1745691548.2216847,394646.83057704306,4438783.2920506485,-0.07177591499668855,0
actual,1745691548.3216681,394646.830739889,4438783.291768056,-0.07172877365359215,0
actual,1745691548.421855,394646.8310118066,4438783.29151953,-0.07172612075312912,0
actual,1745691548.5216386,394646.8313153534,4438783.291224476,-0.07170215738249923,0
actual,1745691548.6218023,394646.8301467642,4438783.291832129,-0.07184410501056394,0
actual,1745691548.7217433,394646.83012475073,4438783.291671169,-0.07181640663533478,0
actual,1745691548.821832,394646.8301370596,4438783.291500211,-0.07182265491405677,0
actual,1745691548.9216895,394646.83014272375,4438783.29126401,-0.07177711927387237,0
actual,1745691549.0216658,394646.8301578675,4438783.291031084,-0.07178764360926186,0
actual,1745691549.121705,394646.8308691974,4438783.291187662,-0.07185981297383191,0
actual,1745691549.2218096,394646.83098725294,4438783.2911714455,-0.07189004207647628,0
actual,1745691549.3216538,394646.8310961606,4438783.2911238335,-0.07188204846850224,0
actual,1745691549.4217112,394646.83113223873,4438783.29102987,-0.07187578273648752,0
actual,1745691549.5218115,394646.8310496564,4438783.290924044,-0.07189642998153857,0
actual,1745691549.6218257,394646.83173297206,4438783.29224082,-0.07188803494783659,0
actual,1745691549.7215312,394646.83170816733,4438783.292300012,-0.07188084419131842,0
actual,1745691549.821579,394646.83176563994,4438783.292321912,-0.07186047619894749,0
actual,1745691549.921876,394646.83178228815,4438783.292303447,-0.07184836361393872,0
actual,1745691550.0219831,394646.8317267955,4438783.292311397,-0.0718550133183889,0
actual,1745691550.1216729,394646.8321424306,4438783.291628891,-0.07187765023878716,0
actual,1745691550.2216725,394646.83218314825,4438783.29152455,-0.07187019768288111,0
actual,1745691550.3217638,394646.83224241773,4438783.291461776,-0.07191014826945934,0
actual,1745691550.4217672,394646.83227588836,4438783.291367367,-0.07192133582996464,0
actual,1745691550.5216255,394646.83225269656,4438783.291216379,-0.0719261180321152,0
actual,1745691550.6216173,394646.8320176983,4438783.293522444,-0.07186487442866257,0
actual,1745691550.7217736,394646.83198227047,4438783.293519946,-0.07185408829388519,0
actual,1745691550.8216653,394646.8319985551,4438783.293529576,-0.07184157428314848,0
actual,1745691550.9216285,394646.8320766081,4438783.293534574,-0.07186367015147875,0
actual,1745691551.0216184,394646.83210475097,4438783.293407253,-0.07185860869664785,0
actual,1745691551.1217818,394646.83239654114,4438783.293151078,-0.07185688082068853,0
actual,1745691551.221689,394646.8323710391,4438783.293018142,-0.0718205256123695,0
actual,1745691551.3217626,394646.8324608291,4438783.292854665,-0.07176647276543505,0
actual,1745691551.4218209,394646.83260658337,4438783.2927121045,-0.07178123825090708,0
actual,1745691551.52178,394646.8327966784,4438783.292487623,-0.07177991180067544,0
actual,1745691551.6216276,394646.8321267786,4438783.293211424,-0.07182371956490052,0
actual,1745691551.721711,394646.8321977249,4438783.2931194175,-0.07183970678084886,0
actual,1745691551.821744,394646.83234260126,4438783.292949433,-0.0718395671545088,0
actual,1745691551.922016,394646.83250219934,4438783.292771994,-0.07180481764910153,0
actual,1745691552.0218978,394646.8324478898,4438783.29256412,-0.07177938820189994,0
actual,1745691552.1218789,394646.832135948,4438783.292264005,-0.07176127168426434,0
actual,1745691552.2220042,394646.8328455627,4438783.292628007,-0.07179455511309966,0
actual,1745691552.3221235,394646.8323491283,4438783.292479909,-0.07180628372567323,0
actual,1745691552.4216492,394646.8318920602,4438783.292225918,-0.07178577610696223,0
actual,1745691552.521619,394646.8315610397,4438783.291950546,-0.0717980283183113,0
actual,1745691552.62186,394646.8343342025,4438783.293833325,-0.07184529183445527,0
actual,1745691552.7217038,394646.8345111553,4438783.29389111,-0.07186593907950632,0
actual,1745691552.8216658,394646.83455544076,4438783.293791767,-0.07179748726624306,0
actual,1745691552.9216595,394646.8345225598,4438783.293723679,-0.07180335157252983,0
actual,1745691553.0218775,394646.83456935,4438783.293599827,-0.07176460526313541,0
actual,1745691553.1216912,394646.83377141657,4438783.294821906,-0.07181186877927964,0
actual,1745691553.221648,394646.8333491996,4438783.294896637,-0.07179256543775246,0
actual,1745691553.3216898,394646.8327584511,4438783.294951321,-0.0719188051025492,0
actual,1745691553.4221272,394646.832716011,4438783.294667098,-0.0717668567378705,0
actual,1745691553.5216835,394646.8329552387,4438783.294460655,-0.07173676726156619,0
actual,1745691553.621824,394646.83179597463,4438783.29466682,-0.07189801823115785,0
actual,1745691553.7218368,394646.8315615523,4438783.294641459,-0.0718281177946156,0
actual,1745691553.8216305,394646.83130534034,4438783.294583751,-0.07190880436593522,0
actual,1745691553.9216986,394646.8311046445,4438783.29427136,-0.07180801160163255,0
actual,1745691554.0217123,394646.83107578236,4438783.294134712,-0.07188697029699284,0
actual,1745691554.1217036,394646.8331318309,4438783.294204011,-0.07186021439955985,0
actual,1745691554.2217877,394646.8328955901,4438783.294123805,-0.07192306370592398,0
actual,1745691554.3216257,394646.8325204125,4438783.294094185,-0.07194901675190134,0
actual,1745691554.4216232,394646.8321021953,4438783.293856954,-0.0719439727503629,0
actual,1745691554.5217488,394646.83170886704,4438783.29362882,-0.07196580681930555,0
actual,1745691554.6216996,394646.8338037479,4438783.293636241,-0.07183637320197753,0
actual,1745691554.7216814,394646.83388939296,4438783.293528499,-0.07184583288652327,0
actual,1745691554.8218014,394646.83395199385,4438783.293377904,-0.07184396538422363,0
actual,1745691554.9217937,394646.8340407828,4438783.293241455,-0.07188004133986255,0
actual,1745691555.021702,394646.83419852215,4438783.292951002,-0.07184382575788358,0
actual,1745691555.1216118,394646.83336206834,4438783.29407354,-0.07181040270270794,0
actual,1745691555.2218025,394646.83323558193,4438783.294108945,-0.07178883043315319,0
actual,1745691555.3218136,394646.83302489226,4438783.294240241,-0.07184756076248285,0
actual,1745691555.4216766,394646.83301429084,4438783.294038093,-0.07178497325550635,0
actual,1745691555.5216901,394646.83303242637,4438783.293734676,-0.07170388525845856,0
actual,1745691555.6219058,394646.83357210836,4438783.294329964,-0.07191239974419443,0
actual,1745691555.721847,394646.833471763,4438783.294310856,-0.07182878101973143,0
actual,1745691555.8220022,394646.83330107376,4438783.29432788,-0.07183876430305268,0
actual,1745691555.9217064,394646.8332160423,4438783.294308183,-0.07184902683905454,0
actual,1745691556.021862,394646.83312076895,4438783.294262738,-0.07183611140258965,0
actual,1745691556.1216855,394646.8346991973,4438783.295811402,-0.07186792875485354,0
actual,1745691556.2216945,394646.8349246878,4438783.295859325,-0.07182731494315973,0
actual,1745691556.3217044,394646.83511289314,4438783.296018561,-0.07186700373035008,0
actual,1745691556.4217775,394646.83522783517,4438783.296065409,-0.0718156037838789,0
actual,1745691556.521821,394646.83534928056,4438783.296146632,-0.07185208116524551,0
actual,1745691556.62195,394646.83485049347,4438783.295846218,-0.07187592236282783,0
actual,1745691556.7219417,394646.8349989784,4438783.295771688,-0.0718614012234512,0
actual,1745691556.8219845,394646.8350883108,4438783.295635625,-0.07181679060777024,0
actual,1745691556.9219267,394646.83508938015,4438783.295544965,-0.07181773308556617,0
actual,1745691557.0216641,394646.83512869576,4438783.295405762,-0.07181293343012315,0
actual,1745691557.1216989,394646.83541841205,4438783.29461152,-0.0718371760534334,0
actual,1745691557.2220485,394646.83544427424,4438783.2943694675,-0.07183611140258965,0
actual,1745691557.3217611,394646.83545324096,4438783.294062809,-0.07180507944848916,0
actual,1745691557.4216583,394646.8354681523,4438783.293775533,-0.07181839631068199,0
actual,1745691557.5218503,394646.83548458724,4438783.293433564,-0.0718028105204616,0
actual,1745691557.621924,394646.83546236774,4438783.294321756,-0.07183490712540584,0
actual,1745691557.7218726,394646.83545298775,4438783.294191601,-0.07180335157252983,0
actual,1745691557.8216457,394646.83541981404,4438783.294078471,-0.07179202438568447,0
actual,1745691557.9221077,394646.83540024806,4438783.2939637555,-0.07179668441478718,0
actual,1745691558.021711,394646.8353580965,4438783.293800862,-0.07180534124787705,0
actual,1745691558.121624,394646.83532993903,4438783.293606018,-0.0717941711406642,0
actual,1745691558.221778,394646.834928267,4438783.295010086,-0.07186487442866257,0
actual,1745691558.3218343,394646.83486761944,4438783.294976872,-0.07186473480232251,0
actual,1745691558.421895,394646.83477841504,4438783.29491994,-0.07184396538422363,0
actual,1745691558.5216587,394646.8346886288,4438783.294855949,-0.07184888721271424,0
actual,1745691558.6217315,394646.83465660317,4438783.296171127,-0.07185167973951757,0
actual,1745691558.721871,394646.83463233616,4438783.296143087,-0.07181679060777024,0
actual,1745691558.8217933,394646.83462462056,4438783.296148336,-0.0718401082065768,0
actual,1745691558.921633,394646.834607875,4438783.296099825,-0.07186979625715317,0
actual,1745691559.0216503,394646.83462396945,4438783.2959853,-0.07188285131995811,0
actual,1745691559.1219192,394646.83488925884,4438783.295852449,-0.0718196005878658,0
actual,1745691559.221807,394646.8350081583,4438783.29582218,-0.07184982969051042,0
actual,1745691559.3216696,394646.83501648175,4438783.295673619,-0.07184609468591115,0
actual,1745691559.4218004,394646.834951319,4438783.295534036,-0.07186925520508518,0
actual,1745691559.521742,394646.83494044654,4438783.295315743,-0.07182731494315973,0
actual,1745691559.621662,394646.8356288801,4438783.293411298,-0.07180893662613626,0
actual,1745691559.7218332,394646.8357577686,4438783.293162944,-0.07180987910393218,0
actual,1745691559.8218215,394646.8358464805,4438783.292946855,-0.07183490712540584,0
actual,1745691559.9218042,394646.83600455115,4438783.292590543,-0.0718064058987208,0
actual,1745691560.0217843,394646.83617326245,4438783.292184997,-0.0718014840702302,0
actual,1745691560.1216493,394646.83481728553,4438783.293545753,-0.07187738843939927,0
actual,1745691560.2219148,394646.83467678784,4438783.293487421,-0.07185461189266096,0
actual,1745691560.32171,394646.8345860966,4438783.293381089,-0.07185860869664785,0
actual,1745691560.4217534,394646.8344950958,4438783.293230701,-0.0718203859860292,0
actual,1745691560.521776,394646.83437516616,4438783.293109294,-0.07183197497226244,0
actual,1745691560.6217074,394646.83454264153,4438783.29380151,-0.07184808436125836,0
actual,1745691560.7217424,394646.83451914164,4438783.293769735,-0.07182785599522773,0
actual,1745691560.821642,394646.8344976244,4438783.293712496,-0.07183916572878062,0
actual,1745691560.9216454,394646.8344328165,4438783.293628428,-0.07183904355573303,0
actual,1745691561.0218925,394646.8343698242,4438783.293516244,-0.07184516966140769,0
actual,1745691561.1217031,394646.8349788777,4438783.292928165,-0.07184129503046813,0
actual,1745691561.2217498,394646.8349484663,4438783.292771586,-0.07180214729534602,0
actual,1745691561.321896,394646.83484706155,4438783.292687079,-0.07184143465680844,0
actual,1745691561.4218366,394646.8348960562,4438783.292471595,-0.07183064852203105,0
actual,1745691561.521775,394646.83488519175,4438783.29226621,-0.07180335157252983,0
actual,1745691561.6217937,394646.83458286186,4438783.293743813,-0.07187059910860905,0
actual,1745691561.7218091,394646.8345480674,4438783.293741155,-0.07180694695078879,0
actual,1745691561.8217056,394646.83447408315,4438783.293837017,-0.07188004133986255,0
actual,1745691561.9216838,394646.8344017867,4438783.293824741,-0.07181160697989175,0
actual,1745691562.0218253,394646.8342838023,4438783.293801574,-0.07183171317287482,0
actual,1745691562.1218102,394646.8341907698,4438783.293750809,-0.07178724218353393,0
actual,1745691562.221683,394646.83524017193,4438783.293274758,-0.07183398210090239,0
actual,1745691562.3216743,394646.83529136016,4438783.293239394,-0.07183225422494281,0
actual,1745691562.421918,394646.8354297301,4438783.293172069,-0.07183942752816849,0
actual,1745691562.5216787,394646.8355603935,4438783.29304662,-0.07181626700899447,0
actual,1745691562.6218865,394646.83660322725,4438783.292805235,-0.07187445628625613,0
actual,1745691562.721683,394646.8366402822,4438783.292645887,-0.07181281125707557,0
actual,1745691562.8216841,394646.8364797955,4438783.292669974,-0.07190281788660087,0
actual,1745691562.9218347,394646.8365605991,4438783.29246454,-0.07188937885136071,0
actual,1745691563.0219252,394646.83663767704,4438783.29213001,-0.07177978962762788,0
actual,1745691563.1216617,394646.8350736368,4438783.295070563,-0.07195421783307229,0
actual,1745691563.222052,394646.83482450683,4438783.295227768,-0.07190615146547219,0
actual,1745691563.321758,394646.8346597158,4438783.29533672,-0.07191493047160988,0
actual,1745691563.4216716,394646.8344838738,4438783.295438433,-0.07189510353130718,0
actual,1745691563.5217664,394646.8342470102,4438783.295583694,-0.07193172053901409,0
actual,1745691563.62227,394646.8353754023,4438783.294108761,-0.07184729896309497,0
actual,1745691563.7217948,394646.8353162211,4438783.2939674035,-0.07188337491873363,0
actual,1745691563.8219597,394646.8353279355,4438783.293801667,-0.07186939483142522,0
actual,1745691563.921811,394646.83538690826,4438783.293479808,-0.07182932207179941,0
actual,1745691564.0221639,394646.83533202385,4438783.293204794,-0.07185527511777653,0
actual,1745691564.12191,394646.8359306295,4438783.295094241,-0.07183876430305268,0
actual,1745691564.2219608,394646.8358978606,4438783.2950360095,-0.07180548087421734,0
actual,1745691564.321893,394646.8355409339,4438783.294980859,-0.071726923604585,0
actual,1745691564.4220872,394646.8351879603,4438783.295036359,-0.07183317924944627,0
actual,1745691564.5218582,394646.8351782322,4438783.295048296,-0.07179949439488299,0
actual,1745691564.6220071,394646.8340561125,4438783.294275844,-0.0717824425280909,0
actual,1745691564.721962,394646.8338408475,4438783.294007492,-0.07175221342544628,0
actual,1745691564.8220134,394646.833465365,4438783.293882539,-0.07175767630600513,0
actual,1745691564.9219928,394646.8333091844,4438783.293585088,-0.07176779921566669,0
actual,1745691565.0222254,394646.83340443217,4438783.293200691,-0.07168576874082296,0
actual,1745691565.1222384,394646.8347097932,4438783.293280038,-0.07182426061696877,0
actual,1745691565.2221324,394646.83497344353,4438783.293045146,-0.07180001799365851,0
actual,1745691565.3221555,394646.8350995852,4438783.29276367,-0.07174889729986769,0
actual,1745691565.4219809,394646.8350986627,4438783.292700477,-0.0718056205005574,0
actual,1745691565.5220819,394646.8349259122,4438783.292530886,-0.07180680732444873,0
actual,1745691565.6220412,394646.83544750884,4438783.292745768,-0.0718512957670821,0
actual,1745691565.7217104,394646.83525121066,4438783.292600619,-0.07183637320197753,0
actual,1745691565.8220239,394646.835154633,4438783.2923708875,-0.0718014840702302,0
actual,1745691565.9221842,394646.8350785601,4438783.292103994,-0.07175888058318894,0
actual,1745691566.0220785,394646.8348717898,4438783.291911839,-0.07177286067049733,0
actual,1745691566.122052,394646.835790108,4438783.29270925,-0.07188950102440829,0
actual,1745691566.2218912,394646.835709144,4438783.292602791,-0.0719082807671597,0
actual,1745691566.322139,394646.83577943663,4438783.292498715,-0.07193610131543644,0
actual,1745691566.4218857,394646.83590262407,4438783.292313698,-0.07191000864311928,0
actual,1745691566.5217624,394646.8361166974,4438783.292148783,-0.07193144128633373,0
actual,1745691566.6220872,394646.8349153381,4438783.293046167,-0.07191067186823485,0
actual,1745691566.7219102,394646.8348148131,4438783.293080729,-0.07192171980240011,0
actual,1745691566.8220572,394646.83462722425,4438783.293019964,-0.07193238376412965,0
actual,1745691566.922218,394646.83444195945,4438783.292977274,-0.07194596242571037,0
actual,1745691567.0223842,394646.83423191315,4438783.292885682,-0.0719327851898576,0
actual,1745691567.1218615,394646.8361053352,4438783.2925436385,-0.07183237639799038,0
actual,1745691567.2221117,394646.83621322113,4438783.292434821,-0.07184129503046813,0
actual,1745691567.3221989,394646.8362240644,4438783.292294224,-0.07184555363384292,0
actual,1745691567.4220207,394646.83632039436,4438783.292114426,-0.07184023037962438,0
actual,1745691567.5220487,394646.8364658946,4438783.291926963,-0.0718246620426967,0
actual,1745691567.6220927,394646.83609322936,4438783.2934328085,-0.07183824070427716,0
actual,1745691567.722095,394646.83603127743,4438783.293423682,-0.07183836287732474,0
actual,1745691567.8222775,394646.835991936,4438783.293343123,-0.07185075471501387,0
actual,1745691567.9219546,394646.8359847239,4438783.293229011,-0.07185222079158556,0
actual,1745691568.0218806,394646.8360343155,4438783.293025021,-0.07180361337191772,0
actual,1745691568.1219182,394646.83594318485,4438783.293191553,-0.07188550422042114,0
actual,1745691568.2219718,394646.83566626464,4438783.293025525,-0.0718395671545088,0
actual,1745691568.3218088,394646.83543458657,4438783.292891476,-0.07182426061696877,0
actual,1745691568.4216695,394646.83534745994,4438783.292846135,-0.07183078814837111,0
actual,1745691568.521895,394646.8352352329,4438783.292674362,-0.07184489040872734,0
actual,1745691568.622126,394646.83652677736,4438783.294967851,-0.07188311311934599,0
actual,1745691568.7221723,394646.83653788536,4438783.294961155,-0.07183996858023674,0
actual,1745691568.8219972,394646.8366081425,4438783.294944536,-0.07181825668434193,0
actual,1745691568.922106,394646.8366603536,4438783.294974758,-0.07182159026321326,0
actual,1745691569.0217946,394646.83659817016,4438783.29510309,-0.07185688082068853,0
actual,1745691569.121697,394646.8372437842,4438783.294854487,-0.07187819129085539,0
actual,1745691569.2216325,394646.8372833822,4438783.294697275,-0.07186887123264972,0
actual,1745691569.321878,394646.8373319339,4438783.294557874,-0.07186539802743809,0
actual,1745691569.4220343,394646.83749215805,4438783.294322135,-0.07186087762467543,0
actual,1745691569.5218496,394646.83764086035,4438783.294074776,-0.07181747128617853,0
actual,1745691569.6217058,394646.8353014032,4438783.294420518,-0.07190307968598875,0
actual,1745691569.721888,394646.8349556931,4438783.294375852,-0.07191067186823485,0
actual,1745691569.821779,394646.8346345969,4438783.294258332,-0.07188883779929246,0
actual,1745691569.9216576,394646.83428395086,4438783.294132286,-0.07186700373035008,0
actual,1745691570.0218992,394646.83385006123,4438783.293982032,-0.07186499660171014,0
actual,1745691570.1218512,394646.8355356566,4438783.294328245,-0.07185049291562623,0
actual,1745691570.2219746,394646.8355451903,4438783.294272808,-0.07186447300293464,0
actual,1745691570.321819,394646.83554727165,4438783.294153016,-0.0718345056996779,0
actual,1745691570.4217615,394646.8355314164,4438783.294040471,-0.07181267163073551,0
actual,1745691570.5217054,394646.8354731825,4438783.293925914,-0.07180841302736049,0
actual,1745691570.6216152,394646.8339397738,4438783.294973537,-0.071849951863558,0
actual,1745691570.7216587,394646.833815419,4438783.294888091,-0.07184103323108025,0
actual,1745691570.8217578,394646.8336518329,4438783.294767409,-0.07184157428314848,0
actual,1745691570.9216383,394646.8334687187,4438783.294591571,-0.07182851922034354,0
actual,1745691571.0216994,394646.8332846579,4438783.294431298,-0.07183384247456208,0
actual,1745691571.1216335,394646.83420020115,4438783.293863977,-0.07184263893399224,0
actual,1745691571.221843,394646.8341886417,4438783.293792045,-0.07183064852203105,0
actual,1745691571.3216417,394646.83412749675,4438783.293724908,-0.07182837959400348,0
actual,1745691571.421605,394646.83409491327,4438783.293629275,-0.07180455584971364,0
actual,1745691571.5216966,394646.83418682055,4438783.293489678,-0.07177418712072897,0
actual,1745691571.6217785,394646.83492904494,4438783.294141537,-0.07185808509787234,0
actual,1745691571.7216644,394646.8348955519,4438783.294093646,-0.07187977954047467,0
actual,1745691571.8218632,394646.83495896525,4438783.294030731,-0.07186740515607802,0
actual,1745691571.9216917,394646.83504279813,4438783.293920987,-0.07185848652360027,0
actual,1745691572.0218496,394646.83504259435,4438783.293790535,-0.07183930535512092,0
actual,1745691572.12168,394646.83504473313,4438783.293673164,-0.07185714262007616,0
actual,1745691572.2220612,394646.8360699945,4438783.2939272765,-0.07182532526781252,0
actual,1745691572.3220596,394646.83620376344,4438783.293865215,-0.07181040270270794,0
actual,1745691572.421769,394646.8363683894,4438783.293779606,-0.07179602118967136,0
actual,1745691572.5217597,394646.8365367631,4438783.293710452,-0.07179935476854268,0
actual,1745691572.6217542,394646.8352992198,4438783.294025948,-0.07187206518518073,0
actual,1745691572.721854,394646.8352137199,4438783.293958099,-0.07189122890036762,0
actual,1745691572.821956,394646.835141591,4438783.293824141,-0.071881507416434,0
actual,1745691572.9216785,394646.83512594044,4438783.293630217,-0.07184914901210211,0
actual,1745691573.0218804,394646.8351422416,4438783.293379733,-0.07181321268280351,0
actual,1745691573.1221921,394646.83589837357,4438783.293079101,-0.07183145137348693,0
actual,1745691573.2219663,394646.8359407057,4438783.292962135,-0.07179656224173961,0
actual,1745691573.3216996,394646.83605550544,4438783.2928632125,-0.0718234577655129,0
actual,1745691573.4218502,394646.836120437,4438783.292738115,-0.07184489040872734,0
actual,1745691573.5217948,394646.8362010605,4438783.292571013,-0.07182572669354045,0
actual,1745691573.6220345,394646.8363952134,4438783.293705926,-0.07181387590791932,0
actual,1745691573.7219088,394646.8364527916,4438783.293598252,-0.07181813451129411,0
actual,1745691573.8220072,394646.83645418304,4438783.293502279,-0.07182000201359373,0
actual,1745691573.9218762,394646.8364845293,4438783.293321261,-0.07180588229994528,0
actual,1745691574.0220804,394646.836507994,4438783.293137593,-0.07182771636888767,0
actual,1745691574.1217558,394646.8365009978,4438783.293496837,-0.07191041006884721,0
actual,1745691574.2222028,394646.8364317266,4438783.293397577,-0.07189735500604227,0
actual,1745691574.321947,394646.83634451707,4438783.293248755,-0.07187925594169915,0
actual,1745691574.4220495,394646.83618924534,4438783.293106121,-0.07184169645619606,0
actual,1745691574.5219002,394646.8362171169,4438783.292919611,-0.07182118883748508,0
actual,1745691574.6220458,394646.8363296342,4438783.292749702,-0.07182638991865603,0
actual,1745691574.7217057,394646.8362571951,4438783.292624181,-0.07184103323108025,0
actual,1745691574.822237,394646.8360488722,4438783.29238759,-0.07179270506409251,0
actual,1745691574.9216604,394646.83589073404,4438783.292125926,-0.07178298358015914,0
actual,1745691575.0219207,394646.83574506734,4438783.291822743,-0.0717394376153217,0
actual,1745691575.1216698,394646.8362756183,4438783.292099677,-0.07184089360474019,0
actual,1745691575.2219508,394646.8362223461,4438783.291893858,-0.07181267163073551,0
actual,1745691575.321818,394646.8361623192,4438783.291690065,-0.07181307305646345,0
actual,1745691575.4231093,394646.83607657807,4438783.2914565895,-0.07180401479764566,0
actual,1745691575.5218227,394646.8359727196,4438783.2911840025,-0.07176633313909499,0
actual,1745691575.6216528,394646.83535189467,4438783.293560444,-0.07182371956490052,0
actual,1745691575.721764,394646.8352648095,4438783.293466792,-0.07180015761999857,0
actual,1745691575.8217986,394646.8351990239,4438783.293404724,-0.0717824425280909,0
actual,1745691575.9217896,394646.8350518028,4438783.293272601,-0.07175741450661724,0
actual,1745691576.022124,394646.8349170382,4438783.292974754,-0.07171453176689588,0
actual,1745691576.122095,394646.83486952196,4438783.292775901,-0.0717242532508295,0
actual,1745691576.2223144,394646.8361587237,4438783.293307464,-0.07180375299825777,0
actual,1745691576.3221943,394646.8361619789,4438783.293187145,-0.07181321268280351,0
actual,1745691576.421867,394646.8361216905,4438783.2930621635,-0.07180174586961809,0
actual,1745691576.5221438,394646.83615996665,4438783.292926686,-0.07179668441478718,0
actual,1745691576.6222315,394646.8353959205,4438783.2938103,-0.07188084419131842,0
actual,1745691576.722383,394646.8353039888,4438783.293798867,-0.07192212122812805,0
actual,1745691576.8220484,394646.835194145,4438783.293714693,-0.0718907053015921,0
actual,1745691576.9218562,394646.83518132556,4438783.2936424045,-0.07190175323575736,0
actual,1745691577.0224993,394646.83516558434,4438783.293507696,-0.07186913303203735,0
actual,1745691577.1218724,394646.83567692235,4438783.292517821,-0.07181293343012315,0
actual,1745691577.2220647,394646.83567606355,4438783.292333589,-0.07179136116056864,0
actual,1745691577.322215,394646.8356421454,4438783.292134722,-0.07182146809016543,0
actual,1745691577.4218998,394646.8356050035,4438783.291893388,-0.0717980283183113,0
actual,1745691577.5216885,394646.83559991035,4438783.2916462645,-0.07181120555416382,0
actual,1745691577.6218972,394646.835559917,4438783.291332345,-0.07182506346842464,0
actual,1745691577.7219112,394646.83493353287,4438783.293372301,-0.07189096710097997,0
actual,1745691577.8216631,394646.83484403,4438783.29323635,-0.07187698701367133,0
actual,1745691577.9216833,394646.83476805186,4438783.293078314,-0.07187845309024303,0
actual,1745691578.021807,394646.8346386541,4438783.292863417,-0.07186127905040361,0
actual,1745691578.121746,394646.8355227342,4438783.293354689,-0.0717949565388276,0
actual,1745691578.2218306,394646.83569256036,4438783.293347996,-0.07182146809016543,0
actual,1745691578.321777,394646.83571975236,4438783.293303853,-0.0718269135174318,0
actual,1745691578.421789,394646.83579725306,4438783.293219448,-0.07181932133518544,0
actual,1745691578.5219333,394646.8359129508,4438783.293094509,-0.07179961656793057,0
actual,1745691578.6220458,394646.83479401795,4438783.2943568695,-0.07184649611163908,0
actual,1745691578.7218168,394646.8346356588,4438783.294287839,-0.07183611140258965,0
actual,1745691578.8219342,394646.8344577646,4438783.294234199,-0.0718462343122512,0
actual,1745691578.9218478,394646.83436853107,4438783.294235287,-0.0718843173965298,0
actual,1745691579.0218744,394646.83429504733,4438783.294116401,-0.07187618416221546,0
actual,1745691579.121887,394646.835539088,4438783.294036353,-0.07182132846382537,0
actual,1745691579.2218494,394646.83556811005,4438783.293976526,-0.07180268834741402,0
actual,1745691579.321905,394646.83559047175,4438783.293880387,-0.07181453913303515,0
actual,1745691579.4219267,394646.83556016476,4438783.293783015,-0.07182478421574429,0
actual,1745691579.521766,394646.83554913074,4438783.293581436,-0.07177525177157273,0
actual,1745691579.621994,394646.836203511,4438783.293690744,-0.0718239813642884,0
actual,1745691579.7217653,394646.8362514448,4438783.293668177,-0.07181813451129411,0
actual,1745691579.8216941,394646.8362220846,4438783.293606856,-0.07183876430305268,0
actual,1745691579.9218273,394646.8361565124,4438783.293462863,-0.07181520235815071,0
actual,1745691580.0217607,394646.83603065787,4438783.293266354,-0.07180001799365851,0
actual,1745691580.121687,394646.83574299497,4438783.293581307,-0.07187152413311275,0
actual,1745691580.2218978,394646.83573498065,4438783.293733302,-0.0719082807671597,0
actual,1745691580.3218017,394646.8361948487,4438783.293655801,-0.07193411164008924,0
actual,1745691580.421761,394646.8374485818,4438783.293518695,-0.07194090097087946,0
actual,1745691580.5217004,394646.8390856997,4438783.293221577,-0.0718210666644375,0
actual,1745691580.6216893,394646.84035722376,4438783.292862824,-0.0718156037838789,0
actual,1745691580.7219424,394646.8403890747,4438783.292836555,-0.07180254872107396,0
actual,1745691580.8218405,394646.84019826347,4438783.29289051,-0.07189163032609555,0
actual,1745691580.9217944,394646.83961279143,4438783.292827867,-0.07189936213468195,0
actual,1745691581.021946,394646.8387506697,4438783.292749355,-0.07186061582528779,0
actual,1745691581.1216793,394646.83896318707,4438783.293114286,-0.07189656960787888,0
actual,1745691581.221703,394646.8380443557,4438783.292914909,-0.07164649883265302,0
actual,1745691581.3216786,394646.8366942272,4438783.293294246,-0.07204609196489721,0
actual,1745691581.4217718,394646.8358778531,4438783.293109448,-0.07181068195538806,0
actual,1745691581.5216346,394646.8356591274,4438783.292981364,-0.07184808436125836,0
actual,1745691581.6217556,394646.8334809628,4438783.292504014,-0.07194875495251345,0
actual,1745691581.7216332,394646.83383349696,4438783.292203124,-0.07179630044235172,0
actual,1745691581.8216977,394646.834635749,4438783.291929184,-0.071946224225098,0
actual,1745691581.9216707,394646.8355417715,4438783.291336965,-0.0717724592447694,0
actual,1745691582.0216773,394646.83644678345,4438783.291060109,-0.07188032059254267,0
actual,1745691582.1217098,394646.8374036987,4438783.290492223,-0.07177924857555963,0
actual,1745691582.2217975,394646.83335398266,4438783.291967514,-0.07186073799833537,0
actual,1745691582.3216853,394646.83358896547,4438783.29169852,-0.07183663500136542,0
actual,1745691582.4220307,394646.83373683284,4438783.291329158,-0.07181186877927964,0
actual,1745691582.5216901,394646.833684776,4438783.291043267,-0.0718562175955727,0
actual,1745691582.6217847,394646.83645238983,4438783.291588848,-0.07183757747916135,0
actual,1745691582.7217088,394646.8360904845,4438783.291632331,-0.07188684812394526,0
actual,1745691582.8216457,394646.8356674115,4438783.2915032,-0.07186099979772324,0
actual,1745691582.9216743,394646.8353117078,4438783.291345808,-0.07185489114534106,0
actual,1745691583.0218925,394646.83498970116,4438783.291133875,-0.07178511288184641,0
actual,1745691583.1217015,394646.8374564423,4438783.291127348,-0.07178577610696223,0
actual,1745691583.2220864,394646.8375351427,4438783.290982822,-0.07178390860466259,0
actual,1745691583.321804,394646.8375726965,4438783.290816669,-0.07176526848825124,0
actual,1745691583.4218805,394646.83752857475,4438783.290605581,-0.0717507473488746,0
actual,1745691583.5217977,394646.83750750043,4438783.290368564,-0.07174263156785297,0
actual,1745691583.6216238,394646.8379408828,4438783.292897817,-0.07181373628157928,0
actual,1745691583.7220206,394646.8379421156,4438783.2929140935,-0.0717668567378705,0
actual,1745691583.821828,394646.83789821324,4438783.292978002,-0.0718203859860292,0
actual,1745691583.9216409,394646.8381020808,4438783.292910094,-0.0717648670625233,0
actual,1745691584.0218568,394646.8383037725,4438783.292768728,-0.07175128840094283,0
actual,1745691584.1218455,394646.8364836852,4438783.293708176,-0.07186780658180596,0
actual,1745691584.221714,394646.83611259505,4438783.293792548,-0.07191334222199036,0
actual,1745691584.3216329,394646.8358437414,4438783.2936584065,-0.07184249930765194,0
actual,1745691584.4216292,394646.8356230037,4438783.293691092,-0.07191081149457515,0
actual,1745691584.521785,394646.83543086937,4438783.293592903,-0.07186634050523426,0
actual,1745691584.6216807,394646.8362615261,4438783.293154742,-0.07178842900742526,0
actual,1745691584.7217264,394646.83620555187,4438783.2929890575,-0.07179630044235172,0
actual,1745691584.8217728,394646.83606969577,4438783.292816967,-0.0717733842692731,0
actual,1745691584.9218748,394646.8358860383,4438783.292592739,-0.07179708584051513,0
actual,1745691585.0216544,394646.83543996897,4438783.292273363,-0.07168630979289095,0
actual,1745691585.1216161,394646.83725436317,4438783.294945945,-0.07182679134438397,0
actual,1745691585.2220683,394646.8360996831,4438783.295225643,-0.07212185670772624,0
actual,1745691585.3218687,394646.83549284644,4438783.295019775,-0.07169203447283767,0
actual,1745691585.4217644,394646.8356754469,4438783.295181665,-0.07201254673667376,0
actual,1745691585.521686,394646.83599062817,4438783.294754403,-0.07167777513284891,0
actual,1745691585.6218326,394646.8317810085,4438783.29549589,-0.07196474216846178,0
actual,1745691585.7217464,394646.8314710108,4438783.295190479,-0.07178204110236297,0
actual,1745691585.8217552,394646.8312177876,4438783.295008816,-0.07177231961842935,0
actual,1745691585.9216843,394646.8307539605,4438783.294880452,-0.07184089360474019,0
actual,1745691586.0219154,394646.830053595,4438783.294575832,-0.0717086674606091,0
actual,1745691586.121791,394646.83405579696,4438783.294725713,-0.07191547152367787,0
actual,1745691586.2219162,394646.8339016364,4438783.2945518745,-0.07184037000596467,0
actual,1745691586.3218586,394646.8337353944,4438783.294529065,-0.07190494718828838,0
actual,1745691586.4217775,394646.8335818653,4438783.294360156,-0.07185927192176367,0
actual,1745691586.5217762,394646.8334600045,4438783.294287986,-0.07190908361861557,0
actual,1745691586.6216495,394646.83445428894,4438783.2944109505,-0.071823195966125,0
actual,1745691586.7216918,394646.83431064815,4438783.294324783,-0.07185195899219793,0
actual,1745691586.8219714,394646.8342085073,4438783.294260527,-0.07184316253276776,0
actual,1745691586.9217458,394646.83425544004,4438783.294157708,-0.07183197497226244,0
actual,1745691587.0217118,394646.8343010033,4438783.293996771,-0.07181387590791932,0
actual,1745691587.1217074,394646.83557217143,4438783.295198299,-0.07182506346842464,0
actual,1745691587.2216969,394646.8355648566,4438783.295228642,-0.07182825742095567,0
actual,1745691587.3216534,394646.83551376604,4438783.295221843,-0.07182998529691524,0
actual,1745691587.4216526,394646.8354740411,4438783.295139447,-0.07179043613606495,0
actual,1745691587.5218556,394646.8354512609,4438783.295146669,-0.07184822398759866,0
actual,1745691587.6216717,394646.8350534551,4438783.2956746165,-0.07186407157720669,0
actual,1745691587.7215924,394646.8350655058,4438783.295637238,-0.07185222079158556,0
actual,1745691587.8217156,394646.8350413622,4438783.295531343,-0.07182612811926839,0
actual,1745691587.9217787,394646.83503798523,4438783.295435143,-0.0718459550595711,0
actual,1745691588.0218873,394646.8350588379,4438783.295262801,-0.0718239813642884,0
actual,1745691588.1216984,394646.83504793537,4438783.295071929,-0.07182851922034354,0
actual,1745691588.2218742,394646.83494645124,4438783.295717319,-0.07184223750826431,0
actual,1745691588.3218017,394646.8348570978,4438783.29565294,-0.07181666843472241,0
actual,1745691588.4219058,394646.83475133637,4438783.295495252,-0.07178617753269016,0
actual,1745691588.5217159,394646.8346395619,4438783.295324507,-0.07176380241167954,0
actual,1745691588.621898,394646.8343309018,4438783.29669003,-0.0718381010779371,0
actual,1745691588.7218225,394646.8342719285,4438783.2966788,-0.07182092703809743,0
actual,1745691588.8220575,394646.83418777597,4438783.296673874,-0.07182026381298162,0
actual,1745691588.9217114,394646.8340877358,4438783.296615208,-0.07177645604875654,0
actual,1745691589.021804,394646.83400186035,4438783.296512826,-0.07173584223706274,0
actual,1745691589.121676,394646.83435178385,4438783.296042542,-0.0717929668634804,0
actual,1745691589.221666,394646.8342099144,4438783.295890706,-0.07179069793545283,0
actual,1745691589.3216875,394646.8341393024,4438783.295715327,-0.0717409036918934,0
actual,1745691589.4219754,394646.83417645656,4438783.2954648305,-0.07168643196593878,0
actual,1745691589.5216877,394646.8342146424,4438783.295298572,-0.07169535059841627,0
