type,timestamp,x,y,yaw,target_waypoint_idx
actual,1745422849.131817,394651.0871842817,4438791.381210447,0.19056675889202185,0
actual,1745422849.131896,394651.0871842817,4438791.381210447,0.19056675889202185,0
actual,1745422850.337264,394651.0871842817,4438791.381210447,0.19056675889202185,0
actual,1745422850.3373137,394651.0871842817,4438791.381210447,0.19056675889202185,0
actual,1745422851.6122508,394651.0871842817,4438791.381210447,0.19056675889202185,0
actual,1745422851.612302,394651.0871842817,4438791.381210447,0.19056675889202185,0
actual,1745422853.0634916,394651.0884546882,4438791.378132917,0.19202643010534212,0
actual,1745422853.0635378,394651.0884546882,4438791.378132917,0.19202643010534212,0
actual,1745422855.8594906,394651.0882082991,4438791.377359341,0.19129951792517913,0
actual,1745422855.8595667,394651.0882082991,4438791.377359341,0.19129951792517913,0
actual,1745422857.2074025,394651.0882082991,4438791.377359341,0.19297557505916174,0
actual,1745422857.207489,394651.0882082991,4438791.377359341,0.19297557505916174,0
actual,1745422858.5823112,394651.08817572636,4438791.37839846,0.19297557505916174,0
actual,1745422858.582379,394651.08817572636,4438791.37839846,0.19297557505916174,0
actual,1745422858.717455,394651.08817572636,4438791.37839846,0.19278063923500657,0
actual,1745422858.8747258,394651.08649545594,4438791.378901801,0.19234067663716373,0
actual,1745422860.3478084,394651.08649545594,4438791.378901801,0.1919485360608256,0
actual,1745422860.347851,394651.08649545594,4438791.378901801,0.1919485360608256,0
actual,1745422862.000669,394651.08649545594,4438791.378901801,0.1919485360608256,0
actual,1745422862.0007162,394651.08649545594,4438791.378901801,0.1919485360608256,0
actual,1745422863.8229036,394651.08553797123,4438791.37964124,0.19056288426108228,0
actual,1745422863.822947,394651.08553797123,4438791.37964124,0.19056288426108228,0
actual,1745422864.0213392,394651.08553797123,4438791.37964124,0.19212724032293751,0
actual,1745422864.043056,394651.08553797123,4438791.37964124,0.19212724032293751,0
actual,1745422864.2406838,394651.08553797123,4438791.37964124,0.19212724032293751,0
actual,1745422864.2407475,394651.08553797123,4438791.37964124,0.19212724032293751,0
actual,1745422864.5682054,394651.0854683005,4438791.3773318585,0.19212724032293751,0
actual,1745422864.568259,394651.0854683005,4438791.3773318585,0.19212724032293751,0
actual,1745422864.5682957,394651.0854683005,4438791.3773318585,0.19212724032293751,0
actual,1745422864.6331546,394651.0854683005,4438791.3773318585,0.19256425331434424,0
actual,1745422866.3376276,394651.0854683005,4438791.3773318585,0.19256425331434424,0
actual,1745422866.3376737,394651.0854683005,4438791.3773318585,0.19256425331434424,0
actual,1745422867.1951396,394651.0854683005,4438791.3773318585,0.19256425331434424,0
actual,1745422867.195198,394651.0854683005,4438791.3773318585,0.19256425331434424,0
actual,1745422868.514914,394651.08717004623,4438791.378769996,0.19328463796310488,0
actual,1745422868.5149636,394651.08717004623,4438791.378769996,0.19328463796310488,0
actual,1745422870.7921002,394651.08717004623,4438791.378769996,0.1924015362681809,0
actual,1745422870.7921524,394651.08717004623,4438791.378769996,0.1924015362681809,0
actual,1745422873.3068793,394651.08782341925,4438791.37737878,0.1920421380686101,0
actual,1745422873.3069456,394651.08782341925,4438791.37737878,0.1920421380686101,0
actual,1745422873.4208012,394651.0902386055,4438791.378083782,0.19041707945537073,0
actual,1745422874.897623,394651.0869371123,4438791.378353704,0.19158154567900892,0
actual,1745422874.897673,394651.0869371123,4438791.378353704,0.19158154567900892,0
actual,1745422875.0768795,394651.0869371123,4438791.378353704,0.19209154833973405,0
actual,1745422876.3394592,394651.0869371123,4438791.378353704,0.19209154833973405,0
actual,1745422876.339506,394651.0869371123,4438791.378353704,0.19209154833973405,0
actual,1745422876.6775649,394651.0869371123,4438791.378353704,0.19319063452959243,0
actual,1745422876.677641,394651.0869371123,4438791.378353704,0.19319063452959243,0
actual,1745422876.6776705,394651.0869371123,4438791.378353704,0.19319063452959243,0
actual,1745422880.7340333,394651.08654473344,4438791.378254372,0.19319063452959243,0
actual,1745422880.734082,394651.08654473344,4438791.378254372,0.19319063452959243,0
actual,1745422882.8412945,394651.08784936566,4438791.378897462,0.1911722310628311,0
actual,1745422882.8413513,394651.08784936566,4438791.378897462,0.1911722310628311,0
actual,1745422884.4510677,394651.08784936566,4438791.378897462,0.19229899817462617,0
actual,1745422884.4511135,394651.08784936566,4438791.378897462,0.19229899817462617,0
actual,1745422887.3901968,394651.0898292146,4438791.380439865,0.19229899817462617,0
actual,1745422887.390269,394651.0898292146,4438791.380439865,0.19229899817462617,0
actual,1745422890.9830613,394651.0872645075,4438791.379976702,0.1914366658978008,0
actual,1745422890.983152,394651.0872645075,4438791.379976702,0.1914366658978008,0
actual,1745422899.7376854,394651.08771011286,4438791.378517337,0.19365096511980598,0
actual,1745422899.737744,394651.08771011286,4438791.378517337,0.19365096511980598,0
actual,1745422904.6707106,394651.0879887528,4438791.379148985,0.19287357801767527,0
actual,1745422904.6707625,394651.0879887528,4438791.379148985,0.19287357801767527,0
actual,1745422907.1587846,394651.0870052715,4438791.376625509,0.19287357801767527,0
actual,1745422907.1588576,394651.0870052715,4438791.376625509,0.19287357801767527,0
actual,1745422910.2428896,394651.0870052715,4438791.376625509,0.19287038406514398,0
actual,1745422910.2429364,394651.0870052715,4438791.376625509,0.19287038406514398,0
actual,1745422911.57801,394651.0853770287,4438791.378362605,0.19287038406514398,0
actual,1745422911.5781007,394651.0853770287,4438791.378362605,0.19287038406514398,0
actual,1745422917.4919071,394651.0870073623,4438791.377971726,0.19351048356831296,0
actual,1745422917.491995,394651.0870073623,4438791.377971726,0.19351048356831296,0
actual,1745422919.4964123,394651.086993217,4438791.377392387,0.19324189484972357,0
actual,1745422919.4964986,394651.086993217,4438791.377392387,0.19324189484972357,0
actual,1745422922.532557,394651.086993217,4438791.377392387,0.19324189484972357,0
actual,1745422922.532601,394651.086993217,4438791.377392387,0.19324189484972357,0
actual,1745422922.6604538,394651.08542444994,4438791.377890744,0.19087873649581588,0
actual,1745422923.1374614,394651.08542444994,4438791.377890744,0.19181751419387855,0
actual,1745422923.137504,394651.08542444994,4438791.377890744,0.19181751419387855,0
actual,1745422924.8446112,394651.08542444994,4438791.377890744,0.19421168704859423,0
actual,1745422924.844658,394651.08542444994,4438791.377890744,0.19421168704859423,0
actual,1745422924.9509926,394651.08591212076,4438791.377880477,0.19462594094655514,0
actual,1745422926.1494484,394651.0868079576,4438791.376195566,0.19462594094655514,0
actual,1745422926.149493,394651.0868079576,4438791.376195566,0.19462594094655514,0
actual,1745422926.3636763,394651.0868079576,4438791.376195566,0.1940642765399707,0
actual,1745422926.3637245,394651.0868079576,4438791.376195566,0.1940642765399707,0
actual,1745422927.6638916,394651.0868079576,4438791.376195566,0.1940642765399707,0
actual,1745422927.6639383,394651.0868079576,4438791.376195566,0.1940642765399707,0
actual,1745422927.7906477,394651.08595976734,4438791.3784858165,0.19212762429537272,0
actual,1745422929.069632,394651.08595976734,4438791.3784858165,0.19212762429537272,0
actual,1745422929.0696924,394651.08595976734,4438791.3784858165,0.19212762429537272,0
actual,1745422930.1617372,394651.0850693022,4438791.377562373,0.19350767358821738,0
actual,1745422930.1617916,394651.0850693022,4438791.377562373,0.19350767358821738,0
actual,1745422937.963595,394651.08690750884,4438791.37625777,0.19350767358821738,0
actual,1745422937.963679,394651.08690750884,4438791.37625777,0.19350767358821738,0
actual,1745422942.6590426,394651.08690750884,4438791.37625777,0.19350767358821738,0
actual,1745422942.6590967,394651.08690750884,4438791.37625777,0.19350767358821738,0
actual,1745422944.956565,394651.08690750884,4438791.37625777,0.19297718076207349,0
actual,1745422945.3833904,394651.08861632127,4438791.377238671,0.19331512886513738,0
actual,1745422946.3310673,394651.08586934383,4438791.374992212,0.19078925346506612,0
actual,1745422946.3311183,394651.08586934383,4438791.374992212,0.19078925346506612,0
actual,1745422946.4883554,394651.08664738806,4438791.377013325,0.19341220407813325,0
actual,1745422946.5312052,394651.08805185347,4438791.377544675,0.19341220407813325,0
actual,1745422946.6311865,394651.08805185347,4438791.377544675,0.19341220407813325,0
actual,1745422946.7312903,394651.08805185347,4438791.377544675,0.19341220407813325,0
actual,1745422946.8312702,394651.0867685305,4438791.377559325,0.1917390790972938,0
actual,1745422946.9313092,394651.0867685305,4438791.377559325,0.1917390790972938,0
actual,1745422947.031316,394651.0867685305,4438791.377559325,0.1917390790972938,0
actual,1745422947.1312785,394651.0867685305,4438791.377559325,0.1917390790972938,0
actual,1745422947.231249,394651.0867685305,4438791.377559325,0.1917390790972938,0
actual,1745422947.33129,394651.0881010102,4438791.376330071,0.19443247119897142,0
actual,1745422947.4312673,394651.0881010102,4438791.376330071,0.19443247119897142,0
actual,1745422947.5312545,394651.0881010102,4438791.376330071,0.19443247119897142,0
actual,1745422947.638289,394651.0881010102,4438791.376330071,0.19443247119897142,0
actual,1745422947.7377079,394651.0881010102,4438791.376330071,0.19443247119897142,0
actual,1745422947.9034872,394651.0881010102,4438791.376330071,0.19443247119897142,0
actual,1745422947.9317026,394651.0863964837,4438791.377945599,0.19164945644020395,0
actual,1745422948.0462775,394651.0863964837,4438791.377945599,0.19164945644020395,0
actual,1745422948.1312501,394651.0863964837,4438791.377945599,0.19164945644020395,0
actual,1745422948.2312577,394651.0863964837,4438791.377945599,0.19164945644020395,0
actual,1745422948.3312523,394651.0879811831,4438791.376453306,0.1934505489617995,0
actual,1745422948.431287,394651.0879811831,4438791.376453306,0.1934505489617995,0
actual,1745422948.5312681,394651.0879811831,4438791.376453306,0.1934505489617995,0
actual,1745422948.6313124,394651.0879811831,4438791.376453306,0.1934505489617995,0
actual,1745422948.7312577,394651.0879811831,4438791.376453306,0.1934505489617995,0
actual,1745422948.8312628,394651.08497421676,4438791.377454634,0.1937789326605623,0
actual,1745422948.9312608,394651.08497421676,4438791.377454634,0.1937789326605623,0
actual,1745422949.0312643,394651.08497421676,4438791.377454634,0.1937789326605623,0
actual,1745422949.1312556,394651.08497421676,4438791.377454634,0.1937789326605623,0
actual,1745422949.23126,394651.08497421676,4438791.377454634,0.1937789326605623,0
actual,1745422949.3312883,394651.08639876137,4438791.380163484,0.1915759606254025,0
actual,1745422949.43128,394651.08639876137,4438791.380163484,0.1915759606254025,0
actual,1745422949.5312657,394651.08639876137,4438791.380163484,0.1915759606254025,0
actual,1745422949.6311927,394651.08639876137,4438791.380163484,0.1915759606254025,0
actual,1745422949.7312524,394651.08639876137,4438791.380163484,0.1915759606254025,0
actual,1745422949.831182,394651.08639876137,4438791.380163484,0.1915759606254025,0
actual,1745422949.9312787,394651.085931135,4438791.37691138,0.19317026653722175,0
actual,1745422950.03125,394651.085931135,4438791.37691138,0.19317026653722175,0
actual,1745422950.1312504,394651.085931135,4438791.37691138,0.19317026653722175,0
actual,1745422950.2312543,394651.085931135,4438791.37691138,0.19317026653722175,0
actual,1745422950.331239,394651.087270736,4438791.378149557,0.192006184286019,0
actual,1745422950.4312494,394651.087270736,4438791.378149557,0.192006184286019,0
actual,1745422950.5312502,394651.087270736,4438791.378149557,0.192006184286019,0
actual,1745422950.6312485,394651.087270736,4438791.378149557,0.192006184286019,0
actual,1745422950.731249,394651.087270736,4438791.378149557,0.192006184286019,0
actual,1745422950.8312502,394651.08825812745,4438791.377446674,0.19304348582035677,0
actual,1745422950.9312503,394651.08825812745,4438791.377446674,0.19304348582035677,0
actual,1745422951.0312567,394651.08825812745,4438791.377446674,0.19304348582035677,0
actual,1745422951.1312494,394651.08825812745,4438791.377446674,0.19304348582035677,0
actual,1745422951.231249,394651.08825812745,4438791.377446674,0.19304348582035677,0
actual,1745422951.3312511,394651.0854255477,4438791.378904795,0.1905676839165253,0
actual,1745422951.4312475,394651.0854255477,4438791.378904795,0.1905676839165253,0
actual,1745422951.5312593,394651.0854255477,4438791.378904795,0.1905676839165253,0
actual,1745422951.6312883,394651.0854255477,4438791.378904795,0.1905676839165253,0
actual,1745422951.7312617,394651.0854255477,4438791.378904795,0.1905676839165253,0
actual,1745422951.8312633,394651.0875436001,4438791.381073317,0.1898082911589826,0
actual,1745422951.9312675,394651.0875436001,4438791.381073317,0.1898082911589826,0
actual,1745422952.0312662,394651.0875436001,4438791.381073317,0.1898082911589826,0
actual,1745422952.1312847,394651.0875436001,4438791.381073317,0.1898082911589826,0
actual,1745422952.231267,394651.0875436001,4438791.381073317,0.1898082911589826,0
actual,1745422952.3312595,394651.0875436001,4438791.381073317,0.1898082911589826,0
actual,1745422952.431272,394651.0879660834,4438791.378005613,0.19136690508759863,0
actual,1745422952.531268,394651.0879660834,4438791.378005613,0.19136690508759863,0
actual,1745422952.6312883,394651.0879660834,4438791.378005613,0.19136690508759863,0
actual,1745422952.73128,394651.0879660834,4438791.378005613,0.19136690508759863,0
actual,1745422952.8312817,394651.0879660834,4438791.378005613,0.19136690508759863,0
actual,1745422952.9312663,394651.0879250173,4438791.377326443,0.19260060852266325,0
actual,1745422953.0312777,394651.0879250173,4438791.377326443,0.19260060852266325,0
actual,1745422953.1312804,394651.0879250173,4438791.377326443,0.19260060852266325,0
actual,1745422953.2311857,394651.0879250173,4438791.377326443,0.19260060852266325,0
actual,1745422953.33126,394651.08955873124,4438791.376025851,0.19239820268930957,0
actual,1745422953.4312596,394651.08955873124,4438791.376025851,0.19239820268930957,0
actual,1745422953.5312498,394651.08955873124,4438791.376025851,0.19239820268930957,0
actual,1745422953.6312497,394651.08955873124,4438791.376025851,0.19239820268930957,0
actual,1745422953.7312508,394651.08955873124,4438791.376025851,0.19239820268930957,0
actual,1745422953.8312845,394651.08547077974,4438791.3747195555,0.1937359102945006,0
actual,1745422953.9312477,394651.08547077974,4438791.3747195555,0.1937359102945006,0
actual,1745422954.0312502,394651.08547077974,4438791.3747195555,0.1937359102945006,0
actual,1745422954.1312454,394651.08547077974,4438791.3747195555,0.1937359102945006,0
actual,1745422954.231253,394651.08547077974,4438791.3747195555,0.1937359102945006,0
actual,1745422954.3312814,394651.0851680485,4438791.376673849,0.19158021922877727,0
actual,1745422954.4312868,394651.0851680485,4438791.376673849,0.19158021922877727,0
actual,1745422954.5312586,394651.0851680485,4438791.376673849,0.19158021922877727,0
actual,1745422954.6312547,394651.0851680485,4438791.376673849,0.19158021922877727,0
actual,1745422954.731256,394651.0851680485,4438791.376673849,0.19158021922877727,0
actual,1745422954.8312602,394651.0851771584,4438791.377689946,0.1912089702435856,0
actual,1745422954.9312747,394651.0851771584,4438791.377689946,0.1912089702435856,0
actual,1745422955.031271,394651.0851771584,4438791.377689946,0.1912089702435856,0
actual,1745422955.131256,394651.0851771584,4438791.377689946,0.1912089702435856,0
actual,1745422955.2312531,394651.0851771584,4438791.377689946,0.1912089702435856,0
actual,1745422955.3312566,394651.0861642469,4438791.378757335,0.19173508229330688,0
actual,1745422955.4312518,394651.0861642469,4438791.378757335,0.19173508229330688,0
actual,1745422955.5312722,394651.0861642469,4438791.378757335,0.19173508229330688,0
actual,1745422955.6312535,394651.0861642469,4438791.378757335,0.19173508229330688,0
actual,1745422955.7312832,394651.0861642469,4438791.378757335,0.19173508229330688,0
actual,1745422955.831353,394651.08802777075,4438791.378957753,0.18913637430354976,0
actual,1745422955.931288,394651.08802777075,4438791.378957753,0.18913637430354976,0
actual,1745422956.0312543,394651.08802777075,4438791.378957753,0.18913637430354976,0
actual,1745422956.131281,394651.08802777075,4438791.378957753,0.18913637430354976,0
actual,1745422956.2312512,394651.08802777075,4438791.378957753,0.18913637430354976,0
actual,1745422956.331257,394651.08802777075,4438791.378957753,0.18913637430354976,0
actual,1745422956.4312513,394651.08718448854,4438791.377144063,0.19069525003155366,0
actual,1745422956.5313206,394651.08718448854,4438791.377144063,0.19069525003155366,0
actual,1745422956.6312504,394651.08718448854,4438791.377144063,0.19069525003155366,0
actual,1745422956.731253,394651.08718448854,4438791.377144063,0.19069525003155366,0
actual,1745422956.831251,394651.08640708815,4438791.376548975,0.1893139964615252,0
actual,1745422956.9312506,394651.08640708815,4438791.376548975,0.1893139964615252,0
actual,1745422957.0312753,394651.08640708815,4438791.376548975,0.1893139964615252,0
actual,1745422957.1312482,394651.08640708815,4438791.376548975,0.1893139964615252,0
actual,1745422957.231248,394651.08640708815,4438791.376548975,0.1893139964615252,0
actual,1745422957.3312068,394651.08667053824,4438791.376799366,0.19141724038322605,0
actual,1745422957.431278,394651.08667053824,4438791.376799366,0.19141724038322605,0
actual,1745422957.531256,394651.08667053824,4438791.376799366,0.19141724038322605,0
actual,1745422957.6311905,394651.08667053824,4438791.376799366,0.19141724038322605,0
actual,1745422957.7312558,394651.08667053824,4438791.376799366,0.19141724038322605,0
actual,1745422957.8312528,394651.0873509936,4438791.376470257,0.19255440965736303,0
actual,1745422957.931286,394651.0873509936,4438791.376470257,0.19255440965736303,0
actual,1745422958.0312738,394651.0873509936,4438791.376470257,0.19255440965736303,0
actual,1745422958.1313648,394651.0873509936,4438791.376470257,0.19255440965736303,0
actual,1745422958.2312653,394651.0873509936,4438791.376470257,0.19255440965736303,0
actual,1745422958.3312578,394651.0873509936,4438791.376470257,0.19255440965736303,0
actual,1745422958.4312665,394651.08774767874,4438791.376591674,0.19206583963985235,0
actual,1745422958.5312583,394651.08774767874,4438791.376591674,0.19206583963985235,0
actual,1745422958.6312606,394651.08774767874,4438791.376591674,0.19206583963985235,0
actual,1745422958.73128,394651.08774767874,4438791.376591674,0.19206583963985235,0
actual,1745422958.8312871,394651.08671365574,4438791.376945363,0.19179779197333097,0
actual,1745422958.9312654,394651.08671365574,4438791.376945363,0.19179779197333097,0
actual,1745422959.0312774,394651.08671365574,4438791.376945363,0.19179779197333097,0
actual,1745422959.1312916,394651.08671365574,4438791.376945363,0.19179779197333097,0
actual,1745422959.2312796,394651.08671365574,4438791.376945363,0.19179779197333097,0
actual,1745422959.3312805,394651.0848244129,4438791.375972094,0.18993451337048686,0
actual,1745422959.4312592,394651.0848244129,4438791.375972094,0.18993451337048686,0
actual,1745422959.5312986,394651.0848244129,4438791.375972094,0.18993451337048686,0
actual,1745422959.6312556,394651.0848244129,4438791.375972094,0.18993451337048686,0
actual,1745422959.731281,394651.0848244129,4438791.375972094,0.18993451337048686,0
actual,1745422959.8312716,394651.08663817483,4438791.375942324,0.19220366829088234,0
actual,1745422959.931266,394651.08663817483,4438791.375942324,0.19220366829088234,0
actual,1745422960.0312831,394651.08663817483,4438791.375942324,0.19220366829088234,0
actual,1745422960.131251,394651.08663817483,4438791.375942324,0.19220366829088234,0
actual,1745422960.2312486,394651.08663817483,4438791.375942324,0.19220366829088234,0
actual,1745422960.3312511,394651.0858141168,4438791.377769113,0.18945582191654234,0
actual,1745422960.4312658,394651.0858141168,4438791.377769113,0.18945582191654234,0
actual,1745422960.5312674,394651.0858141168,4438791.377769113,0.18945582191654234,0
actual,1745422960.631254,394651.0858141168,4438791.377769113,0.18945582191654234,0
actual,1745422960.7313147,394651.0858141168,4438791.377769113,0.18945582191654234,0
actual,1745422960.8312523,394651.0858141168,4438791.377769113,0.18945582191654234,0
actual,1745422960.9312487,394651.08665641467,4438791.376935984,0.19069950863492846,0
actual,1745422961.0312533,394651.08665641467,4438791.376935984,0.19069950863492846,0
actual,1745422961.1312535,394651.08665641467,4438791.376935984,0.19069950863492846,0
actual,1745422961.2312584,394651.08665641467,4438791.376935984,0.19069950863492846,0
actual,1745422961.3313286,394651.08620277495,4438791.3766364,0.19268635654881378,0
actual,1745422961.4312615,394651.08620277495,4438791.3766364,0.19268635654881378,0
actual,1745422961.5312455,394651.08620277495,4438791.3766364,0.19268635654881378,0
actual,1745422961.631157,394651.08620277495,4438791.3766364,0.19268635654881378,0
actual,1745422961.7312517,394651.08620277495,4438791.3766364,0.19268635654881378,0
actual,1745422961.831305,394651.08759061585,4438791.376871392,0.1923543949250845,0
actual,1745422961.9312527,394651.08759061585,4438791.376871392,0.1923543949250845,0
actual,1745422962.0312583,394651.08759061585,4438791.376871392,0.1923543949250845,0
actual,1745422962.1312528,394651.08759061585,4438791.376871392,0.1923543949250845,0
actual,1745422962.2312934,394651.08759061585,4438791.376871392,0.1923543949250845,0
actual,1745422962.331199,394651.08759061585,4438791.376871392,0.1923543949250845,0
actual,1745422962.4312885,394651.08690205874,4438791.376082392,0.19161018653203402,0
actual,1745422962.531285,394651.08690205874,4438791.376082392,0.19161018653203402,0
actual,1745422962.6312551,394651.08690205874,4438791.376082392,0.19161018653203402,0
actual,1745422962.7312787,394651.08690205874,4438791.376082392,0.19161018653203402,0
actual,1745422962.8312516,394651.08690205874,4438791.376082392,0.19161018653203402,0
actual,1745422962.9312837,394651.0852371261,4438791.373699923,0.19303591109140314,0
actual,1745422963.0312564,394651.0852371261,4438791.373699923,0.19303591109140314,0
actual,1745422963.1312547,394651.0852371261,4438791.373699923,0.19303591109140314,0
actual,1745422963.2312489,394651.0852371261,4438791.373699923,0.19303591109140314,0
actual,1745422963.3312385,394651.08636808186,4438791.376252208,0.19358570725907398,0
actual,1745422963.431285,394651.08636808186,4438791.376252208,0.19358570725907398,0
actual,1745422963.5312488,394651.08636808186,4438791.376252208,0.19358570725907398,0
actual,1745422963.631296,394651.08636808186,4438791.376252208,0.19358570725907398,0
actual,1745422963.7313123,394651.08636808186,4438791.376252208,0.19358570725907398,0
actual,1745422963.8312829,394651.08636808186,4438791.376252208,0.19358570725907398,0
actual,1745422963.9312837,394651.08428710734,4438791.376876563,0.19237357609356384,0
actual,1745422964.0312564,394651.08428710734,4438791.376876563,0.19237357609356384,0
actual,1745422964.1312852,394651.08428710734,4438791.376876563,0.19237357609356384,0
actual,1745422964.2312818,394651.08428710734,4438791.376876563,0.19237357609356384,0
actual,1745422964.3312857,394651.08428710734,4438791.376876563,0.19237357609356384,0
actual,1745422964.431286,394651.0859298586,4438791.376440765,0.19351420111961973,0
actual,1745422964.5312052,394651.0859298586,4438791.376440765,0.19351420111961973,0
actual,1745422964.6312554,394651.0859298586,4438791.376440765,0.19351420111961973,0
actual,1745422964.7312558,394651.0859298586,4438791.376440765,0.19351420111961973,0
actual,1745422964.8312736,394651.0868689022,4438791.375096276,0.19253695636484303,0
actual,1745422964.9312594,394651.0868689022,4438791.375096276,0.19253695636484303,0
actual,1745422965.03128,394651.0868689022,4438791.375096276,0.19253695636484303,0
actual,1745422965.131262,394651.0868689022,4438791.375096276,0.19253695636484303,0
actual,1745422965.2312548,394651.0868689022,4438791.375096276,0.19253695636484303,0
actual,1745422965.3312697,394651.0868689022,4438791.375096276,0.19253695636484303,0
actual,1745422965.4312193,394651.0876753758,4438791.375535049,0.19258223020563978,0
actual,1745422965.5312557,394651.0876753758,4438791.375535049,0.19258223020563978,0
actual,1745422965.6313064,394651.0876753758,4438791.375535049,0.19258223020563978,0
actual,1745422965.7312455,394651.0876753758,4438791.375535049,0.19258223020563978,0
actual,1745422965.831249,394651.08501965425,4438791.378573519,0.18996221174571604,0
actual,1745422965.9312475,394651.08501965425,4438791.378573519,0.18996221174571604,0
actual,1745422966.0312915,394651.08501965425,4438791.378573519,0.18996221174571604,0
actual,1745422966.1313536,394651.08501965425,4438791.378573519,0.18996221174571604,0
actual,1745422966.2313638,394651.08501965425,4438791.378573519,0.18996221174571604,0
actual,1745422966.331267,394651.0871275478,4438791.378115551,0.19109805456962137,0
actual,1745422966.4313211,394651.0871275478,4438791.378115551,0.19109805456962137,0
actual,1745422966.5312552,394651.0871275478,4438791.378115551,0.19109805456962137,0
actual,1745422966.6312575,394651.0871275478,4438791.378115551,0.19109805456962137,0
actual,1745422966.7312567,394651.0871275478,4438791.378115551,0.19109805456962137,0
actual,1745422966.8312595,394651.08687706094,4438791.376140413,0.19170432959188677,0
actual,1745422966.9312515,394651.08687706094,4438791.376140413,0.19170432959188677,0
actual,1745422967.0312605,394651.08687706094,4438791.376140413,0.19170432959188677,0
actual,1745422967.131258,394651.08687706094,4438791.376140413,0.19170432959188677,0
actual,1745422967.231283,394651.08687706094,4438791.376140413,0.19170432959188677,0
actual,1745422967.3312585,394651.08687706094,4438791.376140413,0.19170432959188677,0
actual,1745422967.4312627,394651.0871565825,4438791.377190452,0.1907610314910612,0
actual,1745422967.5312583,394651.0871565825,4438791.377190452,0.1907610314910612,0
actual,1745422967.631268,394651.0871565825,4438791.377190452,0.1907610314910612,0
actual,1745422967.731252,394651.0871565825,4438791.377190452,0.1907610314910612,0
actual,1745422967.831258,394651.09020213305,4438791.376115794,0.1916615864785052,0
actual,1745422967.9312594,394651.09020213305,4438791.376115794,0.1916615864785052,0
actual,1745422968.031265,394651.09020213305,4438791.376115794,0.1916615864785052,0
actual,1745422968.1312623,394651.09020213305,4438791.376115794,0.1916615864785052,0
actual,1745422968.2312787,394651.09020213305,4438791.376115794,0.1916615864785052,0
actual,1745422968.3312743,394651.09020213305,4438791.376115794,0.1916615864785052,0
actual,1745422968.4312863,394651.0873470795,4438791.375368964,0.19217251416373404,0
actual,1745422968.5312815,394651.0873470795,4438791.375368964,0.19217251416373404,0
actual,1745422968.6312604,394651.0873470795,4438791.375368964,0.19217251416373404,0
actual,1745422968.7312498,394651.0873470795,4438791.375368964,0.19217251416373404,0
actual,1745422968.8312519,394651.0848794623,4438791.376692712,0.19186184555687913,0
actual,1745422968.9312148,394651.0848794623,4438791.376692712,0.19186184555687913,0
actual,1745422969.0313172,394651.0848794623,4438791.376692712,0.19186184555687913,0
actual,1745422969.1312523,394651.0848794623,4438791.376692712,0.19186184555687913,0
actual,1745422969.2312717,394651.0848794623,4438791.376692712,0.19186184555687913,0
actual,1745422969.331206,394651.0853488414,4438791.377215571,0.1931052704758774,0
actual,1745422969.4312565,394651.0853488414,4438791.377215571,0.1931052704758774,0
actual,1745422969.531254,394651.0853488414,4438791.377215571,0.1931052704758774,0
actual,1745422969.6312597,394651.0853488414,4438791.377215571,0.1931052704758774,0
actual,1745422969.7313027,394651.0853488414,4438791.377215571,0.1931052704758774,0
actual,1745422969.8312516,394651.0853488414,4438791.377215571,0.1931052704758774,0
actual,1745422969.9312506,394651.08559557074,4438791.376322739,0.19212402891711378,0
actual,1745422970.0311797,394651.08559557074,4438791.376322739,0.19212402891711378,0
actual,1745422970.13126,394651.08559557074,4438791.376322739,0.19212402891711378,0
actual,1745422970.2312784,394651.08559557074,4438791.376322739,0.19212402891711378,0
actual,1745422970.3312745,394651.08559557074,4438791.376322739,0.19212402891711378,0
actual,1745422970.4312565,394651.0876835467,4438791.375459122,0.19275493053512463,0
actual,1745422970.5312462,394651.0876835467,4438791.375459122,0.19275493053512463,0
actual,1745422970.631264,394651.0876835467,4438791.375459122,0.19275493053512463,0
actual,1745422970.7312624,394651.0876835467,4438791.375459122,0.19275493053512463,0
actual,1745422970.8311622,394651.0876835467,4438791.375459122,0.19275493053512463,0
actual,1745422970.931262,394651.0867515179,4438791.3762587765,0.19249314860061795,0
actual,1745422971.031269,394651.0867515179,4438791.3762587765,0.19249314860061795,0
actual,1745422971.1312504,394651.0867515179,4438791.3762587765,0.19249314860061795,0
actual,1745422971.2312565,394651.0867515179,4438791.3762587765,0.19249314860061795,0
actual,1745422971.3312776,394651.0871634963,4438791.377479694,0.19277557778017568,0
actual,1745422971.4312928,394651.0871634963,4438791.377479694,0.19277557778017568,0
actual,1745422971.5312686,394651.0871634963,4438791.377479694,0.19277557778017568,0
actual,1745422971.6312854,394651.0871634963,4438791.377479694,0.19277557778017568,0
actual,1745422971.7312841,394651.0871634963,4438791.377479694,0.19277557778017568,0
actual,1745422971.8312788,394651.0871634963,4438791.377479694,0.19277557778017568,0
actual,1745422971.9312897,394651.0851056996,4438791.377003258,0.1917326911922315,0
actual,1745422972.0312548,394651.0851056996,4438791.377003258,0.1917326911922315,0
actual,1745422972.131278,394651.0851056996,4438791.377003258,0.1917326911922315,0
actual,1745422972.231258,394651.0851056996,4438791.377003258,0.1917326911922315,0
actual,1745422972.3312724,394651.0851056996,4438791.377003258,0.1917326911922315,0
actual,1745422972.4312544,394651.08770759264,4438791.377031287,0.1942991804039968,0
actual,1745422972.5312555,394651.08770759264,4438791.377031287,0.1942991804039968,0
actual,1745422972.6312568,394651.08770759264,4438791.377031287,0.1942991804039968,0
actual,1745422972.7312062,394651.08770759264,4438791.377031287,0.1942991804039968,0
actual,1745422972.8312874,394651.08770759264,4438791.377031287,0.1942991804039968,0
actual,1745422972.9312532,394651.08568451036,4438791.376046135,0.19297677933634555,0
actual,1745422973.0312524,394651.08568451036,4438791.376046135,0.19297677933634555,0
actual,1745422973.1312506,394651.08568451036,4438791.376046135,0.19297677933634555,0
actual,1745422973.2312577,394651.08568451036,4438791.376046135,0.19297677933634555,0
actual,1745422973.3312614,394651.0864593617,4438791.3779985085,0.19336586558649274,0
actual,1745422973.4312782,394651.0864593617,4438791.3779985085,0.19336586558649274,0
actual,1745422973.5312688,394651.0864593617,4438791.3779985085,0.19336586558649274,0
actual,1745422973.6312878,394651.0864593617,4438791.3779985085,0.19336586558649274,0
actual,1745422973.7312462,394651.0864593617,4438791.3779985085,0.19336586558649274,0
actual,1745422973.8312821,394651.08615987666,4438791.374016025,0.19208182685580044,0
actual,1745422973.9312813,394651.08615987666,4438791.374016025,0.19208182685580044,0
actual,1745422974.0312893,394651.08615987666,4438791.374016025,0.19208182685580044,0
actual,1745422974.13131,394651.08615987666,4438791.374016025,0.19208182685580044,0
actual,1745422974.23127,394651.08615987666,4438791.374016025,0.19208182685580044,0
actual,1745422974.3312814,394651.0867286151,4438791.377048789,0.19286293150923794,0
actual,1745422974.431315,394651.0867286151,4438791.377048789,0.19286293150923794,0
actual,1745422974.5312314,394651.0867286151,4438791.377048789,0.19286293150923794,0
actual,1745422974.6312754,394651.0867286151,4438791.377048789,0.19286293150923794,0
actual,1745422974.7312584,394651.0867286151,4438791.377048789,0.19286293150923794,0
actual,1745422974.8312702,394651.08973022585,4438791.374482804,0.19351407894657216,0
actual,1745422974.93125,394651.08973022585,4438791.374482804,0.19351407894657216,0
actual,1745422975.0312498,394651.08973022585,4438791.374482804,0.19351407894657216,0
actual,1745422975.1312795,394651.08973022585,4438791.374482804,0.19351407894657216,0
actual,1745422975.2312758,394651.08973022585,4438791.374482804,0.19351407894657216,0
actual,1745422975.331248,394651.08973022585,4438791.374482804,0.19351407894657216,0
actual,1745422975.4312465,394651.08555469685,4438791.376606815,0.19283163775574982,0
actual,1745422975.5313034,394651.08555469685,4438791.376606815,0.19283163775574982,0
actual,1745422975.63128,394651.08555469685,4438791.376606815,0.19283163775574982,0
actual,1745422975.7312944,394651.08555469685,4438791.376606815,0.19283163775574982,0
actual,1745422975.8312542,394651.08555469685,4438791.376606815,0.19283163775574982,0
actual,1745422975.9312491,394651.0868391251,4438791.375738625,0.19429345572405007,0
actual,1745422976.0312512,394651.0868391251,4438791.375738625,0.19429345572405007,0
actual,1745422976.1312487,394651.0868391251,4438791.375738625,0.19429345572405007,0
actual,1745422976.2312624,394651.0868391251,4438791.375738625,0.19429345572405007,0
actual,1745422976.3312666,394651.0871144334,4438791.376112049,0.19204426737029762,0
actual,1745422976.4312336,394651.0871144334,4438791.376112049,0.19204426737029762,0
actual,1745422976.531171,394651.0871144334,4438791.376112049,0.19204426737029762,0
actual,1745422976.6312704,394651.0871144334,4438791.376112049,0.19204426737029762,0
actual,1745422976.7312603,394651.0871144334,4438791.376112049,0.19204426737029762,0
actual,1745422976.8312793,394651.0851491565,4438791.376209992,0.19164360958720966,0
actual,1745422976.931247,394651.0851491565,4438791.376209992,0.19164360958720966,0
actual,1745422977.0312521,394651.0851491565,4438791.376209992,0.19164360958720966,0
actual,1745422977.1312501,394651.0851491565,4438791.376209992,0.19164360958720966,0
actual,1745422977.2312648,394651.0851491565,4438791.376209992,0.19164360958720966,0
actual,1745422977.331261,394651.08552046353,4438791.37791499,0.18993732335058242,0
actual,1745422977.4313328,394651.08552046353,4438791.37791499,0.18993732335058242,0
actual,1745422977.531331,394651.08552046353,4438791.37791499,0.18993732335058242,0
actual,1745422977.6312857,394651.08552046353,4438791.37791499,0.18993732335058242,0
actual,1745422977.7312803,394651.08552046353,4438791.37791499,0.18993732335058242,0
actual,1745422977.831326,394651.08552046353,4438791.37791499,0.18993732335058242,0
actual,1745422977.9312418,394651.08528398944,4438791.374152072,0.19220419188965787,0
actual,1745422978.031254,394651.08528398944,4438791.374152072,0.19220419188965787,0
actual,1745422978.131267,394651.08528398944,4438791.374152072,0.19220419188965787,0
actual,1745422978.2312527,394651.08528398944,4438791.374152072,0.19220419188965787,0
actual,1745422978.3313167,394651.0861695968,4438791.37595159,0.19258036270334014,0
actual,1745422978.4312494,394651.0861695968,4438791.37595159,0.19258036270334014,0
actual,1745422978.531254,394651.0861695968,4438791.37595159,0.19258036270334014,0
actual,1745422978.631257,394651.0861695968,4438791.37595159,0.19258036270334014,0
actual,1745422978.7312534,394651.0861695968,4438791.37595159,0.19258036270334014,0
actual,1745422978.8312843,394651.0861695968,4438791.37595159,0.19258036270334014,0
actual,1745422978.9312572,394651.0847926275,4438791.375866994,0.1934409671042059,0
actual,1745422979.0312636,394651.0847926275,4438791.375866994,0.1934409671042059,0
actual,1745422979.131254,394651.0847926275,4438791.375866994,0.1934409671042059,0
actual,1745422979.2312565,394651.0847926275,4438791.375866994,0.1934409671042059,0
actual,1745422979.3312526,394651.0853149579,4438791.37571836,0.19319728423404262,0
actual,1745422979.4311914,394651.0853149579,4438791.37571836,0.19319728423404262,0
actual,1745422979.5312552,394651.0853149579,4438791.37571836,0.19319728423404262,0
actual,1745422979.6312587,394651.0853149579,4438791.37571836,0.19319728423404262,0
actual,1745422979.7312574,394651.0853149579,4438791.37571836,0.19319728423404262,0
actual,1745422979.8312874,394651.08652300364,4438791.377187367,0.19112428686827884,0
actual,1745422979.9312522,394651.08652300364,4438791.377187367,0.19112428686827884,0
actual,1745422980.0312498,394651.08652300364,4438791.377187367,0.19112428686827884,0
actual,1745422980.1312528,394651.08652300364,4438791.377187367,0.19112428686827884,0
actual,1745422980.2312503,394651.08652300364,4438791.377187367,0.19112428686827884,0
actual,1745422980.3312495,394651.08652300364,4438791.377187367,0.19112428686827884,0
actual,1745422980.431254,394651.0855930902,4438791.377967511,0.19047526873263212,0
actual,1745422980.5312877,394651.0855930902,4438791.377967511,0.19047526873263212,0
actual,1745422980.6312594,394651.0855930902,4438791.377967511,0.19047526873263212,0
actual,1745422980.7312765,394651.0855930902,4438791.377967511,0.19047526873263212,0
actual,1745422980.8312542,394651.0844189833,4438791.374305459,0.19000722378712492,0
actual,1745422980.931284,394651.0844189833,4438791.374305459,0.19000722378712492,0
actual,1745422981.0312479,394651.0844189833,4438791.374305459,0.19000722378712492,0
actual,1745422981.1312788,394651.0844189833,4438791.374305459,0.19000722378712492,0
actual,1745422981.2312498,394651.0844189833,4438791.374305459,0.19000722378712492,0
actual,1745422981.3312504,394651.0844189833,4438791.374305459,0.19000722378712492,0
actual,1745422981.4312503,394651.08450762567,4438791.37476596,0.19013758242895637,0
actual,1745422981.5312498,394651.08450762567,4438791.37476596,0.19013758242895637,0
actual,1745422981.6312752,394651.08450762567,4438791.37476596,0.19013758242895637,0
actual,1745422981.731281,394651.08450762567,4438791.37476596,0.19013758242895637,0
actual,1745422981.831282,394651.08363337483,4438791.378021968,0.18970468841458413,0
actual,1745422981.9312932,394651.08363337483,4438791.378021968,0.18970468841458413,0
actual,1745422982.031275,394651.08363337483,4438791.378021968,0.18970468841458413,0
actual,1745422982.1312878,394651.08363337483,4438791.378021968,0.18970468841458413,0
actual,1745422982.2312958,394651.08363337483,4438791.378021968,0.18970468841458413,0
actual,1745422982.3312511,394651.08363337483,4438791.378021968,0.18970468841458413,0
actual,1745422982.4312546,394651.0832636284,4438791.375596541,0.18942798391497312,0
actual,1745422982.5312555,394651.0832636284,4438791.375596541,0.18942798391497312,0
actual,1745422982.6312494,394651.0832636284,4438791.375596541,0.18942798391497312,0
actual,1745422982.7312815,394651.0832636284,4438791.375596541,0.18942798391497312,0
actual,1745422982.8312516,394651.08245283883,4438791.378153483,0.18784500518999925,0
actual,1745422982.931251,394651.08245283883,4438791.378153483,0.18784500518999925,0
actual,1745422983.0312548,394651.08245283883,4438791.378153483,0.18784500518999925,0
actual,1745422983.131286,394651.08245283883,4438791.378153483,0.18784500518999925,0
actual,1745422983.231283,394651.08245283883,4438791.378153483,0.18784500518999925,0
actual,1745422983.3312502,394651.08182428265,4438791.377794709,0.18842637436383855,0
actual,1745422983.431279,394651.08182428265,4438791.377794709,0.18842637436383855,0
actual,1745422983.5312877,394651.08182428265,4438791.377794709,0.18842637436383855,0
actual,1745422983.631253,394651.08182428265,4438791.377794709,0.18842637436383855,0
actual,1745422983.7312508,394651.08182428265,4438791.377794709,0.18842637436383855,0
actual,1745422983.8312747,394651.08249526855,4438791.3793799775,0.187593607964542,0
actual,1745422983.9312534,394651.08249526855,4438791.3793799775,0.187593607964542,0
actual,1745422984.0312676,394651.08249526855,4438791.3793799775,0.187593607964542,0
actual,1745422984.1312504,394651.08249526855,4438791.3793799775,0.187593607964542,0
actual,1745422984.2311838,394651.08249526855,4438791.3793799775,0.187593607964542,0
actual,1745422984.331247,394651.08249526855,4438791.3793799775,0.187593607964542,0
actual,1745422984.4312484,394651.0808060526,4438791.378117961,0.18900852893584127,0
actual,1745422984.5312755,394651.0808060526,4438791.378117961,0.18900852893584127,0
actual,1745422984.6312563,394651.0808060526,4438791.378117961,0.18900852893584127,0
actual,1745422984.7312834,394651.0808060526,4438791.378117961,0.18900852893584127,0
actual,1745422984.8312523,394651.080614259,4438791.380371802,0.1881816268428315,0
actual,1745422984.9311612,394651.080614259,4438791.380371802,0.1881816268428315,0
actual,1745422985.031251,394651.080614259,4438791.380371802,0.1881816268428315,0
actual,1745422985.1312764,394651.080614259,4438791.380371802,0.1881816268428315,0
actual,1745422985.2312925,394651.080614259,4438791.380371802,0.1881816268428315,0
actual,1745422985.3312018,394651.080614259,4438791.380371802,0.1881816268428315,0
actual,1745422985.4312632,394651.08172187756,4438791.3804326095,0.18697574395604336,0
actual,1745422985.5312686,394651.08172187756,4438791.3804326095,0.18697574395604336,0
actual,1745422985.631267,394651.08172187756,4438791.3804326095,0.18697574395604336,0
actual,1745422985.7312658,394651.08172187756,4438791.3804326095,0.18697574395604336,0
actual,1745422985.831188,394651.07968872035,4438791.378753061,0.18862556879136874,0
actual,1745422985.931252,394651.07968872035,4438791.378753061,0.18862556879136874,0
actual,1745422986.0313022,394651.07968872035,4438791.378753061,0.18862556879136874,0
actual,1745422986.1312516,394651.07968872035,4438791.378753061,0.18862556879136874,0
actual,1745422986.2312572,394651.07968872035,4438791.378753061,0.18862556879136874,0
actual,1745422986.3312624,394651.07968872035,4438791.378753061,0.18862556879136874,0
actual,1745422986.431233,394651.08035208855,4438791.37839528,0.18716097574955762,0
actual,1745422986.5312834,394651.08035208855,4438791.37839528,0.18716097574955762,0
actual,1745422986.6312516,394651.08035208855,4438791.37839528,0.18716097574955762,0
actual,1745422986.7312448,394651.08035208855,4438791.37839528,0.18716097574955762,0
actual,1745422986.831301,394651.0809200471,4438791.378507301,0.18590861474478915,0
actual,1745422986.9312832,394651.0809200471,4438791.378507301,0.18590861474478915,0
actual,1745422987.0313017,394651.0809200471,4438791.378507301,0.18590861474478915,0
actual,1745422987.1312768,394651.0809200471,4438791.378507301,0.18590861474478915,0
actual,1745422987.2312856,394651.0809200471,4438791.378507301,0.18590861474478915,0
actual,1745422987.3312826,394651.0809200471,4438791.378507301,0.18590861474478915,0
actual,1745422987.4312754,394651.0819080077,4438791.378719911,0.1868601682529764,0
actual,1745422987.5312762,394651.0819080077,4438791.378719911,0.1868601682529764,0
actual,1745422987.6312518,394651.0819080077,4438791.378719911,0.1868601682529764,0
actual,1745422987.7312565,394651.0819080077,4438791.378719911,0.1868601682529764,0
actual,1745422987.8312502,394651.07973785687,4438791.378491562,0.18775138572892225,0
actual,1745422987.9312499,394651.07973785687,4438791.378491562,0.18775138572892225,0
actual,1745422988.031249,394651.07973785687,4438791.378491562,0.18775138572892225,0
actual,1745422988.1312485,394651.07973785687,4438791.378491562,0.18775138572892225,0
actual,1745422988.2312489,394651.07973785687,4438791.378491562,0.18775138572892225,0
actual,1745422988.3312502,394651.08265204466,4438791.378303222,0.1889820348377959,0
actual,1745422988.4312525,394651.08265204466,4438791.378303222,0.1889820348377959,0
actual,1745422988.5312548,394651.08265204466,4438791.378303222,0.1889820348377959,0
actual,1745422988.631267,394651.08265204466,4438791.378303222,0.1889820348377959,0
actual,1745422988.7312686,394651.08265204466,4438791.378303222,0.1889820348377959,0
actual,1745422988.8312647,394651.08014630474,4438791.377646457,0.18727747647712825,0
actual,1745422988.931262,394651.08014630474,4438791.377646457,0.18727747647712825,0
actual,1745422989.0312574,394651.08014630474,4438791.377646457,0.18727747647712825,0
actual,1745422989.1312485,394651.08014630474,4438791.377646457,0.18727747647712825,0
actual,1745422989.2312634,394651.08014630474,4438791.377646457,0.18727747647712825,0
actual,1745422989.331254,394651.08014630474,4438791.377646457,0.18727747647712825,0
actual,1745422989.4312947,394651.08028049726,4438791.3781657955,0.18789080262957153,0
actual,1745422989.5312526,394651.08028049726,4438791.3781657955,0.18789080262957153,0
actual,1745422989.6313143,394651.08028049726,4438791.3781657955,0.18789080262957153,0
actual,1745422989.7312796,394651.08028049726,4438791.3781657955,0.18789080262957153,0
actual,1745422989.8312573,394651.08139036247,4438791.376696012,0.189111608081464,0
actual,1745422989.93128,394651.08139036247,4438791.376696012,0.189111608081464,0
actual,1745422990.0312872,394651.08139036247,4438791.376696012,0.189111608081464,0
actual,1745422990.1312835,394651.08139036247,4438791.376696012,0.189111608081464,0
actual,1745422990.2312527,394651.08139036247,4438791.376696012,0.189111608081464,0
actual,1745422990.331249,394651.08139036247,4438791.376696012,0.189111608081464,0
actual,1745422990.4312458,394651.0811515869,4438791.377949971,0.18727908218004002,0
actual,1745422990.5312495,394651.0811515869,4438791.377949971,0.18727908218004002,0
actual,1745422990.6312,394651.0811515869,4438791.377949971,0.18727908218004002,0
actual,1745422990.7312217,394651.0811515869,4438791.377949971,0.18727908218004002,0
actual,1745422990.831251,394651.0819399833,4438791.3782464955,0.1863561695248781,0
actual,1745422990.9312687,394651.0819399833,4438791.3782464955,0.1863561695248781,0
actual,1745422991.0312798,394651.0819399833,4438791.3782464955,0.1863561695248781,0
actual,1745422991.1313224,394651.0819399833,4438791.3782464955,0.1863561695248781,0
actual,1745422991.231285,394651.0819399833,4438791.3782464955,0.1863561695248781,0
actual,1745422991.331286,394651.0822982532,4438791.376114402,0.19025396098347944,0
actual,1745422991.4312544,394651.0822982532,4438791.376114402,0.19025396098347944,0
actual,1745422991.531251,394651.0822982532,4438791.376114402,0.19025396098347944,0
actual,1745422991.6312885,394651.0822982532,4438791.376114402,0.19025396098347944,0
actual,1745422991.7312531,394651.0822982532,4438791.376114402,0.19025396098347944,0
actual,1745422991.8312504,394651.08152139216,4438791.377235279,0.1892277073833067,0
actual,1745422991.9312918,394651.08152139216,4438791.377235279,0.1892277073833067,0
actual,1745422992.0313122,394651.08152139216,4438791.377235279,0.1892277073833067,0
actual,1745422992.1312494,394651.08152139216,4438791.377235279,0.1892277073833067,0
actual,1745422992.231261,394651.08152139216,4438791.377235279,0.1892277073833067,0
actual,1745422992.3312547,394651.08152139216,4438791.377235279,0.1892277073833067,0
actual,1745422992.4312754,394651.07885030686,4438791.375262641,0.18925528358548827,0
actual,1745422992.5312622,394651.07885030686,4438791.375262641,0.18925528358548827,0
actual,1745422992.631251,394651.07885030686,4438791.375262641,0.18925528358548827,0
actual,1745422992.7312503,394651.07885030686,4438791.375262641,0.18925528358548827,0
actual,1745422992.8313022,394651.0786063054,4438791.376488213,0.187710387944793,0
actual,1745422992.9312518,394651.0786063054,4438791.376488213,0.187710387944793,0
actual,1745422993.0313103,394651.0786063054,4438791.376488213,0.187710387944793,0
actual,1745422993.1313164,394651.0786063054,4438791.376488213,0.187710387944793,0
actual,1745422993.2313771,394651.0786063054,4438791.376488213,0.187710387944793,0
actual,1745422993.3313,394651.07945507264,4438791.37714829,0.18923863314442413,0
actual,1745422993.4312847,394651.07945507264,4438791.37714829,0.18923863314442413,0
actual,1745422993.5313165,394651.07945507264,4438791.37714829,0.18923863314442413,0
actual,1745422993.6313016,394651.07945507264,4438791.37714829,0.18923863314442413,0
actual,1745422993.73128,394651.07945507264,4438791.37714829,0.18923863314442413,0
actual,1745422993.8312538,394651.078690712,4438791.375010963,0.19143307051954161,0
actual,1745422993.9313157,394651.078690712,4438791.375010963,0.19143307051954161,0
actual,1745422994.0312505,394651.078690712,4438791.375010963,0.19143307051954161,0
actual,1745422994.1312494,394651.078690712,4438791.375010963,0.19143307051954161,0
actual,1745422994.2313857,394651.078690712,4438791.375010963,0.19143307051954161,0
actual,1745422994.3312564,394651.0788626472,4438791.376806224,0.18880587875639215,0
actual,1745422994.4312491,394651.0788626472,4438791.376806224,0.18880587875639215,0
actual,1745422994.5312212,394651.0788626472,4438791.376806224,0.18880587875639215,0
actual,1745422994.631251,394651.0788626472,4438791.376806224,0.18880587875639215,0
actual,1745422994.7312613,394651.0788626472,4438791.376806224,0.18880587875639215,0
actual,1745422994.8312492,394651.0788626472,4438791.376806224,0.18880587875639215,0
actual,1745422994.9313104,394651.08092081395,4438791.377299146,0.1888367710841526,0
actual,1745422995.0313005,394651.08092081395,4438791.377299146,0.1888367710841526,0
actual,1745422995.1312892,394651.08092081395,4438791.377299146,0.1888367710841526,0
actual,1745422995.2312694,394651.08092081395,4438791.377299146,0.1888367710841526,0
actual,1745422995.3312535,394651.081969689,4438791.3773283195,0.18891785908120015,0
actual,1745422995.431217,394651.081969689,4438791.3773283195,0.18891785908120015,0
actual,1745422995.531249,394651.081969689,4438791.3773283195,0.18891785908120015,0
actual,1745422995.6312566,394651.081969689,4438791.3773283195,0.18891785908120015,0
actual,1745422995.7312698,394651.081969689,4438791.3773283195,0.18891785908120015,0
actual,1745422995.8312635,394651.0805002882,4438791.377637986,0.18917019878445357,0
actual,1745422995.9312665,394651.0805002882,4438791.377637986,0.18917019878445357,0
actual,1745422996.031259,394651.0805002882,4438791.377637986,0.18917019878445357,0
actual,1745422996.1312597,394651.0805002882,4438791.377637986,0.18917019878445357,0
actual,1745422996.231281,394651.0805002882,4438791.377637986,0.18917019878445357,0
actual,1745422996.3312752,394651.0807309089,4438791.37594377,0.19037128201579845,0
actual,1745422996.4312787,394651.0807309089,4438791.37594377,0.19037128201579845,0
actual,1745422996.531281,394651.0807309089,4438791.37594377,0.19037128201579845,0
actual,1745422996.6311593,394651.0807309089,4438791.37594377,0.19037128201579845,0
actual,1745422996.7311966,394651.0807309089,4438791.37594377,0.19037128201579845,0
actual,1745422996.8312483,394651.08049844747,4438791.378207322,0.18844820843278093,0
actual,1745422996.9312534,394651.08049844747,4438791.378207322,0.18844820843278093,0
actual,1745422997.031258,394651.08049844747,4438791.378207322,0.18844820843278093,0
actual,1745422997.1312573,394651.08049844747,4438791.378207322,0.18844820843278093,0
actual,1745422997.2312741,394651.08049844747,4438791.378207322,0.18844820843278093,0
actual,1745422997.3312857,394651.0820613583,4438791.378289563,0.18825845623650425,0
actual,1745422997.4312792,394651.0820613583,4438791.378289563,0.18825845623650425,0
actual,1745422997.5312586,394651.0820613583,4438791.378289563,0.18825845623650425,0
actual,1745422997.6312473,394651.0820613583,4438791.378289563,0.18825845623650425,0
actual,1745422997.7312603,394651.0820613583,4438791.378289563,0.18825845623650425,0
actual,1745422997.8312585,394651.07950026647,4438791.377076069,0.18840560494573994,0
actual,1745422997.9312565,394651.07950026647,4438791.377076069,0.18840560494573994,0
actual,1745422998.0312507,394651.07950026647,4438791.377076069,0.18840560494573994,0
actual,1745422998.1312819,394651.07950026647,4438791.377076069,0.18840560494573994,0
actual,1745422998.231305,394651.07950026647,4438791.377076069,0.18840560494573994,0
actual,1745422998.3312562,394651.07769047725,4438791.377599074,0.1887755100274075,0
actual,1745422998.4312754,394651.07769047725,4438791.377599074,0.1887755100274075,0
actual,1745422998.531251,394651.07769047725,4438791.377599074,0.1887755100274075,0
actual,1745422998.631252,394651.07769047725,4438791.377599074,0.1887755100274075,0
actual,1745422998.7313073,394651.07769047725,4438791.377599074,0.1887755100274075,0
actual,1745422998.8313055,394651.0792358903,4438791.377451711,0.1882424864738484,0
actual,1745422998.9312553,394651.0792358903,4438791.377451711,0.1882424864738484,0
actual,1745422999.0312567,394651.0792358903,4438791.377451711,0.1882424864738484,0
actual,1745422999.1312697,394651.0792358903,4438791.377451711,0.1882424864738484,0
actual,1745422999.231357,394651.0792358903,4438791.377451711,0.1882424864738484,0
actual,1745422999.3312755,394651.0775865234,4438791.376859581,0.18806217650882498,0
actual,1745422999.431253,394651.0775865234,4438791.376859581,0.18806217650882498,0
actual,1745422999.5312483,394651.0775865234,4438791.376859581,0.18806217650882498,0
actual,1745422999.6312776,394651.0775865234,4438791.376859581,0.18806217650882498,0
actual,1745422999.7312782,394651.0775865234,4438791.376859581,0.18806217650882498,0
actual,1745422999.831271,394651.08012235706,4438791.376946445,0.18837005258887676,0
actual,1745422999.9312818,394651.08012235706,4438791.376946445,0.18837005258887676,0
actual,1745423000.031281,394651.08012235706,4438791.376946445,0.18837005258887676,0
actual,1745423000.1312256,394651.08012235706,4438791.376946445,0.18837005258887676,0
actual,1745423000.2312503,394651.08012235706,4438791.376946445,0.18837005258887676,0
actual,1745423000.331253,394651.07964740496,4438791.377290102,0.18842996974209775,0
actual,1745423000.431251,394651.07964740496,4438791.377290102,0.18842996974209775,0
actual,1745423000.5312526,394651.07964740496,4438791.377290102,0.18842996974209775,0
actual,1745423000.631281,394651.07964740496,4438791.377290102,0.18842996974209775,0
actual,1745423000.7313426,394651.07964740496,4438791.377290102,0.18842996974209775,0
actual,1745423000.831227,394651.0795479639,4438791.378081385,0.1892435549729147,0
actual,1745423000.931258,394651.0795479639,4438791.378081385,0.1892435549729147,0
actual,1745423001.0312972,394651.0795479639,4438791.378081385,0.1892435549729147,0
actual,1745423001.1311815,394651.0795479639,4438791.378081385,0.1892435549729147,0
actual,1745423001.2312484,394651.0795479639,4438791.378081385,0.1892435549729147,0
actual,1745423001.3312535,394651.0784117609,4438791.37924635,0.18792010670771242,0
actual,1745423001.4312718,394651.0784117609,4438791.37924635,0.18792010670771242,0
actual,1745423001.5312483,394651.0784117609,4438791.37924635,0.18792010670771242,0
actual,1745423001.631251,394651.0784117609,4438791.37924635,0.18792010670771242,0
actual,1745423001.7312558,394651.0784117609,4438791.37924635,0.18792010670771242,0
actual,1745423001.831258,394651.07793345355,4438791.3788542105,0.18768813499682996,0
actual,1745423001.9312568,394651.07793345355,4438791.3788542105,0.18768813499682996,0
actual,1745423002.031258,394651.07793345355,4438791.3788542105,0.18768813499682996,0
actual,1745423002.1312814,394651.07793345355,4438791.3788542105,0.18768813499682996,0
actual,1745423002.231282,394651.07793345355,4438791.3788542105,0.18768813499682996,0
actual,1745423002.331281,394651.07793345355,4438791.3788542105,0.18768813499682996,0
actual,1745423002.431278,394651.0795727659,4438791.379233972,0.1872123756960288,0
actual,1745423002.5312798,394651.0795727659,4438791.379233972,0.1872123756960288,0
actual,1745423002.631252,394651.0795727659,4438791.379233972,0.1872123756960288,0
actual,1745423002.7312515,394651.0795727659,4438791.379233972,0.1872123756960288,0
actual,1745423002.8312516,394651.0795306326,4438791.3792076865,0.18741197154928693,0
actual,1745423002.9312801,394651.0795306326,4438791.3792076865,0.18741197154928693,0
actual,1745423003.031282,394651.0795306326,4438791.3792076865,0.18741197154928693,0
actual,1745423003.1312943,394651.0795306326,4438791.3792076865,0.18741197154928693,0
actual,1745423003.23128,394651.0795306326,4438791.3792076865,0.18741197154928693,0
actual,1745423003.3312967,394651.0795306326,4438791.3792076865,0.18741197154928693,0
actual,1745423003.431277,394651.0790010206,4438791.3797712345,0.18950734403606134,0
actual,1745423003.5312753,394651.0790010206,4438791.3797712345,0.18950734403606134,0
actual,1745423003.6312492,394651.0790010206,4438791.3797712345,0.18950734403606134,0
actual,1745423003.7311726,394651.0790010206,4438791.3797712345,0.18950734403606134,0
actual,1745423003.83125,394651.07861532987,4438791.37657054,0.18892051198166318,0
actual,1745423003.931269,394651.07861532987,4438791.37657054,0.18892051198166318,0
actual,1745423004.0312662,394651.07861532987,4438791.37657054,0.18892051198166318,0
actual,1745423004.1312692,394651.07861532987,4438791.37657054,0.18892051198166318,0
actual,1745423004.2312593,394651.07861532987,4438791.37657054,0.18892051198166318,0
actual,1745423004.3312511,394651.07861532987,4438791.37657054,0.18892051198166318,0
actual,1745423004.4312525,394651.08011063165,4438791.376550648,0.18833942206050422,0
actual,1745423004.5312467,394651.08011063165,4438791.376550648,0.18833942206050422,0
actual,1745423004.6312516,394651.08011063165,4438791.376550648,0.18833942206050422,0
actual,1745423004.7312667,394651.08011063165,4438791.376550648,0.18833942206050422,0
actual,1745423004.8312573,394651.0803943229,4438791.378480527,0.18754526234426178,0
actual,1745423004.9312549,394651.0803943229,4438791.378480527,0.18754526234426178,0
actual,1745423005.031251,394651.0803943229,4438791.378480527,0.18754526234426178,0
actual,1745423005.1312516,394651.0803943229,4438791.378480527,0.18754526234426178,0
actual,1745423005.2312496,394651.0803943229,4438791.378480527,0.18754526234426178,0
actual,1745423005.331251,394651.0816216002,4438791.379708125,0.18865646111912893,0
actual,1745423005.4312615,394651.0816216002,4438791.379708125,0.18865646111912893,0
actual,1745423005.5312555,394651.0816216002,4438791.379708125,0.18865646111912893,0
actual,1745423005.6312597,394651.0816216002,4438791.379708125,0.18865646111912893,0
actual,1745423005.7312548,394651.0816216002,4438791.379708125,0.18865646111912893,0
actual,1745423005.8312585,394651.0793272589,4438791.37649875,0.18788933655299983,0
actual,1745423005.9312546,394651.0793272589,4438791.37649875,0.18788933655299983,0
actual,1745423006.0312552,394651.0793272589,4438791.37649875,0.18788933655299983,0
actual,1745423006.131273,394651.0793272589,4438791.37649875,0.18788933655299983,0
actual,1745423006.2312558,394651.0793272589,4438791.37649875,0.18788933655299983,0
actual,1745423006.3312676,394651.0793272589,4438791.37649875,0.18788933655299983,0
actual,1745423006.4312239,394651.07961898315,4438791.376826224,0.188239554320705,0
actual,1745423006.5312502,394651.07961898315,4438791.376826224,0.188239554320705,0
actual,1745423006.6312191,394651.07961898315,4438791.376826224,0.188239554320705,0
actual,1745423006.7312598,394651.07961898315,4438791.376826224,0.188239554320705,0
actual,1745423006.8312774,394651.0804494665,4438791.374691685,0.18891279762636926,0
actual,1745423006.9312623,394651.0804494665,4438791.374691685,0.18891279762636926,0
actual,1745423007.0312603,394651.0804494665,4438791.374691685,0.18891279762636926,0
actual,1745423007.1312509,394651.0804494665,4438791.374691685,0.18891279762636926,0
actual,1745423007.2312593,394651.0804494665,4438791.374691685,0.18891279762636926,0
actual,1745423007.331205,394651.08138989634,4438791.375440098,0.19013079309816613,0
actual,1745423007.4312522,394651.08138989634,4438791.375440098,0.19013079309816613,0
actual,1745423007.5312808,394651.08138989634,4438791.375440098,0.19013079309816613,0
actual,1745423007.6312842,394651.08138989634,4438791.375440098,0.19013079309816613,0
actual,1745423007.731253,394651.08138989634,4438791.375440098,0.19013079309816613,0
actual,1745423007.8312495,394651.07897000364,4438791.375948104,0.18949483002532438,0
actual,1745423007.931277,394651.07897000364,4438791.375948104,0.18949483002532438,0
actual,1745423008.031279,394651.07897000364,4438791.375948104,0.18949483002532438,0
actual,1745423008.1312482,394651.07897000364,4438791.375948104,0.18949483002532438,0
actual,1745423008.2311623,394651.07897000364,4438791.375948104,0.18949483002532438,0
actual,1745423008.3312519,394651.08005554194,4438791.376037629,0.18874409410087156,0
actual,1745423008.431257,394651.08005554194,4438791.376037629,0.18874409410087156,0
actual,1745423008.531278,394651.08005554194,4438791.376037629,0.18874409410087156,0
actual,1745423008.6312819,394651.08005554194,4438791.376037629,0.18874409410087156,0
actual,1745423008.7312677,394651.08005554194,4438791.376037629,0.18874409410087156,0
actual,1745423008.831272,394651.07764583186,4438791.377153383,0.18747082405166415,0
actual,1745423008.9312725,394651.07764583186,4438791.377153383,0.18747082405166415,0
actual,1745423009.031253,394651.07764583186,4438791.377153383,0.18747082405166415,0
actual,1745423009.13127,394651.07764583186,4438791.377153383,0.18747082405166415,0
actual,1745423009.2312562,394651.07764583186,4438791.377153383,0.18747082405166415,0
actual,1745423009.3312516,394651.0786914432,4438791.377782276,0.18921041117041945,0
actual,1745423009.4312494,394651.0786914432,4438791.377782276,0.18921041117041945,0
actual,1745423009.5312645,394651.0786914432,4438791.377782276,0.18921041117041945,0
actual,1745423009.6312745,394651.0786914432,4438791.377782276,0.18921041117041945,0
actual,1745423009.7312808,394651.0786914432,4438791.377782276,0.18921041117041945,0
actual,1745423009.8312519,394651.0786914432,4438791.377782276,0.18921041117041945,0
actual,1745423009.9312837,394651.0794691016,4438791.376360811,0.18949989148015528,0
actual,1745423010.0312543,394651.0794691016,4438791.376360811,0.18949989148015528,0
actual,1745423010.1312535,394651.0794691016,4438791.376360811,0.18949989148015528,0
actual,1745423010.2312834,394651.0794691016,4438791.376360811,0.18949989148015528,0
actual,1745423010.331281,394651.0796665949,4438791.378155317,0.18749400202413066,0
actual,1745423010.431252,394651.0796665949,4438791.378155317,0.18749400202413066,0
actual,1745423010.5312839,394651.0796665949,4438791.378155317,0.18749400202413066,0
actual,1745423010.631286,394651.0796665949,4438791.378155317,0.18749400202413066,0
actual,1745423010.7312841,394651.0796665949,4438791.378155317,0.18749400202413066,0
actual,1745423010.8312776,394651.0796665949,4438791.378155317,0.18749400202413066,0
actual,1745423010.9312704,394651.0798721869,4438791.377992695,0.1881483434139959,0
actual,1745423011.0312755,394651.0798721869,4438791.377992695,0.1881483434139959,0
actual,1745423011.1312811,394651.0798721869,4438791.377992695,0.1881483434139959,0
actual,1745423011.2312725,394651.0798721869,4438791.377992695,0.1881483434139959,0
actual,1745423011.3312838,394651.0798920707,4438791.377361558,0.18821970992710985,0
actual,1745423011.4313066,394651.0798920707,4438791.377361558,0.18821970992710985,0
actual,1745423011.5313122,394651.0798920707,4438791.377361558,0.18821970992710985,0
actual,1745423011.6312578,394651.0798920707,4438791.377361558,0.18821970992710985,0
actual,1745423011.7311974,394651.0798920707,4438791.377361558,0.18821970992710985,0
actual,1745423011.8312814,394651.0783241985,4438791.377527694,0.18784299806135954,0
actual,1745423011.9312584,394651.0783241985,4438791.377527694,0.18784299806135954,0
actual,1745423012.0312524,394651.0783241985,4438791.377527694,0.18784299806135954,0
actual,1745423012.1312556,394651.0783241985,4438791.377527694,0.18784299806135954,0
actual,1745423012.231254,394651.0783241985,4438791.377527694,0.18784299806135954,0
actual,1745423012.3312562,394651.0783241985,4438791.377527694,0.18784299806135954,0
actual,1745423012.4312494,394651.0774119935,4438791.3774880385,0.1888984161133329,0
actual,1745423012.5312512,394651.0774119935,4438791.3774880385,0.1888984161133329,0
actual,1745423012.6312525,394651.0774119935,4438791.3774880385,0.1888984161133329,0
actual,1745423012.7312775,394651.0774119935,4438791.3774880385,0.1888984161133329,0
actual,1745423012.83125,394651.0783243753,4438791.377882548,0.18792703566484298,0
actual,1745423012.9312859,394651.0783243753,4438791.377882548,0.18792703566484298,0
actual,1745423013.0312524,394651.0783243753,4438791.377882548,0.18792703566484298,0
actual,1745423013.1312516,394651.0783243753,4438791.377882548,0.18792703566484298,0
actual,1745423013.231313,394651.0783243753,4438791.377882548,0.18792703566484298,0
actual,1745423013.3312507,394651.0783243753,4438791.377882548,0.18792703566484298,0
actual,1745423013.4312756,394651.08736114914,4438791.3790142955,0.18881891636590464,0
actual,1745423013.5313058,394651.08736114914,4438791.3790142955,0.18881891636590464,0
actual,1745423013.631253,394651.08736114914,4438791.3790142955,0.18881891636590464,0
actual,1745423013.7312546,394651.08736114914,4438791.3790142955,0.18881891636590464,0
actual,1745423013.8312552,394651.21719071164,4438791.404665802,0.19473886374915902,0
actual,1745423013.9312503,394651.26795902767,4438791.4147911975,0.1977956334011019,0
actual,1745423014.031281,394651.32849538245,4438791.426893755,0.20184123679405472,0
actual,1745423014.1312542,394651.3992882962,4438791.441044644,0.20701976831106197,0
actual,1745423014.2312799,394651.48065956176,4438791.457713188,0.21335568001494437,0
actual,1745423014.3312986,394651.5730177943,4438791.477435856,0.2207274446298853,0
actual,1745423014.431256,394651.6692973143,4438791.488732688,0.22994531380783093,0
actual,1745423014.5313125,394651.78477708105,4438791.513256249,0.2406363106876297,0
actual,1745423014.6312842,394651.912768601,4438791.541919125,0.25296182586521354,0
actual,1745423014.7312806,394652.0531082101,4438791.574730092,0.26775860509057375,0
actual,1745423014.8312888,394652.2056443234,4438791.613299957,0.2841714021236483,0
actual,1745423014.9312956,394652.3640076358,4438791.660376287,0.30323697744670636,0
actual,1745423015.0313997,394652.5382480414,4438791.71187461,0.3248304178451829,0
actual,1745423015.1312537,394652.71810387215,4438791.769571754,0.34801071159957264,0
actual,1745423015.2312486,394652.89938298357,4438791.831859577,0.3708201403412064,0
actual,1745423015.3312516,394653.0792153531,4438791.899424403,0.39258083564190144,0
actual,1745423015.4312513,394653.2591918986,4438791.978372197,0.4144400722321643,0
actual,1745423015.531253,394653.4338165124,4438792.054657559,0.4349330825372586,0
actual,1745423015.6312516,394653.60602074,4438792.133448419,0.45560779907077786,0
actual,1745423015.7312574,394653.773949929,4438792.2144434145,0.475452751171314,0
actual,1745423015.8312805,394653.93840244325,4438792.298277378,0.49478277878263427,0
actual,1745423015.9312522,394654.07946354325,4438792.362806372,0.5140918973495157,0
actual,1745423016.0312698,394654.2332325975,4438792.4466747325,0.5329099151714709,0
actual,1745423016.131277,394654.38290308183,4438792.532200755,0.5512164293495441,0
actual,1745423016.2312498,394654.52762758767,4438792.618455137,0.5692346325884804,0
actual,1745423016.3313463,394654.6678770512,4438792.705906774,0.5866017756565453,0
actual,1745423016.4312465,394654.8125186223,4438792.802736591,0.6037804929785648,0
actual,1745423016.5312786,394654.94427642814,4438792.8913426995,0.6203625345892051,0
actual,1745423016.6312246,394655.07170080487,4438792.979710842,0.6368556342211636,0
actual,1745423016.7312512,394655.194137904,4438793.068051368,0.6524307953863284,0
actual,1745423016.8312578,394655.3114598873,4438793.1561937565,0.6679512928393206,0
actual,1745423016.9312527,394655.4162304887,4438793.239200778,0.6831631462673902,0
actual,1745423017.0311925,394655.5238836855,4438793.32497496,0.697733294489379,0
actual,1745423017.1312475,394655.62744128983,4438793.409083011,0.7122212202503065,0
actual,1745423017.2312527,394655.7259947387,4438793.49207165,0.7256858943773745,0
actual,1745423017.3313107,394655.8102933326,4438793.565409053,0.7387642224212212,0
actual,1745423017.4312792,394655.911273489,4438793.652667808,0.7511632857734842,0
actual,1745423017.5312564,394655.995934095,4438793.730104565,0.7632097053503818,0
actual,1745423017.6312478,394656.0767339063,4438793.805713196,0.7746606360397914,0
actual,1745423017.7312295,394656.1536527537,4438793.879136205,0.785757160171291,0
actual,1745423017.8312495,394656.2263925058,4438793.949678436,0.7965085454432088,0
actual,1745423017.9312553,394656.28794304084,4438794.012263505,0.8085677931901085,0
actual,1745423018.0313227,394656.35198674724,4438794.077537885,0.8180172850130861,0
actual,1745423018.1312497,394656.4122370281,4438794.140012756,0.8273009356505392,0
actual,1745423018.2312531,394656.4688097294,4438794.199741794,0.8359605438139417,0
actual,1745423018.3312507,394656.52203443216,4438794.256622596,0.844181847442291,0
actual,1745423018.43125,394656.5757319484,4438794.309625393,0.8521711269998801,0
actual,1745423018.5312746,394656.623376665,4438794.3612680985,0.8596080098492129,0
actual,1745423018.6312807,394656.6679694868,4438794.41030426,0.8665705820210239,0
actual,1745423018.7312853,394656.70947025664,4438794.456604342,0.8732418587406768,0
actual,1745423018.8311617,394656.74797006324,4438794.500035164,0.8794002180997539,0
actual,1745423018.9312582,394656.77593821764,4438794.543384522,0.8850571792713178,0
actual,1745423019.0312614,394656.8075573764,4438794.581666651,0.8901834905371055,0
actual,1745423019.1312506,394656.83632928296,4438794.616744501,0.8950056781807332,0
actual,1745423019.2312498,394656.8621323417,4438794.648606734,0.8994058277579361,0
actual,1745423019.3312552,394656.8849781083,4438794.6771709565,0.9032691489638105,0
actual,1745423019.4312813,394656.9093953064,4438794.706215557,0.9066875682900591,0
actual,1745423019.531301,394656.9272295224,4438794.72853244,0.9096498109097141,0
actual,1745423019.6313038,394656.9421400416,4438794.747405904,0.9120775464459456,0
actual,1745423019.7312808,394656.95411028335,4438794.762761819,0.9140367657977718,0
actual,1745423019.8312578,394656.9632241589,4438794.77457893,0.9155058966956381,0
actual,1745423019.9312873,394656.97247445554,4438794.776405841,0.9180725953469135,0
actual,1745423020.0312872,394656.97651569097,4438794.7805236075,0.9185622823751455,0
actual,1745423020.1312153,394656.9779321079,4438794.781186815,0.9186754669771373,0
actual,1745423020.2312515,394656.9778805697,4438794.779851186,0.9185790549892571,0
actual,1745423020.3312492,394656.97750905616,4438794.778150816,0.9183472927178848,0
actual,1745423020.431201,394656.9780771892,4438794.781864697,0.9181227910162008,0
actual,1745423020.5312605,394656.97854728217,4438794.781536382,0.9180296427940219,0
actual,1745423020.6312883,394656.9796264407,4438794.781768957,0.9179670552870454,0
actual,1745423020.7312841,394656.981238065,4438794.782477676,0.9180005481553911,0
actual,1745423020.8312898,394656.98280855955,4438794.783184637,0.9179805117755783,0
actual,1745423020.931251,394656.97327139275,4438794.78258635,0.9179723261813864,0
actual,1745423021.0312045,394656.9733709605,4438794.783057099,0.9179997453039351,0
actual,1745423021.1312804,394656.97349117143,4438794.783551,0.9180247907787012,0
actual,1745423021.2312717,394656.97365401965,4438794.784010249,0.9180040737204802,0
actual,1745423021.3312519,394656.9738231818,4438794.784387255,0.9180019444187927,0
actual,1745423021.431299,394656.9740574746,4438794.78261489,0.9180279847312325,0
actual,1745423021.5313025,394656.9743733786,4438794.782663626,0.9180033406821944,0
actual,1745423021.6312642,394656.97463435907,4438794.782605567,0.9180454205704599,0
actual,1745423021.731254,394656.9749234812,4438794.782486228,0.9180754576868867,0
actual,1745423021.8312778,394656.97190865723,4438794.782293598,0.9179640707740244,0
actual,1745423021.9312797,394656.971843136,4438794.782149902,0.9179803023360681,0
actual,1745423022.0312467,394656.97177955037,4438794.781987962,0.9179880341446544,0
actual,1745423022.1312838,394656.9717638524,4438794.7818479175,0.9179785744601084,0
actual,1745423022.2312772,394656.9717092972,4438794.781576191,0.9179723261813864,0
actual,1745423022.3312519,394656.97175033664,4438794.781284032,0.9179501430465936,0
actual,1745423022.431287,394656.97202495876,4438794.781850614,0.9179727799669919,0
actual,1745423022.5312872,394656.9721541023,4438794.781684633,0.9180092748016511,0
actual,1745423022.631285,394656.9723183735,4438794.78154226,0.9179835661017692,0
actual,1745423022.7312856,394656.97250691,4438794.781388376,0.9179612084340512,0
actual,1745423022.8312774,394656.9732752787,4438794.781374261,0.9179568102043361,0
actual,1745423022.9312208,394656.9734330181,4438794.781234425,0.9179587300665133,0
actual,1745423023.0312798,394656.97362372885,4438794.781055587,0.9179602659562551,0
actual,1745423023.1312716,394656.9738097285,4438794.780838095,0.917961068807711,0
actual,1745423023.2312515,394656.9739948467,4438794.780561603,0.9179841769670074,0
actual,1745423023.3312757,394656.9731512683,4438794.780771315,0.9179958881262883,0
actual,1745423023.431278,394656.9731589278,4438794.780683016,0.9179989599057717,0
actual,1745423023.531279,394656.97315436485,4438794.780521426,0.9180100078399369,0
actual,1745423023.631282,394656.97318211553,4438794.780258895,0.9180316499226616,0
actual,1745423023.7312474,394656.9731886683,4438794.779988805,0.9180378283882138,0
actual,1745423023.8315852,394656.9739222861,4438794.780655161,0.9179968131507918,0
actual,1745423023.9312532,394656.9740399305,4438794.780520584,0.9180312484969337,0
actual,1745423024.031273,394656.97413232364,4438794.780319287,0.9180335697848389,0
actual,1745423024.131281,394656.97424973804,4438794.78014583,0.9180254540038171,0
actual,1745423024.2311683,394656.97440328595,4438794.779914248,0.9180233247021296,0
actual,1745423024.331253,394656.9734638924,4438794.781710034,0.9180501504127329,0
actual,1745423024.431288,394656.97342145554,4438794.781763397,0.9180260474157628,0
actual,1745423024.5312507,394656.9734481265,4438794.781701353,0.918045088957902,0
actual,1745423024.6312528,394656.9734286797,4438794.781595742,0.9180424884173166,0
actual,1745423024.7312498,394656.9734226965,4438794.781477394,0.9180492777481069,0
actual,1745423024.8312516,394656.9734398186,4438794.78126482,0.918073049132519,0
actual,1745423024.931226,394656.97222928534,4438794.781511794,0.9180320338950971,0
actual,1745423025.0312788,394656.9721778817,4438794.781412733,0.9180667310406267,0
actual,1745423025.131287,394656.97212260053,4438794.78126193,0.9180712514433894,0
actual,1745423025.231252,394656.9720947367,4438794.7810789915,0.9180653347772252,0
actual,1745423025.3312502,394656.97201227536,4438794.780865901,0.9180712514433894,0
actual,1745423025.431563,394656.97128688684,4438794.780535791,0.9180392944647855,0
actual,1745423025.531254,394656.97119961353,4438794.780271091,0.9180467470206913,0
actual,1745423025.631281,394656.97106618783,4438794.780005319,0.918050691464801,0
actual,1745423025.731249,394656.97091810056,4438794.779748197,0.9180526113269781,0
actual,1745423025.8312476,394656.97192698374,4438794.780324237,0.9180339013973967,0
actual,1745423025.931248,394656.97193572833,4438794.780165224,0.9180093969746987,0
actual,1745423026.0312498,394656.97195701336,4438794.779903669,0.9180250525780892,0
actual,1745423026.1312487,394656.9720309748,4438794.77957653,0.9180668706669669,0
actual,1745423026.2312498,394656.9720884517,4438794.779239418,0.918077045936506,0
actual,1745423026.3312495,394656.9734702996,4438794.780508819,0.9180110026776106,0
actual,1745423026.4312515,394656.97362569463,4438794.7803670885,0.9180233945152998,0
actual,1745423026.53128,394656.9735415221,4438794.779854993,0.9179944918628866,0
actual,1745423026.6312602,394656.9729862207,4438794.778681778,0.9178821799255209,0
actual,1745423026.7312489,394656.9718045309,4438794.776632582,0.9177284338717127,0
actual,1745423026.8312743,394656.9698894775,4438794.773781357,0.9173653879340053,0
actual,1745423026.9312828,394656.9649522682,4438794.774196369,0.9169209049333998,0
actual,1745423027.0314598,394656.96161320846,4438794.770519648,0.9164403983370334,0
actual,1745423027.1313186,394656.9578572493,4438794.766357864,0.9158770060544896,0
actual,1745423027.2312772,394656.9538173005,4438794.761834017,0.915257361810154,0
actual,1745423027.3312716,394656.95120729995,4438794.755563211,0.9146043468705204,0
actual,1745423027.4312832,394656.94720288884,4438794.750398355,0.914011458523618,0
actual,1745423027.5311859,394656.9432308081,4438794.745311615,0.9133240431444275,0
actual,1745423027.6312795,394656.93940352567,4438794.740316316,0.9126969987040634,0
actual,1745423027.731262,394656.935766242,4438794.735441897,0.9121170257936256,0
actual,1745423027.831253,394656.92973284546,4438794.730726567,0.9115110998372108,0
actual,1745423027.9314458,394656.9262677359,4438794.726512944,0.911023402484326,0
actual,1745423028.031277,394656.9232107211,4438794.72274919,0.9105935627961449,0
actual,1745423028.1312518,394656.92068157566,4438794.7194845015,0.9102668546134641,0
actual,1745423028.231249,394656.918722299,4438794.716893333,0.9100072717938149,0
actual,1745423028.3312528,394656.9173754016,4438794.715059969,0.9098262462437982,0
actual,1745423028.431252,394656.922213293,4438794.715487848,0.9098090722039585,0
actual,1745423028.5312495,394656.92283253244,4438794.715017147,0.9098310982591187,0
actual,1745423028.6313052,394656.9232930092,4438794.714262914,0.909823052291267,0
actual,1745423028.7312937,394656.9236009627,4438794.7132519055,0.9098360375409018,0
actual,1745423028.8312535,394656.92412308126,4438794.712405928,0.9098360899007794,0
actual,1745423028.9312499,394656.92336524866,4438794.719873348,0.9098322327231325,0
actual,1745423029.0312498,394656.9236424639,4438794.719862804,0.9098498081887,0
actual,1745423029.1312473,394656.92404211464,4438794.719860084,0.9098691115302271,0
actual,1745423029.2312486,394656.92445137224,4438794.719874178,0.9098863553832368,0
actual,1745423029.3312511,394656.9224770494,4438794.719814087,0.9098490053372441,0
actual,1745423029.4312842,394656.9224973965,4438794.719774144,0.9098417622208483,0
actual,1745423029.53125,394656.92253209633,4438794.719677321,0.909851082279054,0
actual,1745423029.6312768,394656.92258412973,4438794.719549371,0.9098476788870126,0
actual,1745423029.7312765,394656.92266860884,4438794.719352859,0.9098684483051114,0
actual,1745423029.8312843,394656.92176165973,4438794.719111664,0.9098342922116499,0
actual,1745423029.9312809,394656.9218445467,4438794.718896351,0.9098603325240896,0
actual,1745423030.03128,394656.9219514287,4438794.718711218,0.9098437518961956,0
actual,1745423030.131256,394656.9220748541,4438794.718475089,0.9098358979145617,0
actual,1745423030.2312548,394656.9222444576,4438794.718173173,0.909822179626641,0
actual,1745423030.331305,394656.9222560187,4438794.718968727,0.9097939576526362,0
actual,1745423030.4312909,394656.92228556564,4438794.718848922,0.9097890881840232,0
actual,1745423030.531251,394656.9223542115,4438794.718671125,0.9098329657614184,0
actual,1745423030.6312492,394656.92241598427,4438794.718453813,0.9098877690999309,0
actual,1745423030.7312498,394656.92245411174,4438794.718248762,0.9098871582346927,0
actual,1745423030.831276,394656.922502599,4438794.717989469,0.9099077356665738,0
actual,1745423030.9312832,394656.9215312666,4438794.717707407,0.9098872280478627,0
actual,1745423031.0313032,394656.92155659513,4438794.7174642505,0.9099142631979762,0
actual,1745423031.1313894,394656.9216089868,4438794.717188981,0.9099130589207923,0
actual,1745423031.2312646,394656.9217017785,4438794.716811105,0.9099639876283655,0
actual,1745423031.3311853,394656.9218543071,4438794.716373727,0.9100153352149591,0
actual,1745423031.4312482,394656.9209146538,4438794.717718642,0.9099073342408458,0
actual,1745423031.531277,394656.9209921762,4438794.717543589,0.9099303725869722,0
actual,1745423031.6312497,394656.92104751174,4438794.717315389,0.9099588738136571,0
actual,1745423031.7313552,394656.9211192085,4438794.717037933,0.9099481574920499,0
actual,1745423031.8313754,394656.92127675086,4438794.716704406,0.9099809696819875,0
actual,1745423031.9315364,394656.92156619154,4438794.716646878,0.9099022029728449,0
actual,1745423032.0312974,394656.9216158786,4438794.71646974,0.9099179807492829,0
actual,1745423032.1312754,394656.9217297685,4438794.716243095,0.9099348929897348,0
actual,1745423032.231253,394656.9219035553,4438794.715971672,0.9099492221428935,0
actual,1745423032.331251,394656.92203574406,4438794.715711939,0.9099196562653649,0
actual,1745423032.4312727,394656.9208070722,4438794.717160529,0.909790763700105,0
actual,1745423032.531283,394656.920880554,4438794.7171447715,0.9098227730385866,0
actual,1745423032.6312845,394656.9209433925,4438794.717195232,0.9098416225945082,0
actual,1745423032.7313025,394656.92079744465,4438794.7170632975,0.9098263684168457,0
actual,1745423032.831328,394656.9207995861,4438794.716752079,0.9098700540080232,0
actual,1745423032.9312775,394656.9210709345,4438794.7174756015,0.9099266375823729,0
actual,1745423033.0312512,394656.921115361,4438794.71746082,0.9099404256834636,0
actual,1745423033.1312492,394656.92120480555,4438794.71739537,0.9099666579821211,0
actual,1745423033.231189,394656.9213792762,4438794.717270691,0.9100031353634878,0
actual,1745423033.3312829,394656.9207212069,4438794.717508376,0.9098948900432791,0
actual,1745423033.4312487,394656.9207315425,4438794.71741305,0.9098839642821616,0
actual,1745423033.5313375,394656.9208138245,4438794.717156382,0.90991539766199,0
actual,1745423033.6313038,394656.9207715623,4438794.716947401,0.9098974207706945,0
actual,1745423033.7312796,394656.92080049927,4438794.716737855,0.9099048035134304,0
actual,1745423033.8313024,394656.92180525186,4438794.717728978,0.9098384286419771,0
actual,1745423033.931312,394656.92191452446,4438794.717591536,0.9098420938334062,0
actual,1745423034.0312498,394656.92198498105,4438794.717402989,0.9098735097599421,0
actual,1745423034.131256,394656.92211892,4438794.717150322,0.9099108598059348,0
actual,1745423034.2312372,394656.9221738344,4438794.716966693,0.9098740508120102,0
actual,1745423034.3313384,394656.9222733535,4438794.716659622,0.9098642595149066,0
actual,1745423034.4312952,394656.922836128,4438794.718283219,0.9098332973739761,0
actual,1745423034.5312886,394656.9227953316,4438794.718132121,0.9098492845899244,0
actual,1745423034.631285,394656.92290506995,4438794.717892966,0.9098683261320636,0
actual,1745423034.7312515,394656.92309333675,4438794.717562259,0.9098888861106522,0
actual,1745423034.8312757,394656.9231444556,4438794.717297663,0.909922378978998,0
actual,1745423034.931249,394656.92338054854,4438794.719318324,0.9098783792285552,0
actual,1745423035.0313241,394656.9235004023,4438794.71916999,0.9099229898442361,0
actual,1745423035.1313963,394656.9235250785,4438794.719133634,0.9099104060203292,0
actual,1745423035.2312632,394656.9235937765,4438794.719056721,0.9099322400892718,0
actual,1745423035.3312798,394656.9226686634,4438794.720709524,0.9098531417675713,0
actual,1745423035.4312763,394656.92247785913,4438794.720694239,0.909814255831837,0
actual,1745423035.5312734,394656.92236526054,4438794.720631159,0.9098123883295374,0
actual,1745423035.631282,394656.9223110444,4438794.720442633,0.9098207135500693,0
actual,1745423035.7312655,394656.92214308144,4438794.720230184,0.9098113934918636,0
actual,1745423035.831274,394656.9233923908,4438794.721353098,0.9098646609406346,0
actual,1745423035.9312997,394656.92372562527,4438794.721320824,0.9098780999758748,0
actual,1745423036.0312629,394656.9239598358,4438794.721176136,0.9098524087292854,0
actual,1745423036.1312764,394656.9240215883,4438794.720908332,0.9098442231350937,0
actual,1745423036.2312765,394656.9240502146,4438794.720480521,0.9097972737782151,0
actual,1745423036.3312466,394656.92333872407,4438794.720669817,0.9097738514596533,0
actual,1745423036.4312484,394656.92279671656,4438794.719918965,0.9096187091424435,0
actual,1745423036.5312486,394656.9218415854,4438794.7185264975,0.9094893453382856,0
actual,1745423036.6312141,394656.92044135736,4438794.716711146,0.9092364122230866,0
actual,1745423036.7312756,394656.9187364894,4438794.714417706,0.9089372802425874,0
actual,1745423036.8312483,394656.9166893769,4438794.711737399,0.9085347375039073,0
actual,1745423036.9312258,394656.91403391823,4438794.704646071,0.9081068351311959,0
actual,1745423037.031254,394656.9115099431,4438794.700678849,0.907620813294393,0
actual,1745423037.1312504,394656.908693437,4438794.696428033,0.9070970399858694,0
actual,1745423037.2312493,394656.9057690491,4438794.691889365,0.9065875085640424,0
actual,1745423037.3313015,394656.90259816375,4438794.686907207,0.9060487428772441,0
actual,1745423037.4313035,394656.8948806014,4438794.685777558,0.9053489356603646,0
actual,1745423037.5312674,394656.89082247636,4438794.680950441,0.9047838853150313,0
actual,1745423037.6312544,394656.8866063281,4438794.676018398,0.9040961906831606,0
actual,1745423037.731255,394656.8822159461,4438794.6708230935,0.9033732054938145,0
actual,1745423037.8312533,394656.8777288494,4438794.6654200945,0.9026536236965097,0
actual,1745423037.9312518,394656.87690009177,4438794.657929918,0.9018612616693967,0
actual,1745423038.0312536,394656.8727460017,4438794.651879848,0.9010770852364757,0
actual,1745423038.131256,394656.8685381188,4438794.645575361,0.9003198217806204,0
actual,1745423038.2322028,394656.8641629915,4438794.63911726,0.8994753267687505,0
actual,1745423038.331296,394656.85964390857,4438794.632428808,0.898573584957415,0
actual,1745423038.431276,394656.85102354793,4438794.631839594,0.8976515973267566,0
actual,1745423038.53125,394656.8457035447,4438794.625648068,0.8967325418492414,0
actual,1745423038.6313097,394656.8401918883,4438794.619271228,0.8957280699581336,0
actual,1745423038.7313228,394656.8344729416,4438794.612605831,0.8946680616902273,0
actual,1745423038.831393,394656.8291236602,4438794.606407683,0.8935244346978581,0
actual,1745423038.9312737,394656.82580156485,4438794.6012843745,0.8917584232942276,0
actual,1745423039.031328,394656.8182626164,4438794.591752126,0.8903750404225119,0
actual,1745423039.1312628,394656.80832019425,4438794.57986784,0.8878602827697758,0
actual,1745423039.2313073,394656.7973608206,4438794.565884172,0.8853280892778124,0
actual,1745423039.3312848,394656.78282898956,4438794.549549646,0.8822285765124882,0
actual,1745423039.4312837,394656.76693399774,4438794.530480174,0.8781644551761718,0
actual,1745423039.5312603,394656.74903445865,4438794.508587579,0.8736426736033974,0
actual,1745423039.6312737,394656.728117063,4438794.48413666,0.8678362424346926,0
actual,1745423039.7317061,394656.704173928,4438794.45608981,0.8610479239354007,0
actual,1745423039.8314,394656.6800661258,4438794.427979429,0.8531758781436681,0
actual,1745423039.9313753,394656.6482597484,4438794.389725479,0.8440484344742685,0
actual,1745423040.0313184,394656.6146089685,4438794.3516863305,0.8337631044725108,0
actual,1745423040.1313684,394656.57717626676,4438794.310257251,0.8221252141136275,0
actual,1745423040.231699,394656.53553445736,4438794.265794361,0.8090598887727082,0
actual,1745423040.3313348,394656.48971257947,4438794.218210723,0.7948580399294753,0
actual,1745423040.4312813,394656.4320652164,4438794.167650025,0.7798200387481968,0
actual,1745423040.5313246,394656.37784506765,4438794.115443323,0.7642032689336645,0
actual,1745423040.631353,394656.3197290041,4438794.061378484,0.7485867609185201,0
actual,1745423040.7314246,394656.25778598053,4438794.005290349,0.7337500136532892,0
actual,1745423040.8313036,394656.19246678543,4438793.948393441,0.7190126105290817,0
actual,1745423040.9313016,394656.125577698,4438793.902528416,0.7045784234558233,0
actual,1745423041.0312877,394656.05537760706,4438793.845408787,0.6909027564754815,0
actual,1745423041.1313212,394655.9826446586,4438793.789107066,0.676318820152402,0
actual,1745423041.2312787,394655.9097614619,4438793.73365874,0.6619396807637514,0
actual,1745423041.3312573,394655.83602947555,4438793.67889407,0.6480291099193838,0
actual,1745423041.4313326,394655.767278899,4438793.619274133,0.6335163481232005,0
actual,1745423041.5313876,394655.6925789391,4438793.565548005,0.619413843420991,0
actual,1745423041.6312478,394655.61682239664,4438793.5133682145,0.6051552888303607,0
actual,1745423041.731337,394655.54135573073,4438793.462957463,0.5910116467176818,0
actual,1745423041.831251,394655.4651784878,4438793.414134194,0.5765291663840206,0
actual,1745423041.9312494,394655.3849272777,4438793.364977402,0.5622530188745303,0
actual,1745423042.0312612,394655.307584903,4438793.31805542,0.5473795324285449,0
actual,1745423042.131357,394655.2301065333,4438793.272551617,0.5321304162209451,0
actual,1745423042.2313254,394655.15324308205,4438793.228426841,0.5168453287774619,0
actual,1745423042.3313084,394655.07565233094,4438793.186101018,0.5004856595668183,0
actual,1745423042.4313266,394654.9938466336,4438793.148887289,0.4844320687470969,0
actual,1745423042.5313575,394654.9157875774,4438793.109852159,0.46764428772423156,0
actual,1745423042.6313508,394654.83837168413,4438793.072554568,0.45056850992149466,0
actual,1745423042.731268,394654.7609699477,4438793.036891679,0.43348819426270263,0
actual,1745423042.8313386,394654.683366838,4438793.003225321,0.4157720377041164,0
actual,1745423042.9313765,394654.60994793626,4438792.978059139,0.3978738782111321,0
actual,1745423043.031382,394654.5343123203,4438792.948224152,0.38063735558428663,0
actual,1745423043.1313837,394654.45917939465,4438792.920453819,0.3635011195762605,0
actual,1745423043.2313359,394654.3846858458,4438792.894334231,0.3469041554005157,0
actual,1745423043.3313675,394654.30895632063,4438792.871612584,0.33023743041456877,0
actual,1745423043.4313629,394654.2357521821,4438792.84866495,0.31416579289038166,0
actual,1745423043.5313978,394654.1633633757,4438792.8272702815,0.2984189262334059,0
actual,1745423043.6313353,394654.0914610039,4438792.8076342745,0.28268590003739824,0
actual,1745423043.7313235,394654.02006792696,4438792.789415133,0.26716432048026983,0
actual,1745423043.8314197,394653.9545541168,4438792.766483046,0.252480987656289,0
actual,1745423043.931365,394653.8855587784,4438792.750050659,0.23818674108245544,0
actual,1745423044.031397,394653.8172975543,4438792.734843936,0.2242304426116857,0
actual,1745423044.1313488,394653.7499798762,4438792.720440626,0.2106893230633801,0
actual,1745423044.2313457,394653.69006515085,4438792.7084366735,0.1972402347265324,0
actual,1745423044.3313255,394653.6219819425,4438792.7004907355,0.18379900037131847,0
actual,1745423044.4313183,394653.558346947,4438792.690125858,0.17086282939504685,0
actual,1745423044.5313637,394653.4958273833,4438792.680735712,0.15824343567801205,0
actual,1745423044.6313472,394653.4344892469,4438792.672554328,0.14557557416764946,0
actual,1745423044.7312784,394653.3742213192,4438792.665160197,0.1333141125736135,0
actual,1745423044.8313081,394653.3203349167,4438792.652790911,0.12138421117757917,0
actual,1745423044.931299,394653.2635056211,4438792.646078999,0.10974700149710416,0
actual,1745423045.0313268,394653.2076570421,4438792.640155691,0.09839115634534337,0
actual,1745423045.131389,394653.1527182136,4438792.635019754,0.08746939203184594,0
actual,1745423045.2313268,394653.09868110606,4438792.630527658,0.07776164383945072,0
actual,1745423045.3313189,394653.0394756615,4438792.638953775,0.06902726577089266,0
actual,1745423045.4313684,394652.98673240806,4438792.637755059,0.06149505303781595,0
actual,1745423045.5313675,394652.9347846202,4438792.636685249,0.05564102674040912,0
actual,1745423045.6313193,394652.8834845241,4438792.636345844,0.0501534497727512,0
actual,1745423045.7312953,394652.83295979176,4438792.636110335,0.0456038301984076,0
actual,1745423045.8313496,394652.77854042023,4438792.630898019,0.04198674004340442,0
actual,1745423045.9313314,394652.72965929285,4438792.630474462,0.03849107244446248,0
actual,1745423046.031385,394652.6822837804,4438792.63009236,0.03593577079320249,0
actual,1745423046.131376,394652.63633271214,4438792.63009156,0.033623471333698,0
actual,1745423046.2313693,394652.5915048967,4438792.630127912,0.031525044520732626,0
actual,1745423046.3313887,394652.5577580036,4438792.622126819,0.03011623220181529,0
actual,1745423046.4313111,394652.5166028599,4438792.620809371,0.028858547942828293,0
actual,1745423046.5313244,394652.47650732915,4438792.619516191,0.02798010627700703,0
actual,1745423046.6313748,394652.43756907416,4438792.618224241,0.027341734649797392,0
actual,1745423046.7313945,394652.3997473589,4438792.616986498,0.026792723880290206,0
actual,1745423046.8313546,394652.3587807809,4438792.618068124,0.02643800316311484,0
actual,1745423046.9313622,394652.3227561215,4438792.6170555595,0.026150512528726206,0
actual,1745423047.0313401,394652.2878019767,4438792.615838884,0.02610057865882672,0
actual,1745423047.131613,394652.2541193799,4438792.614640197,0.026029334318760367,0
actual,1745423047.2318273,394652.2216575413,4438792.613338035,0.026046386185552457,0
actual,1745423047.3313437,394652.1901689696,4438792.612118596,0.026175016951424344,0
actual,1745423047.4313707,394652.16065789293,4438792.614524614,0.0261808638044184,0
actual,1745423047.53143,394652.13135809085,4438792.613502335,0.026426152377493708,0
actual,1745423047.6313336,394652.10288871714,4438792.612649351,0.02646317081092855,0
actual,1745423047.731451,394652.075203227,4438792.611734825,0.026598713080638495,0
actual,1745423047.8313556,394652.0483138869,4438792.610769227,0.026761046154366374,0
actual,1745423047.9313147,394652.0297388042,4438792.609881156,0.026855712812994634,0
actual,1745423048.031305,394652.00579146994,4438792.608769158,0.0270233691409413,0
actual,1745423048.1313221,394651.9830664518,4438792.607735695,0.027034155275718428,0
actual,1745423048.2319517,394651.96173380123,4438792.606585899,0.027140410920579935,0
actual,1745423048.331358,394651.9420699546,4438792.605361681,0.027175422225374845,0
actual,1745423048.431304,394651.92092543555,4438792.610078702,0.027188739087567672,0
actual,1745423048.531307,394651.9043732705,4438792.609609313,0.027250261943700404,0
actual,1745423048.6313124,394651.8897399858,4438792.609129773,0.027250261943700404,0
actual,1745423048.73132,394651.8770437405,4438792.60864527,0.027290875755394454,0
actual,1745423048.8313937,394651.8663092174,4438792.608081661,0.027331088141360323,0
actual,1745423048.931352,394651.8597857589,4438792.60824914,0.02734506822866872,0
actual,1745423049.0313547,394651.85342655866,4438792.607709756,0.02738116163760011,0
actual,1745423049.1313512,394651.84916379926,4438792.607192908,0.027369171225638922,0
actual,1745423049.2313328,394651.84706290346,4438792.606576139,0.027388614193506158,0
actual,1745423049.3314128,394651.84721426945,4438792.605931034,0.027393536021996758,0
actual,1745423049.4313164,394651.8434446558,4438792.61028224,0.027446803470767566,0
actual,1745423049.531395,394651.84361132083,4438792.610285702,0.02746903896543789,0
actual,1745423049.631363,394651.8429741274,4438792.610262141,0.027458392457000817,0
actual,1745423049.7313564,394651.8422475016,4438792.610118775,0.027473437195152974,0
actual,1745423049.8313448,394651.84341785597,4438792.609458293,0.02737144015366649,0
actual,1745423049.9313796,394651.84351645096,4438792.609358455,0.027365174421651775,0
actual,1745423050.0314023,394651.8433835544,4438792.609195118,0.027385158441587006,0
actual,1745423050.1313665,394651.84327670455,4438792.608970549,0.027392471371153002,0
actual,1745423050.2314367,394651.8433151503,4438792.608690658,0.027391005294581307,0
actual,1745423050.3314004,394651.842409205,4438792.608959365,0.027420047573334584,0
actual,1745423050.4313765,394651.84213845024,4438792.608868406,0.027412053965360294,0
actual,1745423050.5313785,394651.84186891944,4438792.608705789,0.027431357306887474,0
actual,1745423050.631388,394651.8416485599,4438792.608518485,0.027432683757118867,0
actual,1745423050.7313652,394651.8413944206,4438792.608217368,0.027468113940934437,0
actual,1745423050.831435,394651.841160162,4438792.607902547,0.027469178591778193,0
actual,1745423050.931443,394651.8426023605,4438792.610111407,0.027396206375752262,0
actual,1745423051.03139,394651.8427303317,4438792.610003777,0.027401791429358682,0
actual,1745423051.131406,394651.8426699627,4438792.609775967,0.02745292957644198,0
actual,1745423051.2314036,394651.84252658987,4438792.60952489,0.027417900818354594,0
actual,1745423051.3312669,394651.84320003097,4438792.610513779,0.02739275062383336,0
actual,1745423051.4314873,394651.8431370293,4438792.610439628,0.0274247076024373,0
actual,1745423051.5312476,394651.8430060846,4438792.610413736,0.027417115420191197,0
actual,1745423051.6313465,394651.84309781285,4438792.610233611,0.027383290939287375,0
actual,1745423051.7313244,394651.84339254873,4438792.609954226,0.02744387131762418,0
actual,1745423051.8314948,394651.84367720963,4438792.60973708,0.02742669727778451,0
actual,1745423051.9314845,394651.8429454615,4438792.610402968,0.027411390740244474,0
actual,1745423052.0314372,394651.84287690837,4438792.610230146,0.027421635822953858,0
actual,1745423052.1313407,394651.84268936905,4438792.610041688,0.02744772849527102,0
actual,1745423052.2313836,394651.8424200071,4438792.609776062,0.027478760449371507,0
actual,1745423052.3313656,394651.8420375566,4438792.609409366,0.027446279871992052,0
actual,1745423052.4314737,394651.84392169473,4438792.6113950135,0.027336690648259217,0
actual,1745423052.5313802,394651.8437815902,4438792.611345366,0.02730459404331497,0
actual,1745423052.631428,394651.84364808304,4438792.611085146,0.027369433025026556,0
actual,1745423052.7315195,394651.8434917128,4438792.610863812,0.027382348461491443,0
actual,1745423052.8313763,394651.8432826805,4438792.610603917,0.02740592785968588,0
actual,1745423052.9316854,394651.84471606853,4438792.611484289,0.027440677365093157,0
actual,1745423053.0313148,394651.84480258886,4438792.6112752715,0.027439089115473634,0
actual,1745423053.1313899,394651.84480744466,4438792.6109901685,0.027442143441664603,0
actual,1745423053.2314339,394651.8447761913,4438792.610547034,0.02742989123031578,0
actual,1745423053.3315856,394651.8446819784,4438792.610140368,0.027420047573334584,0
actual,1745423053.4313588,394651.8451838349,4438792.612031617,0.027356517588561915,0
actual,1745423053.5314324,394651.8452183911,4438792.611834281,0.027411914339020238,0
actual,1745423053.6313763,394651.8452758469,4438792.6116937455,0.027429489804587842,0
actual,1745423053.7314582,394651.8453151502,4438792.611564125,0.02740819678771345,0
actual,1745423053.8315485,394651.8453262477,4438792.611294798,0.027396468175140146,0
actual,1745423053.9313548,394651.8446185592,4438792.611040392,0.027330564542584805,0
actual,1745423054.0313547,394651.8444419041,4438792.610823106,0.02732176808315464,0
actual,1745423054.131455,394651.8442850502,4438792.610458667,0.02736664049822347,0
actual,1745423054.2314022,394651.84407037345,4438792.610075535,0.027358646890249427,0
actual,1745423054.3313167,394651.84399182734,4438792.611397791,0.027384617389519014,0
actual,1745423054.4312565,394651.84393783665,4438792.611278512,0.027375838383381573,0
actual,1745423054.5313692,394651.8439261764,4438792.61105613,0.02739287279688094,0
actual,1745423054.631345,394651.8439534838,4438792.610859998,0.027380358786144234,0
actual,1745423054.7313411,394651.84389797656,4438792.610537795,0.027391406720309243,0
actual,1745423054.8313684,394651.84509034577,4438792.611157764,0.027387549542662402,0
actual,1745423054.9313686,394651.845069706,4438792.611085828,0.02739287279688094,0
actual,1745423055.0313282,394651.84496393614,4438792.610987645,0.027341874276137698,0
actual,1745423055.131389,394651.84485406615,4438792.610797801,0.027353463262370946,0
actual,1745423055.231284,394651.84493563167,4438792.610523309,0.027336690648259217,0
actual,1745423055.3313065,394651.84512824647,4438792.610083642,0.02735559256405821,0
actual,1745423055.4313416,394651.84512419614,4438792.610348563,0.02744987525025101,0
actual,1745423055.5313554,394651.8449498117,4438792.610255443,0.027412315764748174,0
actual,1745423055.6313255,394651.844724964,4438792.609988072,0.027459055682116637,0
actual,1745423055.7314286,394651.8444172477,4438792.609688102,0.027492478737292273,0
actual,1745423055.831326,394651.8443558592,4438792.608683295,0.027386886317546582,0
actual,1745423055.931401,394651.8442632848,4438792.608440084,0.02739606674941196,0
actual,1745423056.0313497,394651.8442462459,4438792.608152153,0.027394199247112328,0
actual,1745423056.131422,394651.8441504231,4438792.607883599,0.027376763407885026,0
actual,1745423056.231371,394651.8439096699,4438792.60746336,0.027376100182769206,0
actual,1745423056.3313212,394651.84535146895,4438792.608754716,0.02737955593468811,0
actual,1745423056.431352,394651.84534788865,4438792.608654111,0.02735691901428985,0
actual,1745423056.5314212,394651.8453599057,4438792.608419037,0.02739926070194323,0
actual,1745423056.6313329,394651.84539811197,4438792.608247378,0.027361858296072926,0
actual,1745423056.7314985,394651.8454840347,4438792.6080202535,0.027367041923951407,0
actual,1745423056.8313465,394651.8455835256,4438792.607642933,0.027377828058728782,0
actual,1745423056.9313254,394651.84288796416,4438792.610801985,0.027412176138407872,0
actual,1745423057.0312886,394651.84254928975,4438792.610777666,0.02741444506643569,0
actual,1745423057.1314104,394651.84210412536,4438792.61069912,0.027421234397225918,0
actual,1745423057.2313235,394651.8416027287,4438792.6105317185,0.027442003815324547,0
actual,1745423057.3313408,394651.84112329694,4438792.610314571,0.02743388803430268,0
actual,1745423057.431333,394651.8426630418,4438792.61048177,0.027380358786144234,0
actual,1745423057.5313168,394651.8426320598,4438792.610297779,0.027355993989786397,0
actual,1745423057.631316,394651.8425499245,4438792.6100623375,0.027341612476749814,0
actual,1745423057.7313306,394651.8424381836,4438792.609761732,0.027359449741705302,0
actual,1745423057.8312907,394651.84229544154,4438792.609384988,0.02737463410619751,0
actual,1745423057.9313161,394651.84116272954,4438792.608377488,0.02738116163760011,0
actual,1745423058.0315285,394651.84093053086,4438792.6080667265,0.02739088312153373,0
actual,1745423058.1314266,394651.840569892,4438792.607682589,0.027384215963791075,0
actual,1745423058.2312853,394651.84010291105,4438792.607229191,0.027406852884189335,0
actual,1745423058.3312674,394651.8396621247,4438792.606730909,0.02743668056110601,0
actual,1745423058.4313943,394651.8412766777,4438792.607872951,0.02740992466367303,0
actual,1745423058.531329,394651.84134683403,4438792.607730027,0.027409383611604787,0
actual,1745423058.6313782,394651.84144511796,4438792.607569851,0.027400063553399107,0
actual,1745423058.7313302,394651.841456468,4438792.607322839,0.02739060386885337,0
actual,1745423058.831326,394651.8414149351,4438792.607035195,0.0273683683741828,0
actual,1745423058.9313273,394651.84026007383,4438792.608414975,0.027373709081694057,0
actual,1745423059.0312922,394651.8402373565,4438792.608320149,0.027362521521188746,0
actual,1745423059.13144,394651.8402223569,4438792.608113967,0.027381423436987743,0
actual,1745423059.2313242,394651.8400198006,4438792.607805204,0.027428966205812078,0
actual,1745423059.331337,394651.8396117415,4438792.607457719,0.027435615910262254,0
actual,1745423059.4313161,394651.8406131359,4438792.608873295,0.027404601409454242,0
actual,1745423059.5312982,394651.84057724534,4438792.608754028,0.027388474567165855,0
actual,1745423059.631327,394651.8406689627,4438792.608555003,0.02740711468357722,0
actual,1745423059.7312613,394651.8405758767,4438792.608323219,0.02738915524557415,0
actual,1745423059.8311925,394651.8414876093,4438792.608907824,0.02741378184131987,0
actual,1745423059.9312642,394651.84150105255,4438792.608690772,0.027420710798450154,0
actual,1745423060.0312998,394651.8415275132,4438792.6084354995,0.02747024324262195,0
actual,1745423060.1312497,394651.84158818494,4438792.60810131,0.02743840843706534,0
actual,1745423060.2312498,394651.84158503695,4438792.607573272,0.02744027593936497,0
actual,1745423060.331286,394651.84233393474,4438792.609174406,0.02739793425171159,0
actual,1745423060.4312851,394651.8422184834,4438792.609070664,0.02741631256873532,0
actual,1745423060.5313005,394651.8422803715,4438792.6088926615,0.02739060386885337,0
actual,1745423060.631251,394651.84214816336,4438792.608408319,0.02746518178779105,0
actual,1745423060.7312827,394651.84203790245,4438792.608137019,0.02751710533303799,0
actual,1745423060.8312848,394651.84030641674,4438792.60916274,0.0274305544554316,0
actual,1745423060.9312859,394651.84044540644,4438792.608905024,0.027429489804587842,0
actual,1745423061.0312896,394651.84035447205,4438792.608843336,0.02737383125474164,0
actual,1745423061.13125,394651.8401259091,4438792.608470168,0.02740592785968588,0
actual,1745423061.2311575,394651.83965433366,4438792.607970894,0.027399400328283287,0
actual,1745423061.331251,394651.84197032027,4438792.6115359785,0.02737702520727291,0
actual,1745423061.4312873,394651.84194516385,4438792.611723043,0.02732496203568591,0
actual,1745423061.5312812,394651.8420071289,4438792.611591408,0.02734494605562114,0
actual,1745423061.6313293,394651.8420691963,4438792.611126256,0.027404985381889704,0
actual,1745423061.7312875,394651.8418266412,4438792.610802046,0.02746998144323407,0
actual,1745423061.8313038,394651.84276328416,4438792.609443264,0.02729406970792548,0
actual,1745423061.9312534,394651.84302636934,4438792.609116261,0.027177027928286843,0
actual,1745423062.0312092,394651.84413622227,4438792.608559241,0.02704319608124375,0
actual,1745423062.131291,394651.8456251228,4438792.607683951,0.027220835692511915,0
actual,1745423062.231251,394651.84772351186,4438792.606788075,0.027359990793773294,0
actual,1745423062.331254,394651.84991467744,4438792.606093582,0.02746998144323407,0
actual,1745423062.431262,394651.8442455379,4438792.608848539,0.027544681535219325,0
actual,1745423062.5312543,394651.84415733407,4438792.608676001,0.027490087636217124,0
actual,1745423062.6311831,394651.843292062,4438792.6084500635,0.02750406772352552,0
actual,1745423062.7312484,394651.8418841124,4438792.608062516,0.027487155483073736,0
actual,1745423062.8312814,394651.84558888635,4438792.611739134,0.02750406772352552,0
actual,1745423062.9312105,394651.84453814314,4438792.6119807,0.027499128441742446,0
actual,1745423063.0311985,394651.8434127022,4438792.612116789,0.027493944813863965,0
actual,1745423063.1312504,394651.84224488045,4438792.6120881485,0.02754454190887927,0
actual,1745423063.2312546,394651.8410852541,4438792.612130341,0.027523231438712402,0
actual,1745423063.3312542,394651.840417238,4438792.608770907,0.027554664818540825,0
actual,1745423063.4312534,394651.8404970307,4438792.608526517,0.027518449236561857,0
actual,1745423063.5312076,394651.84091509006,4438792.608189814,0.02750645882460067,0
actual,1745423063.6312478,394651.84160281497,4438792.607702109,0.02756065129787518,0
actual,1745423063.7312634,394651.8424559921,4438792.607211225,0.027561593775671113,0
actual,1745423063.8312829,394651.8401273442,4438792.60778262,0.02750392809718522,0
actual,1745423063.9312868,394651.84012430365,4438792.607586648,0.027509129178356177,0
actual,1745423064.0312536,394651.8400167176,4438792.607195416,0.027544018310103755,0
actual,1745423064.1312828,394651.83981444547,4438792.606834731,0.027542674406579638,0
actual,1745423064.2312775,394651.83954655874,4438792.606385548,0.027564648101862328,0
actual,1745423064.3312457,394651.83922972484,4438792.60791567,0.027527769294767537,0
actual,1745423064.431284,394651.83910778223,4438792.60778147,0.027530160395842686,0
actual,1745423064.5312476,394651.8389513443,4438792.607552062,0.02757770316466702,0
actual,1745423064.6312745,394651.83875127195,4438792.607286855,0.027575975288707696,0
actual,1745423064.7312498,394651.8384818443,4438792.606916407,0.027594336152438698,0
actual,1745423064.8312552,394651.836770042,4438792.608310867,0.027454256026673618,0
actual,1745423064.9312787,394651.83654275665,4438792.608163635,0.02748609083222998,0
actual,1745423065.0312517,394651.83628524677,4438792.607943777,0.027514574605622538,0
actual,1745423065.1312802,394651.8359709627,4438792.607703248,0.02752670464392378,0
actual,1745423065.2312863,394651.8356012642,4438792.607434367,0.02751897283533762,0
actual,1745423065.3312614,394651.8383775833,4438792.609400058,0.027520578538249373,0
actual,1745423065.4312623,394651.8385003706,4438792.60933678,0.027503125245729343,0
actual,1745423065.5312681,394651.8386086101,4438792.609201729,0.027525360740399914,0
actual,1745423065.6312795,394651.83875015366,4438792.608996035,0.027515255284030836,0
actual,1745423065.7312963,394651.83882790507,4438792.608708878,0.027510717427975697,0
actual,1745423065.8312533,394651.8377591267,4438792.607969708,0.027591281826247732,0
actual,1745423065.931251,394651.8376980877,4438792.607894265,0.02750473094864134,0
actual,1745423066.0312767,394651.8376098407,4438792.607268186,0.02758382927034168,0
actual,1745423066.1312675,394651.83751252457,4438792.60669368,0.027570774207536737,0
actual,1745423066.2312815,394651.8373796922,4438792.60610374,0.027550004789437862,0
actual,1745423066.33125,394651.8376905615,4438792.611566188,0.027519234634725255,0
actual,1745423066.4312487,394651.8373496259,4438792.611742638,0.02758622037141683,0
actual,1745423066.5312471,394651.83703495027,4438792.612035611,0.02755227371746568,0
actual,1745423066.6312788,394651.8368741927,4438792.612017779,0.0276390863944597,0
actual,1745423066.7312481,394651.83689076465,4438792.612078929,0.027623902029967493,0
actual,1745423066.8312552,394651.8368180478,4438792.612152959,0.027569849183033037,0
actual,1745423066.931259,394651.83632134227,4438792.609674309,0.02752604141880821,0
actual,1745423067.0312526,394651.8360268106,4438792.609387734,0.027464378936335174,0
actual,1745423067.1312506,394651.8355733666,4438792.608976135,0.027455861729585366,0
actual,1745423067.2311747,394651.8351236646,4438792.608455514,0.027505935225825152,0
actual,1745423067.3312776,394651.83468607656,4438792.607833827,0.02751684353365011,0
actual,1745423067.4312496,394651.83722839056,4438792.611011701,0.027497941617850862,0
actual,1745423067.5312495,394651.8371975289,4438792.610947238,0.027472773970037154,0
actual,1745423067.631299,394651.83710407896,4438792.610675991,0.027504992748028975,0
actual,1745423067.7311578,394651.8370221447,4438792.610505613,0.02748183222885495,0
actual,1745423067.8312876,394651.83731579536,4438792.610523745,0.027432561584071286,0
actual,1745423067.9312563,394651.837296163,4438792.610203507,0.027437221613174002,0
actual,1745423068.0312498,394651.8372246104,4438792.60990474,0.02740446178311419,0
actual,1745423068.1312582,394651.83711316367,4438792.609496634,0.027429367631540018,0
actual,1745423068.231262,394651.8369919424,4438792.608970095,0.027461184983803903,0
actual,1745423068.3312516,394651.83874810435,4438792.610491812,0.027505533800097216,0
actual,1745423068.4312532,394651.8387878237,4438792.610376744,0.027504329522913155,0
actual,1745423068.531252,394651.83877260366,4438792.61011285,0.027526565017583726,0
actual,1745423068.6312525,394651.83872124,4438792.6097959485,0.027530823620958506,0
actual,1745423068.731251,394651.83864119713,4438792.609380226,0.027552134091125374,0
actual,1745423068.8312504,394651.83784232085,4438792.610500378,0.027473960793928488,0
actual,1745423068.9312494,394651.83773777244,4438792.6103206035,0.027447344522835558,0
actual,1745423069.03125,394651.8375656027,4438792.610047254,0.027447344522835558,0
actual,1745423069.1312482,394651.8373652883,4438792.60971294,0.02743388803430268,0
actual,1745423069.2313156,394651.83712514606,4438792.609275547,0.027438024464630128,0
actual,1745423069.3312511,394651.8368324106,4438792.608831091,0.027427500129240386,0
actual,1745423069.4312596,394651.8373105431,4438792.610527186,0.027459055682116637,0
actual,1745423069.5312476,394651.83720623725,4438792.610320285,0.027452528150714042,0
actual,1745423069.6312473,394651.8370871185,4438792.61001964,0.02745998070662009,0
actual,1745423069.7312484,394651.8369619787,4438792.609683036,0.027460521758688333,0
actual,1745423069.8312266,394651.83861178637,4438792.609789656,0.027504329522913155,0
actual,1745423069.9312677,394651.83865558106,4438792.609520703,0.027509792403471997,0
actual,1745423070.031248,394651.83868051553,4438792.609197812,0.02751165990577163,0
actual,1745423070.1312482,394651.83867807407,4438792.608809168,0.027513509954778782,0
actual,1745423070.2312844,394651.83865477634,4438792.608320678,0.027530823620958506,0
actual,1745423070.3312485,394651.83932925924,4438792.609259624,0.02753389540044195,0
actual,1745423070.431276,394651.8393696953,4438792.609087153,0.027519915313133553,0
actual,1745423070.5312483,394651.83940529096,4438792.608848922,0.027490209809264702,0
actual,1745423070.6311939,394651.83941573947,4438792.608552639,0.02747223291796916,0
actual,1745423070.731268,394651.83936567,4438792.608174686,0.02746717146313826,0
actual,1745423070.83125,394651.8405348329,4438792.609288229,0.027485951205889675,0
actual,1745423070.9312997,394651.84052835713,4438792.609125918,0.02748741728246137,0
actual,1745423071.031296,394651.84052359575,4438792.608948729,0.027497662365170754,0
actual,1745423071.1313064,394651.84053707274,4438792.608687962,0.02749846521662663,0
actual,1745423071.2312863,394651.8405231952,4438792.608280925,0.027531364673026748,0
actual,1745423071.3312867,394651.8379903963,4438792.609571821,0.027500873770994253,0
actual,1745423071.431285,394651.8377762474,4438792.60941781,0.027512445303935026,0
actual,1745423071.531248,394651.83753800695,4438792.609155395,0.027529095744999177,0
actual,1745423071.6312516,394651.83726074366,4438792.60885503,0.027558923421915606,0
actual,1745423071.7312841,394651.8369517554,4438792.6084931,0.027556933746568396,0
actual,1745423071.831271,394651.8378144357,4438792.609966908,0.027521503562752826,0
actual,1745423071.931297,394651.8377247541,4438792.609780216,0.027525639993080026,0
actual,1745423072.0312843,394651.83759619534,4438792.6095302,0.027529497170727116,0
actual,1745423072.1312048,394651.8374430038,4438792.6091778,0.027544140483151333,0
actual,1745423072.2312658,394651.83729697147,4438792.608744744,0.027535745449449107,0
actual,1745423072.3312492,394651.83714230795,4438792.60822035,0.027539340827708314,0
actual,1745423072.4312825,394651.8398109792,4438792.6114273155,0.02752351069139276,0
actual,1745423072.5312564,394651.83982672036,4438792.611220988,0.027550004789437862,0
actual,1745423072.6312811,394651.83982328215,4438792.610953686,0.027587948247376405,0
actual,1745423072.7312746,394651.8398382165,4438792.610632915,0.027599938659337592,0
actual,1745423072.8312492,394651.8383440955,4438792.611050708,0.027500734144654197,0
actual,1745423072.9312475,394651.8380880776,4438792.61101288,0.02746958001750613,0
actual,1745423073.0312798,394651.8376915774,4438792.611131499,0.027331751366476142,0
actual,1745423073.1312592,394651.8372016702,4438792.610606024,0.027441742015936667,0
actual,1745423073.231249,394651.8367163539,4438792.609811907,0.02743708198683395,0
actual,1745423073.3312526,394651.8386098202,4438792.612019633,0.027544681535219325,0
actual,1745423073.4312851,394651.83888093533,4438792.612342894,0.02749221693790439,0
actual,1745423073.5312831,394651.839175361,4438792.612311715,0.027520177112521433,0
actual,1745423073.6312788,394651.8392938145,4438792.612280743,0.027542814032919694,0
actual,1745423073.731246,394651.83928932727,4438792.612429195,0.0275273678690396,0
actual,1745423073.8312545,394651.83889282227,4438792.611239697,0.027602469386753044,0
actual,1745423073.9312851,394651.83852544404,4438792.611024839,0.02751551708341847,0
actual,1745423074.0312665,394651.83810684056,4438792.610762883,0.02757649888748321,0
actual,1745423074.131298,394651.8376523738,4438792.610441399,0.027511520279431573,0
actual,1745423074.2312968,394651.8372406549,4438792.609913412,0.027559185221303486,0
actual,1745423074.3312986,394651.8385123233,4438792.611431874,0.027474362219656427,0
actual,1745423074.4311988,394651.83870833623,4438792.611296133,0.02746345391183147,0
actual,1745423074.5313027,394651.8389659525,4438792.611002729,0.027502060594885587,0
actual,1745423074.6312664,394651.8392250374,4438792.610702982,0.027527769294767537,0
actual,1745423074.7312925,394651.83947980625,4438792.61033876,0.02753907902832043,0
actual,1745423074.831337,394651.83988584124,4438792.610982545,0.027475967922568425,0
actual,1745423074.931295,394651.8398320705,4438792.610766672,0.027521102137024887,0
actual,1745423075.0312958,394651.8396203341,4438792.610491487,0.02753108542034639,0
actual,1745423075.1312819,394651.8392714632,4438792.610095689,0.02755120906662192,0
actual,1745423075.2313175,394651.83881299983,4438792.609677593,0.027540684731232428,0
actual,1745423075.331247,394651.8402476864,4438792.610678051,0.027439752340589454,0
actual,1745423075.4312286,394651.84056940954,4438792.610555356,0.027340408199566003,0
actual,1745423075.5312877,394651.84177773463,4438792.610684874,0.027211655260646287,0
actual,1745423075.6312797,394651.84337559226,4438792.610731266,0.027278885343433267,0
actual,1745423075.7313035,394651.8452224937,4438792.611018307,0.027124022278903665,0
actual,1745423075.8313162,394651.8419128051,4438792.610647174,0.02762789883395439,0
actual,1745423075.9313076,394651.8417601248,4438792.609830393,0.02776052640381342,0
actual,1745423076.0312908,394651.8404458527,4438792.609539824,0.027736161607455585,0
actual,1745423076.1312504,394651.8380886175,4438792.609646747,0.027655457582843497,0
actual,1745423076.2312489,394651.8346776715,4438792.609439594,0.027536949726633165,0
actual,1745423076.3312438,394651.8381426132,4438792.612418643,0.027586621797144766,0
actual,1745423076.4312723,394651.8352634926,4438792.612171407,0.02755066801455368,0
actual,1745423076.5312872,394651.8324637799,4438792.61186039,0.027684499861596774,0
actual,1745423076.6312494,394651.82988866104,4438792.611675278,0.02767170659817946,0
actual,1745423076.7312858,394651.82779412996,4438792.611286449,0.027742008460449885,0
actual,1745423076.8312848,394651.83279166813,4438792.61093261,0.027782360472756056,0
actual,1745423076.9312503,394651.8332276449,4438792.610712915,0.027776897592197217,0
actual,1745423077.0313113,394651.8340465753,4438792.610855444,0.027805660618270132,0
actual,1745423077.131322,394651.8350949003,4438792.610684748,0.027741624488014423,0
actual,1745423077.2311842,394651.83619727165,4438792.6103105005,0.027837896849554435,0
actual,1745423077.3312886,394651.8374320024,4438792.610114262,0.027804595967426377,0
actual,1745423077.4312963,394651.8360179831,4438792.610858627,0.02780047699039165,0
actual,1745423077.5312846,394651.8372691315,4438792.610604534,0.027781959047028116,0
actual,1745423077.6312518,394651.8387377092,4438792.6103515085,0.027735358755999712,0
actual,1745423077.731292,394651.8403878561,4438792.609894789,0.027777176844877575,0
actual,1745423077.8313227,394651.8355172288,4438792.609867453,0.02777504754319006,0
actual,1745423077.9313195,394651.8356640879,4438792.609638829,0.02780700452179425,0
actual,1745423078.0312514,394651.83582241257,4438792.609246612,0.02781258957540042,0
actual,1745423078.1312494,394651.8358950994,4438792.608972263,0.02787158170411795,0
actual,1745423078.2312815,394651.8353734086,4438792.608609542,0.027913120540315455,0
actual,1745423078.3312962,394651.8410960719,4438792.610432069,0.027804997393154316,0
actual,1745423078.4312894,394651.840108537,4438792.610467993,0.027783302950551984,0
actual,1745423078.5312624,394651.83875340724,4438792.610379895,0.02775759425067028,0
actual,1745423078.6312745,394651.8372252418,4438792.610074176,0.027804735593766432,0
actual,1745423078.731314,394651.83568344964,4438792.609765237,0.02775213137011144,0
actual,1745423078.8312888,394651.8414532215,4438792.611584895,0.027803269517194987,0
actual,1745423078.9311697,394651.84136157215,4438792.611407096,0.02783643077298274,0
actual,1745423079.031316,394651.84129546664,4438792.611279985,0.02780833097202564,0
actual,1745423079.1312814,394651.8414172498,4438792.611109612,0.027783564749939867,0
actual,1745423079.2312474,394651.8417962572,4438792.610844423,0.02778756155392701,0
actual,1745423079.3312793,394651.83872037753,4438792.612210382,0.02778023117106854,0
actual,1745423079.431247,394651.8392763877,4438792.611812651,0.027830165040968025,0
actual,1745423079.531248,394651.8400463005,4438792.611551677,0.027843743702548735,0
actual,1745423079.631291,394651.8408503672,4438792.611396391,0.02779127910523355,0
actual,1745423079.7312942,394651.8415430864,4438792.610840138,0.027848403731651452,0
actual,1745423079.8313177,394651.83742809953,4438792.612693759,0.027731361952012815,0
actual,1745423079.93128,394651.8369933318,4438792.612853851,0.027739879158762373,0
actual,1745423080.0312862,394651.8364027201,4438792.612788093,0.027749199216968053,0
actual,1745423080.1312819,394651.8356407224,4438792.612574339,0.02779901091381996,0
actual,1745423080.2312841,394651.83473434637,4438792.612483737,0.027822049259946403,0
actual,1745423080.3312159,394651.8377207652,4438792.61270533,0.027790755506458036,0
actual,1745423080.4313002,394651.8376219484,4438792.612337058,0.027814317451359996,0
actual,1745423080.5313046,394651.8375966163,4438792.612001407,0.027788748377818348,0
actual,1745423080.6312983,394651.83766390313,4438792.6116542835,0.027767455360943955,0
actual,1745423080.7312832,394651.8377148486,4438792.611099267,0.02776892143751565,0
actual,1745423080.831291,394651.83857561427,4438792.612613444,0.02775919995358203,0
actual,1745423080.9312973,394651.83878705,4438792.612501191,0.0277250962199981,0
actual,1745423081.0312479,394651.838983912,4438792.612316243,0.027722582945875124,0
actual,1745423081.1312823,394651.8388843688,4438792.612079872,0.027778503295108965,0
actual,1745423081.2312818,394651.83836709935,4438792.611748139,0.027713646860104905,0
actual,1745423081.3312535,394651.8391216196,4438792.613242949,0.027832835394723532,0
actual,1745423081.4312625,394651.8391496578,4438792.613139632,0.02786810849890657,0
actual,1745423081.5312495,394651.8393058219,4438792.613204654,0.02774706991528054,0
actual,1745423081.6312516,394651.839590307,4438792.612983986,0.027814457077700052,0
actual,1745423081.7312768,394651.8399018559,4438792.612729237,0.027770108261406985,0
actual,1745423081.831289,394651.8390449646,4438792.611417725,0.02779740521090821,0
actual,1745423081.93125,394651.83903394826,4438792.611131055,0.02776185285404506,0
actual,1745423082.0312474,394651.8389706106,4438792.610732436,0.027764785007188448,0
actual,1745423082.1312528,394651.83885056264,4438792.610287074,0.027746005264437032,0
actual,1745423082.231287,394651.838632841,4438792.609770274,0.027766251083760143,0
actual,1745423082.3312783,394651.83829483786,4438792.609199319,0.027775972567693763,0
actual,1745423082.4312801,394651.8426588068,4438792.61228486,0.02777344184027831,0
actual,1745423082.5311992,394651.84259042784,4438792.612006133,0.027809797048597335,0
actual,1745423082.6312516,394651.8426925802,4438792.611788903,0.027765849658032207,0
actual,1745423082.7312803,394651.8429860987,4438792.611451174,0.02775799567639822,0
actual,1745423082.831278,394651.84013581043,4438792.612369683,0.027792884808145547,0
actual,1745423082.9312847,394651.8400701126,4438792.612182834,0.027825644638205364,0
actual,1745423083.0312338,394651.8397860676,4438792.612089376,0.02781391602563206,0
actual,1745423083.131249,394651.83936872106,4438792.611840355,0.027844947979732547,0
actual,1745423083.231283,394651.8388406174,4438792.611481545,0.027871180278390015,0
actual,1745423083.3312473,394651.8403662876,4438792.613066063,0.027790214454390044,0
actual,1745423083.4312797,394651.8405381668,4438792.61289696,0.0278309678924239,0
actual,1745423083.5312803,394651.8408014786,4438792.612688538,0.027815923154271744,0
actual,1745423083.6312811,394651.84097650927,4438792.612503375,0.02780100058916717,0
actual,1745423083.7312815,394651.84098029474,4438792.612181913,0.027774366864781765,0
actual,1745423083.831285,394651.8386954297,4438792.611559941,0.027825505011865308,0
actual,1745423083.9312837,394651.8384477231,4438792.611341438,0.027824702160409436,0
actual,1745423084.0312486,394651.83824778977,4438792.611023936,0.02782018175764677,0
actual,1745423084.1312797,394651.8380678791,4438792.610636352,0.027859853091544644,0
actual,1745423084.231289,394651.837984253,4438792.610112631,0.027860132344224756,0
actual,1745423084.331282,394651.8383538637,4438792.610242382,0.027816848178775447,0
actual,1745423084.4312806,394651.8382973871,4438792.610171305,0.027784227975055687,0
actual,1745423084.5312483,394651.8382847562,4438792.609910595,0.0278193789061909,0
actual,1745423084.6312847,394651.83818744705,4438792.609452923,0.027845349405460483,0
actual,1745423084.7312202,394651.83802722755,4438792.608991306,0.027904742959905703,0
actual,1745423084.8312807,394651.8398757205,4438792.611247222,0.027728970850937416,0
actual,1745423084.9312446,394651.8400960142,4438792.6109981015,0.027750403494151865,0
actual,1745423085.0312443,394651.84021103097,4438792.610677994,0.02775998535174543,0
actual,1745423085.1312456,394651.84022292757,4438792.610450103,0.02776892143751565,0
actual,1745423085.231287,394651.840275051,4438792.610119709,0.027742689138858183,0
actual,1745423085.3311994,394651.8390613175,4438792.6112911105,0.027833900045567288,0
actual,1745423085.4312828,394651.8387270457,4438792.611126773,0.02789554507474785,0
actual,1745423085.5313065,394651.8380599047,4438792.611199095,0.02778862620477052,0
actual,1745423085.63128,394651.8372260807,4438792.611297269,0.02770886465795461,0
actual,1745423085.731277,394651.8367350451,4438792.6110178735,0.02773961735937474,0
actual,1745423085.8312464,394651.8363109728,4438792.610756498,0.027797003785180272,0
actual,1745423085.9312773,394651.836190923,4438792.610579898,0.02780965742225728,0
actual,1745423086.0312817,394651.83620770613,4438792.610422022,0.027761451428317124,0
actual,1745423086.1313212,394651.83641253144,4438792.610124813,0.027789551229274224,0
actual,1745423086.2313445,394651.8367120221,4438792.60969476,0.027784891200171257,0
actual,1745423086.3312538,394651.8360211702,4438792.611392133,0.027752672422179433,0
actual,1745423086.4312966,394651.8360224707,4438792.611355978,0.027754400298139012,0
actual,1745423086.5312812,394651.8359709094,4438792.611210984,0.027744940613593273,0
actual,1745423086.6313143,394651.8358168395,4438792.610931297,0.027748413818804656,0
actual,1745423086.7312474,394651.8355044693,4438792.610617949,0.0277508049198798,0
actual,1745423086.8312855,394651.8368393574,4438792.610970237,0.02775253279583938,0
actual,1745423086.931296,394651.83677014045,4438792.610778297,0.02774094380960613,0
actual,1745423087.0312932,394651.8366754259,4438792.61048801,0.027770108261406985,0
actual,1745423087.1312592,394651.8365892712,4438792.610125435,0.02777091111286286,0
actual,1745423087.231253,394651.8364885278,4438792.609614357,0.027795275909220696,0
actual,1745423087.3311875,394651.8377447572,4438792.610291879,0.027779707572293026,0
actual,1745423087.4312575,394651.8378472552,4438792.610016215,0.027814858503427988,0
actual,1745423087.531253,394651.8379826524,4438792.609764441,0.027787683726974592,0
actual,1745423087.6312835,394651.83805887547,4438792.609322388,0.027814980676475816,0
actual,1745423087.7314725,394651.83810025064,4438792.608806749,0.027810058847985215,0
actual,1745423087.8312812,394651.8385524951,4438792.610300735,0.02779115693218597,0
actual,1745423087.9312894,394651.8385057294,4438792.610051818,0.0278044737943788,0
actual,1745423088.031294,394651.83841628354,4438792.609684396,0.02787676533199643,0
actual,1745423088.1312504,394651.83835949213,4438792.6092900615,0.02789448042390409,0
actual,1745423088.2312486,394651.8383829983,4438792.60878918,0.02792071272256156,0
actual,1745423088.3312778,394651.83578720083,4438792.610429172,0.02780833097202564,0
actual,1745423088.4312072,394651.83555439283,4438792.610203773,0.02779834768870414,0
actual,1745423088.5312495,394651.8352897839,4438792.609936487,0.02782576681125319,0
actual,1745423088.6312761,394651.83499458426,4438792.609599805,0.027823637509565676,0
actual,1745423088.731281,394651.8346600145,4438792.609166128,0.02783643077298274,0
actual,1745423088.831279,394651.8362503905,4438792.610604847,0.02777290078821007,0
actual,1745423088.9312801,394651.83620318037,4438792.610430909,0.027774907916850004,0
actual,1745423089.0312846,394651.8361012732,4438792.610186861,0.027769445036291165,0
actual,1745423089.1312802,394651.8359217556,4438792.609861142,0.027796218387016874,0
actual,1745423089.231249,394651.8357391621,4438792.609343229,0.027824178561633668,0
actual,1745423089.331277,394651.8364482272,4438792.610526514,0.027756128174098588,0
actual,1745423089.4312901,394651.83641902986,4438792.610433661,0.0277441377621374,0
actual,1745423089.5312777,394651.83634782373,4438792.610127042,0.027796602359452336,0
actual,1745423089.6312833,394651.8362448138,4438792.609790903,0.027781959047028116,0
actual,1745423089.7312834,394651.8361065574,4438792.609414011,0.027792884808145547,0
actual,1745423089.8312824,394651.8358584787,4438792.609461203,0.02775347527363556,0
actual,1745423089.9312837,394651.8358254429,4438792.609191693,0.027729773702393292,0
actual,1745423090.0312116,394651.8357308218,4438792.608852467,0.0277673157346039,0
actual,1745423090.1312969,394651.83560950495,4438792.60842,0.02777410506539413,0
actual,1745423090.2312803,394651.83545018925,4438792.607879383,0.027795939134336516,0
actual,1745423090.3312685,394651.836833399,4438792.609763658,0.027748675618192536,0
actual,1745423090.4312747,394651.8368869366,4438792.609581814,0.02774881524453259,0
actual,1745423090.5312822,394651.8369616368,4438792.609370709,0.027755866374710704,0
actual,1745423090.6312282,394651.8369988607,4438792.609007015,0.027833358993499296,0
actual,1745423090.731275,394651.8370140654,4438792.608668229,0.027796340560064452,0
actual,1745423090.831249,394651.8361622729,4438792.609475519,0.027757192824942097,0
actual,1745423090.9312763,394651.83613694046,4438792.609256878,0.02774375378970194,0
actual,1745423091.0312676,394651.8360582623,4438792.608931963,0.02773788948341516,0
actual,1745423091.131258,394651.8359284976,4438792.608484055,0.027734957330271773,0
actual,1745423091.2312534,394651.83581131883,4438792.607985753,0.027722181520147188,0
actual,1745423091.3314624,394651.83641352615,4438792.6111540925,0.0277482741924646,0
actual,1745423091.4312594,394651.8363425738,4438792.610953811,0.027774244691734184,0
actual,1745423091.5312893,394651.83625917777,4438792.610732013,0.027799813765275832,0
actual,1745423091.6312494,394651.8362133995,4438792.610406215,0.027789813028662104,0
actual,1745423091.7312198,394651.836157016,4438792.609987842,0.027798469861751968,0
actual,1745423091.8312826,394651.83608905604,4438792.609817116,0.02776118962892924,0
actual,1745423091.9311755,394651.8359541245,4438792.609536822,0.0277657100316919,0
actual,1745423092.0312502,394651.83576241566,4438792.609185041,0.02775879852785409,0
actual,1745423092.1312852,394651.8355797347,4438792.608779899,0.027736283780503412,0
actual,1745423092.2312317,394651.8354115649,4438792.608237216,0.02771631721386041,0
actual,1745423092.3313189,394651.83515152347,4438792.607575465,0.027697537471108993,0
actual,1745423092.4312806,394651.836427603,4438792.610105922,0.027739756985714792,0
actual,1745423092.531722,394651.83633249986,4438792.609844738,0.027755325322642466,0
actual,1745423092.6312795,394651.83618637,4438792.609494217,0.027762655705500936,0
actual,1745423092.7312875,394651.83597595186,4438792.609075946,0.027784629400783623,0
actual,1745423092.83126,394651.836054793,4438792.611050157,0.027790092281342216,0
actual,1745423092.931287,394651.8359602883,4438792.610894043,0.027804334168038496,0
actual,1745423093.03125,394651.8358555174,4438792.61063142,0.02781805245595926,0
actual,1745423093.1312535,394651.83574007545,4438792.610338939,0.027808854570801157,0
actual,1745423093.23123,394651.83567190147,4438792.610000326,0.0277763739934217,0
actual,1745423093.3312564,394651.83638468804,4438792.611092169,0.027795816961288935,0
actual,1745423093.4312553,394651.8363903116,4438792.610988581,0.027761050002589185,0
actual,1745423093.5312507,394651.83638836164,4438792.610792323,0.02777290078821007,0
actual,1745423093.6312497,394651.8363544162,4438792.610510125,0.027795415535561,0
actual,1745423093.731252,394651.8362972292,4438792.610188577,0.027791017305845916,0
actual,1745423093.8312526,394651.8360817929,4438792.610531538,0.027792623008757667,0
actual,1745423093.9312816,394651.8360431595,4438792.610302055,0.027788888004158404,0
actual,1745423094.0312486,394651.8359843999,4438792.609967968,0.027827896112940457,0
actual,1745423094.131294,394651.8359089142,4438792.6096061375,0.027828175365620815,0
actual,1745423094.231252,394651.8358363179,4438792.609145503,0.02784814193226357,0
actual,1745423094.331316,394651.8348987823,4438792.610913257,0.027857322364129196,0
actual,1745423094.4312532,394651.8347729599,4438792.610751592,0.027816586379387564,0
actual,1745423094.531249,394651.83461406815,4438792.610551692,0.027814579250747876,0
actual,1745423094.6312506,394651.8344044358,4438792.610324815,0.02780419454169844,0
actual,1745423094.7312527,394651.83413749957,4438792.609997913,0.027832695768383476,0
actual,1745423094.8312511,394651.83654726367,4438792.610441043,0.02778436760139574,0
actual,1745423094.93128,394651.8365768226,4438792.610243947,0.027798469861751968,0
actual,1745423095.031245,394651.8366815814,4438792.6100135045,0.02778408834871538,0
actual,1745423095.1312764,394651.83670409,4438792.60968068,0.027808592771413523,0
actual,1745423095.2316818,394651.8367081307,4438792.609318795,0.02781710997816308,0
actual,1745423095.331263,394651.83584993874,4438792.610508229,0.027781697247640236,0
actual,1745423095.4312766,394651.83581837395,4438792.610310164,0.02776532605925644,0
actual,1745423095.5312097,394651.8358115651,4438792.61001551,0.027757856050057917,0
actual,1745423095.6312773,394651.8357404593,4438792.609632806,0.027772778615162492,0
actual,1745423095.7312973,394651.83560132264,4438792.609232693,0.02775986317869785,0
actual,1745423095.8312616,394651.8350483566,4438792.61003582,0.027754662097526892,0
actual,1745423095.931258,394651.83493157884,4438792.609782105,0.027781156195571994,0
actual,1745423096.0312574,394651.8348466437,4438792.609474824,0.027775832941353457,0
actual,1745423096.1312823,394651.83474798064,4438792.609083273,0.02781098387248867,0
actual,1745423096.2312472,394651.83466748695,4438792.6086538425,0.027817790656571376,0
actual,1745423096.3312762,394651.83450370753,4438792.61091149,0.027811123498828725,0
actual,1745423096.431335,394651.83444037667,4438792.61080514,0.027824038935293616,0
actual,1745423096.531259,394651.8343447087,4438792.6106487615,0.02780407236865086,0
actual,1745423096.6313026,394651.8341750013,4438792.610417648,0.027818576054734773,0
actual,1745423096.7312834,394651.8339618562,4438792.610116498,0.027836692572370623,0
actual,1745423096.831253,394651.8358803689,4438792.6104787765,0.02773895413425892,0
actual,1745423096.9312491,394651.83594813425,4438792.610327559,0.02774508023993333,0
actual,1745423097.031249,394651.83603550354,4438792.610080803,0.027761730680997482,0
actual,1745423097.1312509,394651.83610360447,4438792.60974449,0.027789813028662104,0
actual,1745423097.2312253,394651.83615871205,4438792.609357805,0.027808854570801157,0
actual,1745423097.331284,394651.8362015839,4438792.6089432575,0.02780220486635123,0
actual,1745423097.4312997,394651.8366219801,4438792.610664829,0.027781295821912296,0
actual,1745423097.5312495,394651.8366616623,4438792.610502198,0.027769846462019104,0
actual,1745423097.6312828,394651.8367093083,4438792.610304249,0.027774366864781765,0
actual,1745423097.7313027,394651.8367339696,4438792.610110665,0.02776838038544741,0
actual,1745423097.8312495,394651.83570343273,4438792.609961594,0.02778408834871538,0
actual,1745423097.9312873,394651.83550217183,4438792.609769414,0.02779740521090821,0
actual,1745423098.0313005,394651.83525223075,4438792.609483463,0.02780766774690982,0
actual,1745423098.1312742,394651.8349875348,4438792.609118253,0.02777956794595272,0
actual,1745423098.2317312,394651.83471931424,4438792.608707424,0.02777024788774704,0
actual,1745423098.3312824,394651.83675371803,4438792.610463147,0.027798469861751968,0
actual,1745423098.4312482,394651.8367788067,4438792.610328829,0.027782238299708228,0
actual,1745423098.5312495,394651.83678426576,4438792.610125797,0.027786217650402897,0
actual,1745423098.6312873,394651.8367285244,4438792.609819141,0.02780953524920945,0
actual,1745423098.7312753,394651.8366207828,4438792.609390791,0.027826971088437003,0
actual,1745423098.8312957,394651.8351027502,4438792.610225628,0.02773895413425892,0
actual,1745423098.93149,394651.8347387507,4438792.610101014,0.0277333690806525,0
actual,1745423099.0315452,394651.83428797626,4438792.609838773,0.02775146814499562,0
actual,1745423099.1313314,394651.83362074156,4438792.60951569,0.027734695530883893,0
actual,1745423099.2312806,394651.83295958483,4438792.60914889,0.027706456103586737,0
actual,1745423099.3312752,394651.8332371931,4438792.61217039,0.02777571076830588,0
actual,1745423099.4312527,394651.8331536052,4438792.6121181855,0.027807929546297704,0
actual,1745423099.5312595,394651.8332557399,4438792.611960659,0.027857200191081614,0
actual,1745423099.631281,394651.8336126157,4438792.611731029,0.02785547231512204,0
actual,1745423099.7311924,394651.8341493972,4438792.611427903,0.027883031064010896,0
actual,1745423099.8312075,394651.8323252805,4438792.6124809375,0.027768118586059775,0
actual,1745423099.931373,394651.832374832,4438792.612288651,0.027781156195571994,0
actual,1745423100.0313022,394651.8323185859,4438792.612083555,0.027809797048597335,0
actual,1745423100.1314418,394651.83207994467,4438792.6118108835,0.027799412339547896,0
actual,1745423100.2312632,394651.83167480293,4438792.611367713,0.027814718877087932,0
actual,1745423100.3312497,394651.8329634712,4438792.612629834,0.0277747682905097,0
actual,1745423100.4312487,394651.8329232719,4438792.612489474,0.027798068436024028,0
actual,1745423100.5312653,394651.8329657763,4438792.612225869,0.027810058847985215,0
actual,1745423100.6312501,394651.83307093824,4438792.611873447,0.027861720593844275,0
actual,1745423100.7312498,394651.8332070462,4438792.611561963,0.027820844982762345,0
actual,1745423100.8314958,394651.8319543565,4438792.610938797,0.027780492970456424,0
actual,1745423100.9313037,394651.83179682307,4438792.610577993,0.027795939134336516,0
actual,1745423101.0313365,394651.8315657831,4438792.610360789,0.02774347453702158,0
actual,1745423101.1312745,394651.8313131727,4438792.609961875,0.027784629400783623,0
actual,1745423101.2312994,394651.8310029914,4438792.609400548,0.027743073111293644,0
actual,1745423101.3312848,394651.833472686,4438792.611053818,0.02775000206842393,0
actual,1745423101.4312494,394651.8335244581,4438792.610873184,0.027772778615162492,0
actual,1745423101.5312757,394651.8335325871,4438792.610611227,0.0277854322522395,0
actual,1745423101.6312938,394651.8335376688,4438792.610325053,0.027774506491122068,0
actual,1745423101.7312841,394651.833659591,4438792.609911324,0.02775026386781181,0
actual,1745423101.8315525,394651.83166618634,4438792.6108197365,0.027825644638205364,0
actual,1745423101.931646,394651.8315995429,4438792.610720895,0.027790354080730096,0
actual,1745423102.031285,394651.83149215154,4438792.610484528,0.02784615225691636,0
actual,1745423102.1314585,394651.83135021204,4438792.610228557,0.027818576054734773,0
actual,1745423102.2313306,394651.8311677461,4438792.60988644,0.027821386034830583,0
actual,1745423102.3312845,394651.8309241415,4438792.609469199,0.027827232887824637,0
actual,1745423102.4312742,394651.8349481061,4438792.610814051,0.027776112194033815,0
actual,1745423102.5314767,394651.834958256,4438792.610570446,0.02778756155392701,0
actual,1745423102.6313434,394651.83496286976,4438792.610237628,0.027808732397753576,0
actual,1745423102.7315087,394651.83499799797,4438792.609869172,0.02779182015730179,0
actual,1745423102.8314357,394651.8352704859,4438792.612675618,0.027771713964318736,0
actual,1745423102.9313056,394651.83532594505,4438792.612630916,0.027772377189434552,0
actual,1745423103.031265,394651.8354099931,4438792.612492783,0.027754801723866948,0
actual,1745423103.1312568,394651.8354360168,4438792.612226742,0.02776838038544741,0
actual,1745423103.2313497,394651.83543270186,4438792.611940125,0.02774881524453259,0
actual,1745423103.3313956,394651.83538052416,4438792.611587979,0.027801279841847527,0
actual,1745423103.4313111,394651.8361659814,4438792.611349802,0.027817912829619203,0
actual,1745423103.5313008,394651.8360648219,4438792.610920039,0.027869173149750077,0
actual,1745423103.6312943,394651.835973636,4438792.61043573,0.0279161923197989,0
actual,1745423103.7317958,394651.83592758153,4438792.60984059,0.02794642142244351,0
actual,1745423103.8315983,394651.835115293,4438792.613085875,0.027775571141965823,0
actual,1745423103.9313276,394651.8350356745,4438792.612949843,0.02780047699039165,0
actual,1745423104.0312464,394651.83492201456,4438792.612759707,0.02781325280051624,0
actual,1745423104.1313093,394651.834858209,4438792.612434145,0.02782749468721252,0
actual,1745423104.23131,394651.8348107414,4438792.612059751,0.02782936218951215,0
actual,1745423104.3312654,394651.83490780526,4438792.610734073,0.02776785678667189,0
actual,1745423104.4312491,394651.83485421113,4438792.610350396,0.027804735593766432,0
actual,1745423104.5315022,394651.8347870056,4438792.6099931905,0.027806463469726008,0
actual,1745423104.6313665,394651.83471805986,4438792.609525793,0.027815382102203752,0
actual,1745423104.731518,394651.83468120254,4438792.608890183,0.02782857679134875,0
actual,1745423104.831497,394651.8332905425,4438792.610896217,0.027766251083760143,0
actual,1745423104.9312706,394651.83316807775,4438792.610715917,0.027745342039321212,0
actual,1745423105.0312638,394651.83305877855,4438792.610413436,0.027770370060794868,0
actual,1745423105.1312652,394651.8329503912,4438792.610060562,0.027744539187865336,0
actual,1745423105.2312238,394651.83281209297,4438792.60955496,0.027766914308875713,0
actual,1745423105.3312666,394651.83276163053,4438792.610687845,0.027749077043920475,0
actual,1745423105.431533,394651.83266982797,4438792.610512137,0.02776118962892924,0
actual,1745423105.5318494,394651.83254436404,4438792.610247608,0.027767176108263597,0
actual,1745423105.6318588,394651.8324158507,4438792.609842917,0.027763982155732576,0
actual,1745423105.731685,394651.83231539134,4438792.609377343,0.0277714521649311,0
actual,1745423105.8313155,394651.8341607582,4438792.611083612,0.027744539187865336,0
actual,1745423105.9312816,394651.8343298984,4438792.610924427,0.02773895413425892,0
actual,1745423106.0312626,394651.8344778599,4438792.610680438,0.027760124978085485,0
actual,1745423106.1312644,394651.83461409516,4438792.6104081,0.02776852001178771,0
actual,1745423106.2317727,394651.8347866186,4438792.610085258,0.027761992480385116,0
actual,1745423106.3317928,394651.8345252842,4438792.610974026,0.027767455360943955,0
actual,1745423106.431535,394651.8345450335,4438792.610824542,0.027737488057687224,0
actual,1745423106.5321577,394651.83455595456,4438792.6105789,0.027714187912173144,0
actual,1745423106.631692,394651.83456633374,4438792.610286217,0.027726300497181913,0
actual,1745423106.731805,394651.83464047266,4438792.609773008,0.027757192824942097,0
actual,1745423106.8315423,394651.83475568047,4438792.60927107,0.027773302213938006,0
actual,1745423106.9331305,394651.8343836766,4438792.611868898,0.02777543151562552,0
actual,1745423107.0320168,394651.83436554956,4438792.611685824,0.02780100058916717,0
actual,1745423107.131377,394651.8343195766,4438792.611432909,0.027779306146565087,0
actual,1745423107.232589,394651.83431375294,4438792.611202919,0.027764785007188448,0
actual,1745423107.3332005,394651.8340222705,4438792.61202496,0.02775759425067028,0
actual,1745423107.431866,394651.83410016575,4438792.611840201,0.027746808115892904,0
actual,1745423107.5325289,394651.8342023278,4438792.611490629,0.027768642184835293,0
actual,1745423107.6319137,394651.8341812963,4438792.610908293,0.02786238381895985,0
actual,1745423107.7314506,394651.8340422453,4438792.610494361,0.027875700681152676,0
actual,1745423107.8319323,394651.8345466904,4438792.6107385345,0.027764523207800568,0
actual,1745423107.9316046,394651.83440318506,4438792.610418347,0.027760386777473365,0
actual,1745423108.0316184,394651.8343367684,4438792.609976134,0.02775307384790762,0
actual,1745423108.1317668,394651.834466471,4438792.609569396,0.02771565398874484,0
actual,1745423108.2316568,394651.834695038,4438792.609049658,0.0277002078248645,0
actual,1745423108.3316464,394651.8357317073,4438792.610481318,0.027762655705500936,0
actual,1745423108.431954,394651.83582504065,4438792.610327408,0.02772617832413433,0
actual,1745423108.5316205,394651.8357816563,4438792.61004751,0.027743614163361636,0
actual,1745423108.6316254,394651.83564947254,4438792.609696954,0.02775066529353975,0
actual,1745423108.731417,394651.8354752384,4438792.6093584,0.02771991259211962,0
actual,1745423108.831309,394651.83505206514,4438792.610467951,0.027790354080730096,0
actual,1745423108.9318197,394651.8349839331,4438792.610302644,0.02779648018640451,0
actual,1745423109.0315006,394651.8349347658,4438792.610034918,0.027814579250747876,0
actual,1745423109.131271,394651.83499853837,4438792.6097177975,0.027824178561633668,0
actual,1745423109.231744,394651.8351225425,4438792.609254204,0.027854268037938227,0
actual,1745423109.3312857,394651.83529894165,4438792.608760679,0.027901531554082204,0
actual,1745423109.4317393,394651.8354332856,4438792.609949655,0.027795537708608577,0
actual,1745423109.5315418,394651.83536908694,4438792.609684109,0.027843080477432915,0
actual,1745423109.6315045,394651.835255061,4438792.609360735,0.02785187693686283,0
actual,1745423109.731328,394651.8351918391,4438792.609026126,0.027858125215585068,0
actual,1745423109.8313968,394651.8333205667,4438792.609991041,0.027790214454390044,0
actual,1745423109.9312596,394651.8333232953,4438792.609824927,0.027762393906113052,0
actual,1745423110.031292,394651.8333581398,4438792.609604927,0.02778023117106854,0
actual,1745423110.1313255,394651.83336341695,4438792.609327667,0.02775865890151379,0
actual,1745423110.231713,394651.83329846396,4438792.608928265,0.02777290078821007,0
actual,1745423110.331425,394651.834093943,4438792.610020112,0.027761992480385116,0
actual,1745423110.4314704,394651.8340517673,4438792.6098243985,0.02776970683567905,0
actual,1745423110.5314364,394651.83405006217,4438792.609487504,0.027795939134336516,0
actual,1745423110.6314743,394651.834116646,4438792.609290505,0.02778436760139574,0
actual,1745423110.7312758,394651.8342113105,4438792.608903863,0.02779927271320784,0
actual,1745423110.8312597,394651.83485062,4438792.609142819,0.02775347527363556,0
actual,1745423110.9312644,394651.83480066375,4438792.609007248,0.027741624488014423,0
actual,1745423111.0324259,394651.8347570263,4438792.608808127,0.027736824832571404,0
actual,1745423111.1318324,394651.83475824393,4438792.608529747,0.02777024788774704,0
actual,1745423111.232167,394651.8347869183,4438792.608206683,0.027754539924479064,0
actual,1745423111.3316994,394651.83531590714,4438792.609123116,0.02778183687398029,0
actual,1745423111.4313242,394651.83538540074,4438792.609030162,0.027776112194033815,0
actual,1745423111.5319433,394651.8355165357,4438792.608794917,0.027777176844877575,0
actual,1745423111.6315227,394651.83560814225,4438792.608468777,0.027794350884717243,0
actual,1745423111.731336,394651.8356365301,4438792.608065983,0.027776775419149635,0
actual,1745423111.831853,394651.83741086826,4438792.608574982,0.027776775419149635,0
actual,1745423111.932224,394651.83753264893,4438792.608426367,0.027783564749939867,0
actual,1745423112.0323088,394651.8377671611,4438792.608136145,0.02779728303786063,0
actual,1745423112.1317863,394651.83797098754,4438792.60781639,0.027760666030153723,0
actual,1745423112.2317035,394651.83809874806,4438792.607379801,0.027787282301246653,0
actual,1745423112.3317974,394651.83818972873,4438792.606959815,0.02775759425067028,0
actual,1745423112.4316356,394651.83607426914,4438792.6096561495,0.027797806636636148,0
actual,1745423112.5322127,394651.83591570245,4438792.609456533,0.02781086169944109,0
actual,1745423112.631346,394651.8357785373,4438792.609220808,0.027812991001128357,0
actual,1745423112.7313755,394651.8356414161,4438792.608869571,0.02782777393989288,0
actual,1745423112.8313904,394651.83501589095,4438792.610004953,0.027767176108263597,0
actual,1745423112.931264,394651.83491248754,4438792.609884244,0.02777836366876891,0
actual,1745423113.0314384,394651.83482320764,4438792.609698353,0.0277747682905097,0
actual,1745423113.1317503,394651.8346722409,4438792.609393035,0.027781034022524416,0
actual,1745423113.2315571,394651.8345683578,4438792.609103121,0.02778408834871538,0
actual,1745423113.331764,394651.83621061355,4438792.610819136,0.027796881612132694,0
actual,1745423113.4318912,394651.8362947924,4438792.610727668,0.027798068436024028,0
actual,1745423113.5318086,394651.83640838915,4438792.610643341,0.02780580024461019,0
actual,1745423113.6313586,394651.83653661667,4438792.610443447,0.027826307863321183,0
actual,1745423113.7314703,394651.8366395185,4438792.610128534,0.0278318929169276,0
actual,1745423113.8313906,394651.8343013875,4438792.61052573,0.027749338843308356,0
actual,1745423113.9316134,394651.83411797043,4438792.610331195,0.027790755506458036,0
actual,1745423114.0317588,394651.8339195581,4438792.610073354,0.027798208062364084,0
actual,1745423114.1317904,394651.8337369766,4438792.609786238,0.02781019847432527,0
actual,1745423114.2318206,394651.83352605905,4438792.609390887,0.027838682247717832,0
actual,1745423114.3315997,394651.8338637488,4438792.610782507,0.02778342512359981,0
actual,1745423114.4315553,394651.83382828993,4438792.610641683,0.027795939134336516,0
actual,1745423114.531328,394651.83377524087,4438792.610458389,0.027821770007266045,0
actual,1745423114.6312952,394651.83374153747,4438792.610186659,0.027802728465126745,0
actual,1745423114.731663,394651.8337112797,4438792.609903637,0.02779314660753318,0
actual,1745423114.8313084,394651.8320954963,4438792.611570693,0.0277392159336468,0
actual,1745423114.9313831,394651.83194240095,4438792.611447817,0.027761329255269543,0
actual,1745423115.0313032,394651.83179158095,4438792.611288683,0.027742409886177825,0
actual,1745423115.132307,394651.8316741961,4438792.6109892465,0.0277663907101002,0
actual,1745423115.2316651,394651.83160129364,4438792.610684197,0.02774015841144273,0
actual,1745423115.3313656,394651.8314836761,4438792.610262849,0.027703139978007888,0
actual,1745423115.4314892,394651.8341030305,4438792.610391406,0.027721518295031368,0
actual,1745423115.5314536,394651.83415604604,4438792.61005503,0.027729773702393292,0
actual,1745423115.6312547,394651.8342433216,4438792.609665134,0.02770820143283879,0
actual,1745423115.7312894,394651.8343620377,4438792.609196316,0.02771179681109775,0
actual,1745423115.8316405,394651.8328607648,4438792.609214808,0.027781156195571994,0
actual,1745423115.9316385,394651.83278345177,4438792.608935997,0.027793548033261367,0
actual,1745423116.0315955,394651.832722,4438792.6086657895,0.02775759425067028,0
actual,1745423116.131505,394651.8326333923,4438792.608315596,0.027764383581460512,0
actual,1745423116.2315185,394651.8325524286,4438792.607923697,0.02775666922616658,0
actual,1745423116.3312886,394651.83371279895,4438792.609631509,0.027782360472756056,0
actual,1745423116.4312696,394651.83381655795,4438792.609452544,0.027807266321181884,0
actual,1745423116.5313232,394651.8339184144,4438792.609228464,0.027845611204848367,0
actual,1745423116.6312551,394651.8340381087,4438792.608972386,0.02782857679134875,0
actual,1745423116.7314913,394651.83416893374,4438792.608597331,0.027834685443730686,0
actual,1745423116.8315659,394651.8332520603,4438792.610298786,0.02779607876067657,0
actual,1745423116.9314747,394651.83328864514,4438792.610210691,0.02780220486635123,0
actual,1745423117.0315442,394651.83341761294,4438792.610025669,0.02781765103023132,0
actual,1745423117.131409,394651.8335050851,4438792.609832381,0.027807929546297704,0
actual,1745423117.2315214,394651.83358229755,4438792.609496831,0.027814858503427988,0
actual,1745423117.3314455,394651.8336094963,4438792.609108148,0.027729093023984998,0
actual,1745423117.431376,394651.8333150508,4438792.610192168,0.027755866374710704,0
actual,1745423117.5316305,394651.8331953528,4438792.609936734,0.027803409143535043,0
actual,1745423117.6316142,394651.8330831276,4438792.609679579,0.027777840069993395,0
actual,1745423117.7316308,394651.8330521465,4438792.609261109,0.02776677468253566,0
actual,1745423117.8315952,394651.8325911971,4438792.610638241,0.02778503082651156,0
actual,1745423117.9315238,394651.83249945147,4438792.610551417,0.027821647834218467,0
actual,1745423118.031523,394651.8323511402,4438792.610380554,0.02783548829518656,0
actual,1745423118.1313705,394651.8321934459,4438792.610169319,0.02785213873625071,0
actual,1745423118.2315056,394651.83199963276,4438792.609818637,0.027878510661248235,0
actual,1745423118.3312874,394651.8344427107,4438792.609801752,0.02773375305308796,0
actual,1745423118.4313123,394651.83474550606,4438792.609508692,0.027795153736173115,0
actual,1745423118.5312533,394651.835035977,4438792.60917905,0.027822450685674342,0
actual,1745423118.631588,394651.8353571177,4438792.60882369,0.027748675618192536,0
actual,1745423118.7314801,394651.8359303726,4438792.608349328,0.02772057581723544,0
actual,1745423118.831501,394651.83505720674,4438792.608783915,0.02766664514334881,0
actual,1745423118.931627,394651.8355230653,4438792.608495218,0.0277847515738312,0
actual,1745423119.0315907,394651.83528191026,4438792.608164112,0.02779728303786063,0
actual,1745423119.1312938,394651.834702655,4438792.607497649,0.027764645380848146,0
actual,1745423119.2312794,394651.834076012,4438792.606815606,0.027866258449899414,0
actual,1745423119.3312495,394651.83574650635,4438792.607672585,0.027714187912173144,0
actual,1745423119.4314215,394651.83585081535,4438792.607406725,0.027773302213938006,0
actual,1745423119.5312488,394651.8362146213,4438792.607106259,0.02778609547735532,0
actual,1745423119.6315436,394651.83664855064,4438792.6066974215,0.02782070535642229,0
actual,1745423119.7315848,394651.8369790917,4438792.606233148,0.027891146845032768,0
actual,1745423119.831574,394651.8363833459,4438792.608388509,0.027721239042351256,0
actual,1745423119.9315193,394651.8360981536,4438792.608155632,0.027735620555387593,0
actual,1745423120.031515,394651.8358639651,4438792.60783454,0.02775865890151379,0
actual,1745423120.131281,394651.8357730155,4438792.607396987,0.027798208062364084,0
actual,1745423120.2314243,394651.8356757518,4438792.606934149,0.027827634313552823,0
actual,1745423120.3314133,394651.8368864057,4438792.608908835,0.027755464948982768,0
actual,1745423120.4313588,394651.8369647442,4438792.608752706,0.027725497645726037,0
actual,1745423120.5313783,394651.83714256424,4438792.608560008,0.02771338506071727,0
actual,1745423120.6319194,394651.8373656689,4438792.608167403,0.02777571076830588,0
actual,1745423120.7315753,394651.8374780939,4438792.60771861,0.027776496166469277,0
actual,1745423120.8314786,394651.8384825733,4438792.608384642,0.027826971088437003,0
actual,1745423120.9314854,394651.8384596808,4438792.608222397,0.02783882187405789,0
actual,1745423121.0313418,394651.838391021,4438792.60792604,0.027886225016542168,0
actual,1745423121.1315742,394651.8382144065,4438792.607603385,0.027876503532608548,0
actual,1745423121.23128,394651.83805623546,4438792.6071994975,0.027919909871105687,0
actual,1745423121.3316314,394651.83799332543,4438792.606759835,0.027804735593766432,0
actual,1745423121.4318347,394651.8367116052,4438792.609071844,0.02787025525388631,0
actual,1745423121.5315647,394651.8369586801,4438792.60877431,0.027935635287666134,0
actual,1745423121.6315696,394651.8372776192,4438792.608677654,0.027859067693381246,0
actual,1745423121.7315886,394651.8374800855,4438792.608356027,0.027930294580155123,0
actual,1745423121.8316636,394651.8367617599,4438792.609187578,0.027776496166469277,0
actual,1745423121.9316642,394651.83664859785,4438792.609066775,0.02779248338241761,0
actual,1745423122.0313935,394651.83636400977,4438792.608828043,0.027783302950551984,0
actual,1745423122.1313257,394651.836097818,4438792.6085039,0.027746808115892904,0
actual,1745423122.2312553,394651.83593653317,4438792.60808998,0.027774366864781765,0
actual,1745423122.3311691,394651.8358365903,4438792.607710073,0.027758519275173733,0
actual,1745423122.4316983,394651.83892942243,4438792.609026988,0.02780047699039165,0
actual,1745423122.5316796,394651.83922275336,4438792.608760158,0.027830304667308327,0
actual,1745423122.6316304,394651.83943525044,4438792.60843464,0.02784814193226357,0
actual,1745423122.7315881,394651.8394478327,4438792.60807941,0.027874112431533402,0
actual,1745423122.831468,394651.8382888003,4438792.608804893,0.02776930540995111,0
actual,1745423122.9315248,394651.83825093997,4438792.608486691,0.027778503295108965,0
actual,1745423123.0313156,394651.83816301666,4438792.608152495,0.027848403731651452,0
actual,1745423123.131361,394651.8380124555,4438792.607768006,0.027777560817313036,0
actual,1745423123.2313375,394651.83795442316,4438792.607239225,0.027805538445222554,0
actual,1745423123.3312736,394651.8379775317,4438792.606536157,0.027823113910790162,0
actual,1745423123.431331,394651.83655346493,4438792.60969899,0.02778155762130018,0
actual,1745423123.531983,394651.8366778785,4438792.60961379,0.027786496903083255,0
actual,1745423123.6315687,394651.836770079,4438792.609493107,0.02776251607916088,0
actual,1745423123.7314944,394651.83676833333,4438792.609325067,0.027766251083760143,0
actual,1745423123.8314588,394651.83640058327,4438792.61019643,0.027760666030153723,0
actual,1745423123.9315689,394651.83625760523,4438792.610041454,0.02779115693218597,0
actual,1745423124.0315719,394651.8361488789,4438792.609870535,0.027801279841847527,0
actual,1745423124.131371,394651.8361039398,4438792.609579369,0.027819117106803015,0
actual,1745423124.2313664,394651.83610913483,4438792.609314862,0.027790214454390044,0
actual,1745423124.331435,394651.83604803163,4438792.608888363,0.027806201670338128,0
actual,1745423124.4313452,394651.83695170365,4438792.609918252,0.027796602359452336,0
actual,1745423124.531708,394651.83691527194,4438792.609615279,0.027830426840355908,0
actual,1745423124.631597,394651.836932304,4438792.609294653,0.02782910039012427,0
actual,1745423124.731473,394651.8369787123,4438792.608787676,0.027878231408568127,0
actual,1745423124.8313537,394651.83660080686,4438792.610806293,0.02777996937168066,0
actual,1745423124.9313257,394651.8365526466,4438792.610783751,0.027787823353314645,0
actual,1745423125.0312893,394651.8364398863,4438792.610660397,0.027773703639666192,0
actual,1745423125.1315827,394651.8362768673,4438792.61042241,0.027797806636636148,0
actual,1745423125.2312684,394651.8360837902,4438792.610195283,0.02781098387248867,0
actual,1745423125.3315835,394651.83557325497,4438792.609355907,0.0277847515738312,0
actual,1745423125.4313116,394651.8355109272,4438792.609099862,0.027805398818882252,0
actual,1745423125.531496,394651.8354629809,4438792.60873559,0.027815259929156174,0
actual,1745423125.631542,394651.8354812731,4438792.608348813,0.027783966175667803,0
actual,1745423125.731394,394651.83554036834,4438792.607863677,0.027752009197063863,0
actual,1745423125.831485,394651.8353318438,4438792.610866146,0.027760386777473365,0
actual,1745423125.9313366,394651.8353173554,4438792.61081879,0.02777543151562552,0
actual,1745423126.0312967,394651.8353215449,4438792.610673193,0.027789813028662104,0
actual,1745423126.1314929,394651.83528868336,4438792.610534981,0.02778569405162738,0
actual,1745423126.2313626,394651.8352124482,4438792.610319389,0.02775279459522726,0
actual,1745423126.3313212,394651.83502501633,4438792.610558945,0.027772778615162492,0
actual,1745423126.4314816,394651.83504067565,4438792.610384517,0.02778448977444332,0
actual,1745423126.5315394,394651.8350506939,4438792.610179767,0.027766251083760143,0
actual,1745423126.631449,394651.8350724823,4438792.609834134,0.02776052640381342,0
actual,1745423126.731483,394651.83506719396,4438792.609395096,0.027771975763706616,0
actual,1745423126.8313394,394651.83460295864,4438792.609530948,0.02772443299488228,0
actual,1745423126.9313567,394651.83450461505,4438792.6092265695,0.027756931025554463,0
actual,1745423127.0316346,394651.83439860214,4438792.608908821,0.02774015841144273,0
actual,1745423127.1317813,394651.83431167697,4438792.608475173,0.02775413849875113,0
actual,1745423127.231755,394651.8341920213,4438792.607969267,0.02774628451711714,0
actual,1745423127.331278,394651.8339809099,4438792.607521785,0.027742409886177825,0
actual,1745423127.4315789,394651.83319339104,4438792.609374774,0.027768781811175345,0
actual,1745423127.5313745,394651.8329489408,4438792.609097166,0.027799412339547896,0
actual,1745423127.6315491,394651.83272805845,4438792.608813131,0.027814055651972112,0
actual,1745423127.7317336,394651.8325124185,4438792.6084620105,0.02783908367344577,0
actual,1745423127.8313854,394651.8341990472,4438792.610631914,0.027805259192542196,0
actual,1745423127.9313538,394651.8342930181,4438792.610569177,0.02780220486635123,0
actual,1745423128.0316265,394651.8343314614,4438792.61044183,0.0277854322522395,0
actual,1745423128.131337,394651.8342699246,4438792.6102205375,0.02783882187405789,0
actual,1745423128.2312603,394651.83421073225,4438792.609919948,0.027847740506535632,0
actual,1745423128.3315988,394651.8348319347,4438792.610512869,0.027768118586059775,0
actual,1745423128.4315515,394651.83488728374,4438792.610345073,0.02776852001178771,0
actual,1745423128.531468,394651.83502133045,4438792.6101396,0.027755063523254832,0
actual,1745423128.631585,394651.83515445935,4438792.609851201,0.02775932212662961,0
actual,1745423128.7316208,394651.8352430805,4438792.609450878,0.027752270996451497,0
actual,1745423128.8314595,394651.83372745814,4438792.609819587,0.027794874483492757,0
actual,1745423128.931296,394651.8335745777,4438792.609688056,0.027812327776012787,0
actual,1745423129.0316927,394651.8334346755,4438792.60945575,0.027806463469726008,0
actual,1745423129.1313026,394651.8333636136,4438792.609201285,0.027793408406921065,0
actual,1745423129.2315264,394651.8333167207,4438792.608722564,0.027836954371758257,0
actual,1745423129.3315072,394651.8332463588,4438792.610148643,0.027816987805115503,0
actual,1745423129.4317217,394651.8332666172,4438792.610142532,0.02773961735937474,0
actual,1745423129.5316129,394651.8333291048,4438792.61005405,0.027742008460449885,0
actual,1745423129.6315036,394651.83343962446,4438792.6098959735,0.02775307384790762,0
actual,1745423129.7314694,394651.8335919239,4438792.609658387,0.027695669968809362,0
actual,1745423129.8313506,394651.8358575042,4438792.610827674,0.027806062043998072,0
actual,1745423129.9313173,394651.83594445646,4438792.610795823,0.027760264604425787,0
actual,1745423130.0312834,394651.8359407494,4438792.610594275,0.027798208062364084,0
actual,1745423130.131315,394651.83594435826,4438792.610425624,0.02778276189848399,0
actual,1745423130.2313292,394651.8360586843,4438792.610226397,0.027800197737711294,0
actual,1745423130.3315752,394651.83603692625,4438792.610397839,0.027773965439053826,0
actual,1745423130.431317,394651.8361492439,4438792.610133462,0.027833358993499296,0
actual,1745423130.5316443,394651.8362291968,4438792.609923166,0.027831369318152086,0
actual,1745423130.6313963,394651.83623186446,4438792.609561457,0.027857863416197188,0
actual,1745423130.7312558,394651.83618591994,4438792.609198394,0.02781831425534714,0
actual,1745423130.8313167,394651.8352883326,4438792.6112460755,0.027790877679505614,0
actual,1745423130.9312136,394651.8352264799,4438792.611171947,0.02777543151562552,0
actual,1745423131.0313928,394651.83521712513,4438792.61097777,0.027797684463588566,0
actual,1745423131.1316721,394651.83528222126,4438792.610724057,0.027806201670338128,0
actual,1745423131.2314537,394651.8353442971,4438792.610449089,0.02781072207310079,0
actual,1745423131.331654,394651.8353675383,4438792.61007272,0.02775014169476423,0
actual,1745423131.4317148,394651.8344687087,4438792.612695032,0.027724834420610217,0
actual,1745423131.5318794,394651.8343519794,4438792.612589561,0.0277524106227918,0
actual,1745423131.6314864,394651.8342832516,4438792.612449689,0.02772736514802567,0
actual,1745423131.7312584,394651.8342274645,4438792.612238046,0.027720977242963376,0
actual,1745423131.831479,394651.8341836087,4438792.6119129695,0.027696211020877604,0
actual,1745423131.9312866,394651.8336904486,4438792.609727681,0.027764645380848146,0
actual,1745423132.031675,394651.8336721046,4438792.609353233,0.027766914308875713,0
actual,1745423132.1318326,394651.8337079377,4438792.608940805,0.027796340560064452,0
actual,1745423132.2312841,394651.8337235077,4438792.608472708,0.027836552946030317,0
actual,1745423132.3312752,394651.83374540333,4438792.607912434,0.027838682247717832,0
actual,1745423132.4318428,394651.8344272156,4438792.6101076985,0.02780166381428299,0
actual,1745423132.5312908,394651.83446797024,4438792.609975092,0.02779475231044518,0
actual,1745423132.6318402,394651.83456066693,4438792.609661836,0.027812991001128357,0
actual,1745423132.7316172,394651.83474133856,4438792.60935317,0.027806201670338128,0
actual,1745423132.8313046,394651.83389823866,4438792.610262933,0.027761451428317124,0
actual,1745423132.9313161,394651.83394813974,4438792.610097065,0.02775307384790762,0
actual,1745423133.0316854,394651.8339996948,4438792.609855835,0.027751066719267685,0
actual,1745423133.1315439,394651.83401562116,4438792.609544319,0.027793949458989303,0
actual,1745423133.2318015,394651.8340591926,4438792.609273429,0.027742287713130243,0
actual,1745423133.3316278,394651.834664347,4438792.610564638,0.027767978959719473,0
actual,1745423133.4316206,394651.83469404245,4438792.6104871435,0.027763318930616756,0
actual,1745423133.5313087,394651.8347024609,4438792.610386328,0.02774347453702158,0
actual,1745423133.6313622,394651.8347295904,4438792.610204491,0.02772497404695052,0
actual,1745423133.7313533,394651.83479467285,4438792.609976264,0.027739093760598972,0
actual,1745423133.8313406,394651.8349113757,4438792.61006289,0.027753597446683136,0
actual,1745423133.9317,394651.83500741294,4438792.609889426,0.027762254279772997,0
actual,1745423134.0316372,394651.83515350556,4438792.609680115,0.027749740269036295,0
actual,1745423134.1316607,394651.8352900803,4438792.609425106,0.02775307384790762,0
actual,1745423134.231718,394651.83545974933,4438792.609106524,0.027740559837170668,0
actual,1745423134.331282,394651.8346399924,4438792.610295356,0.027781295821912296,0
actual,1745423134.4316576,394651.8346252796,4438792.610201638,0.027755604575322824,0
actual,1745423134.531255,394651.83462854545,4438792.610061314,0.02775253279583938,0
actual,1745423134.631296,394651.8346245772,4438792.60982605,0.02775066529353975,0
actual,1745423134.7312903,394651.8346729756,4438792.6094983015,0.027752270996451497,0
actual,1745423134.83166,394651.8345178312,4438792.6103073545,0.02778742192758671,0
actual,1745423134.9312294,394651.83451898606,4438792.610169287,0.02776918323690353,0
actual,1745423135.0318525,394651.8345253125,4438792.609876665,0.02780220486635123,0
actual,1745423135.1316345,394651.834563029,4438792.609557794,0.027773180040890428,0
actual,1745423135.231266,394651.83462154865,4438792.6091916,0.02777117291225074,0
actual,1745423135.3311918,394651.8347312461,4438792.608753077,0.02775932212662961,0
actual,1745423135.4312985,394651.83603503474,4438792.609440012,0.027778765094496848,0
actual,1745423135.5313227,394651.83622657135,4438792.609208193,0.02776345855695681,0
actual,1745423135.6313758,394651.836424288,4438792.608875437,0.027765186432916387,0
actual,1745423135.731401,394651.83662096516,4438792.608536097,0.027755866374710704,0
actual,1745423135.831396,394651.8347295533,4438792.609465869,0.02775932212662961,0
actual,1745423135.931265,394651.83449049265,4438792.609253419,0.02776892143751565,0
actual,1745423136.0318837,394651.83414847404,4438792.60891422,0.027756529599826524,0
actual,1745423136.1315897,394651.8338981963,4438792.608565781,0.02777050968713492,0
actual,1745423136.2317505,394651.83363367943,4438792.608122343,0.02774214808678994,0
actual,1745423136.3312888,394651.8348659171,4438792.610312407,0.027763720356344692,0
actual,1745423136.4313016,394651.8350816932,4438792.610237735,0.02778183687398029,0
actual,1745423136.5312774,394651.83527692244,4438792.610094855,0.027810460273713155,0
actual,1745423136.6312997,394651.8353606044,4438792.609887039,0.027814195278312418,0
actual,1745423136.7312868,394651.835351138,4438792.609609488,0.027822311059334037,0
actual,1745423136.831786,394651.8341186153,4438792.610885102,0.027760124978085485,0
actual,1745423136.9317296,394651.8340355099,4438792.610786352,0.02777183613736656,0
actual,1745423137.031653,394651.83395685983,4438792.610641636,0.027788888004158404,0
actual,1745423137.1315405,394651.8338839216,4438792.610401948,0.027863989521871847,0
actual,1745423137.231271,394651.8338573338,4438792.610192266,0.02786252344530015,0
actual,1745423137.3312964,394651.8337868446,4438792.609923816,0.027871983129845887,0
actual,1745423137.4312925,394651.83488589886,4438792.612150932,0.02778262227214369,0
actual,1745423137.5312977,394651.83496617345,4438792.61203492,0.027824702160409436,0
actual,1745423137.6313133,394651.83511487895,4438792.611882505,0.027849066956767272,0
actual,1745423137.7316153,394651.8353391519,4438792.61168916,0.027837495423826495,0
actual,1745423137.8313658,394651.834377864,4438792.610902983,0.027779707572293026,0
actual,1745423137.9312644,394651.8344444428,4438792.610610688,0.02781351459990412,0
actual,1745423138.0314171,394651.83455517504,4438792.610293719,0.027773581466618364,0
actual,1745423138.1318433,394651.83449842106,4438792.609767162,0.02787584030749273,0
actual,1745423138.231279,394651.8343875146,4438792.609434332,0.02782070535642229,0
actual,1745423138.3312652,394651.8342450387,4438792.611379531,0.027777962243040973,0
actual,1745423138.4312618,394651.8343429142,4438792.6111955065,0.027795537708608577,0
actual,1745423138.531289,394651.8345737127,4438792.611030714,0.027799813765275832,0
actual,1745423138.6312714,394651.834871361,4438792.610788171,0.027822311059334037,0
actual,1745423138.7313857,394651.83518160414,4438792.610475276,0.02779993593832366,0
actual,1745423138.831696,394651.8339600073,4438792.611507317,0.027829501815852455,0
actual,1745423138.931755,394651.83386947925,4438792.6114591025,0.027811786723944545,0
actual,1745423139.0317774,394651.833796543,4438792.611345257,0.027838019022602013,0
actual,1745423139.1313407,394651.83384063945,4438792.611213104,0.02783295756777136,0
actual,1745423139.2312894,394651.833963652,4438792.610971317,0.027838019022602013,0
actual,1745423139.3312528,394651.8340303099,4438792.610698695,0.027836954371758257,0
actual,1745423139.4312632,394651.8349588739,4438792.61160173,0.02779314660753318,0
actual,1745423139.531321,394651.8349919958,4438792.611406869,0.027828838590736635,0
actual,1745423139.6318235,394651.8349773507,4438792.611304751,0.02778063259679648,0
actual,1745423139.7313757,394651.834911115,4438792.61107169,0.027807266321181884,0
actual,1745423139.831469,394651.83465910854,4438792.611678069,0.02779728303786063,0
actual,1745423139.9314222,394651.8348202605,4438792.611689624,0.027783302950551984,0
actual,1745423140.0312831,394651.83491034294,4438792.611607548,0.027798469861751968,0
actual,1745423140.1312926,394651.834810201,4438792.611522105,0.02775600600105076,0
actual,1745423140.2313006,394651.8346978208,4438792.611282217,0.027736283780503412,0
actual,1745423140.3312917,394651.8373348781,4438792.612061689,0.027782901524824048,0
actual,1745423140.4312892,394651.8375335345,4438792.611932813,0.027795816961288935,0
actual,1745423140.5312326,394651.8377775468,4438792.611822245,0.02776251607916088,0
actual,1745423140.6312733,394651.8380917541,4438792.611598707,0.027744678814205392,0
actual,1745423140.7312627,394651.8384052898,4438792.611251012,0.027793548033261367,0
actual,1745423140.8317497,394651.83625098073,4438792.612602837,0.02778342512359981,0
actual,1745423140.931276,394651.83601901314,4438792.612484616,0.027828437165008695,0
actual,1745423141.0312607,394651.8358569912,4438792.612383588,0.027814195278312418,0
actual,1745423141.1312733,394651.8359001754,4438792.612179605,0.027786357276742953,0
actual,1745423141.2312584,394651.83609137277,4438792.6118976,0.0277657100316919,0
actual,1745423141.331254,394651.83620249736,4438792.611535093,0.027822974284449856,0
actual,1745423141.4312627,394651.83568909473,4438792.611435928,0.027854407664278283,0
actual,1745423141.5312836,394651.8351668304,4438792.611155047,0.027891024671985187,0
actual,1745423141.6318274,394651.8345609737,4438792.61074419,0.027909263362668364,0
actual,1745423141.7313116,394651.83407437906,4438792.610334723,0.027931237057951055,0
actual,1745423141.8315732,394651.8354141195,4438792.61145702,0.027825243212477428,0
actual,1745423141.931318,394651.83541589224,4438792.611368504,0.027797544837248264,0
actual,1745423142.0312698,394651.83553535637,4438792.611248031,0.027799534512595724,0
actual,1745423142.1312737,394651.83569052734,4438792.611098457,0.027787683726974592,0
actual,1745423142.231266,394651.83585245244,4438792.610880913,0.027776897592197217,0
actual,1745423142.331302,394651.83609649964,4438792.610504584,0.027765186432916387,0
actual,1745423142.4312332,394651.8351925819,4438792.61162332,0.027764924633528504,0
actual,1745423142.531754,394651.83526900434,4438792.611411422,0.02778569405162738,0
actual,1745423142.6316082,394651.8353767373,4438792.611145518,0.027774907916850004,0
actual,1745423142.7315776,394651.83545734605,4438792.610736176,0.02779194233034937,0
actual,1745423142.831293,394651.83612055064,4438792.6124236295,0.027809133823481515,0
actual,1745423142.9311717,394651.8359264793,4438792.612366282,0.027784227975055687,0
actual,1745423143.0312653,394651.8357448009,4438792.612231773,0.02777543151562552,0
actual,1745423143.1314497,394651.835661616,4438792.612049687,0.027770649313474977,0
actual,1745423143.2313523,394651.83568885416,4438792.611775811,0.027723106544650888,0
actual,1745423143.3312757,394651.8357192227,4438792.611387696,0.027734957330271773,0
actual,1745423143.4312563,394651.8346660466,4438792.61247672,0.02779127910523355,0
actual,1745423143.5312548,394651.83456759265,4438792.612280259,0.027788748377818348,0
actual,1745423143.6312537,394651.8343910973,4438792.612014121,0.027774907916850004,0
actual,1745423143.731255,394651.834148925,4438792.611669599,0.02779993593832366,0
actual,1745423143.831296,394651.8343168197,4438792.612951611,0.027781295821912296,0
actual,1745423143.931284,394651.8341628109,4438792.612790001,0.027806323843385952,0
actual,1745423144.0312927,394651.8340936642,4438792.612664562,0.027797806636636148,0
actual,1745423144.1313071,394651.8341058664,4438792.612442506,0.027799133086867538,0
actual,1745423144.2313042,394651.83410124946,4438792.6121123005,0.027802606292079167,0
actual,1745423144.3312862,394651.83406243287,4438792.611729563,0.027848403731651452,0
actual,1745423144.431219,394651.8329618478,4438792.612687955,0.02784068937635752,0
actual,1745423144.5312808,394651.8330044575,4438792.612414755,0.027845873004236,0
actual,1745423144.6313434,394651.83313114144,4438792.612134596,0.02782936218951215,0
actual,1745423144.731518,394651.83323958976,4438792.611767234,0.027821770007266045,0
actual,1745423144.8312998,394651.83396732004,4438792.61251735,0.027814317451359996,0
actual,1745423144.9312584,394651.833991432,4438792.612400404,0.027846675855691873,0
actual,1745423145.0312622,394651.8340040306,4438792.612253335,0.027839362926126127,0
actual,1745423145.1312377,394651.8340172696,4438792.611986056,0.02786065594300052,0
actual,1745423145.2312596,394651.8340854717,4438792.6116468,0.027865595224783594,0
actual,1745423145.3312974,394651.83419169846,4438792.611280605,0.027877166757724368,0
actual,1745423145.431575,394651.8343424753,4438792.612779082,0.02776665250948808,0
actual,1745423145.5313864,394651.8343095602,4438792.612639279,0.027787823353314645,0
actual,1745423145.6316414,394651.83440245234,4438792.612505608,0.02780154164123541,0
actual,1745423145.731287,394651.834607351,4438792.612362496,0.02778183687398029,0
actual,1745423145.8312855,394651.83289724303,4438792.611987337,0.027806864895453944,0
actual,1745423145.9312496,394651.8328047656,4438792.611747984,0.027830828266083844,0
actual,1745423146.0312521,394651.8325668589,4438792.611481485,0.02786971420181832,0
actual,1745423146.1313007,394651.8322034535,4438792.611157673,0.027884357514242536,0
actual,1745423146.231303,394651.8317800892,4438792.6107563535,0.027929229929311367,0
actual,1745423146.3312664,394651.83322800585,4438792.611780433,0.0277243108218347,0
actual,1745423146.4313552,394651.833474005,4438792.611561388,0.027783163324211928,0
actual,1745423146.5313282,394651.8338054513,4438792.611359806,0.027764785007188448,0
actual,1745423146.6312914,394651.8341649162,4438792.611065352,0.02781152492455691,0
actual,1745423146.7312543,394651.83458042523,4438792.610679534,0.027791017305845916,0
actual,1745423146.831288,394651.83182322676,4438792.610239288,0.027812449949060365,0
actual,1745423146.931286,394651.83171686577,4438792.610146338,0.027779306146565087,0
actual,1745423147.0312583,394651.83155272936,4438792.60981816,0.027768642184835293,0
actual,1745423147.1313088,394651.8314077981,4438792.609369808,0.02777810186938103,0
actual,1745423147.2313213,394651.83136150474,4438792.60885835,0.027768781811175345,0
actual,1745423147.3312583,394651.83228848176,4438792.610276452,0.027793949458989303,0
actual,1745423147.431821,394651.832306241,4438792.610246531,0.02779475231044518,0
actual,1745423147.5312684,394651.8322562082,4438792.610092102,0.027824300734681496,0
actual,1745423147.6312597,394651.83217291604,4438792.609876611,0.02781765103023132,0
actual,1745423147.7312663,394651.8319867305,4438792.609727111,0.027821647834218467,0
actual,1745423147.8313198,394651.8320008731,4438792.610565474,0.027788346952090412,0
actual,1745423147.931257,394651.8318239344,4438792.610495176,0.02779648018640451,0
actual,1745423148.0312848,394651.8316223372,4438792.610272392,0.027807266321181884,0
actual,1745423148.1313145,394651.8314498428,4438792.610025254,0.027821770007266045,0
actual,1745423148.2312913,394651.831403753,4438792.609715208,0.02785932949276888,0
actual,1745423148.3312805,394651.8314788962,4438792.60938476,0.027875299255424736,0
actual,1745423148.4312737,394651.83201471134,4438792.61200584,0.027671968397567345,0
actual,1745423148.53133,394651.83217879146,4438792.611905618,0.027709126457342245,0
actual,1745423148.631814,394651.83242996014,4438792.611981133,0.02765493398406798,0
actual,1745423148.7313151,394651.83264832315,4438792.61202067,0.027636014614976258,0
actual,1745423148.8312724,394651.8319551277,4438792.611164201,0.027847740506535632,0
actual,1745423148.931312,394651.8318876647,4438792.6111187255,0.02783122969181178,0
actual,1745423149.031279,394651.83171321766,4438792.611212698,0.027776496166469277,0
actual,1745423149.131281,394651.83166113077,4438792.610863257,0.02780965742225728,0
actual,1745423149.2313478,394651.83173192263,4438792.61070127,0.027792745181805245,0
actual,1745423149.331356,394651.83183725143,4438792.61046774,0.027759723552357545,0
actual,1745423149.4313347,394651.8292293818,4438792.610479525,0.027782360472756056,0
actual,1745423149.5312843,394651.8288445237,4438792.610148159,0.027773703639666192,0
actual,1745423149.631667,394651.82847265946,4438792.609725263,0.027813654226244176,0
actual,1745423149.7313373,394651.82811824145,4438792.609282409,0.02778928942988634,0
actual,1745423149.831262,394651.83130163414,4438792.612525901,0.027811926350284847,0
actual,1745423149.9312742,394651.8313657481,4438792.612503961,0.02781831425534714,0
actual,1745423150.0312576,394651.8315002953,4438792.612429611,0.027822450685674342,0
actual,1745423150.131282,394651.8317280998,4438792.61234102,0.027825906437593247,0
actual,1745423150.2312627,394651.8320212207,4438792.612220536,0.02781313062746866,0
actual,1745423150.331291,394651.8310586222,4438792.611800205,0.027812991001128357,0
actual,1745423150.4312527,394651.83101544064,4438792.611661538,0.027805398818882252,0
actual,1745423150.5313144,394651.83099213464,4438792.61147929,0.027811123498828725,0
actual,1745423150.6312776,394651.83097068133,4438792.611273695,0.02778609547735532,0
actual,1745423150.731669,394651.8309997291,4438792.610905677,0.027823916762246034,0
actual,1745423150.8312838,394651.831554846,4438792.611334668,0.02775759425067028,0
actual,1745423150.931284,394651.83168607554,4438792.611144799,0.027805538445222554,0
actual,1745423151.031258,394651.8318809963,4438792.610921855,0.027771975763706616,0
actual,1745423151.1311827,394651.8320640167,4438792.610564815,0.02782004213130647,0
actual,1745423151.2312877,394651.83228371525,4438792.610173306,0.027815120302815872,0
actual,1745423151.331278,394651.83257672464,4438792.609726401,0.027824579987361608,0
actual,1745423151.431279,394651.8323189926,4438792.610965965,0.027762393906113052,0
actual,1745423151.531281,394651.8325428691,4438792.610760322,0.027783686922987445,0
actual,1745423151.6313443,394651.8327407077,4438792.610479358,0.02780353131658262,0
actual,1745423151.7313032,394651.83294883685,4438792.610199855,0.027801279841847527,0
actual,1745423151.8312883,394651.83268755354,4438792.610676622,0.02780114021550747,0
actual,1745423151.931258,394651.83280956117,4438792.610524043,0.027765186432916387,0
actual,1745423152.031262,394651.8329574292,4438792.610300108,0.02782990324158039,0
actual,1745423152.1312554,394651.8331563604,4438792.610112235,0.027836029347254803,0
actual,1745423152.231263,394651.8333854307,4438792.609803849,0.027869452402430436,0
actual,1745423152.3312669,394651.8335823397,4438792.609455125,0.027913783765431025,0
actual,1745423152.4312665,394651.83313497796,4438792.610427986,0.0278450876060726,0
actual,1745423152.5312917,394651.8330173028,4438792.610232494,0.027861319168116093,0
actual,1745423152.631784,394651.83286739484,4438792.610052421,0.027873711005805463,0
actual,1745423152.7312698,394651.8328001574,4438792.609837203,0.02783362079288693,0
actual,1745423152.8312533,394651.83380700916,4438792.61062894,0.02780513701949462,0
actual,1745423152.931258,394651.8339329306,4438792.610578099,0.027805538445222554,0
actual,1745423153.031257,394651.83397291333,4438792.610409148,0.027842679051704976,0
actual,1745423153.1312544,394651.83398825314,4438792.61016113,0.02786238381895985,0
actual,1745423153.231254,394651.83406538976,4438792.609876253,0.027876503532608548,0
actual,1745423153.3312595,394651.83305428375,4438792.610107016,0.027807126694841828,0
actual,1745423153.4312584,394651.8331327102,4438792.609923796,0.02778862620477052,0
actual,1745423153.5312605,394651.83319796,4438792.609588942,0.027803007717807103,0
actual,1745423153.631254,394651.8332493077,4438792.609169604,0.027821386034830583,0
actual,1745423153.7312558,394651.83333389263,4438792.608735321,0.02783416184495517,0
actual,1745423153.8312883,394651.8327393455,4438792.611105166,0.0277673157346039,0
actual,1745423153.9312916,394651.83275232546,4438792.611028013,0.027746546316505024,0
actual,1745423154.031252,394651.8327851011,4438792.6108326735,0.02777050968713492,0
actual,1745423154.1312678,394651.8328269759,4438792.610597845,0.027784629400783623,0
actual,1745423154.2312925,394651.83285753324,4438792.610279139,0.027818174629006837,0
actual,1745423154.3312929,394651.8328661005,4438792.609925525,0.02780047699039165,0
actual,1745423154.431277,394651.83249020396,4438792.611369892,0.027783826549327748,0
actual,1745423154.5312538,394651.83251547825,4438792.611191306,0.027781034022524416,0
actual,1745423154.6312866,394651.83266128437,4438792.610951776,0.027773965439053826,0
actual,1745423154.7312539,394651.83287336666,4438792.610633485,0.027795275909220696,0
actual,1745423154.8312857,394651.833103718,4438792.610256779,0.02780087841611959,0
actual,1745423154.931256,394651.83332524064,4438792.610145849,0.027792623008757667,0
actual,1745423155.0312724,394651.8332713526,4438792.609842362,0.02781152492455691,0
actual,1745423155.131268,394651.8332747449,4438792.60947449,0.02780407236865086,0
actual,1745423155.2312877,394651.83333046525,4438792.609060228,0.02780100058916717,0
actual,1745423155.3312583,394651.8334693394,4438792.6085847085,0.02776838038544741,0
actual,1745423155.4312983,394651.83305138705,4438792.611613077,0.027716055414472775,0
actual,1745423155.5313027,394651.8334636144,4438792.611501204,0.027676506253622484,0
actual,1745423155.6313007,394651.83403287287,4438792.611225302,0.027813392426856542,0
actual,1745423155.7312791,394651.8345772139,4438792.611017338,0.02778689832881119,0
actual,1745423155.831271,394651.83389179374,4438792.610528597,0.027774646117462123,0
actual,1745423155.9312596,394651.8338441538,4438792.610387501,0.027757856050057917,0
actual,1745423156.0313067,394651.833715714,4438792.610209925,0.027730157674828754,0
actual,1745423156.1312354,394651.8335318008,4438792.609848193,0.027814858503427988,0
actual,1745423156.2312841,394651.83329880773,4438792.609502348,0.027790755506458036,0
actual,1745423156.331294,394651.83603858564,4438792.610941153,0.02777117291225074,0
actual,1745423156.431266,394651.83605194674,4438792.610876215,0.027774366864781765,0
actual,1745423156.531282,394651.8360613577,4438792.610676317,0.02779674198579239,0
actual,1745423156.6312706,394651.83599852526,4438792.610342175,0.02788262963828296,0
actual,1745423156.7312894,394651.8359214879,4438792.609992636,0.027917256970642654,0
actual,1745423156.8312905,394651.8360719081,4438792.6104555335,0.027816987805115503,0
actual,1745423156.931256,394651.8361045527,4438792.610285266,0.027811786723944545,0
actual,1745423157.0312808,394651.8362156055,4438792.610050001,0.02781885530741513,0
actual,1745423157.1312892,394651.83643574413,4438792.609787376,0.02780087841611959,0
actual,1745423157.2312553,394651.83685057703,4438792.6094996,0.027786619076130833,0
actual,1745423157.3312852,394651.83750792284,4438792.609167909,0.02775066529353975,0
actual,1745423157.4312832,394651.8350640328,4438792.610129551,0.027713123261329388,0
actual,1745423157.5312583,394651.83570166235,4438792.609926143,0.027756791399214158,0
actual,1745423157.6312644,394651.8363617986,4438792.609686772,0.02779421125837694,0
actual,1745423157.7313058,394651.8369021374,4438792.609339796,0.027812991001128357,0
actual,1745423157.8312652,394651.8354124595,4438792.6101296935,0.027774366864781765,0
actual,1745423157.9312806,394651.8353801344,4438792.610010966,0.02775000206842393,0
actual,1745423158.0312726,394651.83524622716,4438792.609768009,0.027746668489552602,0
actual,1745423158.1312947,394651.8350066429,4438792.609495462,0.027729634076053236,0
actual,1745423158.2312648,394651.8347288649,4438792.609153436,0.027764523207800568,0
actual,1745423158.331273,394651.8356437517,4438792.609831875,0.02777024788774704,0
actual,1745423158.4312685,394651.8356691928,4438792.60968115,0.02776052640381342,0
actual,1745423158.5312655,394651.8357188024,4438792.609515536,0.027757454624329977,0
actual,1745423158.631266,394651.8358171156,4438792.609259948,0.027747209541620844,0
actual,1745423158.7313173,394651.8360059045,4438792.60894568,0.027781034022524416,0
actual,1745423158.8312652,394651.8347421767,4438792.609273035,0.027771312538590796,0
actual,1745423158.9312658,394651.83479624876,4438792.609018093,0.027813392426856542,0
actual,1745423159.0312712,394651.8348279159,4438792.608809795,0.02776930540995111,0
actual,1745423159.1312814,394651.8349169824,4438792.608390306,0.02779648018640451,0
actual,1745423159.231269,394651.8350506027,4438792.607901642,0.027805538445222554,0
actual,1745423159.3312616,394651.8352098445,4438792.609977705,0.027772638988822436,0
actual,1745423159.4312618,394651.83520807204,4438792.609835212,0.02779182015730179,0
actual,1745423159.5312731,394651.8352397624,4438792.60968824,0.027756931025554463,0
actual,1745423159.6312575,394651.83532526955,4438792.609427611,0.02775865890151379,0
actual,1745423159.7313175,394651.8354027375,4438792.609074064,0.027781435448252352,0
actual,1745423159.8312988,394651.83671283897,4438792.610531358,0.027794350884717243,0
actual,1745423159.93126,394651.83698222146,4438792.6104631955,0.02775799567639822,0
actual,1745423160.0312722,394651.8372936317,4438792.610194328,0.02780166381428299,0
actual,1745423160.131262,394651.83765181934,4438792.609907027,0.027780772223136782,0
actual,1745423160.2312648,394651.83789267717,4438792.609637728,0.027807126694841828,0
actual,1745423160.3313003,394651.83804554155,4438792.609275521,0.02781738923084344,0
actual,1745423160.4313083,394651.83648336586,4438792.609319257,0.027787020501858772,0
actual,1745423160.5312595,394651.83638800506,4438792.608936854,0.027817912829619203,0
actual,1745423160.6312733,394651.8364683979,4438792.608513067,0.027831770743880022,0
actual,1745423160.731264,394651.83662723005,4438792.608084067,0.027811123498828725,0
actual,1745423160.8312714,394651.8363939683,4438792.610546667,0.027748012393076716,0
actual,1745423160.9312675,394651.8366839732,4438792.610372346,0.027777299017925153,0
actual,1745423161.0312767,394651.8368570479,4438792.610227303,0.0277573324512824,0
actual,1745423161.1312983,394651.83692612534,4438792.610002264,0.027729372276665356,0
actual,1745423161.2312706,394651.8369927356,4438792.6096587535,0.027760666030153723,0
actual,1745423161.3312747,394651.8370304923,4438792.609269303,0.02775146814499562,0
actual,1745423161.4312823,394651.8369871676,4438792.611085287,0.027807388494229462,0
actual,1745423161.5312707,394651.8371732023,4438792.610921388,0.02786226164591227,0
actual,1745423161.631269,394651.83737064246,4438792.610740263,0.02785266233502623,0
actual,1745423161.7312672,394651.837616707,4438792.610417558,0.027897011151319543,0
actual,1745423161.831271,394651.8350586494,4438792.6129801385,0.027792745181805245,0
actual,1745423161.9312592,394651.83513843676,4438792.612994343,0.027820321383986827,0
actual,1745423162.0312774,394651.83532830665,4438792.612953766,0.02779421125837694,0
actual,1745423162.1312776,394651.83556516666,4438792.612828875,0.02778581622467496,0
actual,1745423162.231266,394651.83577590773,4438792.61263758,0.027828960763784213,0
actual,1745423162.3312602,394651.8359986948,4438792.612416384,0.027838682247717832,0
actual,1745423162.4312592,394651.8351621074,4438792.61338179,0.027805660618270132,0
actual,1745423162.5312622,394651.8350521022,4438792.613284111,0.027795816961288935,0
actual,1745423162.6312714,394651.834850111,4438792.613133918,0.027830566466695964,0
actual,1745423162.731261,394651.83470724,4438792.612938945,0.027825365385525005,0
actual,1745423162.8312964,394651.83414453384,4438792.613632671,0.027808592771413523,0
actual,1745423162.9313056,394651.83434416726,4438792.613521728,0.027824981413089794,0
actual,1745423163.0312638,394651.8346630164,4438792.61334239,0.02784334227682055,0
actual,1745423163.1312695,394651.835124594,4438792.613126664,0.027832835394723532,0
actual,1745423163.2312915,394651.83561698406,4438792.612788444,0.027855995913897556,0
actual,1745423163.3312612,394651.8361659943,4438792.612326375,0.0279029976306539,0
actual,1745423163.4313188,394651.83600207954,4438792.612184205,0.027808854570801157,0
actual,1745423163.5313046,394651.8363210075,4438792.61191193,0.027788346952090412,0
actual,1745423163.6312845,394651.83673418796,4438792.611527855,0.027822049259946403,0
actual,1745423163.7312531,394651.8371327552,4438792.611115236,0.027865717397831172,0
actual,1745423163.8313138,394651.83658017375,4438792.611553943,0.027762917504888816,0
actual,1745423163.9312568,394651.8364001905,4438792.611238353,0.027814980676475816,0
actual,1745423164.0312586,394651.836136989,4438792.610932613,0.027816848178775447,0
actual,1745423164.1312208,394651.8359056232,4438792.61053541,0.02778276189848399,0
actual,1745423164.2312593,394651.8357261204,4438792.610030318,0.027840148324289524,0
actual,1745423164.3312542,394651.83656452736,4438792.612276543,0.02777902689388473,0
actual,1745423164.4312644,394651.83663312026,4438792.612118051,0.02786519379905566,0
actual,1745423164.5312574,394651.8367600119,4438792.611944118,0.027862663071640207,0
actual,1745423164.6313317,394651.8368871502,4438792.6116629345,0.02789048361991695,0
actual,1745423164.7312725,394651.83707298915,4438792.61128257,0.027911933716424118,0
actual,1745423164.8312721,394651.8365902497,4438792.6117004715,0.02777117291225074,0
actual,1745423164.9312863,394651.83681467397,4438792.6116210045,0.02775759425067028,0
actual,1745423165.0312681,394651.8370008762,4438792.611463462,0.027759723552357545,0
actual,1745423165.1312711,394651.83716004645,4438792.611089557,0.02781019847432527,0
actual,1745423165.2312913,394651.8373077118,4438792.610756798,0.02782058318337471,0
actual,1745423165.331297,394651.83752548,4438792.610369235,0.02786119699506851,0
actual,1745423165.431276,394651.83634418505,4438792.611268329,0.02781951853253095,0
actual,1745423165.5312696,394651.83656105364,4438792.611114662,0.027799412339547896,0
actual,1745423165.6312935,394651.83685681474,4438792.610863705,0.027803269517194987,0
actual,1745423165.7313375,394651.83723049617,4438792.6105606565,0.027792221583029728,0
actual,1745423165.831275,394651.83762172965,4438792.610134859,0.02783217216960796,0
actual,1745423165.9312603,394651.83714525856,4438792.611754882,0.027846012630576303,0
actual,1745423166.0312672,394651.83709996555,4438792.611642959,0.027854128411597925,0
actual,1745423166.1312678,394651.8370366025,4438792.61148276,0.027896609725591607,0
actual,1745423166.2312768,394651.83699036815,4438792.61131183,0.02789048361991695,0
actual,1745423166.3312917,394651.83706131973,4438792.611030477,0.02791165446374376,0
actual,1745423166.4312837,394651.83719314856,4438792.611580663,0.02775946175296991,0
actual,1745423166.5312655,394651.83764723415,4438792.611345046,0.027752009197063863,0
actual,1745423166.631281,394651.83828033076,4438792.611018375,0.027743875962749517,0
actual,1745423166.7312665,394651.83895131055,4438792.610606719,0.027763057131228872,0
actual,1745423166.8312726,394651.836200849,4438792.611240696,0.02782711071477706,0
actual,1745423166.931269,394651.836315207,4438792.6110584475,0.027789813028662104,0
actual,1745423167.0313141,394651.83625606645,4438792.610771509,0.027804334168038496,0
actual,1745423167.131267,394651.8360457748,4438792.610342505,0.027863448469803605,0
actual,1745423167.231227,394651.83582021634,4438792.609918334,0.02788023853720781,0
actual,1745423167.3312583,394651.83557422133,4438792.609451382,0.02789074541930483,0
actual,1745423167.4312665,394651.83658984455,4438792.611907184,0.027778765094496848,0
actual,1745423167.5312588,394651.83679778303,4438792.611688048,0.027795014109832813,0
actual,1745423167.6312609,394651.8371169753,4438792.611434016,0.027789551229274224,0
actual,1745423167.7313054,394651.83759476227,4438792.611059321,0.027803129890854685,0
actual,1745423167.8313334,394651.8356885524,4438792.611459663,0.027744678814205392,0
actual,1745423167.931262,394651.8357104554,4438792.611308418,0.02779740521090821,0
actual,1745423168.0313191,394651.83577326033,4438792.611113092,0.027818576054734773,0
actual,1745423168.1312659,394651.8358903509,4438792.610773845,0.027848944783719444,0
actual,1745423168.2312996,394651.8358729093,4438792.610453183,0.027869452402430436,0
actual,1745423168.3312845,394651.8363733856,4438792.611665294,0.027707398581382915,0
actual,1745423168.4312956,394651.8363432409,4438792.611365976,0.027753737073023192,0
actual,1745423168.5312796,394651.83618667594,4438792.6109811105,0.027794350884717243,0
actual,1745423168.631237,394651.8358439937,4438792.610655979,0.027812729201740723,0
actual,1745423168.731312,394651.8358405286,4438792.610298202,0.027754662097526892,0
actual,1745423168.8312562,394651.83370008465,4438792.608068731,0.027780772223136782,0
actual,1745423168.9312859,394651.8347707401,4438792.607207982,0.0277722375630945,0
actual,1745423169.0313325,394651.8364774043,4438792.606248359,0.027781034022524416,0
actual,1745423169.1312554,394651.8386260471,4438792.605242913,0.02783908367344577,0
actual,1745423169.231297,394651.8408025191,4438792.6042651925,0.027774244691734184,0
actual,1745423169.3313253,394651.8423233708,4438792.602887711,0.027902072606150196,0
actual,1745423169.4312673,394651.84081423114,4438792.612234077,0.02783842044832995,0
actual,1745423169.531263,394651.8403459369,4438792.612523369,0.02784681548203218,0
actual,1745423169.6312733,394651.839294706,4438792.612833679,0.027867183474402868,0
actual,1745423169.7312713,394651.83786745626,4438792.612952115,0.027827896112940457,0
actual,1745423169.8312712,394651.83631881245,4438792.612718732,0.027876503532608548,0
actual,1745423169.9312587,394651.8323220878,4438792.61131765,0.02788570141776665,0
actual,1745423170.0312648,394651.8306632156,4438792.611055394,0.027936158886441652,0
actual,1745423170.131261,394651.8290972413,4438792.610599834,0.027965986563358327,0
actual,1745423170.2312665,394651.82757136784,4438792.61013077,0.02800619894932419,0
actual,1745423170.3312573,394651.8261786168,4438792.609637367,0.027984504506721863,0
actual,1745423170.4312677,394651.8369071591,4438792.612204994,0.02804534668444655,0
actual,1745423170.5312912,394651.8380620073,4438792.611991596,0.028009131102467583,0
actual,1745423170.6312587,394651.8396289585,4438792.6116393395,0.02802138331381665,0
actual,1745423170.7312562,394651.84142657917,4438792.611221376,0.028005797523596256,0
actual,1745423170.8312995,394651.84328287747,4438792.610618874,0.028024716892687977,0
actual,1745423170.9313211,394651.82942662947,4438792.6099355435,0.028047755238814174,0
actual,1745423171.0313232,394651.8289624319,4438792.609758759,0.02801951581151702,0
actual,1745423171.1313956,394651.8285647675,4438792.608992836,0.027992759914083787,0
actual,1745423171.2312784,394651.8281581458,4438792.608006702,0.028064266053538022,0
actual,1745423171.331322,394651.8275293087,4438792.607254176,0.028064650025973484,0
actual,1745423171.4313374,394651.83279431367,4438792.611249509,0.028029237295450638,0
actual,1745423171.5313313,394651.83305862354,4438792.610875265,0.027997803915622215,0
actual,1745423171.6312928,394651.8338364724,4438792.610476725,0.027989426335212463,0
actual,1745423171.731301,394651.8350355118,4438792.609891274,0.027984504506721863,0
actual,1745423171.8313062,394651.8335125193,4438792.608760267,0.028005535724208375,0
actual,1745423171.9312737,394651.8352649548,4438792.608128911,0.02810048163551699,0
actual,1745423172.0312898,394651.8369808057,4438792.607358235,0.028060129623210823,0
actual,1745423172.1313307,394651.83830134437,4438792.606327759,0.028165058817840694,0
actual,1745423172.2312665,394651.83879652864,4438792.605363754,0.028134026863740207,0
actual,1745423172.3312602,394651.83839992795,4438792.604239587,0.028167188119528206,0
actual,1745423172.431295,394651.8389183233,4438792.610825088,0.02809088232463095,0
actual,1745423172.5312583,394651.8377275168,4438792.610877017,0.02802724762010318,0
actual,1745423172.6312857,394651.8363773916,4438792.610510777,0.02813868689284317,0
actual,1745423172.73128,394651.8350934482,4438792.610206396,0.028114199923437756,0
actual,1745423172.8312607,394651.83390762215,4438792.610930284,0.028171987774971225,0
actual,1745423172.931347,394651.8335330353,4438792.610617643,0.028179440330877277,0
actual,1745423173.031277,394651.8336700615,4438792.610222189,0.028241766038465885,0
actual,1745423173.1311667,394651.8341529883,4438792.609793013,0.02823869425898244,0
actual,1745423173.2312665,394651.83498764783,4438792.609382398,0.028206335854650565,0
actual,1745423173.3312767,394651.8361313068,4438792.608820461,0.028195026121097422,0
actual,1745423173.4312942,394651.8363839198,4438792.614158996,0.028124584632486946,0
actual,1745423173.5312755,394651.8375902866,4438792.614282865,0.028186770713735498,0
actual,1745423173.631289,394651.83848656726,4438792.614411682,0.028140816194530682,0
actual,1745423173.731272,394651.8391312719,4438792.614365235,0.028152666980151567,0
actual,1745423173.8312747,394651.83691927564,4438792.6112516,0.028159857736669736,0
actual,1745423173.9312758,394651.8371139333,4438792.61074184,0.02814708192654515,0
actual,1745423174.0312595,394651.83735257434,4438792.610010906,0.02818703251312338,0
actual,1745423174.1312625,394651.8377792969,4438792.609197345,0.028192355767341918,0
actual,1745423174.2312896,394651.83833268913,4438792.608360166,0.02822232307059865,0
actual,1745423174.3313222,394651.8376277012,4438792.614699846,0.028175583153230186,0
actual,1745423174.4312904,394651.83807589026,4438792.61486258,0.02820619622831026,0
actual,1745423174.531257,394651.83854434465,4438792.6150329765,0.02819195434161398,0
actual,1745423174.6312785,394651.8389917463,4438792.615165354,0.028204346179303105,0
actual,1745423174.731277,394651.83936903847,4438792.615203315,0.028209931232909522,0
actual,1745423174.831255,394651.838785408,4438792.614579222,0.028097409856033546,0
actual,1745423174.9313455,394651.83853026223,4438792.614457926,0.028118179274132175,0
actual,1745423175.031227,394651.8381630197,4438792.614296873,0.028123240728963078,0
actual,1745423175.1312606,394651.83775484835,4438792.614039063,0.028161062013853797,0
actual,1745423175.2312646,394651.83730199886,4438792.613767776,0.028187294312511265,0
actual,1745423175.3312604,394651.83690761053,4438792.613481324,0.02814481299851758,0
actual,1745423175.4312758,394651.83877451834,4438792.614666988,0.02806505145170142,0
actual,1745423175.5312665,394651.8392691096,4438792.61445199,0.02806892608264099,0
actual,1745423175.6313062,394651.84008835384,4438792.614151387,0.028080497615581762,0
actual,1745423175.7312946,394651.8410399134,4438792.613770771,0.028089695500739614,0
actual,1745423175.8312593,394651.83765173994,4438792.614819123,0.028102733110252083,0
actual,1745423175.931262,394651.8373716192,4438792.61474406,0.02808662372125617,0
actual,1745423176.0312953,394651.836844136,4438792.61455398,0.028088753022943686,0
actual,1745423176.1313033,394651.8363439595,4438792.614329951,0.028083691568112783,0
actual,1745423176.2312937,394651.83606734074,4438792.613923181,0.028122978929575194,0
actual,1745423176.3312526,394651.8359873755,4438792.615777894,0.028066517528273115,0
actual,1745423176.4312558,394651.83579857135,4438792.61572879,0.02806306177635421,0
actual,1745423176.531292,394651.8355423084,4438792.61554918,0.028076116839159154,0
actual,1745423176.6312733,394651.8353053068,4438792.615314106,0.028077041863662607,0
actual,1745423176.7312572,394651.83515482035,4438792.615072166,0.02806053104893876,0
actual,1745423176.8313558,394651.83631672314,4438792.614717253,0.02806732037972899,0
actual,1745423176.9312763,394651.8364386589,4438792.6144606555,0.028099015558945298,0
actual,1745423177.031259,394651.8365308458,4438792.6141475495,0.02814762297861339,0
actual,1745423177.1312544,394651.8366197999,4438792.613755497,0.02818835896335502,0
actual,1745423177.2312703,394651.83670373366,4438792.6133767795,0.02814521442424552,0
actual,1745423177.3311777,394651.83679978753,4438792.612936168,0.028151741955648114,0
actual,1745423177.4312637,394651.8371993116,4438792.615297225,0.028089154448671622,0
actual,1745423177.5312726,394651.8374863053,4438792.615074191,0.02812683610722204,0
actual,1745423177.6312718,394651.8378676114,4438792.614798938,0.028152143381376053,0
actual,1745423177.731265,394651.8383133387,4438792.614456646,0.02816252809042549,0
actual,1745423177.8313253,394651.83732288535,4438792.615891122,0.028097689108713905,0
actual,1745423177.9313123,394651.83737748,4438792.615780366,0.028102733110252083,0
actual,1745423178.031253,394651.83737039036,4438792.615584178,0.028142962949510426,0
actual,1745423178.1312685,394651.83738267416,4438792.615285468,0.028182896082796182,0
actual,1745423178.2312634,394651.8374018323,4438792.614981862,0.02816491919150064,0
actual,1745423178.3312323,394651.8374781853,4438792.614607323,0.028152283007716106,0
actual,1745423178.4312224,394651.8366905828,4438792.614879019,0.028044945258718614,0
actual,1745423178.531289,394651.83679606544,4438792.614623382,0.02809994058344875,0
actual,1745423178.6312904,394651.83697937813,4438792.614350067,0.028090096926467554,0
actual,1745423178.7313101,394651.8372044418,4438792.61399471,0.02808569869675247,0
actual,1745423178.8312862,394651.835850524,4438792.614417487,0.028054945995332342,0
actual,1745423178.931269,394651.8358391587,4438792.6142591145,0.028065854303157296,0
actual,1745423179.0313432,394651.83581435576,4438792.613953898,0.028110464918838493,0
actual,1745423179.1312609,394651.83583980514,4438792.613690248,0.028107131339967166,0
actual,1745423179.2313147,394651.8359280435,4438792.613402671,0.02809447770289016,0
actual,1745423179.3312786,394651.83612682606,4438792.612995243,0.028077041863662607,0
actual,1745423179.43135,394651.83604691306,4438792.614863939,0.028070653958600315,0
actual,1745423179.53129,394651.83622740966,4438792.6148017375,0.028041227707411825,0
actual,1745423179.6312988,394651.8363871281,4438792.614625247,0.028038033754880554,0
actual,1745423179.7313304,394651.8365046161,4438792.614437958,0.028015396834482294,0
actual,1745423179.831327,394651.8371420754,4438792.613863151,0.02806571467681724,0
actual,1745423179.931319,394651.83735215885,4438792.6135556605,0.02810793419142304,0
actual,1745423180.0312603,394651.8375544404,4438792.613192864,0.028137220816271475,0
actual,1745423180.1312919,394651.83767988253,4438792.612799277,0.02815015370602884,0
actual,1745423180.2312617,394651.83774238866,4438792.612380928,0.028173977450318438,0
actual,1745423180.331282,394651.83730136894,4438792.614173326,0.02807517436136298,0
actual,1745423180.4312835,394651.8376806605,4438792.613953963,0.028066796780953474,0
actual,1745423180.5313365,394651.8380861816,4438792.61378031,0.028092348401202647,0
actual,1745423180.6312983,394651.83835810365,4438792.613564127,0.02807758291573085,0
actual,1745423180.7312603,394651.83866467705,4438792.613114671,0.028130309312433665,0
actual,1745423180.8312993,394651.8383066628,4438792.614367142,0.028075052188315398,0
actual,1745423180.9312618,394651.83853011555,4438792.614258423,0.028106869540579286,0
actual,1745423181.0312822,394651.83893718687,4438792.614194551,0.02805307849303271,0
actual,1745423181.131259,394651.83951777936,4438792.614101464,0.028069187882028623,0
actual,1745423181.2312565,394651.84027136734,4438792.613758788,0.028058000321523557,0
actual,1745423181.3312438,394651.8409965987,4438792.613202706,0.02811578817305703,0
actual,1745423181.4311693,394651.8394178179,4438792.612654395,0.028133363638624634,0
actual,1745423181.5312614,394651.8387450035,4438792.612816885,0.02806159569978252,0
actual,1745423181.631292,394651.83798000705,4438792.6127847815,0.02802977834751863,0
actual,1745423181.7312968,394651.83722631715,4438792.612492697,0.028047475986133816,0
actual,1745423181.8313067,394651.8382375748,4438792.614110699,0.028064266053538022,0
actual,1745423181.931267,394651.8378327246,4438792.614108799,0.0281546741087915,0
actual,1745423182.0312836,394651.83705127356,4438792.614033985,0.02809049835219549,0
actual,1745423182.1313136,394651.8362920678,4438792.613872449,0.028062119298558032,0
actual,1745423182.2312632,394651.8359073823,4438792.613417733,0.028180103555992847,0
actual,1745423182.3312864,394651.83603226696,4438792.613150013,0.028142020471714498,0
actual,1745423182.4312096,394651.83487239655,4438792.614593442,0.02804707456040588,0
actual,1745423182.531254,394651.83597671863,4438792.614429876,0.028032169448594026,0
actual,1745423182.6312633,394651.8375290471,4438792.61422469,0.028107532765695102,0
actual,1745423182.7312577,394651.83935583336,4438792.614125981,0.028063323575742094,0
actual,1745423182.8312678,394651.8375709661,4438792.614685657,0.028132560787168758,0
actual,1745423182.9313195,394651.83764507296,4438792.614454339,0.028169858473283713,0
actual,1745423183.0312889,394651.83734546386,4438792.61419347,0.028152806606491873,0
actual,1745423183.131259,394651.8366011288,4438792.6138452515,0.028150816931144414,0
actual,1745423183.2312572,394651.8355061613,4438792.613399961,0.028128843235861973,0
actual,1745423183.3312514,394651.83416724135,4438792.612788235,0.02818636928800756,0
actual,1745423183.4312823,394651.83891551086,4438792.613594644,0.028080497615581762,0
actual,1745423183.531253,394651.8389147705,4438792.613394652,0.028071840782491652,0
actual,1745423183.631257,394651.8389980965,4438792.613004979,0.028116591024512902,0
actual,1745423183.731252,394651.8392098667,4438792.612636438,0.02812697573356234,0
actual,1745423183.831312,394651.83847943484,4438792.612035011,0.028077041863662607,0
actual,1745423183.9312904,394651.838719938,4438792.611722073,0.028084895845296595,0
actual,1745423184.0312555,394651.8390309558,4438792.611387328,0.02809248802754295,0
actual,1745423184.1312752,394651.8393764058,4438792.610975062,0.028085559070412415,0
actual,1745423184.2312856,394651.83973369445,4438792.610428332,0.028117795301696714,0
actual,1745423184.3312824,394651.84014465107,4438792.6098831,0.028124706805534774,0
actual,1745423184.431295,394651.83882676193,4438792.612261293,0.02809568198007397,0
actual,1745423184.5312688,394651.8390257487,4438792.612027608,0.02808768837209993,0
actual,1745423184.6312656,394651.839099016,4438792.611767167,0.028089294075011678,0
actual,1745423184.7312613,394651.8391435589,4438792.611546287,0.028092749826930583,0
actual,1745423184.8312926,394651.8386212127,4438792.611236018,0.028064527852925906,0
actual,1745423184.9312594,394651.8387273736,4438792.610883741,0.02807664043793467,0
actual,1745423185.031294,394651.83884989156,4438792.610684513,0.02806732037972899,0
actual,1745423185.1312919,394651.8390072594,4438792.610292293,0.028101284486972865,0
actual,1745423185.2312052,394651.8392399904,4438792.609807821,0.02811086634456643,0
actual,1745423185.331291,394651.83826946234,4438792.61149454,0.02806625572888548,0
actual,1745423185.4312549,394651.8383216105,4438792.611388049,0.02803415912394124,0
actual,1745423185.5312543,394651.8383506265,4438792.611145003,0.028063986800857664,0
actual,1745423185.6312518,394651.8382758483,4438792.610984236,0.02812205390507174,0
actual,1745423185.7312527,394651.83831071126,4438792.610751511,0.02814256152378249,0
actual,1745423185.8313096,394651.8384103947,4438792.611465963,0.02804600990956212,0
actual,1745423185.9312782,394651.83852792927,4438792.611352144,0.028069851107144442,0
actual,1745423186.03116,394651.83861025906,4438792.611180667,0.02806798360484481,0
actual,1745423186.1312692,394651.8386712356,4438792.610972494,0.028054945995332342,0
actual,1745423186.2312841,394651.8387547593,4438792.610660533,0.028084232620181025,0
actual,1745423186.3312907,394651.8388836952,4438792.610359223,0.028078647566574605,0
actual,1745423186.431288,394651.83983836207,4438792.612631454,0.02807758291573085,0
actual,1745423186.5312603,394651.84006573184,4438792.612561854,0.028055329967767804,0
actual,1745423186.631288,394651.8403088553,4438792.612408311,0.028066796780953474,0
actual,1745423186.731283,394651.84061213594,4438792.612232786,0.02803536340112505,0
actual,1745423186.831301,394651.8394072498,4438792.613098068,0.028078769739622186,0
actual,1745423186.9312863,394651.8393854737,4438792.612933725,0.028101808085748383,0
actual,1745423187.0312905,394651.83935687016,4438792.6127577545,0.028139227944911162,0
actual,1745423187.1312766,394651.839386067,4438792.612479243,0.028161062013853797,0
actual,1745423187.2312858,394651.83948355285,4438792.612114213,0.028193158618797794,0
actual,1745423187.3312864,394651.8396325283,4438792.611744739,0.02821525448712806,0
actual,1745423187.4312568,394651.83734772465,4438792.611099625,0.028121111427275563,0
actual,1745423187.5312533,394651.83733404166,4438792.61084798,0.028131635762665058,0
actual,1745423187.6312597,394651.8373126338,4438792.6105657825,0.02813097253754924,0
actual,1745423187.7311854,394651.8372481165,4438792.610148862,0.028169579220603355,0
actual,1745423187.8312762,394651.83726694924,4438792.609690116,0.028192093967954284,0
actual,1745423187.9312966,394651.83612445917,4438792.610758352,0.028113658871369514,0
actual,1745423188.0312545,394651.83627628046,4438792.6105802,0.028106206315463466,0
actual,1745423188.13125,394651.83640677686,4438792.61035373,0.028116730650852958,0
actual,1745423188.2312877,394651.83649062674,4438792.610076876,0.028146156902041697,0
actual,1745423188.3312836,394651.8365909812,4438792.609775685,0.028144149773401763,0
actual,1745423188.4312754,394651.8356266783,4438792.612402269,0.028088089797827866,0
actual,1745423188.5312853,394651.83574641065,4438792.612350214,0.028092749826930583,0
actual,1745423188.6312873,394651.83590460184,4438792.612206824,0.02813350326496469,0
actual,1745423188.7312868,394651.83611519984,4438792.611984697,0.02817423924970632,0
actual,1745423188.8312895,394651.83811130637,4438792.613946449,0.02808023581619388,0
actual,1745423188.9312518,394651.8383059673,4438792.613981426,0.02811207062175024,0
actual,1745423189.0312982,394651.8383907605,4438792.613931362,0.028150014079688538,0
actual,1745423189.1312573,394651.83838138025,4438792.613862702,0.028171848148630923,0
actual,1745423189.2313185,394651.83840566257,4438792.613720779,0.028182232857680362,0
actual,1745423189.3312712,394651.83853020606,4438792.613462075,0.028169858473283713,0
actual,1745423189.431215,394651.8382809018,4438792.613281217,0.028048680263317874,0
actual,1745423189.5312557,394651.83823877206,4438792.61296272,0.028020981888088714,0
actual,1745423189.6313283,394651.838102248,4438792.612504553,0.0281040770137762,0
actual,1745423189.7312593,394651.8383330209,4438792.612199026,0.028018992212741255,0
actual,1745423189.8313172,394651.8371904438,4438792.611715387,0.028084092993840723,0
actual,1745423189.9312086,394651.83769566374,4438792.611375965,0.02811992460338423,0
actual,1745423190.031286,394651.838424214,4438792.611085702,0.028078368313894247,0
actual,1745423190.1312866,394651.83913857,4438792.610594687,0.028110726718226127,0
actual,1745423190.2312558,394651.83983273734,4438792.610121115,0.028073987537471642,0
actual,1745423190.3312578,394651.84045748814,4438792.609520412,0.02810114486063281,0
actual,1745423190.4312563,394651.8376453508,4438792.6117016,0.028058139947863613,0
actual,1745423190.5312564,394651.83750827087,4438792.611448281,0.028086222295528235,0
actual,1745423190.6312892,394651.8373381137,4438792.611163947,0.028069048255688567,0
actual,1745423190.7312868,394651.8371878523,4438792.610792054,0.028114583895873218,0
actual,1745423190.8312862,394651.83869677025,4438792.611281741,0.02804347918214692,0
actual,1745423190.9312658,394651.83884308825,4438792.61111582,0.028039098405724314,0
actual,1745423191.031265,394651.83908124047,4438792.610862821,0.028059606024435305,0
actual,1745423191.1313155,394651.83938332467,4438792.610559406,0.028075052188315398,0
actual,1745423191.2312934,394651.83972524357,4438792.610228561,0.028103274162320075,0
actual,1745423191.3312545,394651.8400673569,4438792.60986244,0.028102610937204505,0
actual,1745423191.431255,394651.83717024385,4438792.610383496,0.02810419918682378,0
actual,1745423191.5312521,394651.83700065047,4438792.610188932,0.02812139067995592,0
actual,1745423191.6312568,394651.83694722847,4438792.609918602,0.028127115359902397,0
actual,1745423191.7312522,394651.83696672396,4438792.609549483,0.028165058817840694,0
actual,1745423191.8312376,394651.8376751028,4438792.61085741,0.02810926064165443,0
actual,1745423191.9312582,394651.8377699813,4438792.610745538,0.028117917474744295,0
actual,1745423192.0312536,394651.83784042497,4438792.610599944,0.028138564719795593,0
actual,1745423192.1312525,394651.83792363363,4438792.610418576,0.02814029259575492,0
actual,1745423192.2312548,394651.83804832026,4438792.610136131,0.02814322474889831,0
actual,1745423192.331284,394651.838220524,4438792.609767792,0.028200087575928325,0
actual,1745423192.4312558,394651.8368469053,4438792.61078787,0.028110726718226127,0
actual,1745423192.531286,394651.8370695846,4438792.6106684515,0.0281356325666522,0
actual,1745423192.6312606,394651.83731503563,4438792.61054878,0.02810474023889177,0
actual,1745423192.7312858,394651.83748581406,4438792.610341356,0.028106607741191402,0
actual,1745423192.8312528,394651.8359129513,4438792.611029757,0.028064527852925906,0
actual,1745423192.931298,394651.83587517653,4438792.610883312,0.028062119298558032,0
actual,1745423193.031254,394651.8359237427,4438792.6106327595,0.02807664043793467,0
actual,1745423193.1312613,394651.8359835085,4438792.610404513,0.0280518742158489,0
actual,1745423193.231254,394651.8361162086,4438792.6099975705,0.02812964608731785,0
actual,1745423193.331265,394651.8363356195,4438792.609595124,0.02814587764936134,0
actual,1745423193.4312613,394651.83572231646,4438792.6108347615,0.02812936683463749,0
actual,1745423193.5312624,394651.8357514787,4438792.610693515,0.028125649283330702,0
actual,1745423193.6312544,394651.8358009601,4438792.610522188,0.02812870360952167,0
actual,1745423193.7312553,394651.83584797045,4438792.610299411,0.028161725238969367,0
actual,1745423193.831239,394651.83552784333,4438792.612077897,0.02807039215921268,0
actual,1745423193.931278,394651.8356544441,4438792.612010919,0.028099015558945298,0
actual,1745423194.0312912,394651.83583529573,4438792.611913761,0.028080637241921818,0
actual,1745423194.131287,394651.83605705155,4438792.6117329495,0.028112332421138125,0
actual,1745423194.2312894,394651.83628580626,4438792.611492026,0.028117917474744295,0
actual,1745423194.3312888,394651.8354424335,4438792.612561799,0.028071055384328254,0
actual,1745423194.4312937,394651.83546846895,4438792.612490633,0.028076500811594615,0
actual,1745423194.531283,394651.835594382,4438792.612314109,0.028090760151583374,0
actual,1745423194.631258,394651.83580706874,4438792.612049165,0.028107532765695102,0
actual,1745423194.731289,394651.83609563333,4438792.61174689,0.02811964535070387,0
actual,1745423194.8311882,394651.83648510877,4438792.611350471,0.028135772192992257,0
actual,1745423194.9312596,394651.8361794965,4438792.61158905,0.028089957300127498,0
actual,1745423195.0312552,394651.836303318,4438792.611321163,0.028097549482373602,0
actual,1745423195.131259,394651.83642508875,4438792.610964232,0.028106328488511044,0
actual,1745423195.2312856,394651.83657682815,4438792.610545332,0.02811086634456643,0
actual,1745423195.3312519,394651.83679537947,4438792.610065005,0.028112332421138125,0
actual,1745423195.4312823,394651.836353522,4438792.611845986,0.02808515764468448,0
actual,1745423195.5312788,394651.8366542655,4438792.611726445,0.028076780064274973,0
actual,1745423195.631275,394651.8369798958,4438792.611481236,0.02810419918682378,0
actual,1745423195.731256,394651.83727594605,4438792.611211829,0.028108073817763098,0
actual,1745423195.8313048,394651.83751744905,4438792.610881764,0.028105804889735526,0
actual,1745423195.9312882,394651.83572536544,4438792.612449753,0.02805374171814853,0
actual,1745423196.031262,394651.83576511656,4438792.612267802,0.028064650025973484,0
actual,1745423196.1312883,394651.8358818234,4438792.612038344,0.028065993929497598,0
actual,1745423196.2312896,394651.83608404675,4438792.61171985,0.02806798360484481,0
actual,1745423196.331288,394651.83622894494,4438792.612765605,0.02803110479775027,0
actual,1745423196.431287,394651.83638068795,4438792.61268637,0.02802204653893247,0
actual,1745423196.5312896,394651.8365455045,4438792.612558972,0.027994749589431246,0
actual,1745423196.6312606,394651.8367271011,4438792.6123211775,0.028001399293881173,0
actual,1745423196.7312622,394651.836943974,4438792.612047418,0.02797624909935994,0
actual,1745423196.8312964,394651.8351956746,4438792.613129897,0.02806545287742936,0
actual,1745423196.9312878,394651.8351958236,4438792.613031784,0.02805759889579537,0
actual,1745423197.0312557,394651.8352847987,4438792.612899359,0.02804707456040588,0
actual,1745423197.1312835,394651.8354478084,4438792.612717328,0.028030563745682028,0
actual,1745423197.2312791,394651.835610323,4438792.612416985,0.028067721805456927,0
actual,1745423197.3312836,394651.8357967115,4438792.612056184,0.02810114486063281,0
actual,1745423197.4312897,394651.8362670188,4438792.613466371,0.028118720326200417,0
actual,1745423197.531257,394651.83652673545,4438792.61334616,0.028148687629457148,0
actual,1745423197.6312907,394651.8368544814,4438792.613204358,0.028144289399742065,0
actual,1745423197.731297,394651.83719469723,4438792.61300241,0.02815519770756702,0
actual,1745423197.83129,394651.83672432456,4438792.6140801925,0.02808728694637199,0
actual,1745423197.9312534,394651.836903911,4438792.614003546,0.028093954104114645,0
actual,1745423198.0312936,394651.8371487918,4438792.613917154,0.028085559070412415,0
actual,1745423198.13126,394651.83748521324,4438792.613727313,0.02809994058344875,0
actual,1745423198.231262,394651.8378811696,4438792.613462033,0.028116591024512902,0
actual,1745423198.3312566,394651.83830801677,4438792.613133626,0.028131373963277174,0
actual,1745423198.4312565,394651.83635139203,4438792.614388268,0.02807304505967571,0
actual,1745423198.5312524,394651.8364599629,4438792.614206328,0.02808662372125617,0
actual,1745423198.6312416,394651.836615063,4438792.613939854,0.02807824614084667,0
actual,1745423198.731286,394651.83677671733,4438792.613639263,0.028050809565005143,0
actual,1745423198.8312843,394651.8372825918,4438792.614328762,0.028073847911131586,0
actual,1745423198.9312866,394651.8374566429,4438792.614206603,0.028066517528273115,0
actual,1745423199.0312774,394651.83771934157,4438792.614062969,0.028064789652313786,0
actual,1745423199.1312568,394651.83804538567,4438792.6138986945,0.028074912561975342,0
actual,1745423199.2312865,394651.8383685609,4438792.613660652,0.028108998842266798,0
actual,1745423199.3311985,394651.8387197412,4438792.613387181,0.028128180010746153,0
actual,1745423199.4312918,394651.83554015507,4438792.6136128735,0.02806758217911687,0
actual,1745423199.5312502,394651.8355119059,4438792.613416728,0.028071980408831954,0
actual,1745423199.6312544,394651.8355330946,4438792.613157153,0.028069990733484745,0
actual,1745423199.7312706,394651.8356092881,4438792.612845384,0.02805121099073308,0
actual,1745423199.831256,394651.83661550237,4438792.613668923,0.0280527992403526,0
actual,1745423199.9312563,394651.83672828425,4438792.613480907,0.028095943779461854,0
actual,1745423200.0312524,394651.8368776582,4438792.613275338,0.028095280554346035,0
actual,1745423200.1312783,394651.83705411194,4438792.61302864,0.028113658871369514,0
actual,1745423200.231291,394651.83725646563,4438792.61272694,0.028108737042878917,0
actual,1745423200.3312795,394651.83720295574,4438792.613834497,0.02804269378398352,0
actual,1745423200.4312851,394651.83728619566,4438792.613707379,0.028044823085670786,0
actual,1745423200.5312824,394651.83739349165,4438792.61350528,0.028058401747251493,0
actual,1745423200.6312947,394651.83759802,4438792.613256022,0.028064266053538022,0
actual,1745423200.7312586,394651.83789625077,4438792.613010977,0.028025380117803547,0
actual,1745423200.831257,394651.8363361969,4438792.612708997,0.028067460006069293,0
actual,1745423200.931285,394651.83628228883,4438792.612482453,0.028077041863662607,0
actual,1745423201.0312872,394651.83616490033,4438792.612268875,0.028071456810056437,0
actual,1745423201.131157,394651.8361194484,4438792.611981941,0.02810048163551699,0
actual,1745423201.2312543,394651.8362177433,4438792.61162924,0.02811351924502946,0
actual,1745423201.331271,394651.8363764442,4438792.611176822,0.02814828620372921,0
actual,1745423201.43131,394651.836421086,4438792.612668561,0.02812510823126271,0
actual,1745423201.531255,394651.83667480876,4438792.612463585,0.02814282332317037,0
actual,1745423201.631332,394651.8370668851,4438792.612234465,0.02813868689284317,0
actual,1745423201.7313087,394651.83732747124,4438792.612051211,0.02813629579176802,0
