type,timestamp,x,y,yaw,target_waypoint_idx
actual,1746048990.9713907,394644.8360260459,4438785.959125654,-0.025663426041079688,0
actual,1746048990.9714415,394644.8360260459,4438785.959125654,-0.025663426041079688,0
actual,1746048991.2589355,394644.83604156075,4438785.959099869,-0.025663426041079688,0
actual,1746048991.2589967,394644.83604156075,4438785.959099869,-0.025663426041079688,0
actual,1746048991.4658008,394644.83742149035,4438785.959626895,-0.025655432433105647,0
actual,1746048991.4658928,394644.83742149035,4438785.959626895,-0.025655432433105647,0
actual,1746048991.669285,394644.83742149035,4438785.959626895,-0.02569204944081255,0
actual,1746048991.6693327,394644.83742149035,4438785.959626895,-0.02569204944081255,0
actual,1746048991.7210252,394644.839748111,4438785.961592243,-0.02569204944081255,0
actual,1746048991.799283,394644.83836005256,4438785.96139025,-0.025684195459178567,0
actual,1746048992.0746875,394644.8381645608,4438785.962426741,-0.025624540105345213,0
actual,1746048992.074736,394644.8381645608,4438785.962426741,-0.025624540105345213,0
actual,1746048992.0747647,394644.8381645608,4438785.962426741,-0.025624540105345213,0
actual,1746048992.6988451,394644.838161264,4438785.962430316,-0.025700566647562113,0
actual,1746048992.6989017,394644.838161264,4438785.962430316,-0.025700566647562113,0
actual,1746048992.9051363,394644.8365382268,4438785.960926168,-0.025688715861941228,0
actual,1746048992.905192,394644.8365382268,4438785.960926168,-0.025688715861941228,0
actual,1746048994.2119217,394644.8365382268,4438785.960926168,-0.025693916943112183,0
actual,1746048994.211972,394644.8365382268,4438785.960926168,-0.025693916943112183,0
actual,1746048995.7106452,394644.8365382268,4438785.960926168,-0.0257044238252092,0
actual,1746048995.7107632,394644.8365382268,4438785.960926168,-0.0257044238252092,0
actual,1746048996.5334136,394644.8365382268,4438785.960926168,-0.025632917685754965,0
actual,1746048996.5334792,394644.8365382268,4438785.960926168,-0.025632917685754965,0
actual,1746049000.5928884,394644.8355932123,4438785.957401895,-0.025724268218804375,0
actual,1746049000.5929325,394644.8355932123,4438785.957401895,-0.025724268218804375,0
actual,1746049001.3692827,394644.8352097789,4438785.958245978,-0.02570482525093714,0
actual,1746049001.3693278,394644.8352097789,4438785.958245978,-0.02570482525093714,0
actual,1746049003.5746582,394644.8367341381,4438785.9589915965,-0.025713743883414634,0
actual,1746049003.5747051,394644.8367341381,4438785.9589915965,-0.025713743883414634,0
actual,1746049004.8410184,394644.83530390094,4438785.961617552,-0.025718142113129717,0
actual,1746049004.8411229,394644.83530390094,4438785.961617552,-0.025718142113129717,0
actual,1746049005.0270202,394644.8357829518,4438785.961333426,-0.025643180221756576,0
actual,1746049006.9145334,394644.8368840228,4438785.959306375,-0.025718805338245537,0
actual,1746049006.9146347,394644.8368840228,4438785.959306375,-0.025718805338245537,0
actual,1746049008.054726,394644.8368842982,4438785.958945439,-0.02566834786957029,0
actual,1746049008.0547876,394644.8368842982,4438785.958945439,-0.02566834786957029,0
actual,1746049008.3605554,394644.83590120054,4438785.960023807,-0.025680600080919356,0
actual,1746049008.3606036,394644.83590120054,4438785.960023807,-0.025680600080919356,0
actual,1746049008.3606308,394644.83590120054,4438785.960023807,-0.025680600080919356,0
actual,1746049009.8553944,394644.8360355667,4438785.958998629,-0.025678069353503908,0
actual,1746049009.8554568,394644.8360355667,4438785.958998629,-0.025678069353503908,0
actual,1746049010.8722844,394644.8356005903,4438785.959422199,-0.02567274609928537,0
actual,1746049010.8723388,394644.8356005903,4438785.959422199,-0.02567274609928537,0
actual,1746049013.664159,394644.83560363186,4438785.959415324,-0.025657160309064973,0
actual,1746049013.664211,394644.83560363186,4438785.959415324,-0.025657160309064973,0
actual,1746049013.8977473,394644.8345381544,4438785.958535204,-0.025695243393343576,0
actual,1746049013.8977926,394644.8345381544,4438785.958535204,-0.025695243393343576,0
actual,1746049015.147852,394644.8345381544,4438785.958535204,-0.02567594005181664,0
actual,1746049015.1478984,394644.8345381544,4438785.958535204,-0.02567594005181664,0
actual,1746049016.736894,394644.8345498651,4438785.95845306,-0.02567594005181664,0
actual,1746049016.7369702,394644.8345498651,4438785.95845306,-0.02567594005181664,0
actual,1746049017.0094955,394644.8345498651,4438785.95845306,-0.02570122987267793,0
actual,1746049017.0095453,394644.8345498651,4438785.95845306,-0.02570122987267793,0
actual,1746049017.1650074,394644.8345498651,4438785.95845306,-0.02570122987267793,0
actual,1746049017.1650858,394644.8345498651,4438785.95845306,-0.02570122987267793,0
actual,1746049019.6453354,394644.8356927735,4438785.959478047,-0.02566435106558339,0
actual,1746049019.6454399,394644.8356927735,4438785.959478047,-0.02566435106558339,0
actual,1746049020.0215309,394644.83678751637,4438785.959137052,-0.0256795354300756,0
actual,1746049020.0216663,394644.83678751637,4438785.959137052,-0.0256795354300756,0
actual,1746049020.0217538,394644.83678751637,4438785.959137052,-0.0256795354300756,0
actual,1746049022.6821275,394644.837680195,4438785.961455736,-0.025678994378007608,0
actual,1746049022.6821716,394644.837680195,4438785.961455736,-0.025678994378007608,0
actual,1746049023.210735,394644.837680195,4438785.961455736,-0.025678994378007608,0
actual,1746049023.2107844,394644.837680195,4438785.961455736,-0.025678994378007608,0
actual,1746049025.1583664,394644.8376566458,4438785.961520502,-0.025678994378007608,0
actual,1746049025.1584272,394644.8376566458,4438785.961520502,-0.025678994378007608,0
actual,1746049027.9672487,394644.8365512589,4438785.960661035,-0.025662623189623816,0
actual,1746049027.9673007,394644.8365512589,4438785.960661035,-0.025662623189623816,0
actual,1746049028.7830057,394644.83837601455,4438785.9605167005,-0.025682467583218987,0
actual,1746049028.7830613,394644.83837601455,4438785.9605167005,-0.025682467583218987,0
actual,1746049033.8879576,394644.835910059,4438785.9607552895,-0.025688192263165464,0
actual,1746049033.8880513,394644.835910059,4438785.9607552895,-0.025688192263165464,0
actual,1746049042.623713,394644.8373917831,4438785.959299044,-0.025802703315388895,0
actual,1746049042.6238322,394644.8373917831,4438785.959299044,-0.025802703315388895,0
actual,1746049043.4712923,394644.8375379779,4438785.961396222,-0.025665555342767203,0
actual,1746049043.471365,394644.8375379779,4438785.961396222,-0.025665555342767203,0
actual,1746049045.4896126,394644.8375379779,4438785.961396222,-0.02569178764142467,0
actual,1746049045.4896595,394644.8375379779,4438785.961396222,-0.02569178764142467,0
actual,1746049048.2757604,394644.83794877643,4438785.960909964,-0.025651697428506384,0
actual,1746049048.2758129,394644.83794877643,4438785.960909964,-0.025651697428506384,0
actual,1746049048.6679382,394644.83794877643,4438785.960909964,-0.025651697428506384,0
actual,1746049048.6679978,394644.83794877643,4438785.960909964,-0.025651697428506384,0
actual,1746049048.6680286,394644.83794877643,4438785.960909964,-0.025651697428506384,0
actual,1746049049.0801497,394644.8389707333,4438785.960556198,-0.02559589925232012,0
actual,1746049049.080233,394644.8389707333,4438785.960556198,-0.02559589925232012,0
actual,1746049053.7708826,394644.8370837791,4438785.961607004,-0.02559589925232012,0
actual,1746049053.7709284,394644.8370837791,4438785.961607004,-0.02559589925232012,0
actual,1746049055.0865648,394644.8378544503,4438785.961394877,-0.02566435106558339,0
actual,1746049055.0866184,394644.8378544503,4438785.961394877,-0.02566435106558339,0
actual,1746049055.472113,394644.8378544503,4438785.961394877,-0.02566435106558339,0
actual,1746049055.472163,394644.8378544503,4438785.961394877,-0.02566435106558339,0
actual,1746049055.4722028,394644.8378544503,4438785.961394877,-0.02566435106558339,0
actual,1746049055.5179064,394644.8378544503,4438785.961394877,-0.025665153917039264,0
actual,1746049058.876915,394644.8377137116,4438785.9599814415,-0.025678470779231844,0
actual,1746049058.876973,394644.8377137116,4438785.9599814415,-0.025678470779231844,0
actual,1746049059.3596144,394644.8382412052,4438785.9587806,-0.025677528301435913,0
actual,1746049059.9438782,394644.8389488258,4438785.962037452,-0.02570229452352169,0
actual,1746049059.9439247,394644.8389488258,4438785.962037452,-0.02570229452352169,0
actual,1746049063.0758364,394644.83963527845,4438785.961686599,-0.02572386679307619,0
actual,1746049063.075891,394644.83963527845,4438785.961686599,-0.02572386679307619,0
actual,1746049063.5847113,394644.83963527845,4438785.961686599,-0.02572386679307619,0
actual,1746049063.584772,394644.83963527845,4438785.961686599,-0.02572386679307619,0
actual,1746049067.2443936,394644.83963527845,4438785.961686599,-0.02564331984809688,0
actual,1746049067.244463,394644.83963527845,4438785.961686599,-0.02564331984809688,0
actual,1746049068.1995063,394644.83836584823,4438785.960702583,-0.02581095872275082,0
actual,1746049068.1995544,394644.83836584823,4438785.960702583,-0.02581095872275082,0
actual,1746049068.4782321,394644.83839684416,4438785.964640936,-0.025654367782261888,0
actual,1746049068.4782825,394644.83839684416,4438785.964640936,-0.025654367782261888,0
actual,1746049068.5265605,394644.8382683896,4438785.961954258,-0.025654367782261888,0
actual,1746049068.984472,394644.8382683896,4438785.961954258,-0.02572187711772898,0
actual,1746049068.984517,394644.8382683896,4438785.961954258,-0.02572187711772898,0
actual,1746049070.274681,394644.8389861246,4438785.963435,-0.02571442456182293,0
actual,1746049070.2747378,394644.8389861246,4438785.963435,-0.02571442456182293,0
actual,1746049071.3268561,394644.8389861246,4438785.963435,-0.02571442456182293,0
actual,1746049071.3270502,394644.8389861246,4438785.963435,-0.02571442456182293,0
actual,1746049071.6031716,394644.83870511013,4438785.962693241,-0.02571442456182293,0
actual,1746049071.6032176,394644.83870511013,4438785.962693241,-0.02571442456182293,0
actual,1746049071.6371431,394644.8381846984,4438785.9635052495,-0.02571442456182293,0
actual,1746049074.2338943,394644.8381846984,4438785.9635052495,-0.025728806074859514,0
actual,1746049074.2340095,394644.8381846984,4438785.9635052495,-0.025728806074859514,0
actual,1746049074.375358,394644.83942900423,4438785.961923636,-0.025694580168227756,0
actual,1746049076.0573204,394644.83942900423,4438785.961923636,-0.025694580168227756,0
actual,1746049076.0573704,394644.83942900423,4438785.961923636,-0.025694580168227756,0
actual,1746049082.3815231,394644.83806384064,4438785.962312024,-0.025664892117651383,0
actual,1746049082.3816068,394644.83806384064,4438785.962312024,-0.025664892117651383,0
actual,1746049083.5779269,394644.8378359703,4438785.963981994,-0.02567700470266015,0
actual,1746049083.5779994,394644.8378359703,4438785.963981994,-0.02567700470266015,0
actual,1746049088.2318187,394644.8371302864,4438785.961730576,-0.025689658339737156,0
actual,1746049088.2319717,394644.8371302864,4438785.961730576,-0.025689658339737156,0
actual,1746049091.3492155,394644.8385092854,4438785.961189131,-0.02570283557558968,0
actual,1746049091.3492815,394644.8385092854,4438785.961189131,-0.02570283557558968,0
actual,1746049092.3345165,394644.8385092854,4438785.961189131,-0.02570283557558968,0
actual,1746049092.3346417,394644.8385092854,4438785.961189131,-0.02570283557558968,0
actual,1746049093.3783145,394644.83757494274,4438785.961461564,-0.025764079179042304,0
actual,1746049093.3783896,394644.83757494274,4438785.961461564,-0.025764079179042304,0
actual,1746049093.5796783,394644.83757494274,4438785.961461564,-0.025764079179042304,0
actual,1746049093.579735,394644.83757494274,4438785.961461564,-0.025764079179042304,0
actual,1746049094.7954426,394644.8383857608,4438785.96113486,-0.02573931295695653,0
actual,1746049094.795487,394644.8383857608,4438785.96113486,-0.02573931295695653,0
actual,1746049094.955501,394644.8379119899,4438785.959231295,-0.025726537146831943,0
actual,1746049095.0686283,394644.8383906505,4438785.962296071,-0.025685923335137893,0
actual,1746049095.104181,394644.8395596705,4438785.961783719,-0.02567367112378907,0
actual,1746049095.195623,394644.8394069415,4438785.961721502,-0.025633319111482904,0
actual,1746049095.2956948,394644.83931229357,4438785.961706943,-0.02565729993540528,0
actual,1746049095.3956692,394644.8398441039,4438785.96317088,-0.0257325236261663,0
actual,1746049095.4956522,394644.8397835674,4438785.963245983,-0.025716815662898327,0
actual,1746049095.5956607,394644.83971026825,4438785.96334993,-0.02569924019733072,0
actual,1746049095.6956465,394644.83959064307,4438785.963459436,-0.02568471905795408,0
actual,1746049095.7956305,394644.8394322003,4438785.963586668,-0.02568339260772244,0
actual,1746049095.8956566,394644.8393602523,4438785.96320529,-0.02569257303958807,0
actual,1746049095.9956305,394644.83920007694,4438785.963165585,-0.025672065420877074,0
actual,1746049096.095707,394644.8390720297,4438785.963166174,-0.02570602952812095,0
actual,1746049096.1956553,394644.8388989442,4438785.9631207315,-0.025677528301435913,0
actual,1746049096.307681,394644.8386875269,4438785.963151943,-0.025710549930883612,0
actual,1746049096.3967488,394644.83972086594,4438785.962983676,-0.025687651211097468,0
actual,1746049096.4956715,394644.8396605747,4438785.963008661,-0.025679657603123178,0
actual,1746049096.6595242,394644.8396605747,4438785.963008661,-0.025679657603123178,0
actual,1746049096.6974292,394644.83955077216,4438785.962989368,-0.025670337544917748,0
actual,1746049096.795637,394644.8394395099,4438785.963049737,-0.025720271414817232,0
actual,1746049096.8956852,394644.8408567717,4438785.961801066,-0.025704301652161372,0
actual,1746049096.9956677,394644.8408736469,4438785.961693784,-0.025734652927853565,0
actual,1746049097.0956578,394644.84083902335,4438785.961574055,-0.025725996094763705,0
actual,1746049097.1956382,394644.8408020233,4438785.961473312,-0.02574224511009992,0
actual,1746049097.2956488,394644.8407931313,4438785.961340104,-0.025713621710367056,0
actual,1746049097.3956285,394644.84033108666,4438785.960533072,-0.02566607894154272,0
actual,1746049097.495668,394644.8402247308,4438785.960435577,-0.025695505192731456,0
actual,1746049097.5956283,394644.84008094575,4438785.960295462,-0.02567274609928537,0
actual,1746049097.6956904,394644.8399119716,4438785.960127689,-0.025636792316694284,0
actual,1746049097.7956944,394644.8397737617,4438785.959993631,-0.025679256177395242,0
actual,1746049097.8956695,394644.8400561376,4438785.959540431,-0.0257176185143542,0
actual,1746049097.9956305,394644.83999225515,4438785.959401728,-0.025716152437782507,0
actual,1746049098.0956633,394644.83990588743,4438785.959252754,-0.025722679969184856,0
actual,1746049098.1956346,394644.8397869065,4438785.959094781,-0.02571028813149573,0
actual,1746049098.2955723,394644.83966849826,4438785.9589745095,-0.02572706074560746,0
actual,1746049098.3956301,394644.84002030385,4438785.958111002,-0.025729190047294976,0
actual,1746049098.495694,394644.83998119505,4438785.958019784,-0.025734530754805987,0
actual,1746049098.5956097,394644.83992756245,4438785.957954787,-0.0257366600564935,0
actual,1746049098.6956847,394644.83982068236,4438785.957838615,-0.025722941768572736,0
actual,1746049098.79567,394644.83970372134,4438785.957720392,-0.02573346610396223,0
actual,1746049098.895621,394644.8395739401,4438785.9576328695,-0.025758494125435887,0
actual,1746049098.9956765,394644.8389145632,4438785.95981157,-0.02573931295695653,0
actual,1746049099.095686,394644.83877335384,4438785.95993982,-0.025707757404080277,0
actual,1746049099.195643,394644.83869310684,4438785.960083033,-0.02573638080381314,0
actual,1746049099.2957141,394644.8385846654,4438785.96018348,-0.02573306467823429,0
actual,1746049099.3957143,394644.83837201586,4438785.960336256,-0.02576235130308273,0
actual,1746049099.495675,394644.8388921866,4438785.960798363,-0.0257366600564935,0
actual,1746049099.595634,394644.8386157666,4438785.960754604,-0.025720411041157284,0
actual,1746049099.695686,394644.8384887246,4438785.960864239,-0.02575210622037359,0
actual,1746049099.795649,394644.8385922831,4438785.96113912,-0.025791777554271467,0
actual,1746049099.8955936,394644.8387897615,4438785.9612146355,-0.02580963227251943,0
actual,1746049099.9956312,394644.83936845954,4438785.959519138,-0.025822949134712007,0
actual,1746049100.0956562,394644.83958675276,4438785.95948517,-0.025835986744224475,0
actual,1746049100.1956794,394644.83969817916,4438785.959372993,-0.025850106457873178,0
actual,1746049100.2956364,394644.839642403,4438785.959237101,-0.025832670618645626,0
actual,1746049100.3956225,394644.8394562444,4438785.961537958,-0.02585569151147935,0
actual,1746049100.495632,394644.8394856098,4438785.961789369,-0.025884855963280204,0
actual,1746049100.5956247,394644.83956972347,4438785.962003071,-0.025892709944914192,0
actual,1746049100.6956449,394644.8395225214,4438785.962229215,-0.025896043523785515,0
actual,1746049100.7956522,394644.8395784763,4438785.962530524,-0.025926674052158066,0
actual,1746049100.8956597,394644.84012981405,4438785.9589835,-0.02589750960035721,0
actual,1746049100.9956784,394644.8402960341,4438785.958706189,-0.025929326952621096,0
actual,1746049101.0956895,394644.84031935706,4438785.95838499,-0.0258772637810341,0
actual,1746049101.1956425,394644.8402396425,4438785.958134782,-0.02591402041508106,0
actual,1746049101.2956498,394644.8401546369,4438785.9577974,-0.025881260585021243,0
actual,1746049101.395628,394644.8401672067,4438785.9618518,-0.02590403713175956,0
actual,1746049101.4956822,394644.840047482,4438785.962336767,-0.025916690768836566,0
actual,1746049101.5956357,394644.84002828575,4438785.962903761,-0.025952906350815534,0
actual,1746049101.695671,394644.84016295924,4438785.963386247,-0.02596435571070848,0
actual,1746049101.7956662,394644.84042665985,4438785.963907593,-0.02599112906143419,0
actual,1746049101.8956676,394644.8389223741,4438785.960954435,-0.025959695681605763,0
actual,1746049101.9956427,394644.83881440037,4438785.9610813605,-0.025967410036899695,0
actual,1746049102.0956476,394644.8385596436,4438785.9611761635,-0.025959957480993646,0
actual,1746049102.1956265,394644.8382257924,4438785.961214979,-0.025941718790310223,0
actual,1746049102.295645,394644.837904246,4438785.961350014,-0.025942521641766095,0
actual,1746049102.3956494,394644.84052576474,4438785.963659501,-0.02593173550698872,0
actual,1746049102.4956355,394644.84067793144,4438785.964102211,-0.025903897505419504,0
actual,1746049102.5956697,394644.8407817873,4438785.964540896,-0.025894839246601704,0
actual,1746049102.6956615,394644.8409175013,4438785.965198985,-0.025963151433524668,0
actual,1746049102.795621,394644.84111916646,4438785.965727213,-0.02597301254379859,0
actual,1746049102.8956475,394644.83969676826,4438785.960316277,-0.025643703820532094,0
actual,1746049102.995626,394644.8396033335,4438785.960239913,-0.025711230609291907,0
actual,1746049103.095662,394644.8395959076,4438785.960161477,-0.025732122200438114,0
actual,1746049103.1956298,394644.83952037763,4438785.959730743,-0.025686324760865832,0
actual,1746049103.295594,394644.8393576133,4438785.959515559,-0.025721074266273104,0
actual,1746049103.3956752,394644.83993976534,4438785.959057981,-0.02573959220963689,0
actual,1746049103.4955924,394644.8397396918,4438785.958695209,-0.025734932180533923,0
actual,1746049103.595658,394644.8395248151,4438785.958367438,-0.02572639752049164,0
actual,1746049103.695713,394644.8393891002,4438785.958182249,-0.02569697126930315,0
actual,1746049103.795701,394644.8393004539,4438785.957902383,-0.02573439112846593,0
actual,1746049103.8956807,394644.839459094,4438785.958281204,-0.025674596148292525,0
actual,1746049103.9956446,394644.8394848029,4438785.958173733,-0.025716815662898327,0
actual,1746049104.0957253,394644.83945555147,4438785.9578569,-0.02566248356328376,0
actual,1746049104.195694,394644.8394154506,4438785.957612072,-0.02569072299058091,0
actual,1746049104.2955635,394644.8393087164,4438785.957404285,-0.025692311240200185,0
actual,1746049104.3956301,394644.8405467496,4438785.959590288,-0.025708822054924037,0
actual,1746049104.4956398,394644.840625973,4438785.959678819,-0.025709764532720215,0
actual,1746049104.5956333,394644.8407531963,4438785.959831123,-0.025732663252506355,0
actual,1746049104.6956363,394644.8408995215,4438785.959895882,-0.025726798946219577,0
actual,1746049104.795627,394644.8410423759,4438785.95998479,-0.025747446191270628,0
actual,1746049104.8956988,394644.8398403241,4438785.957553514,-0.02571149240867954,0
actual,1746049104.9956908,394644.8397338938,4438785.957410228,-0.025690321564852975,0
actual,1746049105.095652,394644.839667295,4438785.957294782,-0.02569204944081255,0
actual,1746049105.1956255,394644.8395834424,4438785.957217133,-0.02569164801508437,0
actual,1746049105.2956464,394644.83944815176,4438785.957082542,-0.025686586560253712,0
actual,1746049105.3956525,394644.83982385555,4438785.957025522,-0.025663024615351752,0
actual,1746049105.4956372,394644.83977336576,4438785.957016135,-0.025665555342767203,0
actual,1746049105.5956364,394644.8397340069,4438785.957003338,-0.025696709469915268,0
actual,1746049105.6956956,394644.8396457725,4438785.956949155,-0.02567340932440119,0
actual,1746049105.795694,394644.83958302997,4438785.956965571,-0.025703638427045802,0
actual,1746049105.895653,394644.83957945067,4438785.957476575,-0.025722138917116864,0
actual,1746049105.9956238,394644.83949664806,4438785.957555068,-0.025747044765542692,0
actual,1746049106.0956712,394644.83937331254,4438785.957650639,-0.025746503713474696,0
actual,1746049106.1956265,394644.8392555949,4438785.9577434,-0.025754898747176676,0
actual,1746049106.2956498,394644.8391083012,4438785.957849246,-0.025741721511324155,0
actual,1746049106.3956268,394644.83916888316,4438785.958643932,-0.02569964162305866,0
actual,1746049106.4956734,394644.83912869554,4438785.958795706,-0.025704964877277192,0
actual,1746049106.5956938,394644.83913741354,4438785.958927721,-0.02570122987267793,0
actual,1746049106.6956406,394644.8391427425,4438785.959103585,-0.025719084590925895,0
actual,1746049106.7956507,394644.8391464766,4438785.959263422,-0.025721475692001044,0
actual,1746049106.8956387,394644.83969239367,4438785.959298865,-0.02567286827233295,0
actual,1746049106.9955842,394644.8397694238,4438785.959295513,-0.025676463650592157,0
actual,1746049107.0956473,394644.83987884707,4438785.959292896,-0.025705889901780646,0
actual,1746049107.1956275,394644.8399070228,4438785.959283647,-0.02569791374709908,0
actual,1746049107.2957263,394644.8398784163,4438785.959319821,-0.025748371215774328,0
actual,1746049107.3957121,394644.83996881347,4438785.96051688,-0.02574543906263094,0
actual,1746049107.4956596,394644.8399670575,4438785.960567258,-0.025756626623136256,0
actual,1746049107.5956235,394644.83993551077,4438785.960592225,-0.02576620848072957,0
actual,1746049107.6956418,394644.8398976254,4438785.960720222,-0.02578579107493711,0
actual,1746049107.7956207,394644.83987830096,4438785.960784266,-0.025774603514431796,0
actual,1746049107.895658,394644.8400292598,4438785.961812083,-0.025661418912440004,0
actual,1746049107.9956288,394644.8398269762,4438785.961895614,-0.025653163505078076,0
actual,1746049108.0957074,394644.83950587036,4438785.962035892,-0.025676201851204276,0
actual,1746049108.1957207,394644.8392053631,4438785.962016781,-0.025678470779231844,0
actual,1746049108.2956707,394644.83902489487,4438785.962000851,-0.025682327956878935,0
actual,1746049108.3956354,394644.8403263616,4438785.962442552,-0.025715489212666687,0
actual,1746049108.495637,394644.8409154508,4438785.962396502,-0.025694981593955692,0
actual,1746049108.5956278,394644.84148912854,4438785.962409755,-0.025719869989089292,0
actual,1746049108.6956637,394644.84193635895,4438785.962493382,-0.025735595405649743,0
actual,1746049108.79568,394644.8422662403,4438785.962509477,-0.025726798946219577,0
actual,1746049108.89571,394644.84084907663,4438785.963727727,-0.02569058336424086,0
actual,1746049108.995611,394644.84045383235,4438785.963806776,-0.02570801920346816,0
actual,1746049109.0956917,394644.8399276018,4438785.963894731,-0.025697774120759027,0
actual,1746049109.1956346,394644.8393117288,4438785.964003135,-0.025680059028851364,0
actual,1746049109.2957177,394644.8387102935,4438785.964132367,-0.02567340932440119,0
actual,1746049109.3956425,394644.8413738515,4438785.963815206,-0.02562146832586177,0
actual,1746049109.4956632,394644.8414362765,4438785.963820671,-0.02564344202114446,0
actual,1746049109.5956378,394644.84153612365,4438785.963819851,-0.025626931206420612,0
actual,1746049109.6957054,394644.8416959747,4438785.963779918,-0.025625866555576853,0
actual,1746049109.795711,394644.8418313387,4438785.96374265,-0.025613492171180204,0
actual,1746049109.8956635,394644.83999413846,4438785.962296482,-0.025789787878924008,0
actual,1746049109.9956539,394644.8398435225,4438785.962202172,-0.02581415267528209,0
actual,1746049110.0956976,394644.8396312616,4438785.962047523,-0.025780467820718574,0
actual,1746049110.1956244,394644.83934548555,4438785.961978387,-0.025828673814658483,0
actual,1746049110.2957358,394644.8390803011,4438785.961784637,-0.025761024852851335,0
actual,1746049110.3956625,394644.8391618108,4438785.9626198225,-0.025728928247907092,0
actual,1746049110.4957201,394644.8390823718,4438785.962699706,-0.02575383409633317,0
actual,1746049110.595737,394644.8388894347,4438785.962794034,-0.025802040090273076,0
actual,1746049110.6956723,394644.83857870876,4438785.962728281,-0.025782195696677904,0
actual,1746049110.7956452,394644.8382446563,4438785.962787661,-0.025823734532875408,0
actual,1746049110.8956952,394644.8406781412,4438785.962330796,-0.025671803621489193,0
actual,1746049110.9956255,394644.84063123644,4438785.96226855,-0.025711230609291907,0
actual,1746049111.0956578,394644.8405426093,4438785.962222637,-0.025702434149861744,0
actual,1746049111.1956286,394644.84039802535,4438785.96233325,-0.025707897030420583,0
actual,1746049111.2957013,394644.84025482443,4438785.962364305,-0.02571948601665383,0
actual,1746049111.3956797,394644.8401060293,4438785.960388435,-0.025654105982874008,0
actual,1746049111.4956808,394644.84023207764,4438785.960152713,-0.02565942923709279,0
actual,1746049111.5956845,394644.84051614325,4438785.959941514,-0.02563852019265386,0
actual,1746049111.6956716,394644.84083062934,4438785.959793304,-0.025638659818993915,0
actual,1746049111.7956274,394644.8410557599,4438785.959512492,-0.02562853690933236,0
actual,1746049111.8956585,394644.8396999751,4438785.961270652,-0.025664490691923447,0
actual,1746049111.9956422,394644.83943986165,4438785.961283778,-0.02565382673019365,0
actual,1746049112.095696,394644.8390873241,4438785.961237146,-0.025614277569343605,0
actual,1746049112.195679,394644.83873750654,4438785.961209441,-0.02561761114821493,0
actual,1746049112.2956808,394644.83840343886,4438785.961180446,-0.02564117309311689,0
actual,1746049112.395641,394644.83900768874,4438785.960679729,-0.025708699881876455,0
actual,1746049112.4956663,394644.83894819906,4438785.960537875,-0.0256844572585662,0
actual,1746049112.5956295,394644.83888421545,4438785.960453801,-0.025687790837437524,0
actual,1746049112.6956542,394644.83879037754,4438785.960335151,-0.025673269698060885,0
actual,1746049112.7956357,394644.83869778353,4438785.960164406,-0.02567114039637362,0
actual,1746049112.8956459,394644.83801458427,4438785.959698723,-0.025716274610830085,0
actual,1746049112.9956958,394644.83786076703,4438785.959585197,-0.025710427757836034,0
actual,1746049113.095681,394644.83766735834,4438785.959469769,-0.025729469299975084,0
actual,1746049113.195636,394644.8374461254,4438785.959433156,-0.02573186040105048,0
actual,1746049113.295664,394644.8372973929,4438785.959290854,-0.025739452583296584,0
actual,1746049113.395628,394644.839962732,4438785.960864349,-0.02567606222486422,0
actual,1746049113.4956665,394644.8401332264,4438785.961031457,-0.0256885936888934,0
actual,1746049113.595663,394644.84024293104,4438785.96112724,-0.025695505192731456,0
actual,1746049113.6956728,394644.84037678805,4438785.96122267,-0.025695243393343576,0
actual,1746049113.795739,394644.84054861416,4438785.961413247,-0.025716152437782507,0
actual,1746049113.8956094,394644.8408412041,4438785.961456119,-0.025726275347444063,0
actual,1746049113.9956305,394644.84096109757,4438785.961525503,-0.025712016007455304,0
actual,1746049114.0956702,394644.8410763964,4438785.96164706,-0.02572987072570327,0
actual,1746049114.1956313,394644.8412443454,4438785.961759474,-0.025725332869647885,0
actual,1746049114.2957075,394644.8414346268,4438785.96185968,-0.02574330976094343,0
actual,1746049114.3956277,394644.8413566407,4438785.9611345185,-0.025693515517384247,0
actual,1746049114.495682,394644.84139026713,4438785.961157271,-0.025696447670527388,0
actual,1746049114.5956523,394644.8413770088,4438785.961256067,-0.025710026332108095,0
actual,1746049114.6957045,394644.84132134536,4438785.961313549,-0.02570629132750883,0
actual,1746049114.7956533,394644.84135518264,4438785.961382309,-0.025713743883414634,0
actual,1746049114.895651,394644.83995214954,4438785.96098804,-0.025697110895643208,0
actual,1746049114.9956286,394644.8399908962,4438785.961030394,-0.02570482525093714,0
actual,1746049115.0956972,394644.83998332324,4438785.961094003,-0.025731458975322544,0
actual,1746049115.1956763,394644.8398920905,4438785.961113745,-0.02574212293705209,0
actual,1746049115.2957072,394644.8397947082,4438785.961086638,-0.02574997691868608,0
actual,1746049115.3956878,394644.8401837728,4438785.960055673,-0.025688192263165464,0
actual,1746049115.4956872,394644.84021880943,4438785.960047268,-0.025706570580188944,0
actual,1746049115.5956583,394644.84028339357,4438785.959969311,-0.025680338281531476,0
actual,1746049115.6957014,394644.8403355189,4438785.959902322,-0.0256604938879363,0
actual,1746049115.7956486,394644.8404505385,4438785.959860682,-0.02570629132750883,0
actual,1746049115.8956563,394644.83980094024,4438785.9593281625,-0.025721336065660988,0
actual,1746049115.995682,394644.8397272955,4438785.959320657,-0.02577673281611931,0
actual,1746049116.0957541,394644.8396114835,4438785.959264041,-0.02580362833989235,0
actual,1746049116.1956801,394644.83949106454,4438785.959261378,-0.025820278780956503,0
actual,1746049116.2956727,394644.8394005667,4438785.959207304,-0.025811098349090875,0
actual,1746049116.3956308,394644.83924777916,4438785.95968995,-0.025680600080919356,0
actual,1746049116.4956794,394644.83932562015,4438785.95959366,-0.02562267260304558,0
actual,1746049116.5956588,394644.8394368459,4438785.959558147,-0.025605498563206163,0
actual,1746049116.6956701,394644.839531975,4438785.959534962,-0.025639846642885253,0
actual,1746049116.7957265,394644.8395674772,4438785.959452719,-0.02561668612371123,0
actual,1746049116.8957093,394644.8388779897,4438785.960135159,-0.025662745362671394,0
actual,1746049116.9955797,394644.83879659127,4438785.960187307,-0.02565462958164977,0
actual,1746049117.0956998,394644.83874312416,4438785.960309102,-0.025709764532720215,0
actual,1746049117.1956584,394644.8386229853,4438785.960364848,-0.025692852292268427,0
actual,1746049117.2957256,394644.83851502324,4438785.960432661,-0.02566421143924309,0
actual,1746049117.3955789,394644.83871875494,4438785.9607903045,-0.02567021537186992,0
actual,1746049117.4956586,394644.8387132954,4438785.960851592,-0.02568925691400922,0
actual,1746049117.5956354,394644.83871884167,4438785.960940432,-0.02570403985277374,0
actual,1746049117.6956067,394644.8386879439,4438785.961010473,-0.025712295260135663,0
actual,1746049117.7956815,394644.8386072979,4438785.961065246,-0.02570229452352169,0
actual,1746049117.8956935,394644.83933054557,4438785.961593038,-0.025705226676665076,0
actual,1746049117.9956348,394644.839380464,4438785.961653665,-0.025692311240200185,0
actual,1746049118.0956967,394644.83942103107,4438785.961710089,-0.025685521909409956,0
actual,1746049118.1956286,394644.83945563075,4438785.961761659,-0.025689117287669164,0
actual,1746049118.2957025,394644.8394602355,4438785.961811467,-0.02568218833053863,0
actual,1746049118.3956597,394644.8397321997,4438785.962785396,-0.025695243393343576,0
actual,1746049118.495679,394644.8397606918,4438785.962845367,-0.02567274609928537,0
actual,1746049118.5956652,394644.8397788587,4438785.9629298095,-0.02565729993540528,0
actual,1746049118.6956894,394644.8398289725,4438785.963050397,-0.025669552146754347,0
actual,1746049118.7956822,394644.8398403528,4438785.96311857,-0.025649707753159175,0
actual,1746049118.8956952,394644.84094232175,4438785.96223096,-0.025655833858833584,0
actual,1746049118.9956646,394644.8410216762,4438785.962203389,-0.02567766792777597,0
actual,1746049119.0956771,394644.84106534475,4438785.962109147,-0.025658364586249035,0
actual,1746049119.195675,394644.8410753155,4438785.962015599,-0.025653425304465714,0
actual,1746049119.2956607,394644.84109322645,4438785.961957492,-0.02565729993540528,0
actual,1746049119.3956761,394644.84118495445,4438785.961518234,-0.02568992013912504,0
actual,1746049119.4956634,394644.84121422516,4438785.961408692,-0.025680600080919356,0
actual,1746049119.5956972,394644.8412430378,4438785.961410536,-0.02567594005181664,0
actual,1746049119.6956658,394644.8412639417,4438785.961334949,-0.02564530952344409,0
actual,1746049119.7956395,394644.8413009244,4438785.961305937,-0.025634523388666716,0
actual,1746049119.8956804,394644.8397872986,4438785.960876176,-0.025661017486712064,0
actual,1746049119.995629,394644.83968633396,4438785.960972696,-0.025693916943112183,0
actual,1746049120.095716,394644.83951117436,4438785.960986427,-0.025681926531150995,0
actual,1746049120.1956632,394644.83931323315,4438785.9610941745,-0.025725210696600307,0
actual,1746049120.2956681,394644.8390831569,4438785.961190641,-0.025703900226433436,0
actual,1746049120.395636,394644.8397553611,4438785.959342587,-0.025635588039510472,0
actual,1746049120.495702,394644.8398397432,4438785.959195793,-0.025635186613782536,0
actual,1746049120.5956686,394644.83997449366,4438785.959139496,-0.025652901705690196,0
actual,1746049120.695674,394644.84009302757,4438785.958922171,-0.025653163505078076,0
actual,1746049120.7956307,394644.84018070117,4438785.958701001,-0.0256389216183818,0
actual,1746049120.8956337,394644.8390617039,4438785.959807911,-0.02569990342244654,0
actual,1746049120.9956317,394644.8389203787,4438785.9598170435,-0.025686848359641596,0
actual,1746049121.095664,394644.8388168481,4438785.959816955,-0.02569311409165606,0
actual,1746049121.19563,394644.8388016392,4438785.959875299,-0.025743850813011667,0
actual,1746049121.295648,394644.8388152435,4438785.959839262,-0.02573599683137768,0
actual,1746049121.3956363,394644.8393314507,4438785.959447118,-0.02569377731677188,0
actual,1746049121.495645,394644.83923669247,4438785.959373094,-0.02567340932440119,0
actual,1746049121.5956604,394644.8391653155,4438785.95936555,-0.025754235522061106,0
actual,1746049121.6956336,394644.83917994244,4438785.959247524,-0.025723604993688556,0
actual,1746049121.795628,394644.83915295696,4438785.95923564,-0.025779926768650333,0
actual,1746049121.895634,394644.83903834387,4438785.959132752,-0.025741983310712035,0
actual,1746049121.9956303,394644.8394408427,4438785.960045666,-0.025686726186593768,0
actual,1746049122.0956347,394644.83929270616,4438785.960096239,-0.025680722253966937,0
actual,1746049122.1956587,394644.83919035573,4438785.96007881,-0.025635588039510472,0
actual,1746049122.2956417,394644.83912242233,4438785.960114171,-0.02567353149744877,0
actual,1746049122.3956218,394644.8390612332,4438785.960148551,-0.025686726186593768,0
actual,1746049122.4956644,394644.83875577827,4438785.959699087,-0.02575863375177594,0
actual,1746049122.595624,394644.8387159795,4438785.959651896,-0.02574610228774676,0
actual,1746049122.6956623,394644.83866582473,4438785.959653272,-0.025769943485328833,0
actual,1746049122.7956247,394644.83864094666,4438785.959583051,-0.025769542059600897,0
actual,1746049122.8956566,394644.83865483315,4438785.961567209,-0.02568339260772244,0
actual,1746049122.9956307,394644.8386672965,4438785.9616707815,-0.02569138621569673,0
actual,1746049123.0956466,394644.83866951644,4438785.9617376495,-0.025673147525013307,0
actual,1746049123.1956272,394644.83862775355,4438785.961813684,-0.025677528301435913,0
actual,1746049123.2956674,394644.83860415546,4438785.961916622,-0.02567766792777597,0
actual,1746049123.3956225,394644.8396859857,4438785.960752063,-0.02565276207935014,0
actual,1746049123.4956586,394644.8397718004,4438785.960670113,-0.02566834786957029,0
actual,1746049123.5956357,394644.8398625728,4438785.960622315,-0.025679657603123178,0
actual,1746049123.6956606,394644.83996432263,4438785.96053273,-0.025706954552624405,0
actual,1746049123.7955709,394644.84001897386,4438785.960401694,-0.02569510376700352,0
actual,1746049123.895659,394644.84022082534,4438785.961599208,-0.02569924019733072,0
actual,1746049123.9956272,394644.8402022391,4438785.961657356,-0.025719206763973473,0
actual,1746049124.095698,394644.84014674043,4438785.961734272,-0.025740517234140343,0
actual,1746049124.1956437,394644.8400866202,4438785.961764618,-0.025721737491388924,0
actual,1746049124.2956638,394644.84000921954,4438785.961759653,-0.02572386679307619,0
actual,1746049124.395632,394644.8402938813,4438785.962353881,-0.02568206615749105,0
actual,1746049124.4956641,394644.84025252535,4438785.962381363,-0.02569510376700352,0
actual,1746049124.5956037,394644.8402397917,4438785.962382391,-0.02567766792777597,0
actual,1746049124.695666,394644.8402011124,4438785.962390085,-0.025655432433105647,0
actual,1746049124.7956293,394644.840148884,4438785.96241319,-0.025660895313664236,0
actual,1746049124.8956795,394644.84059834835,4438785.962824598,-0.025643703820532094,0
actual,1746049124.9956481,394644.8405001713,4438785.96294453,-0.02566860966895817,0
actual,1746049125.0956728,394644.840534052,4438785.963006811,-0.025647037399403418,0
actual,1746049125.1956375,394644.8406082953,4438785.9630481815,-0.02561467899507154,0
actual,1746049125.2956874,394644.8406719079,4438785.963253498,-0.02568086188030724,0
actual,1746049125.3956342,394644.8402879467,4438785.962989465,-0.025729731099362968,0
actual,1746049125.4956613,394644.8401999565,4438785.962963555,-0.02577940316987482,0
actual,1746049125.5956244,394644.8400835906,4438785.962972473,-0.02575769127398001,0
actual,1746049125.695671,394644.8399922818,4438785.963089487,-0.02579191718061152,0
actual,1746049125.795645,394644.83995343524,4438785.963061095,-0.02579924756346999,0
actual,1746049125.895698,394644.84086405695,4438785.962537602,-0.025639043791429377,0
actual,1746049125.9956493,394644.84088073845,4438785.962518416,-0.025635064440734955,0
actual,1746049126.0956845,394644.84089153743,4438785.962430919,-0.02563372053721084,0
actual,1746049126.1956747,394644.84092792834,4438785.962334102,-0.02563852019265386,0
actual,1746049126.2957113,394644.841005079,4438785.96223075,-0.02561708754943941,0
actual,1746049126.395652,394644.8407005393,4438785.962088403,-0.025679657603123178,0
actual,1746049126.4957461,394644.8406143583,4438785.962012748,-0.025682327956878935,0
actual,1746049126.5956912,394644.8404123051,4438785.961965149,-0.025690321564852975,0
actual,1746049126.6956623,394644.84005630144,4438785.961855258,-0.025650370978274745,0
actual,1746049126.795642,394644.83965592395,4438785.961780331,-0.025643581647484516,0
actual,1746049126.8956766,394644.83892508206,4438785.96146474,-0.025633319111482904,0
actual,1746049126.9956336,394644.8388571164,4438785.961399101,-0.025631329436135445,0
actual,1746049127.0956616,394644.8388849086,4438785.961411815,-0.025649044528043355,0
actual,1746049127.1956344,394644.83908867446,4438785.961368684,-0.025626529780692672,0
actual,1746049127.2956882,394644.8393985682,4438785.961240416,-0.02557659591079294,0
actual,1746049127.395642,394644.838171951,4438785.962326408,-0.025666218567883023,0
actual,1746049127.49567,394644.8382713657,4438785.96250978,-0.025661959964507996,0
actual,1746049127.5956326,394644.83825435076,4438785.962687034,-0.02566794644384235,0
actual,1746049127.695672,394644.8379391949,4438785.962857697,-0.025634121962938777,0
actual,1746049127.7956326,394644.8374225398,4438785.963067314,-0.025647037399403418,0
actual,1746049127.895661,394644.8396155647,4438785.962479528,-0.02569058336424086,0
actual,1746049127.9956274,394644.8394431075,4438785.962575097,-0.025697774120759027,0
actual,1746049128.0956647,394644.83941218385,4438785.962628212,-0.02568140293237523,0
actual,1746049128.1956296,394644.8394719934,4438785.962718375,-0.02564530952344409,0
actual,1746049128.2956626,394644.8395609226,4438785.962847155,-0.025637054116082168,0
actual,1746049128.3956523,394644.83914934867,4438785.961733979,-0.02566248356328376,0
actual,1746049128.4956613,394644.83917940536,4438785.961593717,-0.025660092462208364,0
actual,1746049128.5956266,394644.83919406956,4438785.9615171775,-0.025660616060984128,0
actual,1746049128.6956668,394644.8391934248,4438785.961430801,-0.025672466846605013,0
actual,1746049128.7956278,394644.83912807796,4438785.96128265,-0.025671402195761254,0
actual,1746049128.8956697,394644.8396209724,4438785.962323715,-0.02571068955722367,0
actual,1746049128.995646,394644.8395282372,4438785.962323543,-0.025699100570990417,0
actual,1746049129.0956612,394644.83947400644,4438785.962283886,-0.025723081394912792,0
actual,1746049129.1956434,394644.83949735767,4438785.962251791,-0.025756626623136256,0
actual,1746049129.295701,394644.8394461833,4438785.962162762,-0.025688192263165464,0
actual,1746049129.3956273,394644.8391052317,4438785.960954565,-0.02569377731677188,0
actual,1746049129.4956686,394644.83897195925,4438785.960766537,-0.025665817142155083,0
actual,1746049129.595625,394644.8388102897,4438785.960730854,-0.02572493144391995,0
actual,1746049129.6956708,394644.8385546912,4438785.96048394,-0.025676742903272515,0
actual,1746049129.795645,394644.838275845,4438785.960192958,-0.025674997574020465,0
actual,1746049129.8956795,394644.8391419616,4438785.9626687355,-0.025697233068690786,0
actual,1746049129.9956398,394644.839141601,4438785.962961393,-0.025786192500665047,0
actual,1746049130.0956638,394644.8391400752,4438785.96332274,-0.025933864808676235,0
actual,1746049130.1956284,394644.83906507806,4438785.963490988,-0.02578739677784886,0
actual,1746049130.295667,394644.8389598981,4438785.96360289,-0.025658224959908733,0
actual,1746049130.39563,394644.83939227834,4438785.961264192,-0.02560762786489343,0
actual,1746049130.4956837,394644.83956176805,4438785.961176848,-0.025643703820532094,0
actual,1746049130.5956302,394644.83977659885,4438785.960942707,-0.025597365328891817,0
actual,1746049130.6956718,394644.8398888499,4438785.9607981425,-0.025604433912362407,0
actual,1746049130.7955563,394644.8397941011,4438785.960631501,-0.02557113303023435,0
actual,1746049130.8957453,394644.839898816,4438785.960839722,-0.025578061987364634,0
actual,1746049130.9956326,394644.83948094794,4438785.9607201265,-0.02555596611903437,0
actual,1746049131.0956633,394644.8390485159,4438785.960539158,-0.025534516022527445,0
actual,1746049131.1956294,394644.83867065556,4438785.96038179,-0.025518546259871586,0
actual,1746049131.295663,394644.8383449732,4438785.960323923,-0.025503501521719433,0
actual,1746049131.3956058,394644.8416636406,4438785.960859261,-0.025720411041157284,0
actual,1746049131.495692,394644.84224808356,4438785.960592487,-0.025668871468346052,0
actual,1746049131.595644,394644.84295853873,4438785.960603134,-0.02575276944548941,0
actual,1746049131.6956763,394644.8436447345,4438785.960493298,-0.025702434149861744,0
actual,1746049131.7956505,394644.84418477415,4438785.960194648,-0.025689117287669164,0
actual,1746049131.8956778,394644.8402016626,4438785.960669171,-0.025690984789968795,0
actual,1746049131.99563,394644.8398975391,4438785.960806761,-0.02570896168126434,0
actual,1746049132.0956824,394644.8395039708,4438785.960816017,-0.02574543906263094,0
actual,1746049132.1956353,394644.83909528534,4438785.960802929,-0.025727601797675453,0
actual,1746049132.295603,394644.8387023617,4438785.960888164,-0.02574931369357026,0
actual,1746049132.3956544,394644.8398337797,4438785.960164146,-0.025688855488281283,0
actual,1746049132.495657,394644.8399993964,4438785.960049436,-0.02572706074560746,0
actual,1746049132.59567,394644.84017678106,4438785.959968502,-0.025747969790046392,0
actual,1746049132.695677,394644.84029701643,4438785.959796506,-0.025758232326048004,0
actual,1746049132.7955894,394644.8403292245,4438785.959691248,-0.02579511113314279,0
actual,1746049132.895655,394644.83964890894,4438785.960986188,-0.025753694469992865,0
actual,1746049132.9956932,394644.839412302,4438785.960778218,-0.025679134004347664,0
actual,1746049133.0956864,394644.83912785037,4438785.960813534,-0.02568325298138239,0
actual,1746049133.1956425,394644.8388128169,4438785.961003935,-0.025664490691923447,0
actual,1746049133.2956707,394644.8385667396,4438785.960870093,-0.025688855488281283,0
actual,1746049133.3956306,394644.83995254664,4438785.961953951,-0.025718142113129717,0
actual,1746049133.4956982,394644.8402672556,4438785.96224657,-0.025729067874247148,0
actual,1746049133.5956469,394644.84059156565,4438785.96237883,-0.025704703077889312,0
actual,1746049133.6956563,394644.8408466497,4438785.962504868,-0.02564038769495349,0
actual,1746049133.7956567,394644.8409930782,4438785.962824,-0.02563972446983767,0
actual,1746049133.8956985,394644.84103311895,4438785.963035068,-0.025576735537133244,0
actual,1746049133.9956505,394644.83957468654,4438785.962065003,-0.02565089457705051,0
actual,1746049134.0956702,394644.8393900969,4438785.9622734245,-0.025725996094763705,0
actual,1746049134.195639,394644.8393359073,4438785.962406923,-0.025741843684371733,0
actual,1746049134.295661,394644.84044698894,4438785.962477076,-0.025822268456303712,0
actual,1746049134.395633,394644.84308958205,4438785.962400451,-0.025798846137742054,0
actual,1746049134.4956255,394644.8481040142,4438785.960167913,-0.025812948398098032,0
actual,1746049134.5956352,394644.8570205321,4438785.959599495,-0.025692311240200185,0
actual,1746049134.6955254,394644.871033407,4438785.958767931,-0.02546355093514145,0
actual,1746049134.7956345,394644.8916342757,4438785.957666613,-0.02500082924385252,0
actual,1746049134.8956618,394644.9196243241,4438785.95765171,-0.024008522297631167,0
actual,1746049134.995643,394644.9568589729,4438785.955952107,-0.02239784519742838,0
actual,1746049135.0956652,394645.0040456782,4438785.953746417,-0.019909127857132017,0
actual,1746049135.1956344,394645.06212589476,4438785.951298677,-0.016490830703931092,0
actual,1746049135.2956553,394645.13157582056,4438785.9484766815,-0.011786348065057886,0
actual,1746049135.3956716,394645.2156111833,4438785.94414827,-0.005954557262321623,0
actual,1746049135.4957337,394645.3116346768,4438785.94157165,0.001490964966808645,0
actual,1746049135.595585,394645.4218874856,4438785.939233419,0.010794582170904524,1
actual,1746049135.695627,394645.54676560214,4438785.938039473,0.0213028954378972,1
actual,1746049135.79563,394645.68656079046,4438785.937987611,0.032922006054028834,1
actual,1746049135.8956292,394645.8416138366,4438785.939890561,0.04498758934611343,1
actual,1746049135.995626,394646.0055467037,4438785.950395895,0.057768495832127516,1
actual,1746049136.095625,394646.19053746294,4438785.957911867,0.07060307119264085,1
actual,1746049136.1956232,394646.3915844043,4438785.96917577,0.0832187299050764,1
actual,1746049136.2956254,394646.60583595216,4438785.983705919,0.09532265808082697,2
actual,1746049136.3956277,394646.8276313077,4438786.001915507,0.106451348630441,2
actual,1746049136.4956176,394647.062540052,4438786.025566103,0.11663180179744616,2
actual,1746049136.595628,394647.2907870404,4438786.04907236,0.12557816755695148,2
actual,1746049136.6956258,394647.52030606323,4438786.07532677,0.13327470303910352,3
actual,1746049136.7955563,394647.74994205113,4438786.103178006,0.13963833057150754,3
actual,1746049136.8956654,394647.98128297407,4438786.132838265,0.1448460090870232,3
actual,1746049136.9956198,394648.2124462546,4438786.1560968375,0.1486069143723907,3
actual,1746049137.095567,394648.44481671235,4438786.187135766,0.1513656865078479,4
actual,1746049137.1956558,394648.67768097005,4438786.218925269,0.15304415219619838,4
actual,1746049137.2956195,394648.91062721756,4438786.250709728,0.15390395374560853,4
actual,1746049137.395625,394649.13539761835,4438786.294502864,0.15341698943100934,4
actual,1746049137.4956372,394649.36797319865,4438786.328272995,0.15262642509302612,5
actual,1746049137.595566,394649.6011979217,4438786.36179128,0.1506642037748865,5
actual,1746049137.6956208,394649.83538530703,4438786.394610386,0.14778626055810293,5
actual,1746049137.795648,394650.0697579467,4438786.427463098,0.14353106057527823,5
actual,1746049137.8955705,394650.3108090655,4438786.464011969,0.13776412620754602,6
actual,1746049137.99563,394650.54780706146,4438786.495506953,0.13112126344811528,6
actual,1746049138.095659,394650.78510522033,4438786.524918919,0.12328159351400718,6
actual,1746049138.1955788,394651.0237674791,4438786.552941575,0.11422590033015717,7
actual,1746049138.295629,394651.2635183942,4438786.578700122,0.10376088868190653,7
actual,1746049138.395623,394651.50638046616,4438786.604636494,0.0917309799197329,7
actual,1746049138.4956312,394651.7480185388,4438786.626094021,0.07817029523051247,7
actual,1746049138.5956378,394651.99055704835,4438786.6447154265,0.06278509570113483,8
actual,1746049138.695648,394652.2338638734,4438786.659323578,0.04638521410452545,8
actual,1746049138.7956433,394652.4779393979,4438786.669370579,0.028805420120397537,8
actual,1746049138.8956373,394652.7205003463,4438786.675928298,0.009948237110027505,8
actual,1746049138.9956698,394652.9656288262,4438786.677567933,-0.009866084462136196,9
actual,1746049139.095625,394653.2113930044,4438786.674340083,-0.030822619309975055,9
actual,1746049139.1956205,394653.4577470114,4438786.666091751,-0.052953498945018274,9
actual,1746049139.2956772,394653.7044351868,4438786.65237952,-0.07645721966309502,10
actual,1746049139.3956225,394653.95598465815,4438786.624991543,-0.10038680071865862,10
actual,1746049139.4956179,394654.20479204325,4438786.597542636,-0.12398187196978501,10
actual,1746049139.5956256,394654.4538174006,4438786.56428012,-0.14614563360793562,11
actual,1746049139.6956172,394654.70344066276,4438786.525671731,-0.1674382665098312,11
actual,1746049139.7956262,394654.95332057285,4438786.481635069,-0.1897887085647753,11
actual,1746049139.8956227,394655.20897036814,4438786.436083898,-0.21319816404995198,12
actual,1746049139.9956217,394655.459827345,4438786.38077397,-0.23835198885603448,12
actual,1746049140.0956275,394655.71026271925,4438786.318570893,-0.26467560313997346,12
actual,1746049140.1956258,394655.9603159733,4438786.249878733,-0.2923579562465902,12
actual,1746049140.2956212,394656.20928442676,4438786.174233413,-0.3215411528835818,12
actual,1746049140.3956919,394656.45641433937,4438786.090983245,-0.3519729580674504,12
actual,1746049140.4956548,394656.7043805993,4438785.987653491,-0.3836019893050167,12
actual,1746049140.5956254,394656.9479136021,4438785.8865036825,-0.41732679445508536,12
actual,1746049140.6956222,394657.18862847,4438785.7764569735,-0.4528377870149377,12
actual,1746049140.7956452,394657.426285699,4438785.657823636,-0.49044654316263936,12
actual,1746049140.8956437,394657.66257385514,4438785.543844894,-0.5303285906610636,12
actual,1746049140.9956217,394657.89184238215,4438785.408481502,-0.5714782882485043,12
actual,1746049141.095646,394658.11567897204,4438785.264137467,-0.6141509077813573,12
actual,1746049141.1956267,394658.3329788275,4438785.10939056,-0.6580231619222761,12
actual,1746049141.2956188,394658.5434050036,4438784.944441895,-0.7035307197591434,12
actual,1746049141.3955834,394658.7602516223,4438784.768566986,-0.7494385688599557,12
actual,1746049141.4956255,394658.9552795612,4438784.586079104,-0.7940776683143236,12
actual,1746049141.5956225,394659.13745229045,4438784.400139198,-0.8353236382633041,12
actual,1746049141.695633,394659.305687302,4438784.2136339275,-0.8725410566861236,12
actual,1746049141.795635,394659.45914128964,4438784.030943464,-0.9055418818091724,12
actual,1746049141.8956208,394659.5947586218,4438783.856976367,-0.9329399556872242,12
actual,1746049141.9956596,394659.70878146734,4438783.67481901,-0.9542511065324836,12
actual,1746049142.0955849,394659.81196104863,4438783.526968105,-0.9730453006101487,12
actual,1746049142.1956508,394659.90056246583,4438783.397894831,-0.9889853752153208,12
actual,1746049142.2956507,394659.9771992042,4438783.2866758825,-1.0024785505690739,12
actual,1746049142.3956475,394660.02827759465,4438783.175275106,-1.0119839103814077,12
actual,1746049142.495654,394660.0805773925,4438783.095070064,-1.0216280064159828,12
actual,1746049142.5956216,394660.1231235198,4438783.027944546,-1.02917594456562,12
actual,1746049142.695652,394660.1561234894,4438782.974940483,-1.0348564676820862,12
actual,1746049142.7956278,394660.182250306,4438782.933770051,-1.0395457485031745,12
actual,1746049142.895621,394660.20315822854,4438782.905839947,-1.042909853183101,12
actual,1746049142.9956536,394660.217504447,4438782.885732327,-1.0452816683700987,12
actual,1746049143.095621,394660.22740836936,4438782.874068996,-1.0466358867900132,12
actual,1746049143.1956174,394660.23216635786,4438782.870559684,-1.0469112648393932,12
actual,1746049143.2956467,394660.2340036102,4438782.872544884,-1.0468513476861723,12
actual,1746049143.3956268,394660.2229818555,4438782.869070591,-1.0457562408470082,12
actual,1746049143.495621,394660.22407472244,4438782.8690807875,-1.0458598435914064,12
actual,1746049143.5956285,394660.2251880763,4438782.868299487,-1.0459362715593512,12
actual,1746049143.6956272,394660.2259905294,4438782.866869914,-1.045938941913107,12
actual,1746049143.7956235,394660.2265844804,4438782.865566696,-1.0459083113847345,12
actual,1746049143.8956218,394660.2274019976,4438782.864167203,-1.0458888684168672,12
actual,1746049143.9956505,394660.2201004776,4438782.864934507,-1.0457333421272224,12
actual,1746049144.0956254,394660.2196887299,4438782.8634586185,-1.0457330803278342,12
actual,1746049144.1956265,394660.21933505835,4438782.861890197,-1.0457791570200872,12
actual,1746049144.2956228,394660.2188863552,4438782.8601234285,-1.0457804834703188,12
actual,1746049144.395656,394660.2182247822,4438782.858257406,-1.0457479854396463,12
actual,1746049144.4956238,394660.2183779639,4438782.867040053,-1.045471019140647,12
actual,1746049144.5956233,394660.21774027863,4438782.8663453115,-1.0454616990824417,12
actual,1746049144.6956203,394660.2171047145,4438782.865706275,-1.045485400653684,12
actual,1746049144.7956214,394660.2164022008,4438782.865003524,-1.0454798156000773,12
actual,1746049144.8956435,394660.218561551,4438782.867433609,-1.045356246289036,12
actual,1746049144.99563,394660.2181657197,4438782.867039629,-1.0453538377346685,12
actual,1746049145.0956242,394660.2177608061,4438782.866558612,-1.0453623723947105,12
actual,1746049145.195693,394660.2172272745,4438782.865974012,-1.0453533141358926,12
actual,1746049145.2956831,394660.21667038114,4438782.865333928,-1.0453503819827492,12
actual,1746049145.3956268,394660.2189621109,4438782.868869691,-1.0457533261471572,12
actual,1746049145.4956236,394660.2188304081,4438782.868767137,-1.0457964706862668,12
actual,1746049145.5956259,394660.2186247718,4438782.868681813,-1.0457993853861176,12
actual,1746049145.6956255,394660.2184410448,4438782.868584197,-1.0458281484121903,12
actual,1746049145.7956731,394660.21816785925,4438782.868468115,-1.045818566554597,12
actual,1746049145.8956234,394660.21787451755,4438782.868302103,-1.0458175019037532,12
actual,1746049145.9956372,394660.22068761964,4438782.869401092,-1.0458119168501472,12
actual,1746049146.0956264,394660.2207356137,4438782.8693109425,-1.045791409231436,12
actual,1746049146.1956265,394660.22081013786,4438782.869201847,-1.0458111139986908,12
actual,1746049146.295622,394660.2208657409,4438782.869078711,-1.0458052496924044,12
actual,1746049146.3956194,394660.2209111273,4438782.868931883,-1.0457884770782926,12
actual,1746049146.4956243,394660.21998785174,4438782.869220187,-1.0457333421272224,12
actual,1746049146.595662,394660.21989541844,4438782.86914555,-1.045705381952605,12
actual,1746049146.695646,394660.2197597328,4438782.869012727,-1.0456973883446312,12
actual,1746049146.7956376,394660.2196232654,4438782.868870088,-1.045697929396699,12
actual,1746049146.89566,394660.22016183275,4438782.868952952,-1.0457764866663313,12
actual,1746049146.9956324,394660.2201175018,4438782.868830166,-1.045803120390717,12
actual,1746049147.0955596,394660.22003788914,4438782.868669249,-1.0458028585913288,12
actual,1746049147.1956322,394660.21997599566,4438782.86845733,-1.0458289512636463,12
actual,1746049147.2956936,394660.21985479834,4438782.868223732,-1.0458254955117277,12
actual,1746049147.3956287,394660.2197086959,4438782.869928597,-1.0457890006770683,12
actual,1746049147.4955702,394660.21964235033,4438782.869971287,-1.045818566554597,12
actual,1746049147.5956516,394660.21950880386,4438782.870030319,-1.0458329480676336,12
actual,1746049147.6956344,394660.21931851975,4438782.870083807,-1.045813766899154,12
actual,1746049147.795636,394660.21910960396,4438782.870167274,-1.045811375798079,12
actual,1746049147.895654,394660.2188917992,4438782.870229077,-1.0458196312054409,12
actual,1746049147.9956272,394660.22030837694,4438782.868666491,-1.045813766899154,12
actual,1746049148.0956402,394660.2203251242,4438782.868596903,-1.0458382713218521,12
actual,1746049148.1956253,394660.22015882673,4438782.868425958,-1.0458044468409486,12
actual,1746049148.2956254,394660.2200265514,4438782.868258532,-1.0458097700951672,12
actual,1746049148.3956373,394660.22011572146,4438782.868172452,-1.0458521292361127,12
actual,1746049148.495622,394660.22068200423,4438782.870036869,-1.0458553231886438,12
actual,1746049148.5956266,394660.22065290797,4438782.870039126,-1.0458286894642586,12
actual,1746049148.6956584,394660.220765498,4438782.870126409,-1.0458494588823575,12
actual,1746049148.7956161,394660.2209103894,4438782.870242642,-1.0458369448716205,12
actual,1746049148.8956153,394660.2190731441,4438782.868933688,-1.0458135050997663,12
actual,1746049148.9956372,394660.2188600335,4438782.868745967,-1.0458364038195522,12
actual,1746049149.0956213,394660.2186861714,4438782.868580512,-1.0458417445270634,12
actual,1746049149.195637,394660.2184604332,4438782.8683913825,-1.0458585171411754,12
actual,1746049149.295617,394660.2182024218,4438782.868225847,-1.0458598435914064,12
actual,1746049149.395562,394660.21798376646,4438782.868099377,-1.0458577142897194,12
actual,1746049149.495625,394660.2197407542,4438782.869069505,-1.0457738337658686,12
actual,1746049149.5956218,394660.21981114487,4438782.869056176,-1.0458108347460107,12
actual,1746049149.6956239,394660.2198522332,4438782.869051433,-1.0457921946295994,12
actual,1746049149.795625,394660.21984189143,4438782.869073706,-1.04575971405222,12
actual,1746049149.8956177,394660.2198059036,4438782.869067126,-1.045730409974079,12
actual,1746049149.9956574,394660.2183936829,4438782.8655875465,-1.0457493293431703,12
actual,1746049150.095634,394660.2182900355,4438782.86541335,-1.045722154566717,12
actual,1746049150.195552,394660.2181039662,4438782.8651669705,-1.0457184370154102,12
actual,1746049150.295624,394660.2180168785,4438782.864956701,-1.0457093787565923,12
actual,1746049150.3956268,394660.21787373367,4438782.864760986,-1.0456918032910245,12
actual,1746049150.4956264,394660.21904633153,4438782.865402394,-1.0457269542221597,12
actual,1746049150.5956514,394660.21917870035,4438782.865455832,-1.0457088377045243,12
actual,1746049150.695624,394660.2192865119,4438782.865403413,-1.045725348519248,12
actual,1746049150.7956696,394660.2193814176,4438782.86537203,-1.0457445296877277,12
actual,1746049150.8956387,394660.2193010854,4438782.868028481,-1.0458025793386487,12
actual,1746049150.9956365,394660.2193829509,4438782.86826294,-1.045819107606665,12
actual,1746049151.0956225,394660.21938641643,4438782.8685630765,-1.0458166990522975,12
actual,1746049151.1956177,394660.21949153347,4438782.868834311,-1.0458446592269142,12
actual,1746049151.2956219,394660.21959207294,4438782.869144199,-1.0458678371993808,12
actual,1746049151.395649,394660.2198767801,4438782.867657193,-1.0458047260936287,12
actual,1746049151.4956212,394660.21998301434,4438782.867700108,-1.0458254955117277,12
actual,1746049151.595649,394660.220083465,4438782.867738435,-1.0458326862682454,12
actual,1746049151.6956208,394660.2201666189,4438782.867757748,-1.0458193694060527,12
actual,1746049151.795631,394660.220285365,4438782.867784217,-1.0458044468409486,12
actual,1746049151.8955934,394660.21985603217,4438782.868393831,-1.0457581083493082,12
actual,1746049151.9956503,394660.21990675176,4438782.868439596,-1.0457855449251492,12
actual,1746049152.095658,394660.21993142995,4438782.868526123,-1.0457762248669438,12
actual,1746049152.195626,394660.21993429895,4438782.868604196,-1.045761302301839,12
actual,1746049152.2956192,394660.21990902105,4438782.8686774345,-1.0457610405024516,12
actual,1746049152.3956387,394660.21929552074,4438782.86734448,-1.0457357506815899,12
actual,1746049152.4956374,394660.2192773557,4438782.867243766,-1.045753849745933,12
actual,1746049152.5956218,394660.2192231377,4438782.867163093,-1.0457474618408704,12
actual,1746049152.6955814,394660.21917732037,4438782.867085338,-1.0457272160215474,12
actual,1746049152.7956173,394660.2190977002,4438782.867015156,-1.0457269542221597,12
actual,1746049152.8956268,394660.2197352301,4438782.868052977,-1.0457549143967766,12
actual,1746049152.995642,394660.21972677356,4438782.868148326,-1.0457559790476205,12
actual,1746049153.0956259,394660.2196811334,4438782.86827346,-1.0457519822436332,12
actual,1746049153.1956308,394660.2196414758,4438782.868372443,-1.0457565200996888,12
actual,1746049153.2956212,394660.2195897106,4438782.868474574,-1.045729345323235,12
actual,1746049153.3956218,394660.2192142429,4438782.868904746,-1.045769836961881,12
actual,1746049153.4956179,394660.2191834347,4438782.868948837,-1.0457961914335867,12
actual,1746049153.5956163,394660.2191254528,4438782.869014114,-1.0457983207352737,12
actual,1746049153.6956246,394660.21907713317,4438782.869084111,-1.0458049878930165,12
actual,1746049153.7956445,394660.21901769796,4438782.869195393,-1.0457951267827428,12
actual,1746049153.8956246,394660.21903126687,4438782.869182575,-1.0457735545131879,12
actual,1746049153.9956312,394660.2190271247,4438782.869232506,-1.0457767484657194,12
actual,1746049154.0955777,394660.21903887665,4438782.869263102,-1.0458111139986908,12
actual,1746049154.1956663,394660.2190258038,4438782.869299993,-1.045829754115102,12
actual,1746049154.2956522,394660.2190174372,4438782.869342941,-1.045844938479595,12
actual,1746049154.3956525,394660.2203390815,4438782.870136846,-1.0458225633585843,12
actual,1746049154.495649,394660.2204675161,4438782.870225515,-1.045850523533201,12
actual,1746049154.5956929,394660.220609138,4438782.870303251,-1.0458742251044433,12
actual,1746049154.6956542,394660.220750146,4438782.870395278,-1.045882218712417,12
actual,1746049154.79563,394660.2208817391,4438782.870489779,-1.045882742311193,12
actual,1746049154.8956332,394660.219821571,4438782.869442972,-1.045816960851685,12
actual,1746049154.9956303,394660.2198221215,4438782.869422236,-1.0457956678348108,12
actual,1746049155.0956707,394660.21980842156,4438782.869400167,-1.0457575847505323,12
actual,1746049155.1956596,394660.2198437488,4438782.869381446,-1.045761302301839,12
actual,1746049155.2956266,394660.21989354637,4438782.869355142,-1.0457743573646439,12
actual,1746049155.3956254,394660.2195697767,4438782.870538506,-1.0457658401578942,12
actual,1746049155.4956234,394660.21958245616,4438782.87059229,-1.0457967324856545,12
actual,1746049155.595623,394660.2195705481,4438782.870646814,-1.0458081818455478,12
actual,1746049155.695614,394660.2195435594,4438782.870718329,-1.045813766899154,12
actual,1746049155.795621,394660.2195054271,4438782.870804985,-1.0457868713753808,12
actual,1746049155.895617,394660.2195582812,4438782.869108068,-1.045757043698464,12
actual,1746049155.995623,394660.21957725857,4438782.869038629,-1.0457549143967766,12
actual,1746049156.09555,394660.2196454219,4438782.868965156,-1.0457440060889518,12
actual,1746049156.1956475,394660.21972137754,4438782.86888641,-1.0457429239848153,12
actual,1746049156.2955475,394660.2198291693,4438782.868826159,-1.0457362742803658,12
actual,1746049156.3956244,394660.2210243144,4438782.869144133,-1.045746397190027,12
actual,1746049156.4956245,394660.2212148872,4438782.869097057,-1.0457418593339718,12
actual,1746049156.59562,394660.2214773228,4438782.869042831,-1.0457826127720058,12
actual,1746049156.6956174,394660.2217536847,4438782.868953962,-1.0458015146878052,12
actual,1746049156.795615,394660.2219643147,4438782.868918846,-1.045817763703141,12
actual,1746049156.8956225,394660.21975159814,4438782.868645179,-1.0458143079512223,12
actual,1746049156.9956288,394660.21980256686,4438782.868594014,-1.0458230869573595,12
actual,1746049157.0956225,394660.2197250376,4438782.868562297,-1.0458281484121903,12
actual,1746049157.195662,394660.2197139348,4438782.868521199,-1.0458398770247639,12
actual,1746049157.2956238,394660.21980230487,4438782.868573674,-1.0458467885286018,12
actual,1746049157.3956296,394660.22038930294,4438782.869544576,-1.0457871331747683,12
actual,1746049157.4956234,394660.22030179884,4438782.869534914,-1.0457546525973889,12
actual,1746049157.595627,394660.2202592354,4438782.869582615,-1.0457644962543702,12
actual,1746049157.6956298,394660.2202013144,4438782.869610029,-1.0457679694595818,12
actual,1746049157.795626,394660.2202304433,4438782.869668062,-1.0457772895177873,12
actual,1746049157.8956316,394660.2201388709,4438782.8683582805,-1.045836683072233,12
actual,1746049157.9956472,394660.2200949582,4438782.868265673,-1.0458433327766825,12
actual,1746049158.0956526,394660.2200890695,4438782.86816935,-1.045843070977295,12
actual,1746049158.195628,394660.22007837123,4438782.868131129,-1.0458057907444722,12
actual,1746049158.2956185,394660.22007965506,4438782.868082835,-1.0458249544596594,12
actual,1746049158.3956287,394660.2199985152,4438782.86839925,-1.0457527850950896,12
actual,1746049158.4955971,394660.2199783746,4438782.868389637,-1.0457440060889518,12
actual,1746049158.5956392,394660.21996754146,4438782.868369821,-1.0457170931118862,12
actual,1746049158.6956549,394660.21997104434,4438782.868426215,-1.0457165695131103,12
actual,1746049158.795628,394660.2200282983,4438782.868429801,-1.0457237602696288,12
actual,1746049158.8956516,394660.21964617976,4438782.867542296,-1.0457551761961648,12
actual,1746049158.995653,394660.2196961065,4438782.867514591,-1.045783153824074,12
actual,1746049159.0956194,394660.21972506575,4438782.86739503,-1.0457799424182506,12
actual,1746049159.19562,394660.2197320606,4438782.867393338,-1.0458004500369613,12
actual,1746049159.2956595,394660.21979150095,4438782.867310142,-1.0457935385331234,12
actual,1746049159.3956506,394660.22011908307,4438782.867370772,-1.045766101957282,12
actual,1746049159.4956193,394660.2201230834,4438782.867357244,-1.0457591730001516,12
actual,1746049159.5956213,394660.22018150555,4438782.867289302,-1.0457466589894147,12
actual,1746049159.6955683,394660.2201882262,4438782.867248663,-1.045729345323235,12
actual,1746049159.7956188,394660.22020500386,4438782.867136764,-1.0457213691685536,12
actual,1746049159.8956156,394660.21993923606,4438782.8680214165,-1.045753849745933,12
actual,1746049159.9955983,394660.21998557803,4438782.868103515,-1.0457333421272224,12
actual,1746049160.0956492,394660.22003316623,4438782.868174207,-1.0457344067780658,12
actual,1746049160.1956687,394660.2201226498,4438782.868268966,-1.0457301481746908,12
actual,1746049160.295652,394660.2202386942,4438782.868364331,-1.0457296245759156,12
actual,1746049160.3956976,394660.2203851574,4438782.8690979695,-1.0457602376509956,12
actual,1746049160.4956536,394660.220445272,4438782.869165747,-1.0457618433539073,12
actual,1746049160.5956216,394660.2205277532,4438782.869234719,-1.0457669048087377,12
actual,1746049160.69566,394660.2206641217,4438782.8693065215,-1.04579060637998,12
actual,1746049160.7956583,394660.22078556294,4438782.8693613745,-1.0457850038730814,12
actual,1746049160.8956573,394660.2212844019,4438782.868905814,-1.045750655793402,12
actual,1746049160.9955528,394660.22145663813,4438782.868805796,-1.0457738337658686,12
actual,1746049161.0956216,394660.22162883583,4438782.868692151,-1.0457706223600445,12
actual,1746049161.1956694,394660.22181088146,4438782.86856348,-1.04575971405222,12
actual,1746049161.29565,394660.222042014,4438782.868392642,-1.045750655793402,12
actual,1746049161.3956182,394660.2193805288,4438782.869882549,-1.0457977971364985,12
actual,1746049161.4956176,394660.21926519286,4438782.869928838,-1.0457953885821303,12
actual,1746049161.5956156,394660.2191474376,4438782.869958311,-1.0457868713753808,12
actual,1746049161.6956208,394660.21905169706,4438782.8699870715,-1.0458055114917921,12
actual,1746049161.7956662,394660.21895367786,4438782.870018512,-1.045791129978756,12
actual,1746049161.8956192,394660.2194339653,4438782.869588625,-1.0457490500904902,12
actual,1746049161.9956539,394660.219420083,4438782.8695471855,-1.0457407946831283,12
actual,1746049162.0956187,394660.2194261198,4438782.869477704,-1.0457338831792902,12
actual,1746049162.1956215,394660.2194365047,4438782.869418246,-1.0457107052068235,12
actual,1746049162.2956176,394660.21948073024,4438782.869359397,-1.0457240220690165,12
actual,1746049162.3956187,394660.2200904889,4438782.868417612,-1.045794062131899,12
actual,1746049162.4956498,394660.2201675117,4438782.868360484,-1.0457690341104253,12
actual,1746049162.5956664,394660.2202947469,4438782.86829269,-1.0457722280629569,12
actual,1746049162.6955702,394660.22041931766,4438782.868227375,-1.045765299105826,12
actual,1746049162.7956533,394660.220604049,4438782.868164992,-1.0457881978256125,12
actual,1746049162.8956478,394660.2200797083,4438782.867789952,-1.0458438738287508,12
actual,1746049162.9956596,394660.2201281859,4438782.867783256,-1.0458435945760707,12
actual,1746049163.0956516,394660.2202020152,4438782.867785621,-1.0458518499834326,12
actual,1746049163.195649,394660.2203018943,4438782.867822393,-1.045846264929826,12
actual,1746049163.2956402,394660.2204202899,4438782.867865015,-1.0458435945760707,12
actual,1746049163.395671,394660.21954431833,4438782.868409848,-1.0457980589358862,12
actual,1746049163.4956188,394660.219569201,4438782.868420834,-1.0457916710308235,12
actual,1746049163.5956507,394660.2195884296,4438782.868483872,-1.0457791570200872,12
actual,1746049163.6956532,394660.21966922726,4438782.868515829,-1.0457820891732306,12
actual,1746049163.7956629,394660.21974661335,4438782.868573006,-1.0458044468409486,12
actual,1746049163.895649,394660.2198109866,4438782.8686020505,-1.0458395977720834,12
actual,1746049163.9956243,394660.2195232465,4438782.869229755,-1.0458033821901047,12
actual,1746049164.0956595,394660.21954056254,4438782.869244374,-1.045818566554597,12
actual,1746049164.1956522,394660.21954796766,4438782.869250352,-1.0458164372529097,12
actual,1746049164.2956555,394660.21959111484,4438782.869271456,-1.045810572946623,12
actual,1746049164.3956864,394660.21906036185,4438782.869027493,-1.0457879360262243,12
actual,1746049164.4956257,394660.21906817134,4438782.868999259,-1.045775963067556,12
actual,1746049164.5956182,394660.2191188869,4438782.868979919,-1.0458079200461599,12
actual,1746049164.6956522,394660.21916282724,4438782.86894927,-1.0458017939404853,12
actual,1746049164.7956722,394660.2192037497,4438782.868906584,-1.045782874571394,12
actual,1746049164.8956552,394660.2194603621,4438782.869399703,-1.0457903445805923,12
actual,1746049164.995625,394660.21959816944,4438782.869440619,-1.045806314343248,12
actual,1746049165.0956447,394660.21969192685,4438782.869518195,-1.0457908681793677,12
actual,1746049165.1956258,394660.21980913903,4438782.869600721,-1.0457932592804433,12
actual,1746049165.295628,394660.21996866644,4438782.869697944,-1.0457818099205498,12
actual,1746049165.3956475,394660.2198769402,4438782.869025018,-1.0457866095759931,12
actual,1746049165.4956164,394660.22000167787,4438782.869045047,-1.0457959296341985,12
actual,1746049165.595641,394660.2201690891,4438782.869086431,-1.045787412427449,12
actual,1746049165.6956503,394660.2203675463,4438782.869150425,-1.045810572946623,12
actual,1746049165.7956228,394660.22056578577,4438782.869215374,-1.0458577142897194,12
actual,1746049165.8956168,394660.21892485477,4438782.867820764,-1.0458406624229273,12
actual,1746049165.995667,394660.21887250355,4438782.867742429,-1.0458183047552092,12
actual,1746049166.0956216,394660.21881731023,4438782.867662447,-1.045787412427449,12
actual,1746049166.1956692,394660.2188128448,4438782.867561125,-1.0457975353371103,12
actual,1746049166.2956178,394660.2188027695,4438782.867446183,-1.0457764866663313,12
actual,1746049166.3956,394660.2188212643,4438782.8684137,-1.0457607787030634,12
actual,1746049166.49562,394660.2188505736,4438782.868412408,-1.0457320156769907,12
actual,1746049166.5956204,394660.2188878851,4438782.868404642,-1.045740009284965,12
actual,1746049166.6956172,394660.2189178616,4438782.868382817,-1.0457669048087377,12
actual,1746049166.7956195,394660.2189529304,4438782.868373299,-1.0457709016127252,12
actual,1746049166.8956203,394660.21875938535,4438782.867065157,-1.045803120390717,12
actual,1746049166.9956198,394660.218807249,4438782.866971864,-1.04582149870774,12
actual,1746049167.0956044,394660.2188573713,4438782.866910689,-1.0458206958562843,12
actual,1746049167.1956568,394660.21891579544,4438782.866842412,-1.0458244308608835,12
actual,1746049167.295654,394660.21896790306,4438782.866810455,-1.0458158962008415,12
actual,1746049167.3956263,394660.2190835854,4438782.867608197,-1.0457666430093502,12
actual,1746049167.4956226,394660.2190838153,4438782.86762841,-1.0457562408470082,12
actual,1746049167.595567,394660.21907656,4438782.867633291,-1.0457447914871152,12
actual,1746049167.695625,394660.219100239,4438782.867635172,-1.045751458644858,12
actual,1746049167.795622,394660.21914659505,4438782.86769416,-1.04575784654992,12
actual,1746049167.895619,394660.2192514831,4438782.867746909,-1.0457794188194747,12
actual,1746049167.9956253,394660.2199908269,4438782.867474307,-1.045811375798079,12
actual,1746049168.0956538,394660.22012698185,4438782.867519339,-1.0458356184213888,12
actual,1746049168.195625,394660.2202655792,4438782.867570269,-1.0458553231886438,12
actual,1746049168.2956188,394660.2203795052,4438782.867633475,-1.0458438738287508,12
actual,1746049168.3956232,394660.22058419796,4438782.867128113,-1.0457658401578942,12
actual,1746049168.4956946,394660.2207408518,4438782.867117812,-1.0457650373064384,12
actual,1746049168.5956523,394660.22087594826,4438782.867142556,-1.0457376007305967,12
actual,1746049168.695617,394660.2210414252,4438782.867169409,-1.0457394682328967,12
actual,1746049168.7956486,394660.22126730776,4438782.867230179,-1.0457535879465454,12
actual,1746049168.8956213,394660.22087827575,4438782.8682004,-1.0458044468409486,12
actual,1746049168.9956303,394660.2209519891,4438782.868341297,-1.0458148315499975,12
actual,1746049169.095624,394660.2210354034,4438782.868487739,-1.0458246926602717,12
actual,1746049169.1956685,394660.2210955791,4438782.868629883,-1.0458004500369613,12
actual,1746049169.2956765,394660.2212281909,4438782.868753984,-1.045816960851685,12
actual,1746049169.3956287,394660.2210994931,4438782.869416273,-1.045765560905214,12
actual,1746049169.4956474,394660.22120956704,4438782.8695378695,-1.0458079200461599,12
actual,1746049169.595621,394660.2213166593,4438782.86966277,-1.0458052496924044,12
actual,1746049169.6956277,394660.22129459877,4438782.869811359,-1.0457993853861176,12
actual,1746049169.7956345,394660.2214075072,4438782.869937177,-1.0458041850415605,12
actual,1746049169.8956454,394660.220131457,4438782.870050835,-1.0457935385331234,12
actual,1746049169.9956496,394660.22007921094,4438782.870081499,-1.0457927356816676,12
actual,1746049170.0956511,394660.2201090193,4438782.870117461,-1.0458140461518342,12
actual,1746049170.1956275,394660.2201137617,4438782.870166175,-1.045819107606665,12
actual,1746049170.2956192,394660.22008088423,4438782.87017969,-1.0458342745178648,12
actual,1746049170.395616,394660.2201184218,4438782.870242622,-1.0458329480676336,12
actual,1746049170.4956098,394660.22016467364,4438782.870226873,-1.0458217605071283,12
actual,1746049170.5956554,394660.2201789198,4438782.870231416,-1.0458009910890294,12
actual,1746049170.6956208,394660.220208956,4438782.870265975,-1.045787412427449,12
actual,1746049170.7956667,394660.2202921576,4438782.870289977,-1.0458148315499975,12
actual,1746049170.895526,394660.219289069,4438782.868684802,-1.0458460031304384,12
actual,1746049170.9956357,394660.2192826196,4438782.86859434,-1.0458752897552868,12
actual,1746049171.0956292,394660.2192377824,4438782.868511088,-1.045867575399993,12
actual,1746049171.1956277,394660.21918174846,4438782.868421503,-1.0458553231886438,12
actual,1746049171.2956197,394660.21914788807,4438782.8683250705,-1.0458324070155653,12
actual,1746049171.3956378,394660.21960067796,4438782.868820291,-1.0457525232957015,12
actual,1746049171.495556,394660.2196259904,4438782.8688056,-1.045769836961881,12
actual,1746049171.595624,394660.2196464946,4438782.868805312,-1.0457879360262243,12
actual,1746049171.6956174,394660.219671938,4438782.868804263,-1.0457881978256125,12
actual,1746049171.7956262,394660.2197093527,4438782.868782142,-1.0458111139986908,12
actual,1746049171.8956163,394660.21858850913,4438782.868168995,-1.0457658401578942,12
actual,1746049171.9956183,394660.21854385966,4438782.868078789,-1.0457402710843526,12
actual,1746049172.0956633,394660.21851855196,4438782.867963498,-1.0457455943385712,12
actual,1746049172.1955578,394660.21845787694,4438782.867815242,-1.0457256277719282,12
actual,1746049172.2956185,394660.21844927524,4438782.867661288,-1.0457509175927897,12
actual,1746049172.3956695,394660.2187202382,4438782.86827781,-1.0458108347460107,12
actual,1746049172.4956372,394660.2187746549,4438782.868243246,-1.0458068553953161,12
actual,1746049172.595625,394660.2188597637,4438782.868233375,-1.0458052496924044,12
actual,1746049172.6956177,394660.2189526563,4438782.868206143,-1.0458212369083526,12
actual,1746049172.795617,394660.2190442531,4438782.86817286,-1.045838009522464,12
actual,1746049172.8956223,394660.2186897927,4438782.868646527,-1.0458161754535216,12
actual,1746049172.9956284,394660.2186612829,4438782.868635558,-1.045794864983355,12
actual,1746049173.095629,394660.21866424277,4438782.868605464,-1.045801252888417,12
actual,1746049173.1956408,394660.2187234793,4438782.8685707655,-1.0458401388241516,12
actual,1746049173.2956378,394660.21873725567,4438782.868536575,-1.045829754115102,12
actual,1746049173.3956265,394660.21855081466,4438782.86747729,-1.0458145697506098,12
actual,1746049173.4956214,394660.2185271415,4438782.867388686,-1.0457879360262243,12
actual,1746049173.5956147,394660.21854601544,4438782.867284556,-1.0458041850415605,12
actual,1746049173.6955602,394660.2185506753,4438782.867191005,-1.0458132433003784,12
actual,1746049173.7956698,394660.2185664502,4438782.8670868715,-1.0458198930048284,12
actual,1746049173.8956382,394660.2193562926,4438782.867652289,-1.0457999264381859,12
actual,1746049173.9956427,394660.21937765356,4438782.867627775,-1.0457804834703188,12
actual,1746049174.0956264,394660.21940337523,4438782.8676204495,-1.0457671666081259,12
actual,1746049174.1956425,394660.2194601582,4438782.867636825,-1.045811375798079,12
actual,1746049174.2956555,394660.2194691269,4438782.867636274,-1.045809508295779,12
actual,1746049174.3956273,394660.2208565917,4438782.867593309,-1.0457898035285242,12
actual,1746049174.4956274,394660.220964451,4438782.867567201,-1.0457887388776805,12
actual,1746049174.5956378,394660.22108593496,4438782.867537914,-1.0457852831257615,12
actual,1746049174.6956275,394660.22124116216,4438782.867540403,-1.0457892799297483,12
actual,1746049174.795657,394660.2213637542,4438782.86756636,-1.0457722280629569,12
actual,1746049174.8956223,394660.2193837521,4438782.869577436,-1.0457482646923268,12
actual,1746049174.9956524,394660.21930626134,4438782.86970739,-1.0457836774228497,12
actual,1746049175.0956461,394660.2192238249,4438782.869844115,-1.0457927356816676,12
actual,1746049175.1956172,394660.2191291847,4438782.869983078,-1.045783153824074,12
actual,1746049175.2956154,394660.21903088246,4438782.870128288,-1.0457666430093502,12
actual,1746049175.3956797,394660.220242433,4438782.86978464,-1.0457565200996888,12
actual,1746049175.495656,394660.2203347722,4438782.869824472,-1.045763972655595,12
actual,1746049175.59566,394660.2204133897,4438782.869846441,-1.0457618433539073,12
actual,1746049175.695657,394660.2204892652,4438782.869861018,-1.0457450707397953,12
actual,1746049175.795648,394660.2206148722,4438782.869879507,-1.0457610405024516,12
actual,1746049175.8956225,394660.2219455946,4438782.870591184,-1.0457956678348108,12
actual,1746049175.995622,394660.2220361957,4438782.870632863,-1.0458108347460107,12
actual,1746049176.0956187,394660.22212858195,4438782.870694588,-1.0458164372529097,12
actual,1746049176.1956341,394660.2222179654,4438782.87074302,-1.0458404006235398,12
actual,1746049176.29565,394660.22224713495,4438782.870805854,-1.0458313423647214,12
actual,1746049176.395635,394660.2208275198,4438782.870102066,-1.0457812863217746,12
actual,1746049176.495649,394660.22074425255,4438782.870062876,-1.0458276248134146,12
actual,1746049176.5956645,394660.2206144969,4438782.870007803,-1.0458393359726956,12
actual,1746049176.69562,394660.2205352724,4438782.8699608715,-1.0458689018502247,12
actual,1746049176.7956192,394660.2204399416,4438782.869892009,-1.04588008941073,12
actual,1746049176.8956172,394660.2208226887,4438782.871085942,-1.0458060525438604,12
actual,1746049176.9956176,394660.2207764345,4438782.871182648,-1.0457972560844302,12
actual,1746049177.0956163,394660.22068829375,4438782.871292301,-1.045782350972618,12
actual,1746049177.1956582,394660.2206227579,4438782.871399833,-1.0458084436449355,12
actual,1746049177.2956533,394660.2205742351,4438782.871551788,-1.0458372066710082,12
actual,1746049177.395658,394660.2197577928,4438782.868817174,-1.0458001882375736,12
actual,1746049177.4956527,394660.2196271774,4438782.868738236,-1.0457735545131879,12
actual,1746049177.5956204,394660.2195312506,4438782.868664104,-1.045782874571394,12
actual,1746049177.6956697,394660.2194483086,4438782.868570003,-1.0457700987612693,12
actual,1746049177.7956417,394660.2193894277,4438782.868469843,-1.0457690341104253,12
actual,1746049177.8956165,394660.21970684594,4438782.87072173,-1.0457834156234616,12
actual,1746049177.9956574,394660.21969065495,4438782.870840804,-1.0457591730001516,12
actual,1746049178.095663,394660.21972958965,4438782.870992901,-1.0457727516617321,12
actual,1746049178.1956325,394660.2197609057,4438782.871191503,-1.045753849745933,12
actual,1746049178.2956223,394660.21981850115,4438782.871426121,-1.0457447914871152,12
actual,1746049178.3956172,394660.2198992174,4438782.871653517,-1.0457485264917146,12
actual,1746049178.495617,394660.2196662483,4438782.870225756,-1.0457820891732306,12
actual,1746049178.5956612,394660.21974635794,4438782.870254334,-1.0458129815009907,12
actual,1746049178.695619,394660.21982600656,4438782.870309851,-1.045829754115102,12
actual,1746049178.79564,394660.21991248993,4438782.870371906,-1.0458641021947814,12
actual,1746049178.8956203,394660.21888040716,4438782.868663273,-1.0458153726020658,12
actual,1746049178.9956188,394660.2187898503,4438782.868603071,-1.0458073789940916,12
actual,1746049179.0956168,394660.2187062665,4438782.86852868,-1.0458041850415605,12
actual,1746049179.1956487,394660.21868783596,4438782.868479356,-1.0458127022483106,12
actual,1746049179.2956188,394660.2186615987,4438782.868445433,-1.0457959296341985,12
actual,1746049179.3956761,394660.2200162237,4438782.867804417,-1.0457820891732306,12
actual,1746049179.495662,394660.2201147832,4438782.867808196,-1.0457788777674064,12
actual,1746049179.595648,394660.2201970222,4438782.867825293,-1.0457961914335867,12
actual,1746049179.6956508,394660.22021868196,4438782.867857123,-1.0457599758516074,12
actual,1746049179.7956216,394660.2202585558,4438782.867880123,-1.0457860685239249,12
actual,1746049179.895657,394660.21960693167,4438782.868404902,-1.0458084436449355,12
actual,1746049179.9956152,394660.2195660682,4438782.868473693,-1.045811375798079,12
actual,1746049180.095623,394660.2195300406,4438782.868551314,-1.045847067781282,12
actual,1746049180.19562,394660.2194788434,4438782.868655296,-1.0458697047016805,12
actual,1746049180.2956195,394660.21938469744,4438782.868773456,-1.0458518499834326,12
actual,1746049180.3956268,394660.21925880783,4438782.868913119,-1.0458007292896419,12
actual,1746049180.4956477,394660.21953943267,4438782.868820183,-1.0457344067780658,12
actual,1746049180.5956564,394660.21956273017,4438782.868947324,-1.0457296245759156,12
actual,1746049180.6956499,394660.2195347295,4438782.869073192,-1.0457248249204723,12
actual,1746049180.7956533,394660.21954667044,4438782.86914487,-1.0457407946831283,12
actual,1746049180.8956294,394660.21960965893,4438782.8697947925,-1.0457804834703188,12
actual,1746049180.9956267,394660.219649212,4438782.869846555,-1.0457916710308235,12
actual,1746049181.095622,394660.2197210093,4438782.869897006,-1.045811375798079,12
actual,1746049181.195665,394660.21976966725,4438782.869979498,-1.045783153824074,12
actual,1746049181.295617,394660.21983850526,4438782.870036267,-1.045778092369243,12
actual,1746049181.3956594,394660.22053620475,4438782.868881572,-1.0457887388776805,12
actual,1746049181.4956179,394660.2207015711,4438782.868790911,-1.0458121786495347,12
actual,1746049181.5956206,394660.2208317785,4438782.868688135,-1.0457967324856545,12
actual,1746049181.6956568,394660.22100895207,4438782.8685617745,-1.045817763703141,12
actual,1746049181.795647,394660.221116934,4438782.868423308,-1.0457866095759931,12
actual,1746049181.8956177,394660.22028201463,4438782.868991646,-1.0457666430093502,12
actual,1746049181.995695,394660.22024270234,4438782.869018822,-1.0457490500904902,12
actual,1746049182.0956178,394660.2202255177,4438782.869039975,-1.0457421385866519,12
actual,1746049182.1956184,394660.2201695535,4438782.869074025,-1.0457269542221597,12
actual,1746049182.295619,394660.22009480855,4438782.8690927345,-1.0457085759051366,12
actual,1746049182.3956249,394660.2200130747,4438782.869083494,-1.0457157666616546,12
actual,1746049182.4956381,394660.22013284813,4438782.870127076,-1.045778092369243,12
actual,1746049182.5956416,394660.22004400013,4438782.870180981,-1.0457634316035267,12
actual,1746049182.6956227,394660.21993321844,4438782.870212937,-1.0457466589894147,12
actual,1746049182.7956333,394660.2198048668,4438782.870211371,-1.0457208281164854,12
actual,1746049182.8956194,394660.2202083275,4438782.870558446,-1.0457953885821303,12
actual,1746049182.9956195,394660.2202180329,4438782.870563374,-1.0458025793386487,12
actual,1746049183.0956235,394660.2202370956,4438782.870597218,-1.0458324070155653,12
actual,1746049183.195619,394660.22024140164,4438782.8706203,-1.0458353391687087,12
actual,1746049183.295626,394660.2202565575,4438782.870662055,-1.0458377477230765,12
actual,1746049183.39562,394660.22113324504,4438782.871605958,-1.0457991235867297,12
actual,1746049183.4956174,394660.2212317316,4438782.871707486,-1.045831621617402,12
actual,1746049183.595653,394660.2213141687,4438782.871852844,-1.0458308187659462,12
actual,1746049183.6956189,394660.2213337253,4438782.872005012,-1.0458036439894922,12
actual,1746049183.795623,394660.2213599271,4438782.872144131,-1.0457647755070507,12
actual,1746049183.8956501,394660.2226382948,4438782.873050594,-1.0457679694595818,12
actual,1746049183.9956253,394660.2227424914,4438782.873187797,-1.0457666430093502,12
actual,1746049184.0956197,394660.2228488469,4438782.873346177,-1.0457410739358084,12
actual,1746049184.1956549,394660.2229748545,4438782.873496031,-1.0457197634656419,12
actual,1746049184.2956529,394660.2230715471,4438782.873624504,-1.0457216309679411,12
actual,1746049184.3956575,394660.221934225,4438782.87245391,-1.0457866095759931,12
actual,1746049184.4956527,394660.2218803312,4438782.872420545,-1.0457921946295994,12
actual,1746049184.5956194,394660.22182882053,4438782.872371873,-1.045819107606665,12
actual,1746049184.6956482,394660.2217058983,4438782.872322387,-1.045806314343248,12
actual,1746049184.795657,394660.22160760226,4438782.8722345745,-1.0458268219619586,12
actual,1746049184.8956585,394660.22226227436,4438782.873348516,-1.0458047260936287,12
actual,1746049184.9956198,394660.22228860063,4438782.873385572,-1.0458289512636463,12
actual,1746049185.0956557,394660.22229644866,4438782.873418747,-1.0458017939404853,12
actual,1746049185.1956198,394660.2223448784,4438782.873457332,-1.0458172401043657,12
actual,1746049185.295623,394660.22234356013,4438782.87348339,-1.045816960851685,12
actual,1746049185.395636,394660.2204435445,4438782.870365145,-1.0457983207352737,12
actual,1746049185.49563,394660.22026473924,4438782.870115519,-1.0458238898088152,12
actual,1746049185.5956473,394660.22004172794,4438782.869834239,-1.0458129815009907,12
actual,1746049185.6956182,394660.21988629247,4438782.869530579,-1.0458574524903312,12
actual,1746049185.7956455,394660.2197406121,4438782.869245265,-1.0458646432468497,12
actual,1746049185.8956523,394660.22018964135,4438782.869889563,-1.0458143079512223,12
actual,1746049185.995653,394660.22016778885,4438782.869820987,-1.0458036439894922,12
actual,1746049186.0956275,394660.22015155933,4438782.869728335,-1.0457671666081259,12
actual,1746049186.1956549,394660.22017511656,4438782.869630405,-1.045786347776605,12
actual,1746049186.2956493,394660.2201679698,4438782.869540264,-1.0457858067245374,12
actual,1746049186.3956444,394660.218757523,4438782.870436483,-1.0457999264381859,12
actual,1746049186.4956532,394660.21870624286,4438782.87048202,-1.0458127022483106,12
actual,1746049186.5956197,394660.2186586828,4438782.870546794,-1.0458276248134146,12
actual,1746049186.6956239,394660.21863183734,4438782.870643301,-1.0458246926602717,12
actual,1746049186.7956305,394660.21864342986,4438782.87075627,-1.045831621617402,12
actual,1746049186.8956447,394660.2180244909,4438782.869026991,-1.0458132433003784,12
actual,1746049186.9956238,394660.21800527984,4438782.868945223,-1.045822022306516,12
actual,1746049187.0956194,394660.21795845695,4438782.868843731,-1.045810311147235,12
actual,1746049187.1956208,394660.2179348832,4438782.86871247,-1.0457908681793677,12
actual,1746049187.295623,394660.2179380061,4438782.868555127,-1.045794864983355,12
actual,1746049187.3956385,394660.2183068252,4438782.868392926,-1.0457871331747683,12
actual,1746049187.495627,394660.2183286452,4438782.868308467,-1.045802055739873,12
actual,1746049187.5956569,394660.21838545654,4438782.868226937,-1.0458246926602717,12
actual,1746049187.6956172,394660.2184098369,4438782.868129298,-1.0458164372529097,12
actual,1746049187.7956471,394660.21845649916,4438782.868030819,-1.0458121786495347,12
actual,1746049187.8956203,394660.21747464046,4438782.868530866,-1.0457938003325111,12
actual,1746049187.9956555,394660.2174545407,4438782.868547074,-1.0457772895177873,12
actual,1746049188.095652,394660.2174706983,4438782.8685391275,-1.045791409231436,12
actual,1746049188.1956263,394660.2174621051,4438782.868552806,-1.0457820891732306,12
actual,1746049188.2956371,394660.2174813176,4438782.868589935,-1.0457783541686312,12
actual,1746049188.3956308,394660.2184709652,4438782.868865284,-1.045801252888417,12
actual,1746049188.495625,394660.2186154343,4438782.868931756,-1.0457796806188624,12
actual,1746049188.5956335,394660.2188206697,4438782.868996344,-1.045794062131899,12
actual,1746049188.6956217,394660.2190791477,4438782.869070922,-1.0457834156234616,12
actual,1746049188.795639,394660.2193860917,4438782.869131799,-1.0457858067245374,12
actual,1746049188.8956387,394660.21943224326,4438782.869479577,-1.0457884770782926,12
actual,1746049188.9956293,394660.219579953,4438782.869463711,-1.0458212369083526,12
actual,1746049189.0956397,394660.21967632,4438782.869418907,-1.0458052496924044,12
actual,1746049189.1956203,394660.2197784629,4438782.869331682,-1.0457860685239249,12
actual,1746049189.2956214,394660.21990848234,4438782.869271679,-1.0457810245223864,12
actual,1746049189.395636,394660.2197902771,4438782.870003285,-1.0457618433539073,12
actual,1746049189.4956212,394660.2198422788,4438782.869991583,-1.0457551761961648,12
actual,1746049189.5956342,394660.21990343346,4438782.869953541,-1.0457791570200872,12
actual,1746049189.6956205,394660.2199551693,4438782.869925975,-1.0457796806188624,12
actual,1746049189.7956192,394660.21999772574,4438782.86988886,-1.045782874571394,12
actual,1746049189.8956203,394660.21973622916,4438782.869959068,-1.0457440060889518,12
actual,1746049189.9956503,394660.2197819137,4438782.869919816,-1.0457644962543702,12
actual,1746049190.095622,394660.2198145619,4438782.869865201,-1.0457591730001516,12
actual,1746049190.1956344,394660.21988778264,4438782.869799089,-1.045763972655595,12
actual,1746049190.295552,394660.2199637951,4438782.869705847,-1.045761302301839,12
actual,1746049190.3955586,394660.22002426296,4438782.869605571,-1.0457410739358084,12
actual,1746049190.4956508,394660.21949609317,4438782.871202449,-1.0457466589894147,12
actual,1746049190.5956206,394660.2194789789,4438782.87125889,-1.045726151370704,12
actual,1746049190.695645,394660.21948888566,4438782.871338512,-1.045718698814798,12
actual,1746049190.7956238,394660.2195029947,4438782.871412832,-1.0457035144503057,12
actual,1746049190.8956656,394660.21947198856,4438782.869309919,-1.0457541115453206,12
actual,1746049190.9956565,394660.2194675848,4438782.86914011,-1.0457442678883395,12
actual,1746049191.0956442,394660.2194468203,4438782.868950273,-1.0457064466034491,12
actual,1746049191.1956193,394660.2194663655,4438782.868690585,-1.0457029908515298,12
actual,1746049191.2956276,394660.2194876628,4438782.868394287,-1.0457043173017615,12
actual,1746049191.3956523,394660.2196910431,4438782.869970785,-1.0458015146878052,12
actual,1746049191.4956465,394660.2197571901,4438782.870014526,-1.0458071171947039,12
actual,1746049191.595644,394660.2198252493,4438782.870037408,-1.0457791570200872,12
actual,1746049191.6956189,394660.21989945206,4438782.870074314,-1.045766101957282,12
actual,1746049191.7955537,394660.21999340283,4438782.870128483,-1.0457724898623444,12
actual,1746049191.895636,394660.2200532729,4438782.870177025,-1.0457434650368835,12
actual,1746049191.995542,394660.2188476332,4438782.871256456,-1.0457541115453206,12
actual,1746049192.0956197,394660.218741552,4438782.8713260675,-1.0457224338193971,12
actual,1746049192.1956205,394660.2186457342,4438782.871394549,-1.0457093787565923,12
actual,1746049192.2956176,394660.21858542867,4438782.871455838,-1.0457000586983864,12
actual,1746049192.3956223,394660.21851783665,4438782.871504143,-1.0456385358422537,12
actual,1746049192.4956179,394660.2181388573,4438782.869385111,-1.0457043173017615,12
actual,1746049192.5956187,394660.2181720474,4438782.869208104,-1.0456822039801386,12
actual,1746049192.6956205,394660.21820885077,4438782.869020867,-1.0456627784655637,12
actual,1746049192.7956188,394660.2182347982,4438782.868823488,-1.0456593052603527,12
actual,1746049192.8956273,394660.21904436825,4438782.870371692,-1.0457709016127252,12
actual,1746049192.9956183,394660.21912368457,4438782.870373379,-1.045750655793402,12
actual,1746049193.0956266,394660.2192222414,4438782.870370956,-1.0457546525973889,12
actual,1746049193.1955578,394660.2193594485,4438782.8703824105,-1.045746397190027,12
actual,1746049193.2956204,394660.21951375884,4438782.870412915,-1.0457530468944771,12
actual,1746049193.3956196,394660.21910117066,4438782.869021528,-1.0457908681793677,12
actual,1746049193.4956176,394660.21914473735,4438782.868943211,-1.0457972560844302,12
actual,1746049193.595616,394660.2191799688,4438782.868845759,-1.045818566554597,12
actual,1746049193.695574,394660.21921927563,4438782.868739096,-1.045822301559196,12
actual,1746049193.7956288,394660.21925407695,4438782.868621384,-1.0457932592804433,12
actual,1746049193.8956223,394660.2205168824,4438782.868085532,-1.0457224338193971,12
actual,1746049193.9956322,394660.2206192475,4438782.867967058,-1.0457163077137226,12
actual,1746049194.0956216,394660.22069165134,4438782.867858537,-1.0457016469480058,12
actual,1746049194.1956308,394660.220741414,4438782.867750462,-1.0456931297412562,12
actual,1746049194.295619,394660.220833075,4438782.867635046,-1.045710443407436,12
actual,1746049194.3956227,394660.22047309123,4438782.868939373,-1.0457658401578942,12
actual,1746049194.4956331,394660.220442467,4438782.868995936,-1.0457551761961648,12
actual,1746049194.5955646,394660.220430788,4438782.869075142,-1.0457709016127252,12
actual,1746049194.695652,394660.2203973389,4438782.869151283,-1.0457631698041385,12
actual,1746049194.795633,394660.2203512482,4438782.869235162,-1.0457559790476205,12
actual,1746049194.8956225,394660.2204180692,4438782.869366617,-1.0458049878930165,12
actual,1746049194.995629,394660.2204005335,4438782.869425124,-1.0458158962008415,12
actual,1746049195.0955398,394660.2203564744,4438782.869508599,-1.0458156344014535,12
actual,1746049195.1956208,394660.2203278719,4438782.869568185,-1.045846526729214,12
actual,1746049195.295638,394660.22023909405,4438782.869625965,-1.045825216259047,12
actual,1746049195.395643,394660.2206000274,4438782.868841786,-1.0457815481211623,12
actual,1746049195.4956374,394660.22065075394,4438782.868818312,-1.045791409231436,12
actual,1746049195.5956283,394660.2206681783,4438782.868768111,-1.0457586494013758,12
actual,1746049195.695521,394660.2207134113,4438782.8687050305,-1.0457796806188624,12
actual,1746049195.7956393,394660.2207206809,4438782.86862934,-1.0457669048087377,12
actual,1746049195.895625,394660.21873980836,4438782.868766315,-1.0457804834703188,12
actual,1746049195.9956179,394660.21858679794,4438782.868709208,-1.0457756838148755,12
actual,1746049196.0956647,394660.2183797744,4438782.868643259,-1.0457352096295216,12
actual,1746049196.1956217,394660.21821585036,4438782.868595835,-1.0457314746249224,12
actual,1746049196.2955582,394660.21800966596,4438782.8685610145,-1.0457155048622668,12
actual,1746049196.395625,394660.2183975288,4438782.868211406,-1.0457437268362713,12
actual,1746049196.495629,394660.21836374025,4438782.86817582,-1.0457352096295216,12
actual,1746049196.5956202,394660.21829999174,4438782.868115373,-1.045706184804061,12
actual,1746049196.695652,394660.21827523824,4438782.868027793,-1.0457274778209356,12
actual,1746049196.7956257,394660.21824578627,4438782.86791754,-1.0457461353906394,12
actual,1746049196.8956203,394660.2176448452,4438782.867670257,-1.0457919328302117,12
actual,1746049196.995591,394660.21757135005,4438782.867558809,-1.0457783541686312,12
actual,1746049197.095657,394660.2175032268,4438782.867421619,-1.0457756838148755,12
actual,1746049197.195632,394660.21741569927,4438782.867293535,-1.0457397300322844,12
actual,1746049197.295616,394660.2174011201,4438782.867165229,-1.0457466589894147,12
actual,1746049197.3956385,394660.2181723535,4438782.867861967,-1.0457527850950896,12
actual,1746049197.4955747,394660.2182275896,4438782.867842659,-1.0457477236402586,12
actual,1746049197.5956407,394660.2182929686,4438782.86782003,-1.0457554554488449,12
actual,1746049197.6956549,394660.218375726,4438782.867794956,-1.0457586494013758,12
actual,1746049197.7956455,394660.21843469096,4438782.867759061,-1.045721089915873,12
actual,1746049197.895652,394660.21801234724,4438782.868138801,-1.0457445296877277,12
actual,1746049197.9956775,394660.2179747601,4438782.868169438,-1.0457312128255347,12
actual,1746049198.095623,394660.2179454193,4438782.868195641,-1.045729886375303,12
actual,1746049198.195617,394660.2179493853,4438782.868248042,-1.0457442678883395,12
actual,1746049198.2956195,394660.21793448523,4438782.868292005,-1.0457474618408704,12
actual,1746049198.3956199,394660.21852161153,4438782.86793059,-1.0457999264381859,12
actual,1746049198.4956474,394660.2185982134,4438782.867954823,-1.0458278866128028,12
actual,1746049198.5956235,394660.2186376818,4438782.867979563,-1.0458116375974664,12
actual,1746049198.6956239,394660.21866550465,4438782.867992225,-1.045846264929826,12
actual,1746049198.7956235,394660.21865984926,4438782.868025367,-1.045836683072233,12
actual,1746049198.8956149,394660.2193955197,4438782.868766174,-1.0457644962543702,12
actual,1746049198.995617,394660.21935942594,4438782.868809362,-1.0457226956187848,12
actual,1746049199.0956025,394660.21934503666,4438782.868861829,-1.0457024497994616,12
actual,1746049199.1956177,394660.2195231491,4438782.868906819,-1.0457927356816676,12
actual,1746049199.295651,394660.2196856969,4438782.868907487,-1.045811375798079,12
actual,1746049199.3956187,394660.21890403004,4438782.868774801,-1.0457748984167121,12
actual,1746049199.4956486,394660.2187289486,4438782.868654861,-1.04574240038604,12
actual,1746049199.5956492,394660.2188132078,4438782.868703384,-1.0457700987612693,12
actual,1746049199.6956558,394660.2186388086,4438782.868685333,-1.0458097700951672,12
actual,1746049199.7956555,394660.2183856038,4438782.868691746,-1.0457477236402586,12
actual,1746049199.8956187,394660.2206476758,4438782.86874018,-1.0457804834703188,12
actual,1746049199.9956462,394660.22087625024,4438782.86881825,-1.0457999264381859,12
actual,1746049200.0956511,394660.22107518255,4438782.868854908,-1.0457839392222374,12
actual,1746049200.19562,394660.2214514822,4438782.868966014,-1.045806314343248,12
actual,1746049200.295647,394660.2217276492,4438782.869066522,-1.0458015146878052,12
actual,1746049200.3956513,394660.2219948521,4438782.869120041,-1.0457860685239249,12
actual,1746049200.4956424,394660.2191973097,4438782.869435064,-1.045738141782665,12
actual,1746049200.5956542,394660.2190626282,4438782.869443464,-1.0457024497994616,12
actual,1746049200.6956236,394660.21891099703,4438782.869441997,-1.0457045791011492,12
