type,timestamp,x,y,yaw,target_waypoint_idx
actual,1745426233.4588308,394655.50249581,4438782.904418862,0.02979359063629169,0
actual,1745426233.616245,394655.50249581,4438782.904418862,0.029812632178430994,0
actual,1745426233.775301,394655.502384124,4438782.904559296,0.02978545740197735,0
actual,1745426233.7753959,394655.502384124,4438782.904559296,0.02978545740197735,0
actual,1745426233.8612459,394655.5022391851,4438782.9042656105,0.029860035320915027,0
actual,1745426233.9501262,394655.5021429198,4438782.904246445,0.029875865457230578,0
actual,1745426234.1078475,394655.50364532607,4438782.902795895,0.02974751394403905,0
actual,1745426234.1513886,394655.50364532607,4438782.902795895,0.029758422251864005,0
actual,1745426234.322156,394655.50347660785,4438782.902149243,0.029758422251864005,0
actual,1745426234.4371035,394655.5034960575,4438782.901281324,0.029751632921073776,0
actual,1745426234.5540164,394655.5034960575,4438782.901281324,0.029751632921073776,0
actual,1745426234.5541728,394655.5034960575,4438782.901281324,0.029751632921073776,0
actual,1745426234.8488545,394655.5025612712,4438782.902277766,0.029778668071187116,0
actual,1745426234.8489132,394655.5025612712,4438782.902277766,0.029778668071187116,0
actual,1745426234.8489451,394655.5025612712,4438782.902277766,0.029778668071187116,0
actual,1745426235.0465975,394655.50065592927,4438782.901169179,0.02976615406045041,0
actual,1745426235.0530598,394655.5006086705,4438782.901141341,0.02976615406045041,0
actual,1745426235.1502602,394655.5027501629,4438782.901944313,0.029775474118655845,0
actual,1745426235.291153,394655.5027501629,4438782.901944313,0.029770674463213076,0
actual,1745426235.6496673,394655.50285158947,4438782.901503984,0.029826210840011455,0
actual,1745426235.6498582,394655.50285158947,4438782.901503984,0.029826210840011455,0
actual,1745426235.7881496,394655.50287820114,4438782.901391674,0.0298906483959951,0
actual,1745426235.8607957,394655.50287820114,4438782.901391674,0.0298906483959951,0
actual,1745426235.9884615,394655.50288480567,4438782.901341277,0.02991249991822996,0
actual,1745426236.0786705,394655.50288480567,4438782.901341277,0.02991249991822996,0
actual,1745426236.1576047,394655.5018289418,4438782.90298506,0.029849109559797596,0
actual,1745426236.2650454,394655.5017632684,4438782.9029245,0.029855235665472005,0
actual,1745426236.3735833,394655.5008067833,4438782.902431295,0.029898502377629088,0
actual,1745426236.4967287,394655.5007676141,4438782.902401151,0.02995670910818297,0
actual,1745426236.5537822,394655.5017440524,4438782.90317406,0.029834588420420957,0
actual,1745426236.6777759,394655.5016011739,4438782.9031151915,0.02985284456439686,0
actual,1745426236.7884703,394655.5008912907,4438782.902860513,0.029902097755888046,0
actual,1745426236.8738635,394655.50023529836,4438782.902788734,0.029902097755888046,0
actual,1745426236.998465,394655.50023529836,4438782.902788734,0.029873875781883368,0
actual,1745426237.1274364,394655.50023529836,4438782.902788734,0.029777341620955477,0
actual,1745426237.1858368,394655.50023529836,4438782.902788734,0.02983711914783641,0
actual,1745426237.275482,394655.4999745114,4438782.902738631,0.029805162169232468,0
actual,1745426237.381846,394655.50134647166,4438782.901807174,0.029822737634799826,0
actual,1745426237.5653608,394655.50181045535,4438782.901423294,0.029868151101936895,0
actual,1745426237.5654676,394655.50181045535,4438782.901423294,0.029868151101936895,0
actual,1745426237.6809096,394655.499794424,4438782.901576192,0.0298616235705343,0
actual,1745426237.75951,394655.4995711038,4438782.901197185,0.029867610049868654,0
actual,1745426237.8779476,394655.4994846436,4438782.901109935,0.0298806651126736,0
actual,1745426237.9742062,394655.49900672084,4438782.900643139,0.02976083080623163,0
actual,1745426238.137075,394655.49900672084,4438782.900643139,0.029770953715893184,0
actual,1745426238.1901681,394655.5001561514,4438782.903177612,0.029770953715893184,0
actual,1745426238.2986825,394655.50012582086,4438782.903160597,0.02980156679097326,0
actual,1745426238.5010226,394655.49993390054,4438782.9031089535,0.02979118208192382,0
actual,1745426238.50111,394655.49993390054,4438782.9031089535,0.02979118208192382,0
actual,1745426238.5695968,394655.49943664816,4438782.902569115,0.029803573919612945,0
actual,1745426238.6964018,394655.4993266044,4438782.902472805,0.029779470922642992,0
actual,1745426238.8124628,394655.49897119333,4438782.902121427,0.029792648158495517,0
actual,1745426238.879914,394655.4986748348,4438782.901664178,0.029809298599559667,0
actual,1745426239.015608,394655.4986748348,4438782.901664178,0.029812893977818628,0
actual,1745426239.0713503,394655.498654328,4438782.901633985,0.029812893977818628,0
actual,1745426239.1518545,394655.50098768534,4438782.902190017,0.029811288274906877,0
actual,1745426239.3859313,394655.500961735,4438782.902190801,0.029808757547491425,0
actual,1745426239.3859787,394655.500961735,4438782.902190801,0.029808757547491425,0
actual,1745426239.5179756,394655.5003638363,4438782.901923438,0.02986469535001799,0
actual,1745426239.5963593,394655.5008095468,4438782.902116992,0.02977268159185276,0
actual,1745426239.8076897,394655.50068754505,4438782.901756167,0.029760027954775753,0
actual,1745426239.8077366,394655.50068754505,4438782.901756167,0.029760027954775753,0
actual,1745426239.8695433,394655.50068754505,4438782.901756167,0.029804900369844584,0
actual,1745426239.9710321,394655.5005590044,4438782.901649489,0.02977760342034336,0
actual,1745426240.0649576,394655.5009498488,4438782.9032525625,0.02977639914315955,0
actual,1745426240.184217,394655.5009498488,4438782.9032525625,0.02979544068529885,0
actual,1745426240.280643,394655.5005885243,4438782.9028041,0.02981249255209069,0
actual,1745426240.378064,394655.50046661356,4438782.902470753,0.02990036987992872,0
actual,1745426240.4545476,394655.50147121237,4438782.904116318,0.029893981974866427,0
actual,1745426240.633856,394655.5014626965,4438782.904125097,0.02975683400224473,0
actual,1745426240.6510065,394655.5012560754,4438782.903973421,0.02975243577252965,0
actual,1745426240.8691635,394655.5011831728,4438782.903900572,0.02979250853215546,0
actual,1745426240.8692212,394655.5011831728,4438782.903900572,0.02979250853215546,0
actual,1745426241.0010653,394655.50056038745,4438782.903552601,0.029683320734150562,0
actual,1745426241.1466928,394655.50066449447,4438782.904335157,0.029717948066510257,0
actual,1745426241.5273225,394655.50066449447,4438782.904335157,0.029763221907307024,0
actual,1745426241.5273705,394655.50066449447,4438782.904335157,0.029763221907307024,0
actual,1745426241.6275609,394655.5013732435,4438782.903304843,0.02977999452141851,0
actual,1745426241.7275815,394655.50120486267,4438782.90303235,0.029799315316238167,0
actual,1745426241.827575,394655.500986366,4438782.902671283,0.029814883653166084,0
actual,1745426241.9275296,394655.5007254865,4438782.902341238,0.029814220428050264,0
actual,1745426242.0275297,394655.50060973945,4438782.9032474905,0.029728070976171812,0
actual,1745426242.1275172,394655.50057534716,4438782.903100828,0.029770412663825192,0
actual,1745426242.2275407,394655.50053116865,4438782.90301869,0.02975816045247612,0
actual,1745426242.3275473,394655.5003664259,4438782.902876189,0.02979238635910788,0
actual,1745426242.4276009,394655.5000895139,4438782.902682553,0.02979544068529885,0
actual,1745426242.5275722,394655.5007804767,4438782.901964115,0.02980090356585744,0
actual,1745426242.6276338,394655.50052710436,4438782.901851963,0.029772280166124824,0
actual,1745426242.727581,394655.50023837254,4438782.901598336,0.029824605137099704,0
actual,1745426242.8282228,394655.5000083575,4438782.90135177,0.02984631703299451,0
actual,1745426242.927647,394655.5015079811,4438782.900727361,0.029754826873604798,0
actual,1745426243.0297449,394655.501535046,4438782.900513139,0.02978186202371814,0
actual,1745426243.1279106,394655.5014775661,4438782.90027233,0.029756432576516795,0
actual,1745426243.22759,394655.50126821577,4438782.9000182105,0.029804900369844584,0
actual,1745426243.327532,394655.5010959549,4438782.899807797,0.02976721871129392,0
actual,1745426243.4275758,394655.50097850774,4438782.899379107,0.029828340141698967,0
actual,1745426243.5275917,394655.5027663771,4438782.900512369,0.02980184604365362,0
actual,1745426243.6275418,394655.50293452875,4438782.900350245,0.029804498944116648,0
actual,1745426243.7275398,394655.50306145684,4438782.900072729,0.02980184604365362,0
actual,1745426243.827526,394655.503124422,4438782.899732294,0.029845915607266325,0
actual,1745426243.927513,394655.5008576157,4438782.902368678,0.02981476148011826,0
actual,1745426244.0275633,394655.50063862506,4438782.9024239015,0.029775474118655845,0
actual,1745426244.1275625,394655.5003631362,4438782.902418197,0.029794376034455092,0
actual,1745426244.2280254,394655.5000983667,4438782.902396716,0.029796383163094776,0
actual,1745426244.327599,394655.4998540803,4438782.902267554,0.029832336945685864,0
actual,1745426244.4275622,394655.5005512874,4438782.90201302,0.029767358337634227,0
actual,1745426244.527523,394655.500453478,4438782.901934865,0.029805441421912576,0
actual,1745426244.6275246,394655.50032612274,4438782.901865417,0.029811427901246933,0
actual,1745426244.7275293,394655.50009549817,4438782.901728556,0.029842721654735303,0
actual,1745426244.8275356,394655.4997881319,4438782.901600747,0.0298848015430008,0
actual,1745426244.9275231,394655.50004850456,4438782.902317341,0.029781722397378085,0
actual,1745426245.027699,394655.4999006921,4438782.902169656,0.029816489356077835,0
actual,1745426245.127593,394655.49972651585,4438782.901998544,0.029851238861485108,0
actual,1745426245.2275693,394655.4995331438,4438782.901824922,0.029882794414361112,0
actual,1745426245.3274572,394655.49935406516,4438782.901602789,0.029893318749750607,0
actual,1745426245.4275305,394655.50099207216,4438782.901889651,0.029754163648488978,0
actual,1745426245.527509,394655.5008813967,4438782.901784335,0.02979212455972,0
actual,1745426245.6275537,394655.50080312317,4438782.9016382275,0.02986055891969054,0
actual,1745426245.7275264,394655.5007960006,4438782.90149642,0.02984444953069488,0
actual,1745426245.8275518,394655.50072577,4438782.9013062455,0.029862426421990423,0
actual,1745426245.9275112,394655.50069195975,4438782.903104744,0.029762960107919144,0
actual,1745426246.0275593,394655.500656807,4438782.903042946,0.0297914438813117,0
actual,1745426246.1275153,394655.5004907654,4438782.903010356,0.029772280166124824,0
actual,1745426246.2275171,394655.50028013845,4438782.902916309,0.029839929127931968,0
actual,1745426246.3275878,394655.5001622835,4438782.902783932,0.029837921999292284,0
actual,1745426246.4276404,394655.50080779626,4438782.902458533,0.029771878740396888,0
actual,1745426246.5275106,394655.50084287004,4438782.90236246,0.02979212455972,0
actual,1745426246.6276453,394655.50082360784,4438782.90213858,0.02981701295485335,0
actual,1745426246.727564,394655.5007356062,4438782.901840521,0.029844850956422815,0
actual,1745426246.8277712,394655.5006001196,4438782.901523002,0.029879740088170147,0
actual,1745426246.9275858,394655.50166178733,4438782.901308973,0.029821812610296372,0
actual,1745426247.0275872,394655.50158361986,4438782.901116072,0.029817815806309225,0
actual,1745426247.1275642,394655.50156747224,4438782.9009229,0.029822877261140128,0
actual,1745426247.2277644,394655.5016119187,4438782.900554204,0.029824343337711823,0
actual,1745426247.3277192,394655.50161168945,4438782.90010374,0.029886389792620073,0
actual,1745426247.4277508,394655.5015246842,4438782.902690139,0.029713951262523113,0
actual,1745426247.5276115,394655.5013108797,4438782.9026454985,0.029749241819998377,0
actual,1745426247.627528,394655.50102975115,4438782.902501037,0.02979465528713545,0
actual,1745426247.7275097,394655.50065927417,4438782.902330271,0.02985083743575717,0
actual,1745426247.8274758,394655.50031309365,4438782.902239479,0.029830731242774116,0
actual,1745426247.9275098,394655.50001288066,4438782.901890349,0.029857225340819464,0
actual,1745426248.0275605,394655.5008498585,4438782.901253847,0.029754565074217164,0
actual,1745426248.1276245,394655.5009083144,4438782.900825499,0.029826210840011455,0
actual,1745426248.2275434,394655.5009649825,4438782.900378009,0.0298376601999044,0
actual,1745426248.3275244,394655.50097622134,4438782.89989937,0.02983340159652962,0
actual,1745426248.4275901,394655.50082150777,4438782.900068691,0.02976707908495387,0
actual,1745426248.5275466,394655.5007134871,4438782.899800764,0.029739380709724705,0
actual,1745426248.6275625,394655.5005472331,4438782.899428776,0.029794515660795145,0
actual,1745426248.727551,394655.5003517634,4438782.899120326,0.0297449832166236,0
actual,1745426248.827674,394655.50008720584,4438782.898716676,0.029751371121685893,0
actual,1745426248.9275792,394655.5014887797,4438782.901193318,0.02974737431769875,0
actual,1745426249.0275362,394655.50144234736,4438782.901127986,0.029791321708264124,0
actual,1745426249.12762,394655.50140637706,4438782.901066922,0.02982313906052801,0
actual,1745426249.2275176,394655.50134864793,4438782.901001803,0.029823540486255948,0
actual,1745426249.3277392,394655.5012576436,4438782.900898387,0.029833000170801684,0
actual,1745426249.4276001,394655.5010459939,4438782.899854902,0.02975309899764547,0
actual,1745426249.527531,394655.5009629017,4438782.899695811,0.029773205190628278,0
actual,1745426249.627684,394655.5008740681,4438782.899539,0.029738054259493066,0
actual,1745426249.727499,394655.5007823347,4438782.899323373,0.029752837198257588,0
actual,1745426249.82757,394655.50068404956,4438782.899044666,0.02979278778483582,0
actual,1745426249.9275312,394655.50063726516,4438782.898757384,0.029778004846071297,0
actual,1745426250.0275643,394655.49976498267,4438782.900126626,0.029755507552013092,0
actual,1745426250.1275434,394655.49957671174,4438782.899955317,0.029806890045191794,0
actual,1745426250.2275212,394655.4991233806,4438782.899804762,0.029836717722108472,0
actual,1745426250.3275075,394655.49836255016,4438782.899637304,0.029846578832382144,0
actual,1745426250.4276145,394655.4976015252,4438782.899440303,0.029851500660872745,0
actual,1745426250.5275543,394655.50230355066,4438782.9010819085,0.029747915369766988,0
actual,1745426250.6275258,394655.50279829296,4438782.900995401,0.029768946587253497,0
actual,1745426250.727507,394655.5034277381,4438782.900915686,0.029795039259570912,0
actual,1745426250.827588,394655.5041826418,4438782.900788265,0.02980530179557252,0
actual,1745426250.9275227,394655.5011582829,4438782.900817805,0.029764548357538417,0
actual,1745426251.0275588,394655.5011784531,4438782.900680957,0.029778929870575,0
actual,1745426251.12751,394655.50109024404,4438782.90044839,0.02984444953069488,0
actual,1745426251.227561,394655.5008263895,4438782.900236204,0.02980397534534113,0
actual,1745426251.3275232,394655.50025465887,4438782.899875114,0.02988733227041625,0
actual,1745426251.427549,394655.5032568469,4438782.901599809,0.029802631441817017,0
actual,1745426251.5275247,394655.5031588007,4438782.901515698,0.029798774264170175,0
actual,1745426251.627585,394655.5030479242,4438782.901363037,0.029879199036101905,0
actual,1745426251.7275403,394655.5029958408,4438782.90124035,0.0299096899381344,0
actual,1745426251.8275192,394655.50293520314,4438782.90104302,0.029981859302704205,0
actual,1745426251.9275439,394655.5018169953,4438782.9004798625,0.029726744525940173,0
actual,1745426252.0276308,394655.5014016991,4438782.900226978,0.029798512464782292,0
actual,1745426252.1275737,394655.5010849394,4438782.899992308,0.0298286019410866,0
actual,1745426252.227717,394655.5007783093,4438782.899823709,0.029792909957883397,0
actual,1745426252.327602,394655.50047755305,4438782.899481774,0.02986481752306557,0
actual,1745426252.4275985,394655.5002125424,4438782.899138818,0.029826333013059033,0
actual,1745426252.527522,394655.5021773067,4438782.900157678,0.029791321708264124,0
actual,1745426252.627539,394655.5021132778,4438782.900047383,0.02972913562701557,0
actual,1745426252.7275505,394655.50196755107,4438782.899746103,0.029768021562750043,0
actual,1745426252.8275707,394655.5017417599,4438782.899435971,0.0297830663009022,0
actual,1745426252.927565,394655.5001296572,4438782.902546621,0.029729275253355624,0
actual,1745426253.0275812,394655.4993951734,4438782.902518792,0.029754163648488978,0
actual,1745426253.1275373,394655.498531156,4438782.9024882475,0.029840190927319852,0
actual,1745426253.2275941,394655.49813532823,4438782.902505246,0.02984617740665421,0
actual,1745426253.327517,394655.49811466667,4438782.9023894295,0.02982739766390279,0
actual,1745426253.4275217,394655.50087168894,4438782.902816755,0.029788790980848672,0
actual,1745426253.5275128,394655.5012195806,4438782.902920233,0.029768422988477983,0
actual,1745426253.6275322,394655.50138222525,4438782.902883369,0.029851099235144805,0
actual,1745426253.727561,394655.5012929086,4438782.902856462,0.029833261970189567,0
actual,1745426253.8275347,394655.5009557854,4438782.9027719665,0.029860820719078425,0
actual,1745426253.9275057,394655.504084392,4438782.901951345,0.0297879881293928,0
actual,1745426254.0275307,394655.5037674166,4438782.901768764,0.02979531851225102,0
actual,1745426254.1275127,394655.5034321856,4438782.901577804,0.029785317775637293,0
actual,1745426254.2275658,394655.5031065835,4438782.901387827,0.029765089409606656,0
actual,1745426254.3275254,394655.5028117279,4438782.901093808,0.029837520573564345,0
actual,1745426254.4274983,394655.5038251232,4438782.9004361145,0.029749765418774145,0
actual,1745426254.5275273,394655.5039125066,4438782.90024775,0.02977280376490034,0
actual,1745426254.6276,394655.50391660957,4438782.900025727,0.02974564644173942,0
actual,1745426254.7275674,394655.50377493084,4438782.899732385,0.02976055155355127,0
actual,1745426254.8275268,394655.5035514751,4438782.899406947,0.029774008042084153,0
actual,1745426254.9275262,394655.50492708257,4438782.900384637,0.029732469205886895,0
actual,1745426255.0275698,394655.5049033922,4438782.9004900055,0.029581463319004134,0
actual,1745426255.1275375,394655.50487365207,4438782.9004363865,0.029586646946882615,0
actual,1745426255.227497,394655.50486800045,4438782.900043254,0.029812632178430994,0
actual,1745426255.3274767,394655.5048565438,4438782.899816384,0.02984031310036743,0
actual,1745426255.4275317,394655.50329524744,4438782.900426463,0.029782525248833958,0
actual,1745426255.5274513,394655.50324570376,4438782.900268896,0.029861361771146663,0
actual,1745426255.6275823,394655.5033848462,4438782.900284575,0.029865620374521444,0
actual,1745426255.7276006,394655.5034890064,4438782.900195296,0.029885325141776563,0
actual,1745426255.8275316,394655.5032167935,4438782.900077396,0.02977694019522754,0
actual,1745426255.9276156,394655.5045093101,4438782.901314133,0.02978666167916116,0
actual,1745426256.027556,394655.50411537575,4438782.901434619,0.02976667765922593,0
actual,1745426256.1276693,394655.50361333747,4438782.901474048,0.0298136968292745,0
actual,1745426256.2275438,394655.5026230461,4438782.9015576895,0.02978479417686153,0
actual,1745426256.3274245,394655.50130173867,4438782.901615553,0.029788249928780434,0
actual,1745426256.4275122,394655.5001782294,4438782.901483603,0.029817292207533708,0
actual,1745426256.5275674,394655.5043440487,4438782.899899311,0.02979903606355781,0
actual,1745426256.6275442,394655.5054817457,4438782.899656114,0.029837398400516767,0
actual,1745426256.7275097,394655.50711689686,4438782.899300636,0.029825547614895635,0
actual,1745426256.8275354,394655.5089926163,4438782.898839567,0.029940460092847006,0
actual,1745426256.9275267,394655.506004244,4438782.902166885,0.029900910931996712,0
actual,1745426257.0275295,394655.5066058466,4438782.902402743,0.029933391509376416,0
actual,1745426257.1275191,394655.5068949109,4438782.902611909,0.029951769826399896,0
actual,1745426257.2275586,394655.50679951324,4438782.902777076,0.029943776218425856,0
actual,1745426257.3275082,394655.50632240344,4438782.902978439,0.029983866431344142,0
actual,1745426257.4275277,394655.5066185747,4438782.9013992455,0.029998771543155993,0
actual,1745426257.5275068,394655.5064397302,4438782.901177334,0.030046052512592694,0
actual,1745426257.6276248,394655.5064410312,4438782.9010029305,0.030072686236978098,0
actual,1745426257.727549,394655.5065920547,4438782.900842997,0.030088394200246074,0
actual,1745426257.8275678,394655.5067812819,4438782.900624425,0.03010410216351405,0
actual,1745426257.9275293,394655.5037395282,4438782.9005748015,0.029973342095954647,0
actual,1745426258.0276277,394655.5035151815,4438782.900504348,0.029978403550785303,0
actual,1745426258.1275218,394655.5032326239,4438782.9003481455,0.02999491436550915,0
actual,1745426258.2275326,394655.50287883024,4438782.90015161,0.030012228031688876,0
actual,1745426258.3275433,394655.5024799063,4438782.899941844,0.03005563437018601,0
actual,1745426258.427689,394655.50529574737,4438782.902767505,0.02999917296888418,0
actual,1745426258.5275989,394655.5053606585,4438782.902823639,0.03001821451102323,0
actual,1745426258.6275759,394655.5054025592,4438782.902912968,0.030018493763703587,0
actual,1745426258.7275386,394655.5055204191,4438782.9029657515,0.030005037275170707,0
actual,1745426258.8275483,394655.50553477835,4438782.902959771,0.030060957624404548,0
actual,1745426258.9275098,394655.5036743757,4438782.901406164,0.030005962299674407,0
actual,1745426259.0275443,394655.5032688882,4438782.901328528,0.029977600699329428,0
actual,1745426259.1274526,394655.50313521584,4438782.901188059,0.02997641387543809,0
actual,1745426259.22754,394655.50323622354,4438782.900914335,0.030054971145070192,0
actual,1745426259.32755,394655.50338938145,4438782.900726814,0.030071621586134342,0
actual,1745426259.4275815,394655.5047875306,4438782.902327934,0.03000104047118381,0
actual,1745426259.5275376,394655.5046136274,4438782.902289453,0.030054569719342252,0
actual,1745426259.6276155,394655.5042446316,4438782.9022652,0.03002247311439826,0
actual,1745426259.727589,394655.5037859689,4438782.902173677,0.030036069229271194,0
actual,1745426259.8275468,394655.5033934754,4438782.902040039,0.0300676247821472,0
actual,1745426259.9275727,394655.50402707036,4438782.902144645,0.030011303007185422,0
actual,1745426260.0275676,394655.5039440331,4438782.902047836,0.03001688806079184,0
actual,1745426260.1275373,394655.5039066521,4438782.901883822,0.030044726062361055,0
actual,1745426260.2276018,394655.50383851904,4438782.901686898,0.03006308692609206,0
actual,1745426260.3276687,394655.50370742177,4438782.90143789,0.03011022826918846,0
actual,1745426260.4275665,394655.5035723221,4438782.9030066,0.030049106838783663,0
actual,1745426260.5275562,394655.5034261475,4438782.903023734,0.030045651086864758,0
actual,1745426260.6274471,394655.5031944253,4438782.903011112,0.030054831518730136,0
actual,1745426260.7275088,394655.50291041186,4438782.902961482,0.03005123614047093,0
actual,1745426260.827528,394655.5025500744,4438782.902840794,0.030077468439128643,0
actual,1745426260.9275672,394655.5035257561,4438782.902567559,0.03000624155235452,0
actual,1745426261.0275543,394655.5033863718,4438782.9024492875,0.030032072425284047,0
actual,1745426261.127524,394655.5032288652,4438782.902331526,0.030029943123596782,0
actual,1745426261.2275352,394655.50304454286,4438782.902173649,0.03005004931657959,0
actual,1745426261.3275006,394655.5028153784,4438782.901960983,0.03007493771171319,0
actual,1745426261.4275603,394655.50398302614,4438782.902194129,0.029970148143423376,0
actual,1745426261.5275185,394655.5039247338,4438782.902113068,0.029946586198521415,0
actual,1745426261.627594,394655.5037760822,4438782.901866101,0.029973743521682587,0
actual,1745426261.7274635,394655.5034791127,4438782.901655016,0.029976675674825724,0
actual,1745426261.8275523,394655.503070378,4438782.901441867,0.029964022037748967,0
actual,1745426261.927567,394655.50341643987,4438782.901716662,0.029948575873868625,0
actual,1745426262.0275443,394655.503499166,4438782.901459864,0.029972417071450947,0
actual,1745426262.1275187,394655.50366190966,4438782.90125593,0.029997043667196664,0
actual,1745426262.2275848,394655.50391708035,4438782.900887019,0.030098115684179694,0
actual,1745426262.3275263,394655.50435264426,4438782.900535977,0.03009052350193334,0
actual,1745426262.4276497,394655.5048317133,4438782.900118033,0.030112357570875974,0
actual,1745426262.52763,394655.5054011318,4438782.900421852,0.030003710824939314,0
actual,1745426262.6275337,394655.5051909825,4438782.900244678,0.030019156988819407,0
actual,1745426262.7275362,394655.50472368085,4438782.900050629,0.029975471397641913,0
actual,1745426262.8275743,394655.50398431753,4438782.8998060245,0.030023537765242015,0
actual,1745426262.927522,394655.5057069829,4438782.900531644,0.030022874540126195,0
actual,1745426263.027524,394655.5055195424,4438782.900425966,0.02999358791527776,0
actual,1745426263.1275077,394655.50533132756,4438782.90023339,0.030052580043995043,0
actual,1745426263.2276676,394655.5052237798,4438782.900035424,0.03006242370097624,0
actual,1745426263.327808,394655.50518168707,4438782.89975963,0.03007081873467847,0
actual,1745426263.4275997,394655.504406872,4438782.901424065,0.029970549569151315,0
actual,1745426263.5275981,394655.50430908677,4438782.901385988,0.02998679858448753,0
actual,1745426263.6275961,394655.50411605014,4438782.901333328,0.02998852646044686,0
actual,1745426263.7275603,394655.50381310546,4438782.901303282,0.029976274249097788,0
actual,1745426263.8275595,394655.503449563,4438782.901214871,0.029995176164897032,0
actual,1745426263.9275277,394655.50407499523,4438782.901903588,0.03000210512202732,0
actual,1745426264.0275419,394655.50391871564,4438782.901807464,0.030036732454387014,0
actual,1745426264.1276674,394655.5037461659,4438782.901757638,0.030024218443650063,0
actual,1745426264.2275949,394655.50354444305,4438782.901716415,0.030009959103661304,0
actual,1745426264.3276052,394655.50332947174,4438782.901540617,0.030024340616697887,0
actual,1745426264.4275484,394655.50466509943,4438782.89997898,0.030003571198599012,0
actual,1745426264.5275397,394655.5046266987,4438782.899714629,0.03005017148962742,0
actual,1745426264.6275628,394655.5045341224,4438782.899335186,0.030114225073175606,0
actual,1745426264.7275095,394655.5043234648,4438782.898975106,0.030146845276895366,0
actual,1745426264.827537,394655.5039790168,4438782.898652972,0.0301463216781196,0
actual,1745426264.9275234,394655.50484237564,4438782.899854232,0.029984791455847596,0
actual,1745426265.0275908,394655.50486673025,4438782.899611161,0.03002367739158207,0
actual,1745426265.127604,394655.5049147916,4438782.899370795,0.030025806693269583,0
actual,1745426265.2276354,394655.504898594,4438782.899076188,0.030040729258374158,0
actual,1745426265.327542,394655.50481825706,4438782.898719163,0.03007881234265251,0
actual,1745426265.4275217,394655.50508463243,4438782.901523282,0.02996775704234823,0
actual,1745426265.5275166,394655.5050566586,4438782.901622489,0.029953113729924014,0
actual,1745426265.627585,394655.50504820235,4438782.901584969,0.029978002125057364,0
actual,1745426265.7275481,394655.5049932222,4438782.901580613,0.029981196077588635,0
actual,1745426265.8275495,394655.50482807995,4438782.901502506,0.030021548089894556,0
actual,1745426265.9275823,394655.50653634925,4438782.901502113,0.030035528177203202,0
actual,1745426266.0275455,394655.50663082476,4438782.901387531,0.030058025471261407,0
actual,1745426266.1275191,394655.5066676327,4438782.901470012,0.030074414112937427,0
actual,1745426266.2275085,394655.50657695567,4438782.901463933,0.030050311115967475,0
actual,1745426266.3275054,394655.5063848039,4438782.901177485,0.030107435742385374,0
actual,1745426266.427516,394655.5071654809,4438782.901061518,0.030010238356341663,0
actual,1745426266.5275407,394655.5070769074,4438782.9010320315,0.029993989341005698,0
actual,1745426266.6275418,394655.5070471619,4438782.900781198,0.03003432390001914,0
actual,1745426266.7274797,394655.5071036456,4438782.90064095,0.03003725605316253,0
actual,1745426266.827549,394655.50719198835,4438782.900527103,0.03001395590764845,0
actual,1745426266.9275146,394655.50479619956,4438782.898989852,0.029994251140393332,0
actual,1745426267.0275288,394655.50454743276,4438782.898732683,0.029997305466584297,0
actual,1745426267.1274838,394655.50417295,4438782.898458162,0.03001821451102323,0
actual,1745426267.2274678,394655.5037064316,4438782.898135448,0.03000969730427367,0
actual,1745426267.3275993,394655.50317713514,4438782.8977334425,0.0300395249811901,0
actual,1745426267.4275978,394655.5051459176,4438782.898996872,0.030026871344113092,0
actual,1745426267.527546,394655.50507874455,4438782.898961494,0.0300396646075304,0
actual,1745426267.6275773,394655.504980852,4438782.898909213,0.030085200247714803,0
actual,1745426267.7275426,394655.50487081014,4438782.898873084,0.030066420504963387,0
actual,1745426267.8275352,394655.5047467388,4438782.898727299,0.030082809146639657,0
actual,1745426267.927514,394655.5055192143,4438782.899794186,0.029992785063821636,0
actual,1745426268.0275543,394655.5054330745,4438782.899812608,0.030013153056192576,0
actual,1745426268.1274426,394655.5053181148,4438782.899829917,0.030045651086864758,0
actual,1745426268.2275531,394655.50519317196,4438782.899853528,0.030014357333376387,0
actual,1745426268.3275547,394655.50502545404,4438782.899811302,0.03005629759530183,0
actual,1745426268.4275458,394655.5061974143,4438782.898648908,0.029978944602853542,0
actual,1745426268.527652,394655.5060782169,4438782.898427627,0.029976274249097788,0
actual,1745426268.6275651,394655.50602464384,4438782.898169608,0.030016486635063903,0
actual,1745426268.7275271,394655.50606653834,4438782.898165424,0.03000823122770198,0
actual,1745426268.8275535,394655.5060060294,4438782.898089873,0.03003753530584289,0
actual,1745426268.927577,394655.5054585108,4438782.8979753945,0.03000198294897974,0
actual,1745426269.0275934,394655.50523980486,4438782.897956246,0.030013554481920512,0
actual,1745426269.1275165,394655.50502133986,4438782.897825914,0.02996655276516417,0
actual,1745426269.2275476,394655.50491380936,4438782.897477715,0.030020623065391102,0
actual,1745426269.3275447,394655.50486222893,4438782.897494759,0.030032596024059815,0
actual,1745426269.4276981,394655.50658140663,4438782.899186684,0.02998266215416008,0
actual,1745426269.5275338,394655.50636868825,4438782.899018844,0.03001076195511718,0
actual,1745426269.6275356,394655.5058899608,4438782.898827834,0.030016347008723597,0
actual,1745426269.7275417,394655.5051854373,4438782.898654193,0.030036994253774894,0
actual,1745426269.8276713,394655.5043121374,4438782.898426639,0.03001875556309147,0
actual,1745426269.9276073,394655.506656947,4438782.899936302,0.03005430791995462,0
actual,1745426270.0275688,394655.50659130374,4438782.900068969,0.029998649370108415,0
actual,1745426270.127528,394655.5066408455,4438782.899997468,0.030039926406918036,0
actual,1745426270.2275467,394655.5067960202,4438782.89994106,0.030070958361018522,0
actual,1745426270.3275316,394655.5071109278,4438782.899907803,0.030069893710174767,0
actual,1745426270.4275386,394655.50319232675,4438782.900027327,0.030022089141962797,0
actual,1745426270.5276787,394655.5031120353,4438782.899990972,0.03001009873000161,0
actual,1745426270.6275518,394655.502962443,4438782.899920837,0.03000969730427367,0
actual,1745426270.7275934,394655.5026842349,4438782.899751577,0.03002235094135043,0
actual,1745426270.8275995,394655.5023035817,4438782.899618044,0.030036069229271194,0
actual,1745426270.9275672,394655.50239546126,4438782.899695758,0.029962154535449335,0
actual,1745426271.0275118,394655.502214698,4438782.899582314,0.029958436984142547,0
actual,1745426271.1275268,394655.50207862206,4438782.899456147,0.029980532852472815,0
actual,1745426271.2275405,394655.50190359843,4438782.899306646,0.030008091601361673,0
actual,1745426271.327602,394655.5016853936,4438782.899136095,0.03002235094135043,0
actual,1745426271.427568,394655.5028129722,4438782.898687789,0.0300353885508629,0
actual,1745426271.5275946,394655.5026507885,4438782.898521797,0.030074414112937427,0
actual,1745426271.6275682,394655.50244296953,4438782.898346127,0.030057763671873523,0
actual,1745426271.7275198,394655.50216885435,4438782.898156574,0.03009438067958043,0
actual,1745426271.8276067,394655.50194257987,4438782.897963442,0.030103177139010347,0
actual,1745426271.9275105,394655.50236804574,4438782.897987872,0.02999131898725019,0
actual,1745426272.027557,394655.502329313,4438782.897948934,0.0300214084635545,0
actual,1745426272.127558,394655.5022277214,4438782.897889384,0.03002235094135043,0
actual,1745426272.2275362,394655.50203283736,4438782.897743106,0.030073349462093918,0
actual,1745426272.3275232,394655.5018199842,4438782.89763326,0.03008439739625893,0
actual,1745426272.4275155,394655.50156914105,4438782.897498364,0.030108098967500947,0
actual,1745426272.527524,394655.50107375864,4438782.898894413,0.030014095533988507,0
actual,1745426272.6275518,394655.50088080915,4438782.89894289,0.030002907973483442,0
actual,1745426272.7275198,394655.5006743419,4438782.898904497,0.030016347008723597,0
actual,1745426272.8276045,394655.5004806526,4438782.898897613,0.030001843322639683,0
actual,1745426272.9275298,394655.502335529,4438782.899485259,0.029996921494149086,0
actual,1745426273.0275762,394655.5023803565,4438782.899511515,0.03003034454932472,0
actual,1745426273.1276135,394655.5023894303,4438782.899522444,0.03006055619867661,0
actual,1745426273.2276258,394655.5023670757,4438782.899542185,0.030071080534066104,0
actual,1745426273.3275354,394655.50231581245,4438782.899538888,0.030073087662706038,0
actual,1745426273.427565,394655.5034118265,4438782.899200861,0.029987060383875164,0
actual,1745426273.527536,394655.5034634607,4438782.899189638,0.029971474593655015,0
actual,1745426273.627521,394655.50344542693,4438782.899092439,0.029978403550785303,0
actual,1745426273.7275312,394655.5033198757,4438782.898926643,0.030030065296644363,0
actual,1745426273.827613,394655.5031216651,4438782.89883559,0.030027272769841278,0
actual,1745426273.927571,394655.5019315854,4438782.899059718,0.029975611023982218,0
actual,1745426274.027455,394655.5015786465,4438782.898895189,0.029978543177125606,0
actual,1745426274.1275122,394655.500986782,4438782.898740329,0.029957773759026727,0
actual,1745426274.227529,394655.5004151194,4438782.898581441,0.029933932561444408,0
actual,1745426274.3275228,394655.5000978871,4438782.898223431,0.030004635849442768,0
actual,1745426274.427571,394655.5025571622,4438782.8993545445,0.03005071254169541,0
actual,1745426274.52763,394655.5027048131,4438782.899394875,0.03006176047586067,0
actual,1745426274.6276274,394655.5027787563,4438782.899384904,0.03007493771171319,0
actual,1745426274.7275486,394655.50277202186,4438782.899433836,0.03007081873467847,0
actual,1745426274.8275595,394655.5026921514,4438782.899396163,0.03009532315737636,0
actual,1745426274.927488,394655.5031887613,4438782.899516699,0.029970811368539196,0
actual,1745426275.027515,394655.5031391756,4438782.899510545,0.029953637328699528,0
actual,1745426275.1276517,394655.50313872326,4438782.899447145,0.029952974103583708,0
actual,1745426275.2275581,394655.50317777536,4438782.899340344,0.02996002523376182,0
actual,1745426275.3277066,394655.5032010625,4438782.899186665,0.029998771543155993,0
actual,1745426275.4276152,394655.50360127294,4438782.899399709,0.030002244748367622,0
actual,1745426275.5275326,394655.5035169802,4438782.899304744,0.030023153792806553,0
actual,1745426275.6275449,394655.5033386284,4438782.899209498,0.030021949515622492,0
actual,1745426275.7275195,394655.5030607233,4438782.899075946,0.030019942386982808,0
actual,1745426275.8275683,394655.50268281787,4438782.898887293,0.03005683864737007,0
actual,1745426275.9275177,394655.50302747,4438782.899838911,0.030035126751475016,0
actual,1745426276.0275195,394655.5028793273,4438782.899851487,0.03004884503939578,0
actual,1745426276.1275914,394655.50275140774,4438782.899822777,0.030039263181802466,0
actual,1745426276.2276363,394655.50268808554,4438782.899758828,0.030054709345682558,0
actual,1745426276.3274584,394655.50262663024,4438782.899668015,0.030088254573905772,0
actual,1745426276.4275906,394655.5026633767,4438782.90013537,0.030036994253774894,0
actual,1745426276.5275261,394655.50244686875,4438782.900096485,0.030028738846412724,0
actual,1745426276.6277862,394655.50215839397,4438782.900047572,0.03002301416646625,0
actual,1745426276.7275558,394655.5018921462,4438782.89992617,0.030021949515622492,0
actual,1745426276.827514,394655.5016353659,4438782.899808185,0.030012228031688876,0
actual,1745426276.9275992,394655.5018441902,4438782.8996242015,0.029951909452739952,0
actual,1745426277.027723,394655.5017592941,4438782.899480887,0.02994831407448099,0
actual,1745426277.1275983,394655.50161201827,4438782.899341695,0.029957773759026727,0
actual,1745426277.2276464,394655.50137325394,4438782.8991724495,0.02993951761505083,0
actual,1745426277.3276389,394655.50105242594,4438782.898939698,0.029971876019382955,0
actual,1745426277.427548,394655.50301370595,4438782.899560268,0.029975872823369852,0
actual,1745426277.5275095,394655.50299410254,4438782.8994845385,0.03000584012662658,0
actual,1745426277.627517,394655.502980942,4438782.899397451,0.029996642241468727,0
actual,1745426277.7275155,394655.50295587105,4438782.899297804,0.03003299744978775,0
actual,1745426277.8275943,394655.5029059149,4438782.899130301,0.03006895123237884,0
actual,1745426277.9275858,394655.5027679804,4438782.899978149,0.030018493763703587,0
actual,1745426278.0275943,394655.50272709486,4438782.899894736,0.030014496959716443,0
actual,1745426278.127529,394655.5026467241,4438782.899782016,0.03002980349725648,0
actual,1745426278.22753,394655.5025180087,4438782.89965682,0.030041793909217667,0
actual,1745426278.3275313,394655.5023115057,4438782.899495998,0.03010956504407264,0
actual,1745426278.4275267,394655.50311329187,4438782.90016497,0.030013030883144998,0
actual,1745426278.5275636,394655.50301279395,4438782.900081627,0.030007026950517917,0
actual,1745426278.6275778,394655.5028437723,4438782.899929397,0.03002393919096995,0
actual,1745426278.72759,394655.5026879159,4438782.899766369,0.03004898466573608,0
actual,1745426278.8275645,394655.5025977615,4438782.899544549,0.03004271893372137,0
actual,1745426278.9275165,394655.50346123165,4438782.899486504,0.030034864952087383,0
actual,1745426279.027571,394655.50353710086,4438782.899357429,0.030083594544803055,0
actual,1745426279.1275167,394655.50358220696,4438782.899186362,0.03012115403030589,0
actual,1745426279.2275207,394655.503508449,4438782.8989880765,0.030167754321334297,0
actual,1745426279.3275828,394655.50331569806,4438782.898838312,0.030171890751661497,0
actual,1745426279.4275787,394655.5032742335,4438782.898866883,0.030019558414547346,0
actual,1745426279.5276046,394655.50302322506,4438782.898769822,0.029991860039318183,0
actual,1745426279.6276062,394655.50277031143,4438782.89864353,0.03002847704702509,0
actual,1745426279.727541,394655.5025708159,4438782.898470685,0.030059631174173155,0
actual,1745426279.8275504,394655.5024155463,4438782.898253852,0.030083594544803055,0
actual,1745426279.9275587,394655.50163583853,4438782.900110411,0.03000877227976997,0
actual,1745426280.0276358,394655.5014430753,4438782.900089846,0.030007969428314095,0
actual,1745426280.127528,394655.5011997315,4438782.9001227645,0.029993448288937456,0
actual,1745426280.2276003,394655.5009202286,4438782.90013015,0.030006765151130283,0
actual,1745426280.3276281,394655.50058624684,4438782.9000092745,0.030039926406918036,0
actual,1745426280.427591,394655.50410506065,4438782.900760699,0.03000170369629938,0
actual,1745426280.5275183,394655.50412555505,4438782.900810222,0.029995315791237088,0
actual,1745426280.627602,394655.5040896545,4438782.900786423,0.029973342095954647,0
actual,1745426280.7275221,394655.50398576073,4438782.900708191,0.02999051613579407,0
actual,1745426280.827545,394655.5038561935,4438782.900537306,0.0300485832400079,0
actual,1745426280.9276106,394655.5005994141,4438782.901155373,0.030039926406918036,0
actual,1745426281.0275986,394655.50030724594,4438782.90108079,0.030006363725402347,0
actual,1745426281.127535,394655.4999378707,4438782.900891495,0.030033538501855743,0
actual,1745426281.2274685,394655.4994638604,4438782.900690382,0.030037919278278348,0
actual,1745426281.327535,394655.4988193432,4438782.900446881,0.03004657611136821,0
actual,1745426281.4275312,394655.50071528496,4438782.901037263,0.03000823122770198,0
actual,1745426281.527529,394655.500315014,4438782.900842425,0.030042858560061423,0
actual,1745426281.6274471,394655.49983475124,4438782.900684024,0.030050834714742992,0
actual,1745426281.7275987,394655.4992967114,4438782.900471655,0.03008013879288415,0
actual,1745426281.8275914,394655.49872164644,4438782.900175626,0.03010890181895682,0
actual,1745426281.9275653,394655.49816278246,4438782.899859936,0.03013352841470254,0
actual,1745426282.0276523,394655.498420023,4438782.900073433,0.03000170369629938,0
actual,1745426282.1275377,394655.4984092149,4438782.899892318,0.03003592960293114,0
actual,1745426282.2275348,394655.49854664435,4438782.899694508,0.030030868148100236,0
actual,1745426282.3275363,394655.49872546596,4438782.899402334,0.03005270221704262,0
actual,1745426282.4275298,394655.49904827087,4438782.899087315,0.03009239100423297,0
actual,1745426282.5276058,394655.4977354426,4438782.901050849,0.030029402071528544,0
actual,1745426282.6276288,394655.4978658452,4438782.900993364,0.030046314311980328,0
actual,1745426282.7275608,394655.4977738147,4438782.900860278,0.03011076932125645,0
actual,1745426282.8276024,394655.49767315615,4438782.900789497,0.030063627978160302,0
actual,1745426282.9274635,394655.49827181554,4438782.900716138,0.02995789593207431,0
actual,1745426283.027593,394655.4980360108,4438782.900573861,0.029983203206228323,0
actual,1745426283.127514,394655.4977514981,4438782.900402329,0.02995803555841461,0
actual,1745426283.2275245,394655.49747462507,4438782.900159578,0.029986658958147228,0
actual,1745426283.3276057,394655.4972142804,4438782.899974691,0.029957773759026727,0
actual,1745426283.4276636,394655.4982985432,4438782.900871323,0.03000903407915785,0
actual,1745426283.5275354,394655.4982654009,4438782.900780359,0.030015683783608027,0
actual,1745426283.627558,394655.4981829863,4438782.900671291,0.03005123614047093,0
actual,1745426283.7275236,394655.4980712203,4438782.900554161,0.03004205570860555,0
actual,1745426283.8276181,394655.4978566306,4438782.900365856,0.030080941644340026,0
actual,1745426283.927555,394655.4970649047,4438782.900354268,0.030050974341083295,0
actual,1745426284.0275226,394655.4968231733,4438782.90018781,0.030060835451356967,0
actual,1745426284.1275964,394655.49654768565,4438782.900050243,0.030053906494226682,0
actual,1745426284.2278588,394655.4963080957,4438782.899819304,0.03008200629518378,0
actual,1745426284.3277712,394655.49605418934,4438782.899513179,0.030146182051779546,0
actual,1745426284.4275794,394655.4967967509,4438782.900969374,0.03005310364277056,0
actual,1745426284.5275526,394655.49696059915,4438782.900959414,0.03004685536404857,0
actual,1745426284.627533,394655.49718851165,4438782.900820483,0.030085462047102687,0
actual,1745426284.7275496,394655.497279884,4438782.900835301,0.03006242370097624,0
actual,1745426284.82754,394655.4972918523,4438782.900816033,0.030103299312057925,0
actual,1745426284.9276016,394655.4977405653,4438782.901043627,0.030041916082265495,0
actual,1745426285.0275927,394655.4974927231,4438782.900864331,0.03007401268720949,0
actual,1745426285.127559,394655.4970865157,4438782.900681232,0.03012900801193988,0
actual,1745426285.227628,394655.49660545855,4438782.900473228,0.030111170746984637,0
actual,1745426285.3275433,394655.4960588352,4438782.900193092,0.030163356091619214,0
actual,1745426285.4275577,394655.4996305496,4438782.90145809,0.02998426785707208,0
actual,1745426285.527556,394655.4996594783,4438782.901341257,0.030078410916924574,0
actual,1745426285.6275873,394655.4997015206,4438782.901204439,0.030129531610715393,0
actual,1745426285.7275808,394655.49979105854,4438782.901053641,0.03016295466589128,0
actual,1745426285.827515,394655.49983941374,4438782.900910863,0.03018733691554159,0
actual,1745426285.9275742,394655.4980296762,4438782.901493663,0.02999304686320952,0
actual,1745426286.0275183,394655.4978151025,4438782.901398176,0.030011686979620884,0
actual,1745426286.1275442,394655.49748959916,4438782.901237173,0.030025544893881703,0
actual,1745426286.2275405,394655.497100285,4438782.901054346,0.030040066033258338,0
actual,1745426286.32757,394655.4967071832,4438782.900867627,0.0300396646075304,0
actual,1745426286.4275284,394655.49815993186,4438782.900912455,0.0299874618096031,0
actual,1745426286.527642,394655.49805576203,4438782.900743149,0.030003047599823494,0
actual,1745426286.6276047,394655.4979319245,4438782.900485514,0.030059369374785275,0
actual,1745426286.7275734,394655.4977617702,4438782.900253165,0.030071220160406406,0
actual,1745426286.8275645,394655.49758303247,4438782.900025354,0.03004884503939578,0
actual,1745426286.9275608,394655.49898245255,4438782.899710068,0.029982801780500383,0
actual,1745426287.0276644,394655.49890750565,4438782.899607495,0.02996255596117727,0
actual,1745426287.12752,394655.4987602637,4438782.899463794,0.029974808172526093,0
actual,1745426287.2275946,394655.49858232983,4438782.899335069,0.029975069971913976,0
actual,1745426287.3275216,394655.4983351544,4438782.899182453,0.02999371008832534,0
actual,1745426287.4275448,394655.4990599857,4438782.900256995,0.02998945148495056,0
actual,1745426287.5276291,394655.49895811884,4438782.90025423,0.030001302270571444,0
actual,1745426287.6276338,394655.4988211124,4438782.900181956,0.03002301416646625,0
actual,1745426287.7275646,394655.49863265455,4438782.900097205,0.030055773996526314,0
actual,1745426287.827653,394655.4984427119,4438782.900001861,0.030066298331915806,0
actual,1745426287.927615,394655.498194112,4438782.89984564,0.030087067750014435,0
actual,1745426288.02767,394655.4988042486,4438782.90030967,0.029995176164897032,0
actual,1745426288.1275744,394655.4986175541,4438782.900231993,0.029991580786637825,0
actual,1745426288.2275496,394655.4983856891,4438782.90009455,0.03000969730427367,0
actual,1745426288.3275213,394655.4981509398,4438782.899894959,0.03005298146972298,0
actual,1745426288.4275439,394655.49782540475,4438782.899810921,0.030029402071528544,0
actual,1745426288.527509,394655.4977206476,4438782.89972895,0.02999371008832534,0
actual,1745426288.6275222,394655.4974949409,4438782.899572232,0.030016347008723597,0
actual,1745426288.7275465,394655.49720050115,4438782.8994175345,0.030022089141962797,0
actual,1745426288.8275845,394655.49686880474,4438782.89925909,0.030025544893881703,0
actual,1745426288.9275098,394655.4983647753,4438782.900558824,0.030004234423714832,0
actual,1745426289.027584,394655.4983450918,4438782.900501071,0.030019279161866988,0
actual,1745426289.1275713,394655.498294627,4438782.900457563,0.030026347745337575,0
actual,1745426289.2275171,394655.4981912539,4438782.900380271,0.030066821930691323,0
actual,1745426289.3275962,394655.4980840789,4438782.9003192205,0.030079597740815908,0
actual,1745426289.4275298,394655.4996578586,4438782.900112116,0.030018615936751168,0
actual,1745426289.5275307,394655.4997190591,4438782.8999746265,0.03004938609146402,0
actual,1745426289.6275089,394655.49975959695,4438782.899800807,0.03007455373927773,0
actual,1745426289.7274864,394655.49971496395,4438782.899655264,0.030087992774518138,0
actual,1745426289.8275878,394655.49957110017,4438782.899466289,0.03009239100423297,0
actual,1745426289.9276276,394655.4977798618,4438782.900961748,0.02998999253701855,0
actual,1745426290.0276225,394655.49750236253,4438782.900986243,0.029968821693191986,0
actual,1745426290.1275434,394655.4970893932,4438782.900959096,0.029993849714665392,0
actual,1745426290.227503,394655.49664194236,4438782.900873966,0.030033538501855743,0
actual,1745426290.327547,394655.496163598,4438782.900750825,0.030056699021029767,0
actual,1745426290.4275076,394655.4984000573,4438782.900588692,0.02999479219246157,0
actual,1745426290.5275302,394655.4984240627,4438782.900520368,0.029978944602853542,0
actual,1745426290.627624,394655.4984375298,4438782.900407387,0.02999971402095217,0
actual,1745426290.7275422,394655.4984540837,4438782.9002608005,0.030048705413055724,0
actual,1745426290.8275867,394655.49847971066,4438782.900150616,0.03003112994748812,0
actual,1745426290.9275756,394655.4978532394,4438782.901089013,0.03005629759530183,0
actual,1745426291.0276718,394655.4978654474,4438782.901021572,0.03006909085871889,0
actual,1745426291.1275556,394655.4978845387,4438782.900934886,0.03009106455400158,0
actual,1745426291.2275152,394655.4978370714,4438782.900793416,0.03013087551423951,0
actual,1745426291.3275638,394655.4977313458,4438782.90066703,0.03012115403030589,0
actual,1745426291.4278247,394655.4990266716,4438782.901751173,0.029998911169496295,0
actual,1745426291.5275512,394655.4990103087,4438782.901776975,0.030017289486519775,0
actual,1745426291.6275585,394655.4989068836,4438782.901773237,0.030044726062361055,0
actual,1745426291.7275288,394655.49861512275,4438782.901864218,0.029994111514053276,0
actual,1745426291.8276124,394655.4980632677,4438782.901855097,0.03002235094135043,0
actual,1745426291.9275558,394655.50055183703,4438782.900315544,0.030047920014892326,0
actual,1745426292.02754,394655.50056919525,4438782.90017532,0.030092251377892915,0
actual,1745426292.127629,394655.50079097477,4438782.899737122,0.030223674670568135,0
actual,1745426292.2275953,394655.50124336436,4438782.899617358,0.03018452693544578,0
actual,1745426292.3275685,394655.50176941487,4438782.8993930565,0.03024086616370028,0
actual,1745426292.4275954,394655.50234663783,4438782.8989686025,0.030255247676736617,0
actual,1745426292.5275638,394655.50112838036,4438782.899873089,0.030073087662706038,0
actual,1745426292.6275282,394655.5011548492,4438782.899789069,0.030086526697946443,0
actual,1745426292.7275133,394655.50108792045,4438782.899559057,0.030107034316657188,0
actual,1745426292.827538,394655.50085687434,4438782.899350554,0.030173077575552834,0
actual,1745426292.9276345,394655.50336586474,4438782.900581546,0.029981196077588635,0
actual,1745426293.0275638,394655.5030338025,4438782.900471804,0.030024619869378245,0
actual,1745426293.1275399,394655.50243644795,4438782.900464185,0.030062161901588606,0
actual,1745426293.2275164,394655.5016197302,4438782.900459751,0.03008945885108983,0
actual,1745426293.3274279,394655.5006575654,4438782.90034391,0.030105830039473376,0
actual,1745426293.4275613,394655.504452832,4438782.900310203,0.030109303244685005,0
actual,1745426293.5275228,394655.5042851578,4438782.900151119,0.03015377423402565,0
actual,1745426293.6275544,394655.5041833238,4438782.899956227,0.03016442074246297,0
actual,1745426293.7275302,394655.50412739295,4438782.899728998,0.030209432783871858,0
actual,1745426293.827576,394655.50413335295,4438782.89950533,0.030196255548019333,0
actual,1745426293.9275932,394655.5057261096,4438782.900676516,0.03000276834714314,0
actual,1745426294.027557,394655.50577896275,4438782.900699928,0.029998911169496295,0
actual,1745426294.1275256,394655.5057540455,4438782.900696998,0.03001887773613905,0
actual,1745426294.2275314,394655.50564982323,4438782.900676718,0.030053243269110862,0
actual,1745426294.3275065,394655.50546625257,4438782.90066352,0.030054046120566738,0
actual,1745426294.4275436,394655.5036562241,4438782.900503058,0.029966029166388655,0
actual,1745426294.5275252,394655.5034066518,4438782.90042293,0.02999304686320952,0
actual,1745426294.627578,394655.50310996315,4438782.900304055,0.029995717216965024,0
actual,1745426294.727635,394655.5027682076,4438782.900149181,0.030019279161866988,0
actual,1745426294.8275745,394655.5023783548,4438782.900071163,0.029995176164897032,0
actual,1745426294.9275467,394655.5039244918,4438782.900713403,0.029953113729924014,0
actual,1745426295.0275612,394655.5038251034,4438782.9006529255,0.02996389986470114,0
actual,1745426295.127521,394655.5036062776,4438782.90041191,0.0300585665233294,0
actual,1745426295.2275963,394655.5033483543,4438782.900352197,0.030016486635063903,0
actual,1745426295.3275447,394655.503019947,4438782.900221402,0.030055773996526314,0
actual,1745426295.42757,394655.50334878697,4438782.900978926,0.029995717216965024,0
actual,1745426295.5276365,394655.50324442034,4438782.900843476,0.030038983929122107,0
actual,1745426295.627554,394655.5032707427,4438782.900744851,0.03004884503939578,0
actual,1745426295.7274928,394655.5033153243,4438782.900603261,0.03006656013130344,0
actual,1745426295.8275661,394655.5032269744,4438782.900439417,0.030087853148177832,0
actual,1745426295.927567,394655.50288706174,4438782.900266339,0.030084798821986867,0
actual,1745426296.0275126,394655.50216800877,4438782.900968809,0.02999850974376836,0
actual,1745426296.12758,394655.50139352516,4438782.900953562,0.02995004195044032,0
actual,1745426296.2275403,394655.50053912203,4438782.900852684,0.029974144947410523,0
actual,1745426296.3275332,394655.4997506723,4438782.900743587,0.029968158468076166,0
actual,1745426296.4276066,394655.49906920944,4438782.900580646,0.030011966232301242,0
actual,1745426296.5275183,394655.5024290353,4438782.900050324,0.029981196077588635,0
actual,1745426296.6275206,394655.5028268895,4438782.899859297,0.029968943866239564,0
actual,1745426296.7276766,394655.50340805575,4438782.899604364,0.030043521785177243,0
actual,1745426296.827685,394655.5040551162,4438782.899388645,0.030022874540126195,0
actual,1745426296.9277244,394655.50444171083,4438782.899039512,0.030081343070067962,0
actual,1745426297.0276294,394655.5004901095,4438782.900294386,0.0300346031526995,0
actual,1745426297.1275575,394655.4997383988,4438782.9001527075,0.030026469918385156,0
actual,1745426297.2276318,394655.49891516904,4438782.899946495,0.030102513913894527,0
actual,1745426297.327582,394655.49811850046,4438782.899941807,0.030042980733109004,0
actual,1745426297.4274852,394655.4973710045,4438782.89968719,0.030097312832723818,0
actual,1745426297.527553,394655.50184162613,4438782.900686967,0.02999917296888418,0
actual,1745426297.6275144,394655.5020199743,4438782.900494225,0.030029541697868846,0
actual,1745426297.7275863,394655.50208136113,4438782.900258737,0.030076403788284887,0
actual,1745426297.8275921,394655.50211107533,4438782.900065703,0.03003472532574708,0
actual,1745426297.927548,394655.5018163103,4438782.901488063,0.03010117001037066,0
actual,1745426298.0276716,394655.50158628554,4438782.901501664,0.030068689432990955,0
actual,1745426298.1275573,394655.50128237234,4438782.901424544,0.03010904144529712,0
actual,1745426298.2275512,394655.5009696482,4438782.901354486,0.03009984356013902,0
actual,1745426298.3275633,394655.5006727965,4438782.901195143,0.030125814059408854,0
actual,1745426298.427528,394655.5035578009,4438782.900440455,0.030032735650399867,0
actual,1745426298.5275986,394655.503529508,4438782.9002358485,0.030040066033258338,0
actual,1745426298.6279461,394655.5034982282,4438782.900011446,0.030087067750014435,0
actual,1745426298.7277222,394655.5034904141,4438782.8997623995,0.030075077338053247,0
actual,1745426298.8277233,394655.5034092902,4438782.899368568,0.030117820451434563,0
actual,1745426298.927535,394655.50252852397,4438782.900051491,0.02995389912808741,0
actual,1745426299.0276673,394655.5024077097,4438782.900062231,0.029924350703851094,0
actual,1745426299.1275527,394655.50213313353,4438782.899984178,0.029943112993310036,0
actual,1745426299.2275167,394655.50172821025,4438782.899853612,0.02994445689683415,0
actual,1745426299.327579,394655.5012577636,4438782.899727549,0.029977740325669484,0
actual,1745426299.4275851,394655.5036127603,4438782.90057488,0.029946586198521415,0
actual,1745426299.52754,394655.5034779981,4438782.900456372,0.029969886344035496,0
actual,1745426299.6275682,394655.5033238772,4438782.900326443,0.029957773759026727,0
actual,1745426299.7275324,394655.5031611655,4438782.900185695,0.029997986144992595,0
actual,1745426299.82754,394655.5030302913,4438782.899998028,0.029988264661058976,0
actual,1745426299.9275255,394655.5028981795,4438782.899743769,0.03000716657685822,0
actual,1745426300.0275373,394655.50387667667,4438782.901319336,0.02996522631493278,0
actual,1745426300.1276145,394655.5038302305,4438782.901254415,0.029993989341005698,0
actual,1745426300.227569,394655.50371520367,4438782.901158984,0.03000756800258616,0
actual,1745426300.3276224,394655.50356288033,4438782.901168515,0.030011303007185422,0
actual,1745426300.4276185,394655.5045726901,4438782.899898734,0.029975872823369852,0
actual,1745426300.5275934,394655.5046590449,4438782.899508588,0.02999051613579407,0
actual,1745426300.6275358,394655.50481767417,4438782.899253283,0.02998266215416008,0
actual,1745426300.7275126,394655.5048900074,4438782.898910127,0.02998133570392869,0
actual,1745426300.8275738,394655.5047651205,4438782.8984087035,0.03005071254169541,0
actual,1745426300.9276335,394655.50392400357,4438782.900359622,0.030021286290506922,0
actual,1745426301.0275493,394655.50361409504,4438782.900338883,0.030059631174173155,0
actual,1745426301.1276205,394655.5034225029,4438782.9002382485,0.03006589690618787,0
actual,1745426301.227557,394655.5033257827,4438782.9000607915,0.030117419025706627,0
actual,1745426301.3275294,394655.5032820448,4438782.899952579,0.030115952949134932,0
actual,1745426301.4275591,394655.5049534765,4438782.899667071,0.03004898466573608,0
actual,1745426301.5275137,394655.50487970014,4438782.899566469,0.030038460330346343,0
actual,1745426301.6275725,394655.5046576615,4438782.899470926,0.03006722335641926,0
actual,1745426301.727554,394655.5043303682,4438782.899379952,0.030059631174173155,0
actual,1745426301.827554,394655.5039543974,4438782.899260517,0.03006895123237884,0
actual,1745426301.9276206,394655.50665355724,4438782.90075286,0.0300214084635545,0
actual,1745426302.027558,394655.5067553985,4438782.90077018,0.029991580786637825,0
actual,1745426302.1275415,394655.5068074643,4438782.900754261,0.030038058904618404,0
actual,1745426302.2275538,394655.5068078646,4438782.900752701,0.030045912886252392,0
actual,1745426302.3275318,394655.5067385478,4438782.900706526,0.030106632890929252,0
actual,1745426302.4275618,394655.5066412714,4438782.900693286,0.030113160422331847,0
actual,1745426302.527526,394655.5052343691,4438782.9017170975,0.03005922974844522,0
actual,1745426302.62756,394655.5049817246,4438782.901702236,0.030091448526437043,0
actual,1745426302.7276142,394655.50470889104,4438782.901642334,0.03012141582969377,0
actual,1745426302.8276982,394655.50439546676,4438782.901560219,0.030183340111554442,0
actual,1745426302.9275463,394655.50597701804,4438782.902026503,0.030068148380922963,0
actual,1745426303.0275307,394655.50593122916,4438782.901991246,0.030074414112937427,0
actual,1745426303.1275094,394655.5057860822,4438782.901970149,0.030078672716312455,0
actual,1745426303.227526,394655.5055834861,4438782.9019535165,0.030086526697946443,0
actual,1745426303.3275473,394655.5053477492,4438782.901868039,0.030130997687287088,0
actual,1745426303.42754,394655.50555707613,4438782.90170314,0.030021687716234858,0
actual,1745426303.5275643,394655.50544996967,4438782.901625552,0.03002235094135043,0
actual,1745426303.6274722,394655.5052934363,4438782.9015453635,0.03003978678057798,0
actual,1745426303.7275171,394655.5051115912,4438782.901404721,0.030054569719342252,0
actual,1745426303.8274448,394655.5049092064,4438782.901184207,0.030083070946027538,0
actual,1745426303.9275577,394655.50445655594,4438782.901173061,0.030019017362479354,0
actual,1745426304.0275156,394655.50432553806,4438782.901079837,0.02999624081574079,0
actual,1745426304.1276364,394655.50415236945,4438782.900917463,0.03001887773613905,0
actual,1745426304.227583,394655.5039243604,4438782.90073432,0.0300585665233294,0
actual,1745426304.3275557,394655.50363585434,4438782.900549723,0.030111572172712573,0
actual,1745426304.4275997,394655.50529624254,4438782.901288405,0.03004151465653756,0
actual,1745426304.5275354,394655.505264543,4438782.9011921305,0.03007694484035288,0
actual,1745426304.6274364,394655.5052347316,4438782.901096849,0.030107173942997494,0
actual,1745426304.72752,394655.5051165521,4438782.901003261,0.030120892230918257,0
actual,1745426304.827526,394655.5048871947,4438782.900859235,0.030176812580152094,0
actual,1745426304.9276164,394655.5040918,4438782.90105665,0.029991860039318183,0
actual,1745426305.0275707,394655.50392989285,4438782.90098099,0.03000955767793337,0
actual,1745426305.1275327,394655.503779656,4438782.900842287,0.03002180988928244,0
actual,1745426305.22757,394655.50360332703,4438782.900680266,0.030017690912247715,0
actual,1745426305.3275356,394655.50337083323,4438782.900465393,0.03004139248348973,0
actual,1745426305.4275618,394655.5041336445,4438782.902144011,0.030033259249175385,0
actual,1745426305.5275412,394655.5040487443,4438782.902170149,0.03004018820630592,0
actual,1745426305.6275318,394655.50396512565,4438782.902150012,0.03003753530584289,0
actual,1745426305.7276065,394655.50384481845,4438782.90210597,0.030023537765242015,0
actual,1745426305.8276677,394655.50367876684,4438782.902060086,0.030045912886252392,0
actual,1745426305.9275324,394655.50437762734,4438782.9007927235,0.0299923836380937,0
actual,1745426306.0275793,394655.5043092024,4438782.900594622,0.03002594631960964,0
actual,1745426306.1275604,394655.5042570792,4438782.900341485,0.030074815538665367,0
actual,1745426306.227575,394655.50422016124,4438782.900105863,0.030075880189509123,0
actual,1745426306.3275378,394655.5040813805,4438782.899771735,0.030147246702623302,0
actual,1745426306.4275086,394655.5045947101,4438782.900710809,0.030023415592194187,0
actual,1745426306.5276124,394655.5044498115,4438782.900598199,0.030057100446757704,0
actual,1745426306.6276321,394655.50426525227,4438782.900446782,0.030102636086942355,0
actual,1745426306.7275746,394655.5040682594,4438782.900262459,0.030147246702623302,0
actual,1745426306.8275847,394655.5038504439,4438782.900081366,0.030163233918571637,0
actual,1745426306.927513,394655.5040627213,4438782.900927666,0.02999545541757739,0
actual,1745426307.0275285,394655.5039184104,4438782.900870943,0.03000969730427367,0
actual,1745426307.1275156,394655.50378138706,4438782.900731788,0.03003366067490357,0
actual,1745426307.227602,394655.5035835204,4438782.9005829645,0.030062563327316542,0
actual,1745426307.3276854,394655.50333174574,4438782.900476265,0.030056437221641884,0
actual,1745426307.427606,394655.5059973187,4438782.901049936,0.0299923836380937,0
actual,1745426307.5275187,394655.50604547095,4438782.900984062,0.03001208840534882,0
actual,1745426307.627613,394655.50597602135,4438782.900963389,0.030018493763703587,0
actual,1745426307.727593,394655.50586972083,4438782.900921408,0.03003179317260394,0
actual,1745426307.8276215,394655.5057300209,4438782.900866068,0.030038058904618404,0
actual,1745426307.9275944,394655.5053305653,4438782.901745739,0.03000624155235452,0
actual,1745426308.0275536,394655.50516964233,4438782.901843752,0.030015020558492207,0
actual,1745426308.1276112,394655.50496781204,4438782.9018637305,0.030061620849520364,0
actual,1745426308.2275903,394655.50469211605,4438782.901943767,0.030088655999633708,0
actual,1745426308.3275952,394655.50438894925,4438782.902018289,0.03010956504407264,0
actual,1745426308.4274893,394655.5055598117,4438782.901892162,0.030000115446680107,0
actual,1745426308.5275307,394655.50546521397,4438782.901895343,0.030009156252205432,0
actual,1745426308.6276145,394655.5053092399,4438782.901954179,0.02998679858448753,0
actual,1745426308.727547,394655.50506080023,4438782.901996343,0.029982539981112503,0
actual,1745426308.8276374,394655.50477438554,4438782.901954551,0.02999838757072078,0
actual,1745426308.9275455,394655.5040062065,4438782.903318742,0.03000877227976997,0
actual,1745426309.0278997,394655.50385602494,4438782.90346167,0.03002528309449382,0
actual,1745426309.1278028,394655.50365263276,4438782.903561925,0.03006135905013273,0
actual,1745426309.2276182,394655.503384782,4438782.903611458,0.0300875913487902,0
actual,1745426309.327535,394655.5030729603,4438782.90367749,0.03010476538862962,0
actual,1745426309.427556,394655.5053289775,4438782.903523,0.029988386834106803,0
actual,1745426309.5275073,394655.50533106143,4438782.903455163,0.030006642978082705,0
actual,1745426309.6275558,394655.5053435528,4438782.903429198,0.03000782980197404,0
actual,1745426309.7275648,394655.50529512967,4438782.903362203,0.030040589632033855,0
actual,1745426309.8276024,394655.5052125371,4438782.903230017,0.030081604869455845,0
actual,1745426309.9275787,394655.5046934383,4438782.903211154,0.030049106838783663,0
actual,1745426310.0276372,394655.5045149698,4438782.903177935,0.030075478763781183,0
actual,1745426310.127552,394655.5043338471,4438782.903095766,0.030079335941428274,0
actual,1745426310.2275863,394655.5041547663,4438782.902938915,0.03011928652800626,0
actual,1745426310.3275611,394655.50390297105,4438782.902766943,0.030130997687287088,0
actual,1745426310.4275916,394655.50359951996,4438782.90256677,0.030139654520377198,0
actual,1745426310.5275114,394655.505647802,4438782.903445709,0.03001461913276427,0
actual,1745426310.6276526,394655.5055596011,4438782.903363087,0.030032194598331875,0
actual,1745426310.7276025,394655.50543522125,4438782.903284342,0.030032875276740173,0
actual,1745426310.8275526,394655.50526122935,4438782.903211375,0.0300436614115173,0
actual,1745426310.9275596,394655.5050523147,4438782.9028403405,0.030003832997986896,0
actual,1745426311.0276,394655.50484838,4438782.9027017355,0.03002741239618133,0
actual,1745426311.127563,394655.50471292203,4438782.902604832,0.030034463526359446,0
actual,1745426311.2275681,394655.50461172813,4438782.902479356,0.030031409200168478,0
actual,1745426311.3275185,394655.5044764979,4438782.902254304,0.030065355854119628,0
actual,1745426311.4276106,394655.5065820451,4438782.90245436,0.02998932931190273,0
actual,1745426311.5276291,394655.50649521936,4438782.902310114,0.0300594915478331,0
actual,1745426311.6275754,394655.5063577686,4438782.90216994,0.03007628161523706,0
actual,1745426311.7275224,394655.5062436173,4438782.902013454,0.030080941644340026,0
actual,1745426311.8275628,394655.50617626775,4438782.9018798815,0.030083472371755474,0
actual,1745426311.9275625,394655.5057256742,4438782.901237255,0.02997466854618604,0
actual,1745426312.0275068,394655.50565075537,4438782.90103528,0.030038722129734224,0
actual,1745426312.12758,394655.50553893845,4438782.900911986,0.0300065033517424,0
actual,1745426312.2276325,394655.5053539825,4438782.900651273,0.03004231750799343,0
actual,1745426312.3275783,394655.5051137863,4438782.900355301,0.030044446809680696,0
actual,1745426312.4276545,394655.5048416137,4438782.899997321,0.030086788497334076,0
actual,1745426312.5275667,394655.5060346046,4438782.900321291,0.030004635849442768,0
actual,1745426312.6275768,394655.5059477215,4438782.900060403,0.03007081873467847,0
actual,1745426312.7275395,394655.5058484944,4438782.899816886,0.030089720650477464,0
actual,1745426312.827572,394655.50573216483,4438782.899591843,0.030090122076205403,0
actual,1745426312.927587,394655.50622511713,4438782.902037677,0.030002244748367622,0
actual,1745426313.0276072,394655.5060932539,4438782.901925848,0.029995176164897032,0
actual,1745426313.127643,394655.50590411335,4438782.901749482,0.029994111514053276,0
actual,1745426313.2275946,394655.5056299864,4438782.901519893,0.030007428376246103,0
actual,1745426313.3275433,394655.5053566007,4438782.901238715,0.030015020558492207,0
actual,1745426313.4275851,394655.5064018371,4438782.901694175,0.029982539981112503,0
actual,1745426313.527537,394655.5063166665,4438782.901541167,0.030010901581457482,0
actual,1745426313.627519,394655.50614488317,4438782.90133835,0.030015160184832263,0
actual,1745426313.727535,394655.5059053278,4438782.901167445,0.030007428376246103,0
actual,1745426313.8276832,394655.5055924753,4438782.900892799,0.030025143468153763,0
actual,1745426313.9275723,394655.504368322,4438782.901764241,0.030002907973483442,0
actual,1745426314.0275981,394655.5041393705,4438782.901627177,0.030036994253774894,0
actual,1745426314.1275618,394655.5038646302,4438782.901455877,0.030057641498825945,0
actual,1745426314.22757,394655.5035935748,4438782.901263338,0.030062301527928662,0
actual,1745426314.3275194,394655.5032862163,4438782.9010629235,0.030080941644340026,0
actual,1745426314.4275787,394655.50442305487,4438782.900682822,0.030012891256804695,0
actual,1745426314.5275373,394655.50430541625,4438782.9004784925,0.030034463526359446,0
actual,1745426314.6275036,394655.50413937867,4438782.900287138,0.030050974341083295,0
actual,1745426314.7275417,394655.5039454783,4438782.900096958,0.030070015883222594,0
actual,1745426314.827577,394655.50371739327,4438782.8998978045,0.030068811606038533,0
actual,1745426314.9275265,394655.5044680918,4438782.900520055,0.030036331028659075,0
actual,1745426315.0276453,394655.504316418,4438782.900507007,0.029986920757535108,0
actual,1745426315.1275187,394655.5041055712,4438782.900274861,0.030036854627434592,0
actual,1745426315.227535,394655.5039909028,4438782.900025257,0.030090383875593284,0
actual,1745426315.3275788,394655.5040587794,4438782.899787241,0.030109425417732583,0
actual,1745426315.4275296,394655.50487883214,4438782.901482607,0.02999905079583635,0
actual,1745426315.5275877,394655.50504136103,4438782.901555934,0.029995176164897032,0
actual,1745426315.627572,394655.5050764334,4438782.901474129,0.030038861756074526,0
actual,1745426315.7275987,394655.50500716333,4438782.901408754,0.030054971145070192,0
actual,1745426315.8275533,394655.50487126684,4438782.901371476,0.030082809146639657,0
actual,1745426315.9275198,394655.50330444536,4438782.901323466,0.030099040708683147,0
actual,1745426316.0275285,394655.5028775111,4438782.901204269,0.030137926644417622,0
actual,1745426316.1275344,394655.50245879416,4438782.901137263,0.030117419025706627,0
actual,1745426316.2275531,394655.5019366066,4438782.900979614,0.030164961794530962,0
actual,1745426316.327561,394655.5013609589,4438782.900824107,0.03017827865672379,0
actual,1745426316.4275548,394655.50076265086,4438782.900727551,0.03012501120795273,0
actual,1745426316.5275552,394655.5042861578,4438782.900905907,0.02997719927360149,0
actual,1745426316.6275318,394655.5042526973,4438782.900752217,0.030007026950517917,0
actual,1745426316.727512,394655.5042424257,4438782.900590431,0.02999917296888418,0
actual,1745426316.8275898,394655.504172406,4438782.900353115,0.030058967949057335,0
actual,1745426316.9275525,394655.5040634177,4438782.900123998,0.03002847704702509,0
actual,1745426317.0275545,394655.5034751207,4438782.901783759,0.030023817017922123,0
actual,1745426317.1275654,394655.5030434133,4438782.901663062,0.03005071254169541,0
actual,1745426317.2276313,394655.502642667,4438782.90149491,0.030095183531036303,0
actual,1745426317.3276513,394655.5023634059,4438782.901373771,0.03011862330289044,0
actual,1745426317.427573,394655.50215928577,4438782.901276165,0.03008399597053099,0
actual,1745426317.5275187,394655.5047634273,4438782.9008885985,0.030016486635063903,0
actual,1745426317.6275954,394655.5047119966,4438782.900689369,0.030048321440620265,0
actual,1745426317.727516,394655.5044749421,4438782.900485243,0.03003366067490357,0
actual,1745426317.8275988,394655.50405120256,4438782.900154694,0.030092251377892915,0
actual,1745426317.9275784,394655.50712392223,4438782.901213938,0.03001755128590766,0
actual,1745426318.0274332,394655.5072428717,4438782.901086153,0.030057100446757704,0
actual,1745426318.1276112,394655.5074446379,4438782.900931087,0.03009544533042394,0
actual,1745426318.2276366,394655.5077204201,4438782.900869206,0.030073209835753616,0
actual,1745426318.327523,394655.5079844394,4438782.900688254,0.030099319961363506,0
actual,1745426318.4275198,394655.5066496725,4438782.900409684,0.03000397262432695,0
actual,1745426318.5274458,394655.5064258879,4438782.900350491,0.03001528235787984,0
actual,1745426318.6275485,394655.50606307667,4438782.900263329,0.030020343812710744,0
actual,1745426318.7276323,394655.5056219116,4438782.900062615,0.030048705413055724,0
actual,1745426318.8275697,394655.5051675448,4438782.899870238,0.03008399597053099,0
actual,1745426318.927554,394655.5079842138,4438782.898979489,0.030001843322639683,0
actual,1745426319.0275218,394655.5080476175,4438782.898842473,0.029987200010215466,0
actual,1745426319.1275516,394655.50814039743,4438782.898686035,0.029942990820262454,0
actual,1745426319.2274976,394655.5081886377,4438782.898297542,0.029964685262864537,0
actual,1745426319.3275094,394655.50821107626,4438782.897763751,0.030042195334945603,0
actual,1745426319.4276297,394655.5070490546,4438782.899305395,0.029953776955039584,0
actual,1745426319.5275638,394655.5067421874,4438782.899204529,0.029994251140393332,0
actual,1745426319.6275418,394655.50641728984,4438782.899082132,0.030015421984220143,0
actual,1745426319.7275565,394655.5061759091,4438782.898991197,0.030004112250667254,0
actual,1745426319.8275473,394655.50586961186,4438782.89873858,0.03004271893372137,0
actual,1745426319.9275124,394655.5047239322,4438782.899742974,0.030025405267541647,0
actual,1745426320.027558,394655.5044242315,4438782.899807917,0.030029000645800604,0
actual,1745426320.12751,394655.5040158248,4438782.89969841,0.03007280841002568,0
actual,1745426320.2276473,394655.503577636,4438782.899595983,0.0300734716351415,0
actual,1745426320.3275933,394655.50316391053,4438782.899501525,0.030109826843460523,0
actual,1745426320.4275928,394655.5061836803,4438782.9005203955,0.030021548089894556,0
actual,1745426320.5275805,394655.50634235976,4438782.900524648,0.030045511460524456,0
actual,1745426320.6275866,394655.50651692925,4438782.900503879,0.03007881234265251,0
actual,1745426320.7275527,394655.5065816519,4438782.900441976,0.03007600236255695,0
actual,1745426320.8275492,394655.5065192155,4438782.900348003,0.030075077338053247,0
actual,1745426320.92752,394655.5063214734,4438782.900353839,0.029978543177125606,0
actual,1745426321.0276222,394655.5062252937,4438782.900265096,0.03002235094135043,0
actual,1745426321.1275568,394655.50614611886,4438782.900151785,0.0300304667223723,0
actual,1745426321.2275643,394655.50597966905,4438782.899978939,0.030033137076127807,0
actual,1745426321.3275387,394655.5056417319,4438782.8997677,0.0300866663242865,0
actual,1745426321.4275682,394655.5051231072,4438782.899592284,0.0301231437056531,0
actual,1745426321.5275378,394655.5060015475,4438782.901823035,0.03002660954472546,0
actual,1745426321.627506,394655.5059004503,4438782.901895343,0.030033800301243627,0
actual,1745426321.727455,394655.50599478395,4438782.901905085,0.030075077338053247,0
actual,1745426321.8275359,394655.5061330232,4438782.901920632,0.030058828322717283,0
actual,1745426321.9275403,394655.50628079334,4438782.901972359,0.030086788497334076,0
actual,1745426322.027616,394655.5043958146,4438782.902539395,0.030004635849442768,0
actual,1745426322.1275609,394655.50434450613,4438782.902547906,0.030057641498825945,0
actual,1745426322.2275321,394655.50410837494,4438782.902607461,0.030058304723941515,0
actual,1745426322.3275433,394655.5036929969,4438782.9025734095,0.030094118880192547,0
actual,1745426322.427516,394655.50309445825,4438782.902464625,0.03013593696907041,0
actual,1745426322.5275443,394655.5060822852,4438782.902083663,0.030081203443727906,0
actual,1745426322.6275356,394655.5058625748,4438782.901957935,0.030109826843460523,0
actual,1745426322.7275636,394655.5056658112,4438782.901837829,0.030055773996526314,0
actual,1745426322.8276079,394655.5053336727,4438782.901654118,0.03009132635338946,0
actual,1745426322.927591,394655.5031682534,4438782.902073746,0.030012629457416812,0
actual,1745426323.0275784,394655.50304762414,4438782.901907128,0.030043923210905182,0
actual,1745426323.1275444,394655.5033140554,4438782.901725516,0.030053906494226682,0
actual,1745426323.2275038,394655.50375196274,4438782.901543306,0.030068689432990955,0
actual,1745426323.3275173,394655.50421501696,4438782.901306931,0.030097714258451754,0
actual,1745426323.4275556,394655.5045523546,4438782.901146305,0.03001009873000161,0
actual,1745426323.527565,394655.5044107091,4438782.900918365,0.03002301416646625,0
actual,1745426323.6275318,394655.50388747937,4438782.900740904,0.030019279161866988,0
actual,1745426323.7275465,394655.50299994415,4438782.90052231,0.03003366067490357,0
actual,1745426323.8275192,394655.5018865695,4438782.900292675,0.030030065296644363,0
actual,1745426323.9275272,394655.50548706966,4438782.901828912,0.03000624155235452,0
actual,1745426324.0275292,394655.50545027724,4438782.901803226,0.03004898466573608,0
actual,1745426324.1275117,394655.505605405,4438782.901754139,0.030099983186479325,0
actual,1745426324.2275913,394655.50605549465,4438782.901705328,0.030097714258451754,0
actual,1745426324.3275447,394655.5066019661,4438782.90156383,0.03012049080519007,0
actual,1745426324.4275522,394655.5041066945,4438782.901498411,0.03000517690151101,0
actual,1745426324.5275242,394655.50388687896,4438782.901297028,0.030026871344113092,0
actual,1745426324.6274552,394655.5035508339,4438782.901208627,0.030026469918385156,0
actual,1745426324.727508,394655.5030242211,4438782.901241136,0.030024078817310007,0
actual,1745426324.827589,394655.50241357466,4438782.90099253,0.030105830039473376,0
actual,1745426324.927534,394655.50468807726,4438782.903033581,0.030004496223102715,0
actual,1745426325.027568,394655.5045610449,4438782.9031775,0.030069614457494655,0
actual,1745426325.1275573,394655.5044094072,4438782.90328768,0.030057362246145587,0
actual,1745426325.2275298,394655.5042287813,4438782.903377056,0.030092129204845337,0
actual,1745426325.3275385,394655.5040049226,4438782.903488824,0.030112357570875974,0
actual,1745426325.4275277,394655.505336235,4438782.901644054,0.03000264617409556,0
actual,1745426325.5275517,394655.50548819953,4438782.901473545,0.029974406746798157,0
actual,1745426325.6275249,394655.50563861575,4438782.901256933,0.029999574394612115,0
actual,1745426325.7275088,394655.50579219393,4438782.900991833,0.030035789976590836,0
actual,1745426325.8275487,394655.5059102893,4438782.900675144,0.030070679108338164,0
actual,1745426325.927522,394655.50538646197,4438782.900873098,0.02996908349257962,0
actual,1745426326.0275264,394655.5052758105,4438782.900772708,0.029964964515544895,0
actual,1745426326.1275141,394655.5050463978,4438782.900613066,0.03000584012662658,0
actual,1745426326.227524,394655.5047302404,4438782.900492256,0.030005037275170707,0
actual,1745426326.327562,394655.504264979,4438782.900333961,0.030016486635063903,0
actual,1745426326.427559,394655.5058736711,4438782.900622021,0.030024218443650063,0
actual,1745426326.5275433,394655.5057367568,4438782.900529518,0.030025684520221755,0
actual,1745426326.627572,394655.5056199101,4438782.900429737,0.030021687716234858,0
actual,1745426326.7276938,394655.50546209846,4438782.900312975,0.030036994253774894,0
actual,1745426326.8275898,394655.50527329557,4438782.9000933,0.03002528309449382,0
actual,1745426326.927525,394655.50650577585,4438782.900947215,0.030026068492657217,0
actual,1745426327.0275195,394655.5064828069,4438782.900880266,0.03004685536404857,0
actual,1745426327.1275113,394655.5064665557,4438782.900753888,0.030057501872485643,0
actual,1745426327.2275164,394655.5064617617,4438782.900645948,0.030090383875593284,0
actual,1745426327.327509,394655.5064397927,4438782.900574451,0.03006722335641926,0
actual,1745426327.4274764,394655.50682851026,4438782.901594686,0.030012489831076756,0
actual,1745426327.5275216,394655.50664271385,4438782.901534261,0.03004924646512372,0
actual,1745426327.627573,394655.50638045,4438782.901463895,0.030098255310519746,0
actual,1745426327.7275207,394655.5060737411,4438782.901425564,0.03008879562597401,0
actual,1745426327.8276196,394655.5057182467,4438782.901275255,0.030127541935368183,0
actual,1745426327.927549,394655.50646811124,4438782.900488573,0.030045511460524456,0
actual,1745426328.0275404,394655.506459943,4438782.900295556,0.030074414112937427,0
actual,1745426328.1275122,394655.50651616044,4438782.900110302,0.030071481959794286,0
actual,1745426328.2276373,394655.5065716391,4438782.8999230135,0.0300866663242865,0
actual,1745426328.3275516,394655.5066470436,4438782.899728084,0.030057641498825945,0
actual,1745426328.427574,394655.5079154374,4438782.9014780205,0.030009156252205432,0
actual,1745426328.5275252,394655.507965542,4438782.901558378,0.029985733933643774,0
actual,1745426328.627606,394655.5078954265,4438782.901613055,0.029979346028581478,0
actual,1745426328.7275712,394655.50767845,4438782.90154599,0.03003472532574708,0
actual,1745426328.8275173,394655.50746925053,4438782.901543525,0.030022874540126195,0
actual,1745426328.92751,394655.50772842125,4438782.90127991,0.030053906494226682,0
actual,1745426329.0275674,394655.5076275542,4438782.90123464,0.030073087662706038,0
actual,1745426329.1275513,394655.5073842757,4438782.90116296,0.030120892230918257,0
actual,1745426329.22756,394655.50681913015,4438782.901013127,0.030173740800668404,0
actual,1745426329.3275292,394655.50574169646,4438782.900852594,0.0301844047623982,0
actual,1745426329.4275572,394655.50962263375,4438782.900864379,0.029995053991849454,0
actual,1745426329.5275087,394655.51001783856,4438782.900775685,0.030007306203198275,0
actual,1745426329.627572,394655.5109290641,4438782.900607741,0.030010360529389244,0
actual,1745426329.727511,394655.51220400224,4438782.900458711,0.03000264617409556,0
actual,1745426329.827562,394655.5134643749,4438782.900237017,0.030057100446757704,0
actual,1745426329.927535,394655.51425657765,4438782.899981155,0.030089598477429886,0
actual,1745426330.027537,394655.5072854801,4438782.901295375,0.03004338215883719,0
actual,1745426330.1275253,394655.50621637347,4438782.901228572,0.030062301527928662,0
actual,1745426330.2275207,394655.50508214557,4438782.901264399,0.030055372570798378,0
actual,1745426330.3275506,394655.5036035372,4438782.901101566,0.030101972861826535,0
actual,1745426330.4275076,394655.50815164065,4438782.901344789,0.03006975408383471,0
actual,1745426330.5275269,394655.5082880126,4438782.901346797,0.0300436614115173,0
actual,1745426330.6274493,394655.50828070083,4438782.901350894,0.0300676247821472,0
actual,1745426330.7275155,394655.50825235836,4438782.901361968,0.030078410916924574,0
actual,1745426330.8275228,394655.50829366746,4438782.901260137,0.0300957245831043,0
actual,1745426330.9276185,394655.50568168215,4438782.900400149,0.03004432463663312,0
actual,1745426331.0275617,394655.50587165053,4438782.900291379,0.030038983929122107,0
actual,1745426331.127563,394655.506161712,4438782.900127885,0.030034864952087383,0
actual,1745426331.2275467,394655.50656357553,4438782.899935854,0.03002980349725648,0
actual,1745426331.3275707,394655.506944165,4438782.899718049,0.03003912355546216,0
actual,1745426331.427622,394655.5068122571,4438782.899757368,0.029909428138746516,0
actual,1745426331.5274906,394655.50655666506,4438782.899605055,0.0299684202674638,0
actual,1745426331.6275117,394655.5061013551,4438782.899436144,0.02997946820162906,0
actual,1745426331.7275443,394655.5055296077,4438782.899255856,0.029962817760564905,0
actual,1745426331.8275378,394655.50491061585,4438782.8989569275,0.0299923836380937,0
actual,1745426331.9275112,394655.507108103,4438782.899473907,0.029985594307303468,0
actual,1745426332.0274866,394655.50704524474,4438782.899479657,0.03000037724606799,0
actual,1745426332.127529,394655.5070180279,4438782.899459705,0.030034062100631507,0
actual,1745426332.2275524,394655.50704445475,4438782.899411549,0.03005977080051321,0
actual,1745426332.3275304,394655.50710069813,4438782.899295702,0.030091588152777096,0
actual,1745426332.427558,394655.50717900903,4438782.899195507,0.03011076932125645,0
actual,1745426332.5275495,394655.5083211672,4438782.899916878,0.03004898466573608,0
actual,1745426332.6276438,394655.5084637377,4438782.8998583155,0.03006895123237884,0
actual,1745426332.727558,394655.5085248335,4438782.899764358,0.030093595281417033,0
actual,1745426332.8275197,394655.5085198452,4438782.899634934,0.03012207905480959,0
actual,1745426332.927508,394655.50726213015,4438782.900542478,0.02998199892904451,0
actual,1745426333.0276327,394655.5070731094,4438782.900505444,0.030000778671795927,0
actual,1745426333.1276286,394655.50684910436,4438782.90046075,0.030016626261403955,0
actual,1745426333.2275143,394655.5065854805,4438782.900387122,0.030050311115967475,0
actual,1745426333.3275223,394655.5063119485,4438782.900334889,0.030062022275248304,0
actual,1745426333.4275186,394655.50765712914,4438782.901602117,0.030003169772871076,0
actual,1745426333.527568,394655.50768881355,4438782.901562764,0.030021024491119038,0
actual,1745426333.6275363,394655.50770120893,4438782.90153145,0.029986257532419288,0
actual,1745426333.727413,394655.5077429193,4438782.90145515,0.0300023669214152,0
actual,1745426333.8275898,394655.5077939142,4438782.9013477005,0.030043521785177243,0
actual,1745426333.927575,394655.50896547566,4438782.900929816,0.0300404500056938,0
actual,1745426334.0275884,394655.5089962219,4438782.900864086,0.030020623065391102,0
actual,1745426334.1277318,394655.5088253105,4438782.900731919,0.030058025471261407,0
actual,1745426334.22757,394655.50852513406,4438782.90067883,0.030065495480459933,0
actual,1745426334.3275359,394655.5082079428,4438782.9005781645,0.030073873060869435,0
actual,1745426334.427556,394655.50727464777,4438782.902045797,0.030057501872485643,0
actual,1745426334.5275073,394655.5072606762,4438782.901997148,0.03007694484035288,0
actual,1745426334.6276436,394655.5072970885,4438782.901964633,0.030070015883222594,0
actual,1745426334.727537,394655.5073280769,4438782.901853792,0.030086125272218506,0
actual,1745426334.8275678,394655.50725011376,4438782.901781395,0.030060032599901094,0
actual,1745426334.9275331,394655.5073160504,4438782.901570759,0.029990254336406435,0
actual,1745426335.027539,394655.50706231483,4438782.901527408,0.03000889445281755,0
actual,1745426335.1275175,394655.5067900009,4438782.9014387,0.030022874540126195,0
actual,1745426335.227475,394655.50651680946,4438782.901272462,0.03005017148962742,0
actual,1745426335.3275418,394655.5062988203,4438782.901107986,0.0300685498066509,0
actual,1745426335.427572,394655.5066420857,4438782.903307679,0.029995053991849454,0
actual,1745426335.5275292,394655.50673260604,4438782.903242278,0.030026469918385156,0
actual,1745426335.6275744,394655.5068441109,4438782.9032223215,0.03003179317260394,0
actual,1745426335.7275162,394655.5068598292,4438782.9031786155,0.030032473851011987,0
actual,1745426335.8276215,394655.5067911997,4438782.903050666,0.030073750887821857,0
actual,1745426335.9275253,394655.50602282403,4438782.903823927,0.030022752367078617,0
actual,1745426336.0275137,394655.5057270993,4438782.90384267,0.02998786323533104,0
actual,1745426336.1275113,394655.5053284932,4438782.903829822,0.03004657611136821,0
actual,1745426336.2276099,394655.50495901983,4438782.903756984,0.030077468439128643,0
actual,1745426336.32753,394655.5046952878,4438782.903686499,0.030122620106877582,0
actual,1745426336.4275453,394655.50583779614,4438782.904276366,0.03001208840534882,0
actual,1745426336.5275247,394655.5058845547,4438782.904282106,0.0300346031526995,0
actual,1745426336.6275349,394655.50588557695,4438782.9041936705,0.030005700500286527,0
actual,1745426336.7275174,394655.5057294209,4438782.904022431,0.030052580043995043,0
actual,1745426336.827521,394655.50548007723,4438782.903927918,0.0300685498066509,0
actual,1745426336.9275234,394655.5060529008,4438782.903257224,0.029966413138824116,0
actual,1745426337.0275395,394655.5058498058,4438782.90303391,0.030048321440620265,0
actual,1745426337.1275747,394655.50568439456,4438782.902875235,0.030024078817310007,0
actual,1745426337.227587,394655.50550254434,4438782.902606249,0.030061620849520364,0
actual,1745426337.3275607,394655.50536334654,4438782.90230675,0.030124609782224795,0
actual,1745426337.4275389,394655.50541456527,4438782.903505603,0.029994512939781212,0
actual,1745426337.5275345,394655.5054140673,4438782.903380906,0.030045912886252392,0
actual,1745426337.627522,394655.50532883283,4438782.903321216,0.03005551219713843,0
actual,1745426337.7275279,394655.50509868533,4438782.903333242,0.03003034454932472,0
actual,1745426337.827573,394655.5046862452,4438782.903308434,0.0300544300930022,0
actual,1745426337.9275417,394655.50567762856,4438782.903109832,0.03004205570860555,0
actual,1745426338.0275385,394655.50569248555,4438782.9029375315,0.030036854627434592,0
actual,1745426338.1275227,394655.50578242476,4438782.902820149,0.030092129204845337,0
actual,1745426338.2275727,394655.5058932733,4438782.902762319,0.030081343070067962,0
actual,1745426338.3275523,394655.50597717427,4438782.902616948,0.030139794146717254,0
actual,1745426338.4276185,394655.50684047857,4438782.902564067,0.02998079465186045,0
actual,1745426338.5275507,394655.50675858126,4438782.90235903,0.030002244748367622,0
actual,1745426338.6275523,394655.50658261194,4438782.902179405,0.03002180988928244,0
actual,1745426338.727549,394655.5064038959,4438782.902018509,0.030044185010293063,0
actual,1745426338.8276281,394655.5061955304,4438782.901861281,0.03004151465653756,0
actual,1745426338.9275405,394655.50712387054,4438782.9016880635,0.029952433051515716,0
actual,1745426339.0275736,394655.506926683,4438782.9015497025,0.029989591111290615,0
actual,1745426339.127588,394655.5067421307,4438782.901345917,0.030019156988819407,0
actual,1745426339.2275038,394655.5066209776,4438782.901109348,0.03005989297356104,0
actual,1745426339.3275738,394655.50653702236,4438782.9009221,0.03006176047586067,0
actual,1745426339.4275823,394655.50697390875,4438782.901773418,0.029984791455847596,0
actual,1745426339.5275652,394655.50689603516,4438782.901645783,0.030004635849442768,0
actual,1745426339.6276324,394655.5067183052,4438782.901467946,0.030085339874055105,0
actual,1745426339.7275357,394655.5064989232,4438782.901375849,0.030038460330346343,0
actual,1745426339.8275392,394655.5062195122,4438782.901133118,0.030091588152777096,0
actual,1745426339.927528,394655.50745321234,4438782.902345781,0.030003169772871076,0
actual,1745426340.0275195,394655.5074197017,4438782.9024008615,0.029995176164897032,0
actual,1745426340.127485,394655.507411451,4438782.902437625,0.029984529656459712,0
actual,1745426340.2276254,394655.5074373117,4438782.902455221,0.029943112993310036,0
actual,1745426340.3276303,394655.5074177076,4438782.902374752,0.03000397262432695,0
actual,1745426340.427554,394655.5074616514,4438782.902069279,0.029987601435943406,0
actual,1745426340.5275457,394655.5073687426,4438782.90197057,0.030051515393151287,0
actual,1745426340.6276531,394655.507297128,4438782.901962397,0.029984390030119656,0
actual,1745426340.7274795,394655.5071450933,4438782.901763314,0.030018493763703587,0
actual,1745426340.8275228,394655.5069495918,4438782.9015690675,0.030045249661136822,0
actual,1745426340.9275115,394655.5062472723,4438782.902486113,0.029963358812633147,0
actual,1745426341.0275853,394655.50617344864,4438782.902449405,0.02999971402095217,0
actual,1745426341.1275978,394655.5061208003,4438782.9023864595,0.030006765151130283,0
actual,1745426341.227614,394655.50604466605,4438782.902268863,0.030048705413055724,0
actual,1745426341.3275461,394655.5059335909,4438782.902132586,0.030085462047102687,0
actual,1745426341.4275408,394655.507678862,4438782.904179287,0.03000955767793337,0
actual,1745426341.5275722,394655.50763285253,4438782.904175934,0.030033538501855743,0
actual,1745426341.6275496,394655.50754538423,4438782.904174863,0.030038198530958706,0
actual,1745426341.7275138,394655.5074951185,4438782.904094929,0.030052178618267106,0
actual,1745426341.8275673,394655.50753325474,4438782.90395094,0.030087329549402318,0
actual,1745426341.9275281,394655.5074324482,4438782.904792103,0.029982801780500383,0
actual,1745426342.0276575,394655.5073935595,4438782.904697585,0.03000517690151101,0
actual,1745426342.1275349,394655.5072162977,4438782.90459834,0.030043120359449307,0
actual,1745426342.2275345,394655.5069734707,4438782.904503953,0.030052440417654987,0
actual,1745426342.3275113,394655.5066233127,4438782.904353999,0.030096387808220118,0
actual,1745426342.4275172,394655.50629427645,4438782.904192141,0.030106109292153734,0
actual,1745426342.5275168,394655.5073460857,4438782.9026843095,0.029990795388474427,0
actual,1745426342.6275935,394655.50734204904,4438782.902453409,0.030014357333376387,0
actual,1745426342.7275593,394655.50732817507,4438782.902200503,0.030030868148100236,0
actual,1745426342.8275492,394655.5072788703,4438782.901908971,0.030063366178772418,0
actual,1745426342.9275582,394655.5087307992,4438782.9021180235,0.029978543177125606,0
actual,1745426343.0275366,394655.5087100309,4438782.902032076,0.029992785063821636,0
actual,1745426343.1275337,394655.5086642719,4438782.901919406,0.02997294067022646,0
actual,1745426343.2275279,394655.5085245868,4438782.901725294,0.03001275163046464,0
actual,1745426343.3275142,394655.50834063534,4438782.901522283,0.030031531373216055,0
actual,1745426343.427586,394655.5084063136,4438782.902604009,0.030003571198599012,0
actual,1745426343.5275342,394655.508385336,4438782.902555151,0.03002114666416662,0
actual,1745426343.6275885,394655.5083103057,4438782.9024370555,0.03009397925385249,0
actual,1745426343.7275765,394655.5083108498,4438782.902404467,0.030114225073175606,0
actual,1745426343.8275516,394655.50831770705,4438782.902332516,0.030105446067037914,0
actual,1745426343.9275286,394655.50691039755,4438782.90196726,0.030061236877084906,0
actual,1745426344.027465,394655.50670991483,4438782.901907627,0.030044726062361055,0
actual,1745426344.127529,394655.506370458,4438782.901721923,0.03008986027681777,0
actual,1745426344.2275448,394655.50591232773,4438782.901524585,0.030084135596871047,0
actual,1745426344.3275337,394655.50545600173,4438782.90134008,0.03007214518490986,0
actual,1745426344.427537,394655.506964955,4438782.902712777,0.029982400354772447,0
actual,1745426344.5275447,394655.5070823276,4438782.902666529,0.029992785063821636,0
actual,1745426344.6275332,394655.5072007004,4438782.902622244,0.030007306203198275,0
actual,1745426344.727512,394655.50711497606,4438782.9025552515,0.03004231750799343,0
actual,1745426344.8275282,394655.50700294704,4438782.902425119,0.03013352841470254,0
actual,1745426344.927547,394655.50635480334,4438782.903416045,0.029927265403702007,0
actual,1745426345.027565,394655.5062500796,4438782.903366225,0.030004496223102715,0
actual,1745426345.1275558,394655.5061829931,4438782.903360813,0.029997706892312483,0
actual,1745426345.2275393,394655.5060776884,4438782.903315866,0.029985594307303468,0
actual,1745426345.327531,394655.50584017497,4438782.903207925,0.029965749913708296,0
actual,1745426345.427561,394655.508165142,4438782.904429755,0.029952171252127836,0
actual,1745426345.5275323,394655.5082834981,4438782.904388875,0.029965348487980357,0
actual,1745426345.6275637,394655.50846431096,4438782.904336066,0.02996655276516417,0
actual,1745426345.7275338,394655.508642423,4438782.904191528,0.029994390766733634,0
actual,1745426345.8275342,394655.50877558015,4438782.904019292,0.030025684520221755,0
actual,1745426345.9275324,394655.5070075363,4438782.903330199,0.030010360529389244,0
actual,1745426346.0275412,394655.50687587535,4438782.903253225,0.03000104047118381,0
actual,1745426346.127508,394655.50670381414,4438782.90308678,0.029995979016352908,0
actual,1745426346.2276037,394655.5064624712,4438782.902875356,0.030034864952087383,0
actual,1745426346.327535,394655.5062232012,4438782.90263786,0.030037919278278348,0
actual,1745426346.427561,394655.50699660915,4438782.90245879,0.030025684520221755,0
actual,1745426346.5274358,394655.50700353156,4438782.902254582,0.03003393992758368,0
actual,1745426346.6276286,394655.5069797309,4438782.901970823,0.030079597740815908,0
actual,1745426346.7275517,394655.5068938074,4438782.901701165,0.030080278419224206,0
actual,1745426346.827636,394655.5067379038,4438782.901414265,0.030072948036365735,0
actual,1745426346.92761,394655.50751090347,4438782.902329222,0.02999292469016194,0
actual,1745426347.0275512,394655.5074706836,4438782.9021858955,0.030012629457416812,0
actual,1745426347.127518,394655.50742729177,4438782.902004454,0.03005298146972298,0
actual,1745426347.227566,394655.50739460066,4438782.901832827,0.030065355854119628,0
actual,1745426347.3275108,394655.50731317553,4438782.901583775,0.030081604869455845,0
actual,1745426347.4275734,394655.50661245594,4438782.903618287,0.03001461913276427,0
actual,1745426347.5275562,394655.5064522519,4438782.903567697,0.030035528177203202,0
actual,1745426347.6275551,394655.50625856355,4438782.903459695,0.030083070946027538,0
actual,1745426347.7275302,394655.5060946351,4438782.90340259,0.030071883385522226,0
actual,1745426347.8275516,394655.505883356,4438782.903342646,0.030062301527928662,0
actual,1745426347.9275246,394655.5064028648,4438782.902943867,0.03001383373460087,0
actual,1745426348.027533,394655.50626507984,4438782.9027665155,0.030043120359449307,0
actual,1745426348.1275458,394655.5060688104,4438782.902579156,0.030054569719342252,0
actual,1745426348.2275732,394655.5058124869,4438782.902193681,0.030070556935290586,0
actual,1745426348.3276014,394655.5055114198,4438782.90182585,0.030118745475938267,0
actual,1745426348.4274611,394655.50753534405,4438782.902726501,0.029936201489471976,0
actual,1745426348.5275257,394655.50755221496,4438782.902499357,0.02994765084936517,0
actual,1745426348.6275468,394655.5075511689,4438782.902294998,0.029957773759026727,0
actual,1745426348.727524,394655.5075922455,4438782.902091086,0.029927003604314124,0
actual,1745426348.827502,394655.5076608388,4438782.901722107,0.029966151339436232,0
actual,1745426348.927521,394655.50712093257,4438782.9019050915,0.02996522631493278,0
actual,1745426349.0275466,394655.50705033966,4438782.90176605,0.030013030883144998,0
actual,1745426349.1275115,394655.5069703016,4438782.901625668,0.03002781382190927,0
actual,1745426349.2275486,394655.506841762,4438782.9015848,0.03000889445281755,0
actual,1745426349.3275385,394655.5066798834,4438782.901434373,0.03003713388011495,0
actual,1745426349.4275358,394655.5074357612,4438782.902149039,0.029977600699329428,0
actual,1745426349.5275362,394655.50732696144,4438782.902092765,0.030014357333376387,0
actual,1745426349.627557,394655.50720177597,4438782.90204231,0.02999358791527776,0
actual,1745426349.7276006,394655.5070892384,4438782.90198598,0.029992121838706066,0
actual,1745426349.8275924,394655.50696821895,4438782.901882084,0.02998360463195626,0
actual,1745426349.9275422,394655.5085729286,4438782.903260265,0.03000903407915785,0
actual,1745426350.0275373,394655.5085649038,4438782.903294165,0.030019279161866988,0
actual,1745426350.1275105,394655.50851199473,4438782.903254387,0.030058426896989343,0
actual,1745426350.2275794,394655.50843275606,4438782.903221662,0.030049106838783663,0
actual,1745426350.3275578,394655.50830122153,4438782.903159965,0.03003112994748812,0
actual,1745426350.427528,394655.5089647533,4438782.904050122,0.030009156252205432,0
actual,1745426350.5275116,394655.5089234208,4438782.904028934,0.030048042187939907,0
actual,1745426350.627591,394655.5089216919,4438782.904045031,0.030049770063899483,0
actual,1745426350.7275283,394655.50886965095,4438782.903936793,0.030094782105308367,0
actual,1745426350.8275461,394655.50877175375,4438782.903904248,0.0300587061496697,0
actual,1745426350.9275553,394655.5086398303,4438782.903773558,0.02997946820162906,0
actual,1745426351.027568,394655.5085094919,4438782.9036155585,0.030019558414547346,0
actual,1745426351.127535,394655.50838897144,4438782.903431783,0.030021687716234858,0
actual,1745426351.2275105,394655.5082260577,4438782.903169131,0.03004338215883719,0
actual,1745426351.3275135,394655.5080330867,4438782.902893278,0.030058025471261407,0
actual,1745426351.4275706,394655.5094056417,4438782.904102004,0.0300353885508629,0
actual,1745426351.5275152,394655.5093130188,4438782.90394158,0.03009438067958043,0
actual,1745426351.6275768,394655.50920636003,4438782.903816973,0.030103578564738283,0
actual,1745426351.727531,394655.5091354103,4438782.903705183,0.030087853148177832,0
actual,1745426351.8275597,394655.50905143353,4438782.903490154,0.030122340854197224,0
actual,1745426351.92754,394655.5061556253,4438782.903993671,0.030015020558492207,0
actual,1745426352.027508,394655.5058537736,4438782.903859047,0.030042579307381065,0
actual,1745426352.1274958,394655.50553032313,4438782.903630234,0.030093857080804667,0
actual,1745426352.2275057,394655.5051135479,4438782.903488187,0.03005977080051321,0
actual,1745426352.3275414,394655.50455688563,4438782.9032739,0.030112636823556083,0
actual,1745426352.4276013,394655.5039292259,4438782.902990538,0.030163356091619214,0
actual,1745426352.5275922,394655.5054928741,4438782.904867066,0.0300776080654687,0
actual,1745426352.62753,394655.50544200686,4438782.904781556,0.030091989578505035,0
actual,1745426352.7275126,394655.505503229,4438782.904659368,0.03009598638249218,0
actual,1745426352.8275194,394655.50563905924,4438782.90451089,0.030082809146639657,0
actual,1745426352.9275079,394655.50685884256,4438782.904439092,0.03005298146972298,0
actual,1745426353.0275443,394655.50696793443,4438782.904268331,0.03008212846823136,0
actual,1745426353.127693,394655.5070130342,4438782.904061051,0.030082268094571415,0
actual,1745426353.2275867,394655.50699629216,4438782.90383313,0.030126878710252363,0
actual,1745426353.3275125,394655.5069546751,4438782.903684256,0.030077346266080815,0
actual,1745426353.4275901,394655.5076350232,4438782.90363844,0.030026347745337575,0
actual,1745426353.5275116,394655.5076004722,4438782.903426874,0.030030065296644363,0
actual,1745426353.6275399,394655.5075812627,4438782.903232238,0.030011163380845366,0
actual,1745426353.7275233,394655.50756367994,4438782.902986203,0.030066298331915806,0
actual,1745426353.827522,394655.5075983112,4438782.902726404,0.03004085143142174,0
actual,1745426353.927626,394655.50725047913,4438782.903268411,0.029994652566121268,0
actual,1745426354.0275564,394655.507124212,4438782.903097541,0.030045110034796516,0
actual,1745426354.1275318,394655.5069762214,4438782.903178615,0.029985070708527954,0
actual,1745426354.2275338,394655.5067674084,4438782.903097001,0.029969345291967504,0
actual,1745426354.3275115,394655.50660016644,4438782.902938188,0.029961892736061452,0
actual,1745426354.4276116,394655.5074304345,4438782.904101065,0.02997880497651324,0
actual,1745426354.527527,394655.5073757726,4438782.903962522,0.02999264543748158,0
actual,1745426354.6276553,394655.5073335095,4438782.9039141685,0.02999971402095217,0
actual,1745426354.727533,394655.507354468,4438782.903707028,0.02999545541757739,0
actual,1745426354.8275294,394655.50737360446,4438782.903420512,0.0300023669214152,0
actual,1745426354.9275205,394655.5070600881,4438782.903777758,0.03004938609146402,0
actual,1745426355.0275335,394655.50687460834,4438782.903675865,0.030064029403888238,0
actual,1745426355.1275277,394655.50661185186,4438782.903585507,0.03011928652800626,0
actual,1745426355.2275405,394655.5063628845,4438782.903485128,0.030126075858796487,0
actual,1745426355.3275106,394655.5061209339,4438782.903380742,0.030150039229426388,0
actual,1745426355.4276013,394655.50808749755,4438782.902171817,0.029993186489549822,0
actual,1745426355.5275373,394655.50809976377,4438782.901908449,0.029997706892312483,0
actual,1745426355.6275213,394655.5080402433,4438782.901572209,0.030049770063899483,0
actual,1745426355.7275414,394655.50802102743,4438782.901223928,0.030021286290506922,0
actual,1745426355.8275266,394655.5079340865,4438782.900861668,0.03001887773613905,0
actual,1745426355.9275353,394655.50713874307,4438782.901385864,0.029965348487980357,0
actual,1745426356.0275614,394655.50691578875,4438782.901183888,0.029985594307303468,0
actual,1745426356.1275117,394655.50666693767,4438782.900991477,0.030015020558492207,0
actual,1745426356.227608,394655.50640288566,4438782.900741569,0.030068811606038533,0
actual,1745426356.3276198,394655.5061638778,4438782.90048655,0.030080662391659668,0
actual,1745426356.4275792,394655.5077263797,4438782.902524809,0.029950181576780623,0
actual,1745426356.5275574,394655.5075330053,4438782.902473133,0.030006765151130283,0
actual,1745426356.6275284,394655.5072800688,4438782.902525009,0.02998999253701855,0
actual,1745426356.7275257,394655.5071018524,4438782.902504079,0.029995176164897032,0
actual,1745426356.8275473,394655.5069566886,4438782.902274935,0.030072948036365735,0
actual,1745426356.9275055,394655.5075491791,4438782.902907347,0.03005683864737007,0
actual,1745426357.0275426,394655.5077413886,4438782.903139708,0.030030868148100236,0
actual,1745426357.127536,394655.5078220518,4438782.903267629,0.030057763671873523,0
actual,1745426357.2275307,394655.50763254793,4438782.903232671,0.030095584956764242,0
actual,1745426357.3275225,394655.5073139423,4438782.90325912,0.030152971382569775,0
actual,1745426357.4275386,394655.50559070933,4438782.902489994,0.0301983848497066,0
actual,1745426357.5275269,394655.5049325807,4438782.90240163,0.03013473269188635,0
actual,1745426357.6275237,394655.5045983067,4438782.902239347,0.03017414222639659,0
actual,1745426357.7275107,394655.50449000834,4438782.901909035,0.030222749646064435,0
actual,1745426357.8275995,394655.50431398116,4438782.901605704,0.030236607560325254,0
actual,1745426357.927554,394655.50576808077,4438782.902245454,0.030046052512592694,0
actual,1745426358.0276053,394655.5052810537,4438782.902061693,0.030022752367078617,0
actual,1745426358.1275234,394655.50465651124,4438782.90181102,0.030017813085295292,0
actual,1745426358.2275136,394655.50390636624,4438782.901592391,0.03003978678057798,0
actual,1745426358.3275144,394655.50303532614,4438782.901261239,0.030060957624404548,0
actual,1745426358.4275105,394655.5071168736,4438782.902325561,0.02997814175139742,0
actual,1745426358.5275083,394655.5072569404,4438782.902206098,0.03000877227976997,0
actual,1745426358.6275258,394655.50771292526,4438782.902088554,0.03005724007309801,0
actual,1745426358.7275364,394655.50838128454,4438782.901964486,0.030036191402318772,0
actual,1745426358.8275523,394655.5088412593,4438782.901767077,0.03012207905480959,0
actual,1745426358.9274523,394655.5073593673,4438782.9015623005,0.030001581523251802,0
actual,1745426359.027525,394655.5068950232,4438782.9013502635,0.03000276834714314,0
actual,1745426359.1275115,394655.50618692895,4438782.901123625,0.03006069582501691,0
actual,1745426359.2275627,394655.5056090499,4438782.90099412,0.030036592828046712,0
actual,1745426359.327518,394655.5053465686,4438782.900669801,0.030048321440620265,0
actual,1745426359.4275374,394655.50628576346,4438782.900345949,0.0301140854468353,0
actual,1745426359.5274386,394655.50655063556,4438782.90008818,0.030122340854197224,0
actual,1745426359.6274447,394655.50672573026,4438782.899690621,0.03014672310384754,0
actual,1745426359.7275372,394655.5066240129,4438782.89926629,0.030177475805267914,0
actual,1745426359.8275328,394655.5062659373,4438782.898741475,0.03026123415607097,0
actual,1745426359.9275446,394655.503853448,4438782.901449193,0.03031090622658282,0
actual,1745426360.0275526,394655.5028819201,4438782.901516008,0.03027641852056343,0
actual,1745426360.1275423,394655.5017931884,4438782.901489661,0.030327678840694306,0
actual,1745426360.2276044,394655.5007022964,4438782.901467106,0.03032488631389122,0
actual,1745426360.327531,394655.49967556034,4438782.901447338,0.030357366891270925,0
actual,1745426360.427551,394655.5051330746,4438782.901685106,0.030003431572258956,0
actual,1745426360.5275126,394655.5051216539,4438782.90156795,0.029989050059222373,0
actual,1745426360.6275206,394655.5050294992,4438782.901481751,0.02997880497651324,0
actual,1745426360.7275074,394655.5048582419,4438782.901362553,0.030000516872408046,0
actual,1745426360.8275192,394655.5046389236,4438782.901090768,0.03004924646512372,0
actual,1745426360.9275112,394655.5058570681,4438782.901189127,0.03003500457842744,0
actual,1745426361.0275953,394655.50595518807,4438782.901270346,0.02994765084936517,0
actual,1745426361.127473,394655.50598865235,4438782.9011034,0.030041130684102097,0
actual,1745426361.2274892,394655.5059488608,4438782.9009293765,0.030066961557031625,0
actual,1745426361.3275225,394655.5057528574,4438782.900797779,0.030081343070067962,0
actual,1745426361.4275386,394655.5054868701,4438782.901049605,0.0300734716351415,0
actual,1745426361.5275114,394655.5053741836,4438782.900967328,0.029999574394612115,0
actual,1745426361.6275783,394655.5052262157,4438782.900744192,0.03008200629518378,0
actual,1745426361.7275548,394655.505085129,4438782.900529698,0.03004139248348973,0
actual,1745426361.8275852,394655.50492700405,4438782.900232895,0.030100786037935198,0
actual,1745426361.927542,394655.5028615526,4438782.902197778,0.030008632653429915,0
actual,1745426362.027519,394655.50258951786,4438782.90228314,0.029987985408378864,0
actual,1745426362.1275241,394655.50231845037,4438782.9022772,0.030021024491119038,0
actual,1745426362.2275329,394655.5020542977,4438782.902315662,0.030018354137363534,0
actual,1745426362.3275495,394655.50169905036,4438782.902303146,0.03004205570860555,0
actual,1745426362.4275587,394655.50115735445,4438782.902418444,0.029952712304196074,0
actual,1745426362.5275393,394655.5039554051,4438782.901071333,0.030058025471261407,0
actual,1745426362.6275637,394655.5038526812,4438782.900834327,0.030049106838783663,0
actual,1745426362.7275298,394655.5038692844,4438782.900671302,0.030080941644340026,0
actual,1745426362.8275127,394655.50393541844,4438782.900468157,0.030046715737708268,0
actual,1745426362.9275455,394655.5043395041,4438782.901138865,0.029998771543155993,0
actual,1745426363.0275822,394655.5044091266,4438782.901035653,0.0300495082645116,0
actual,1745426363.127557,394655.504506985,4438782.900873962,0.030035528177203202,0
actual,1745426363.2275195,394655.5045821644,4438782.9005601555,0.03016110461688412,0
actual,1745426363.3275042,394655.5046970368,4438782.900401015,0.030147787754691294,0
actual,1745426363.4275873,394655.505921501,4438782.89991963,0.030047378962824087,0
actual,1745426363.5277495,394655.50598599575,4438782.8996722,0.030042579307381065,0
actual,1745426363.6275651,394655.5059029476,4438782.899429297,0.03006069582501691,0
actual,1745426363.7275167,394655.50571339927,4438782.899197036,0.030058426896989343,0
actual,1745426363.8275461,394655.5054330793,4438782.898830944,0.030099040708683147,0
actual,1745426363.9275146,394655.5037358975,4438782.900738611,0.029998108318040423,0
actual,1745426364.0275447,394655.50357524434,4438782.900705118,0.03001688806079184,0
actual,1745426364.1275115,394655.5034908103,4438782.900648466,0.03006176047586067,0
actual,1745426364.2275763,394655.5034791061,4438782.900683467,0.03006909085871889,0
actual,1745426364.3275557,394655.5035015746,4438782.900669265,0.03008200629518378,0
actual,1745426364.4275548,394655.504733398,4438782.9005912505,0.02998133570392869,0
actual,1745426364.527553,394655.5047656781,4438782.900404269,0.030037657478890468,0
actual,1745426364.6275198,394655.5047327115,4438782.900226472,0.030036069229271194,0
actual,1745426364.7275085,394655.5045292969,4438782.900059101,0.030061498676472787,0
actual,1745426364.827483,394655.50424788304,4438782.899765828,0.030117157226318993,0
actual,1745426364.9275086,394655.50473994086,4438782.901626486,0.02997227744511089,0
actual,1745426365.027607,394655.50457112386,4438782.9015520755,0.030009836930613727,0
actual,1745426365.1275218,394655.5043355598,4438782.901576409,0.030015823409948083,0
actual,1745426365.2274818,394655.5040757413,4438782.901591874,0.030041130684102097,0
actual,1745426365.3275428,394655.5038065871,4438782.901537043,0.03004657611136821,0
actual,1745426365.42762,394655.5044092827,4438782.900665317,0.03003978678057798,0
actual,1745426365.527522,394655.5044269833,4438782.900505621,0.03006176047586067,0
actual,1745426365.6275444,394655.50446406944,4438782.900354987,0.030044586436021002,0
actual,1745426365.727503,394655.5044613272,4438782.900167285,0.0300436614115173,0
actual,1745426365.827559,394655.5044740306,4438782.899935773,0.030042457134333487,0
actual,1745426365.927563,394655.50452151994,4438782.899717553,0.03005017148962742,0
actual,1745426366.0276244,394655.5039908989,4438782.900838723,0.03000770762892621,0
actual,1745426366.127527,394655.5040158288,4438782.9006981915,0.030042858560061423,0
actual,1745426366.2275767,394655.5040180282,4438782.900569176,0.03007628161523706,0
actual,1745426366.3275502,394655.5040087124,4438782.900457132,0.03011143254637227,0
actual,1745426366.4275415,394655.50554633664,4438782.901000698,0.030031409200168478,0
actual,1745426366.5275083,394655.5056894744,4438782.90099695,0.030046314311980328,0
actual,1745426366.627598,394655.5058119012,4438782.900969782,0.03006135905013273,0
actual,1745426366.7275946,394655.5057687815,4438782.900921692,0.030053243269110862,0
actual,1745426366.8274865,394655.5054638533,4438782.900839836,0.030090924927661276,0
actual,1745426366.9275174,394655.5099409722,4438782.900721877,0.0300023669214152,0
actual,1745426367.0275536,394655.5097799653,4438782.900596708,0.029978263924445248,0
actual,1745426367.1275287,394655.5094737585,4438782.900402528,0.0299965200684209,0
actual,1745426367.22754,394655.5091615539,4438782.900186848,0.030023817017922123,0
actual,1745426367.32759,394655.50894518604,4438782.899957686,0.030011826605960936,0
actual,1745426367.4275672,394655.5083161978,4438782.901439729,0.02997040994281126,0
actual,1745426367.527567,394655.5083804285,4438782.901392695,0.029995315791237088,0
actual,1745426367.6275527,394655.50844782015,4438782.901240328,0.030038198530958706,0
actual,1745426367.727506,394655.50849377306,4438782.901143571,0.030051637566199114,0
actual,1745426367.8275397,394655.5083637878,4438782.90108618,0.03000955767793337,0
actual,1745426367.9275506,394655.5078918498,4438782.900981761,0.03002393919096995,0
actual,1745426368.02752,394655.50765896996,4438782.900942891,0.03000210512202732,0
actual,1745426368.1275043,394655.50743709644,4438782.900761323,0.030097312832723818,0
actual,1745426368.227519,394655.5073003576,4438782.900588459,0.030105568240085742,0
actual,1745426368.3274865,394655.5072061389,4438782.900430288,0.03010117001037066,0
actual,1745426368.4275544,394655.5084536794,4438782.900934215,0.030011826605960936,0
actual,1745426368.5275364,394655.50843080075,4438782.900877902,0.03001887773613905,0
actual,1745426368.6275706,394655.50833921565,4438782.900752825,0.03007401268720949,0
actual,1745426368.7275467,394655.50822882046,4438782.900634426,0.030067083730079207,0
actual,1745426368.8276055,394655.5081188568,4438782.900427307,0.03010343893839823,0
actual,1745426368.9275434,394655.50762921775,4438782.900124869,0.030001441896911746,0
actual,1745426369.027611,394655.5073931372,4438782.899946809,0.03005137576681123,0
actual,1745426369.127564,394655.5071468266,4438782.899729949,0.03007493771171319,0
actual,1745426369.2275662,394655.5069896694,4438782.899514051,0.030086125272218506,0
actual,1745426369.327562,394655.50685284764,4438782.899226218,0.03010476538862962,0
actual,1745426369.4275668,394655.5084673877,4438782.899845425,0.030022089141962797,0
actual,1745426369.52751,394655.5083748158,4438782.899738797,0.03005123614047093,0
actual,1745426369.6275263,394655.508219962,4438782.8996267,0.030030868148100236,0
actual,1745426369.7275407,394655.50797190645,4438782.89942963,0.03004711716343645,0
actual,1745426369.8277483,394655.5076892074,4438782.89921812,0.03007015550956265,0
actual,1745426369.9275293,394655.50707003433,4438782.899591142,0.02998852646044686,0
actual,1745426370.0275466,394655.5068929774,4438782.899490017,0.029997706892312483,0
actual,1745426370.1275575,394655.5066105556,4438782.899320792,0.03000782980197404,0
actual,1745426370.2275503,394655.5062827844,4438782.89914373,0.030017690912247715,0
actual,1745426370.327538,394655.5060713765,4438782.898983633,0.029982400354772447,0
actual,1745426370.427583,394655.50570448476,4438782.900892455,0.029973080296566767,0
actual,1745426370.5275385,394655.50574939646,4438782.900939685,0.029968943866239564,0
actual,1745426370.6277304,394655.50577112037,4438782.900921232,0.030006101926014463,0
actual,1745426370.7276692,394655.5057358309,4438782.900842261,0.03005071254169541,0
actual,1745426370.8275397,394655.5056016852,4438782.900731043,0.030112497197216027,0
actual,1745426370.9275553,394655.50567671086,4438782.901002384,0.030011686979620884,0
actual,1745426371.0275207,394655.5052930225,4438782.900930999,0.030003309399211378,0
actual,1745426371.127569,394655.50487916206,4438782.900835102,0.02999304686320952,0
actual,1745426371.2275608,394655.5045779341,4438782.900657453,0.030006765151130283,0
actual,1745426371.3274798,394655.5043837147,4438782.90045079,0.029969223118919922,0
actual,1745426371.427661,394655.50698216096,4438782.901918061,0.02994204834246628,0
actual,1745426371.5276127,394655.50709391973,4438782.901836193,0.02998932931190273,0
actual,1745426371.627549,394655.50708223274,4438782.901773343,0.030027272769841278,0
actual,1745426371.7276177,394655.5069864207,4438782.901750731,0.030041793909217667,0
actual,1745426371.827533,394655.50682346674,4438782.90159793,0.03006722335641926,0
actual,1745426371.9275198,394655.50710058893,4438782.9025012115,0.030074815538665367,0
actual,1745426372.0275362,394655.5071156516,4438782.902490504,0.03010104783732308,0
actual,1745426372.1275244,394655.5071426076,4438782.902469033,0.03010211248816659,0
actual,1745426372.227612,394655.5071232913,4438782.902405541,0.030120892230918257,0
actual,1745426372.327444,394655.5071199174,4438782.902293159,0.03012141582969377,0
actual,1745426372.427701,394655.50708212546,4438782.902187411,0.030138991295261378,0
actual,1745426372.5275574,394655.50625651726,4438782.9028419675,0.030036994253774894,0
actual,1745426372.6275966,394655.50606893026,4438782.902803124,0.030073611261481555,0
actual,1745426372.727541,394655.5058918955,4438782.902766762,0.03007467591232531,0
actual,1745426372.827588,394655.5057159548,4438782.902710454,0.030079737367156214,0
actual,1745426372.9275053,394655.5060177595,4438782.903303768,0.02997880497651324,0
actual,1745426373.0275574,394655.50575546536,4438782.90329213,0.029957093080618433,0
actual,1745426373.1275086,394655.50536076433,4438782.903262409,0.029986920757535108,0
actual,1745426373.227603,394655.5049799256,4438782.903235212,0.029981475330268747,0
actual,1745426373.32764,394655.5046805031,4438782.903123106,0.030033800301243627,0
actual,1745426373.4275632,394655.50670208974,4438782.9040058,0.030014095533988507,0
actual,1745426373.527532,394655.50691166334,4438782.903942985,0.03004938609146402,0
actual,1745426373.6276126,394655.5071466542,4438782.903849279,0.03007561839012149,0
actual,1745426373.7275538,394655.5073429526,4438782.903821906,0.03005922974844522,0
actual,1745426373.82757,394655.50744250725,4438782.903658241,0.030077869864856582,0
actual,1745426373.9275634,394655.5075306975,4438782.902513774,0.02996655276516417,0
actual,1745426374.0275753,394655.5073530838,4438782.902376394,0.029996642241468727,0
actual,1745426374.127645,394655.50710760197,4438782.902144321,0.03001489838544463,0
actual,1745426374.227519,394655.5068315172,4438782.9017966045,0.030081203443727906,0
actual,1745426374.327515,394655.5065836609,4438782.901486369,0.030087853148177832,0
actual,1745426374.427515,394655.5061761852,4438782.899778207,0.029989050059222373,0
actual,1745426374.5275161,394655.5060956186,4438782.8994462695,0.029992121838706066,0
actual,1745426374.6275585,394655.5060934271,4438782.899104566,0.030008493027089612,0
actual,1745426374.7275176,394655.50613783253,4438782.898718482,0.03004231750799343,0
actual,1745426374.8275397,394655.5061234845,4438782.898293646,0.03002528309449382,0
actual,1745426374.9276505,394655.50760548376,4438782.899897756,0.029946306945841057,0
actual,1745426375.027552,394655.5076089285,4438782.899821051,0.029939395442003247,0
actual,1745426375.1275494,394655.50757463125,4438782.899646716,0.02998013142674488,0
actual,1745426375.2275524,394655.5075489546,4438782.89952385,0.029990795388474427,0
actual,1745426375.3275092,394655.507487161,4438782.899355597,0.029998911169496295,0
actual,1745426375.42756,394655.5084024896,4438782.901788368,0.03000264617409556,0
actual,1745426375.5275369,394655.50834686623,4438782.901854289,0.029978002125057364,0
actual,1745426375.6276476,394655.50822679827,4438782.901794748,0.030003571198599012,0
actual,1745426375.7274754,394655.508109434,4438782.901700658,0.030006765151130283,0
actual,1745426375.8275924,394655.5079714745,4438782.901562593,0.03000889445281755,0
actual,1745426375.927607,394655.50773494766,4438782.901034934,0.029971876019382955,0
actual,1745426376.0275362,394655.5075639492,4438782.90083505,0.0299874618096031,0
actual,1745426376.1275198,394655.50734839286,4438782.900564051,0.03001821451102323,0
actual,1745426376.227569,394655.5070750193,4438782.900268525,0.030050974341083295,0
actual,1745426376.3275418,394655.50675091054,4438782.899952426,0.030080941644340026,0
actual,1745426376.427613,394655.509374202,4438782.901188819,0.03003112994748812,0
actual,1745426376.5275154,394655.5093742095,4438782.901128302,0.03006069582501691,0
actual,1745426376.6276534,394655.50929673086,4438782.901102884,0.030081063817387604,0
actual,1745426376.7275383,394655.5090927207,4438782.900895531,0.0301231437056531,0
actual,1745426376.8275437,394655.508862047,4438782.900681352,0.030144855601547907,0
actual,1745426376.9275372,394655.50605854683,4438782.900858066,0.029982400354772447,0
actual,1745426377.0275147,394655.5058947203,4438782.900702346,0.030004775475783074,0
actual,1745426377.1275094,394655.5057820544,4438782.900557054,0.03002594631960964,0
actual,1745426377.22752,394655.505691333,4438782.900398184,0.030060294399288975,0
actual,1745426377.3275537,394655.5056310011,4438782.900109575,0.030086125272218506,0
actual,1745426377.42758,394655.5060171666,4438782.902203974,0.02999838757072078,0
actual,1745426377.5274482,394655.5056820062,4438782.902294183,0.0300594915478331,0
actual,1745426377.6274705,394655.5051577293,4438782.902369824,0.03004818181427996,0
actual,1745426377.7275352,394655.50450710545,4438782.902351777,0.030070556935290586,0
actual,1745426377.8275645,394655.5039156675,4438782.9022772685,0.030093857080804667,0
actual,1745426377.9275594,394655.50660234765,4438782.902052198,0.030031531373216055,0
actual,1745426378.0275285,394655.5070645373,4438782.901944264,0.0300544300930022,0
actual,1745426378.1275303,394655.507612773,4438782.901885406,0.030035126751475016,0
actual,1745426378.2275362,394655.5081136013,4438782.90169759,0.03007814911753669,0
actual,1745426378.3275745,394655.508521395,4438782.901470801,0.030072284811250162,0
actual,1745426378.4275186,394655.50882879534,4438782.902127633,0.03001076195511718,0
actual,1745426378.527516,394655.50880785345,4438782.9020057665,0.02999585684330533,0
actual,1745426378.6275573,394655.5087044217,4438782.901818764,0.029994390766733634,0
actual,1745426378.7275498,394655.50841820345,4438782.90164682,0.030032875276740173,0
actual,1745426378.8275533,394655.5080680792,4438782.901483212,0.030018354137363534,0
actual,1745426378.9275556,394655.50885346247,4438782.901401962,0.029970689195491618,0
actual,1745426379.0275335,394655.5087590215,4438782.9012957215,0.029963097013245264,0
actual,1745426379.1275635,394655.508650002,4438782.901116122,0.030029943123596782,0
actual,1745426379.2275271,394655.50857003685,4438782.900883227,0.030043923210905182,0
actual,1745426379.327518,394655.5084750594,4438782.900636862,0.03006069582501691,0
actual,1745426379.4275584,394655.508899109,4438782.902448015,0.030001843322639683,0
actual,1745426379.5275517,394655.5088085946,4438782.902492226,0.029986536785099646,0
actual,1745426379.627619,394655.5086518525,4438782.902491802,0.030012367658029178,0
actual,1745426379.7275684,394655.50852026755,4438782.902555611,0.029998771543155993,0
actual,1745426379.8276088,394655.5083843638,4438782.902543809,0.030041252857149675,0
actual,1745426379.9274647,394655.50695092673,4438782.900999216,0.0300396646075304,0
actual,1745426380.0275536,394655.50674940826,4438782.900924291,0.030025544893881703,0
actual,1745426380.1275628,394655.50645526644,4438782.900682031,0.030068689432990955,0
actual,1745426380.2277157,394655.506093284,4438782.900461362,0.03006788658153508,0
actual,1745426380.327772,394655.5056855902,4438782.900227496,0.030079213768380447,0
actual,1745426380.4276628,394655.5078787862,4438782.901277761,0.029995979016352908,0
actual,1745426380.527794,394655.50780896563,4438782.901205013,0.030029402071528544,0
actual,1745426380.6276038,394655.5077683451,4438782.9011659715,0.03000023761972769,0
actual,1745426380.727564,394655.50770754006,4438782.90105357,0.030010500155729546,0
actual,1745426380.8275747,394655.50764518726,4438782.900941417,0.030026871344113092,0
actual,1745426380.9275508,394655.50652683194,4438782.90108675,0.029970008517083323,0
actual,1745426381.027524,394655.5063910113,4438782.900891351,0.0300155616105602,0
actual,1745426381.1275115,394655.50617739826,4438782.900731813,0.03003978678057798,0
actual,1745426381.227537,394655.50582258345,4438782.900587951,0.030096789233948054,0
actual,1745426381.3275547,394655.5054347797,4438782.90040031,0.030118745475938267,0
actual,1745426381.4275582,394655.50800556695,4438782.901227078,0.02999545541757739,0
actual,1745426381.5275621,394655.5080614675,4438782.901190712,0.03002367739158207,0
actual,1745426381.6276307,394655.50814474776,4438782.901083422,0.03005430791995462,0
actual,1745426381.7275658,394655.5082736606,4438782.900962509,0.030087189923062013,0
actual,1745426381.8275304,394655.5084056737,4438782.900826143,0.030061498676472787,0
actual,1745426381.9275115,394655.50873557467,4438782.901516919,0.030028599220072668,0
actual,1745426382.0275092,394655.50863204116,4438782.901514273,0.03002660954472546,0
actual,1745426382.127555,394655.508530758,4438782.901375815,0.030082407720911718,0
actual,1745426382.2275858,394655.5084387621,4438782.901294799,0.030077346266080815,0
actual,1745426382.3275707,394655.50829815347,4438782.901211846,0.030076403788284887,0
actual,1745426382.4275343,394655.50815155945,4438782.901014678,0.0300676247821472,0
actual,1745426382.527533,394655.5093537059,4438782.900199799,0.03000170369629938,0
actual,1745426382.6275783,394655.5092768504,4438782.899910038,0.0300404500056938,0
actual,1745426382.7275214,394655.5092319786,4438782.899660564,0.03002301416646625,0
actual,1745426382.8275337,394655.50915717205,4438782.899344015,0.030037919278278348,0
actual,1745426382.9275174,394655.51086780924,4438782.901008971,0.02997946820162906,0
actual,1745426383.0276115,394655.510903982,4438782.9009921625,0.029996380442080844,0
actual,1745426383.1275914,394655.5109875858,4438782.900958444,0.03002261274073831,0
actual,1745426383.2275999,394655.5111215565,4438782.900928001,0.03002660954472546,0
actual,1745426383.3275275,394655.5112735004,4438782.900845402,0.03005111396742335,0
actual,1745426383.4275286,394655.5105654072,4438782.90189334,0.02998866608678716,0
actual,1745426383.5275097,394655.5103987458,4438782.901856736,0.030000778671795927,0
actual,1745426383.627541,394655.5102201744,4438782.901859283,0.03000198294897974,0
actual,1745426383.7275212,394655.51009606535,4438782.901849454,0.030030065296644363,0
actual,1745426383.8275836,394655.50992682425,4438782.901755838,0.030044726062361055,0
actual,1745426383.9275784,394655.5090258489,4438782.903068534,0.02999624081574079,0
actual,1745426384.0275998,394655.5088216914,4438782.903138219,0.030014095533988507,0
actual,1745426384.1274424,394655.5086126687,4438782.903165979,0.030032596024059815,0
actual,1745426384.2275167,394655.5083511827,4438782.903158549,0.03007214518490986,0
actual,1745426384.3275125,394655.50807454746,4438782.903147705,0.03011862330289044,0
actual,1745426384.42756,394655.5105603794,4438782.903632719,0.029992261465046122,0
actual,1745426384.5275977,394655.5105223993,4438782.903595246,0.030003710824939314,0
actual,1745426384.6275733,394655.5103716019,4438782.903557912,0.03003647065499913,0
actual,1745426384.727508,394655.5102423643,4438782.903473372,0.03002261274073831,0
actual,1745426384.8275025,394655.51008485653,4438782.903379336,0.03002393919096995,0
actual,1745426384.9275076,394655.50782962696,4438782.904606015,0.03000837085404203,0
actual,1745426385.0275288,394655.507598339,4438782.904629879,0.030019558414547346,0
actual,1745426385.1275926,394655.5072862703,4438782.904527442,0.03005551219713843,0
actual,1745426385.2275195,394655.50694080244,4438782.904359582,0.030067485155807143,0
actual,1745426385.3275647,394655.5065169957,4438782.904138046,0.03008186666884348,0
actual,1745426385.4276054,394655.5080914814,4438782.903198765,0.02995749450634637,0
actual,1745426385.5276208,394655.5080027715,4438782.902999403,0.029972155272063063,0
actual,1745426385.6276312,394655.50793138356,4438782.902721543,0.030017813085295292,0
actual,1745426385.727673,394655.5078507672,4438782.902429825,0.030042457134333487,0
actual,1745426385.8275805,394655.507763135,4438782.902043505,0.030106772517269554,0
actual,1745426385.9275713,394655.507630176,4438782.901677357,0.030105306440697862,0
actual,1745426386.0276213,394655.5084355868,4438782.903009566,0.030047780388552024,0
actual,1745426386.1275592,394655.50828913326,4438782.902898793,0.03006589690618787,0
actual,1745426386.2277615,394655.5081715217,4438782.902715774,0.030079737367156214,0
actual,1745426386.3276157,394655.50808102544,4438782.902531023,0.030067485155807143,0
actual,1745426386.4276483,394655.51019528636,4438782.9021777185,0.029964685262864537,0
actual,1745426386.5276203,394655.510175674,4438782.902022409,0.030004374050054888,0
actual,1745426386.6277568,394655.51013133954,4438782.901839333,0.030016626261403955,0
actual,1745426386.7276168,394655.5101307776,4438782.901591188,0.03005551219713843,0
actual,1745426386.8276927,394655.5101451382,4438782.901378085,0.03005336544215844,0
actual,1745426386.9276788,394655.5098476703,4438782.902338706,0.029956970907570855,0
actual,1745426387.0278223,394655.50979736156,4438782.902243114,0.029940721892234887,0
actual,1745426387.1276073,394655.5096789881,4438782.90205647,0.030011303007185422,0
actual,1745426387.227668,394655.50946524844,4438782.901914363,0.030036069229271194,0
actual,1745426387.3275645,394655.5091700994,4438782.9017317975,0.030027010970453395,0
actual,1745426387.4278507,394655.510887658,4438782.902728366,0.030032596024059815,0
actual,1745426387.5275822,394655.5109196629,4438782.9026911585,0.030025405267541647,0
actual,1745426387.6278028,394655.51088291884,4438782.902618131,0.030065216227779575,0
actual,1745426387.7278204,394655.5108347616,4438782.902423247,0.03010237428755447,0
actual,1745426387.8277035,394655.5107518255,4438782.902241275,0.030132062338130844,0
actual,1745426387.9277284,394655.51089422934,4438782.903859271,0.03003034454932472,0
actual,1745426388.027627,394655.5107881782,4438782.903909411,0.030029663870916424,0
actual,1745426388.1276014,394655.51060156734,4438782.90393895,0.030054046120566738,0
actual,1745426388.227576,394655.51036083343,4438782.903961253,0.030067362982759565,0
actual,1745426388.3275907,394655.5101563785,4438782.9039231,0.030081604869455845,0
actual,1745426388.4276118,394655.51070972905,4438782.904367176,0.029956028429774677,0
actual,1745426388.527704,394655.51058378234,4438782.904376855,0.02997161421999507,0
actual,1745426388.6275666,394655.5104533755,4438782.904324571,0.02998852646044686,0
actual,1745426388.7275105,394655.5102554703,4438782.904253001,0.030035126751475016,0
actual,1745426388.8276305,394655.510014572,4438782.904210224,0.030063226552432362,0
actual,1745426388.9275808,394655.51109592157,4438782.904208189,0.030003169772871076,0
actual,1745426389.0275571,394655.5110490447,4438782.904146464,0.030033800301243627,0
actual,1745426389.127653,394655.51097955013,4438782.904049238,0.03006308692609206,0
actual,1745426389.2275372,394655.51092135935,4438782.903882807,0.03008186666884348,0
actual,1745426389.3274832,394655.51090018614,4438782.903665821,0.030102513913894527,0
actual,1745426389.4275823,394655.51138825977,4438782.9035415435,0.030012629457416812,0
actual,1745426389.5275526,394655.5112703586,4438782.903362346,0.030052300791314684,0
actual,1745426389.6275015,394655.51101547334,4438782.903112963,0.030121677629081654,0
actual,1745426389.7275167,394655.51069546357,4438782.902870783,0.030141661649016886,0
actual,1745426389.82759,394655.5104308438,4438782.902624512,0.0301512435066102,0
actual,1745426389.9275336,394655.51149263245,4438782.90120028,0.029998108318040423,0
actual,1745426390.02752,394655.5115548384,4438782.9009487955,0.02999784651865254,0
actual,1745426390.1275187,394655.51158736215,4438782.900615772,0.030031531373216055,0
actual,1745426390.2274594,394655.5115828697,4438782.9003284,0.030026469918385156,0
actual,1745426390.3275216,394655.51150431205,4438782.89993939,0.030057100446757704,0
actual,1745426390.4275916,394655.51195303677,4438782.901494393,0.029977879952009786,0
actual,1745426390.5275183,394655.5117738209,4438782.901466873,0.030013694108260568,0
actual,1745426390.6275373,394655.51156427077,4438782.901391623,0.03001875556309147,0
actual,1745426390.7275617,394655.5113714769,4438782.901255475,0.030047920014892326,0
actual,1745426390.8275425,394655.51123299997,4438782.901187604,0.030037657478890468,0
actual,1745426390.9275284,394655.5109374006,4438782.90203591,0.02997400532107022,0
actual,1745426391.0275247,394655.5108844662,4438782.901975487,0.02996163093667357,0
actual,1745426391.1275444,394655.51075609983,4438782.901924926,0.029959623808033884,0
actual,1745426391.2276194,394655.5105280498,4438782.901776543,0.029994251140393332,0
actual,1745426391.327535,394655.51028587366,4438782.90158237,0.030026068492657217,0
actual,1745426391.4274895,394655.5121428689,4438782.902316827,0.030060835451356967,0
actual,1745426391.527531,394655.51220771525,4438782.902325038,0.030077468439128643,0
actual,1745426391.6275034,394655.51227283414,4438782.902317963,0.030102636086942355,0
actual,1745426391.7275321,394655.512290549,4438782.902317562,0.03011635437486287,0
actual,1745426391.8275318,394655.512238832,4438782.902319007,0.030131940165083266,0
actual,1745426391.9275193,394655.5121916753,4438782.902423513,0.030001302270571444,0
actual,1745426392.0275128,394655.51214852894,4438782.902337273,0.030007026950517917,0
actual,1745426392.1276503,394655.51207474543,4438782.90224287,0.030006765151130283,0
actual,1745426392.2276077,394655.51196812734,4438782.902142424,0.030016085209335963,0
actual,1745426392.3275528,394655.5118281364,4438782.901942847,0.03003779710523077,0
actual,1745426392.427591,394655.51165425265,4438782.901744455,0.03002741239618133,0
actual,1745426392.52748,394655.5127393593,4438782.903081146,0.0299874618096031,0
actual,1745426392.6275523,394655.51259394496,4438782.90304252,0.03002393919096995,0
actual,1745426392.72763,394655.5124318645,4438782.9029881945,0.030032735650399867,0
actual,1745426392.827551,394655.5122762631,4438782.902895371,0.030064151576935816,0
actual,1745426392.9275656,394655.51149062975,4438782.903324032,0.03000397262432695,0
actual,1745426393.0276117,394655.51129041804,4438782.90317865,0.030045249661136822,0
actual,1745426393.1276278,394655.5111041585,4438782.902997596,0.030058967949057335,0
actual,1745426393.2275114,394655.5109037744,4438782.902745726,0.03009239100423297,0
actual,1745426393.327631,394655.5106543973,4438782.902518416,0.030086526697946443,0
actual,1745426393.4276001,394655.5120376612,4438782.902364987,0.03000170369629938,0
actual,1745426393.5274498,394655.5119162693,4438782.902219518,0.029991057187862307,0
actual,1745426393.6275632,394655.5117816211,4438782.902050968,0.029997305466584297,0
actual,1745426393.7275627,394655.5116100124,4438782.901859084,0.030034062100631507,0
actual,1745426393.827649,394655.5114040942,4438782.901620191,0.03005790329821358,0
actual,1745426393.9275353,394655.51096517453,4438782.902449815,0.029950181576780623,0
actual,1745426394.0276551,394655.51070378505,4438782.902381875,0.03000584012662658,0
actual,1745426394.1275702,394655.51056189905,4438782.902321829,0.029973743521682587,0
actual,1745426394.227569,394655.51044489,4438782.90222606,0.030021024491119038,0
actual,1745426394.3275228,394655.5102490819,4438782.902177304,0.030000778671795927,0
actual,1745426394.42747,394655.5110072426,4438782.902765996,0.03000276834714314,0
actual,1745426394.5275645,394655.5108767963,4438782.902653092,0.030036331028659075,0
actual,1745426394.6277368,394655.5107724057,4438782.902546825,0.030063627978160302,0
actual,1745426394.7277606,394655.51074944047,4438782.902409086,0.0300917277791174,0
actual,1745426394.8277998,394655.5107326744,4438782.902240502,0.03010237428755447,0
actual,1745426394.9277294,394655.5117794651,4438782.902423444,0.02998973073763067,0
actual,1745426395.027635,394655.5117477815,4438782.902315831,0.02999585684330533,0
actual,1745426395.1275742,394655.51166187343,4438782.902133169,0.03003725605316253,0
actual,1745426395.2275734,394655.5115560049,4438782.901929656,0.030058426896989343,0
actual,1745426395.3276696,394655.5114609464,4438782.9016972985,0.03005629759530183,0
actual,1745426395.4277303,394655.511839478,4438782.903194899,0.030012489831076756,0
actual,1745426395.5278184,394655.51172080886,4438782.903172957,0.03004818181427996,0
actual,1745426395.6275837,394655.51154041156,4438782.903141056,0.030060835451356967,0
actual,1745426395.7275348,394655.51127547974,4438782.902997645,0.030113020795991544,0
actual,1745426395.8275266,394655.5111258582,4438782.90291666,0.030128082987436425,0
actual,1745426395.9275646,394655.51189449755,4438782.901871687,0.0300204834390508,0
actual,1745426396.0275373,394655.51183722843,4438782.901593889,0.03005551219713843,0
actual,1745426396.1276507,394655.5117324955,4438782.901378502,0.030011023754505064,0
actual,1745426396.227661,394655.5114760387,4438782.901041995,0.030029000645800604,0
actual,1745426396.3274908,394655.5110776544,4438782.900619804,0.03005310364277056,0
actual,1745426396.427551,394655.51166386093,4438782.902967465,0.030022211315010375,0
actual,1745426396.5275824,394655.51161428663,4438782.902917945,0.030040729258374158,0
actual,1745426396.6275713,394655.51159210363,4438782.902818084,0.030065757279847567,0
actual,1745426396.7275994,394655.5115421183,4438782.90270158,0.03005430791995462,0
actual,1745426396.8276217,394655.5113889579,4438782.902525232,0.030073209835753616,0
actual,1745426396.927746,394655.51205382403,4438782.904176595,0.030030065296644363,0
actual,1745426397.02766,394655.5119714459,4438782.904185246,0.030054569719342252,0
actual,1745426397.127712,394655.511892752,4438782.904145121,0.030082931319687235,0
actual,1745426397.2276874,394655.5118027062,4438782.904064557,0.030122340854197224,0
actual,1745426397.3275702,394655.5117229489,4438782.9038937,0.030184265136058146,0
actual,1745426397.4274673,394655.5114459343,4438782.90479985,0.030042457134333487,0
actual,1745426397.527538,394655.511334398,4438782.904699876,0.030055372570798378,0
actual,1745426397.6276507,394655.5111748431,4438782.904577798,0.030087853148177832,0
actual,1745426397.7275913,394655.51097134966,4438782.90442177,0.030100105359526903,0
actual,1745426397.8277922,394655.5107978323,4438782.904154886,0.030118745475938267,0
actual,1745426397.9277139,394655.51088292483,4438782.904260259,0.029994390766733634,0
actual,1745426398.0276456,394655.510762734,4438782.904041027,0.030056699021029767,0
actual,1745426398.127566,394655.510666196,4438782.903841233,0.030087992774518138,0
actual,1745426398.2276804,394655.51053822914,4438782.903572461,0.030136600194185983,0
actual,1745426398.3275995,394655.5103249185,4438782.903360822,0.03016176784199994,0
actual,1745426398.4277112,394655.5107426953,4438782.904632779,0.03002327596585413,0
actual,1745426398.5276065,394655.51064241224,4438782.9045682615,0.0300544300930022,0
actual,1745426398.6275823,394655.5104893391,4438782.904484314,0.030077869864856582,0
actual,1745426398.7275264,394655.5103352082,4438782.904387475,0.030070556935290586,0
actual,1745426398.8277092,394655.5101661205,4438782.904225025,0.03005657684798219,0
actual,1745426398.927572,394655.5124998394,4438782.9044846175,0.029978665350173184,0
actual,1745426399.0276074,394655.51247523224,4438782.904539917,0.029964964515544895,0
actual,1745426399.127565,394655.5123379632,4438782.904480285,0.029948436247528572,0
actual,1745426399.2275777,394655.51207148656,4438782.904374029,0.029952974103583708,0
actual,1745426399.3275332,394655.5117334419,4438782.904300821,0.029972155272063063,0
actual,1745426399.427571,394655.5070967432,4438782.903702289,0.02997707710055391,0
actual,1745426399.5275826,394655.5062112722,4438782.903473618,0.029977879952009786,0
actual,1745426399.6278045,394655.50545240054,4438782.9033458,0.02997095099487925,0
actual,1745426399.7276275,394655.5048124278,4438782.903072742,0.029986397158759344,0
actual,1745426399.8275814,394655.5042532763,4438782.902769383,0.03000624155235452,0
actual,1745426399.9276135,394655.5068240134,4438782.905532355,0.030021949515622492,0
actual,1745426400.027602,394655.50683284,4438782.90557311,0.03000517690151101,0
actual,1745426400.1275692,394655.5067488436,4438782.905541094,0.02999850974376836,0
actual,1745426400.227633,394655.5066247133,4438782.90541769,0.030047256789776506,0
actual,1745426400.3276546,394655.50646984373,4438782.905241215,0.03005430791995462,0
actual,1745426400.427617,394655.50776380464,4438782.9059225265,0.03000210512202732,0
actual,1745426400.5275693,394655.50776888395,4438782.905973001,0.030011425180233,0
actual,1745426400.627583,394655.5077326654,4438782.905902894,0.030031531373216055,0
actual,1745426400.7275465,394655.5076634764,4438782.905857874,0.030038861756074526,0
actual,1745426400.8275936,394655.5075632194,4438782.905845985,0.030021024491119038,0
actual,1745426400.9275303,394655.50834819814,4438782.904197519,0.030010622328777124,0
actual,1745426401.027595,394655.5083352659,4438782.903929324,0.030016748434451537,0
actual,1745426401.127565,394655.5083151451,4438782.903623657,0.030062022275248304,0
actual,1745426401.227623,394655.5082398514,4438782.903362305,0.030067083730079207,0
actual,1745426401.3275924,394655.5081072424,4438782.902943578,0.03008945885108983,0
actual,1745426401.4276607,394655.5105358462,4438782.903735658,0.029987723608990983,0
actual,1745426401.527612,394655.51049331913,4438782.90365082,0.0300023669214152,0
actual,1745426401.6276488,394655.51047466556,4438782.903426247,0.030036069229271194,0
actual,1745426401.7276578,394655.51047780196,4438782.903193599,0.03009851710990763,0
actual,1745426401.8275971,394655.51048358076,4438782.903067442,0.03008186666884348,0
actual,1745426401.9275825,394655.51023998734,4438782.904720824,0.029960164860101876,0
actual,1745426402.0276265,394655.5101357528,4438782.90456825,0.030019942386982808,0
actual,1745426402.1276057,394655.5099943868,4438782.904486611,0.030017289486519775,0
actual,1745426402.2277086,394655.5097755229,4438782.904318511,0.030024619869378245,0
actual,1745426402.3276079,394655.5094386842,4438782.904116765,0.030063366178772418,0
actual,1745426402.4275968,394655.5091321214,4438782.903833318,0.03012181725542171,0
actual,1745426402.5275474,394655.510915608,4438782.9058056725,0.03002500384181346,0
actual,1745426402.6275883,394655.5110280627,4438782.905707457,0.030094520305920486,0
actual,1745426402.7275403,394655.5111301353,4438782.905585498,0.03013419163981836,0
actual,1745426402.827636,394655.5112220793,4438782.905572828,0.030123684757721342,0
actual,1745426402.9276514,394655.51111141685,4438782.9041389115,0.029998108318040423,0
actual,1745426403.027612,394655.51095225586,4438782.903902691,0.02999545541757739,0
actual,1745426403.1275856,394655.5107013258,4438782.903722101,0.02995976343437394,0
actual,1745426403.2275927,394655.5104119864,4438782.903360634,0.03000397262432695,0
actual,1745426403.327529,394655.5101776546,4438782.903018308,0.03001421770703633,0
actual,1745426403.427595,394655.5109211216,4438782.90449845,0.029998247944380475,0
actual,1745426403.5275722,394655.51095408713,4438782.904428027,0.02998679858448753,0
actual,1745426403.627607,394655.510936075,4438782.9043501895,0.030022874540126195,0
actual,1745426403.7276337,394655.51087223575,4438782.904255264,0.030050834714742992,0
actual,1745426403.8277087,394655.51078779914,4438782.904076859,0.030065495480459933,0
actual,1745426403.9276803,394655.5104997975,4438782.902912285,0.030036069229271194,0
actual,1745426404.027607,394655.51032134844,4438782.902780603,0.03006176047586067,0
actual,1745426404.1276817,394655.5101701773,4438782.902576364,0.030077206639740763,0
actual,1745426404.2275987,394655.5099519576,4438782.902339623,0.03010890181895682,0
actual,1745426404.3277035,394655.50971692335,4438782.902085243,0.03013953234732937,0
actual,1745426404.4276152,394655.5108507677,4438782.902331865,0.03000276834714314,0
actual,1745426404.5275807,394655.51073175215,4438782.902188403,0.030027534569228912,0
actual,1745426404.6276748,394655.5105635028,4438782.902047881,0.030031269573828175,0
actual,1745426404.727603,394655.5103331847,4438782.901757014,0.030071342333453984,0
actual,1745426404.827598,394655.51004006516,4438782.901457403,0.03013593696907041,0
actual,1745426404.927539,394655.51021179085,4438782.903050187,0.02999039396274649,0
actual,1745426405.027484,394655.51016899926,4438782.902975429,0.030029402071528544,0
actual,1745426405.127529,394655.51009045716,4438782.902908207,0.030037395679502834,0
actual,1745426405.2277675,394655.50993761705,4438782.902780915,0.03008692812367438,0
actual,1745426405.3277378,394655.5097692207,4438782.90261537,0.03009532315737636,0
actual,1745426405.4275727,394655.5103314225,4438782.903099009,0.029992261465046122,0
actual,1745426405.5275118,394655.5102460942,4438782.90301141,0.0299833253792759,0
actual,1745426405.6275954,394655.5100947966,4438782.902894808,0.03000397262432695,0
actual,1745426405.7275336,394655.50993467803,4438782.902774404,0.030032194598331875,0
actual,1745426405.8275366,394655.5097384037,4438782.9026272865,0.030038320704006288,0
actual,1745426405.9275973,394655.511126069,4438782.902590079,0.029985192881575532,0
actual,1745426406.027638,394655.5110793173,4438782.902510662,0.030003047599823494,0
actual,1745426406.1275358,394655.5110116662,4438782.902386374,0.03000837085404203,0
actual,1745426406.2276022,394655.5109200062,4438782.902229358,0.029998649370108415,0
actual,1745426406.327491,394655.51080378855,4438782.9020664785,0.029983726805003837,0
actual,1745426406.4275248,394655.5107522352,4438782.902548876,0.02997400532107022,0
actual,1745426406.5275083,394655.5105975299,4438782.902438181,0.029963760238361083,0
actual,1745426406.627517,394655.51044059667,4438782.902260183,0.030010500155729546,0
actual,1745426406.7276063,394655.51029806177,4438782.902124233,0.030009295878545734,0
actual,1745426406.827624,394655.5101217943,4438782.90192916,0.03005657684798219,0
actual,1745426406.9275496,394655.51209033455,4438782.902781791,0.03000023761972769,0
actual,1745426407.0275483,394655.51211022533,4438782.902720871,0.030049770063899483,0
actual,1745426407.1275272,394655.5121269697,4438782.902670916,0.03005137576681123,0
actual,1745426407.2274804,394655.5121449758,4438782.902565921,0.0300825298939593,0
actual,1745426407.3275142,394655.5121511258,4438782.90244955,0.03009544533042394,0
actual,1745426407.4275377,394655.5107814742,4438782.903500719,0.030000778671795927,0
actual,1745426407.5275426,394655.5106583118,4438782.903451434,0.030013694108260568,0
actual,1745426407.6276174,394655.51050436613,4438782.903356225,0.030042579307381065,0
actual,1745426407.727609,394655.51033230335,4438782.903238934,0.03007893451570009,0
actual,1745426407.8276033,394655.510147676,4438782.903107121,0.03009598638249218,0
actual,1745426407.927534,394655.5106973834,4438782.9020720925,0.030010901581457482,0
actual,1745426408.0275505,394655.51065699017,4438782.901849607,0.030035528177203202,0
actual,1745426408.1275158,394655.51060777996,4438782.901589945,0.030051637566199114,0
actual,1745426408.2275164,394655.5105393783,4438782.90127921,0.030057641498825945,0
actual,1745426408.3275206,394655.5104551976,4438782.900931049,0.0300875913487902,0
actual,1745426408.4275384,394655.51068170066,4438782.901480677,0.029968018841735864,0
actual,1745426408.5275733,394655.51061594987,4438782.901363955,0.0299874618096031,0
actual,1745426408.6275754,394655.5105641227,4438782.90121692,0.03001489838544463,0
actual,1745426408.7275302,394655.5105427807,4438782.9010835085,0.030044726062361055,0
actual,1745426408.827553,394655.51049902616,4438782.900956538,0.03006949228444683,0
actual,1745426408.9275115,394655.5100136398,4438782.901904345,0.029981859302704205,0
actual,1745426409.0275896,394655.5099244768,4438782.90192175,0.02997400532107022,0
actual,1745426409.1275423,394655.5097954535,4438782.901873955,0.030011425180233,0
actual,1745426409.2276695,394655.50965690485,4438782.90186307,0.02999983619399975,0
actual,1745426409.3276114,394655.5095172426,4438782.9018064635,0.03001755128590766,0
actual,1745426409.427613,394655.5109046182,4438782.902065249,0.029993989341005698,0
actual,1745426409.5275707,394655.51083675434,4438782.902023092,0.030022874540126195,0
actual,1745426409.6275482,394655.5107874101,4438782.901942577,0.030072284811250162,0
actual,1745426409.7275274,394655.51090145804,4438782.901939053,0.030036854627434592,0
actual,1745426409.827617,394655.51094789983,4438782.901834776,0.030075478763781183,0
actual,1745426409.927607,394655.51073524624,4438782.901900766,0.030065355854119628,0
actual,1745426410.027755,394655.51064789074,4438782.901898914,0.030021687716234858,0
actual,1745426410.1276186,394655.5103288013,4438782.901754916,0.030084798821986867,0
actual,1745426410.227549,394655.51000717643,4438782.901679444,0.03008080201799972,0
actual,1745426410.3275871,394655.5097564053,4438782.901487262,0.030121677629081654,0
actual,1745426410.4276042,394655.51007006434,4438782.902181085,0.03001461913276427,0
actual,1745426410.5275934,394655.510158464,4438782.90217307,0.03004338215883719,0
actual,1745426410.6276011,394655.51028906193,4438782.902161265,0.0300404500056938,0
actual,1745426410.7276263,394655.510427183,4438782.902128649,0.03004657611136821,0
actual,1745426410.8277683,394655.5104947411,4438782.90207095,0.0300957245831043,0
actual,1745426410.9277563,394655.50992682937,4438782.901456145,0.029966814564552052,0
actual,1745426411.027611,394655.5096151689,4438782.901298917,0.030010901581457482,0
actual,1745426411.1275618,394655.5093215648,4438782.901193674,0.02999065576213437,0
actual,1745426411.2275589,394655.50904432475,4438782.901017728,0.03003713388011495,0
actual,1745426411.3275623,394655.5087577503,4438782.9008322535,0.03003978678057798,0
actual,1745426411.4275725,394655.5113788011,4438782.9008578155,0.029977740325669484,0
actual,1745426411.5275156,394655.5113578795,4438782.900765522,0.02996042665948976,0
actual,1745426411.6275253,394655.51108021196,4438782.90063767,0.02994138511735046,0
actual,1745426411.727537,394655.51070595277,4438782.900390017,0.02996721599027999,0
actual,1745426411.8275568,394655.510498251,4438782.900170543,0.02998294140684044,0
actual,1745426411.9275749,394655.5107492466,4438782.902066337,0.030024218443650063,0
actual,1745426412.0275273,394655.5108142687,4438782.902043558,0.030066019079235447,0
actual,1745426412.1275048,394655.5109174716,4438782.9020081125,0.03003713388011495,0
actual,1745426412.2275193,394655.51084308105,4438782.902003918,0.030045389287476874,0
actual,1745426412.3275394,394655.51056500385,4438782.90203319,0.030048042187939907,0
actual,1745426412.427477,394655.51024357474,4438782.901992346,0.030046052512592694,0
actual,1745426412.52752,394655.5107465749,4438782.902235541,0.030019156988819407,0
actual,1745426412.6276026,394655.5108450608,4438782.90223106,0.030003832997986896,0
actual,1745426412.7276251,394655.5108948742,4438782.902161313,0.030033538501855743,0
actual,1745426412.82759,394655.5109926703,4438782.90209593,0.030079074142040394,0
actual,1745426412.9275174,394655.50965662196,4438782.901913211,0.029926480005538606,0
actual,1745426413.0275862,394655.5099318953,4438782.901635586,0.029989050059222373,0
actual,1745426413.1275103,394655.5101533454,4438782.901368247,0.02999264543748158,0
actual,1745426413.2276149,394655.5101912408,4438782.901027102,0.030092129204845337,0
actual,1745426413.3275204,394655.5101434721,4438782.900950132,0.030016085209335963,0
actual,1745426413.4275596,394655.5111344665,4438782.90048657,0.030082268094571415,0
actual,1745426413.5275233,394655.51102220174,4438782.899929551,0.03014951563065087,0
actual,1745426413.6275141,394655.510730756,4438782.899673433,0.030115289724019362,0
actual,1745426413.7275128,394655.5104586221,4438782.899344006,0.030162029641387575,0
actual,1745426413.8274634,394655.51032468176,4438782.898903551,0.030125552260020973,0
actual,1745426413.92752,394655.51018143963,4438782.898443253,0.030184265136058146,0
actual,1745426414.027508,394655.50990816276,4438782.900132288,0.02998932931190273,0
actual,1745426414.1275597,394655.5098176967,4438782.899924963,0.030058304723941515,0
actual,1745426414.227567,394655.50970143767,4438782.899833285,0.030053906494226682,0
actual,1745426414.32754,394655.5094889061,4438782.899801946,0.030062964753044482,0
actual,1745426414.427525,394655.51164380676,4438782.900338571,0.030013030883144998,0
actual,1745426414.5275128,394655.5115711923,4438782.900328314,0.02996721599027999,0
actual,1745426414.6275442,394655.5114406943,4438782.9002422895,0.029955365204659103,0
actual,1745426414.7275808,394655.51108866645,4438782.900120463,0.029937388313363563,0
actual,1745426414.8275287,394655.51048885466,4438782.899755919,0.030055372570798378,0
actual,1745426414.9275408,394655.5081613243,4438782.902209369,0.030052178618267106,0
actual,1745426415.0275795,394655.50748971675,4438782.902523837,0.030063488351819996,0
actual,1745426415.1275349,394655.50712152943,4438782.902636873,0.030148573152854692,0
actual,1745426415.2275908,394655.5072247927,4438782.902878037,0.030152308157453955,0
actual,1745426415.3275456,394655.50773207436,4438782.9031380275,0.030181210809867177,0
actual,1745426415.4275339,394655.5113530285,4438782.900903563,0.030184142963010318,0
actual,1745426415.5274491,394655.51195071184,4438782.900704594,0.030241930814544037,0
actual,1745426415.627519,394655.51181926834,4438782.900516006,0.030248458345946385,0
actual,1745426415.727548,394655.5110712389,4438782.900374142,0.030244723341347122,0
actual,1745426415.8274982,394655.5101849913,4438782.90015696,0.030237131159101018,0
actual,1745426415.927511,394655.5092311617,4438782.901522597,0.029999975820340054,0
actual,1745426416.0275476,394655.50924333447,4438782.901534291,0.02999065576213437,0
actual,1745426416.1275172,394655.50958745886,4438782.901498322,0.029922483201551463,0
actual,1745426416.2275445,394655.51038515783,4438782.901383853,0.029958297357802244,0
actual,1745426416.3275213,394655.5116002107,4438782.901264355,0.029976274249097788,0
actual,1745426416.4275036,394655.50729517,4438782.899796705,0.030025544893881703,0
actual,1745426416.527609,394655.5078498465,4438782.899392627,0.030026749171065514,0
actual,1745426416.6275957,394655.5082176023,4438782.898979863,0.030023537765242015,0
actual,1745426416.727521,394655.5081981952,4438782.898565497,0.029999574394612115,0
actual,1745426416.8276305,394655.5072679828,4438782.898174979,0.02990583276048731,0
actual,1745426416.9275832,394655.50958720996,4438782.901403345,0.030062964753044482,0
actual,1745426417.0276582,394655.50760397373,4438782.90154757,0.030062563327316542,0
actual,1745426417.1275747,394655.5058025536,4438782.901671231,0.029996380442080844,0
actual,1745426417.2275531,394655.50492399686,4438782.9016077835,0.03013499449127423,0
actual,1745426417.327515,394655.5050505905,4438782.901813008,0.030025405267541647,0
actual,1745426417.4275405,394655.50467891485,4438782.90151973,0.030166951469878175,0
actual,1745426417.5275881,394655.5054772023,4438782.901609477,0.03006788658153508,0
actual,1745426417.6275358,394655.5064374531,4438782.901706699,0.030076683040965245,0
actual,1745426417.7275271,394655.5073997129,4438782.901849841,0.029914349967237117,0
actual,1745426417.8275497,394655.5081636106,4438782.901532629,0.030213167788471117,0
actual,1745426417.9275067,394655.50984549057,4438782.901273196,0.030144314549479915,0
actual,1745426418.0275223,394655.5105468144,4438782.90117671,0.03017600972869622,0
actual,1745426418.1276095,394655.5110245821,4438782.900958046,0.030279612473094453,0
actual,1745426418.2275498,394655.5111862975,4438782.9009198835,0.030145780626051607,0
actual,1745426418.3275626,394655.5109098251,4438782.900550278,0.030301184742649204,0
actual,1745426418.4275625,394655.5123619903,4438782.90042803,0.030179343307567545,0
actual,1745426418.5275412,394655.51174665854,4438782.8999934085,0.030385466692228025,0
actual,1745426418.6275377,394655.5111301674,4438782.899731365,0.030264026682874305,0
actual,1745426418.7275088,394655.5106591437,4438782.899205306,0.030390388520718622,0
actual,1745426418.8275576,394655.510503093,4438782.898760246,0.03038400061565633,0
actual,1745426418.9276242,394655.5074825584,4438782.901290406,0.0303532479142362,0
actual,1745426419.0275722,394655.5073665339,4438782.901234034,0.030466432516227996,0
actual,1745426419.1275644,394655.50748772686,4438782.901231585,0.03037162623125968,0
actual,1745426419.2274683,394655.5076373321,4438782.901077313,0.0305070463279218,0
actual,1745426419.327516,394655.5077436389,4438782.901123257,0.0304178250965599,0
actual,1745426419.4275541,394655.50884812087,4438782.901653665,0.030475612948093374,0
actual,1745426419.5275471,394655.50894882286,4438782.901648711,0.03048467120691142,0
actual,1745426419.6275744,394655.5089510612,4438782.901594479,0.030508233151813134,0
actual,1745426419.7275832,394655.508866846,4438782.9014882315,0.030478021502461247,0
actual,1745426419.827587,394655.5086502234,4438782.901353876,0.030459241759709828,0
actual,1745426419.9275403,394655.50936339155,4438782.903582284,0.03010904144529712,0
actual,1745426420.0275488,394655.5093539654,4438782.903610881,0.030104241789854103,0
actual,1745426420.1274626,394655.5094121312,4438782.903565638,0.03017761543160797,0
actual,1745426420.2275443,394655.5095354499,4438782.903599545,0.03015670638716904,0
actual,1745426420.3275137,394655.5096552815,4438782.90356032,0.030174543652124526,0
actual,1745426420.427541,394655.5102325617,4438782.9030356705,0.030020884864778986,0
actual,1745426420.5275385,394655.5102200536,4438782.902973609,0.030019820213935226,0
actual,1745426420.627549,394655.5101181031,4438782.90293765,0.0300304667223723,0
actual,1745426420.7275717,394655.5100106261,4438782.9028455,0.030043783584565126,0
actual,1745426420.8276145,394655.5099078302,4438782.9027215205,0.030058967949057335,0
actual,1745426420.9275498,394655.50900521677,4438782.903066647,0.029981475330268747,0
actual,1745426421.027554,394655.5117296124,4438782.903148503,0.029956028429774677,0
actual,1745426421.1275105,394655.5163868917,4438782.903197416,0.030000778671795927,0
actual,1745426421.2275348,394655.52576217824,4438782.903254447,0.030018615936751168,0
actual,1745426421.3275187,394655.53970382374,4438782.903435651,0.029989852910678495,0
actual,1745426421.4275665,394655.5581625324,4438782.904224539,0.03010171106243865,0
actual,1745426421.527537,394655.58524726063,4438782.904489099,0.030088254573905772,0
actual,1745426421.627517,394655.62064808584,4438782.90482176,0.030100786037935198,0
actual,1745426421.727554,394655.66500244953,4438782.905237953,0.030071080534066104,0
actual,1745426421.8275325,394655.71926351776,4438782.905634936,0.030129409437667815,0
actual,1745426421.927542,394655.78681078355,4438782.905361552,0.030111170746984637,0
actual,1745426422.0275583,394655.8635397381,4438782.905976383,0.030152971382569775,0
actual,1745426422.1275792,394655.95188476087,4438782.906688644,0.03021929389414553,0
actual,1745426422.2275584,394656.052425463,4438782.90768856,0.030187459088589167,0
actual,1745426422.3275332,394656.1665585973,4438782.908763455,0.03010596966581368,0
actual,1745426422.4275625,394656.2944393454,4438782.910012635,0.030004635849442768,0
actual,1745426422.5275261,394656.4321160833,4438782.912865741,0.030246451217306698,0
actual,1745426422.6275213,394656.5874319207,4438782.91431119,0.03003393992758368,0
actual,1745426422.7275155,394656.75755937694,4438782.915388785,0.03024392048989125,0
actual,1745426422.8275113,394656.9417923671,4438782.917451338,0.02982127155822838,0
actual,1745426422.9275331,394657.1429294079,4438782.917791998,0.02969663759634339,0
actual,1745426423.027563,394657.3503571235,4438782.918683727,0.03003753530584289,0
actual,1745426423.1275315,394657.5622278943,4438782.919796826,0.03036483690046945,0
actual,1745426423.227606,394657.77387581446,4438782.921341577,0.030558568447440804,0
actual,1745426423.327523,394657.98546091176,4438782.923388899,0.030633006740038427,0
actual,1745426423.4275587,394658.20640243555,4438782.928413338,0.030729558354258547,0
actual,1745426423.527522,394658.4192064026,4438782.930541637,0.03076989291327224,0
actual,1745426423.6275074,394658.6323398829,4438782.932584206,0.030633146366378483,0
actual,1745426423.7276168,394658.84523159184,4438782.934353692,0.030746854567145793,0
actual,1745426423.8276203,394659.0577129021,4438782.936089415,0.030849392660700515,0
actual,1745426423.9275773,394659.2694439712,4438782.938061618,0.030973101598082052,0
actual,1745426424.0275586,394659.46635899635,4438782.937468253,0.03125139434731233,0
actual,1745426424.127525,394659.67489502364,4438782.9395441925,0.03149760794489135,0
actual,1745426424.2275715,394659.88322126574,4438782.941677601,0.03132942801816917,0
actual,1745426424.3275263,394660.0917729601,4438782.943346711,0.03132330191249451,0
actual,1745426424.4275317,394660.2999952405,4438782.945082296,0.03147324314853351,0
actual,1745426424.5275743,394660.516703561,4438782.9503591,0.031020225487885727,0
actual,1745426424.6276228,394660.7247717122,4438782.952356183,0.03110346023991327,0
actual,1745426424.7276332,394660.9322836944,4438782.954622319,0.03133023086962504,0
actual,1745426424.82757,394661.1397363513,4438782.956170622,0.03131038647602987,0
actual,1745426424.9275422,394661.346915843,4438782.957974056,0.031529163497767354,0
actual,1745426425.027536,394661.55393621844,4438782.962634992,0.031685230839480764,0
actual,1745426425.1275117,394661.76203777775,4438782.96577421,0.03146976994332189,0
actual,1745426425.2275362,394661.9693630572,4438782.968571818,0.031548746091974646,0
actual,1745426425.3275177,394662.17610591813,4438782.971034046,0.03154021143193236,0
actual,1745426425.427562,394662.3849255163,4438782.968803656,0.03157044053457698,0
actual,1745426425.5275395,394662.59052508953,4438782.97026557,0.031684026562296706,0
actual,1745426425.6277542,394662.7967190293,4438782.971865655,0.03191531759477114,0
actual,1745426425.7276387,394663.0022310852,4438782.973448891,0.03205393164396453,0
actual,1745426425.8275328,394663.2068647136,4438782.975142368,0.03213104029031766,0
actual,1745426425.9275684,394663.4046590397,4438782.979668194,0.03213463566857662,0
actual,1745426426.027513,394663.60726653645,4438782.98229079,0.032112801599634234,0
actual,1745426426.1275442,394663.80950836703,4438782.984504853,0.03208389894722126,0
actual,1745426426.227592,394664.0108930392,4438782.986415655,0.03201584855968593,0
actual,1745426426.3276355,394664.2119326194,4438782.988644349,0.03212477455830295,0
actual,1745426426.427572,394664.4182179174,4438782.987546586,0.03209522613406663,0
actual,1745426426.5275068,394664.6190877004,4438782.988817001,0.03234130010530534,0
actual,1745426426.6275227,394664.81879294844,4438782.990031806,0.03258458154974071,0
actual,1745426426.7275164,394665.01784339553,4438782.991697033,0.03263863439667517,0
actual,1745426426.8275175,394665.2168476949,4438782.993764943,0.03279403851327277,0
actual,1745426426.9275157,394665.41526888544,4438783.001094164,0.03256074035215864,0
actual,1745426427.0275676,394665.6129742202,4438783.003476463,0.032625718960210284,0
actual,1745426427.1275418,394665.8100614193,4438783.005928972,0.0324054758619011,0
actual,1745426427.2275476,394666.0064805242,4438783.008425571,0.032352208413130294,0
actual,1745426427.3275366,394666.2024074785,4438783.010830459,0.03257419684069152,0
actual,1745426427.427552,394666.3953626239,4438783.01411633,0.03250588465376831,0
actual,1745426427.5275433,394666.5892441257,4438783.01601639,0.03282718231576804,0
actual,1745426427.6275446,394666.7823221998,4438783.018798776,0.032957558410891985,0
actual,1745426427.7275274,394666.97502910753,4438783.021831423,0.03282067223765817,0
actual,1745426427.8275502,394667.1666655827,4438783.025048458,0.03276101688382482,0
actual,1745426427.9275684,394667.3576563223,4438783.027970363,0.032697766151732754,0
actual,1745426428.0276465,394667.54714577366,4438783.028392938,0.03249668676861046,0
actual,1745426428.12755,394667.7369633417,4438783.030802837,0.032414795920106786,0
actual,1745426428.2275312,394667.9262565104,4438783.03305235,0.032569397185248504,0
actual,1745426428.3275075,394668.1152531924,4438783.035196433,0.03265287628337145,0
actual,1745426428.4275339,394668.30877691176,4438783.0354031725,0.032810409701656315,0
actual,1745426428.5275123,394668.49742978375,4438783.03698744,0.032980457130678126,0
actual,1745426428.6275644,394668.68529125303,4438783.039166962,0.033074722363578446,0
actual,1745426428.7275515,394668.8727536511,4438783.041493826,0.0330599568781064,0
actual,1745426428.827547,394669.06013660925,4438783.043807238,0.03300082512304906,0
actual,1745426428.9275134,394669.247137623,4438783.045864652,0.03294211224701189,0
actual,1745426429.0275548,394669.4317898884,4438783.044739282,0.032738240337086506,0
actual,1745426429.1274343,394669.6177110666,4438783.046339328,0.03269682367393658,0
actual,1745426429.2275188,394669.8033685187,4438783.047908374,0.03274623394506055,0
actual,1745426429.327581,394669.9889731696,4438783.049100103,0.033009481956138925,0
actual,1745426429.4275408,394670.17400309787,4438783.050018158,0.033221731446473814,0
actual,1745426429.5275235,394670.3520739293,4438783.054287423,0.03327419604378875,0
actual,1745426429.6275492,394670.5353688847,4438783.0564506445,0.033289118608893324,0
actual,1745426429.7275238,394670.71833271673,4438783.05858647,0.03335409721694521,0
actual,1745426429.8275187,394670.9010721479,4438783.060449673,0.03325621915249321,0
actual,1745426429.9275267,394671.083390936,4438783.062253167,0.03318005298393625,0
actual,1745426430.0275192,394671.26869699976,4438783.065355725,0.03298391288259703,0
actual,1745426430.127581,394671.4510643701,4438783.067269037,0.03303625530686439,0
actual,1745426430.2275846,394671.63324981066,4438783.0693602385,0.03299670614601434,0
actual,1745426430.3275115,394671.81530635507,4438783.070708412,0.03314291237745383,0
actual,1745426430.4275641,394671.99919715093,4438783.077489994,0.033251035524614975,0
actual,1745426430.5275166,394672.18079511053,4438783.080320133,0.03338738064578054,0
actual,1745426430.6275415,394672.3625287376,4438783.083091912,0.03331828306069418,0
actual,1745426430.727508,394672.5440922795,4438783.085877924,0.03331788163496624,0
actual,1745426430.827566,394672.72555139504,4438783.088450455,0.03336008369627957,0
actual,1745426430.9275877,394672.907370027,4438783.08388222,0.03322227249854205,0
actual,1745426431.0276191,394673.088789592,4438783.085374639,0.03314251095172589,0
actual,1745426431.1275163,394673.2702361992,4438783.086755993,0.03322892220299198,0
actual,1745426431.2275689,394673.45183049946,4438783.088006589,0.03324637549551201,0
actual,1745426431.3275106,394673.6331117485,4438783.088720875,0.033512555659733774,0
actual,1745426431.4275596,394673.81180932606,4438783.095629633,0.03348499691084467,0
actual,1745426431.5275156,394673.9922085436,4438783.098201573,0.033744509917323785,0
actual,1745426431.6275043,394674.1726590409,4438783.101038939,0.03355969700282992,0
actual,1745426431.727524,394674.35286801757,4438783.103375313,0.033669408399610336,0
actual,1745426431.8276157,394674.53315993154,4438783.105524102,0.03367127590190997,0
actual,1745426431.9275703,394674.7120508972,4438783.105794843,0.0335423833366502,0
actual,1745426432.0276256,394674.89154224406,4438783.1080235625,0.03351494676080892,0
actual,1745426432.12752,394675.0707849227,4438783.109575868,0.03351695388944861,0
actual,1745426432.2275364,394675.24982053915,4438783.111337391,0.03380577097406864,0
actual,1745426432.3275115,394675.4284892868,4438783.11260382,0.0338385308041287,0
actual,1745426432.4275093,394675.60642122064,4438783.1144232135,0.03397953595439723,0
actual,1745426432.5275815,394675.78788780485,4438783.114289766,0.03420204798073398,0
actual,1745426432.6275446,394675.965853386,4438783.116164923,0.03394277932035027,0
actual,1745426432.7275605,394676.14352437074,4438783.117744927,0.0341555698627534,0
actual,1745426432.8275578,394676.3207912192,4438783.11952215,0.033974875925294516,0
actual,1745426432.92753,394676.4972921041,4438783.125034456,0.03387554923756354,0
actual,1745426433.0275605,394676.67350837373,4438783.126968904,0.03391536019780147,0
actual,1745426433.1275136,394676.8490644833,4438783.129365112,0.03374079236601699,0
actual,1745426433.2275167,394677.0244719123,4438783.131445461,0.03402109224388721,0
actual,1745426433.3275824,394677.1991749025,4438783.13299667,0.03416169596842781,0
actual,1745426433.4275477,394677.3713011919,4438783.132677681,0.03432987589514999,0
actual,1745426433.5275545,394677.54501633655,4438783.134235221,0.034540397509525554,0
actual,1745426433.6275303,394677.7182489292,4438783.136244482,0.03455664652486177,0
actual,1745426433.727597,394677.8909658254,4438783.137939335,0.03461563865357905,0
actual,1745426433.8275957,394678.06344994006,4438783.140167964,0.03462256761070959,0
actual,1745426433.9274542,394678.23996700835,4438783.141288318,0.034491790089857706,0
actual,1745426434.0275424,394678.41197986645,4438783.143084866,0.03423000815535102,0
actual,1745426434.1275115,394678.58333529416,4438783.144684861,0.03442162785392734,0
actual,1745426434.2275739,394678.7537787152,4438783.146601999,0.034511233057724945,0
actual,1745426434.3275192,394678.92357556673,4438783.148087926,0.03462056048206965,0
actual,1745426434.4275186,394679.0911259119,4438783.151579092,0.03481696238279676,0
actual,1745426434.5275137,394679.25855513127,4438783.153326852,0.03505012091757058,0
actual,1745426434.6275177,394679.4252460229,4438783.155555464,0.03522908697907014,0
actual,1745426434.7275102,394679.5909615756,4438783.15780989,0.03503628045660224,0
actual,1745426434.8276067,394679.7555250895,4438783.159906986,0.035026960398396555,0
actual,1745426434.927533,394679.91788326565,4438783.160318922,0.03503148080115921,0
actual,1745426435.0275333,394680.08024755237,4438783.1621752335,0.034807642324591076,0
actual,1745426435.1275406,394680.2420586032,4438783.163976976,0.03468234513759027,0
actual,1745426435.2275333,394680.4029908425,4438783.165741435,0.034714703541922395,0
actual,1745426435.3275347,394680.5633490833,4438783.167323526,0.03473973156339605,0
actual,1745426435.4275272,394680.725654774,4438783.169097188,0.03482043558800814,0
actual,1745426435.5275128,394680.88455842674,4438783.170591205,0.03498062190675628,0
actual,1745426435.6275287,394681.0427497468,4438783.172476126,0.03508354397274621,0
actual,1745426435.727522,394681.2003671555,4438783.174218912,0.03517862951039488,0
actual,1745426435.8275523,394681.3571711863,4438783.17589299,0.03521617154260524,0
actual,1745426435.9275424,394681.5067585704,4438783.178640557,0.035287956934739836,0
actual,1745426436.027526,394681.66096174234,4438783.1804068675,0.03524800634816161,0
actual,1745426436.1275089,394681.8145275932,4438783.182086667,0.03525212532519633,0
actual,1745426436.2275474,394681.9675599927,4438783.18405326,0.03505092376902645,0
actual,1745426436.3275495,394682.11992510676,4438783.185657866,0.03514319932657956,0
actual,1745426436.4275494,394682.2787003138,4438783.186215097,0.03519793285192207,0
actual,1745426436.5275617,394682.43131419335,4438783.187536658,0.03529647414148965,0
actual,1745426436.6275644,394682.58311939985,4438783.188603959,0.03540367226414708,0
actual,1745426436.7276134,394682.7343185233,4438783.189975922,0.03552830622603207,0
actual,1745426436.8276038,394682.88505315175,4438783.191683889,0.03574921254945682,0
actual,1745426436.9274375,394683.0356574986,4438783.193683396,0.03568501933956859,0
actual,1745426437.0275354,394683.1790401302,4438783.196268947,0.03559993453853389,0
actual,1745426437.1275375,394683.3275370585,4438783.197689555,0.035700744756129034,0
actual,1745426437.2275383,394683.475508325,4438783.19964524,0.035489158490909715,0
actual,1745426437.327647,394683.62298661406,4438783.201462071,0.03543802034382642,0
actual,1745426437.4275723,394683.7785282348,4438783.204139586,0.035226032652879165,0
actual,1745426437.5275183,394683.9266530485,4438783.205832132,0.035424040256517776,0
actual,1745426437.627615,394684.07440192736,4438783.207286211,0.03540566193949429,0
actual,1745426437.7275176,394684.22173195187,4438783.20870797,0.03545838833619711,0
actual,1745426437.8276212,394684.36826563417,4438783.210310362,0.03564362012971138,0
actual,1745426437.9275355,394684.5146775812,4438783.218604582,0.025000427818124584,0
actual,1745426438.0275128,394684.6599144189,4438783.220014999,0.025259958277896174,0
actual,1745426438.127606,394684.8051479433,4438783.2217192175,0.025345968103434573,0
actual,1745426438.2277062,394684.95008661924,4438783.223306127,0.025297639936446837,0
actual,1745426438.3275256,394685.09493121353,4438783.224511486,0.025378466134106506,0
actual,1745426438.4275417,394685.2282909584,4438783.230154364,0.025263675829202963,0
actual,1745426438.527516,394685.3710096646,4438783.232358186,0.02518644500980225,0
actual,1745426438.6275609,394685.5135823024,4438783.234806817,0.025045038433805532,0
actual,1745426438.7275183,394685.65596719785,4438783.237031481,0.025020394384767584,0
actual,1745426438.827516,394685.7979797061,4438783.238799726,0.024976324821154628,0
actual,1745426438.927568,394685.9499889563,4438783.242330284,0.02503091872015708,0
actual,1745426439.027653,394686.0930261612,4438783.244574148,0.025226395596380485,0
actual,1745426439.1275842,394686.23601232196,4438783.246712257,0.02541160993660203,0
actual,1745426439.227542,394686.37901590613,4438783.24855915,0.025424263573679037,0
actual,1745426439.3275106,394686.52211411006,4438783.25066759,0.025737986506724892,0
actual,1745426439.4275215,394686.6685344689,4438783.250254091,0.025575670886289488,0
actual,1745426439.5275114,394686.8127822266,4438783.251916191,0.025746503713474696,0
actual,1745426439.6275172,394686.95727621997,4438783.253420716,0.025789648252583952,0
actual,1745426439.7275567,394687.10172990087,4438783.254917832,0.025536784950555013,0
actual,1745426439.8275676,394687.2461063926,4438783.256480512,0.02545023407294862,0
actual,1745426439.9275656,394687.39254839334,4438783.256417758,0.02545356765181995,0
actual,1745426440.0275536,394687.53789891285,4438783.257443746,0.025387122967196616,0
actual,1745426440.1274762,394687.68366116355,4438783.258485002,0.025374329703779307,0
actual,1745426440.2275238,394687.8298279763,4438783.2594326455,0.025574868034833612,0
actual,1745426440.3275115,394687.9761271314,4438783.260026652,0.02566661999361096,0
actual,1745426440.427519,394688.12392376387,4438783.265780727,0.025810557297022883,0
actual,1745426440.5275564,394688.2713033252,4438783.268028348,0.025913095390577606,0
actual,1745426440.6275558,394688.41950698756,4438783.270343346,0.025794709707414855,0
actual,1745426440.7275329,394688.56793785305,4438783.272284454,0.025767150958525747,0
actual,1745426440.8274758,394688.7163049928,4438783.273982116,0.025929728378349035,0
actual,1745426440.9275236,394688.8627246363,4438783.272150448,0.02576421880538236,0
actual,1745426441.0275843,394689.01142709353,4438783.273761016,0.025654891381037406,0
actual,1745426441.1275105,394689.1605653167,4438783.275506113,0.02562267260304558,0
actual,1745426441.227517,394689.31012824556,4438783.276539796,0.025350366333149407,0
actual,1745426441.327556,394689.45994806336,4438783.277760258,0.025632533713319503,0
actual,1745426441.4275217,394689.6102578384,4438783.278947764,0.025748912267842324,0
actual,1745426441.5275652,394689.76794305193,4438783.2837879835,0.025587259872522736,0
actual,1745426441.6275597,394689.92004657304,4438783.285340919,0.025808288368995316,0
actual,1745426441.727509,394690.07268972497,4438783.286835033,0.026039858654149862,0
actual,1745426441.827585,394690.2256954947,4438783.288674466,0.025981669376888453,0
actual,1745426441.9275393,394690.3785353732,4438783.290354046,0.026123739178000746,0
actual,1745426442.027528,394690.5252403682,4438783.2949164575,0.02619271459003953,0
actual,1745426442.127518,394690.67851404595,4438783.297257806,0.026054240167186198,0
actual,1745426442.2275693,394690.8323402906,4438783.299330972,0.025982856200779787,0
actual,1745426442.327571,394690.9867531672,4438783.301493342,0.02584158925112337,0
actual,1745426442.4275596,394691.14091011544,4438783.303679421,0.02598526475514741,0
actual,1745426442.5275266,394691.29755835,4438783.300340718,0.02589365242271037,0
actual,1745426442.627593,394691.45303232037,4438783.301583271,0.02605703269398953,0
actual,1745426442.7275476,394691.6084806055,4438783.302751591,0.02625277136960057,0
actual,1745426442.8276234,394691.7644529439,4438783.304187931,0.02635078906039263,0
actual,1745426442.927551,394691.91988176364,4438783.3089690525,0.02638433428861609,0
actual,1745426443.0275528,394692.07634324103,4438783.311121867,0.026362238420285827,0
actual,1745426443.1275136,394692.23329945747,4438783.312786785,0.026349322983820936,0
actual,1745426443.2275434,394692.3909999054,4438783.314358439,0.026347054055793368,0
actual,1745426443.327536,394692.54949963815,4438783.315755541,0.026203116752381444,0
actual,1745426443.4275148,394692.7079998062,4438783.317104883,0.0259742168209824,0
actual,1745426443.527512,394692.8661648686,4438783.318889902,0.02624784954110997,0
actual,1745426443.627547,394693.0237073035,4438783.320788882,0.026069424531678653,0
actual,1745426443.7275496,394693.1795701793,4438783.3223528555,0.026157563658904318,0
actual,1745426443.827544,394693.33199949935,4438783.323786519,0.02630870917212713,0
actual,1745426443.9275677,394693.4809234882,4438783.32554837,0.026231199100046065,0
actual,1745426444.0275705,394693.62648531125,4438783.329950675,0.02651230182937216,0
actual,1745426444.1275053,394693.7696191337,4438783.33259759,0.026254900671288082,0
actual,1745426444.2274585,394693.91000218876,4438783.334488161,0.026374211378954536,0
actual,1745426444.3275611,394694.04766512563,4438783.336027661,0.0265417280805609,0
actual,1745426444.4275763,394694.1841717421,4438783.336897713,0.02638634141725578,0
actual,1745426444.5275977,394694.31548179296,4438783.338389988,0.026418699821587656,0
actual,1745426444.6275535,394694.44396831386,4438783.340460632,0.026236400181217024,0
actual,1745426444.7276013,394694.5692232548,4438783.34200536,0.026195786369522973,0
actual,1745426444.8276238,394694.6909249793,4438783.343285491,0.026362238420285827,0
actual,1745426444.9275172,394694.8089999012,4438783.345597786,0.02617328907546477,0
actual,1745426445.0275614,394694.9239742671,4438783.347248601,0.026478616974808643,0
actual,1745426445.1275406,394695.0351715573,4438783.34920845,0.02640311403136751,0
actual,1745426445.2275398,394695.1425969398,4438783.350846771,0.026403375830755145,0
actual,1745426445.3275554,394695.24677440635,4438783.352381992,0.026665175218554302,0
actual,1745426445.4275231,394695.3475030992,4438783.354283041,0.026664494540146008,0
actual,1745426445.527512,394695.4458934604,4438783.350608921,0.026748532143629673,0
actual,1745426445.62754,394695.5397628031,4438783.351711529,0.026531605170899343,0
actual,1745426445.7275243,394695.6302164503,4438783.352733647,0.026600458409890546,0
actual,1745426445.8275802,394695.71748101566,4438783.35350399,0.026743331062458714,0
actual,1745426445.927536,394695.8014303212,4438783.354468545,0.026581416867751246,0
actual,1745426446.0275385,394695.8813982825,4438783.356973452,0.026723748468251422,0
actual,1745426446.1275845,394695.9578257029,4438783.358058692,0.026508305025385263,0
actual,1745426446.227587,394696.0305261899,4438783.358928282,0.02665531410828063,0
actual,1745426446.3276145,394696.0995788387,4438783.359825285,0.026684478560081486,0
actual,1745426446.4276059,394696.10628608504,4438783.359915088,0.026665559190989764,0
