type,timestamp,x,y,yaw,target_waypoint_idx
actual,1746046575.5319548,394677.95715220494,4438788.54268451,-0.006468417100693847,0
actual,1746046575.5320067,394677.95715220494,4438788.54268451,-0.006468417100693847,0
actual,1746046575.937158,394677.9571529623,4438788.542682101,-0.00664525386050589,0
actual,1746046575.937204,394677.9571529623,4438788.542682101,-0.00664525386050589,0
actual,1746046576.0372875,394677.95788119617,4438788.542844033,-0.0065270078036831925,0
actual,1746046576.1373506,394677.9578850875,4438788.542838905,-0.0065115616398031,0
actual,1746046576.237354,394677.9578857298,4438788.542834073,-0.0064930611497317926,0
actual,1746046576.3373406,394677.9565645043,4438788.541683446,-0.006526746004295311,0
actual,1746046576.4373353,394677.95640133566,4438788.541646112,-0.006496255102263064,0
actual,1746046576.5373428,394677.9562540124,4438788.54164216,-0.00648159433654637,0
actual,1746046576.6373389,394677.95608330925,4438788.541642556,-0.006477614985851701,0
actual,1746046576.7373514,394677.95591530553,4438788.541635105,-0.006453895961317208,0
actual,1746046576.8373353,394677.9557692518,4438788.541660939,-0.006451103434513875,0
actual,1746046576.9373791,394677.95665880886,4438788.541708204,-0.0065268681773431375,0
actual,1746046577.037378,394677.95668918395,4438788.541775056,-0.006533395708745486,0
actual,1746046577.1594312,394677.9568207668,4438788.5418323735,-0.006531144234010393,0
actual,1746046577.2423098,394677.9568035764,4438788.541859124,-0.006494247973623377,0
actual,1746046577.3684373,394677.95584045124,4438788.542130136,-0.006536467488228929,0
actual,1746046577.4373949,394677.95540157094,4438788.542244339,-0.006511701266143155,0
actual,1746046577.5373511,394677.9549946338,4438788.542390687,-0.0065135513151503115,0
actual,1746046577.6373494,394677.954706211,4438788.542559707,-0.006537654312120265,0
actual,1746046577.737349,394677.95441388985,4438788.542771313,-0.006558825155947079,0
actual,1746046577.837397,394677.9549871313,4438788.54148037,-0.006636736653756083,0
actual,1746046577.9373496,394677.95508264995,4438788.541363791,-0.006604500422471783,0
actual,1746046578.0373397,394677.95522413024,4438788.541272737,-0.0066207494378077505,0
actual,1746046578.137334,394677.95533578476,4438788.541197882,-0.006614623332133339,0
actual,1746046578.237334,394677.95535158704,4438788.541104849,-0.006609963303030375,0
actual,1746046578.3372655,394677.9553326926,4438788.540977367,-0.00657654024785474,0
actual,1746046578.4373343,394677.955852124,4438788.541609538,-0.0065139527408782484,0
actual,1746046578.537336,394677.9558932048,4438788.541611749,-0.006528735679642769,0
actual,1746046578.6373723,394677.9559875445,4438788.541641454,-0.006533395708745486,0
actual,1746046578.737371,394677.9560794135,4438788.541675248,-0.006554042953796535,0
actual,1746046578.837336,394677.9561987345,4438788.541667521,-0.0065572369063278055,0
actual,1746046578.9373353,394677.95533259487,4438788.54145289,-0.006602772546512207,0
actual,1746046579.0373375,394677.95531264716,4438788.541453728,-0.00661809653734472,0
actual,1746046579.137367,394677.95525690017,4438788.541468271,-0.006619545160623939,0
actual,1746046579.2373667,394677.9552138898,4438788.5414379565,-0.006633542701224812,0
actual,1746046579.3373785,394677.95526275237,4438788.542381214,-0.006555107604640292,0
actual,1746046579.437417,394677.95525016374,4438788.542410334,-0.006549644724081452,0
actual,1746046579.537292,394677.9552189881,4438788.542442113,-0.00654578754643461,0
actual,1746046579.6373534,394677.9552104114,4438788.542497748,-0.0065576383320557425,0
actual,1746046579.7374032,394677.9552094834,4438788.542526759,-0.006562158734818404,0
actual,1746046579.8373504,394677.9548757153,4438788.5415490465,-0.006573206668983414,0
actual,1746046579.937348,394677.9548207928,4438788.5414809715,-0.006557900131443377,0
actual,1746046580.0373337,394677.954823432,4438788.54143006,-0.006574672745555108,0
actual,1746046580.1373482,394677.95479548344,4438788.541337115,-0.006581601702685642,0
actual,1746046580.23734,394677.9547392944,4438788.541222842,-0.006550709374925209,0
actual,1746046580.337351,394677.9547320362,4438788.541126768,-0.006574812371895411,0
actual,1746046580.4373362,394677.9557046521,4438788.541915935,-0.00657654024785474,0
actual,1746046580.5374594,394677.95582421287,4438788.541856741,-0.0065391203886919595,0
actual,1746046580.6373425,394677.9559349556,4438788.541864312,-0.006571216993636203,0
actual,1746046580.7373345,394677.956003049,4438788.541830464,-0.006551110800653147,0
actual,1746046580.8373399,394677.9560133274,4438788.541813471,-0.006566958390261424,0
actual,1746046580.937339,394677.9560583837,4438788.54170564,-0.006540726091603956,0
actual,1746046581.0373569,394677.956216802,4438788.541605978,-0.006527269603071075,0
actual,1746046581.1373398,394677.95641475247,4438788.541517613,-0.006563363012002216,0
actual,1746046581.2373428,394677.95648030227,4438788.541433403,-0.006563363012002216,0
actual,1746046581.337339,394677.9562788907,4438788.542456603,-0.006538195364188506,0
actual,1746046581.4373379,394677.95631286077,4438788.542420765,-0.006531528206445854,0
actual,1746046581.5373392,394677.9563275111,4438788.542478226,-0.006532331057901729,0
actual,1746046581.6373365,394677.956306286,4438788.5425015045,-0.00651901419570915,0
actual,1746046581.7373383,394677.956309905,4438788.542533156,-0.006553501901728542,0
actual,1746046581.8373892,394677.957160734,4438788.5427276,-0.006579472400998128,0
actual,1746046581.93738,394677.9571883107,4438788.542757298,-0.006588932085543864,0
actual,1746046582.0373633,394677.95717415074,4438788.542786997,-0.006570675941568211,0
actual,1746046582.1373363,394677.95720237156,4438788.54292062,-0.006605966499043478,0
actual,1746046582.237338,394677.95726527995,4438788.543073821,-0.006664033603257308,0
actual,1746046582.3372667,394677.95564060553,4438788.543495204,-0.006545525747046976,0
actual,1746046582.4373448,394677.95555796765,4438788.543430473,-0.006554967978300237,0
actual,1746046582.537294,394677.9554865769,4438788.54342006,-0.0065562944285316276,0
actual,1746046582.6374,394677.955473481,4438788.543284113,-0.006548039021169703,0
actual,1746046582.7373512,394677.955508929,4438788.543110627,-0.006537933564800623,0
actual,1746046582.8373456,394677.9563929718,4438788.543261963,-0.006551372600041029,0
actual,1746046582.9373665,394677.9564720123,4438788.543381559,-0.006542453967563285,0
actual,1746046583.037337,394677.9564738639,4438788.543486049,-0.006560291232518773,0
actual,1746046583.1373427,394677.95636177936,4438788.543647718,-0.006612755829833708,0
actual,1746046583.2373328,394677.95618431014,4438788.543760225,-0.006610766154486497,0
actual,1746046583.3373384,394677.95640026283,4438788.543621316,-0.0065608322845867656,0
actual,1746046583.4373646,394677.95635087544,4438788.543668722,-0.006548841872625578,0
actual,1746046583.5373473,394677.95638113737,4438788.54375617,-0.006549382924693818,0
actual,1746046583.6373427,394677.9564075733,4438788.543752309,-0.006544443642910495,0
actual,1746046583.7373886,394677.9563464476,4438788.543746122,-0.006504370883284933,0
actual,1746046583.8373694,394677.95623724815,4438788.543018251,-0.006547515422394187,0
actual,1746046583.9373326,394677.9561140892,4438788.543080556,-0.006525140301383561,0
actual,1746046584.0373354,394677.95602263696,4438788.542923467,-0.006502765180372936,0
actual,1746046584.1373158,394677.9559465461,4438788.542902286,-0.006518612769981213,0
actual,1746046584.237371,394677.9558177941,4438788.543131556,-0.006589455684319629,0
actual,1746046584.3373847,394677.95566935,4438788.54293258,-0.0065010373044136075,0
actual,1746046584.4373662,394677.95582124195,4438788.54116561,-0.0064923804713237455,0
actual,1746046584.5373447,394677.9559776884,4438788.541182482,-0.006543920044134979,0
actual,1746046584.63737,394677.95610195445,4438788.541071793,-0.006554967978300237,0
actual,1746046584.737361,394677.9561123069,4438788.540791329,-0.006488523293676655,0
actual,1746046584.8372936,394677.95614544506,4438788.540793924,-0.006491717246207926,0
actual,1746046584.9373486,394677.95624977606,4438788.543017559,-0.006507442662768376,0
actual,1746046585.0373504,394677.9565165048,4438788.543094052,-0.00645244733803799,0
actual,1746046585.137337,394677.956800921,4438788.543341237,-0.00645989989394404,0
actual,1746046585.2373447,394677.9569920609,4438788.543664478,-0.0064882614942890215,0
actual,1746046585.3373368,394677.95712125825,4438788.543818,-0.0064287457667959735,0
actual,1746046585.4373405,394677.95556425815,4438788.541313607,-0.006478679636695458,0
actual,1746046585.5372572,394677.9555405008,4438788.541176527,-0.006466287799006333,0
actual,1746046585.6373444,394677.95556233963,4438788.540947284,-0.006467212823509787,0
actual,1746046585.7373517,394677.95559348224,4438788.540765056,-0.00648320003945812,0
actual,1746046585.8373806,394677.9556039028,4438788.540618979,-0.006460161693331922,0
actual,1746046585.937352,394677.95511358074,4438788.542402727,-0.006591061387231378,0
actual,1746046586.03734,394677.9550777339,4438788.542487281,-0.006584935281556967,0
actual,1746046586.1372833,394677.9550144775,4438788.542580958,-0.006572019845092078,0
actual,1746046586.2373497,394677.9549497983,4438788.542674822,-0.00657907097527019,0
actual,1746046586.3373535,394677.9546970692,4438788.541371743,-0.0065658937394176674,0
actual,1746046586.4373357,394677.95465179795,4438788.5413357075,-0.006572019845092078,0
actual,1746046586.5373776,394677.9545734967,4438788.541271283,-0.006541127517331893,0
actual,1746046586.637342,394677.9545621638,4438788.541178539,-0.006570955194248321,0
actual,1746046586.737323,394677.9546002838,4438788.541082158,-0.006572543443867843,0
actual,1746046586.8373404,394677.9546219044,4438788.540996214,-0.006552716503565144,0
actual,1746046586.9373357,394677.9545716384,4438788.540658138,-0.0065360660625009915,0
actual,1746046587.0373404,394677.9546297605,4438788.540635831,-0.006543378992066987,0
actual,1746046587.1373384,394677.9546960229,4438788.540618229,-0.006558161930831259,0
actual,1746046587.2372613,394677.9547134569,4438788.540540446,-0.006509432338115587,0
actual,1746046587.3372972,394677.9542941846,4438788.540644185,-0.006451103434513875,0
actual,1746046587.4374008,394677.95425563655,4438788.540621895,-0.006465223148162576,0
actual,1746046587.5373433,394677.9542189137,4438788.540580823,-0.006474543206368258,0
actual,1746046587.637341,394677.9541220682,4438788.540533619,-0.006457369166528589,0
actual,1746046587.7373633,394677.95398029,4438788.540519035,-0.00644897413282661,0
actual,1746046587.837338,394677.9544007123,4438788.541674445,-0.006527932828186646,0
actual,1746046587.937339,394677.95440904156,4438788.54169651,-0.006517024520361692,0
actual,1746046588.0373456,394677.9543817654,4438788.541711489,-0.006517687745477512,0
actual,1746046588.1373734,394677.95437355887,4438788.541715213,-0.006541930368787768,0
actual,1746046588.237363,394677.9544113253,4438788.541679978,-0.006523010999696047,0
actual,1746046588.3373458,394677.9543629804,4438788.542924681,-0.006569489117676627,0
actual,1746046588.43735,394677.95436822495,4438788.543014164,-0.0065830677792573355,0
actual,1746046588.5373564,394677.9543768139,4438788.543087102,-0.006554566552572299,0
actual,1746046588.6373386,394677.95443709375,4438788.543198896,-0.006564689462233856,0
actual,1746046588.7373369,394677.95446964714,4438788.5433040215,-0.006563363012002216,0
actual,1746046588.8372905,394677.954888333,4438788.542646683,-0.006551512226381084,0
actual,1746046588.9373605,394677.95494707546,4438788.542643104,-0.00656549231368973,0
actual,1746046589.037379,394677.95500980166,4438788.542627147,-0.0065573765326678605,0
actual,1746046589.1373467,394677.9550773238,4438788.542605123,-0.006571077367296148,0
actual,1746046589.2373464,394677.955132375,4438788.542549698,-0.00655125042699345,0
actual,1746046589.3373988,394677.9556867947,4438788.542673291,-0.006504510509624988,0
actual,1746046589.43737,394677.9557065165,4438788.542692973,-0.006511823439190735,0
actual,1746046589.5373423,394677.9556680991,4438788.542655559,-0.0064881218679487184,0
actual,1746046589.6373382,394677.9556562465,4438788.542635213,-0.006464018870978764,0
actual,1746046589.737359,394677.95567193086,4438788.542626462,-0.006458835243100283,0
actual,1746046589.8373764,394677.95549975167,4438788.541561961,-0.006543518618407042,0
actual,1746046589.937354,394677.9550406531,4438788.541535848,-0.006538195364188506,0
actual,1746046590.0373416,394677.9546706807,4438788.541406189,-0.006518089171205449,0
actual,1746046590.137357,394677.9546167356,4438788.541203324,-0.006513027716374795,0
actual,1746046590.2373667,394677.9548228883,4438788.541091882,-0.006526746004295311,0
actual,1746046590.337363,394677.9552877901,4438788.540897597,-0.006497581552494454,0
actual,1746046590.4373353,394677.9552324047,4438788.5396225685,-0.006533395708745486,0
actual,1746046590.5373392,394677.95548395516,4438788.539581183,-0.006568424466833118,0
actual,1746046590.6373804,394677.9555060164,4438788.539385528,-0.006531667832785909,0
actual,1746046590.737349,394677.9553126247,4438788.539189509,-0.006566295165145604,0
actual,1746046590.837346,394677.9571516208,4438788.541252737,-0.006615426183589214,0
actual,1746046590.9373636,394677.9570736103,4438788.541374181,-0.0066521828176361745,0
actual,1746046591.037336,394677.95709096215,4438788.54145753,-0.0066814694424846095,0
actual,1746046591.137364,394677.95731569425,4438788.541515467,-0.006705712065794867,0
actual,1746046591.2373648,394677.95783001697,4438788.541631293,-0.006694646678337133,0
actual,1746046591.3373396,394677.957180778,4438788.540632908,-0.006573206668983414,0
actual,1746046591.437368,394677.9576190815,4438788.540379017,-0.006541389316719528,0
actual,1746046591.5373023,394677.9577637005,4438788.540189058,-0.00651316734271485,0
actual,1746046591.6374133,394677.95740192354,4438788.540037232,-0.006529398904758341,0
actual,1746046591.737255,394677.95649096055,4438788.539771877,-0.006468155301305964,0
actual,1746046591.8373682,394677.9594475099,4438788.540917251,-0.006559889806790836,0
actual,1746046591.9373658,394677.9591022582,4438788.5410266,-0.00656908769194869,0
actual,1746046592.0373673,394677.95899984293,4438788.541006683,-0.006532994283017548,0
actual,1746046592.137369,394677.95807859406,4438788.541056497,-0.006375338691684861,0
actual,1746046592.2373934,394677.9565224087,4438788.54147291,-0.0068782727689396545,0
actual,1746046592.3372636,394677.95968516567,4438788.540177201,-0.006642461333702557,0
actual,1746046592.437368,394677.96086648665,4438788.539981338,-0.006600241819096756,0
actual,1746046592.5373569,394677.96223077946,4438788.539926603,-0.006809576609580981,0
actual,1746046592.6373699,394677.9639483889,4438788.539447463,-0.006613820480677465,0
actual,1746046592.737344,394677.9660110426,4438788.539257568,-0.006770027448730934,0
actual,1746046592.8372905,394677.9600968417,4438788.539574596,-0.006652444617024057,0
actual,1746046592.9373446,394677.9608345806,4438788.5393683305,-0.00674273049922971,0
actual,1746046593.0373745,394677.9615764367,4438788.539010373,-0.006678938715069407,0
actual,1746046593.1373477,394677.9623122584,4438788.538762531,-0.006680142992253219,0
actual,1746046593.237345,394677.9630423573,4438788.538487533,-0.00669305842871786,0
actual,1746046593.3373396,394677.96370570257,4438788.538121364,-0.006631273773197243,0
actual,1746046593.4373355,394677.95467032935,4438788.540245928,-0.006545647920094555,0
actual,1746046593.5373383,394677.95426567004,4438788.540142665,-0.006480407512655034,0
actual,1746046593.637338,394677.95381666016,4438788.540043183,-0.00647508425843625,0
actual,1746046593.737337,394677.95334789006,4438788.539901332,-0.006449375558554547,0
actual,1746046593.8373702,394677.95415663044,4438788.5411489485,-0.006537933564800623,0
actual,1746046593.9373446,394677.9540080782,4438788.541100715,-0.006511299840415218,0
actual,1746046594.0373654,394677.9538590078,4438788.541045092,-0.006520480272280845,0
actual,1746046594.1373348,394677.9537118898,4438788.541023356,-0.006532592857289611,0
actual,1746046594.2373629,394677.9535535981,4438788.540946421,-0.006505173734740808,0
actual,1746046594.3373535,394677.9532244393,4438788.5405754475,-0.006491193647432162,0
actual,1746046594.437303,394677.9530726657,4438788.540487414,-0.00645989989394404,0
actual,1746046594.5373445,394677.9529343948,4438788.540448801,-0.006468417100693847,0
actual,1746046594.6373715,394677.9528395734,4438788.540409402,-0.006492118671935864,0
actual,1746046594.7373416,394677.9527290407,4438788.540316678,-0.006472012478952806,0
actual,1746046594.8373504,394677.95515544276,4438788.540964238,-0.006490652595364169,0
actual,1746046594.937288,394677.95524750056,4438788.540963127,-0.00648518971480533,0
actual,1746046595.0373638,394677.9553183913,4438788.54092458,-0.006495452250807189,0
actual,1746046595.1373377,394677.9553431976,4438788.540813861,-0.006460022066991619,0
actual,1746046595.2373712,394677.9554717107,4438788.540733966,-0.0064717506795651724,0
actual,1746046595.3373468,394677.95513369085,4438788.539489431,-0.006598915368865365,0
actual,1746046595.4373686,394677.95511994045,4438788.539260132,-0.006591183560278957,0
actual,1746046595.5373538,394677.9551221066,4438788.538938837,-0.006559628007402953,0
actual,1746046595.6373413,394677.9551671342,4438788.538623623,-0.006597972891069188,0
actual,1746046595.7373135,394677.95516092755,4438788.538269867,-0.006585057454604546,0
actual,1746046595.83734,394677.95417823386,4438788.540307121,-0.0065396614407602,0
actual,1746046595.937349,394677.95406305994,4438788.540251754,-0.0065485800732379435,0
actual,1746046596.0373359,394677.9539976518,4438788.5401706835,-0.006527810655139067,0
actual,1746046596.1372938,394677.9539803995,4438788.540065142,-0.006480808938382971,0
actual,1746046596.2373555,394677.9541235842,4438788.540007062,-0.006507163410088018,0
actual,1746046596.3373454,394677.95428257796,4438788.539964767,-0.006528875305982824,0
actual,1746046596.4373424,394677.95474837313,4438788.539846903,-0.006657767871242593,0
actual,1746046596.53739,394677.95416293154,4438788.539745233,-0.006633263448544702,0
actual,1746046596.6373389,394677.95327172714,4438788.539534,-0.006569611290724454,0
actual,1746046596.737363,394677.95259222604,4438788.539392257,-0.006545525747046976,0
actual,1746046596.837335,394677.9556988395,4438788.53905282,-0.006563223385662161,0
actual,1746046596.9373717,394677.9563510313,4438788.538971143,-0.006512364491258975,0
actual,1746046597.0373821,394677.95725575637,4438788.539017391,-0.006551512226381084,0
actual,1746046597.1373506,394677.9581376087,4438788.538961585,-0.006568424466833118,0
actual,1746046597.23733,394677.95892736386,4438788.538762544,-0.0065308649813300345,0
actual,1746046597.3373408,394677.9559101548,4438788.539778584,-0.006558964782287134,0
actual,1746046597.4372935,394677.95560814335,4438788.539886453,-0.006546188972162548,0
actual,1746046597.537339,394677.9551946749,4438788.539918698,-0.0065046326826725676,0
actual,1746046597.6373398,394677.9547402549,4438788.539956552,-0.006492659724003856,0
actual,1746046597.7373457,394677.9542616474,4438788.540069232,-0.006529137105370706,0
actual,1746046597.8373518,394677.9564934583,4438788.539498982,-0.006552978302952778,0
actual,1746046597.9373407,394677.95652929787,4438788.539420151,-0.006547655048734242,0
actual,1746046598.0373473,394677.956557638,4438788.5393300345,-0.00657708129992298,0
actual,1746046598.1373408,394677.9564890863,4438788.539166341,-0.00654578754643461,0
actual,1746046598.23734,394677.956310424,4438788.538981855,-0.0065354028373851725,0
actual,1746046598.33734,394677.95614199736,4438788.538853129,-0.006555910456096166,0
actual,1746046598.4373367,394677.9574182567,4438788.539605528,-0.006531667832785909,0
actual,1746046598.5373425,394677.95755875687,4438788.539702488,-0.0065572369063278055,0
actual,1746046598.6373813,394677.95756617625,4438788.539657018,-0.006522208148240173,0
actual,1746046598.7373729,394677.9576296405,4438788.539609153,-0.006524215276880107,0
actual,1746046598.8373442,394677.95705069235,4438788.539583088,-0.006566015912465246,0
actual,1746046598.9373899,394677.957627592,4438788.539630127,-0.006544722895590853,0
actual,1746046599.0372877,394677.9582102444,4438788.539777456,-0.006612092604717889,0
actual,1746046599.1373348,394677.9583985842,4438788.539981108,-0.006704368162270752,0
actual,1746046599.237341,394677.95790732093,4438788.539984603,-0.006665883652264463,0
actual,1746046599.3373873,394677.9581439844,4438788.53954938,-0.006404904569213654,0
actual,1746046599.4373655,394677.9575060961,4438788.539782957,-0.006508507313612133,0
actual,1746046599.537404,394677.95695312956,4438788.5399618065,-0.006521946348852291,0
actual,1746046599.6373415,394677.9568211124,4438788.539869005,-0.006561896935430522,0
actual,1746046599.737312,394677.9571590469,4438788.539808733,-0.006551913652109269,0
actual,1746046599.8373504,394677.9565980015,4438788.5399926845,-0.006550185776149693,0
actual,1746046599.9373648,394677.9568624403,4438788.539911108,-0.006528072454526949,0
actual,1746046600.037339,394677.95711159066,4438788.5398211,-0.006516884894021637,0
actual,1746046600.1373835,394677.95728968544,4438788.539850703,-0.006555369404028174,0
actual,1746046600.2372944,394677.9573213137,4438788.539750374,-0.006521684549464657,0
actual,1746046600.3372793,394677.9572061965,4438788.539605844,-0.00652740922941113,0
actual,1746046600.4373436,394677.9585452799,4438788.538051591,-0.006513429142102732,0
actual,1746046600.5372598,394677.95823651814,4438788.537825922,-0.006485329341145633,0
actual,1746046600.6373358,394677.95784290845,4438788.537505034,-0.006446321232363579,0
actual,1746046600.7373378,394677.9574124286,4438788.53722822,-0.006451766659629695,0
actual,1746046600.8373365,394677.95885869215,4438788.539142658,-0.006586802783856599,0
actual,1746046600.937357,394677.9588380931,4438788.539024594,-0.006551774025768966,0
actual,1746046601.0373757,394677.9589809167,4438788.538954896,-0.006585598506672539,0
actual,1746046601.1373713,394677.95906431554,4438788.538883459,-0.006570012716452391,0
actual,1746046601.2373528,394677.95899553515,4438788.538746717,-0.006519555247777143,0
actual,1746046601.3373868,394677.95867825043,4438788.539079818,-0.006525018128335982,0
actual,1746046601.4373443,394677.9585585258,4438788.5390460715,-0.006495574423854768,0
actual,1746046601.537338,394677.9585295709,4438788.538955183,-0.006491315820479989,0
actual,1746046601.6373436,394677.95860226016,4438788.538832369,-0.006477335733171343,0
actual,1746046601.7373827,394677.9586710202,4438788.538767015,-0.0064784003840151,0
actual,1746046601.8373623,394677.9575742581,4438788.538543402,-0.006533535335085541,0
actual,1746046601.9373477,394677.9575463073,4438788.538475138,-0.006515418817449943,0
actual,1746046602.037344,394677.95750326355,4438788.5383496415,-0.006525140301383561,0
actual,1746046602.1373534,394677.95738370187,4438788.538241483,-0.006506360558632143,0
actual,1746046602.2373385,394677.95723938994,4438788.538158976,-0.006519677420824722,0
actual,1746046602.3373458,394677.9592480693,4438788.539336883,-0.006588652832863754,0
actual,1746046602.4373395,394677.9592380986,4438788.539352368,-0.006593312861966471,0
actual,1746046602.53735,394677.95923196455,4438788.539325437,-0.006585598506672539,0
actual,1746046602.6373727,394677.95920114534,4438788.539259959,-0.006549243298353515,0
actual,1746046602.7372556,394677.95923148183,4438788.53924851,-0.006559505834355374,0
actual,1746046602.837334,394677.9585208279,4438788.539143478,-0.006593993540374766,0
actual,1746046602.9373522,394677.95841562655,4438788.539054569,-0.006606769350499352,0
actual,1746046603.0373445,394677.9582766931,4438788.538973646,-0.006602510747124573,0
actual,1746046603.1373363,394677.958100993,4438788.538863724,-0.006578669549542253,0
actual,1746046603.2373328,394677.9579206389,4438788.538757207,-0.006567080563309003,0
actual,1746046603.3373592,394677.958411585,4438788.538157027,-0.006567359815989361,0
actual,1746046603.4373667,394677.9583420137,4438788.538076584,-0.006525018128335982,0
actual,1746046603.5373561,394677.9583285216,4438788.538010277,-0.0065352632110451175,0
actual,1746046603.6372936,394677.9584026048,4438788.537941591,-0.006585057454604546,0
actual,1746046603.7373633,394677.95847439143,4438788.53780869,-0.006559226581675016,0
actual,1746046603.8373404,394677.9585217535,4438788.537705987,-0.006534058933861306,0
actual,1746046603.937286,394677.95865252684,4438788.538690048,-0.006501840155869482,0
actual,1746046604.0373366,394677.9586714477,4438788.53874812,-0.006500915131365781,0
actual,1746046604.137371,394677.958653488,4438788.53879923,-0.006515959869518183,0
actual,1746046604.2373428,394677.9585443029,4438788.538746125,-0.006418081805066177,0
actual,1746046604.337367,394677.9574564336,4438788.538431304,-0.006369474385398084,0
actual,1746046604.4373457,394677.95655356813,4438788.538579849,-0.006572822696547953,0
actual,1746046604.537363,394677.9560245852,4438788.538655207,-0.006513429142102732,0
actual,1746046604.6373694,394677.95585449686,4438788.538613806,-0.006565754113077364,0
actual,1746046604.73734,394677.95577779936,4438788.538392991,-0.00654325681901916,0
actual,1746046604.8373754,394677.9575953327,4438788.540090417,-0.006525279927723616,0
actual,1746046604.9373646,394677.95786630176,4438788.540206588,-0.0065391203886919595,0
actual,1746046605.0374243,394677.95799577516,4438788.5402701,-0.00651995667350508,0
actual,1746046605.1373448,394677.9581158884,4438788.540419996,-0.00654484506863868,0
actual,1746046605.2373714,394677.9583485956,4438788.540541192,-0.006533797134473423,0
actual,1746046605.3373578,394677.95729112346,4438788.539342901,-0.00648506754175775,0
actual,1746046605.4373615,394677.9573051236,4438788.539195952,-0.0064925200976638005,0
actual,1746046605.5372813,394677.95724423486,4438788.539081316,-0.006477998958287162,0
actual,1746046605.6373353,394677.95704485686,4438788.538966008,-0.006455501664228957,0
actual,1746046605.7373598,394677.95691238064,4438788.5387930665,-0.006453372362541444,0
actual,1746046605.8373919,394677.9579685916,4438788.53854005,-0.006512102691871093,0
actual,1746046605.9373627,394677.95800378313,4438788.538407851,-0.006532592857289611,0
actual,1746046606.0373242,394677.9580009354,4438788.538216884,-0.006498646203338211,0
actual,1746046606.137345,394677.95804024074,4438788.538097368,-0.006537933564800623,0
actual,1746046606.237303,394677.95810027356,4438788.537881026,-0.006556573681211986,0
actual,1746046606.3374166,394677.9558135546,4438788.539273664,-0.006575213797623348,0
actual,1746046606.4373636,394677.95552178833,4438788.539306708,-0.006592387837463017,0
actual,1746046606.5373445,394677.95526306145,4438788.539285092,-0.006578145950766737,0
actual,1746046606.6373646,394677.9552040073,4438788.539263025,-0.006559366208015071,0
actual,1746046606.737345,394677.95528068196,4438788.539333426,-0.006573747721051655,0
actual,1746046606.8373368,394677.95564043464,4438788.538684832,-0.006577604898698497,0
actual,1746046606.9373367,394677.9557162225,4438788.538571199,-0.006509955936891103,0
actual,1746046607.037338,394677.9558163124,4438788.538629325,-0.006546049345822493,0
actual,1746046607.1372623,394677.955888293,4438788.538634642,-0.0065144937929464885,0
actual,1746046607.2373374,394677.95595774066,4438788.538647689,-0.006520742071668479,0
actual,1746046607.337339,394677.9584672411,4438788.5385071235,-0.006600905044212576,0
actual,1746046607.4373913,394677.95874018257,4438788.538439097,-0.006588652832863754,0
actual,1746046607.5373437,394677.9589337397,4438788.538410074,-0.006611289753262014,0
actual,1746046607.6373382,394677.9589759187,4438788.538342661,-0.006582928152917032,0
actual,1746046607.737348,394677.958901169,4438788.538323924,-0.006597449292293671,0
actual,1746046607.8373554,394677.959380152,4438788.5388225205,-0.0065275488557514335,0
actual,1746046607.937349,394677.95918526,4438788.538857818,-0.006543920044134979,0
actual,1746046608.0373616,394677.9590846487,4438788.538792758,-0.006473338929184446,0
actual,1746046608.1373491,394677.9592075413,4438788.538740482,-0.006458695616760228,0
actual,1746046608.2373152,394677.9594910813,4438788.53878948,-0.006534460359589243,0
actual,1746046608.337335,394677.959947075,4438788.538770272,-0.0065355250104329994,0
actual,1746046608.4373338,394677.95822237036,4438788.5379604455,-0.006682534093328367,0
actual,1746046608.5373425,394677.95764565305,4438788.53797988,-0.00666309112546113,0
actual,1746046608.6373367,394677.9570203519,4438788.537843416,-0.006566015912465246,0
actual,1746046608.737281,394677.9563176085,4438788.537820889,-0.006612895456173763,0
actual,1746046608.8373332,394677.9577791702,4438788.537069363,-0.006514354166606185,0
actual,1746046608.9373407,394677.95798582654,4438788.537155442,-0.006624205189726655,0
actual,1746046609.037361,394677.95890184573,4438788.537214174,-0.006706375290910687,0
actual,1746046609.13734,394677.9607365063,4438788.537169368,-0.00671955252676321,0
actual,1746046609.237255,394677.96326888714,4438788.536919612,-0.006619545160623939,0
actual,1746046609.337337,394677.96044792613,4438788.537610782,-0.006547253623006305,0
actual,1746046609.4373367,394677.96038403397,4438788.537688601,-0.006509292711775532,0
actual,1746046609.5373363,394677.9594623556,4438788.537949827,-0.006746849476264434,0
actual,1746046609.6373339,394677.9588715393,4438788.538140256,-0.006629406270897612,0
actual,1746046609.7373412,394677.958297012,4438788.538242469,-0.006657628244902538,0
actual,1746046609.8373644,394677.9612806124,4438788.537666268,-0.006683860543560006,0
actual,1746046609.9373422,394677.9613492342,4438788.537551132,-0.0066047796751521415,0
actual,1746046610.0373752,394677.96161103505,4438788.537507286,-0.0066806665910287355,0
actual,1746046610.1373413,394677.9620241362,4438788.537429468,-0.006631395946245071,0
actual,1746046610.2373395,394677.9625130233,4438788.537463804,-0.006717161425688062,0
actual,1746046610.3373618,394677.96294411994,4438788.537357055,-0.006704368162270752,0
actual,1746046610.4373622,394677.96148813306,4438788.538925334,-0.006713024995360862,0
actual,1746046610.5373578,394677.96092635236,4438788.5390481455,-0.006664033603257308,0
actual,1746046610.6373591,394677.96032257145,4438788.539200169,-0.006655778195895383,0
actual,1746046610.7373369,394677.95964715665,4438788.539349734,-0.006678135863613284,0
actual,1746046610.83735,394677.96169028577,4438788.538302163,-0.006554845805252409,0
actual,1746046610.93735,394677.96188321186,4438788.538249973,-0.006603976823696267,0
actual,1746046611.0373359,394677.9621877987,4438788.538036458,-0.00651929344838926,0
actual,1746046611.1373427,394677.96251747187,4438788.538014384,-0.006592527463803072,0
actual,1746046611.2373343,394677.9628584768,4438788.537938691,-0.006611167580214435,0
actual,1746046611.3373752,394677.96010746155,4438788.537970909,-0.006590921760891323,0
actual,1746046611.4373684,394677.96012372297,4438788.537891325,-0.006605442900267713,0
actual,1746046611.5373435,394677.96008095494,4438788.537842847,-0.006612232231058192,0
actual,1746046611.6373343,394677.96000713704,4438788.53772931,-0.006606367924771415,0
actual,1746046611.7373443,394677.95990321925,4438788.53756068,-0.006586401358128662,0
actual,1746046611.8373437,394677.9601050223,4438788.538270348,-0.006616351208092668,0
actual,1746046611.9373343,394677.9600470438,4438788.538302768,-0.006578145950766737,0
actual,1746046612.0373356,394677.9599985546,4438788.538341507,-0.006597047866565734,0
actual,1746046612.1373522,394677.9599426575,4438788.538410609,-0.006594656765490586,0
actual,1746046612.2373395,394677.9599070087,4438788.538505363,-0.006593714287694408,0
actual,1746046612.3373396,394677.95982099476,4438788.538324796,-0.006619021561848422,0
actual,1746046612.4373417,394677.95976245735,4438788.538288392,-0.006645655286233827,0
actual,1746046612.537372,394677.95964724454,4438788.538240224,-0.00664392741027425,0
actual,1746046612.6373732,394677.9594602778,4438788.5381591655,-0.0066515195925203555,0
actual,1746046612.737359,394677.9591864731,4438788.5380604835,-0.006661904301569793,0
actual,1746046612.837342,394677.9600659313,4438788.537010118,-0.006598513943137428,0
actual,1746046612.937359,394677.96023129247,4438788.536818097,-0.006560169059471194,0
actual,1746046613.0373845,394677.9604410656,4438788.536680149,-0.006592789263190954,0
actual,1746046613.137349,394677.9605888996,4438788.536421841,-0.006550849001265512,0
actual,1746046613.2373583,394677.96073080227,4438788.536274119,-0.0065653526873494265,0
actual,1746046613.3372767,394677.95978592214,4438788.5365823535,-0.006607310402567345,0
actual,1746046613.437335,394677.95983689814,4438788.536426358,-0.006615687982977097,0
actual,1746046613.5373337,394677.9598405969,4438788.536295215,-0.006577343099310614,0
actual,1746046613.6373556,394677.9596729775,4438788.536372993,-0.006611167580214435,0
actual,1746046613.737359,394677.95953965385,4438788.536410111,-0.006733532614071608,0
actual,1746046613.8373768,394677.95991529815,4438788.536386994,-0.006734597264915365,0
actual,1746046613.9373393,394677.95981913817,4438788.536350177,-0.0067243521822062296,0
actual,1746046614.0373387,394677.95984633255,4438788.536319703,-0.006853105121125695,0
actual,1746046614.1373446,394677.96209223394,4438788.536087585,-0.006843383637192325,0
actual,1746046614.237344,394677.9657051416,4438788.535935095,-0.006833679606551182,0
actual,1746046614.3373415,394677.97290419735,4438788.537208514,-0.006898920013990704,0
actual,1746046614.4373477,394677.98380921106,4438788.536955398,-0.00668267371966867,0
actual,1746046614.5373564,394678.00000703946,4438788.536487148,-0.006238853944178987,0
actual,1746046614.6373682,394678.0229685185,4438788.536039975,-0.005650695439549442,0
actual,1746046614.7373574,394678.05358311423,4438788.53525926,-0.004322971117679655,0
actual,1746046614.8373578,394678.08767310006,4438788.537005614,-0.0023178845131111517,0
actual,1746046614.9373496,394678.134921718,4438788.536255373,0.0004736474524061106,0
actual,1746046615.0373428,394678.1920265259,4438788.535354709,0.004367983159088541,0
actual,1746046615.1373358,394678.25952287193,4438788.534554068,0.009266476597613458,0
actual,1746046615.237333,394678.3380301488,4438788.534029988,0.015349123573738974,0
actual,1746046615.3373477,394678.43157748104,4438788.530727042,0.02264325594355127,0
actual,1746046615.4373822,394678.53524955775,4438788.530840066,0.03190346680915001,1
actual,1746046615.5373538,394678.65169860044,4438788.532155354,0.04263055709787992,1
actual,1746046615.6373432,394678.78130092827,4438788.534910883,0.05514727309501995,1
actual,1746046615.7373567,394678.92416148947,4438788.539784553,0.06976629053606466,1
actual,1746046615.837335,394679.0828072389,4438788.545507918,0.08622636853857538,1
actual,1746046615.9373388,394679.2528389689,4438788.556827682,0.10498581311083371,1
actual,1746046616.0373366,394679.4363445855,4438788.572179666,0.12645594599765692,2
actual,1746046616.1373606,394679.62988822977,4438788.592500622,0.1502289186594391,2
actual,1746046616.237368,394679.8280383091,4438788.61835732,0.17575264854718917,2
actual,1746046616.337344,394680.0245309694,4438788.645620751,0.20295311624733015,2
actual,1746046616.4373357,394680.2226539695,4438788.681605416,0.2312559862629086,2
actual,1746046616.5373397,394680.4207558333,4438788.723638522,0.2610872585577507,3
actual,1746046616.637367,394680.61572954035,4438788.771519087,0.29213759097523345,3
actual,1746046616.7373338,394680.809535134,4438788.825833931,0.32381388572894376,3
actual,1746046616.8373396,394681.0100269506,4438788.888365685,0.3562350870074056,3
actual,1746046616.9373748,394681.1999898562,4438788.955047921,0.3900494973612716,3
actual,1746046617.0373757,394681.3870412621,4438789.02795382,0.4244988235904281,4
actual,1746046617.1373494,394681.56984393275,4438789.107178553,0.4598783230444351,4
actual,1746046617.2373474,394681.75026011444,4438789.192980578,0.49614317566810123,4
actual,1746046617.3373625,394681.9243065388,4438789.281738467,0.5338725166138233,4
actual,1746046617.4373417,394682.0958888686,4438789.377911554,0.572201465424068,4
actual,1746046617.5374222,394682.2625141357,4438789.481111954,0.610283869024176,5
actual,1746046617.6373355,394682.42409182736,4438789.588748098,0.6497449256537269,5
actual,1746046617.737384,394682.5797132744,4438789.702361319,0.6900018000623096,6
actual,1746046617.8373682,394682.7286978384,4438789.821891068,0.7303078054893359,6
actual,1746046617.9373653,394682.8832643115,4438789.956069544,0.7708473185169865,6
actual,1746046618.0373328,394683.019478433,4438790.085548399,0.8142359419221777,7
actual,1746046618.1372852,394683.1487983311,4438790.219353909,0.857590461593785,7
actual,1746046618.2373354,394683.2727581457,4438790.355913551,0.902807945708971,7
actual,1746046618.3373368,394683.3871290394,4438790.476169137,0.9483159747847365,8
actual,1746046618.4373314,394683.49455579114,4438790.616306363,0.9929359105239172,8
actual,1746046618.537302,394683.593696854,4438790.759662929,1.036819840917532,9
actual,1746046618.637346,394683.68425406964,4438790.904825052,1.079602328926798,9
actual,1746046618.7373722,394683.7669467644,4438791.0494761765,1.121810900318131,9
actual,1746046618.8373387,394683.83649060107,4438791.2113224715,1.1618764342808174,9
actual,1746046618.9373598,394683.9034707081,4438791.35960953,1.2031869115989517,9
actual,1746046619.0373337,394683.963547274,4438791.508775236,1.2431226454251674,9
actual,1746046619.1373377,394684.01712930965,4438791.6570790885,1.2825464567284806,9
actual,1746046619.237335,394684.06360989215,4438791.804373752,1.3215262562700865,9
actual,1746046619.3373706,394684.11100045074,4438791.951078211,1.3594799592911524,9
actual,1746046619.4373496,394684.1463816393,4438792.096373956,1.396210710105346,9
actual,1746046619.5373373,394684.17575594963,4438792.239885709,1.4328155703205931,9
actual,1746046619.6372561,394684.19997974264,4438792.382202947,1.468425104170013,9
actual,1746046619.7373374,394684.2175891318,4438792.520955696,1.503173230767111,9
actual,1746046619.8373418,394684.2216675025,4438792.650032639,1.5370748552236992,9
actual,1746046619.937338,394684.22876677854,4438792.782630589,1.5703864013134807,9
actual,1746046620.0373392,394684.2317624327,4438792.9121524235,1.6028325608002454,9
actual,1746046620.1373644,394684.23047635506,4438793.038678403,1.6344267029060653,9
actual,1746046620.2373943,394684.2252839333,4438793.162115385,1.6653907462453295,9
actual,1746046620.3373556,394684.216142435,4438793.283297005,1.6957076389512455,9
actual,1746046620.4373326,394684.2007201675,4438793.402353284,1.7274583719975538,9
actual,1746046620.53734,394684.18450521847,4438793.518677838,1.7568351780084697,9
actual,1746046620.6373343,394684.1653262271,4438793.632240653,1.7854119599968552,9
actual,1746046620.7373374,394684.14297731005,4438793.743428802,1.813413498917077,9
actual,1746046620.837338,394684.12307438045,4438793.853730212,1.8409282131490399,9
actual,1746046620.937365,394684.09647542046,4438793.9596021855,1.8680935299180461,9
actual,1746046621.0373783,394684.0678695892,4438794.062053118,1.894596232436532,9
actual,1746046621.1373496,394684.03740927426,4438794.161610602,1.9203090512954428,9
actual,1746046621.2372863,394684.0052245388,4438794.258851254,1.9457837897910901,9
actual,1746046621.3373332,394683.9711789952,4438794.354206938,1.970739205567805,9
actual,1746046621.4373345,394683.93645274465,4438794.437843288,1.9953532000362457,9
actual,1746046621.5373375,394683.89902648894,4438794.526906488,2.0195645295929587,9
actual,1746046621.6373339,394683.8598049863,4438794.6138730785,2.0432778643542,9
actual,1746046621.7373602,394683.819310892,4438794.699244082,2.067215945163221,9
actual,1746046621.837351,394683.7739661749,4438794.777793238,2.0905931818704064,9
actual,1746046621.9373376,394683.73008166417,4438794.858428423,2.1134399082981545,9
actual,1746046622.0373335,394683.68523517624,4438794.936353913,2.1361470781989134,9
actual,1746046622.1373317,394683.63891220535,4438795.011870298,2.1582949922474572,9
actual,1746046622.2373326,394683.5914985991,4438795.085316011,2.1800034847502245,9
actual,1746046622.3372836,394683.5497796279,4438795.16152164,2.201968697732669,9
actual,1746046622.4373355,394683.5016147622,4438795.231682357,2.2230082055331475,9
actual,1746046622.53738,394683.45261123776,4438795.299478459,2.243754759818679,9
actual,1746046622.6373885,394683.4030890843,4438795.365681069,2.2644075724700854,9
actual,1746046622.7373416,394683.3531548843,4438795.430317892,2.284920846047795,9
actual,1746046622.8373418,394683.29345331574,4438795.481476816,2.304980299113402,9
actual,1746046622.9373536,394683.24078771623,4438795.540848217,2.3250195238129767,9
actual,1746046623.0373824,394683.1872905495,4438795.598516393,2.34468430557483,9
actual,1746046623.1373503,394683.1333038995,4438795.654615437,2.3643251239660525,9
actual,1746046623.2373452,394683.078328018,4438795.709466354,2.3836319736049063,9
actual,1746046623.3373985,394683.0332798152,4438795.767469271,2.4027880966095587,9
actual,1746046623.4373708,394682.9783404959,4438795.819881481,2.422107198459761,9
actual,1746046623.537338,394682.92270132666,4438795.871150992,2.441156245514803,9
actual,1746046623.637334,394682.86649310414,4438795.921198551,2.460125408849981,9
actual,1746046623.7373395,394682.80962178204,4438795.969492001,2.4788959013564047,9
actual,1746046623.8373349,394682.7463289377,4438796.016098499,2.4954724975397786,9
actual,1746046623.9373639,394682.6879024715,4438796.061562035,2.513783322681104,9
actual,1746046624.0373337,394682.62885285495,4438796.105837287,2.5323503447033295,9
actual,1746046624.137336,394682.5690235958,4438796.1487351,2.5506175017067703,9
actual,1746046624.2373605,394682.5087150679,4438796.190397545,2.5689549605724813,9
actual,1746046624.3373415,394682.4552246504,4438796.238411784,2.58756140958251,9
actual,1746046624.4373724,394682.3942408416,4438796.2794532515,2.6059036506503714,9
actual,1746046624.5373366,394682.3325187931,4438796.319279344,2.6236419030772877,9
actual,1746046624.637265,394682.270860048,4438796.357212886,2.6418643272920006,9
actual,1746046624.7373333,394682.2087503976,4438796.393211829,2.6596813987879364,9
actual,1746046624.8373365,394682.14461232006,4438796.416020468,2.677364254464395,9
actual,1746046624.9373355,394682.0805208194,4438796.449509103,2.695838616956632,9
actual,1746046625.037357,394682.0151617847,4438796.48191956,2.7142538302405197,9
actual,1746046625.1373436,394681.94875336956,4438796.513209615,2.732794235991653,9
actual,1746046625.237336,394681.88134286983,4438796.543345452,2.7512248954394205,9
actual,1746046625.3373373,394681.81613089575,4438796.57352089,2.769744531772455,9
actual,1746046625.4373367,394681.7478983591,4438796.60151957,2.7885650803218254,9
actual,1746046625.5373325,394681.6789872979,4438796.628097042,2.8070282552535577,9
actual,1746046625.6373339,394681.60968206223,4438796.653729642,2.825777437289814,9
actual,1746046625.7373796,394681.5394519932,4438796.678105413,2.844462164316795,9
actual,1746046625.8373818,394681.4648991164,4438796.692760204,2.862949843671225,9
actual,1746046625.9373467,394681.39258068067,4438796.712918794,2.8818236596693665,9
actual,1746046626.0373406,394681.3189296941,4438796.732226376,2.9008114631209554,9
actual,1746046626.137335,394681.2445560462,4438796.750805675,2.9203516109209233,9
actual,1746046626.2373369,394681.16987475293,4438796.767505289,2.939598805205944,9
actual,1746046626.3373373,394681.0987605592,4438796.801097638,2.9607666819729066,9
actual,1746046626.4373412,394681.0241500586,4438796.817507931,2.979964867412532,9
actual,1746046626.5373476,394680.9493926525,4438796.832361349,2.9990655936667245,9
actual,1746046626.6373904,394680.87414416764,4438796.845774887,3.01856846123387,9
actual,1746046626.7373796,394680.7983071881,4438796.857482828,3.037960535300099,9
actual,1746046626.8373394,394680.72166975605,4438796.8688723715,3.057566185306894,9
actual,1746046626.9373384,394680.64435602014,4438796.878083034,3.077368394294049,9
actual,1746046627.0373354,394680.56631813804,4438796.885547751,3.0971423638539064,9
actual,1746046627.137337,394680.4870107227,4438796.891885513,3.1175549668403613,9
actual,1746046627.2373717,394680.4061867029,4438796.896587594,3.138115102508487,9
actual,1746046627.3373418,394680.3305056725,4438796.897135312,-3.124234167354818,9
actual,1746046627.4374323,394680.247023754,4438796.898311958,-3.102772289875357,9
actual,1746046627.5372612,394680.1618635073,4438796.897440332,-3.0806515331499753,9
actual,1746046627.6373346,394680.0743312587,4438796.894509123,-3.0578687206794344,9
actual,1746046627.7373376,394679.9834461416,4438796.889450369,-3.0344259817654224,9
actual,1746046627.8373392,394679.88296837977,4438796.895985944,-3.009796000081033,9
actual,1746046627.9372964,394679.7832384484,4438796.8874923345,-2.9840075561056336,9
actual,1746046628.0373366,394679.6790597463,4438796.875737022,-2.9571106884288767,9
actual,1746046628.1373408,394679.57038728765,4438796.8602343025,-2.928919536938719,9
actual,1746046628.237369,394679.45722504874,4438796.8405933725,-2.8995709703551005,9
actual,1746046628.3373637,394679.3459289153,4438796.798806312,-2.8684833577047955,9
actual,1746046628.4373565,394679.22446517565,4438796.7670992995,-2.8362295509548927,9
actual,1746046628.5373461,394679.0989482107,4438796.73023438,-2.8029392280688152,9
actual,1746046628.637372,394678.9698381078,4438796.688005519,-2.767218516746043,9
actual,1746046628.737334,394678.8379147065,4438796.6386041865,-2.7305731474388577,9
actual,1746046628.837343,394678.7020973625,4438796.589244741,-2.693404476062046,9
actual,1746046628.9373577,394678.5669989465,4438796.528322135,-2.6540307033483876,9
actual,1746046629.0374088,394678.4315815732,4438796.460407287,-2.6144484161489934,9
actual,1746046629.1373425,394678.2968025463,4438796.385084585,-2.5744543883257607,9
actual,1746046629.2373352,394678.16354011477,4438796.3032757,-2.5329365135326123,9
actual,1746046629.3373406,394678.0263659834,4438796.209963748,-2.491565106770291,9
actual,1746046629.437337,394677.8954469212,4438796.11352299,-2.4485728825448123,9
actual,1746046629.537336,394677.76661422924,4438796.01098282,-2.404931675090273,9
actual,1746046629.6373417,394677.6415423574,4438795.901016594,-2.3610193307364358,9
actual,1746046629.7373524,394677.51972110756,4438795.784721011,-2.316610335490651,9
actual,1746046629.8374183,394677.406546936,4438795.662922535,-2.2715384641949585,9
actual,1746046629.9373636,394677.29412619164,4438795.533991799,-2.226014919142143,9
actual,1746046630.037345,394677.1868622581,4438795.398678232,-2.180074327664563,9
actual,1746046630.1373632,394677.0851332448,4438795.258309974,-2.1339632873322336,9
actual,1746046630.237338,394676.98980603943,4438795.1115640495,-2.087587794711642,9
actual,1746046630.33734,394676.90096675814,4438794.960208555,-2.0411073728964206,9
actual,1746046630.437335,394676.8135984205,4438794.814190777,-1.9948876858181541,9
actual,1746046630.5373735,394676.73901866726,4438794.657790731,-1.94909410342347,9
actual,1746046630.637407,394676.6718857868,4438794.498020732,-1.9032017004865376,9
actual,1746046630.737349,394676.6114754335,4438794.336291052,-1.857188939644388,9
actual,1746046630.8373382,394676.5710205374,4438794.172235477,-1.8124092190121872,9
actual,1746046630.9373388,394676.5280900733,4438794.008197963,-1.7669903413546133,9
actual,1746046631.0373404,394676.49367082375,4438793.842478973,-1.7219131468047026,9
actual,1746046631.1373332,394676.46621971246,4438793.67516188,-1.677513977762607,9
actual,1746046631.2373686,394676.4463090594,4438793.50852527,-1.6328205462086247,9
actual,1746046631.3374016,394676.42630908097,4438793.3313615555,-1.5891590929347617,9
actual,1746046631.4373822,394676.4200200075,4438793.163262099,-1.5449958924075355,9
actual,1746046631.5373437,394676.42152333324,4438792.995984856,-1.5006702366335332,9
actual,1746046631.6373358,394676.42990704,4438792.829453022,-1.4568345995003213,9
actual,1746046631.7373695,394676.44494856405,4438792.663682181,-1.4135273433448579,9
actual,1746046631.837341,394676.46035805886,4438792.5115291495,-1.3702360569520506,9
actual,1746046631.937336,394676.48883466906,4438792.3515745355,-1.3270060316159882,9
actual,1746046632.0373335,394676.52419296245,4438792.193032326,-1.284355769750853,9
actual,1746046632.1373453,394676.56567164004,4438792.036346499,-1.241604575495075,9
actual,1746046632.2373838,394676.6133917993,4438791.883166918,-1.1997090638116727,9
actual,1746046632.3373435,394676.67583406565,4438791.73513899,-1.1579877185343266,9
actual,1746046632.4373417,394676.7368950728,4438791.588692584,-1.1166149678684814,9
actual,1746046632.5373259,394676.8037681245,4438791.44514889,-1.076190314958904,9
actual,1746046632.6373923,394676.8753347362,4438791.304647594,-1.035747021932916,9
actual,1746046632.7373855,394676.95260881627,4438791.1673580725,-0.9958118640653534,9
actual,1746046632.8373618,394677.04038703686,4438791.034456913,-0.9564197130346713,9
actual,1746046632.9373548,394677.1276902036,4438790.905801085,-0.9178677984124847,9
actual,1746046633.0373774,394677.21964497806,4438790.781056525,-0.8802064380411277,9
actual,1746046633.1373465,394677.31627223024,4438790.66124859,-0.8438569544020323,9
actual,1746046633.2373574,394677.4164337501,4438790.545742957,-0.8075226376741368,9
actual,1746046633.337367,394677.5088084059,4438790.432804472,-0.7714128401012178,9
actual,1746046633.4373357,394677.6138272485,4438790.32560578,-0.7359549753637962,9
actual,1746046633.537367,394677.7214414552,4438790.22275839,-0.7002198825279878,9
actual,1746046633.6373384,394677.8321092776,4438790.124316323,-0.6647868014659449,9
actual,1746046633.737366,394677.9448019524,4438790.030368605,-0.6296964507091155,9
actual,1746046633.8374043,394678.0598560962,4438789.941535989,-0.5953101134126635,9
actual,1746046633.9373682,394678.18329686817,4438789.869828124,-0.5611297773278243,9
actual,1746046634.03734,394678.3032251669,4438789.792062794,-0.5272719431821686,9
actual,1746046634.1373374,394678.4245424863,4438789.71885986,-0.4938934811688656,9
actual,1746046634.237358,394678.5471849465,4438789.650794488,-0.4615342041722647,9
actual,1746046634.3373575,394678.6647354645,4438789.586074341,-0.42969226021924745,9
actual,1746046634.4372969,394678.7880595365,4438789.526919562,-0.3984925276177942,9
actual,1746046634.5373473,394678.91166284785,4438789.472240047,-0.3677789564794837,9
actual,1746046634.6373672,394679.0354042284,4438789.421440912,-0.33755779508303857,9
actual,1746046634.7372756,394679.15930556634,4438789.375022499,-0.3075992359258484,9
actual,1746046634.8373356,394679.28231498477,4438789.331312442,-0.2783498738569136,9
actual,1746046634.937337,394679.4061293944,4438789.292971172,-0.2497848030278083,9
actual,1746046635.0373347,394679.52959919034,4438789.258251905,-0.22153785336146395,9
actual,1746046635.137333,394679.65284767083,4438789.227585801,-0.19402394198095724,9
actual,1746046635.237334,394679.77528585755,4438789.200430855,-0.1670622178691965,9
actual,1746046635.3373375,394679.8904969677,4438789.1764976755,-0.14122689435008784,9
actual,1746046635.4373908,394680.00879256066,4438789.157044443,-0.11700690796028494,9
actual,1746046635.5373442,394680.1253863809,4438789.139999513,-0.09407417170699782,9
actual,1746046635.6373413,394680.24039080157,4438789.125998298,-0.07342242370643486,9
actual,1746046635.7373588,394680.3538817129,4438789.114450953,-0.05450825569598722,9
actual,1746046635.8373523,394680.4732870442,4438789.104516073,-0.03692952636270306,9
actual,1746046635.9373345,394680.58497774834,4438789.09670109,-0.022739266505703393,9
actual,1746046636.0373442,394680.6950149897,4438789.09077156,-0.011221891131670358,9
actual,1746046636.1373386,394680.8034644335,4438789.086596997,-0.0018901741266173803,9
actual,1746046636.237436,394680.90953293775,4438789.082900288,0.007030343306665924,9
actual,1746046636.3373532,394681.0134675882,4438789.079921683,0.014877622876312606,9
actual,1746046636.4373367,394681.1069158653,4438789.092969427,0.02027025393266215,9
actual,1746046636.537337,394681.20585050597,4438789.093851449,0.02380665751634547,9
actual,1746046636.63737,394681.3030788516,4438789.0954427365,0.02523784495627343,9
actual,1746046636.737335,394681.398390371,4438789.0963487215,0.026311362072590164,9
actual,1746046636.837336,394681.4915198622,4438789.097770411,0.02587328443033943,9
actual,1746046636.937338,394681.5786907543,4438789.104753928,0.02418270615698018,9
actual,1746046637.0373986,394681.6657344346,4438789.106999492,0.022114630619707247,9
actual,1746046637.1373427,394681.74996044557,4438789.108632342,0.020369179194665188,9
actual,1746046637.2373362,394681.831113737,4438789.110291911,0.018629871328590265,9
actual,1746046637.3373384,394681.91076334,4438789.107284178,0.017138365309713383,9
actual,1746046637.4373326,394681.98603783787,4438789.108157535,0.01602995906164932,9
actual,1746046637.5373406,394682.0579287316,4438789.108797498,0.015319697322550237,9
actual,1746046637.6373358,394682.12665988086,4438789.109462137,0.014878687527156362,9
actual,1746046637.73734,394682.19247915025,4438789.1103231395,0.014617551364473022,9
actual,1746046637.8374145,394682.2519297586,4438789.1117280675,0.014346972970536422,9
actual,1746046637.937351,394682.3111646611,4438789.112525247,0.014118352291817491,9
actual,1746046638.0373442,394682.3672721821,4438789.113394014,0.013989983325333487,9
actual,1746046638.1373382,394682.4202572182,4438789.114638179,0.013662821357046979,9
actual,1746046638.2373352,394682.47002293856,4438789.115842349,0.013381456828333003,9
actual,1746046638.3373334,394682.5186939155,4438789.112584662,0.013148158667218881,9
actual,1746046638.437336,394682.562434079,4438789.1133633135,0.012848014395753487,9
actual,1746046638.5373693,394682.60314481694,4438789.114094701,0.012614594061591785,9
actual,1746046638.6373851,394682.64096093003,4438789.114692386,0.012483170768916564,9
actual,1746046638.737369,394682.67575969896,4438789.115249332,0.01236518651148175,9
actual,1746046638.8373609,394682.7074662946,4438789.115758413,0.012323106623216253,9
actual,1746046638.937357,394682.73113791144,4438789.114952695,0.012135885154354773,9
actual,1746046639.0373728,394682.7556660272,4438789.11547965,0.012044412448257782,9
actual,1746046639.1373382,394682.7767742782,4438789.116055871,0.01194866368549329,9
actual,1746046639.237338,394682.7944145168,4438789.116639308,0.011845200567435115,9
actual,1746046639.337343,394682.8086196537,4438789.117269227,0.011817118219770491,9
actual,1746046639.4373696,394682.8223391394,4438789.114734194,0.011773432628592997,9
actual,1746046639.5373495,394682.8303053183,4438789.115017696,0.011747601755663716,9
actual,1746046639.6373413,394682.8350542893,4438789.115389919,0.01172522663465309,9
actual,1746046639.7373455,394682.83655324875,4438789.115844148,0.011695398957736414,9
actual,1746046639.8373356,394682.83585009305,4438789.116364953,0.011644941489061165,9
actual,1746046639.9372854,394682.83181992726,4438789.118223291,0.011655727623838541,9
actual,1746046640.0373826,394682.83153190126,4438789.118870589,0.01165225441862716,9
actual,1746046640.1373394,394682.83173216204,4438789.1195928035,0.011652795470695154,9
actual,1746046640.237344,394682.83197045955,4438789.12035986,0.011670632735650641,9
actual,1746046640.337337,394682.83046585147,4438789.1161001185,0.011666915184343854,9
actual,1746046640.437341,394682.83015730354,4438789.116076331,0.011694072507505024,9
actual,1746046640.537334,394682.82999782346,4438789.116105954,0.011679830620808743,9
actual,1746046640.6373432,394682.82978116034,4438789.116099924,0.011703793991438642,9
actual,1746046640.7373354,394682.8294854569,4438789.116083245,0.01171910052897843,9
actual,1746046640.8373506,394682.8327984448,4438789.115392234,0.011736012769430466,9
actual,1746046640.9373586,394682.83318057156,4438789.115182387,0.01179460347241981,9
actual,1746046641.0373435,394682.83351622126,4438789.115131622,0.011697144286988467,9
actual,1746046641.137341,394682.8338958434,4438789.114964732,0.011724964835265207,9
actual,1746046641.2373335,394682.83422739455,4438789.114825609,0.011766905097190649,9
actual,1746046641.3373363,394682.83193864964,4438789.114994589,0.011709117245657178,9
actual,1746046641.437336,394682.8315728902,4438789.114881703,0.011728560213524416,9
actual,1746046641.537337,394682.8309118508,4438789.114850179,0.011766503671462713,9
actual,1746046641.6372583,394682.8300097243,4438789.114907995,0.011714719752556073,9
actual,1746046641.737332,394682.8290368351,4438789.114899001,0.011746397478479656,9
actual,1746046641.8373723,394682.8297866146,4438789.115034648,0.011784096590322793,9
actual,1746046641.9373426,394682.829118194,4438789.114861259,0.011819648947185943,9
actual,1746046642.0373647,394682.8286224825,4438789.114822915,0.011818706469389765,9
actual,1746046642.137359,394682.82849005744,4438789.114840149,0.011899794466437564,9
actual,1746046642.2373538,394682.82865315897,4438789.114778465,0.011874103219848088,9
actual,1746046642.337358,394682.82578024146,4438789.115393232,0.011658520150641874,9
actual,1746046642.4373353,394682.82604345336,4438789.115393973,0.011653196896423338,9
actual,1746046642.5373511,394682.8263760975,4438789.115343148,0.011626702798377988,9
actual,1746046642.6373394,394682.8266404385,4438789.115217198,0.01165639084895436,9
actual,1746046642.7373612,394682.8268580454,4438789.115207075,0.011645342914789351,9
actual,1746046642.837336,394682.82721476746,4438789.115121091,0.011632951077099978,9
actual,1746046642.9373708,394682.823076999,4438789.116596571,0.011682361348223947,9
actual,1746046643.0373368,394682.8230317683,4438789.11663101,0.011662115528900834,9
actual,1746046643.137388,394682.82291690115,4438789.116638967,0.011698331110879803,9
actual,1746046643.237337,394682.822765528,4438789.116775007,0.011636546455359185,9
actual,1746046643.3373384,394682.82259032334,4438789.116809934,0.011720566605550126,9
actual,1746046643.4373686,394682.82281335513,4438789.116481638,0.011645744340517288,9
actual,1746046643.5373354,394682.8228111193,4438789.116430781,0.011666112332887979,9
actual,1746046643.6373577,394682.82280244934,4438789.116375434,0.01166291838035671,9
actual,1746046643.7373343,394682.8228938307,4438789.116317736,0.011624835296078356,9
actual,1746046643.8373365,394682.8230126288,4438789.116204962,0.011653458695810972,9
actual,1746046643.9373362,394682.8228665149,4438789.118805386,0.011708855446269296,9
actual,1746046644.0373368,394682.82295903005,4438789.118896013,0.011745332827635898,9
actual,1746046644.1373415,394682.8229956251,4438789.118997227,0.011745873879704138,9
actual,1746046644.2373443,394682.8230630969,4438789.119063427,0.011790885921113024,9
actual,1746046644.3373363,394682.82214727066,4438789.119727258,0.01172203268212182,9
actual,1746046644.437335,394682.82215807214,4438789.119826101,0.011758248264100787,9
actual,1746046644.5373352,394682.82217922184,4438789.119937581,0.011734686319198826,9
actual,1746046644.6373365,394682.8221362524,4438789.120026425,0.011748003181391653,9
actual,1746046644.7373362,394682.8220410235,4438789.120061401,0.011715784403399829,9
actual,1746046644.837339,394682.82220520714,4438789.120374798,0.011683024573339765,9
actual,1746046644.9373405,394682.822236824,4438789.120406884,0.01167716026705299,9
actual,1746046645.0373507,394682.82225322403,4438789.120415686,0.011684892075639396,9
actual,1746046645.1373374,394682.82231586426,4438789.120437827,0.011666513758615916,9
actual,1746046645.2373497,394682.82235512114,4438789.120451724,0.01166478588265634,9
actual,1746046645.3373477,394682.82210431364,4438789.121431702,0.01164546508783693,9
actual,1746046645.4373648,394682.8221467469,4438789.121508334,0.01165386012153891,9
actual,1746046645.5373578,394682.8221913166,4438789.121601401,0.011648659040367952,9
actual,1746046645.6373627,394682.8222153641,4438789.121644337,0.01166119050439738,9
actual,1746046645.737364,394682.82226825913,4438789.12172741,0.011630420349684775,9
actual,1746046645.8373744,394682.8215101645,4438789.119893363,0.011699657561111194,9
actual,1746046645.9373622,394682.8215084714,4438789.1197518585,0.011718315130815032,9
actual,1746046646.0373335,394682.8214870889,4438789.119645098,0.011713114049644075,9
actual,1746046646.1373608,394682.8214517342,4438789.119530874,0.01172709413695272,9
actual,1746046646.237333,394682.8214580831,4438789.119406918,0.01170965829772517,9
actual,1746046646.337393,394682.82144728955,4438789.119282247,0.011697667885763983,9
actual,1746046646.4373343,394682.82224310713,4438789.120878622,0.011645063662108993,9
actual,1746046646.5373373,394682.8222759749,4438789.120875338,0.011676357415597114,9
actual,1746046646.6373777,394682.82234418177,4438789.120899954,0.011669847337487242,9
actual,1746046646.7373762,394682.82241627586,4438789.120911335,0.011674228113909849,9
actual,1746046646.8373644,394682.82263830164,4438789.120654623,0.011657717299186,9
actual,1746046646.9373357,394682.82267010486,4438789.120492534,0.011674228113909849,9
actual,1746046647.0373337,394682.82271164557,4438789.120358935,0.011655326198110603,9
actual,1746046647.1372724,394682.822719579,4438789.120229257,0.01162322959316636,9
actual,1746046647.2373362,394682.82273199706,4438789.119984955,0.011662778754016653,9
actual,1746046647.3373408,394682.82351365,4438789.120396006,0.011680493845924315,9
actual,1746046647.4373336,394682.8235858537,4438789.120300629,0.011691681406429627,9
actual,1746046647.5373394,394682.8236663772,4438789.120162445,0.011669568084806884,9
actual,1746046647.637333,394682.8237396733,4438789.120015443,0.01165452334665473,9
actual,1746046647.7373335,394682.82380518113,4438789.119818866,0.01167543239109366,9
actual,1746046647.8373346,394682.82306416496,4438789.120133443,0.01167902776935262,9
actual,1746046647.9373357,394682.82295884535,4438789.120072951,0.01167609561620948,9
actual,1746046648.0373352,394682.82281785837,4438789.120020284,0.01166743878311937,9
actual,1746046648.1373432,394682.8226671675,4438789.119938661,0.011675292764753358,9
actual,1746046648.2373586,394682.8225231214,4438789.119841307,0.011678486717284628,9
actual,1746046648.337366,394682.8227137651,4438789.121457475,0.011717372653019103,9
actual,1746046648.4373512,394682.8226708977,4438789.121513053,0.011753466061950244,9
actual,1746046648.5373685,394682.82264653733,4438789.121592071,0.011723638385033817,9
actual,1746046648.6373355,394682.82259620784,4438789.121668807,0.011736675994546036,9
actual,1746046648.7373397,394682.8225578922,4438789.121713772,0.011725104461605263,9
actual,1746046648.8373365,394682.8224669826,4438789.12175874,0.011712189025140622,9
actual,1746046648.9373407,394682.82393904607,4438789.121120534,0.011685415674414914,9
actual,1746046649.0373511,394682.8240657776,4438789.1210132735,0.011680493845924315,9
actual,1746046649.137384,394682.82418431184,4438789.120922344,0.011664244830588347,9
actual,1746046649.2373383,394682.82427238,4438789.120808925,0.011662115528900834,9
actual,1746046649.3373365,394682.82337801676,4438789.120061519,0.011666775558003798,9
actual,1746046649.4373336,394682.8233475772,4438789.119943547,0.011681418870428017,9
actual,1746046649.5373397,394682.82334507507,4438789.119834708,0.01166743878311937,9
actual,1746046649.6373398,394682.82329241536,4438789.119669553,0.011650002943892068,9
actual,1746046649.737337,394682.82321902906,4438789.119482426,0.011651992619239278,9
actual,1746046649.837345,394682.82315328193,4438789.119288533,0.011679167395692924,9
actual,1746046649.9373353,394682.82411088387,4438789.120644745,0.011700338239519489,9
actual,1746046650.0373335,394682.82414798276,4438789.120668686,0.011682623147611829,9
actual,1746046650.137336,394682.82419710554,4438789.120624253,0.011703793991438642,9
actual,1746046650.2373354,394682.8242793264,4438789.1205778895,0.011706586518241727,9
actual,1746046650.3373313,394682.8243281256,4438789.1205380345,0.011720043006774608,9
actual,1746046650.437337,394682.8236815797,4438789.120020522,0.011689412478402059,9
actual,1746046650.5373251,394682.8236375773,4438789.119916666,0.011676898467665354,9
actual,1746046650.6373506,394682.8235937296,4438789.119780611,0.011680616018972141,9
actual,1746046650.737343,394682.82355092396,4438789.119628442,0.011701001464635308,9
actual,1746046650.8373663,394682.8236343923,4438789.120535516,0.011660387652941506,9
actual,1746046650.9373631,394682.82360120723,4438789.120497447,0.011648659040367952,9
actual,1746046651.037368,394682.8235815257,4438789.120420836,0.011658258351253992,9
actual,1746046651.1373646,394682.82359882916,4438789.1203852715,0.011650927968395522,9
actual,1746046651.2373366,394682.8235821681,4438789.120320102,0.011632026052596525,9
actual,1746046651.337342,394682.82435174944,4438789.120831085,0.011665850533500097,9
actual,1746046651.4373984,394682.82439778274,4438789.120740173,0.011663441979132473,9
actual,1746046651.537377,394682.82448870054,4438789.120594424,0.011698592910267685,9
actual,1746046651.6373315,394682.82458944136,4438789.120443103,0.01170552186739797,9
actual,1746046651.7373369,394682.8246815859,4438789.120288754,0.01170365436509834,9
actual,1746046651.8373334,394682.8221165463,4438789.119292552,0.011663983031200465,9
actual,1746046651.9373388,394682.82196133264,4438789.119222768,0.011667700582507252,9
actual,1746046652.0373688,394682.8218343178,4438789.119164758,0.011643615038829774,9
actual,1746046652.1373606,394682.8217514945,4438789.119098239,0.011612443458389233,9
actual,1746046652.2373402,394682.82164426456,4438789.11900346,0.01162216494232285,9
actual,1746046652.337335,394682.82410431094,4438789.11805415,0.011678888143012565,9
actual,1746046652.4372923,394682.82414341724,4438789.117968245,0.011712189025140622,9
actual,1746046652.5373368,394682.8242088987,4438789.117879658,0.01171458012621577,9
actual,1746046652.637336,394682.8242682102,4438789.117748433,0.011746798904207593,9
actual,1746046652.7373369,394682.8243075848,4438789.117621088,0.011766119699027251,9
actual,1746046652.837337,394682.82336484885,4438789.119521363,0.011675694190481542,9
actual,1746046652.9373355,394682.8232680068,4438789.1196338115,0.011675030965365723,9
actual,1746046653.0373616,394682.82312932156,4438789.11970563,0.011675572017433716,9
actual,1746046653.1373348,394682.8230340671,4438789.119783907,0.011713515475372261,9
actual,1746046653.237325,394682.8229793662,4438789.119855021,0.011753466061950244,9
actual,1746046653.3373601,394682.8228464261,4438789.119532936,0.011714440499875715,9
actual,1746046653.4373584,394682.8226788385,4438789.119455791,0.011684752449299342,9
actual,1746046653.5373576,394682.8225090937,4438789.119381948,0.011671173787718881,9
actual,1746046653.6373522,394682.82234129147,4438789.119213038,0.011676235242549534,9
actual,1746046653.7373345,394682.8221442667,4438789.119031917,0.011640141833618394,9
actual,1746046653.8373528,394682.8222777343,4438789.12009317,0.011641346110802206,9
actual,1746046653.9373727,394682.82214383467,4438789.120144191,0.011658781950029508,9
actual,1746046654.0373352,394682.82201004954,4438789.12019416,0.011642009335918026,9
actual,1746046654.1373382,394682.8218645173,4438789.120197951,0.011654662972994785,9
actual,1746046654.2373655,394682.8217492257,4438789.12020346,0.011667840208847556,9
actual,1746046654.3373363,394682.8209813934,4438789.120344563,0.011695940009804656,9
actual,1746046654.4373698,394682.82080882066,4438789.1203560075,0.011698872162947795,9
actual,1746046654.5373373,394682.82067174703,4438789.120358368,0.011685817100143098,9
actual,1746046654.6373806,394682.82053207926,4438789.120315794,0.011697528259423927,9
actual,1746046654.7373455,394682.8203553967,4438789.120240018,0.011712049398800566,9
actual,1746046654.8373406,394682.82115687075,4438789.120305215,0.011630298176636949,9
actual,1746046654.93737,394682.82115045056,4438789.120287127,0.01162322959316636,9
actual,1746046655.0373392,394682.82115275157,4438789.120235912,0.011657315873457814,9
actual,1746046655.137364,394682.8212009183,4438789.1202576775,0.011633614302215798,9
actual,1746046655.2372622,394682.82125494257,4438789.120227967,0.01165026474327995,9
actual,1746046655.337342,394682.8212938623,4438789.120177761,0.011674228113909849,9
actual,1746046655.4372923,394682.8218441003,4438789.119589559,0.011707528996037905,9
actual,1746046655.5373409,394682.8218928861,4438789.119552412,0.011688086028170667,9
actual,1746046655.6373363,394682.82192297175,4438789.119472616,0.011705783666785853,9
actual,1746046655.7373347,394682.8219349986,4438789.119409762,0.01168648032525867,9
actual,1746046655.837363,394682.8219628571,4438789.119808933,0.011648135441592437,9
actual,1746046655.9373553,394682.8219896443,4438789.119801007,0.011641869709577722,9
actual,1746046656.037363,394682.82200958155,4438789.119741619,0.011678888143012565,9
actual,1746046656.137337,394682.82197991695,4438789.119704127,0.011671697386494397,9
actual,1746046656.2373374,394682.8219221533,4438789.119668215,0.011667176983731736,9
actual,1746046656.337363,394682.8229215114,4438789.119151204,0.011703252939370402,9
actual,1746046656.4373372,394682.8230408378,4438789.11905545,0.01168780677549031,9
actual,1746046656.537338,394682.823089576,4438789.118923738,0.01171512117828401,9
actual,1746046656.6373618,394682.82311086374,4438789.118837017,0.01171711085363122,9
actual,1746046656.7373676,394682.8231771225,4438789.1187107535,0.011710583322228872,9
actual,1746046656.837336,394682.8232826316,4438789.1185409,0.011716185829127767,9
actual,1746046656.9373643,394682.82261135743,4438789.118675255,0.01168382742479564,9
actual,1746046657.0373495,394682.8225645962,4438789.118632611,0.011658380524301572,9
actual,1746046657.1373389,394682.82254449406,4438789.118514234,0.011663581605472529,9
actual,1746046657.237334,394682.8224746933,4438789.118401576,0.01169061675558587,9
actual,1746046657.3373733,394682.8223626339,4438789.118305918,0.01168714355037449,9
actual,1746046657.4373367,394682.8218599781,4438789.118385288,0.011692344631545446,9
actual,1746046657.5373402,394682.82171413285,4438789.118296408,0.011739608147689425,9
actual,1746046657.637366,394682.8215616338,4438789.118205805,0.011789943443317094,9
actual,1746046657.7372804,394682.82138067816,4438789.118190229,0.011753326435610188,9
actual,1746046657.8374162,394682.8211554598,4438789.118118912,0.011742679927172869,9
actual,1746046657.9373443,394682.8218509923,4438789.119575385,0.011631764253208643,9
actual,1746046658.0373409,394682.8217372332,4438789.119575107,0.011665169855091802,9
actual,1746046658.1372943,394682.8216735469,4438789.119590039,0.011660248026601202,9
actual,1746046658.23734,394682.82163744094,4438789.119541052,0.011691541780089573,9
actual,1746046658.3373342,394682.82275431824,4438789.118906033,0.01171910052897843,9
actual,1746046658.4373376,394682.8227942684,4438789.118863549,0.011749207458575465,9
actual,1746046658.5373876,394682.82284458005,4438789.118801309,0.011769575450946156,9
actual,1746046658.6373951,394682.82289250183,4438789.118709611,0.011806855683768882,9
actual,1746046658.7373924,394682.82297949225,4438789.11864512,0.011824029723608302,9
actual,1746046658.8372538,394682.82306710863,4438789.119960893,0.011701001464635308,9
actual,1746046658.9373357,394682.8230893468,4438789.120041559,0.011682762773951883,9
actual,1746046659.037332,394682.82309955335,4438789.120074842,0.011700861838295254,9
actual,1746046659.1373348,394682.8231315926,4438789.120146237,0.011664646256316285,9
actual,1746046659.2373333,394682.8232140863,4438789.120251113,0.011673704515134085,9
actual,1746046659.337338,394682.82378458406,4438789.120870328,0.011683024573339765,9
actual,1746046659.437345,394682.8237577387,4438789.12091234,0.011605252701870817,9
actual,1746046659.5373387,394682.8234479566,4438789.120929732,0.01164214896225808,9
actual,1746046659.6373355,394682.823121705,4438789.120932611,0.01164227113530566,9
actual,1746046659.737377,394682.82284089486,4438789.120880378,0.011636686081699241,9
actual,1746046659.8373718,394682.8231417767,4438789.121466079,0.011708314394201303,9
actual,1746046659.9373362,394682.8233321834,4438789.121479211,0.011716971227291165,9
actual,1746046660.0373342,394682.82348531677,4438789.121525667,0.01171098474795681,9
actual,1746046660.1373343,394682.82355094166,4438789.121635471,0.011703933617778698,9
actual,1746046660.237303,394682.82354592014,4438789.121625841,0.011726029486108965,9
actual,1746046660.3373406,394682.8235517286,4438789.121665811,0.01170805259481342,9
actual,1746046660.4373355,394682.8214367672,4438789.120037214,0.011716709427903283,9
actual,1746046660.5373342,394682.8212344294,4438789.119956369,0.011724441236489691,9
actual,1746046660.6373549,394682.8209931528,4438789.119821741,0.011747462129323412,9
actual,1746046660.737343,394682.8207462755,4438789.119705451,0.011741336023649001,9
actual,1746046660.8372498,394682.82226591243,4438789.120558936,0.011683024573339765,9
actual,1746046660.9373465,394682.8222826449,4438789.120522246,0.01169061675558587,9
actual,1746046661.03739,394682.8222883293,4438789.120505475,0.011696463608580171,9
actual,1746046661.1373427,394682.8223098775,4438789.12047531,0.011666513758615916,9
actual,1746046661.2373421,394682.8223814225,4438789.120420992,0.011653057270083035,9
actual,1746046661.3372917,394682.82245239546,4438789.120126184,0.011649461891824075,9
actual,1746046661.4373333,394682.8224599192,4438789.120078225,0.011648798666708256,9
actual,1746046661.5373602,394682.82244187663,4438789.120031053,0.011619372415519517,9
actual,1746046661.6373367,394682.822378391,4438789.119968432,0.011635883230243367,9
actual,1746046661.7373846,394682.82235076994,4438789.119831746,0.011657455499798117,9
actual,1746046661.8373754,394682.822453873,4438789.120780199,0.011700861838295254,9
actual,1746046661.9373486,394682.8224711572,4438789.120848683,0.01168780677549031,9
actual,1746046662.0373557,394682.8224791816,4438789.120879023,0.011705783666785853,9
actual,1746046662.1373396,394682.8225106221,4438789.120914101,0.011718699103250494,9
actual,1746046662.2373343,394682.8224884275,4438789.1209126515,0.011750533908806855,9
actual,1746046662.3373353,394682.82243285264,4438789.120917953,0.01175465288584158,9
actual,1746046662.4373357,394682.82301026705,4438789.120394285,0.011727896988408596,9
actual,1746046662.537372,394682.82300313975,4438789.120292561,0.011750132483078919,9
actual,1746046662.6373487,394682.8229420566,4438789.120253275,0.011741737449376939,9
actual,1746046662.7373369,394682.8228011348,4438789.120208033,0.011726832337564838,9
actual,1746046662.8373325,394682.82217940985,4438789.120911976,0.011701001464635308,9
actual,1746046662.9373357,394682.8220722575,4438789.120860113,0.011734023094083007,9
actual,1746046663.0373335,394682.821933027,4438789.120838472,0.011704055790826276,9
actual,1746046663.1373398,394682.8217309926,4438789.120792748,0.011689552104742361,9
actual,1746046663.2373488,394682.82152131805,4438789.120713971,0.011717634452406736,9
actual,1746046663.3373487,394682.821461592,4438789.120687736,0.011694735732620596,9
actual,1746046663.4373507,394682.8214073007,4438789.120643784,0.011696463608580171,9
actual,1746046663.5373344,394682.8213255292,4438789.12061925,0.011681157071040135,9
actual,1746046663.6373408,394682.8212759031,4438789.120618151,0.01167344271574645,9
actual,1746046663.737365,394682.82123345573,4438789.12057917,0.011685677473802796,9
actual,1746046663.837365,394682.8205090184,4438789.121470315,0.011709256871997233,9
actual,1746046663.9373417,394682.8203277936,4438789.121638344,0.011680755645312197,9
actual,1746046664.0373437,394682.8201532608,4438789.1218441855,0.011683949597843468,9
actual,1746046664.137366,394682.81990488153,4438789.122105612,0.01168768460244273,9
actual,1746046664.2373736,394682.8196161166,4438789.122374574,0.011682082095543837,9
actual,1746046664.3373451,394682.82133763237,4438789.120413044,0.011678224917896746,9
actual,1746046664.4373326,394682.82131127996,4438789.120417127,0.011716569801563229,9
actual,1746046664.5373828,394682.821309331,4438789.120443628,0.011719240155318734,9
actual,1746046664.637336,394682.82128085394,4438789.120437122,0.011699936813791553,9
actual,1746046664.7373362,394682.8212386099,4438789.12040981,0.011701123637682888,9
actual,1746046664.8373342,394682.8216337444,4438789.121631413,0.011680895271652251,9
actual,1746046664.9373345,394682.8216224841,4438789.121709617,0.011685555300755216,9
actual,1746046665.03736,394682.821638763,4438789.121801318,0.011695678210416772,9
actual,1746046665.1373456,394682.8216527142,4438789.121952072,0.011674228113909849,9
actual,1746046665.2373328,394682.8215994893,4438789.122046905,0.01168768460244273,9
actual,1746046665.3373632,394682.8215606636,4438789.122125048,0.01168702137732691,9
actual,1746046665.4373536,394682.8214547534,4438789.120234343,0.01171843730386286,9
actual,1746046665.5373685,394682.82139631436,4438789.120128479,0.011745332827635898,9
actual,1746046665.637258,394682.8213532699,4438789.120012532,0.011758928942509083,9
actual,1746046665.73738,394682.8213626054,4438789.119898829,0.011771966552021552,9
actual,1746046665.8374145,394682.8215880591,4438789.12029777,0.011673163463066093,9
actual,1746046665.9374287,394682.821554199,4438789.120220939,0.011690215329857933,9
actual,1746046666.0373602,394682.82145351195,4438789.120115748,0.011715243351331589,9
actual,1746046666.1373389,394682.821378143,4438789.120038527,0.011713253675984378,9
actual,1746046666.2373679,394682.82133274263,4438789.120014906,0.011700739665247427,9
actual,1746046666.3373337,394682.82135819446,4438789.120142476,0.011647472216476617,9
actual,1746046666.4373388,394682.8213318594,4438789.120104778,0.011646267939292805,9
actual,1746046666.5373578,394682.82134017773,4438789.120135279,0.01162708677081345,9
actual,1746046666.637388,394682.82128296955,4438789.12014232,0.01161417133434856,9
actual,1746046666.7373643,394682.82117078337,4438789.120092054,0.011632026052596525,9
actual,1746046666.8373675,394682.8217290734,4438789.119923482,0.011689150679014425,9
actual,1746046666.937351,394682.82173014706,4438789.119940332,0.011713114049644075,9
actual,1746046667.0374157,394682.8217550205,4438789.120010403,0.011718978355930852,9
actual,1746046667.137333,394682.8217744273,4438789.120057314,0.011750673535147159,9
actual,1746046667.2372866,394682.82174879394,4438789.120108645,0.011777028006852205,9
actual,1746046667.33734,394682.82244836097,4438789.120447227,0.011707528996037905,9
actual,1746046667.4373727,394682.82252318796,4438789.12045536,0.011721229830665945,9
actual,1746046667.5373673,394682.8226039688,4438789.1204665145,0.011724039810761753,9
actual,1746046667.6373339,394682.82264784374,4438789.120432947,0.011756660014481514,9
actual,1746046667.7373483,394682.82268402056,4438789.120425957,0.01174426817679239,9
actual,1746046667.8373363,394682.82209711766,4438789.118872319,0.011684752449299342,9
actual,1746046667.9372563,394682.8220264558,4438789.118742172,0.011694072507505024,9
actual,1746046668.0373964,394682.8219045352,4438789.118659968,0.011664244830588347,9
actual,1746046668.1373394,394682.8217942937,4438789.118557829,0.011678102744849166,9
actual,1746046668.237363,394682.8216494382,4438789.118495843,0.011701804316091182,9
actual,1746046668.3374102,394682.8211381916,4438789.119194179,0.011735349544314646,9
actual,1746046668.4373488,394682.82077737624,4438789.119219748,0.011739346348301543,9
actual,1746046668.5373666,394682.82023890805,4438789.119232144,0.011766905097190649,9
actual,1746046668.637336,394682.81956262985,4438789.119233483,0.011778354457083844,9
actual,1746046668.737365,394682.81883249915,4438789.1192821255,0.011767568322306469,9
actual,1746046668.8373358,394682.8191467844,4438789.120148305,0.011714318326828135,9
actual,1746046668.9373505,394682.81900400296,4438789.1202725135,0.011713515475372261,9
actual,1746046669.0374165,394682.81903310824,4438789.1203362765,0.011751458933310557,9
actual,1746046669.1373518,394682.81924020255,4438789.120405787,0.011744006377404508,9
actual,1746046669.2373424,394682.8195949566,4438789.120494184,0.011765316847571376,9
actual,1746046669.3373382,394682.8179538399,4438789.119953484,0.011708192221153477,9
actual,1746046669.4373422,394682.8180923956,4438789.119882179,0.011745071028248264,9
actual,1746046669.5373347,394682.81821917096,4438789.119869685,0.011740672798533181,9
actual,1746046669.6373332,394682.8183078131,4438789.119829772,0.011758527516781145,9
actual,1746046669.7373207,394682.818367082,4438789.119824811,0.011752925009882252,9
actual,1746046669.8373642,394682.81840973464,4438789.119821251,0.011789821270269268,9
actual,1746046669.937383,394682.81777898216,4438789.121699483,0.011717634452406736,9
actual,1746046670.037296,394682.8177547855,4438789.121835428,0.011720968031278062,9
actual,1746046670.1373346,394682.8176837429,4438789.122008859,0.011674507366589959,9
actual,1746046670.237341,394682.81761895114,4438789.122113598,0.011693409282389204,9
actual,1746046670.3373375,394682.81757083454,4438789.122230632,0.011722434107849757,9
actual,1746046670.4373667,394682.81745851156,4438789.122361702,0.01172882201291205,9
actual,1746046670.5373552,394682.81751905265,4438789.121819712,0.011710181896500934,9
actual,1746046670.6373565,394682.8174993988,4438789.121783915,0.011704596842894516,9
actual,1746046670.7374434,394682.81750770286,4438789.121715524,0.011689813904129995,9
actual,1746046670.8373456,394682.81755510165,4438789.122435194,0.01167609561620948,9
actual,1746046670.9373393,394682.81752711575,4438789.122432106,0.011656652648342243,9
actual,1746046671.0373344,394682.8174603862,4438789.122364762,0.011675694190481542,9
actual,1746046671.1372533,394682.8174372581,4438789.122287269,0.011673704515134085,9
actual,1746046671.2373343,394682.8174230421,4438789.122264361,0.011683024573339765,9
actual,1746046671.3373437,394682.81735156104,4438789.122203397,0.011716971227291165,9
actual,1746046671.437324,394682.8168603349,4438789.121419116,0.011749731057350981,9
actual,1746046671.5373497,394682.8167722471,4438789.121314,0.011778755882811782,9
actual,1746046671.6373389,394682.81668786774,4438789.121257988,0.011750272109419221,9
actual,1746046671.7373369,394682.81657993374,4438789.121117669,0.01178528341421413,9
actual,1746046671.8373346,394682.81647598237,4438789.120957712,0.011804726382081366,9
actual,1746046671.9373417,394682.8167718074,4438789.121786554,0.011725505887333449,9
actual,1746046672.0373404,394682.81664567033,4438789.121764566,0.011719240155318734,9
actual,1746046672.1373432,394682.81651458994,4438789.121700937,0.01173561134370228,9
actual,1746046672.2373443,394682.8163477194,4438789.121625975,0.011744931401907962,9
actual,1746046672.3373747,394682.81612815615,4438789.12156554,0.011746938530547896,9
actual,1746046672.437345,394682.8170857157,4438789.121369908,0.011672360611610217,9
actual,1746046672.5373816,394682.8170012682,4438789.121343039,0.01166810200823519,9
actual,1746046672.6373746,394682.8168906256,4438789.1213010475,0.011677561692781174,9
actual,1746046672.737283,394682.81680609134,4438789.121227792,0.011721229830665945,9
actual,1746046672.837336,394682.81722506933,4438789.120082483,0.011690477129245815,9
actual,1746046672.9373431,394682.8172260405,4438789.120027135,0.011676497041937418,9
actual,1746046673.0373752,394682.8172013094,4438789.119893657,0.011689552104742361,9
actual,1746046673.1373744,394682.8171569423,4438789.119795811,0.011690878554973753,9
actual,1746046673.2373514,394682.8170873113,4438789.1196627235,0.011722434107849757,9
actual,1746046673.3373487,394682.81765174464,4438789.119935128,0.011667037357391432,9
actual,1746046673.4373422,394682.8177313365,4438789.119962909,0.011671837012834453,9
actual,1746046673.537333,394682.81778440805,4438789.119984102,0.011683146746387344,9
actual,1746046673.6373386,394682.81777445565,4438789.120043624,0.011647332590136561,9
actual,1746046673.7373579,394682.817798867,4438789.120141968,0.011655465824450907,9
actual,1746046673.83735,394682.8178554991,4438789.120227778,0.011686619951598974,9
actual,1746046673.9373415,394682.8179376321,4438789.120567924,0.011715906576447409,9
actual,1746046674.0373366,394682.81791232125,4438789.120552348,0.011749608884303401,9
actual,1746046674.1373374,394682.81794445444,4438789.12054632,0.01175746286593739,9
actual,1746046674.2373335,394682.8180124138,4438789.120510944,0.011784096590322793,9
actual,1746046674.3373346,394682.8177780841,4438789.121614124,0.011725366260993145,9
actual,1746046674.4373362,394682.8177321427,4438789.121630826,0.011725767686721083,9
actual,1746046674.537338,394682.8176741531,4438789.121646974,0.011753326435610188,9
actual,1746046674.6373568,394682.8176470134,4438789.121695756,0.011740672798533181,9
actual,1746046674.7374198,394682.8176255546,4438789.121719086,0.01172803661474865,9
actual,1746046674.8373458,394682.8176034288,4438789.1217383575,0.011706324718853845,9
actual,1746046674.9373345,394682.8182158056,4438789.12095875,0.011655465824450907,9
actual,1746046675.037358,394682.81823385356,4438789.120905874,0.011659584801485632,9
actual,1746046675.1373358,394682.8182167931,4438789.120839285,0.011635883230243367,9
actual,1746046675.237338,394682.8181962174,4438789.120732039,0.011644138637605292,9
actual,1746046675.3372831,394682.81821460265,4438789.120659008,0.011623892818282178,9
actual,1746046675.4373546,394682.8181715396,4438789.121179791,0.011634556780011976,9
actual,1746046675.537272,394682.8181541202,4438789.1211386705,0.01163122320114065,9
actual,1746046675.6373408,394682.8181018822,4438789.121143288,0.01162708677081345,9
actual,1746046675.7373614,394682.8180457549,4438789.121138498,0.011618569564063643,9
actual,1746046675.8373706,394682.8179739951,4438789.12108035,0.011643737211877354,9
actual,1746046675.9373333,394682.81730683794,4438789.119357593,0.011704858642282151,9
actual,1746046676.0373352,394682.817159089,4438789.119237159,0.011694997532008478,9
actual,1746046676.1373386,394682.81700578204,4438789.119056455,0.011724441236489691,9
actual,1746046676.237368,394682.8168660575,4438789.1189106805,0.011702188288526644,9
actual,1746046676.3373911,394682.8177919742,4438789.1198887415,0.011708995072609599,9
actual,1746046676.4373443,394682.81778128224,4438789.119966323,0.011670911988331,9
actual,1746046676.5373294,394682.81778336444,4438789.119962461,0.01168874925328624,9
actual,1746046676.6373415,394682.8177248188,4438789.119980207,0.011681017444700079,9
actual,1746046676.7373366,394682.8176408011,4438789.12007699,0.011620838492091211,9
actual,1746046676.8373468,394682.8171771391,4438789.121419496,0.011623892818282178,9
actual,1746046676.9373763,394682.8170685226,4438789.121467935,0.011640281459958449,9
actual,1746046677.0373614,394682.8169120819,4438789.121539019,0.011640141833618394,9
actual,1746046677.1373935,394682.8167569927,4438789.121632054,0.011630158550296893,9
actual,1746046677.2374008,394682.8166099561,4438789.121682788,0.011654383720314675,9
actual,1746046677.3373556,394682.8164160161,4438789.121749374,0.011647210417088983,9
actual,1746046677.4373446,394682.8176538202,4438789.120622983,0.0116428121873739,9
actual,1746046677.5373445,394682.8176035555,4438789.120528111,0.011657315873457814,9
actual,1746046677.637346,394682.81755744666,4438789.120471051,0.011649461891824075,9
actual,1746046677.737357,394682.8174724049,4438789.120440061,0.011638413957658817,9
actual,1746046677.83741,394682.8173628018,4438789.120367319,0.011660125853553624,9
actual,1746046677.937391,394682.81888250605,4438789.120501425,0.011681558496768071,9
actual,1746046678.0373614,394682.81897031085,4438789.120503382,0.011716709427903283,9
actual,1746046678.1373563,394682.8190313579,4438789.12051758,0.011726169112449019,9
actual,1746046678.2373507,394682.819107148,4438789.120529211,0.011741074224261119,9
actual,1746046678.3373466,394682.8196483503,4438789.120169389,0.011718576930202914,9
actual,1746046678.4373457,394682.8196903303,4438789.120165901,0.011709920097113052,9
actual,1746046678.5373497,394682.8197677287,4438789.120142755,0.011692746057273384,9
actual,1746046678.6373453,394682.8198431018,4438789.120088049,0.011696603234920225,9
actual,1746046678.737398,394682.81987552857,4438789.120091993,0.01166876523335101,9
actual,1746046678.8373494,394682.8187976842,4438789.12073814,0.01166797983518761,9
actual,1746046678.9373393,394682.81872762425,4438789.120699903,0.011667700582507252,9
actual,1746046679.0373368,394682.8186645095,4438789.120671097,0.011647472216476617,9
actual,1746046679.137343,394682.81852470676,4438789.12061825,0.01164972369121171,9
actual,1746046679.2373402,394682.81834801123,4438789.120521397,0.011657315873457814,9
actual,1746046679.3373764,394682.8192785177,4438789.121764391,0.011626563172037686,9
actual,1746046679.4373546,394682.8193194323,4438789.121818764,0.011670632735650641,9
actual,1746046679.5374155,394682.8192783552,4438789.121816189,0.011657979098573634,9
actual,1746046679.6373484,394682.819233578,4438789.121885151,0.011694072507505024,9
actual,1746046679.7373407,394682.8193015513,4438789.1219387995,0.011717512279359158,9
actual,1746046679.8373797,394682.8193395391,4438789.121826568,0.011749992856738863,9
actual,1746046679.9373393,394682.81819666486,4438789.120400858,0.01174227850144493,9
actual,1746046680.037359,394682.8178765206,4438789.120244268,0.011708995072609599,9
actual,1746046680.137412,394682.8175975448,4438789.11995657,0.011707389369697601,9
actual,1746046680.237424,394682.817567943,4438789.119637519,0.011696062182852233,9
actual,1746046680.3374047,394682.8178486157,4438789.119291152,0.011706987943969665,9
actual,1746046680.4373553,394682.819152704,4438789.121132291,0.011657193700410235,9
actual,1746046680.5374196,394682.8195328586,4438789.121087149,0.011703252939370402,9
actual,1746046680.637334,394682.819691849,4438789.12104156,0.011725767686721083,9
actual,1746046680.737349,394682.8195696083,4438789.120980433,0.011714178700487831,9
actual,1746046680.837335,394682.8197084818,4438789.121600858,0.011681418870428017,9
actual,1746046680.9373486,394682.81960932654,4438789.121583384,0.011708454020541359,9
actual,1746046681.0373485,394682.8193841495,4438789.121636019,0.011704596842894516,9
actual,1746046681.1373732,394682.81909788866,4438789.121710239,0.011708192221153477,9
actual,1746046681.2373552,394682.81891512143,4438789.12176573,0.011698872162947795,9
actual,1746046681.3373373,394682.8179660934,4438789.120192325,0.011716185829127767,9
actual,1746046681.4373105,394682.8181342266,4438789.119859759,0.011753727861338126,9
actual,1746046681.5373333,394682.8182514335,4438789.119556508,0.011756660014481514,9
actual,1746046681.6373343,394682.81840704806,4438789.119200698,0.011725104461605263,9
actual,1746046681.7373512,394682.81862066436,4438789.118797506,0.011744669602520326,9
actual,1746046681.8372767,394682.8175052474,4438789.121856678,0.011690215329857933,9
actual,1746046681.937383,394682.8174470286,4438789.121868597,0.011683024573339765,9
actual,1746046682.0373468,394682.81728670606,4438789.1217992995,0.011724825208925153,9
actual,1746046682.1373427,394682.81710155983,4438789.121819006,0.011691681406429627,9
actual,1746046682.237339,394682.8169585494,4438789.121800751,0.011708995072609599,9
actual,1746046682.3373687,394682.8171814714,4438789.122118474,0.011674507366589959,9
actual,1746046682.4373376,394682.8170868462,4438789.122061571,0.01168780677549031,9
actual,1746046682.537366,394682.8169915617,4438789.122021316,0.011667578409459674,9
actual,1746046682.637348,394682.8169202197,4438789.121958497,0.011663581605472529,9
actual,1746046682.7373838,394682.8168417362,4438789.121927105,0.011669568084806884,9
actual,1746046682.8373797,394682.8176306614,4438789.121899245,0.011658781950029508,9
actual,1746046682.9373367,394682.817632507,4438789.121958087,0.01164827506793249,9
actual,1746046683.0373363,394682.81763525127,4438789.122005561,0.01167157521344682,9
actual,1746046683.13736,394682.8176628655,4438789.122094666,0.011653720495198855,9
actual,1746046683.2373347,394682.8176618094,4438789.1222098125,0.011639478608502575,9
actual,1746046683.3373845,394682.8176860148,4438789.122347138,0.011630298176636949,9
actual,1746046683.4374084,394682.8169122721,4438789.122488894,0.011697528259423927,9
actual,1746046683.5374475,394682.816827816,4438789.122483043,0.011704858642282151,9
actual,1746046683.6373634,394682.8167027438,4438789.122562553,0.011685014248686976,9
actual,1746046683.7373345,394682.816586562,4438789.122551772,0.011686078899530734,9
actual,1746046683.83734,394682.8164355295,4438789.122484989,0.01171098474795681,9
actual,1746046683.9373622,394682.8179003174,4438789.121995859,0.011675572017433716,9
actual,1746046684.0373359,394682.81785277824,4438789.121941182,0.011694072507505024,9
actual,1746046684.13734,394682.8178744618,4438789.121883038,0.011690075703517879,9
actual,1746046684.237354,394682.81788566464,4438789.121814672,0.01169393288116472,9
actual,1746046684.3373768,394682.8178531376,4438789.121801252,0.011696341435532592,9
actual,1746046684.4373431,394682.81766733737,4438789.121659378,0.01164640756563286,9
actual,1746046684.5373344,394682.81755477027,4438789.121590983,0.011674629539637786,9
actual,1746046684.6373413,394682.8174659574,4438789.1215394065,0.011673303089406147,9
actual,1746046684.7373378,394682.8173842555,4438789.121470371,0.011693671081777086,9
actual,1746046684.8373392,394682.81720550184,4438789.120398647,0.011676758841325052,9
actual,1746046684.9373493,394682.81711221207,4438789.120388689,0.011667037357391432,9
actual,1746046685.0373006,394682.8170040819,4438789.120422236,0.011654924772382667,9
actual,1746046685.1373827,394682.8169590292,4438789.120376942,0.011642672561033596,9
actual,1746046685.237341,394682.8169005938,4438789.120319916,0.011649461891824075,9
actual,1746046685.3373342,394682.81616535573,4438789.120732006,0.011655326198110603,9
actual,1746046685.437333,394682.81606112246,4438789.120801362,0.011626563172037686,9
actual,1746046685.537332,394682.81590056274,4438789.120830261,0.011635080378787492,9
actual,1746046685.6373417,394682.81572309555,4438789.120876296,0.011616841688104066,9
actual,1746046685.7373366,394682.8155318861,4438789.120955241,0.011599266222536708,9
actual,1746046685.8373666,394682.81638221344,4438789.122964232,0.011697929685151865,9
actual,1746046685.937395,394682.8164199048,4438789.123069094,0.011729101265592408,9
actual,1746046686.0372937,394682.81636351615,4438789.123150372,0.011741737449376939,9
actual,1746046686.137271,394682.81636671006,4438789.123219756,0.011779035135491892,9
actual,1746046686.2373433,394682.8164413275,4438789.123310973,0.011777289806240088,9
actual,1746046686.3373399,394682.8166293827,4438789.122686829,0.01169381070811714,9
actual,1746046686.4373446,394682.81651410635,4438789.122749981,0.01165452334665473,9
actual,1746046686.5373738,394682.8164666536,4438789.122701211,0.011695137158348532,9
actual,1746046686.6373303,394682.8164785788,4438789.122719452,0.011667840208847556,9
actual,1746046686.7373528,394682.81651583314,4438789.122726077,0.011715243351331589,9
actual,1746046686.8373375,394682.8189836703,4438789.122880013,0.011678626343624684,9
actual,1746046686.9373367,394682.8190249319,4438789.122925934,0.011653720495198855,9
actual,1746046687.037347,394682.81928572507,4438789.122998152,0.011650927968395522,9
actual,1746046687.1373374,394682.81954621995,4438789.122980086,0.011683286372727648,9
actual,1746046687.2373364,394682.81949859334,4438789.122929421,0.011678102744849166,9
actual,1746046687.337409,394682.81869474787,4438789.122470826,0.011689813904129995,9
actual,1746046687.4373524,394682.81855433714,4438789.122464724,0.011736292022110576,9
actual,1746046687.5374327,394682.8183872066,4438789.122395958,0.011734686319198826,9
actual,1746046687.6373487,394682.81820107147,4438789.122507068,0.01171297442330402,9
actual,1746046687.7373443,394682.81814880465,4438789.122579357,0.011723638385033817,9
actual,1746046687.8373396,394682.81656771316,4438789.120918137,0.011767969748034407,9
actual,1746046687.9373348,394682.81630603835,4438789.120609378,0.011756398215093632,9
actual,1746046688.0373654,394682.81598004,4438789.120302703,0.011815774316246377,9
actual,1746046688.1373374,394682.8158452171,4438789.12013738,0.011785545213602013,9
actual,1746046688.237369,394682.8157092826,4438789.119930525,0.011816978593430437,9
actual,1746046688.3374388,394682.8153589374,4438789.120998818,0.01167543239109366,9
actual,1746046688.437368,394682.81524127175,4438789.120878465,0.011662115528900834,9
actual,1746046688.537334,394682.81523846067,4438789.12080689,0.011655465824450907,9
actual,1746046688.6373427,394682.8151562247,4438789.120719006,0.011633352502828164,9
actual,1746046688.7373414,394682.81499495124,4438789.120558672,0.011650805795347942,9
actual,1746046688.8373342,394682.81607716123,4438789.12235443,0.011680755645312197,9
actual,1746046688.937342,394682.81610409543,4438789.122316941,0.01170060003890737,9
actual,1746046689.0373547,394682.8161542127,4438789.122336533,0.011703793991438642,9
actual,1746046689.1374004,394682.81613420893,4438789.122368321,0.011696603234920225,9
actual,1746046689.237362,394682.81610915076,4438789.122356799,0.01170805259481342,9
actual,1746046689.3373547,394682.8156110463,4438789.121714042,0.011722975159917997,9
actual,1746046689.4373405,394682.8156431088,4438789.1216734005,0.011718838729590796,9
actual,1746046689.5373406,394682.8157333716,4438789.121599749,0.011734424519810945,9
actual,1746046689.6373384,394682.8157442481,4438789.1215334255,0.011734686319198826,9
actual,1746046689.7373548,394682.8157793597,4438789.121406868,0.01172869983986447,9
actual,1746046689.8373692,394682.8166789031,4438789.122802937,0.01169194320581751,9
actual,1746046689.9374142,394682.81673475786,4438789.122922902,0.011643335786149416,9
actual,1746046690.0373442,394682.8167920563,4438789.122955,0.011694735732620596,9
actual,1746046690.137349,394682.81691967475,4438789.1230337415,0.011664908055704167,9
actual,1746046690.237341,394682.8169680595,4438789.12310471,0.011692484257885502,9
actual,1746046690.3373349,394682.81702313543,4438789.1232338995,0.01164640756563286,9
actual,1746046690.4373338,394682.8168546004,4438789.122347136,0.011715644777059527,9
actual,1746046690.5372539,394682.81693707616,4438789.122324044,0.011686619951598974,9
actual,1746046690.6373727,394682.81696724484,4438789.122243275,0.011740672798533181,9
actual,1746046690.737407,394682.8169894144,4438789.122159669,0.011731352740327501,9
actual,1746046690.8373356,394682.8154110429,4438789.121325251,0.011711787599412684,9
actual,1746046690.9373362,394682.815278164,4438789.1212667795,0.011681296697380437,9
actual,1746046691.037334,394682.8151452271,4438789.121121107,0.011668904859691064,9
actual,1746046691.1373346,394682.8149867544,4438789.121000831,0.011639478608502575,9
actual,1746046691.237333,394682.8148070155,4438789.120859567,0.011644801862721111,9
actual,1746046691.3373396,394682.8154678943,4438789.120631641,0.011651730819851644,9
actual,1746046691.437357,394682.8154515601,4438789.120544705,0.011653999747879213,9
actual,1746046691.5374136,394682.815430158,4438789.120460747,0.011628168874949682,9
actual,1746046691.6373434,394682.8153853461,4438789.12035852,0.011620175266975391,9
actual,1746046691.7373333,394682.8153185141,4438789.120251154,0.01162576032058181,9
actual,1746046691.8373363,394682.8159746352,4438789.120827571,0.011721770882734186,9
actual,1746046691.937335,394682.8159889069,4438789.12082153,0.011718175504474976,9
actual,1746046692.0373158,394682.8159698688,4438789.120798125,0.011734686319198826,9
actual,1746046692.1373382,394682.8159676318,4438789.120779754,0.01175386748767818,9
actual,1746046692.2373552,394682.8159671634,4438789.120665979,0.011796732774107324,9
actual,1746046692.3374615,394682.8158212954,4438789.121814037,0.01168382742479564,9
actual,1746046692.4373949,394682.81571516045,4438789.121851511,0.01169873253660774,9
actual,1746046692.5373397,394682.8155691372,4438789.121857905,0.011721369457006,9
actual,1746046692.637336,394682.81546818116,4438789.121901732,0.011725767686721083,9
actual,1746046692.7373407,394682.815333164,4438789.121916498,0.01175746286593739,9
actual,1746046692.837366,394682.81529961154,4438789.121808474,0.011697144286988467,9
actual,1746046692.937349,394682.815195146,4438789.121849075,0.011657193700410235,9
actual,1746046693.0372903,394682.81506700726,4438789.12180558,0.011685293501367334,9
actual,1746046693.1374211,394682.81493700546,4438789.121783215,0.011651992619239278,9
actual,1746046693.2373488,394682.8147910441,4438789.12174111,0.011630821775412713,9
actual,1746046693.337262,394682.81502382195,4438789.12137631,0.011641747536530142,9
actual,1746046693.4373357,394682.8149544499,4438789.121348246,0.011677823492168808,9
actual,1746046693.5373328,394682.81486021535,4438789.121311192,0.011684211397231102,9
actual,1746046693.6373353,394682.81469654175,4438789.121236717,0.011705661493738273,9
actual,1746046693.7373364,394682.8145459278,4438789.121159459,0.011732015965443321,9
actual,1746046693.837401,394682.81462795346,4438789.121127935,0.011726291285496846,9
actual,1746046693.9374597,394682.8145477292,4438789.121087035,0.0117404109991453,9
actual,1746046694.0373578,394682.8144981244,4438789.121067715,0.01174840460711959,9
actual,1746046694.1373355,394682.8144492856,4438789.120995216,0.011791671319276423,9
actual,1746046694.2372746,394682.81441827165,4438789.120944917,0.011775439757232931,9
actual,1746046694.3373373,394682.8142912687,4438789.119859898,0.011681296697380437,9
actual,1746046694.4373336,394682.81429675093,4438789.119749538,0.01170299113998252,9
actual,1746046694.5373394,394682.814285766,4438789.1196198305,0.011701804316091182,9
actual,1746046694.6373665,394682.8142555704,4438789.119479134,0.011714318326828135,9
actual,1746046694.7373986,394682.814230015,4438789.11934512,0.011736553821498458,9
actual,1746046694.8373513,394682.81477958354,4438789.119373112,0.011686742124646552,9
actual,1746046694.93734,394682.81475775735,4438789.119344373,0.011689150679014425,9
actual,1746046695.037336,394682.8147033962,4438789.119311789,0.011679289568740503,9
actual,1746046695.1373343,394682.8146778947,4438789.119247888,0.011680493845924315,9
actual,1746046695.2373354,394682.81462911784,4438789.1191393975,0.011664384456928403,9
actual,1746046695.337339,394682.81467651075,4438789.120199702,0.011651067594735824,9
actual,1746046695.4373574,394682.81461815326,4438789.120118374,0.01163548180451543,9
actual,1746046695.5374281,394682.81454001315,4438789.119999713,0.01166131267744496,9
actual,1746046695.6373606,394682.8144376859,4438789.119893348,0.01163602285658367,9
actual,1746046695.7373457,394682.81426701037,4438789.119702591,0.011646808991360797,9
actual,1746046695.837343,394682.81549793005,4438789.12074201,0.011689412478402059,9
actual,1746046695.9373362,394682.81557942077,4438789.120688614,0.011698592910267685,9
actual,1746046696.037334,394682.8156064099,4438789.120624381,0.011699535388063615,9
actual,1746046696.1373465,394682.8155884287,4438789.120559918,0.011683548172115282,9
actual,1746046696.237448,394682.8155942322,4438789.120485959,0.011682483521271773,9
actual,1746046696.3374543,394682.81567866646,4438789.120182533,0.01169061675558587,9
actual,1746046696.4373438,394682.81569731043,4438789.120069085,0.011692484257885502,9
actual,1746046696.537339,394682.81568706187,4438789.119964048,0.011704596842894516,9
actual,1746046696.6373327,394682.81567972514,4438789.119896295,0.011711909772460264,9
actual,1746046696.7373347,394682.81566569366,4438789.119804976,0.011728961639252352,9
actual,1746046696.837331,394682.81563507696,4438789.120584664,0.011702467541207002,9
actual,1746046696.9373488,394682.81558377494,4438789.120606921,0.01170286896693494,9
actual,1746046697.0374246,394682.8155438764,4438789.120596491,0.01172882201291205,9
actual,1746046697.1374335,394682.81552724465,4438789.120598261,0.011737740645389794,9
actual,1746046697.2373605,394682.8154896846,4438789.1206258545,0.011727495562680658,9
actual,1746046697.3373373,394682.816642591,4438789.122299407,0.011709256871997233,9
actual,1746046697.4372568,394682.8166732237,4438789.12239973,0.011706062919466211,9
actual,1746046697.5372803,394682.81669545046,4438789.122487767,0.011718175504474976,9
actual,1746046697.6373374,394682.8166688676,4438789.1225694595,0.01172203268212182,9
actual,1746046697.737347,394682.8166369146,4438789.1226780405,0.011695678210416772,9
actual,1746046697.837403,394682.81650406204,4438789.121783059,0.011649461891824075,9
actual,1746046697.9374313,394682.81648519647,4438789.12165547,0.011660911251717022,9
actual,1746046698.0373561,394682.81646779145,4438789.121566105,0.011642009335918026,9
actual,1746046698.1374023,394682.8164121847,4438789.121468681,0.011620698865751157,9
actual,1746046698.237259,394682.8163133796,4438789.121301083,0.011633614302215798,9
actual,1746046698.3373322,394682.8158389345,4438789.121457124,0.011689272852062003,9
actual,1746046698.4373431,394682.8157128226,4438789.121399225,0.011720043006774608,9
actual,1746046698.537347,394682.8155931639,4438789.121334998,0.011723638385033817,9
actual,1746046698.6374247,394682.8154326393,4438789.121244281,0.01173388346774295,9
actual,1746046698.7374513,394682.8152640632,4438789.12118757,0.01172775736206854,9
actual,1746046698.837363,394682.8162673379,4438789.121018933,0.011694735732620596,9
actual,1746046698.9374073,394682.81621709117,4438789.120944723,0.011717372653019103,9
actual,1746046699.0373614,394682.8160849436,4438789.120821285,0.011752261784766432,9
actual,1746046699.1373322,394682.8159630464,4438789.120703747,0.011755455737297454,9
actual,1746046699.2373345,394682.8158509963,4438789.120531292,0.011793416648528475,9
actual,1746046699.3373942,394682.8152393454,4438789.121198686,0.01169620180919229,9
actual,1746046699.4373949,394682.815037953,4438789.12109078,0.011713375849031957,9
actual,1746046699.5374382,394682.81484358,4438789.1209678855,0.011712590450868558,9
actual,1746046699.6373558,394682.8146337963,4438789.120822986,0.011718175504474976,9
actual,1746046699.7373407,394682.814330494,4438789.120639861,0.011732015965443321,9
actual,1746046699.8372595,394682.8162265226,4438789.12147616,0.011683146746387344,9
actual,1746046699.9373326,394682.81621129793,4438789.121450291,0.011653057270083035,9
actual,1746046700.0373359,394682.8162069417,4438789.121397579,0.01165865977698193,9
actual,1746046700.1373389,394682.8161319731,4438789.121309979,0.011653319069470917,9
actual,1746046700.2374077,394682.8160025615,4438789.1211938225,0.011641607910190088,9
actual,1746046700.3374357,394682.8153880266,4438789.121164351,0.011661452303785262,9
actual,1746046700.4373639,394682.815278231,4438789.121061357,0.011687422803054848,9
actual,1746046700.5374022,394682.81515893096,4438789.120991015,0.01167543239109366,9
actual,1746046700.6373549,394682.8150316427,4438789.120914015,0.011691402153749269,9
actual,1746046700.7373464,394682.81485844665,4438789.120832087,0.011731352740327501,9
actual,1746046700.837348,394682.8154279301,4438789.121213487,0.011720968031278062,9
actual,1746046700.9373908,394682.81534363277,4438789.121182352,0.01173842132379809,9
actual,1746046701.037424,394682.8152353149,4438789.121118195,0.011755455737297454,9
actual,1746046701.1374283,394682.81509792263,4438789.12100382,0.011770901901177794,9
actual,1746046701.2374346,394682.8149598083,4438789.120941799,0.01173163199300786,9
actual,1746046701.3374188,394682.8153597155,4438789.1207613405,0.011675030965365723,9
actual,1746046701.4373455,394682.8153447625,4438789.120735271,0.01164054325934633,9
actual,1746046701.5373182,394682.81528276834,4438789.120664603,0.011624032444622482,9
actual,1746046701.6373549,394682.81524920184,4438789.120582199,0.011612042032661295,9
actual,1746046701.7374308,394682.81521446945,4438789.120414059,0.01163933898216227,9
actual,1746046701.83741,394682.8147945461,4438789.121115328,0.01170552186739797,9
actual,1746046701.9374158,394682.81470185745,4438789.121194499,0.011687283176714545,9
actual,1746046702.037383,394682.81461079424,4438789.12122887,0.011709518671385115,9
actual,1746046702.1373615,394682.8145409594,4438789.12126683,0.011714178700487831,9
actual,1746046702.237363,394682.8144511027,4438789.121325896,0.011741336023649001,9
actual,1746046702.3373497,394682.81616925355,4438789.120942903,0.011662656580969075,9
actual,1746046702.4373436,394682.8162564989,4438789.120895053,0.011664384456928403,9
actual,1746046702.5374274,394682.816348567,4438789.120813853,0.01167543239109366,9
actual,1746046702.6374035,394682.81642518926,4438789.120726387,0.011675694190481542,9
actual,1746046702.7373488,394682.81645301444,4438789.120608875,0.011676497041937418,9
actual,1746046702.8373868,394682.81559379824,4438789.120508374,0.011689272852062003,9
actual,1746046702.9374175,394682.8155611634,4438789.12045189,0.01169127998070169,9
actual,1746046703.0373888,394682.8154907712,4438789.120364747,0.011700861838295254,9
actual,1746046703.1373935,394682.8153986436,4438789.120295853,0.01170552186739797,9
actual,1746046703.2373877,394682.81530739437,4438789.120209682,0.011686619951598974,9
actual,1746046703.337375,394682.8166176754,4438789.119054988,0.011688347827558301,9
actual,1746046703.4373639,394682.8167272147,4438789.1188892275,0.011712712623916138,9
actual,1746046703.537366,394682.81684456475,4438789.118733344,0.011704335043506634,9
actual,1746046703.637385,394682.8169343082,4438789.118641516,0.011710059723453108,9
actual,1746046703.7373593,394682.81693611154,4438789.118550405,0.011712712623916138,9
actual,1746046703.8373585,394682.81608649454,4438789.118207897,0.011693409282389204,9
actual,1746046703.937344,394682.815827993,4438789.118145018,0.011695940009804656,9
actual,1746046704.0373096,394682.8155180693,4438789.118032256,0.011717634452406736,9
actual,1746046704.1374118,394682.815201084,4438789.117970888,0.011722172308462122,9
actual,1746046704.2374153,394682.8148920995,4438789.117957214,0.01170126326402319,9
actual,1746046704.3374798,394682.8152098397,4438789.118984441,0.01168714355037449,9
actual,1746046704.4373872,394682.81519972516,4438789.119023148,0.011671697386494397,9
actual,1746046704.5373452,394682.81524217094,4438789.119017737,0.011709256871997233,9
actual,1746046704.6373398,394682.8152857917,4438789.119027568,0.011714719752556073,9
actual,1746046704.737338,394682.8152694253,4438789.119036406,0.011705120441670033,9
actual,1746046704.8373506,394682.8151016409,4438789.120796993,0.011639740407890457,9
actual,1746046704.9373462,394682.8149831522,4438789.120912524,0.011611780233273413,9
actual,1746046705.0373607,394682.81479809,4438789.120952104,0.011611919859613467,9
actual,1746046705.137382,394682.81459019834,4438789.120912735,0.011657595126138173,9
actual,1746046705.2373226,394682.8143493474,4438789.120904894,0.011694334306892658,9
actual,1746046705.337366,394682.81336380524,4438789.121246612,0.011701664689751128,9
actual,1746046705.4373448,394682.81308566703,4438789.121152533,0.01173561134370228,9
actual,1746046705.537323,394682.81283992605,4438789.121117821,0.011746013506044194,9
actual,1746046705.6374397,394682.8126043335,4438789.121050125,0.011770640101789912,9
actual,1746046705.7374666,394682.81240518787,4438789.120939038,0.011794481299372233,9
actual,1746046705.8373537,394682.8122730107,4438789.120870718,0.011683949597843468,9
actual,1746046705.9374352,394682.8124060064,4438789.120812484,0.011700198613179435,9
actual,1746046706.037423,394682.8126263232,4438789.120780347,0.011677422066440872,9
actual,1746046706.137447,394682.81285691063,4438789.120701136,0.01167410594086202,9
actual,1746046706.237437,394682.8131257304,4438789.1205507275,0.01170060003890737,9
actual,1746046706.337454,394682.8118273512,4438789.120223092,0.011662377328288717,9
actual,1746046706.4374068,394682.81160118256,4438789.1202714145,0.011669166659078948,9
actual,1746046706.53747,394682.8111692688,4438789.120304735,0.01164612831295275,9
actual,1746046706.6374369,394682.8106864503,4438789.120361097,0.011605130528823237,9
actual,1746046706.7374024,394682.8103834769,4438789.120286472,0.011594204767705807,9
actual,1746046706.8374138,394682.8117194416,4438789.118856724,0.011703933617778698,9
actual,1746046706.9374118,394682.8115980993,4438789.118773749,0.011664105204248293,9
actual,1746046707.0374098,394682.8115360679,4438789.118592856,0.011691541780089573,9
actual,1746046707.1374192,394682.8115102446,4438789.118489547,0.01171458012621577,9
actual,1746046707.2374232,394682.8114334331,4438789.118217786,0.01174360495167657,9
actual,1746046707.3374112,394682.8124243276,4438789.118878724,0.011726570538176957,9
actual,1746046707.4374378,394682.81238393555,4438789.118870022,0.011775963356008449,9
actual,1746046707.5374312,394682.81236395607,4438789.118849828,0.011757323239597085,9
actual,1746046707.6373982,394682.81235986657,4438789.118822487,0.011778232284036017,9
actual,1746046707.7374194,394682.81231573026,4438789.118872229,0.01178941984454133,9
actual,1746046707.8374493,394682.81359623256,4438789.118659556,0.01167344271574645,9
actual,1746046707.937435,394682.8137023748,4438789.118528653,0.011703392565710456,9
actual,1746046708.037343,394682.8137915849,4438789.118444892,0.011692868230320964,9
actual,1746046708.137408,394682.8138619642,4438789.118310321,0.011695538584076718,9
actual,1746046708.2374074,394682.8139011565,4438789.118155869,0.011695940009804656,9
actual,1746046708.337402,394682.81291038904,4438789.117764228,0.011644278263945594,9
actual,1746046708.437406,394682.81280194793,4438789.11765519,0.011682623147611829,9
actual,1746046708.5374365,394682.8126828271,4438789.117536049,0.011690477129245815,9
actual,1746046708.6373937,394682.8125149304,4438789.1174179055,0.011702729340594886,9
actual,1746046708.7373157,394682.8123285591,4438789.117284511,0.011712712623916138,9
actual,1746046708.8374114,394682.8135378125,4438789.118315995,0.011674228113909849,9
actual,1746046708.9374201,394682.81350265344,4438789.118286687,0.011703252939370402,9
actual,1746046709.0373755,394682.81349321216,4438789.118269843,0.011702327914866948,9
actual,1746046709.1374595,394682.8134873883,4438789.11818871,0.011732295218123679,9
actual,1746046709.2374275,394682.81352241524,4438789.118111348,0.011750795708194739,9
actual,1746046709.3374078,394682.81416181487,4438789.118980867,0.011736292022110576,9
actual,1746046709.4373991,394682.81432702136,4438789.119004038,0.011741737449376939,9
actual,1746046709.5374146,394682.8144867964,4438789.118994788,0.011723760558081395,9
actual,1746046709.6373935,394682.81444888376,4438789.119001608,0.011671173787718881,9
actual,1746046709.7375038,394682.81428849977,4438789.118974354,0.011672762037338155,9
actual,1746046709.8374133,394682.8150253334,4438789.117777195,0.01169873253660774,9
actual,1746046709.9374874,394682.81521132856,4438789.117635857,0.011694997532008478,9
actual,1746046710.0373058,394682.8153698876,4438789.117569282,0.011689953530470299,9
actual,1746046710.1373894,394682.8154694227,4438789.117333572,0.011739608147689425,9
actual,1746046710.2373936,394682.81558655703,4438789.116950746,0.011794882725100169,9
actual,1746046710.3374336,394682.81566998956,4438789.116705929,0.011786487691397942,9
actual,1746046710.437406,394682.8140369397,4438789.117357776,0.011731754166055437,9
actual,1746046710.5374238,394682.81385543215,4438789.117208903,0.011757864291665325,9
actual,1746046710.6374197,394682.8136916327,4438789.117194717,0.011765439020618955,9
actual,1746046710.7374167,394682.8134705996,4438789.117176293,0.011742679927172869,9
actual,1746046710.8374124,394682.8139240284,4438789.117831682,0.011802457454053799,9
actual,1746046710.9374325,394682.81375253975,4438789.117854946,0.011828969005391625,9
actual,1746046711.037413,394682.8136786283,4438789.117939672,0.01183375120754192,9
actual,1746046711.1373913,394682.8136227606,4438789.117793786,0.011886756856925095,9
actual,1746046711.2374172,394682.8136066667,4438789.117675184,0.011928033893734718,9
actual,1746046711.3374746,394682.8128152262,4438789.11601283,0.011950129762064986,9
actual,1746046711.4374042,394682.8125711773,4438789.115625097,0.011966116978013319,9
actual,1746046711.5374482,394682.812306643,4438789.115237136,0.01193988467935585,9
actual,1746046711.637427,394682.8119948167,4438789.114822443,0.011937214325600343,9
actual,1746046711.737402,394682.81171258993,4438789.114315748,0.011938156803396273,9
actual,1746046711.8373718,394682.81184163044,4438789.116943506,0.011692606430933328,9
actual,1746046711.9373844,394682.81162750174,4438789.116851125,0.011694334306892658,9
actual,1746046712.0373762,394682.8114298725,4438789.116785879,0.011654121920926791,9
actual,1746046712.1374025,394682.81119967357,4438789.116635878,0.01167902776935262,9
actual,1746046712.2374372,394682.8109523403,4438789.116478171,0.011658520150641874,9
actual,1746046712.3374243,394682.81094970356,4438789.117311202,0.011625097095465992,9
actual,1746046712.4374256,394682.81084945134,4438789.117325807,0.01160286160079567,9
actual,1746046712.5374131,394682.8107257338,4438789.117252464,0.011605793753939057,9
actual,1746046712.6374,394682.81057784887,4438789.1171740955,0.011645063662108993,9
actual,1746046712.7373953,394682.8104392645,4438789.1171185365,0.011638937556434335,9
actual,1746046712.8374326,394682.8115819559,4438789.117746799,0.011677299893393292,9
actual,1746046712.9374137,394682.8115456803,4438789.117717783,0.011656652648342243,9
actual,1746046713.0374012,394682.81153530336,4438789.117686917,0.0116618537295132,9
actual,1746046713.1374457,394682.81148919964,4438789.117613361,0.011698331110879803,9
actual,1746046713.237401,394682.8114391194,4438789.11755824,0.011716046202787463,9
actual,1746046713.3373926,394682.81267216697,4438789.118190347,0.01171910052897843,9
actual,1746046713.4373994,394682.8127558348,4438789.118146938,0.011741336023649001,9
actual,1746046713.5373957,394682.8128311925,4438789.118058017,0.011792735970120179,9
actual,1746046713.6373518,394682.8129373094,4438789.118042202,0.01178329373886692,9
actual,1746046713.737496,394682.8130276981,4438789.11802026,0.011763187545883862,9
actual,1746046713.8374124,394682.81302245846,4438789.118000561,0.011730567342164102,9
actual,1746046713.937411,394682.81314174854,4438789.119950668,0.011749067832235161,9
actual,1746046714.0374036,394682.8131982912,4438789.120204039,0.01172948523802787,9
actual,1746046714.1373973,394682.8132115656,4438789.12050444,0.011723376585645933,9
actual,1746046714.2374213,394682.81316245033,4438789.120776763,0.011718175504474976,9
actual,1746046714.3374252,394682.81411192345,4438789.119836476,0.011685817100143098,9
actual,1746046714.4374025,394682.81413458474,4438789.1197625855,0.01173561134370228,9
actual,1746046714.537527,394682.8141459728,4438789.1197352735,0.011741737449376939,9
actual,1746046714.637444,394682.81413698196,4438789.1196890855,0.011732696643851615,9
actual,1746046714.7374678,394682.81407976936,4438789.119610136,0.011780623385111414,9
actual,1746046714.8374166,394682.8138357944,4438789.118650027,0.01168768460244273,9
actual,1746046714.9374118,394682.8138096114,4438789.1186153935,0.011659061202709866,9
actual,1746046715.037429,394682.8137796027,4438789.118531652,0.011667840208847556,9
actual,1746046715.1374464,394682.8136982046,4438789.1184429405,0.011632828904052398,9
actual,1746046715.2374494,394682.81357840734,4438789.11834148,0.011621239917819149,9
actual,1746046715.337431,394682.81421363156,4438789.118748478,0.011627366023493808,9
actual,1746046715.4373944,394682.8143861322,4438789.118802913,0.011650666169007888,9
actual,1746046715.5373993,394682.8145389792,4438789.118908725,0.011641346110802206,9
actual,1746046715.6373985,394682.81462619005,4438789.119046374,0.01165026474327995,9
actual,1746046715.7373943,394682.8146356108,4438789.119150232,0.011670911988331,9
actual,1746046715.8374298,394682.81385810254,4438789.119069602,0.011690878554973753,9
actual,1746046715.9374392,394682.8137595655,4438789.119093285,0.011710583322228872,9
actual,1746046716.0374136,394682.8136744848,4438789.119104937,0.011691681406429627,9
actual,1746046716.1373954,394682.8135890348,4438789.119076808,0.01171297442330402,9
actual,1746046716.2374034,394682.8134880309,4438789.119100788,0.011717250479971523,9
actual,1746046716.3373654,394682.8129069937,4438789.118616292,0.011694334306892658,9
actual,1746046716.437381,394682.8128090922,4438789.11849891,0.011716709427903283,9
actual,1746046716.537389,394682.81274203764,4438789.118430424,0.011718838729590796,9
actual,1746046716.6373713,394682.81265877886,4438789.118324582,0.01174774138200377,9
actual,1746046716.7373905,394682.8125491468,4438789.118177679,0.011757986464712905,9
actual,1746046716.8373713,394682.8134383036,4438789.119212364,0.011681157071040135,9
actual,1746046716.9374583,394682.81352062634,4438789.119164355,0.011694072507505024,9
actual,1746046717.037379,394682.81362302776,4438789.119114314,0.011695137158348532,9
actual,1746046717.1374269,394682.8136784563,4438789.119088867,0.01171098474795681,9
actual,1746046717.237391,394682.81372204446,4438789.119065116,0.011731492366667803,9
actual,1746046717.3374345,394682.8132984815,4438789.119367825,0.011679952793856323,9
actual,1746046717.4374201,394682.813296445,4438789.119325619,0.011715382977671891,9
actual,1746046717.5373752,394682.8132967196,4438789.119276506,0.011709117245657178,9
actual,1746046717.6373792,394682.8132583756,4438789.119218759,0.011695538584076718,9
actual,1746046717.7374058,394682.81317639723,4438789.119110765,0.011744407803132444,9
actual,1746046717.8374164,394682.8132788232,4438789.119557879,0.011704998268622454,9
actual,1746046717.9374354,394682.8131540474,4438789.119552516,0.011696603234920225,9
actual,1746046718.0373425,394682.81300720776,4438789.119557609,0.011701001464635308,9
actual,1746046718.1374338,394682.81288033933,4438789.119594102,0.011698208937832223,9
actual,1746046718.2373674,394682.8126856577,4438789.119591905,0.01171032152284099,9
actual,1746046718.337363,394682.8131068592,4438789.119619633,0.011706848317629609,9
actual,1746046718.437394,394682.81301679387,4438789.119626818,0.011736955247226394,9
actual,1746046718.5374439,394682.8129411548,4438789.119664021,0.011746676731160014,9
actual,1746046718.6374228,394682.81282068527,4438789.119726901,0.011751336760262979,9
actual,1746046718.737325,394682.8126542616,4438789.119792127,0.011754932138521938,9
actual,1746046718.837412,394682.8127949858,4438789.119687794,0.011701123637682888,9
actual,1746046718.9373982,394682.81268156634,4438789.119710715,0.01173002629009611,9
actual,1746046719.037392,394682.81254765496,4438789.119688569,0.011741074224261119,9
actual,1746046719.1374052,394682.81234871,4438789.11963294,0.011735750970042582,9
actual,1746046719.2373486,394682.8121099412,4438789.119621151,0.011745472453976202,9
actual,1746046719.3372974,394682.8127896512,4438789.120250286,0.01169393288116472,9
actual,1746046719.43734,394682.81274077727,4438789.12027366,0.011696603234920225,9
actual,1746046719.5372713,394682.8126196207,4438789.12031738,0.011704335043506634,9
actual,1746046719.637336,394682.81252648856,4438789.12031807,0.011745734253363836,9
actual,1746046719.7373407,394682.8124443939,4438789.120335484,0.011770779728129968,9
actual,1746046719.8373778,394682.81330940337,4438789.119435738,0.011716308002175345,9
actual,1746046719.93737,394682.81324692554,4438789.119374451,0.011707528996037905,9
actual,1746046720.0373693,394682.8131989104,4438789.119306117,0.011726291285496846,9
actual,1746046720.137348,394682.81317023805,4438789.119307735,0.011704457216554214,9
actual,1746046720.2373722,394682.8130597028,4438789.119217631,0.01170299113998252,9
actual,1746046720.3380826,394682.8129255432,4438789.119125997,0.011716569801563229,9
actual,1746046720.4373794,394682.8121872125,4438789.119091117,0.011656530475294415,9
actual,1746046720.5373468,394682.8120708491,4438789.118968933,0.011678626343624684,9
actual,1746046720.637352,394682.81194448966,4438789.1189602185,0.011663581605472529,9
actual,1746046720.7373376,394682.81182378536,4438789.118969102,0.011684089224183522,9
actual,1746046720.8373454,394682.8128872578,4438789.120349704,0.01164827506793249,9
actual,1746046720.937362,394682.8129117532,4438789.1203564,0.01165639084895436,9
actual,1746046721.0372462,394682.8128835255,4438789.120390731,0.01165506439872297,9
actual,1746046721.1373425,394682.8128544827,4438789.120423154,0.011668241634575492,9
actual,1746046721.23734,394682.8128309186,4438789.120425022,0.011669969510534822,9
actual,1746046721.3374074,394682.8121558044,4438789.119940039,0.011679289568740503,9
actual,1746046721.437338,394682.81206211535,4438789.119913514,0.011705783666785853,9
actual,1746046721.537302,394682.8119394343,4438789.119804679,0.011706324718853845,9
actual,1746046721.6373346,394682.8117399334,4438789.119806247,0.01169740608637635,9
actual,1746046721.7374027,394682.81151826045,4438789.119831656,0.011681558496768071,9
actual,1746046721.8373492,394682.8112406432,4438789.119775317,0.011701804316091182,9
actual,1746046721.9373748,394682.8134938482,4438789.121228909,0.011659061202709866,9
actual,1746046722.03726,394682.8134106045,4438789.121299721,0.011663983031200465,9
actual,1746046722.1373658,394682.8133330636,4438789.121400082,0.011652935097035456,9
actual,1746046722.2373345,394682.813192485,4438789.121473118,0.011655849796886369,9
actual,1746046722.3373342,394682.8131178338,4438789.120711563,0.01166797983518761,9
actual,1746046722.4373415,394682.8129529238,4438789.120736916,0.011688208201218247,9
actual,1746046722.5373445,394682.8127803743,4438789.120815167,0.01170965829772517,9
actual,1746046722.637344,394682.81257015315,4438789.120906881,0.011725104461605263,9
actual,1746046722.7373688,394682.81236575625,4438789.121021744,0.011714039074147777,9
actual,1746046722.8373353,394682.8136893696,4438789.121035403,0.011690215329857933,9
actual,1746046722.9373343,394682.8137311174,4438789.121104068,0.011715644777059527,9
actual,1746046723.0373359,394682.8137442206,4438789.121155339,0.011737618472342214,9
actual,1746046723.1373339,394682.813701296,4438789.121239837,0.01176557864695926,9
actual,1746046723.2373326,394682.8136372105,4438789.121351769,0.011803923530625492,9
actual,1746046723.33734,394682.8136735095,4438789.121404108,0.011714719752556073,9
actual,1746046723.4372597,394682.81360273896,4438789.121326192,0.011746397478479656,9
actual,1746046723.5372634,394682.81353330665,4438789.121274815,0.011738683123185972,9
actual,1746046723.637333,394682.81345362385,4438789.121224864,0.011728961639252352,9
actual,1746046723.7373352,394682.8133584929,4438789.1211392805,0.011730427715824047,9
actual,1746046723.8373346,394682.8132500326,4438789.121024171,0.011749067832235161,9
actual,1746046723.937335,394682.81311566185,4438789.1220168965,0.01169127998070169,9
actual,1746046724.0373352,394682.8130071043,4438789.122074734,0.011709518671385115,9
actual,1746046724.137359,394682.81290748366,4438789.122109582,0.011705661493738273,9
actual,1746046724.2373474,394682.81278968544,4438789.122166185,0.011667840208847556,9
actual,1746046724.3374057,394682.8123129334,4438789.122694787,0.011645866513564867,9
actual,1746046724.437343,394682.81216262945,4438789.122678512,0.011685014248686976,9
actual,1746046724.5373821,394682.81201335933,4438789.122741428,0.01169127998070169,9
actual,1746046724.6373565,394682.81183465465,4438789.122793259,0.011701664689751128,9
actual,1746046724.7373333,394682.81161651714,4438789.122836724,0.01173454669285877,9
actual,1746046724.8373415,394682.8135766355,4438789.121301036,0.01176132004358423,9
actual,1746046724.937366,394682.8136049705,4438789.121230776,0.011833890833882223,9
actual,1746046725.037316,394682.8136220004,4438789.121186602,0.01182204004826109,9
actual,1746046725.1373453,394682.8136732036,4438789.121231271,0.011836159761909791,9
actual,1746046725.237352,394682.8137075942,4438789.121196114,0.011871432866092583,9
actual,1746046725.3373406,394682.81415848515,4438789.120940889,0.011742540300832813,9
actual,1746046725.4373612,394682.8141318435,4438789.1209059525,0.011734424519810945,9
actual,1746046725.5373325,394682.81409896124,4438789.12091085,0.011724039810761753,9
actual,1746046725.6373346,394682.8140174593,4438789.120907993,0.011723097332965575,9
actual,1746046725.7373478,394682.8139361604,4438789.120835324,0.011719641581046672,9
actual,1746046725.8373733,394682.81436171697,4438789.120067057,0.011689813904129995,9
actual,1746046725.9373348,394682.81437655,4438789.119965229,0.011678888143012565,9
actual,1746046726.0373347,394682.81437089806,4438789.119811027,0.01171044369588857,9
actual,1746046726.137334,394682.814362282,4438789.119672877,0.011723900184421451,9
actual,1746046726.2373343,394682.81433324097,4438789.119517363,0.011718175504474976,9
actual,1746046726.3373616,394682.81359395734,4438789.11941771,0.011678486717284628,9
actual,1746046726.437261,394682.8134274434,4438789.119449724,0.011671435587106515,9
actual,1746046726.537337,394682.8133120389,4438789.119495767,0.011635621430855732,9
actual,1746046726.637337,394682.8131773089,4438789.119419451,0.011672639864290327,9
actual,1746046726.7373466,394682.81299876096,4438789.1194160255,0.011686358152211092,9
actual,1746046726.8373358,394682.8126248638,4438789.119868268,0.011708995072609599,9
actual,1746046726.9373353,394682.8124643187,4438789.119873384,0.01169061675558587,9
actual,1746046727.0373375,394682.81229961186,4438789.11989361,0.011666374132275862,9
actual,1746046727.1373377,394682.81208925653,4438789.119874368,0.011670231309922703,9
actual,1746046727.2373362,394682.81182733295,4438789.119873139,0.011681959922496009,9
actual,1746046727.3373559,394682.8129744026,4438789.120580385,0.011684612822959038,9
actual,1746046727.4373407,394682.8128820293,4438789.120589078,0.011684892075639396,9
actual,1746046727.5373485,394682.812804163,4438789.120632195,0.011683146746387344,9
actual,1746046727.637338,394682.812716033,4438789.120647205,0.011679830620808743,9
actual,1746046727.7373476,394682.8126538079,4438789.120647767,0.011662656580969075,9
actual,1746046727.8373778,394682.8126213809,4438789.1188444,0.011679551368128385,9
actual,1746046727.9373412,394682.812547728,4438789.118749058,0.01167382668818191,9
actual,1746046728.0373366,394682.8124656507,4438789.118606607,0.011681296697380437,9
actual,1746046728.1373422,394682.81236233754,4438789.11846237,0.011676357415597114,9
actual,1746046728.237278,394682.8122244554,4438789.1183060855,0.011681820296155953,9
actual,1746046728.3373423,394682.812098403,4438789.118137814,0.011692868230320964,9
actual,1746046728.4373486,394682.81388971774,4438789.119845856,0.011676235242549534,9
actual,1746046728.5373366,394682.81397116533,4438789.1199177485,0.011695678210416772,9
actual,1746046728.6373367,394682.814024844,4438789.119977335,0.011694212133845078,9
actual,1746046728.7373366,394682.81404491374,4438789.120069636,0.011685293501367334,9
actual,1746046728.837333,394682.81378579844,4438789.1209781775,0.011675030965365723,9
actual,1746046728.9372594,394682.8137980051,4438789.121024184,0.01168288494699971,9
actual,1746046729.0373375,394682.8137089324,4438789.121063859,0.011678888143012565,9
actual,1746046729.1373937,394682.8136110956,4438789.121100391,0.011656792274682299,9
actual,1746046729.2373466,394682.81355984963,4438789.121096147,0.011644540063333228,9
actual,1746046729.3373368,394682.81256834586,4438789.120330659,0.011712189025140622,9
actual,1746046729.4373317,394682.81241030485,4438789.120271304,0.011726029486108965,9
actual,1746046729.5373333,394682.8122359818,4438789.120210147,0.01170552186739797,9
actual,1746046729.637262,394682.81209394487,4438789.120068375,0.011743744578016625,9
actual,1746046729.7373478,394682.81197206915,4438789.119979637,0.011736955247226394,9
actual,1746046729.8373504,394682.8117828066,4438789.119861755,0.011757061440209451,9
actual,1746046729.937559,394682.81473985594,4438789.120857875,0.011698069311491921,9
actual,1746046730.0373456,394682.81482397456,4438789.120858176,0.011693409282389204,9
actual,1746046730.1373363,394682.81494082115,4438789.120823177,0.011700739665247427,9
actual,1746046730.2373345,394682.8149980361,4438789.1207684325,0.011709920097113052,9
actual,1746046730.337385,394682.8150058348,4438789.120701847,0.01171164797307263,9
actual,1746046730.4372594,394682.815711051,4438789.119715533,0.011707651169085485,9
actual,1746046730.537338,394682.81575789046,4438789.119540368,0.011710059723453108,9
actual,1746046730.6373384,394682.8157568448,4438789.11930498,0.01170552186739797,9
actual,1746046730.7373405,394682.81571321905,4438789.11902605,0.011695398957736414,9
actual,1746046730.8373475,394682.8145743246,4438789.119642396,0.011655727623838541,9
actual,1746046730.9373362,394682.81445286877,4438789.119526643,0.011679952793856323,9
actual,1746046731.0373356,394682.81426961254,4438789.119472887,0.011688347827558301,9
actual,1746046731.1373384,394682.81407502166,4438789.11942053,0.011685555300755216,9
actual,1746046731.237354,394682.8138937475,4438789.119327737,0.011712049398800566,9
actual,1746046731.3372707,394682.81398808374,4438789.1197452,0.011724039810761753,9
actual,1746046731.4373488,394682.81390174915,4438789.119769669,0.01172203268212182,9
actual,1746046731.5373435,394682.8138140929,4438789.1198046515,0.011705661493738273,9
actual,1746046731.6373358,394682.81372828217,4438789.119861132,0.011720706231890428,9
actual,1746046731.7373464,394682.8136493534,4438789.11991944,0.011716185829127767,9
actual,1746046731.837367,394682.81420264347,4438789.120768864,0.01167836454423705,9
actual,1746046731.9373653,394682.81413808453,4438789.12084757,0.011676235242549534,9
actual,1746046732.0373383,394682.81407465955,4438789.120821729,0.01168449064991146,9
actual,1746046732.1373398,394682.81396522245,4438789.12077336,0.01168648032525867,9
actual,1746046732.2372777,394682.81382674363,4438789.120746407,0.011665169855091802,9
actual,1746046732.337336,394682.8150867793,4438789.120248923,0.011709920097113052,9
actual,1746046732.4373405,394682.81526538776,4438789.12021696,0.011741213850601175,9
actual,1746046732.5373714,394682.81535131746,4438789.120150917,0.011757986464712905,9
actual,1746046732.6373498,394682.8153885459,4438789.120090388,0.011762524320768042,9
actual,1746046732.7373352,394682.8154477801,4438789.120042869,0.011764653622455556,9
actual,1746046732.837335,394682.8145049887,4438789.120551707,0.011678888143012565,9
actual,1746046732.9373353,394682.8144346118,4438789.120618739,0.011662778754016653,9
actual,1746046733.0373366,394682.8142673419,4438789.120614609,0.011684752449299342,9
actual,1746046733.137258,394682.8141328696,4438789.120749125,0.011644278263945594,9
actual,1746046733.2373734,394682.814008835,4438789.120793613,0.011664646256316285,9
actual,1746046733.3373406,394682.81382966443,4438789.119331832,0.011726029486108965,9
actual,1746046733.4373422,394682.8136441405,4438789.119194933,0.011717512279359158,9
actual,1746046733.537367,394682.81348472927,4438789.119039658,0.011711909772460264,9
actual,1746046733.637338,394682.8133248332,4438789.1188618895,0.011729886663755806,9
actual,1746046733.7373466,394682.81313556293,4438789.1186981555,0.011710181896500934,9
actual,1746046733.8373365,394682.8146182697,4438789.120656273,0.011638012531930881,9
actual,1746046733.9373775,394682.81460095145,4438789.120703974,0.011632148225644104,9
actual,1746046734.0373445,394682.814566888,4438789.12065577,0.01167382668818191,9
actual,1746046734.1373382,394682.81451240863,4438789.120612336,0.011698994335995623,9
actual,1746046734.2373338,394682.81445882446,4438789.120545803,0.01172030480616249,9
actual,1746046734.337335,394682.8141134078,4438789.120089232,0.01169740608637635,9
actual,1746046734.4373646,394682.81408910535,4438789.120046608,0.011702589714254582,9
actual,1746046734.5373418,394682.81402369996,4438789.119976975,0.011704335043506634,9
actual,1746046734.6373446,394682.8139716071,4438789.119936277,0.011694997532008478,9
actual,1746046734.7374673,394682.8138825793,4438789.119807223,0.011702729340594886,9
actual,1746046734.8373384,394682.81339731585,4438789.1200761,0.011688487453898605,9
actual,1746046734.9373553,394682.813208595,4438789.120101715,0.01167543239109366,9
actual,1746046735.03739,394682.8130066314,4438789.120041644,0.01166478588265634,9
actual,1746046735.1373324,394682.8128022688,4438789.120014095,0.011643999011265236,9
actual,1746046735.2372482,394682.81257369625,4438789.120039613,0.011647070790748679,9
actual,1746046735.3373356,394682.8123334703,4438789.1199296275,0.01166131267744496,9
actual,1746046735.4373374,394682.81456884544,4438789.118520953,0.011690738928633697,9
actual,1746046735.5373652,394682.8146674662,4438789.118329377,0.011685817100143098,9
actual,1746046735.6373389,394682.81476186385,4438789.11812482,0.011656530475294415,9
actual,1746046735.7373374,394682.8147942114,4438789.117793476,0.011699535388063615,9
actual,1746046735.837334,394682.8148192714,4438789.119694592,0.011673704515134085,9
actual,1746046735.9373348,394682.81481823995,4438789.119713187,0.011696062182852233,9
actual,1746046736.0373366,394682.8147755347,4438789.119677189,0.01175320426256261,9
actual,1746046736.1373785,394682.8147237706,4438789.119638997,0.01175465288584158,9
actual,1746046736.2373493,394682.81467080367,4438789.119576686,0.011759714340672483,9
actual,1746046736.3373597,394682.8153870315,4438789.120721505,0.011739887400369783,9
actual,1746046736.437343,394682.8154221284,4438789.120837169,0.011741475649989057,9
actual,1746046736.537339,394682.8154872283,4438789.120922288,0.011751860359038495,9
actual,1746046736.6373935,394682.81558073405,4438789.12104066,0.011739206721961487,9
actual,1746046736.7373722,394682.8156393595,4438789.121119488,0.011740672798533181,9
actual,1746046736.8373432,394682.81539708615,4438789.120368505,0.01169381070811714,9
actual,1746046736.9373655,394682.8153736788,4438789.120298709,0.01167344271574645,9
actual,1746046737.0373929,394682.8153216239,4438789.120193657,0.011691541780089573,9
actual,1746046737.1373765,394682.8152381134,4438789.120032913,0.011716185829127767,9
actual,1746046737.2373421,394682.81520495855,4438789.119863232,0.01170299113998252,9
actual,1746046737.3373756,394682.8149971062,4438789.122845398,0.011675833816821598,9
actual,1746046737.4373362,394682.8149443731,4438789.122973381,0.011673303089406147,9
actual,1746046737.5373368,394682.81485693867,4438789.123069629,0.011666513758615916,9
actual,1746046737.6373384,394682.81473869906,4438789.123143966,0.011661050878057078,9
actual,1746046737.7373378,394682.81458729797,4438789.123181546,0.011692205005205392,9
actual,1746046737.8373642,394682.81446578715,4438789.1232771585,0.011669707711147188,9
actual,1746046737.9374444,394682.8130025163,4438789.12443837,0.011652655844355098,9
actual,1746046738.0373456,394682.8126033244,4438789.124550605,0.01166930628541925,9
actual,1746046738.137349,394682.8121570444,4438789.124649767,0.011669445911759306,9
actual,1746046738.2373412,394682.811696897,4438789.124686219,0.011690878554973753,9
actual,1746046738.337344,394682.81456167053,4438789.124387303,0.011702467541207002,9
actual,1746046738.4373426,394682.8146542108,4438789.124398203,0.011710845121616506,9
actual,1746046738.5373917,394682.81472094316,4438789.124436462,0.011688086028170667,9
actual,1746046738.63738,394682.8147489495,4438789.124389474,0.011689552104742361,9
actual,1746046738.737459,394682.8147759623,4438789.124368263,0.01169927358867598,9
actual,1746046738.8372934,394682.8133597083,4438789.120522872,0.011717372653019103,9
actual,1746046738.9373496,394682.81311613094,4438789.11989801,0.011712189025140622,9
actual,1746046739.0373578,394682.8128325443,4438789.119210703,0.011728420587184112,9
actual,1746046739.1373363,394682.81251266063,4438789.118493691,0.011756118962413274,9
actual,1746046739.2373407,394682.8121563432,4438789.117753143,0.011780221959383476,9
actual,1746046739.3373437,394682.81281908636,4438789.121336377,0.011684752449299342,9
actual,1746046739.4373515,394682.81264219375,4438789.121279689,0.011657979098573634,9
actual,1746046739.537374,394682.8125726535,4438789.121220772,0.011651189767783404,9
actual,1746046739.6373384,394682.8124697999,4438789.121147579,0.011667037357391432,9
actual,1746046739.7373877,394682.8123260545,4438789.121076563,0.011646669365020743,9
actual,1746046739.8373425,394682.81209669024,4438789.120730027,0.011695398957736414,9
actual,1746046739.9373496,394682.8120690072,4438789.120673302,0.011684892075639396,9
actual,1746046740.0374038,394682.8120356429,4438789.120560317,0.011712189025140622,9
actual,1746046740.137365,394682.81197589583,4438789.120507416,0.011725628060381027,9
actual,1746046740.2373402,394682.81192082504,4438789.120492388,0.01171458012621577,9
actual,1746046740.3373685,394682.81245150376,4438789.120212511,0.011684892075639396,9
actual,1746046740.437339,394682.8125126154,4438789.120132169,0.011666513758615916,9
actual,1746046740.5373595,394682.81253358116,4438789.11998954,0.011674228113909849,9
actual,1746046740.6373343,394682.8125600829,4438789.119872492,0.011672098812222335,9
actual,1746046740.7373328,394682.8125625339,4438789.119729534,0.011679289568740503,9
actual,1746046740.8373368,394682.8128395645,4438789.120945279,0.01171164797307263,9
actual,1746046740.9373622,394682.812840507,4438789.120959872,0.011720968031278062,9
actual,1746046741.0373468,394682.81284361077,4438789.120931232,0.011731352740327501,9
actual,1746046741.1374624,394682.8128533553,4438789.1208917275,0.011689813904129995,9
actual,1746046741.2373693,394682.8127956344,4438789.1208289815,0.01168702137732691,9
actual,1746046741.3373363,394682.81349060143,4438789.121665788,0.011653458695810972,9
actual,1746046741.4373362,394682.8135004612,4438789.121741195,0.011651067594735824,9
actual,1746046741.5372486,394682.81349185825,4438789.1218300825,0.011658380524301572,9
actual,1746046741.6373355,394682.8134548594,4438789.121923856,0.011665850533500097,9
actual,1746046741.7373717,394682.81342117,4438789.122027305,0.011710583322228872,9
actual,1746046741.8373616,394682.81386299804,4438789.122078475,0.011718699103250494,9
actual,1746046741.9373744,394682.81390862376,4438789.122145654,0.011708593646881413,9
actual,1746046742.0373597,394682.81393609615,4438789.12220057,0.011730165916436164,9
actual,1746046742.137344,394682.8139713939,4438789.12225759,0.01174786355505135,9
actual,1746046742.237345,394682.8140240809,4438789.122284827,0.011735890596382638,9
actual,1746046742.337339,394682.81404894555,4438789.122267817,0.011730689515211681,9
actual,1746046742.4373348,394682.813864715,4438789.122607818,0.011659846600873266,9
actual,1746046742.537365,394682.8138791841,4438789.122546172,0.011672500237950273,9
actual,1746046742.6373763,394682.8138596446,4438789.122466828,0.011680616018972141,9
actual,1746046742.7373598,394682.81379768276,4438789.122335849,0.011722434107849757,9
actual,1746046742.8373454,394682.8134101125,4438789.122459772,0.011723498758693513,9
actual,1746046742.9373534,394682.813382331,4438789.122415876,0.011767184349871007,9
actual,1746046743.0373392,394682.8133732473,4438789.122401815,0.011749469257963347,9
actual,1746046743.137348,394682.8133622181,4438789.122371861,0.011745734253363836,9
actual,1746046743.2373416,394682.81338212854,4438789.1223528,0.011747078156887952,9
actual,1746046743.3373501,394682.81287449854,4438789.121756559,0.011689953530470299,9
actual,1746046743.4373527,394682.81281344686,4438789.121665651,0.011712852250256442,9
actual,1746046743.5373545,394682.8128571989,4438789.121635416,0.011707127570309967,9
actual,1746046743.6373415,394682.8129464758,4438789.1216283245,0.011685293501367334,9
actual,1746046743.7373614,394682.8130022237,4438789.1215833835,0.011697144286988467,9
actual,1746046743.8373384,394682.813040378,4438789.121576625,0.011650404369620004,9
actual,1746046743.9373395,394682.81207877,4438789.1226668,0.011661574476832842,9
actual,1746046744.0373333,394682.8119221152,4438789.122729662,0.011651329394123706,9
actual,1746046744.1373422,394682.81178046437,4438789.122791099,0.011648536867320373,9
actual,1746046744.2373435,394682.81164504203,4438789.122877917,0.011645342914789351,9
actual,1746046744.3373406,394682.81371532753,4438789.122148473,0.011688208201218247,9
actual,1746046744.437344,394682.81387423514,4438789.122081303,0.011677299893393292,9
actual,1746046744.5373898,394682.81403337826,4438789.121968136,0.011746537104819958,9
actual,1746046744.6373658,394682.81424555794,4438789.121894186,0.011721770882734186,9
actual,1746046744.7373421,394682.81443773373,4438789.121760875,0.011743343152288688,9
actual,1746046744.8373404,394682.81262218556,4438789.122901422,0.011666251959228035,9
actual,1746046744.9373386,394682.81256085733,4438789.122924619,0.011632828904052398,9
actual,1746046745.0373356,394682.8125013192,4438789.122904811,0.011622828167438422,9
actual,1746046745.137336,394682.8124271451,4438789.122870267,0.011627226397153505,9
actual,1746046745.2373443,394682.8123067508,4438789.122747383,0.01162642354569763,9
actual,1746046745.337337,394682.812548356,4438789.122371234,0.011667840208847556,9
actual,1746046745.4373353,394682.8124737308,4438789.122332885,0.011683024573339765,9
actual,1746046745.5373354,394682.8123980476,4438789.122340658,0.01169927358867598,9
actual,1746046745.6373537,394682.8123177323,4438789.122359504,0.011698208937832223,9
actual,1746046745.737337,394682.8121842995,4438789.122286378,0.011739485974641846,9
actual,1746046745.8373454,394682.8130055379,4438789.122386349,0.01172257373419006,9
actual,1746046745.9373972,394682.81303240947,4438789.122350908,0.011730567342164102,9
actual,1746046746.0373666,394682.8130281949,4438789.1223041015,0.011733482042015015,9
actual,1746046746.1373594,394682.81298176665,4438789.122261223,0.011716849054243339,9
actual,1746046746.2373352,394682.81292384816,4438789.1221912755,0.011737618472342214,9
actual,1746046746.3373375,394682.81273344974,4438789.122432956,0.011702066115479066,9
actual,1746046746.4373739,394682.8126279996,4438789.122424686,0.01171512117828401,9
actual,1746046746.53736,394682.8124955477,4438789.122443814,0.011705260068010087,9
actual,1746046746.637339,394682.8123168651,4438789.122470132,0.011728560213524416,9
actual,1746046746.737325,394682.81211901555,4438789.122533904,0.011756398215093632,9
actual,1746046746.8373804,394682.8125139839,4438789.121783868,0.011713253675984378,9
actual,1746046746.937362,394682.8123673889,4438789.121682318,0.011704719015942095,9
actual,1746046747.0373604,394682.81223545375,4438789.121565113,0.011722975159917997,9
actual,1746046747.137362,394682.81210737093,4438789.121459107,0.011746537104819958,9
actual,1746046747.2373147,394682.81193324964,4438789.121384906,0.011730689515211681,9
actual,1746046747.3373387,394682.8117290543,4438789.121322699,0.0117503942824668,9
actual,1746046747.4373407,394682.8119968554,4438789.120813185,0.01168288494699971,9
actual,1746046747.5375886,394682.811965953,4438789.120816372,0.011681820296155953,9
actual,1746046747.6373458,394682.8119005083,4438789.120822558,0.011671295960766461,9
actual,1746046747.7373679,394682.8117785959,4438789.120820998,0.011696341435532592,9
actual,1746046747.8373523,394682.81170490483,4438789.120844979,0.011658520150641874,9
actual,1746046747.9373426,394682.81106912927,4438789.120860714,0.011643737211877354,9
actual,1746046748.037405,394682.8109797233,4438789.12084985,0.01167609561620948,9
actual,1746046748.137377,394682.81084758835,4438789.120841896,0.011685293501367334,9
actual,1746046748.2373507,394682.81072364515,4438789.120836571,0.01169447393323296,9
actual,1746046748.3373468,394682.8116012971,4438789.121809012,0.01169927358867598,9
actual,1746046748.4373448,394682.81161112915,4438789.121822906,0.011749731057350981,9
actual,1746046748.5373425,394682.8116225225,4438789.121874158,0.011764513996115502,9
actual,1746046748.6373343,394682.81167161325,4438789.121954645,0.011765177221231073,9
actual,1746046748.7373936,394682.8117397921,4438789.122090648,0.011732155591783375,9
actual,1746046748.8373463,394682.8121529692,4438789.122024381,0.011670109136875124,9
actual,1746046748.937367,394682.81219323055,4438789.121996731,0.011711386173684746,9
actual,1746046749.0373533,394682.8122302281,4438789.122012983,0.011680092420196377,9
actual,1746046749.1373644,394682.81225992885,4438789.122010902,0.011676497041937418,9
actual,1746046749.2373438,394682.81230372295,4438789.121967454,0.011691541780089573,9
actual,1746046749.337355,394682.8122850629,4438789.124020835,0.011670632735650641,9
actual,1746046749.4373472,394682.81229667214,4438789.124084426,0.011697667885763983,9
actual,1746046749.5373404,394682.81228609907,4438789.124180721,0.01164906046609589,9
actual,1746046749.637337,394682.81221851613,4438789.124164003,0.011704457216554214,9
actual,1746046749.7373645,394682.8121879895,4438789.124218848,0.011704858642282151,9
actual,1746046749.8373399,394682.81219276186,4438789.124264893,0.011702066115479066,9
actual,1746046749.9378545,394682.81407995673,4438789.1225715,0.011706324718853845,9
actual,1746046750.0373387,394682.8142234839,4438789.122431942,0.011720845858230484,9
actual,1746046750.137379,394682.81438955874,4438789.122416419,0.011696463608580171,9
actual,1746046750.2373397,394682.8145953321,4438789.122362626,0.011670772361990695,9
actual,1746046750.3373644,394682.81231334177,4438789.1214689715,0.011659846600873266,9
actual,1746046750.4373698,394682.81222368864,4438789.121396501,0.011653720495198855,9
actual,1746046750.537344,394682.8121293351,4438789.1213462725,0.01164799581525238,9
actual,1746046750.6373668,394682.81207100855,4438789.121249206,0.01164640756563286,9
actual,1746046750.7373893,394682.81198633544,4438789.12117173,0.011656914447729877,9
actual,1746046750.8373976,394682.81195027154,4438789.120871328,0.011707528996037905,9
actual,1746046750.9373007,394682.81187384296,4438789.120814424,0.011736012769430466,9
actual,1746046751.037337,394682.81181753986,4438789.1208077585,0.011689150679014425,9
actual,1746046751.1373353,394682.8117894787,4438789.120772776,0.011709920097113052,9
actual,1746046751.2373552,394682.81174529623,4438789.120754917,0.011686078899530734,9
actual,1746046751.3373773,394682.81287026394,4438789.121114909,0.01164612831295275,9
actual,1746046751.437356,394682.81293545396,4438789.121035013,0.01166197590256078,9
actual,1746046751.5373564,394682.8129685082,4438789.1208994305,0.01165639084895436,9
actual,1746046751.6373363,394682.8129019416,4438789.120783287,0.011637209680475005,9
actual,1746046751.7372866,394682.812710055,4438789.120766071,0.011610052357313836,9
actual,1746046751.8373365,394682.81363351515,4438789.120487778,0.01172869983986447,9
actual,1746046751.9373353,394682.81380382075,4438789.120196893,0.01172030480616249,9
actual,1746046752.037289,394682.8140715977,4438789.120112374,0.011728158787796478,9
actual,1746046752.1373732,394682.81439791544,4438789.119874182,0.011755996789365696,9
actual,1746046752.2373874,394682.81471177866,4438789.119526375,0.011770901901177794,9
actual,1746046752.3373673,394682.8142059073,4438789.122258291,0.011679429195080806,9
actual,1746046752.4373403,394682.81403873215,4438789.12239352,0.011689953530470299,9
actual,1746046752.5373626,394682.81379785883,4438789.122435294,0.011716849054243339,9
actual,1746046752.6373875,394682.81362860877,4438789.122458461,0.011753727861338126,9
actual,1746046752.7373679,394682.81355060206,4438789.122503104,0.011794481299372233,9
actual,1746046752.8373737,394682.8146968583,4438789.122396556,0.01177783085830808,9
actual,1746046752.937348,394682.8148192123,4438789.122425464,0.011779157308539718,9
actual,1746046753.0373535,394682.81480032083,4438789.122397849,0.011821778248873456,9
actual,1746046753.13737,394682.81466077483,4438789.12244237,0.01182043434534934,9
actual,1746046753.2373412,394682.81448642357,4438789.122436744,0.011840418365284572,9
actual,1746046753.3373356,394682.8157783717,4438789.12202098,0.0117123111981882,9
actual,1746046753.437338,394682.81600472506,4438789.121898556,0.011753727861338126,9
actual,1746046753.5373936,394682.8162636764,4438789.121866748,0.011747462129323412,9
actual,1746046753.6373365,394682.816519333,4438789.121816716,0.0117404109991453,9
actual,1746046753.7374623,394682.8166867115,4438789.121705739,0.011744407803132444,9
actual,1746046753.837825,394682.8166902612,4438789.121634306,0.011729624864368172,9
actual,1746046753.9373562,394682.8145644669,4438789.122949478,0.01165225441862716,9
actual,1746046754.037361,394682.8142936197,4438789.122979844,0.011647332590136561,9
actual,1746046754.1373367,394682.8140063295,4438789.122945278,0.011707651169085485,9
actual,1746046754.2374136,394682.81365891814,4438789.122939042,0.011729886663755806,9
actual,1746046754.3373399,394682.81506259914,4438789.124066978,0.011693671081777086,9
actual,1746046754.4373353,394682.8150139682,4438789.124053182,0.011719641581046672,9
actual,1746046754.537344,394682.81492808077,4438789.124066578,0.011758248264100787,9
actual,1746046754.6373966,394682.8148281339,4438789.124061773,0.011748264980779287,9
actual,1746046754.7375746,394682.81468136515,4438789.124066894,0.01172269590723764,9
actual,1746046754.8373113,394682.81387438695,4438789.122927506,0.011638274331318763,9
actual,1746046754.9373393,394682.8138180142,4438789.122862875,0.011621763516594913,9
actual,1746046755.0373745,394682.8136882855,4438789.122794403,0.011595409044889619,9
actual,1746046755.1373208,394682.8135358279,4438789.122746857,0.011586874384847337,9
actual,1746046755.2373354,394682.8133696994,4438789.122635432,0.011579160029553653,9
actual,1746046755.337765,394682.8132864716,4438789.1224704385,0.011583017207200494,9
actual,1746046755.4374037,394682.8147724018,4438789.124322702,0.01157530285190681,9
actual,1746046755.5373847,394682.8149265803,4438789.124416599,0.011613647735573045,9
actual,1746046755.6373549,394682.8151302944,4438789.124545852,0.011631764253208643,9
actual,1746046755.7373621,394682.81533512153,4438789.124763198,0.011600732299108156,9
actual,1746046755.8373504,394682.812798056,4438789.123182388,0.011608725907082446,9
actual,1746046755.9372792,394682.81254731794,4438789.123069918,0.011611256634497896,9
actual,1746046756.0373425,394682.8122656594,4438789.12295652,0.011639077182774637,9
actual,1746046756.1373363,394682.8119537192,4438789.12285204,0.011647472216476617,9
actual,1746046756.2375584,394682.811635619,4438789.122725315,0.011657856925526055,9
actual,1746046756.337959,394682.8113508427,4438789.122609097,0.011646669365020743,9
actual,1746046756.4373348,394682.81415429176,4438789.12377998,0.011701402890363246,9
actual,1746046756.5372834,394682.81421031134,4438789.123757567,0.01172882201291205,9
actual,1746046756.637337,394682.81426830054,4438789.1237659855,0.011742540300832813,9
actual,1746046756.7373345,394682.81434788473,4438789.123778382,0.011723236959305631,9
actual,1746046756.8373358,394682.8130328,4438789.124286219,0.011640682885686386,9
actual,1746046756.937336,394682.8129634375,4438789.124252906,0.011658118724913936,9
actual,1746046757.0374281,394682.8129166757,4438789.124226152,0.01169686503430811,9
actual,1746046757.1372612,394682.8128582409,4438789.124224472,0.01167836454423705,9
actual,1746046757.2373374,394682.81279599736,4438789.124216914,0.011631764253208643,9
actual,1746046757.337342,394682.81283692934,4438789.123191868,0.01163933898216227,9
actual,1746046757.4372823,394682.81280739384,4438789.122915156,0.011646529738680687,9
actual,1746046757.5373359,394682.81277059624,4438789.12260223,0.011676497041937418,9
actual,1746046757.6373343,394682.81272737664,4438789.122332469,0.01166450662997623,9
actual,1746046757.737772,394682.81264007534,4438789.12203562,0.011681418870428017,9
actual,1746046757.8373883,394682.8133452297,4438789.1250565965,0.011677020640712934,9
actual,1746046757.9373772,394682.81343870546,4438789.125096114,0.011706848317629609,9
actual,1746046758.0373352,394682.81355819706,4438789.125142062,0.011721509083346304,9
actual,1746046758.1372588,394682.8137000239,4438789.125164287,0.01173615239577052,9
actual,1746046758.2373345,394682.81383046624,4438789.125175809,0.011744809228860382,9
actual,1746046758.3373504,394682.81393549906,4438789.12524314,0.011727635189020714,9
actual,1746046758.4373386,394682.81475512136,4438789.12371584,0.011646669365020743,9
actual,1746046758.537351,394682.8148698969,4438789.123622175,0.011650927968395522,9
actual,1746046758.6376882,394682.81497924833,4438789.123478183,0.011662115528900834,9
actual,1746046758.7375143,394682.8150921287,4438789.123333975,0.011663581605472529,9
actual,1746046758.8373358,394682.81267633295,4438789.122734613,0.011680616018972141,9
actual,1746046758.937277,394682.81252731726,4438789.122666679,0.011698069311491921,9
actual,1746046759.0373611,394682.81240141764,4438789.12263195,0.011678224917896746,9
actual,1746046759.1373346,394682.812256615,4438789.122565886,0.01169447393323296,9
actual,1746046759.2373362,394682.8121370188,4438789.122499128,0.011683548172115282,9
actual,1746046759.3373897,394682.8137882929,4438789.122636508,0.011675572017433716,9
actual,1746046759.4374254,394682.8138283309,4438789.122556538,0.011681418870428017,9
actual,1746046759.5374224,394682.8138938375,4438789.122513498,0.011678102744849166,9
actual,1746046759.6373646,394682.81395376596,4438789.122451215,0.01164640756563286,9
actual,1746046759.7373388,394682.81399684574,4438789.12235001,0.011612042032661295,9
actual,1746046759.8373394,394682.813604526,4438789.122794653,0.011638937556434335,9
actual,1746046759.9373693,394682.81356183544,4438789.122822749,0.01161764453956019,9
actual,1746046760.0373354,394682.81350485625,4438789.12283995,0.011618569564063643,9
actual,1746046760.1373355,394682.8134660649,4438789.122813496,0.011617504913219886,9
actual,1746046760.2373734,394682.8134313604,4438789.122780283,0.01161698131444437,9
actual,1746046760.3374016,394682.81338771636,4438789.12277284,0.011618709190403698,9
actual,1746046760.437337,394682.8134053566,4438789.122633672,0.011677823492168808,9
actual,1746046760.5373435,394682.81337949325,4438789.122538332,0.01168023204653668,9
actual,1746046760.6374602,394682.8133030346,4438789.12250465,0.011689813904129995,9
actual,1746046760.7373335,394682.8132200939,4438789.122542607,0.011698592910267685,9
actual,1746046760.8372605,394682.81257957977,4438789.122852982,0.011732557017511313,9
actual,1746046760.937375,394682.81253490405,4438789.122734399,0.011745071028248264,9
actual,1746046761.0374649,394682.81249969214,4438789.12268949,0.0117164476285154,9
actual,1746046761.1376054,394682.81246951607,4438789.1225859625,0.01172191050907424,9
actual,1746046761.2373335,394682.81239670125,4438789.122438656,0.011718838729590796,9
actual,1746046761.3374114,394682.8122668151,4438789.122312308,0.011734162720423309,9
actual,1746046761.4373353,394682.8121203526,4438789.123021684,0.0117404109991453,9
actual,1746046761.5373359,394682.8120526519,4438789.122946813,0.011738822749526026,9
actual,1746046761.6373355,394682.8119940427,4438789.122866735,0.01174227850144493,9
actual,1746046761.737337,394682.81190334377,4438789.1227867585,0.011748264980779287,9
actual,1746046761.8374162,394682.8138114098,4438789.12304434,0.01169447393323296,9
actual,1746046761.937365,394682.81397699774,4438789.122935028,0.011691140354361635,9
actual,1746046762.0373416,394682.81414760894,4438789.122802194,0.011679167395692924,9
actual,1746046762.1373477,394682.81427080603,4438789.122673506,0.011679429195080806,9
actual,1746046762.2373614,394682.814376579,4438789.12251196,0.011706586518241727,9
actual,1746046762.3373613,394682.8144834315,4438789.12231996,0.011735349544314646,9
actual,1746046762.4373343,394682.81414240337,4438789.1227681525,0.011723498758693513,9
actual,1746046762.538053,394682.8141394035,4438789.122700168,0.011699535388063615,9
actual,1746046762.6373758,394682.81409645895,4438789.122593284,0.011688208201218247,9
actual,1746046762.7373347,394682.8140504838,4438789.1224256605,0.01172588985976866,9
actual,1746046762.837344,394682.81405625516,4438789.123200443,0.011697144286988467,9
actual,1746046762.9373343,394682.813966293,4438789.123215216,0.011707249743357547,9
actual,1746046763.0373333,394682.81388231687,4438789.123237982,0.011695398957736414,9
actual,1746046763.1372812,394682.81376907905,4438789.123239694,0.011700861838295254,9
actual,1746046763.2373328,394682.81363353616,4438789.123239413,0.011689150679014425,9
actual,1746046763.337292,394682.81510980445,4438789.123472046,0.011669166659078948,9
actual,1746046763.4375947,394682.81522198534,4438789.123500999,0.011669847337487242,9
actual,1746046763.537381,394682.815326514,4438789.123512272,0.011670772361990695,9
actual,1746046763.63734,394682.8153977927,4438789.123505795,0.011669568084806884,9
actual,1746046763.7373633,394682.81543341314,4438789.123486626,0.011686218525871036,9
actual,1746046763.8373604,394682.814695228,4438789.124350385,0.011658520150641874,9
actual,1746046763.9373322,394682.8146234171,4438789.124396413,0.011647734015864499,9
actual,1746046764.0373611,394682.814551309,4438789.124392372,0.011657856925526055,9
actual,1746046764.1376708,394682.8144592481,4438789.124388341,0.01166731661007179,9
actual,1746046764.2376344,394682.81435604085,4438789.124358339,0.011678626343624684,9
actual,1746046764.3373363,394682.8134398381,4438789.123686036,0.011673704515134085,9
actual,1746046764.4373362,394682.8133099384,4438789.123514041,0.011700338239519489,9
actual,1746046764.5373874,394682.813153895,4438789.12336257,0.011724964835265207,9
actual,1746046764.6373348,394682.8130461496,4438789.123229193,0.011744669602520326,9
actual,1746046764.7373319,394682.8129299887,4438789.123069416,0.011753466061950244,9
actual,1746046764.8373332,394682.8132307202,4438789.122983099,0.011706848317629609,9
actual,1746046764.937346,394682.81317177904,4438789.122932768,0.01169127998070169,9
actual,1746046765.0379746,394682.81309795426,4438789.122888945,0.011713114049644075,9
actual,1746046765.137345,394682.81296547834,4438789.122854484,0.011698331110879803,9
actual,1746046765.2373471,394682.81285284366,4438789.122793794,0.011721369457006,9
actual,1746046765.3373468,394682.81376395654,4438789.122980849,0.01168035421958426,9
actual,1746046765.4373446,394682.8137636529,4438789.12303373,0.011666112332887979,9
actual,1746046765.5373487,394682.81370952114,4438789.123065223,0.011658380524301572,9
actual,1746046765.637342,394682.81365115975,4438789.123031727,0.011695398957736414,9
actual,1746046765.7373497,394682.81357792916,4438789.123022321,0.011725366260993145,9
actual,1746046765.8374288,394682.8141917071,4438789.12258055,0.011688208201218247,9
actual,1746046765.9374282,394682.81416783703,4438789.122511333,0.011695678210416772,9
actual,1746046766.0375285,394682.8141651427,4438789.12241997,0.01168449064991146,9
actual,1746046766.1373436,394682.8141489545,4438789.122331759,0.011661452303785262,9
actual,1746046766.2372625,394682.8140724682,4438789.1222089995,0.011644278263945594,9
actual,1746046766.337332,394682.81349562353,4438789.122246833,0.011640944685074268,9
actual,1746046766.4373562,394682.813453728,4438789.1222163355,0.011655587997498487,9
actual,1746046766.5373435,394682.8134016537,4438789.122109577,0.01169061675558587,9
actual,1746046766.638144,394682.81331340317,4438789.12197993,0.011698470737219857,9
actual,1746046766.7373626,394682.81320367166,4438789.121856872,0.011706987943969665,9
actual,1746046766.8373697,394682.81313117215,4438789.121726097,0.01169381070811714,9
actual,1746046766.9373326,394682.81307838386,4438789.12174217,0.011694212133845078,9
actual,1746046767.0373347,394682.81303802785,4438789.121760899,0.011692082832157565,9
actual,1746046767.137337,394682.8129659052,4438789.121793384,0.01171044369588857,9
actual,1746046767.2373915,394682.81291149836,4438789.12187943,0.011717250479971523,9
actual,1746046767.337354,394682.8123263688,4438789.122248744,0.011697807512104285,9
actual,1746046767.4373853,394682.8122874242,4438789.122277478,0.01169620180919229,9
actual,1746046767.5373533,394682.812219747,4438789.122348008,0.011692205005205392,9
actual,1746046767.638924,394682.81218710745,4438789.122379594,0.011698331110879803,9
actual,1746046767.737378,394682.8121394301,4438789.12237283,0.011681296697380437,9
actual,1746046767.8373508,394682.81303398835,4438789.123195598,0.011683949597843468,9
actual,1746046767.93734,394682.81303624634,4438789.123240472,0.01170871581992924,9
actual,1746046768.037339,394682.81306886853,4438789.123314551,0.011694997532008478,9
actual,1746046768.1374593,394682.8130812401,4438789.123352281,0.011709117245657178,9
actual,1746046768.2374034,394682.8130663717,4438789.123421728,0.011687946401830365,9
actual,1746046768.3375573,394682.81338968826,4438789.123078355,0.011671697386494397,9
actual,1746046768.4373794,394682.8133878845,4438789.123042833,0.011689412478402059,9
actual,1746046768.5373857,394682.81340995117,4438789.122996573,0.01170365436509834,9
actual,1746046768.638181,394682.8134007833,4438789.12300863,0.011693007856661266,9
actual,1746046768.7373514,394682.8133653853,4438789.122986486,0.011689150679014425,9
actual,1746046768.8373435,394682.8140193027,4438789.123010697,0.011705661493738273,9
actual,1746046768.937276,394682.814074228,4438789.122956049,0.011719240155318734,9
actual,1746046769.0375965,394682.81413933414,4438789.122920412,0.011730951314599563,9
actual,1746046769.1373894,394682.8141782112,4438789.122863927,0.011738822749526026,9
actual,1746046769.237582,394682.81417587266,4438789.122788031,0.01175320426256261,9
actual,1746046769.3373685,394682.8143214521,4438789.1242955895,0.01167410594086202,9
actual,1746046769.4373484,394682.8143480737,4438789.124351022,0.011678888143012565,9
actual,1746046769.537344,394682.8143702889,4438789.124426124,0.011682623147611829,9
actual,1746046769.6373618,394682.81436624716,4438789.124497668,0.011684351023571404,9
actual,1746046769.7373662,394682.8143452934,4438789.124547984,0.01168874925328624,9
actual,1746046769.8373508,394682.8138495366,4438789.123937731,0.011674507366589959,9
actual,1746046769.9373696,394682.8138267161,4438789.123945806,0.011653720495198855,9
actual,1746046770.0373776,394682.8138285619,4438789.123893057,0.011647594389524197,9
actual,1746046770.1373425,394682.813802896,4438789.123824346,0.011689150679014425,9
actual,1746046770.2373893,394682.8138264469,4438789.123820984,0.01168023204653668,9
actual,1746046770.3373637,394682.81347617065,4438789.1243791,0.011677561692781174,9
actual,1746046770.437386,394682.8134467736,4438789.124325961,0.01167770131912123,9
actual,1746046770.5375166,394682.8134157759,4438789.124278628,0.01168874925328624,9
actual,1746046770.637371,394682.81333811465,4438789.124302611,0.011681820296155953,9
actual,1746046770.73756,394682.81323876174,4438789.124224438,0.011687946401830365,9
actual,1746046770.837363,394682.81340430764,4438789.123798063,0.011699797187451497,9
actual,1746046770.9373448,394682.8133905423,4438789.123731448,0.011692746057273384,9
actual,1746046771.0373793,394682.813331532,4438789.123608585,0.011697528259423927,9
actual,1746046771.1373482,394682.81326559593,4438789.12350754,0.01171044369588857,9
actual,1746046771.2374678,394682.81320182374,4438789.123374698,0.011724703035877325,9
actual,1746046771.337629,394682.8137726266,4438789.124049933,0.011683687798455585,9
actual,1746046771.4373703,394682.8138324432,4438789.123967957,0.011692484257885502,9
actual,1746046771.5374627,394682.8138531353,4438789.1238894295,0.011697004660648163,9
actual,1746046771.6373582,394682.8138524821,4438789.123785706,0.011711386173684746,9
actual,1746046771.737334,394682.81383362185,4438789.123672631,0.011725104461605263,9
actual,1746046771.8374374,394682.81382686633,4438789.123552536,0.011684752449299342,9
actual,1746046771.9373403,394682.8130087444,4438789.1236785045,0.011701804316091182,9
actual,1746046772.0373535,394682.81296487537,4438789.123795983,0.011677823492168808,9
actual,1746046772.1375618,394682.81293617154,4438789.123949034,0.011683024573339765,9
actual,1746046772.237887,394682.8128914404,4438789.1239770325,0.01168023204653668,9
actual,1746046772.3379796,394682.812852266,4438789.124033348,0.011698872162947795,9
actual,1746046772.4377694,394682.8116531748,4438789.124240859,0.011692606430933328,9
actual,1746046772.5373774,394682.8115047009,4438789.124366182,0.011692344631545446,9
actual,1746046772.637399,394682.8113696843,4438789.124447058,0.011707790795425539,9
actual,1746046772.7372897,394682.8112428624,4438789.124525159,0.011729764490708228,9
actual,1746046772.8374918,394682.8130636945,4438789.124379143,0.01167969099446844,9
actual,1746046772.9378326,394682.81321714655,4438789.124420739,0.011681558496768071,9
actual,1746046773.0375216,394682.81344111095,4438789.124387873,0.011734948118586708,9
actual,1746046773.1373348,394682.8136946291,4438789.124445202,0.011722835533577693,9
actual,1746046773.2378604,394682.81389163574,4438789.124557855,0.01171098474795681,9
actual,1746046773.3373349,394682.81373771897,4438789.123186032,0.01168874925328624,9
actual,1746046773.4373856,394682.8136083257,4438789.123119777,0.011677963118509112,9
actual,1746046773.5373409,394682.81345764775,4438789.123067901,0.011654261547266847,9
actual,1746046773.6373963,394682.81328871474,4438789.123016658,0.011640944685074268,9
actual,1746046773.7377927,394682.81306413707,4438789.122945237,0.011644138637605292,9
actual,1746046773.837507,394682.81501961447,4438789.124811309,0.01168023204653668,9
actual,1746046773.9376147,394682.8148852165,4438789.124865338,0.011759190741896717,9
actual,1746046774.0373943,394682.8151498798,4438789.124994942,0.011739084548913908,9
actual,1746046774.1372793,394682.8155703204,4438789.125007646,0.01179394024730399,9
actual,1746046774.2375555,394682.81595612096,4438789.125114703,0.011770500475449858,9
actual,1746046774.337738,394682.8139291983,4438789.125197022,0.01166544910777216,9
actual,1746046774.4374707,394682.81372882775,4438789.125216185,0.011662115528900834,9
actual,1746046774.5375082,394682.8133815164,4438789.125226373,0.011658520150641874,9
actual,1746046774.6374545,394682.81299107854,4438789.125272227,0.01166119050439738,9
actual,1746046774.7375605,394682.8126511419,4438789.125298934,0.01167969099446844,9
actual,1746046774.8373663,394682.8144627146,4438789.124222512,0.01170618509251379,9
actual,1746046774.937622,394682.8145005858,4438789.124120789,0.011704457216554214,9
actual,1746046775.0374517,394682.8145063466,4438789.123978157,0.011705260068010087,9
actual,1746046775.137346,394682.81451977306,4438789.123808724,0.011718699103250494,9
actual,1746046775.2374501,394682.81452683016,4438789.123621265,0.0117503942824668,9
actual,1746046775.337582,394682.8147728731,4438789.124417479,0.011683146746387344,9
actual,1746046775.437662,394682.8147972351,4438789.124385671,0.011678888143012565,9
actual,1746046775.5373566,394682.81485157844,4438789.124328711,0.01167543239109366,9
actual,1746046775.6377304,394682.8148495056,4438789.124248594,0.011692746057273384,9
actual,1746046775.7373123,394682.8148062785,4438789.124211109,0.011688609626946183,9
actual,1746046775.8376272,394682.8148994252,4438789.124641948,0.011689011052674121,9
actual,1746046775.9373257,394682.8149117986,4438789.124705267,0.011703933617778698,9
actual,1746046776.037354,394682.8148919219,4438789.124756355,0.011736675994546036,9
actual,1746046776.1375084,394682.81491709955,4438789.124845672,0.011705120441670033,9
actual,1746046776.23777,394682.81492767006,4438789.124859705,0.01170365436509834,9
actual,1746046776.3373454,394682.81476670026,4438789.12462916,0.011683024573339765,9
actual,1746046776.4375577,394682.8147684458,4438789.124615189,0.01169927358867598,9
actual,1746046776.5373588,394682.8147726491,4438789.124602613,0.011709256871997233,9
actual,1746046776.637352,394682.81474368565,4438789.124590218,0.011721369457006,9
actual,1746046776.737339,394682.81469614286,4438789.12459135,0.011732295218123679,9
actual,1746046776.8373647,394682.81431275717,4438789.122937851,0.011668904859691064,9
actual,1746046776.9375246,394682.8141973411,4438789.1228454495,0.011691541780089573,9
actual,1746046777.037561,394682.8140751298,4438789.122773243,0.01167382668818191,9
actual,1746046777.1376774,394682.81390915904,4438789.1226483425,0.01169873253660774,9
actual,1746046777.2373743,394682.8137432727,4438789.12254123,0.01168382742479564,9
actual,1746046777.337342,394682.81376286945,4438789.122537697,0.011677561692781174,9
actual,1746046777.4373724,394682.8136613596,4438789.12251994,0.011690075703517879,9
actual,1746046777.5373435,394682.8135304412,4438789.122494684,0.011726169112449019,9
actual,1746046777.6373606,394682.81338551687,4438789.122514281,0.011704858642282151,9
actual,1746046777.7375333,394682.8132247649,4438789.122501768,0.011702066115479066,9
actual,1746046777.837522,394682.8148616862,4438789.122284148,0.011678102744849166,9
actual,1746046777.9376903,394682.8149158936,4438789.122267234,0.011689011052674121,9
actual,1746046778.037744,394682.81495947216,4438789.122247242,0.011705661493738273,9
actual,1746046778.1373987,394682.81500723364,4438789.122210154,0.011727896988408596,9
actual,1746046778.23763,394682.8149449774,4438789.122203637,0.011721770882734186,9
actual,1746046778.3373513,394682.81281911925,4438789.121765401,0.011619773841247455,9
actual,1746046778.437357,394682.81261959503,4438789.1217486635,0.011607661256238688,9
actual,1746046778.537505,394682.8124308034,4438789.121728724,0.011617766712607768,9
actual,1746046778.637744,394682.8121710639,4438789.121753615,0.011616579888716432,9
actual,1746046778.737505,394682.8118205166,4438789.121688733,0.011620698865751157,9
actual,1746046778.8376753,394682.81398167583,4438789.121362855,0.01167382668818191,9
actual,1746046778.9373512,394682.8140584514,4438789.121309781,0.0116932696560489,9
actual,1746046779.0375736,394682.81414432765,4438789.121275198,0.01170192648913901,9
actual,1746046779.1374288,394682.8141965751,4438789.121202845,0.011675694190481542,9
actual,1746046779.2373328,394682.8142607101,4438789.121120796,0.011695538584076718,9
actual,1746046779.3374054,394682.8143074593,4438789.121045189,0.011685293501367334,9
actual,1746046779.437462,394682.81389801495,4438789.122370115,0.011686619951598974,9
actual,1746046779.5376742,394682.81397209887,4438789.122375434,0.011696603234920225,9
actual,1746046779.6374772,394682.8140200946,4438789.122545383,0.011718978355930852,9
actual,1746046779.7373898,394682.8140790353,4438789.122674947,0.011683024573339765,9
actual,1746046779.8374789,394682.8140588724,4438789.12259867,0.011686218525871036,9
actual,1746046779.9372568,394682.8156944023,4438789.121701922,0.011665047682044223,9
actual,1746046780.037372,394682.8158241118,4438789.121518305,0.011683949597843468,9
actual,1746046780.1378343,394682.8158715762,4438789.121275744,0.011690075703517879,9
actual,1746046780.237793,394682.8158791527,4438789.121016184,0.011695678210416772,9
actual,1746046780.337529,394682.81591886317,4438789.12082024,0.011690738928633697,9
actual,1746046780.4373674,394682.81554162566,4438789.124022188,0.011667176983731736,9
actual,1746046780.5375597,394682.8155162803,4438789.124190787,0.011676636668277472,9
actual,1746046780.6374774,394682.8155036902,4438789.124327342,0.011684211397231102,9
actual,1746046780.7376235,394682.81546594127,4438789.124538616,0.011673966314521967,9
actual,1746046780.83782,394682.8153685018,4438789.124734413,0.011702327914866948,9
actual,1746046780.937914,394682.8144262971,4438789.125158822,0.011691803579477454,9
actual,1746046781.0374718,394682.81431284756,4438789.125172388,0.011708855446269296,9
actual,1746046781.1378264,394682.81413232785,4438789.125387817,0.011670772361990695,9
actual,1746046781.2374575,394682.81383987487,4438789.125463337,0.011666374132275862,9
actual,1746046781.3376176,394682.81348191586,4438789.125285549,0.011735890596382638,9
actual,1746046781.437833,394682.81512915203,4438789.124752494,0.011699133962335677,9
actual,1746046781.537379,394682.8153011489,4438789.124682169,0.01174426817679239,9
actual,1746046781.6376755,394682.815440236,4438789.124490194,0.011732295218123679,9
actual,1746046781.7373614,394682.8154802854,4438789.124386905,0.011743203525948633,9
actual,1746046781.8375714,394682.815462942,4438789.12429464,0.011746938530547896,9
actual,1746046781.9381099,394682.8142774367,4438789.124874172,0.011697004660648163,9
actual,1746046782.0376973,394682.8141931334,4438789.1249050135,0.011676636668277472,9
actual,1746046782.1381521,394682.81413486187,4438789.124911806,0.011666775558003798,9
actual,1746046782.2378285,394682.814048415,4438789.1249506045,0.011610715582429655,9
actual,1746046782.3374062,394682.8139384325,4438789.124913347,0.011633614302215798,9
actual,1746046782.4378285,394682.8136027666,4438789.125099385,0.011616300636036074,9
actual,1746046782.5376623,394682.8135386626,4438789.125131022,0.011632828904052398,9
actual,1746046782.6373658,394682.8134643094,4438789.125223384,0.011598061945352648,9
actual,1746046782.7383282,394682.81324700697,4438789.12527395,0.011618307764675762,9
actual,1746046782.83762,394682.81396807835,4438789.125366774,0.011726169112449019,9
actual,1746046782.937808,394682.81393666397,4438789.125355826,0.011723097332965575,9
actual,1746046783.0374522,394682.81397346134,4438789.125303628,0.011768912225830336,9
actual,1746046783.1374035,394682.8140409502,4438789.125288186,0.01178781414162958,9
actual,1746046783.237543,394682.814101957,4438789.125218569,0.011823506124832784,9
actual,1746046783.3379211,394682.81420182635,4438789.12520061,0.011835356910453917,9
actual,1746046783.437803,394682.81495107204,4438789.124274796,0.01178102481083935,9
actual,1746046783.5379753,394682.81506219576,4438789.124208583,0.01179460347241981,9
actual,1746046783.6382577,394682.81520818983,4438789.124173927,0.01176624187207483,9
actual,1746046783.7376113,394682.8153799209,4438789.124149365,0.011757724665325271,9
actual,1746046783.8376462,394682.81551691215,4438789.124139039,0.011806733510721054,9
actual,1746046783.9377174,394682.81497152883,4438789.1246517515,0.011732557017511313,9
actual,1746046784.0376375,394682.81501681363,4438789.12460145,0.01173002629009611,9
actual,1746046784.1376646,394682.81505012006,4438789.124594216,0.011731090940939617,9
actual,1746046784.2374787,394682.81501773745,4438789.124587285,0.011707651169085485,9
actual,1746046784.3383303,394682.81503390556,4438789.1245324565,0.011700460412567316,9
actual,1746046784.4379523,394682.8146317161,4438789.124884583,0.011665571280819739,9
actual,1746046784.5373967,394682.8146527191,4438789.124877333,0.011683949597843468,9
actual,1746046784.637499,394682.8146583746,4438789.124827631,0.011651067594735824,9
actual,1746046784.7374346,394682.81465632,4438789.124587544,0.011695398957736414,9
actual,1746046784.838342,394682.8137193144,4438789.123760796,0.011721369457006,9
actual,1746046784.9375622,394682.8137167557,4438789.123650689,0.011750272109419221,9
actual,1746046785.037871,394682.81366647483,4438789.123552854,0.01177622515539633,9
actual,1746046785.1373413,394682.8136108917,4438789.123481261,0.01176810937437446,9
actual,1746046785.238007,394682.8135608944,4438789.123375416,0.011792875596460235,9
actual,1746046785.3373635,394682.81427698245,4438789.123415137,0.011693548908729258,9
actual,1746046785.437656,394682.8142566358,4438789.123371628,0.011716046202787463,9
actual,1746046785.5373409,394682.81426362705,4438789.123310718,0.011707651169085485,9
actual,1746046785.6373918,394682.8143264042,4438789.123276014,0.01171297442330402,9
actual,1746046785.7379653,394682.8143723512,4438789.123173657,0.011752261784766432,9
actual,1746046785.8374934,394682.81469032035,4438789.123282433,0.011742540300832813,9
actual,1746046785.9374416,394682.8146963862,4438789.123292894,0.011737880271730096,9
actual,1746046786.0374424,394682.81471335597,4438789.123212372,0.011716308002175345,9
actual,1746046786.1373422,394682.81468526856,4438789.123021021,0.011753466061950244,9
actual,1746046786.2373939,394682.8146602127,4438789.122936491,0.011767184349871007,9
actual,1746046786.337338,394682.8151043821,4438789.122618984,0.011684211397231102,9
actual,1746046786.4377031,394682.8151338963,4438789.1225308385,0.011683548172115282,9
actual,1746046786.5375588,394682.8151343988,4438789.122377549,0.011699133962335677,9
actual,1746046786.6377516,394682.8151048662,4438789.122256469,0.01168222172188389,9
actual,1746046786.7373836,394682.8150618015,4438789.122129063,0.011692344631545446,9
actual,1746046786.8376281,394682.815408263,4438789.123064558,0.011702467541207002,9
actual,1746046786.9373536,394682.8153870852,4438789.123079528,0.011710583322228872,9
actual,1746046787.0374768,394682.8153113593,4438789.123093679,0.011714981551943707,9
actual,1746046787.137349,394682.8152009349,4438789.123085754,0.0117123111981882,9
actual,1746046787.2373831,394682.81516343507,4438789.123100733,0.011728560213524416,9
actual,1746046787.337735,394682.8160689848,4438789.121649924,0.011770901901177794,9
actual,1746046787.4378033,394682.8160341388,4438789.121381207,0.011797937051291136,9
actual,1746046787.5379338,394682.81604142813,4438789.121344957,0.011780763011451468,9
actual,1746046787.6374488,394682.8160244281,4438789.121225554,0.011812178937987416,9
actual,1746046787.737342,394682.81606136635,4438789.121018855,0.011835880509229433,9
actual,1746046787.8374813,394682.8159493973,4438789.122758954,0.011695800383464352,9
actual,1746046787.937365,394682.8159384405,4438789.122863,0.01166930628541925,9
actual,1746046788.0374205,394682.81587044394,4438789.122956385,0.011677299893393292,9
actual,1746046788.1375554,394682.81577849,4438789.123113206,0.011631485000528533,9
actual,1746046788.2389183,394682.8156363355,4438789.123152206,0.011694735732620596,9
actual,1746046788.3374,394682.81594481925,4438789.1233627945,0.011748003181391653,9
actual,1746046788.4373927,394682.81607626425,4438789.123404173,0.011785684839942067,9
actual,1746046788.5374749,394682.8161602001,4438789.123397488,0.011793015222800537,9
actual,1746046788.6375723,394682.8161580812,4438789.123381837,0.011840680164672454,9
actual,1746046788.7373421,394682.81619856955,4438789.123498378,0.011816716794042554,9
actual,1746046788.8375714,394682.816107133,4438789.12313724,0.011656652648342243,9
actual,1746046788.9377887,394682.8161812943,4438789.122984044,0.011627767449221746,9
actual,1746046789.0376017,394682.81622798357,4438789.122936143,0.011695398957736414,9
actual,1746046789.1374013,394682.8162737583,4438789.123005773,0.011647734015864499,9
actual,1746046789.237429,394682.8162637217,4438789.122855235,0.011691018181314055,9
actual,1746046789.3373458,394682.81502066395,4438789.123752083,0.011689552104742361,9
actual,1746046789.437837,394682.81487753853,4438789.123716016,0.011763850770999682,9
actual,1746046789.5374856,394682.81474471744,4438789.12381595,0.011747462129323412,9
actual,1746046789.6376534,394682.8146494191,4438789.12388764,0.01176624187207483,9
actual,1746046789.7374063,394682.8144934299,4438789.123937736,0.011770500475449858,9
actual,1746046789.8377326,394682.81518865644,4438789.124262071,0.011824570775676542,9
actual,1746046789.937699,394682.81538079266,4438789.124497743,0.011797937051291136,9
actual,1746046790.0377686,394682.81556342763,4438789.124626734,0.01183694516007319,9
actual,1746046790.1374035,394682.81564697163,4438789.124733115,0.011826839703704111,9
actual,1746046790.2379234,394682.8156633361,4438789.124908443,0.01182137682314527,9
actual,1746046790.3375247,394682.8139172527,4438789.124671619,0.011704335043506634,9
actual,1746046790.4377506,394682.8139317622,4438789.124671998,0.011689813904129995,9
actual,1746046790.5379791,394682.813937492,4438789.124652961,0.01170419541716658,9
actual,1746046790.6380167,394682.81387997174,4438789.124652217,0.011707127570309967,9
actual,1746046790.7377136,394682.8138144297,4438789.124649282,0.01171098474795681,9
actual,1746046790.8375292,394682.81480525015,4438789.126057223,0.011658118724913936,9
actual,1746046790.9372962,394682.81489932485,4438789.126118461,0.011648798666708256,9
actual,1746046791.0379815,394682.81492901704,4438789.126201363,0.011611640606933357,9
actual,1746046791.1373577,394682.8149793748,4438789.126259278,0.01161218165900135,9
actual,1746046791.2378054,394682.8150426919,4438789.126313435,0.01160738200355833,9
actual,1746046791.3377824,394682.81455482316,4438789.125205596,0.01164546508783693,9
actual,1746046791.4376192,394682.81452381174,4438789.125013655,0.011652132245579582,9
actual,1746046791.5373855,394682.81443715555,4438789.124904694,0.011667700582507252,9
actual,1746046791.6373801,394682.81436768896,4438789.124743147,0.011656792274682299,9
actual,1746046791.7373455,394682.81432723673,4438789.124575705,0.011620978118431515,9
actual,1746046791.8373852,394682.8143116498,4438789.126182908,0.011617766712607768,9
actual,1746046791.9373498,394682.8143182852,4438789.126232266,0.011655326198110603,9
actual,1746046792.0374534,394682.8143307918,4438789.126254254,0.011661574476832842,9
actual,1746046792.1377246,394682.8143114492,4438789.126289201,0.011651329394123706,9
actual,1746046792.2376614,394682.8142555007,4438789.126317823,0.011660789078669444,9
actual,1746046792.3376284,394682.81466966413,4438789.1243982045,0.011692205005205392,9
actual,1746046792.4374316,394682.81476543867,4438789.124310904,0.01171777407874704,9
actual,1746046792.537344,394682.814849479,4438789.124148662,0.01173482594553888,9
actual,1746046792.637575,394682.8149231428,4438789.123972218,0.011744931401907962,9
actual,1746046792.7373497,394682.8149759371,4438789.123823576,0.011774375106389175,9
actual,1746046792.837462,394682.81440435373,4438789.124658742,0.011697929685151865,9
actual,1746046792.9376292,394682.8143761066,4438789.124631385,0.01171910052897843,9
actual,1746046793.0379524,394682.8143548938,4438789.124650011,0.011693409282389204,9
actual,1746046793.1379733,394682.81433434226,4438789.124691641,0.011682361348223947,9
actual,1746046793.2377598,394682.81433697627,4438789.124691499,0.011673704515134085,9
actual,1746046793.3374977,394682.81470031576,4438789.125554236,0.011676235242549534,9
actual,1746046793.437381,394682.8146523759,4438789.125613781,0.011648397240980319,9
actual,1746046793.5373876,394682.81458775804,4438789.125603579,0.011675170591705778,9
actual,1746046793.6373906,394682.8145392387,4438789.12557103,0.011694334306892658,9
actual,1746046793.737457,394682.81449680234,4438789.125533313,0.011716046202787463,9
actual,1746046793.8378403,394682.8151093089,4438789.125560443,0.011680092420196377,9
actual,1746046793.9379432,394682.8151503437,4438789.125463672,0.011699395761723559,9
actual,1746046794.0377984,394682.81520268484,4438789.1254696045,0.011705260068010087,9
actual,1746046794.1374848,394682.8151715881,4438789.125573607,0.011707528996037905,9
actual,1746046794.2379065,394682.8150898005,4438789.125564711,0.011698470737219857,9
actual,1746046794.3374355,394682.81585276756,4438789.1246743845,0.011688609626946183,9
actual,1746046794.4376984,394682.8159794583,4438789.124635573,0.011699133962335677,9
actual,1746046794.537612,394682.81608286477,4438789.124592916,0.01171512117828401,9
actual,1746046794.6376867,394682.8161844563,4438789.1245379085,0.011698994335995623,9
actual,1746046794.737784,394682.8162883833,4438789.124420347,0.011692746057273384,9
actual,1746046794.8374763,394682.81541358656,4438789.124683769,0.011653999747879213,9
actual,1746046794.937476,394682.81537339627,4438789.124721142,0.01167382668818191,9
actual,1746046795.0374725,394682.8153415099,4438789.124688869,0.011673041290018513,9
actual,1746046795.1373725,394682.8153224466,4438789.124618189,0.011718315130815032,9
actual,1746046795.2380757,394682.81529222924,4438789.124650865,0.011711246547344444,9
actual,1746046795.3377738,394682.81526918395,4438789.123449936,0.011651469020463762,9
actual,1746046795.4374547,394682.81524901255,4438789.123359926,0.011652533671307518,9
actual,1746046795.5374005,394682.8151896858,4438789.123259501,0.011646931164408625,9
actual,1746046795.637383,394682.81521390396,4438789.123161653,0.011651067594735824,9
actual,1746046795.7373662,394682.81515820755,4438789.123077377,0.011688609626946183,9
actual,1746046795.8380144,394682.8147416576,4438789.123682494,0.011714039074147777,9
actual,1746046795.9373486,394682.81460276747,4438789.12369005,0.011726971963905142,9
actual,1746046796.0377812,394682.81451660505,4438789.123765181,0.011704055790826276,9
actual,1746046796.1378021,394682.81438585045,4438789.123831145,0.011731352740327501,9
actual,1746046796.2378576,394682.81419957994,4438789.123931648,0.011690738928633697,9
actual,1746046796.337524,394682.8149886667,4438789.124393241,0.011655465824450907,9
actual,1746046796.4374096,394682.8150343328,4438789.124479727,0.011633352502828164,9
actual,1746046796.5373738,394682.8150722477,4438789.124565548,0.011648536867320373,9
actual,1746046796.6373863,394682.815090969,4438789.124650572,0.011634417153671672,9
actual,1746046796.7374463,394682.8151517415,4438789.1247913595,0.01161031415670172,9
actual,1746046796.837703,394682.81468558416,4438789.123369418,0.011638274331318763,9
actual,1746046796.9377363,394682.81468647637,4438789.123279563,0.011645203288449047,9
actual,1746046797.0377212,394682.8147399198,4438789.123232561,0.011669969510534822,9
actual,1746046797.1378877,394682.81482673704,4438789.123168571,0.011656914447729877,9
actual,1746046797.237435,394682.8149371198,4438789.122975045,0.01171910052897843,9
actual,1746046797.3373575,394682.813570449,4438789.12399015,0.011699797187451497,9
actual,1746046797.437421,394682.8135224584,4438789.12407752,0.011719641581046672,9
actual,1746046797.5373461,394682.8134893001,4438789.124193903,0.011712590450868558,9
actual,1746046797.63762,394682.81339951884,4438789.124273092,0.01175519393790982,9
actual,1746046797.7382762,394682.81333710783,4438789.124384131,0.0117404109991453,9
actual,1746046797.8381205,394682.81318690785,4438789.122852397,0.011685555300755216,9
actual,1746046797.937983,394682.8131658167,4438789.122749118,0.011690075703517879,9
actual,1746046798.0375297,394682.81313476444,4438789.12265858,0.011686881750986608,9
actual,1746046798.1373606,394682.8131179887,4438789.122606552,0.01163680825474707,9
actual,1746046798.237959,394682.8130642929,4438789.122473958,0.01166930628541925,9
actual,1746046798.3373816,394682.8131312099,4438789.122505128,0.011673564888794029,9
actual,1746046798.4373994,394682.8130828162,4438789.122447881,0.011676235242549534,9
actual,1746046798.5378582,394682.81306062563,4438789.122351045,0.011685677473802796,9
actual,1746046798.6377287,394682.81306444824,4438789.122322067,0.011697528259423927,9
actual,1746046798.738533,394682.813127882,4438789.12228599,0.01171458012621577,9
actual,1746046798.8374393,394682.8131933688,4438789.1222204305,0.011737740645389794,9
actual,1746046798.9374492,394682.8125323814,4438789.122754658,0.011708855446269296,9
actual,1746046799.0378208,394682.8124615619,4438789.122846525,0.01169927358867598,9
actual,1746046799.1374176,394682.8123713686,4438789.122864414,0.01172191050907424,9
actual,1746046799.2381995,394682.81230657623,4438789.122941387,0.01171910052897843,9
actual,1746046799.3376737,394682.813189863,4438789.123302349,0.011666112332887979,9
actual,1746046799.4380176,394682.8131772298,4438789.123367857,0.011666915184343854,9
actual,1746046799.5379303,394682.8131680224,4438789.12339339,0.011668503433963128,9
actual,1746046799.6376112,394682.8131625026,4438789.123526274,0.011678102744849166,9
actual,1746046799.7377894,394682.8131718635,4438789.123558495,0.011708995072609599,9
actual,1746046799.8373885,394682.81443562463,4438789.123951389,0.011732557017511313,9
actual,1746046799.9373565,394682.81455619156,4438789.123977755,0.01175199998537855,9
actual,1746046800.0375907,394682.814649118,4438789.123982404,0.01180205602832586,9
actual,1746046800.1378677,394682.8147276923,4438789.124042746,0.01179394024730399,9
actual,1746046800.2379491,394682.8147958609,4438789.124054772,0.011822301847648972,9
actual,1746046800.3379693,394682.81436741457,4438789.1235067565,0.011702066115479066,9
actual,1746046800.437492,394682.8144259578,4438789.123533115,0.011705923293125907,9
actual,1746046800.5373683,394682.81444551755,4438789.123538399,0.011724301610149389,9
actual,1746046800.637415,394682.8144296856,4438789.1235094145,0.011765316847571376,9
actual,1746046800.7374182,394682.8144346337,4438789.123529452,0.011759312914944545,9
actual,1746046800.8381264,394682.81457366847,4438789.1241189195,0.011645203288449047,9
actual,1746046800.9376802,394682.8146097674,4438789.124108277,0.011667700582507252,9
actual,1746046801.037912,394682.814601416,4438789.124153658,0.011634417153671672,9
actual,1746046801.1378806,394682.8145977305,4438789.124153537,0.01166064945232914,9
actual,1746046801.2380226,394682.8146079786,4438789.124169815,0.011658118724913936,9
actual,1746046801.3376524,394682.81350065366,4438789.12309969,0.011718315130815032,9
actual,1746046801.4374628,394682.8133413929,4438789.122978912,0.011675955989869178,9
actual,1746046801.5373492,394682.8131747437,4438789.122883492,0.011667578409459674,9
actual,1746046801.6373813,394682.81304919126,4438789.122702959,0.011689674277789941,9
actual,1746046801.73752,394682.8129296619,4438789.122526679,0.01171098474795681,9
actual,1746046801.8380795,394682.81364655914,4438789.12365557,0.011681296697380437,9
actual,1746046801.937925,394682.8135875497,4438789.123709986,0.011671837012834453,9
actual,1746046802.0379179,394682.8135020306,4438789.123736077,0.011681558496768071,9
actual,1746046802.1378145,394682.8134289654,4438789.123819255,0.011655849796886369,9
actual,1746046802.2379982,394682.8132918811,4438789.123860759,0.011703252939370402,9
actual,1746046802.3375406,394682.8138956668,4438789.1238298165,0.011701804316091182,9
actual,1746046802.437612,394682.8138606361,4438789.123886841,0.011696062182852233,9
actual,1746046802.5376987,394682.8137985015,4438789.123983348,0.01169033750290576,9
actual,1746046802.6378434,394682.81374632893,4438789.124036481,0.01169873253660774,9
actual,1746046802.7383003,394682.81360662647,4438789.124024986,0.011736414195158402,9
actual,1746046802.837588,394682.81323581544,4438789.124529094,0.01168515387502728,9
actual,1746046802.9379103,394682.81311906566,4438789.124610652,0.011724825208925153,9
actual,1746046803.037714,394682.8129962175,4438789.124704718,0.011735087744926763,9
actual,1746046803.1375751,394682.81295170914,4438789.124790615,0.011786086265670005,9
actual,1746046803.2379057,394682.8128336906,4438789.124881967,0.011777569058920447,9
actual,1746046803.337616,394682.8134128945,4438789.125341617,0.011663983031200465,9
actual,1746046803.4377654,394682.81343340233,4438789.125467334,0.011695538584076718,9
actual,1746046803.5374284,394682.81346803496,4438789.125432735,0.011700338239519489,9
actual,1746046803.6377163,394682.8134271598,4438789.125492262,0.011695538584076718,9
actual,1746046803.737343,394682.8133486167,4438789.125627767,0.011688487453898605,9
actual,1746046803.8377523,394682.813246468,4438789.124161507,0.011716971227291165,9
actual,1746046803.9375627,394682.8133027017,4438789.124015104,0.011699797187451497,9
actual,1746046804.037875,394682.8132771023,4438789.123877536,0.011704055790826276,9
actual,1746046804.1376107,394682.81322841975,4438789.123641969,0.01169194320581751,9
actual,1746046804.2374055,394682.8133159376,4438789.123409814,0.011709379045044812,9
actual,1746046804.337955,394682.81390890805,4438789.1250478495,0.011666915184343854,9
actual,1746046804.4374228,394682.81385657575,4438789.12511026,0.011685817100143098,9
actual,1746046804.5373895,394682.81382849975,4438789.125144188,0.011670109136875124,9
actual,1746046804.637833,394682.81381386524,4438789.12513902,0.01171910052897843,9
actual,1746046804.7376528,394682.8137828646,4438789.125213941,0.011721107657618366,9
actual,1746046804.8376548,394682.81318657973,4438789.124887087,0.011689953530470299,9
actual,1746046804.9379659,394682.81304885185,4438789.124804082,0.011746537104819958,9
actual,1746046805.0375009,394682.81297576736,4438789.124759897,0.01174774138200377,9
actual,1746046805.1374428,394682.8129043883,4438789.124673161,0.01178715091651376,9
actual,1746046805.238007,394682.8127805508,4438789.12466038,0.011758649689828725,9
actual,1746046805.337351,394682.8136837492,4438789.125207301,0.01166731661007179,9
actual,1746046805.4374776,394682.8136663785,4438789.125314248,0.011656129049566479,9
actual,1746046805.5375671,394682.8137034478,4438789.125364412,0.01168702137732691,9
actual,1746046805.6377466,394682.8137524709,4438789.125451974,0.011706464345194147,9
actual,1746046805.7376566,394682.8137154965,4438789.125597804,0.011686078899530734,9
actual,1746046805.8379655,394682.81401822454,4438789.124421651,0.011668904859691064,9
actual,1746046805.9377341,394682.8140376884,4438789.124427609,0.011667700582507252,9
actual,1746046806.0385041,394682.8140970876,4438789.124356195,0.011672639864290327,9
actual,1746046806.137486,394682.81412269006,4438789.124285221,0.011717250479971523,9
actual,1746046806.238101,394682.81409618974,4438789.124373477,0.011695398957736414,9
actual,1746046806.3377275,394682.812618164,4438789.123224333,0.011673303089406147,9
actual,1746046806.4383938,394682.81252773455,4438789.123079333,0.011665710907160043,9
actual,1746046806.538134,394682.8123434312,4438789.122938697,0.011660509825989086,9
actual,1746046806.6379604,394682.81208582164,4438789.122885457,0.011653598322151276,9
actual,1746046806.7381852,394682.81173811207,4438789.122779503,0.011648536867320373,9
actual,1746046806.8378162,394682.81316165964,4438789.123482607,0.011693409282389204,9
actual,1746046806.9374063,394682.81311387196,4438789.123383405,0.011718699103250494,9
actual,1746046807.0379968,394682.8131681981,4438789.1233490305,0.011704055790826276,9
actual,1746046807.1373937,394682.8133681052,4438789.123358507,0.011740149199757665,9
actual,1746046807.238284,394682.81356786494,4438789.12336971,0.011738822749526026,9
actual,1746046807.3379893,394682.8119573459,4438789.123301692,0.011716569801563229,9
actual,1746046807.4374866,394682.81174394727,4438789.123270927,0.011718035878134922,9
actual,1746046807.5380282,394682.81153530435,4438789.123224638,0.011766782924143071,9
actual,1746046807.6374376,394682.8114129326,4438789.123159471,0.011780763011451468,9
actual,1746046807.7378006,394682.81114322454,4438789.123119245,0.01177423548004912,9
actual,1746046807.837948,394682.8114529074,4438789.123713725,0.011683425999067703,9
actual,1746046807.9377751,394682.81131988,4438789.1237268755,0.011693147483001322,9
actual,1746046808.0380287,394682.81126834324,4438789.123770498,0.011665850533500097,9
actual,1746046808.137713,394682.81123339536,4438789.123784278,0.011695276784688836,9
actual,1746046808.2379906,394682.8111555528,4438789.123773256,0.01170192648913901,9
actual,1746046808.3374338,394682.81205176725,4438789.123163657,0.01169194320581751,9
actual,1746046808.4381566,394682.8120455502,4438789.123165897,0.011676235242549534,9
actual,1746046808.537616,394682.8120803301,4438789.123154705,0.011693671081777086,9
actual,1746046808.6379058,394682.81209964084,4438789.12295345,0.01174360495167657,9
actual,1746046808.7373805,394682.8120137643,4438789.12293319,0.011694212133845078,9
actual,1746046808.8378146,394682.8125119243,4438789.123034575,0.011615916663600612,9
actual,1746046808.9377415,394682.81263418053,4438789.123068074,0.011641869709577722,9
actual,1746046809.038087,394682.81281914853,4438789.123034206,0.011689150679014425,9
actual,1746046809.1375365,394682.81298377813,4438789.123198524,0.011686358152211092,9
actual,1746046809.2374902,394682.81301650795,4438789.123342053,0.011689953530470299,9
actual,1746046809.33762,394682.8135904223,4438789.122946807,0.011694613559573016,9
actual,1746046809.4376814,394682.81344682636,4438789.122851645,0.011685677473802796,9
actual,1746046809.5378442,394682.8131528946,4438789.12268472,0.011761058244196348,9
actual,1746046809.6379254,394682.8127270018,4438789.122608036,0.011775561930280511,9
actual,1746046809.738101,394682.81216183514,4438789.1225034725,0.011814447866014986,9
actual,1746046809.8374844,394682.81160926796,4438789.1237952495,0.011843874117203723,9
actual,1746046809.937763,394682.81099709857,4438789.124166339,0.011724441236489691,9
actual,1746046810.0385702,394682.81140135194,4438789.124399622,0.01172269590723764,9
actual,1746046810.1376503,394682.81223857496,4438789.124177808,0.011928697118850537,9
actual,1746046810.2376049,394682.81223126396,4438789.124228429,0.01188474972828541,9
actual,1746046810.3379014,394682.8112102578,4438789.124475469,0.011942153607383418,9
actual,1746046810.437466,394682.80996332224,4438789.122381967,0.011819648947185943,9
actual,1746046810.5374033,394682.8089046536,4438789.122108142,0.011824431149336487,9
actual,1746046810.6382523,394682.8085019263,4438789.121827678,0.011834030460222278,9
actual,1746046810.7374322,394682.80859650526,4438789.121625241,0.011844013743543779,9
actual,1746046810.8381026,394682.8077956963,4438789.122093397,0.011913914180086017,9
actual,1746046810.937448,394682.80791065114,4438789.121999052,0.01185825563024006,9
actual,1746046811.0376732,394682.8080680688,4438789.121856472,0.011933217521613198,9
actual,1746046811.1376572,394682.80814116827,4438789.121771932,0.011861711382158965,9
actual,1746046811.2381396,394682.8079708965,4438789.121592437,0.011890352235184302,9
actual,1746046811.337448,394682.81240160734,4438789.120127048,0.011849860596537832,9
actual,1746046811.437507,394682.81265053194,4438789.119678394,0.01185759240512424,9
actual,1746046811.5374868,394682.8130572442,4438789.119236256,0.011866650663942038,9
actual,1746046811.6374722,394682.81350885576,4438789.118817204,0.011863055285683079,9
actual,1746046811.7373633,394682.8139686801,4438789.118344035,0.011878100023835233,9
actual,1746046811.8375483,394682.8144492501,4438789.117890233,0.011861187783383447,9
actual,1746046811.9373837,394682.8102670851,4438789.12197298,0.0116932696560489,9
actual,1746046812.0374088,394682.81016230094,4438789.122036568,0.011671173787718881,9
actual,1746046812.1373951,394682.8099904512,4438789.122071945,0.011672762037338155,9
actual,1746046812.2374136,394682.8097814392,4438789.122030872,0.011667037357391432,9
actual,1746046812.3373888,394682.81134202494,4438789.123547002,0.011691681406429627,9
actual,1746046812.4374359,394682.8114388213,4438789.123627537,0.011700198613179435,9
actual,1746046812.5373926,394682.8115640076,4438789.123700642,0.011721770882734186,9
actual,1746046812.6379044,394682.81162736047,4438789.123840161,0.011685014248686976,9
actual,1746046812.7378705,394682.8117600133,4438789.123824565,0.011692484257885502,9
actual,1746046812.8379683,394682.81098009844,4438789.124615881,0.01169447393323296,9
actual,1746046812.9375117,394682.81091838994,4438789.124692453,0.01170419541716658,9
actual,1746046813.038058,394682.8108118102,4438789.124842156,0.011734948118586708,9
actual,1746046813.1379578,394682.8107547998,4438789.124894605,0.011753326435610188,9
actual,1746046813.2382114,394682.8106563422,4438789.124896591,0.011738019898070152,9
actual,1746046813.3374982,394682.8110767869,4438789.125082263,0.011652655844355098,9
actual,1746046813.43738,394682.8109929482,4438789.1252362905,0.011652795470695154,9
actual,1746046813.537607,394682.8109899555,4438789.125270821,0.011662115528900834,9
actual,1746046813.6374784,394682.81090929225,4438789.12530726,0.011658258351253992,9
actual,1746046813.737906,394682.81077327405,4438789.1253834255,0.011633352502828164,9
actual,1746046813.838343,394682.8101744499,4438789.1240508985,0.011662255155241137,9
actual,1746046813.9377193,394682.81010057504,4438789.123837498,0.011692868230320964,9
actual,1746046814.0379443,394682.8099108434,4438789.123757612,0.011645063662108993,9
actual,1746046814.1376693,394682.8097448213,4438789.123634172,0.01166544910777216,9
actual,1746046814.2376328,394682.8096860827,4438789.123426219,0.011699133962335677,9
actual,1746046814.3374362,394682.80960716464,4438789.123301919,0.011704335043506634,9
