type,timestamp,x,y,yaw,target_waypoint_idx
actual,1745690249.495886,394649.9998022526,4438783.0768610295,0.04097567080772412,0
actual,1745690249.496001,394649.9998022526,4438783.0768610295,0.04097567080772412,0
actual,1745690250.7607725,394649.99980654777,4438783.076872083,0.040970207927165284,0
actual,1745690250.7608197,394649.99980654777,4438783.076872083,0.040970207927165284,0
actual,1745690250.9100392,394650.003507766,4438783.077502513,0.04095741466374822,0
actual,1745690252.182306,394650.00403447996,4438783.0775937,0.04094516245239915,0
actual,1745690252.1823893,394650.00403447996,4438783.0775937,0.04094516245239915,0
actual,1745690253.6841276,394650.0011408746,4438783.077727174,0.040947571006767026,0
actual,1745690253.684209,394650.0011408746,4438783.077727174,0.040947571006767026,0
actual,1745690254.8246365,394650.0013949938,4438783.07723053,0.04095448251060484,0
actual,1745690254.8246882,394650.0013949938,4438783.07723053,0.04095448251060484,0
actual,1745690255.4431787,394650.0014168886,4438783.077283249,0.04097139475105662,0
actual,1745690255.4432244,394650.0014168886,4438783.077283249,0.04097139475105662,0
actual,1745690255.5433638,394650.0014655038,4438783.07576414,0.04090348398986159,0
actual,1745690255.643361,394649.9993692241,4438783.075786582,0.04098712016761707,0
actual,1745690255.743363,394649.9991361532,4438783.075762844,0.040992443421835605,0
actual,1745690255.8433456,394649.99890214385,4438783.075784855,0.040984711613249444,0
actual,1745690255.9433837,394649.99865996325,4438783.075835835,0.040988970216624225,0
actual,1745690256.0433552,394649.9984231434,4438783.075907509,0.040980051584146485,0
actual,1745690256.1433566,394650.0006496376,4438783.074935306,0.04096727577402189,0
actual,1745690256.2433803,394650.0007905059,4438783.07495005,0.04095769391642858,0
actual,1745690256.3433785,394650.0009413101,4438783.074953443,0.04095355748610138,0
actual,1745690256.4433608,394650.00116049347,4438783.074993139,0.04093851274794898,0
actual,1745690256.5433037,394650.0013409415,4438783.075040482,0.04095769391642858,0
actual,1745690256.6433764,394650.0002024001,4438783.074992569,0.040977259057343396,0
actual,1745690256.7445123,394650.00014653755,4438783.075038229,0.040973140080308675,0
actual,1745690256.8437493,394650.00014818145,4438783.075090962,0.04093304986739039,0
actual,1745690256.944338,394650.0001181563,4438783.075066336,0.04094849603127048,0
actual,1745690257.043385,394650.0000311667,4438783.075048269,0.04091854618130622,0
actual,1745690257.143446,394650.0017168552,4438783.074390423,0.040997243077278624,0
actual,1745690257.2433743,394650.00176592136,4438783.074423359,0.04099549774802658,0
actual,1745690257.3433611,394650.00176888943,4438783.074417906,0.04100961746167527,0
actual,1745690257.4433577,394650.0017663873,4438783.074484071,0.040978585507574786,0
actual,1745690257.5433543,394650.0017668866,4438783.074578406,0.040980714809262304,0
actual,1745690257.64337,394650.0008054996,4438783.074135435,0.040968864023641166,0
actual,1745690257.7433622,394650.0007295067,4438783.074147316,0.04098645694250125,0
actual,1745690257.8433728,394650.0006761975,4438783.07421107,0.04096008501750373,0
actual,1745690257.9433835,394650.00062781153,4438783.074253328,0.04097113295166874,0
actual,1745690258.0433724,394650.000580596,4438783.074284649,0.04095755429008828,0
actual,1745690258.1433709,394650.0007841681,4438783.074221552,0.0409799294110989,0
actual,1745690258.2433617,394650.00079799583,4438783.074252895,0.040975932607111756,0
actual,1745690258.3433554,394650.00076546456,4438783.074280007,0.04097952798537097,0
actual,1745690258.4433525,394650.00072632136,4438783.07434394,0.0409897730680801,0
actual,1745690258.5433571,394650.0007018708,4438783.074418483,0.040984851239589504,0
actual,1745690258.6434255,394650.0007789987,4438783.075408416,0.040935440968465533,0
actual,1745690258.7433805,394650.0008549974,4438783.075565361,0.04095289426098556,0
actual,1745690258.843389,394650.00089537277,4438783.075635007,0.040982861564242294,0
actual,1745690258.9433677,394650.0008248825,4438783.075791928,0.04098019121048679,0
actual,1745690259.043361,394650.00074375904,4438783.075974656,0.04098085443560236,0
actual,1745690259.1433847,394650.0015024535,4438783.07484761,0.04098937164235216,0
actual,1745690259.2433577,394650.00165473594,4438783.074727468,0.04103984656431989,0
actual,1745690259.3433874,394650.0017831288,4438783.074824907,0.04100335172966056,0
actual,1745690259.4433653,394650.0019312288,4438783.074732433,0.041023073950208155,0
actual,1745690259.5433621,394650.00205556303,4438783.074733874,0.041013352466274536,0
actual,1745690259.6434126,394650.0024614253,4438783.075477769,0.040975792980771704,0
actual,1745690259.743381,394650.00273522106,4438783.07555726,0.04097127257800904,0
actual,1745690259.8433902,394650.00297846785,4438783.075745646,0.04096221431919124,0
actual,1745690259.9433112,394650.0030952359,4438783.075866071,0.040974466530540064,0
actual,1745690260.0433693,394650.00315841765,4438783.076065133,0.04091388615220351,0
actual,1745690260.1433716,394650.00156328076,4438783.076765774,0.04092879126401536,0
actual,1745690260.2433672,394650.0010490839,4438783.076903446,0.04098246013851435,0
actual,1745690260.3434296,394650.0004182428,4438783.076942564,0.0410229343238681,0
actual,1745690260.4433687,394650.0001165654,4438783.077102575,0.04103386008498553,0
actual,1745690260.5433793,394650.0001702131,4438783.07716718,0.041009757088015575,0
actual,1745690260.6433578,394650.0006290074,4438783.076841409,0.041006423509144255,0
actual,1745690260.7433534,394650.00100282184,4438783.076861772,0.04091973300519756,0
actual,1745690260.843355,394650.0013388517,4438783.076646839,0.04098458944020162,0
actual,1745690260.9433548,394650.0015467068,4438783.076619841,0.04094970030845429,0
actual,1745690261.0433567,394650.00160441233,4438783.076570202,0.040975792980771704,0
actual,1745690261.1433725,394650.0010121596,4438783.07771461,0.04095715286436034,0
actual,1745690261.2433548,394650.0009439182,4438783.077697356,0.04099270522122349,0
actual,1745690261.3433545,394650.0008004039,4438783.077863957,0.040903100017426135,0
actual,1745690261.443354,394650.00070255966,4438783.077838585,0.040932124842886684,0
actual,1745690261.5433557,394650.00065750885,4438783.07782498,0.04093744809710547,0
actual,1745690261.643364,394649.99896033027,4438783.077690405,0.041002287078817055,0
actual,1745690261.743381,394649.9986209291,4438783.077665022,0.04097127257800904,0
actual,1745690261.8433616,394649.99825376144,4438783.07761956,0.040994834522911,0
actual,1745690261.943388,394649.9978555052,4438783.077645634,0.04095781608947616,0
actual,1745690262.0433972,394649.9974547309,4438783.077535363,0.041014015691390356,0
actual,1745690262.14341,394649.999271577,4438783.076355488,0.04101228781543078,0
actual,1745690262.243366,394649.99960867874,4438783.076157511,0.04104436696708255,0
actual,1745690262.3433614,394649.9999868904,4438783.076098449,0.041008413184491464,0
actual,1745690262.4434066,394650.0003270738,4438783.076125557,0.040995899173754756,0
actual,1745690262.5433674,394650.00054900185,4438783.076045819,0.040982058712786415,0
actual,1745690262.6433861,394649.99934667675,4438783.07650778,0.040952754634645254,0
actual,1745690262.743398,394649.9991071789,4438783.07646063,0.040988848043576644,0
actual,1745690262.8433611,394649.9989473787,4438783.0763770435,0.04096926544936911,0
actual,1745690262.9433265,394649.9988386178,4438783.076254552,0.04097006830082523,0
actual,1745690263.0433605,394649.99868691264,4438783.076190216,0.040948234231882596,0
actual,1745690263.1433563,394649.99924141396,4438783.077652283,0.04096141146773512,0
actual,1745690263.2433548,394649.9992264345,4438783.0776778795,0.04093252626861462,0
actual,1745690263.3433526,394649.9991933912,4438783.077713422,0.040954360337557255,0
actual,1745690263.4433563,394649.9991416992,4438783.077783341,0.04091095399906012,0
actual,1745690263.5434303,394649.99904330797,4438783.077798075,0.04091920940642204,0
actual,1745690263.6433628,394649.99877244857,4438783.077924614,0.04097699725795551,0
actual,1745690263.7434847,394649.99874650495,4438783.077903866,0.040967537573409776,0
actual,1745690263.8433652,394649.99871605716,4438783.077894882,0.04097832370818715,0
actual,1745690263.9433649,394649.99866319663,4438783.077914734,0.04098844661784871,0
actual,1745690264.043354,394649.9985834118,4438783.077947639,0.040983385163017805,0
actual,1745690264.1433525,394649.99988309114,4438783.076557858,0.04097806190879927,0
actual,1745690264.243381,394649.99997942185,4438783.0764796855,0.040984711613249444,0
actual,1745690264.3434732,394650.0000760956,4438783.076400439,0.0409674154003622,0
actual,1745690264.4433737,394650.00017387146,4438783.076360231,0.04093891417367691,0
actual,1745690264.5433662,394650.0002571057,4438783.076306708,0.04093371309250621,0
actual,1745690264.643359,394649.99944793974,4438783.077441924,0.04096434362087851,0
actual,1745690264.7433572,394649.999361854,4438783.077472674,0.04096633329622597,0
actual,1745690264.8433874,394649.99927713076,4438783.077447052,0.040943975628507816,0
actual,1745690264.943357,394649.99915620947,4438783.077412607,0.040937709896493105,0
actual,1745690265.043417,394649.9990404998,4438783.07763296,0.04071254496969332,0
actual,1745690265.143373,394650.00031939114,4438783.076673222,0.040702422060031766,0
actual,1745690265.243367,394650.00038477633,4438783.0766369095,0.04062999089607408,0
actual,1745690265.3433664,394650.0004566645,4438783.076541802,0.040666468277440686,0
actual,1745690265.443367,394650.0005938888,4438783.076459629,0.04070121778284796,0
actual,1745690265.5433588,394650.0007641869,4438783.076385718,0.0407182696496398,0
actual,1745690265.6433587,394650.0004545986,4438783.077034806,0.04101108353824697,0
actual,1745690265.7433786,394650.00046439155,4438783.077072584,0.041016144993077874,0
actual,1745690265.8433719,394650.0004781631,4438783.077114177,0.041027995778698756,0
actual,1745690265.9433658,394650.0006366373,4438783.077213814,0.04101307321359418,0
actual,1745690266.0434203,394650.0009279596,4438783.077348529,0.04103532616155722,0
actual,1745690266.1433628,394650.0011736902,4438783.077447421,0.04096301717064712,0
actual,1745690266.2434466,394650.0013805152,4438783.077602689,0.04093997882452067,0
actual,1745690266.3433073,394650.0016821583,4438783.077526786,0.040959282166047856,0
actual,1745690266.443357,394650.00148842856,4438783.077475379,0.04101867572049307,0
actual,1745690266.543357,394650.0006592637,4438783.07775376,0.040948234231882596,0
actual,1745690266.6433713,394650.00405414955,4438783.0750275785,0.041093899411254096,0
actual,1745690266.7434082,394650.00498928677,4438783.074382956,0.041364477805190696,0
actual,1745690266.8433557,394650.0059525082,4438783.073814544,0.04147581235817558,0
actual,1745690266.9433699,394650.0065179069,4438783.0734807225,0.04144464077773479,0
actual,1745690267.0433564,394650.0072152727,4438783.073344196,0.04134465086488825,0
actual,1745690267.1433582,394649.99906050303,4438783.075697266,0.04140750017125237,0
actual,1745690267.2433512,394649.9985169895,4438783.075690323,0.041311088183372306,0
actual,1745690267.3433614,394649.99781318964,4438783.075724694,0.0413795225433431,0
actual,1745690267.443373,394649.99697877024,4438783.0757647855,0.04130936030741273,0
actual,1745690267.5434203,394649.9960466291,4438783.075514114,0.04141547632593418,0
actual,1745690267.6434329,394650.0028913574,4438783.078052633,0.04106794636527698,0
actual,1745690267.7433705,394650.0033252055,4438783.078247291,0.04106021455669058,0
actual,1745690267.8433561,394650.00371220487,4438783.078404043,0.04105716023049961,0
actual,1745690267.9433632,394650.0040517569,4438783.078771798,0.041002164905769224,0
actual,1745690268.0433583,394650.0042843176,4438783.079000449,0.04099750487666651,0
actual,1745690268.1434178,394650.00199341227,4438783.0771452235,0.04095954396543549,0
actual,1745690268.24337,394650.00187622814,4438783.077116729,0.040931461617771114,0
actual,1745690268.343414,394650.00191585906,4438783.077117092,0.040866203757038866,0
actual,1745690268.4433641,394650.00191923924,4438783.076947755,0.04088671137574986,0
actual,1745690268.5433865,394650.0016858783,4438783.076877776,0.04087992204495963,0
actual,1745690268.643385,394650.00089736143,4438783.078030231,0.04097832370818715,0
actual,1745690268.7433877,394650.00078538375,4438783.078063391,0.0409708711522811,0
actual,1745690268.8433897,394650.000691627,4438783.078045439,0.04097193580312486,0
actual,1745690268.9433568,394650.000559419,4438783.078060737,0.040942509551936124,0
actual,1745690269.0434418,394650.00040316593,4438783.0780095495,0.04094504027935157,0
actual,1745690269.1433864,394650.0013241803,4438783.078236366,0.04100256633149716,0
actual,1745690269.2434547,394650.0013931311,4438783.078297648,0.040993769872067244,0
actual,1745690269.343374,394650.0014600844,4438783.078282077,0.040977259057343396,0
actual,1745690269.4433854,394650.00146558846,4438783.078256083,0.041010018887403216,0
actual,1745690269.5434012,394650.00149422773,4438783.078366932,0.04098045300987442,0
actual,1745690269.6434538,394650.0013840677,4438783.077938243,0.04092093728238137,0
actual,1745690269.7433803,394650.0014146929,4438783.077819615,0.040954360337557255,0
actual,1745690269.8434029,394650.0014630164,4438783.077685102,0.04094996210784217,0
actual,1745690269.9434195,394650.0015801121,4438783.077839183,0.040915614028162836,0
actual,1745690270.0434,394650.0017837357,4438783.077763163,0.041000297403469596,0
actual,1745690270.1433697,394650.0020413591,4438783.077066676,0.04101907714622101,0
actual,1745690270.243373,394650.0021004495,4438783.076857968,0.04104703732083805,0
actual,1745690270.3433652,394650.0020972362,4438783.076681107,0.041011223164587274,0
actual,1745690270.4433157,394650.00207162317,4438783.076405739,0.04105688097781925,0
actual,1745690270.5434036,394650.0020459081,4438783.076228815,0.04102454002677985,0
actual,1745690270.6433072,394650.00196672993,4438783.075482543,0.04090669539568534,0
actual,1745690270.7433696,394650.00201029354,4438783.075413227,0.04082066811685447,0
actual,1745690270.8433843,394650.00205151876,4438783.075292244,0.04076659781662753,0
actual,1745690270.9433205,394650.0021574306,4438783.075160481,0.04075048842763162,0
actual,1745690271.0433838,394650.00445327745,4438783.075093133,0.04063358627433304,0
actual,1745690271.143389,394650.00777611847,4438783.075869714,0.04089163320424046,0
actual,1745690271.2433612,394650.01513893955,4438783.075960972,0.040873935565625276,0
actual,1745690271.3433704,394650.02628149255,4438783.076132674,0.04108632468230047,0
actual,1745690271.4433913,394650.04276650597,4438783.076483804,0.0414547636873966,0
actual,1745690271.543492,394650.0657251809,4438783.076915872,0.0421498585152957,0
actual,1745690271.64338,394650.0932189642,4438783.077041909,0.04356505873927533,0
actual,1745690271.7433686,394650.13102238445,4438783.0776792355,0.04564337935925764,0
actual,1745690271.8433654,394650.177911769,4438783.078677007,0.04844796638757985,0
actual,1745690271.9434276,394650.23451863765,4438783.0799041195,0.05238064697792851,0
actual,1745690272.0434093,394650.30141554156,4438783.081626885,0.05744384713796423,0
actual,1745690272.143393,394650.379829444,4438783.088777007,0.06360906564100147,0
actual,1745690272.2432878,394650.4690708843,4438783.093184328,0.07130720682606527,0
actual,1745690272.3433769,394650.5708416576,4438783.09877277,0.08040056421517347,0
actual,1745690272.4434085,394650.6851543457,4438783.105986886,0.09126080567253818,0
actual,1745690272.5433757,394650.81244460726,4438783.115688201,0.1038145401031128,0
actual,1745690272.6433759,394650.9546299897,4438783.12823753,0.1182946816955765,0
actual,1745690272.7433627,394651.10757115204,4438783.143958389,0.1351775308027979,0
actual,1745690272.8433883,394651.2732639617,4438783.164160465,0.1540701265436908,0
actual,1745690272.9433935,394651.45117238455,4438783.188521418,0.17590060010788072,0
actual,1745690273.043513,394651.6408720163,4438783.219346093,0.19997010420957664,0
actual,1745690273.1433864,394651.8362305578,4438783.264691438,0.22664753163948,0
actual,1745690273.2433827,394652.03380476055,4438783.308091714,0.2546792996623461,0
actual,1745690273.3433743,394652.22851257055,4438783.357308545,0.2830159941588279,0
actual,1745690273.44342,394652.4216677192,4438783.411832391,0.31297708404343344,0
actual,1745690273.543415,394652.6122892447,4438783.473306813,0.34393353520045133,0
actual,1745690273.6433878,394652.80802658736,4438783.541987629,0.37470569704175116,0
actual,1745690273.7433612,394652.9921232256,4438783.614752576,0.4070757601731294,0
actual,1745690273.8433757,394653.1732379803,4438783.692777268,0.440439578874008,0
actual,1745690273.9433866,394653.34975626756,4438783.775746456,0.4740368877222187,0
actual,1745690274.0434012,394653.52251347655,4438783.864056585,0.5088504641662664,0
actual,1745690274.1433644,394653.67858612293,4438783.946330125,0.5444356157660359,0
actual,1745690274.2433898,394653.8401901524,4438784.043581578,0.5801023964149212,0
actual,1745690274.3433597,394653.99659808417,4438784.144936766,0.6165886440542029,0
actual,1745690274.443391,394654.14728680544,4438784.251802493,0.6531512498482591,0
actual,1745690274.5434928,394654.29150362045,4438784.362363927,0.6902877548069564,0
actual,1745690274.643382,394654.4409965747,4438784.4701902,0.7286989260782625,0
actual,1745690274.7433898,394654.57607149275,4438784.588481941,0.7672987848950017,0
actual,1745690274.8434017,394654.7053931586,4438784.709870165,0.8076037256711843,0
actual,1745690274.943367,394654.8279594653,4438784.83501506,0.848260420104814,0
actual,1745690275.043359,394654.94366355956,4438784.962866031,0.8896992663894322,0
actual,1745690275.1433864,394655.0564900299,4438785.092374726,0.9319139638864395,0
actual,1745690275.2433558,394655.1576227016,4438785.225102467,0.9742383204203496,0
actual,1745690275.3433733,394655.2510144112,4438785.359215465,1.0170618236670377,0
actual,1745690275.4433975,394655.33694909065,4438785.494620821,1.0600619193274423,0
actual,1745690275.5434222,394655.4159283288,4438785.630347267,1.1028645833428616,0
actual,1745690275.643389,394655.4876665495,4438785.766814732,1.1460825833603778,0
actual,1745690275.7433913,394655.54767251224,4438785.890373942,1.1894023011667005,0
actual,1745690275.8433623,394655.6033455751,4438786.024103215,1.2323909125606272,0
actual,1745690275.9433904,394655.6516564463,4438786.156797162,1.2752472978104226,0
actual,1745690276.0433059,394655.69336192386,4438786.288326746,1.3177908851516758,0
actual,1745690276.1433575,394655.73698940774,4438786.426626114,1.360028481368469,0
actual,1745690276.2434587,394655.76720372366,4438786.555608492,1.4025224664523808,0
actual,1745690276.3434107,394655.7912527848,4438786.682568234,1.44514159164366,0
actual,1745690276.443374,394655.8097158066,4438786.807039487,1.4878554707600302,0
actual,1745690276.5433724,394655.8222700931,4438786.928789696,1.5298708691097525,0
actual,1745690276.6433678,394655.82870116516,4438787.05014063,1.5706947137258456,0
actual,1745690276.7433577,394655.8315701996,4438787.16638699,1.6109344315478806,0
actual,1745690276.8434703,394655.82978482265,4438787.279127965,1.6496093918823334,0
actual,1745690276.9433637,394655.82373189897,4438787.387900632,1.6870001738597535,0
actual,1745690277.043391,394655.81408882735,4438787.493507956,1.7236676390352696,0
actual,1745690277.143386,394655.79703070386,4438787.597177515,1.7585507843033026,0
actual,1745690277.243468,394655.7796391983,4438787.695763394,1.7920022185326314,0
actual,1745690277.343318,394655.7592109606,4438787.791001643,1.8231931546746547,0
actual,1745690277.4434023,394655.7369741553,4438787.883423798,1.853379025513624,0
actual,1745690277.5433645,394655.712630432,4438787.972621298,1.881810404122027,0
actual,1745690277.6433892,394655.6866994577,4438788.055358335,1.9088366879628194,0
actual,1745690277.7433095,394655.6593323162,4438788.137586101,1.9345223494985693,0
actual,1745690277.8433743,394655.63135853515,4438788.215308347,1.959316374679353,0
actual,1745690277.9433732,394655.6031005599,4438788.28792162,1.9825876175410644,0
actual,1745690278.043368,394655.57506519445,4438788.354608411,2.004168805728192,0
actual,1745690278.1433702,394655.5414556793,4438788.429485299,2.0243252118337467,0
actual,1745690278.2433612,394655.5144126122,4438788.486703609,2.0425374956855045,0
actual,1745690278.3433788,394655.48895505414,4438788.538841066,2.0593383143178823,0
actual,1745690278.4433646,394655.4650028751,4438788.585713424,2.074476794104198,0
actual,1745690278.5433564,394655.44287122745,4438788.627378325,2.087944923983185,0
actual,1745690278.6434011,394655.4267256404,4438788.654122433,2.099623428153762,0
actual,1745690278.7434535,394655.409733898,4438788.683749207,2.1096917613696196,0
actual,1745690278.8433754,394655.3953960589,4438788.708129368,2.118052499351911,0
actual,1745690278.9433618,394655.3838206261,4438788.727320951,2.1246454107881485,0
actual,1745690279.0433946,394655.37518568005,4438788.741451357,2.1296436323401324,0
actual,1745690279.1435251,394655.36903521564,4438788.753380136,2.1330418233003505,0
actual,1745690279.2433982,394655.3658440963,4438788.758410313,2.134703638547637,0
actual,1745690279.3432803,394655.36545316764,4438788.758504378,2.1346482417971786,0
actual,1745690279.4433913,394655.36680103734,4438788.756453306,2.1345044441201066,0
actual,1745690279.5433598,394655.3678142816,4438788.753979226,2.1336942971879167,0
actual,1745690279.643425,394655.37190484884,4438788.751755937,2.1328490167778824,0
actual,1745690279.7434022,394655.3732274621,4438788.749719135,2.1320852257906253,0
actual,1745690279.8433807,394655.3743592526,4438788.748168009,2.1315137177270596,0
actual,1745690279.9433548,394655.3752847391,4438788.747062451,2.131119552568789,0
actual,1745690280.043388,394655.37577654404,4438788.746460184,2.1308564441840514,0
actual,1745690280.1433632,394655.3779481972,4438788.743387994,2.1308607027874253,0
actual,1745690280.2433982,394655.3781358386,4438788.74324721,2.1307445860322907,0
actual,1745690280.3433914,394655.37866814213,4438788.742950052,2.1307877305714005,0
actual,1745690280.4434085,394655.37921262265,4438788.742473674,2.1307935948776873,0
actual,1745690280.5433717,394655.37967404485,4438788.742139528,2.1307850602176446,0
actual,1745690280.6433623,394655.3747657471,4438788.743408917,2.1308921187139616,0
actual,1745690280.7433622,394655.3745136479,4438788.743166337,2.1309448625639575,0
actual,1745690280.8433807,394655.37417764013,4438788.742896567,2.130922487442947,0
actual,1745690280.9433842,394655.37379259267,4438788.742738417,2.1309411275593577,0
actual,1745690281.043444,394655.3733700114,4438788.742542835,2.13090810592991,0
actual,1745690281.1433356,394655.3766291805,4438788.742355551,2.1307610968470145,0
actual,1745690281.243398,394655.37668797415,4438788.742237605,2.130726486967948,0
actual,1745690281.3433964,394655.3767793494,4438788.742121778,2.1307397863768482,0
actual,1745690281.4433904,394655.3769108546,4438788.741969932,2.13074990928651,0
actual,1745690281.5433953,394655.37701911444,4438788.741805261,2.1307429977826717,0
actual,1745690281.6433575,394655.37474243005,4438788.742196706,2.1307605732482395,0
actual,1745690281.7433615,394655.37460647844,4438788.74213929,2.1307664201012337,0
actual,1745690281.843384,394655.37447610905,4438788.742079072,2.1307637672007704,0
actual,1745690281.9434087,394655.374307896,4438788.742038523,2.1307797369634254,0
actual,1745690282.0433645,394655.3741186687,4438788.742011678,2.130787206972624,0
actual,1745690282.14336,394655.3753637065,4438788.741822551,2.130814364295786,0
actual,1745690282.2433872,394655.3754102338,4438788.741795091,2.1307983770798375,0
actual,1745690282.343388,394655.3754414128,4438788.741763092,2.1307877305714005,0
actual,1745690282.4433882,394655.3755044542,4438788.741705803,2.130773890110432,0
actual,1745690282.543398,394655.37565102754,4438788.741652885,2.130790400925156,0
actual,1745690282.6433737,394655.3753203035,4438788.739865953,2.1307722844075196,0
actual,1745690282.7434175,394655.37538093695,4438788.7396939,2.130804782438192,0
actual,1745690282.8433778,394655.3754641786,4438788.739496229,2.1308511209298326,0
actual,1745690282.9434276,394655.37546896306,4438788.739297339,2.1308244872054467,0
actual,1745690283.0434215,394655.37546191114,4438788.739132123,2.1307919891747753,0
actual,1745690283.1433616,394655.37443973153,4438788.740179204,2.130739262778072,0
actual,1745690283.2433546,394655.3743717404,4438788.740194563,2.13072221091128,0
actual,1745690283.3433561,394655.3743465877,4438788.7402455015,2.130737133476385,0
actual,1745690283.4433756,394655.3743110738,4438788.7403385425,2.1307525796402644,0
actual,1745690283.5433946,394655.3742690489,4438788.740414383,2.130733398471785,0
actual,1745690283.6433642,394655.3747937617,4438788.740194153,2.1307781487138064,0
actual,1745690283.743388,394655.3748091101,4438788.740158653,2.1307744137092075,0
actual,1745690283.8433585,394655.37483362085,4438788.74008189,2.1307781487138064,0
actual,1745690283.943358,394655.3748603638,4438788.740025171,2.130810105692411,0
actual,1745690284.0433905,394655.37485338416,4438788.739984076,2.1307930538256183,0
actual,1745690284.1433656,394655.37487695727,4438788.739773456,2.1307360688255406,0
actual,1745690284.2433732,394655.3749345576,4438788.739797526,2.130720622661661,0
actual,1745690284.3433676,394655.3749866426,4438788.739853266,2.130718493359974,0
actual,1745690284.4434197,394655.3750433262,4438788.739935409,2.130738198127229,0
actual,1745690284.5434194,394655.3750680938,4438788.740033065,2.130730204519254,0
actual,1745690284.64336,394655.375607588,4438788.739560138,2.1307568382436397,0
actual,1745690284.7433553,394655.37564921624,4438788.739530706,2.13076535545039,0
actual,1745690284.8433707,394655.3756605467,4438788.739488637,2.130762161497859,0
actual,1745690284.9433627,394655.375638428,4438788.739435186,2.13073765707516,0
actual,1745690285.0433676,394655.3756352487,4438788.7393578105,2.1307307455713227,0
actual,1745690285.1433315,394655.3749949949,4438788.741069798,2.1307664201012337,0
actual,1745690285.243395,394655.3749331654,4438788.741192145,2.130750973937353,0
actual,1745690285.3433614,394655.3748641752,4438788.741300809,2.1307328748730097,0
actual,1745690285.443389,394655.37478525867,4438788.741392617,2.130721687312505,0
actual,1745690285.5434248,394655.3746752971,4438788.741503197,2.130695594640187,0
actual,1745690285.643371,394655.37505753955,4438788.741496449,2.1307696140537646,0
actual,1745690285.7433326,394655.3750311398,4438788.741464806,2.1307829309159576,0
actual,1745690285.843367,394655.374986746,4438788.741463281,2.1307616378990826,0
actual,1745690285.9433782,394655.3749675763,4438788.741456016,2.1307552325407277,0
actual,1745690286.0433667,394655.3749871686,4438788.741473633,2.1307584439465512,0
actual,1745690286.1433597,394655.37479038746,4438788.742157957,2.130774954761275,0
actual,1745690286.243356,394655.3746982564,4438788.742202672,2.130789336274312,0
actual,1745690286.343398,394655.3746652339,4438788.742231592,2.1307685494029207,0
actual,1745690286.4433637,394655.37453546503,4438788.74225005,2.1307099586999314,0
actual,1745690286.5433934,394655.3743825352,4438788.742213343,2.130683342428838,0
actual,1745690286.64336,394655.3748208544,4438788.744379989,2.130739262778072,0
actual,1745690286.7433674,394655.3749295813,4438788.744489973,2.1307568382436397,0
actual,1745690286.8433797,394655.3749969505,4438788.744574762,2.1307563146448643,0
actual,1745690286.943364,394655.3751403138,4438788.7446259055,2.1307525796402644,0
actual,1745690287.043361,394655.3752458348,4438788.744668549,2.1307733490583636,0
actual,1745690287.1433585,394655.37474165607,4438788.743794792,2.1307690904549883,0
actual,1745690287.2433915,394655.37465827446,4438788.74378446,2.130754167889884,0
actual,1745690287.343358,394655.3745654137,4438788.743749472,2.130733398471785,0
actual,1745690287.4433844,394655.37450924056,4438788.743722963,2.13073765707516,0
actual,1745690287.5433729,394655.37449122965,4438788.743692296,2.1307637672007704,0
actual,1745690287.6433766,394655.37534592755,4438788.7439676225,2.130812234994098,0
actual,1745690287.7433684,394655.375367987,4438788.743943506,2.1308356747659527,0
actual,1745690287.8433108,394655.37536260235,4438788.743948268,2.1308484505760767,0
actual,1745690287.943367,394655.3753194229,4438788.743938587,2.1308553795332075,0
actual,1745690288.043361,394655.37526921125,4438788.743926024,2.1308612263862017,0
actual,1745690288.1433854,394655.37654739514,4438788.743425954,2.1308351337138838,0
actual,1745690288.2435684,394655.37660010124,4438788.743353609,2.130825010804223,0
actual,1745690288.3434534,394655.37671856204,4438788.743266153,2.130826616507135,0
actual,1745690288.443364,394655.37686405424,4438788.743200304,2.130858032433671,0
actual,1745690288.5433621,394655.3769344688,4438788.74313592,2.130826075455066,0
actual,1745690288.6433537,394655.3755709161,4438788.743618399,2.1307627025499265,0
actual,1745690288.743303,394655.3755303296,4438788.7435592385,2.130762161497859,0
actual,1745690288.843353,394655.3754965444,4438788.743532712,2.1307658965024574,0
actual,1745690288.943354,394655.3754504027,4438788.743492512,2.1307648318516135,0
actual,1745690289.043376,394655.3753815448,4438788.743461019,2.1307584439465512,0
actual,1745690289.1433704,394655.3766583463,4438788.743665504,2.1307658965024574,0
actual,1745690289.2433622,394655.37673437636,4438788.743630775,2.1307722844075196,0
actual,1745690289.3433607,394655.3767947913,4438788.743591109,2.1307568382436397,0
actual,1745690289.4433565,394655.37683418475,4438788.743528242,2.1307025061440252,0
actual,1745690289.543353,394655.3768761879,4438788.743473169,2.1306950535881195,0
actual,1745690289.6433036,394655.37735858816,4438788.744179828,2.1307696140537646,0
actual,1745690289.743381,394655.377403165,4438788.744211785,2.1307744137092075,0
actual,1745690289.843377,394655.3774936277,4438788.744218444,2.130813299644942,0
actual,1745690289.9434211,394655.3775629702,4438788.744211581,2.130812758592873,0
actual,1745690290.0433898,394655.37760074856,4438788.744180968,2.1307983770798375,0
actual,1745690290.1434205,394655.3758868762,4438788.7435865095,2.130757379295708,0
actual,1745690290.243402,394655.3757435225,4438788.7435604185,2.1307824073171813,0
actual,1745690290.3433602,394655.37557772466,4438788.743496253,2.1307866659205565,0
actual,1745690290.4433553,394655.37540955853,4438788.743428315,2.130804782438192,0
actual,1745690290.5433605,394655.3752336519,4438788.743356179,2.130805847089036,0
actual,1745690290.6433685,394655.3752689937,4438788.742279214,2.1308409980201706,0
actual,1745690290.7433982,394655.3751773435,4438788.742160373,2.1308340690630407,0
actual,1745690290.8433676,394655.37503024464,4438788.742025944,2.130817034649541,0
actual,1745690290.9433591,394655.3748664385,4438788.741877927,2.130829269407597,0
actual,1745690291.0433564,394655.37467316876,4438788.741719079,2.130801588485661,0
actual,1745690291.1433883,394655.37556950795,4438788.741342841,2.1307706787046077,0
actual,1745690291.2433972,394655.3755684502,4438788.7412720965,2.1307754783600514,0
actual,1745690291.3433867,394655.37553798116,4438788.741187641,2.130754167889884,0
actual,1745690291.443389,394655.37551034684,4438788.7410782995,2.130732333820942,0
actual,1745690291.5433798,394655.3754883134,4438788.740958677,2.130752038588197,0
actual,1745690291.6433785,394655.37505364325,4438788.740786637,2.130784536618869,0
actual,1745690291.7433593,394655.37496655516,4438788.740723289,2.130797853481062,0
actual,1745690291.843359,394655.3748365013,4438788.740665644,2.1308074353386552,0
actual,1745690291.9433544,394655.37469986145,4438788.7406118605,2.130809564640342,0
actual,1745690292.0434306,394655.3746084907,4438788.740548348,2.130828204756754,0
actual,1745690292.1432989,394655.37501736404,4438788.7419786835,2.130819163951229,0
actual,1745690292.2434003,394655.3749916803,4438788.742074316,2.130802112084436,0
actual,1745690292.3433702,394655.3749590479,4438788.742145445,2.130807976390723,0
actual,1745690292.4433558,394655.3749501132,4438788.74220317,2.130837263015572,0
actual,1745690292.5433567,394655.3749255495,4438788.742279092,2.130826075455066,0
actual,1745690292.64337,394655.3745807054,4438788.743134216,2.130801047433593,0
actual,1745690292.7433577,394655.37452050246,4438788.743201784,2.130810629291186,0
actual,1745690292.8433552,394655.3744140761,4438788.743314165,2.1307930538256183,0
actual,1745690292.9433582,394655.3742927321,4438788.743487269,2.1307696140537646,0
actual,1745690293.0434098,394655.3741894609,4438788.743718216,2.1307701551058327,0
actual,1745690293.143425,394655.3752138743,4438788.742775938,2.1307712197566766,0
actual,1745690293.2433631,394655.37524393207,4438788.742759266,2.1307802780154943,0
actual,1745690293.3433628,394655.3752511138,4438788.742731755,2.1307712197566766,0
actual,1745690293.443285,394655.37527444365,4438788.74269,2.1307701551058327,0
actual,1745690293.5433884,394655.37531021575,4438788.7425966505,2.130812758592873,0
actual,1745690293.6434155,394655.37461002934,4438788.74355233,2.130812758592873,0
actual,1745690293.743394,394655.3746274591,4438788.743556084,2.130821816851692,0
actual,1745690293.843362,394655.37466548214,4438788.743535195,2.130819163951229,0
actual,1745690293.9434419,394655.37466810155,4438788.743492075,2.1307957241793742,0
actual,1745690294.0432768,394655.3747274975,4438788.74343989,2.1308356747659527,0
actual,1745690294.1433563,394655.3756824895,4438788.742638942,2.1307983770798375,0
actual,1745690294.2433546,394655.37584584235,4438788.7425284535,2.130830334058441,0
actual,1745690294.3433874,394655.37596092036,4438788.742384511,2.1308234225546037,0
actual,1745690294.4433537,394655.3760310495,4438788.742223692,2.1308090410415668,0
actual,1745690294.543357,394655.37616458547,4438788.742050467,2.130808499989499,0
actual,1745690294.6433964,394655.3749533634,4438788.744108487,2.1307898598730874,0
actual,1745690294.7433655,394655.37490170274,4438788.744102654,2.1307829309159576,0
actual,1745690294.8433971,394655.37488411774,4438788.744113965,2.1307973124289936,0
actual,1745690294.943357,394655.3749389581,4438788.744068674,2.130816493597473,0
actual,1745690295.0433958,394655.37496802176,4438788.744083592,2.1307935948776873,0
actual,1745690295.1433656,394655.37510217575,4438788.744053153,2.1307525796402644,0
actual,1745690295.2433646,394655.37511779665,4438788.744058973,2.1307877305714005,0
actual,1745690295.3433871,394655.37515137054,4438788.744012511,2.130796788830218,0
actual,1745690295.4434094,394655.37519943994,4438788.744004465,2.1307983770798375,0
actual,1745690295.5433948,394655.3752414372,4438788.743987697,2.1307792133646504,0
actual,1745690295.6433833,394655.3748201671,4438788.743916627,2.130737133476385,0
actual,1745690295.74336,394655.37477831275,4438788.743882466,2.1307067647474005,0
actual,1745690295.8434036,394655.3747658561,4438788.743899367,2.130727010566723,0
actual,1745690295.943379,394655.37470780656,4438788.7439002,2.130719558010817,0
actual,1745690296.0433924,394655.37465079996,4438788.743946503,2.130735527773473,0
actual,1745690296.1433842,394655.37486172334,4438788.744003654,2.1307957241793742,0
actual,1745690296.2434242,394655.37484723254,4438788.744097212,2.1307776076617384,0
actual,1745690296.3433642,394655.3748956381,4438788.744151621,2.13081862289916,0
actual,1745690296.4434006,394655.37493163446,4438788.7442449415,2.130845780222321,0
actual,1745690296.5433984,394655.37498700345,4438788.744367468,2.1308899894122746,0
actual,1745690296.643364,394655.3745533603,4438788.742737507,2.1308361983647277,0
actual,1745690296.743394,394655.3746255743,4438788.742635717,2.1308420626710145,0
actual,1745690296.8433573,394655.37468715274,4438788.742572444,2.1308607027874253,0
actual,1745690296.9433658,394655.3747601252,4438788.74249471,2.1308708256970874,0
actual,1745690297.0433612,394655.37482613744,4438788.742380715,2.130866567093712,0
actual,1745690297.1433938,394655.3737709338,4438788.743039509,2.1307824073171813,0
actual,1745690297.2434068,394655.3736793249,4438788.743068956,2.1307664201012337,0
actual,1745690297.343445,394655.3735864175,4438788.743114554,2.130740327428916,0
actual,1745690297.4434066,394655.3735259472,4438788.743185059,2.130720081609593,0
actual,1745690297.5434024,394655.37348986254,4438788.743277302,2.130735004174698,0
actual,1745690297.6433954,394655.37402614125,4438788.742461901,2.13076535545039,0
actual,1745690297.7434132,394655.3740945225,4438788.742459633,2.130809564640342,0
actual,1745690297.8433964,394655.3741223394,4438788.742471787,2.130812758592873,0
actual,1745690297.943312,394655.3741658314,4438788.742505146,2.130819687550004,0
actual,1745690298.0433574,394655.3742298513,4438788.742564195,2.130826075455066,0
actual,1745690298.1433864,394655.3758770878,4438788.74132341,2.130804782438192,0
actual,1745690298.2433562,394655.3760880318,4438788.741264837,2.130832480813422,0
actual,1745690298.3433545,394655.37630307954,4438788.741157015,2.130827681157978,0
actual,1745690298.4433835,394655.37654757604,4438788.741071222,2.13083087511051,0
actual,1745690298.543353,394655.3767885937,4438788.741019534,2.130811170343254,0
actual,1745690298.6433592,394655.37603002635,4438788.741208096,2.130798918131905,0
actual,1745690298.7433646,394655.3761111094,4438788.741224605,2.130810629291186,0
actual,1745690298.8433955,394655.3762072412,4438788.741246896,2.130813299644942,0
actual,1745690298.9433925,394655.37635159126,4438788.741297149,2.130816493597473,0
actual,1745690299.0433922,394655.37651636446,4438788.741351432,2.1307973124289936,0
actual,1745690299.1433008,394655.37607821904,4438788.741920931,2.1307461917352026,0
actual,1745690299.2434058,394655.37617356837,4438788.74201323,2.1307419331318274,0
actual,1745690299.3433633,394655.37633983116,4438788.742119064,2.1307701551058327,0
actual,1745690299.443397,394655.37649884506,4438788.742196431,2.130732333820942,0
actual,1745690299.5434027,394655.37665223924,4438788.742298891,2.130712105454911,0
actual,1745690299.6433144,394655.37616930204,4438788.74180827,2.1307328748730097,0
actual,1745690299.7433913,394655.37626986904,4438788.741863409,2.1307669611533013,0
actual,1745690299.843356,394655.37634306494,4438788.741946675,2.1307467153339776,0
actual,1745690299.9433959,394655.3764488679,4438788.742036236,2.1307760194121195,0
actual,1745690300.0433877,394655.3765754989,4438788.742101897,2.1307973124289936,0
actual,1745690300.1433842,394655.37587209634,4438788.741003867,2.1308005063815245,0
actual,1745690300.2433848,394655.3758754424,4438788.7409623815,2.1307994417306815,0
actual,1745690300.3433616,394655.37595161365,4438788.740916263,2.130829810459666,0
actual,1745690300.4433951,394655.3760641797,4438788.740850581,2.1308532502315196,0
actual,1745690300.543361,394655.3761529942,4438788.740812859,2.130880948606749,0
actual,1745690300.6433551,394655.3755253612,4438788.74117093,2.1308234225546037,0
actual,1745690300.7433953,394655.3755353196,4438788.741184469,2.1308335454642644,0
actual,1745690300.843392,394655.3755422895,4438788.741192774,2.1308340690630407,0
actual,1745690300.9433916,394655.3755408233,4438788.741223955,2.1308553795332075,0
actual,1745690301.043361,394655.3753973078,4438788.741306931,2.130820752200848,0
actual,1745690301.1434426,394655.3755381203,4438788.741626854,2.1307307455713227,0
actual,1745690301.2433686,394655.37568117224,4438788.741656444,2.130771760808744,0
actual,1745690301.343392,394655.37579294585,4438788.741711434,2.130822881502535,0
actual,1745690301.4433832,394655.3757778961,4438788.741737279,2.1308063706878113,0
actual,1745690301.5433836,394655.37583981594,4438788.741825926,2.130828745808822,0
actual,1745690301.6433537,394655.3753569363,4438788.7411118485,2.13082714010591,0
actual,1745690301.743354,394655.3754075342,4438788.741036574,2.130839392317259,0
actual,1745690301.8433566,394655.37540860835,4438788.740997478,2.1308313987092853,0
actual,1745690301.9433885,394655.3754417059,4438788.740954676,2.130829269407597,0
actual,1745690302.0433939,394655.3754468844,4438788.740904696,2.130817034649541,0
actual,1745690302.1433592,394655.37548267277,4438788.740865141,2.130846844873165,0
actual,1745690302.243361,394655.375476578,4438788.740637259,2.1308313987092853,0
actual,1745690302.3433585,394655.3754999728,4438788.740583386,2.130843127321859,0
actual,1745690302.4433553,394655.3754878881,4438788.740513543,2.130865502442869,0
actual,1745690302.543355,394655.37542314886,4438788.740480088,2.1308479269773013,0
actual,1745690302.6433825,394655.37504366064,4438788.74169644,2.130752038588197,0
actual,1745690302.7433665,394655.375039359,4438788.741744331,2.130748844635666,0
actual,1745690302.843395,394655.3750732491,4438788.741819559,2.130802653136505,0
actual,1745690302.9433925,394655.375016075,4438788.741834677,2.1307808016142697,0
actual,1745690303.043425,394655.37497238745,4438788.74180396,2.1307941184764623,0
actual,1745690303.1433713,394655.3744583964,4438788.741006821,2.130819163951229,0
actual,1745690303.2433646,394655.37437263364,4438788.740926439,2.1308255518562906,0
actual,1745690303.3433588,394655.3742756491,4438788.740834257,2.130843650920634,0
actual,1745690303.4433613,394655.3741850215,4438788.740710793,2.1308388687184836,0
actual,1745690303.5433996,394655.37406554347,4438788.740596345,2.130839392317259,0
actual,1745690303.6433902,394655.37473947776,4438788.741633623,2.130774954761275,0
actual,1745690303.7433858,394655.3747434425,4438788.74167852,2.1307824073171813,0
actual,1745690303.8433993,394655.3747867499,4438788.741788534,2.130772825459588,0
actual,1745690303.943388,394655.37485709746,4438788.741770236,2.1307813426663373,0
actual,1745690304.0433807,394655.37488223065,4438788.741739993,2.1307994417306815,0
actual,1745690304.1433585,394655.3741658914,4438788.741902085,2.1307877305714005,0
actual,1745690304.2433581,394655.37419375894,4438788.742001113,2.130817034649541,0
actual,1745690304.3433914,394655.37422138045,4438788.742055038,2.1308346101151088,0
actual,1745690304.4433792,394655.3742194859,4438788.742264638,2.130858032433671,0
actual,1745690304.5433772,394655.37425737944,4438788.74243697,2.1308804075546814,0
actual,1745690304.6433618,394655.37501309445,4438788.741426505,2.130817034649541,0
actual,1745690304.7433915,394655.375070825,4438788.741391233,2.130832480813422,0
actual,1745690304.843356,394655.37514728605,4438788.741404866,2.1308234225546037,0
actual,1745690304.9434588,394655.3751837665,4438788.741199464,2.130823946153379,0
actual,1745690305.043418,394655.3752561215,4438788.741088928,2.1308335454642644,0
actual,1745690305.143409,394655.37661760394,4438788.741578185,2.130828204756754,0
actual,1745690305.2433946,394655.3768366074,4438788.7416232135,2.130845780222321,0
actual,1745690305.3433595,394655.3769926243,4438788.741684746,2.1308361983647277,0
actual,1745690305.4433608,394655.3771972179,4438788.741833379,2.130831939761353,0
actual,1745690305.5433583,394655.37737439293,4438788.741935052,2.130826075455066,0
actual,1745690305.643367,394655.3763945218,4438788.741539707,2.1308053060369674,0
actual,1745690305.7433913,394655.37637229165,4438788.74155693,2.130802112084436,0
actual,1745690305.8433917,394655.37629580114,4438788.741553677,2.130807976390723,0
actual,1745690305.9434147,394655.3762105203,4438788.741491117,2.130807976390723,0
actual,1745690306.0434406,394655.3761572118,4438788.741438431,2.130819687550004,0
actual,1745690306.1433737,394655.3761529849,4438788.742803523,2.1307722844075196,0
actual,1745690306.243359,394655.3761454403,4438788.742878465,2.1307930538256183,0
actual,1745690306.3432982,394655.3761362511,4438788.742955739,2.130774954761275,0
actual,1745690306.443308,394655.3761491238,4438788.743027571,2.1307813426663373,0
actual,1745690306.54337,394655.3761437793,4438788.74313923,2.1307861248684885,0
actual,1745690306.6434004,394655.3771740715,4438788.742914303,2.130789336274312,0
actual,1745690306.743379,394655.37725855457,4438788.742923895,2.130811170343254,0
actual,1745690306.8434227,394655.3773236285,4438788.742951924,2.130812234994098,0
actual,1745690306.9433682,394655.37735690374,4438788.743024191,2.1308042413861243,0
actual,1745690307.0433595,394655.377420475,4438788.74307219,2.130819687550004,0
actual,1745690307.1433613,394655.37534046563,4438788.742468098,2.1307818662651137,0
actual,1745690307.2433631,394655.37523217686,4438788.742471868,2.1307792133646504,0
actual,1745690307.3433907,394655.3751388006,4438788.742470992,2.1307696140537646,0
actual,1745690307.4433603,394655.3750815344,4438788.742457623,2.1308223579037597,0
actual,1745690307.543399,394655.3750049475,4438788.742465152,2.1308601617353577,0
actual,1745690307.6433606,394655.37567690393,4438788.742049587,2.130801588485661,0
actual,1745690307.7433581,394655.3757030737,4438788.7420743555,2.1307818662651137,0
actual,1745690307.8433592,394655.3757517766,4438788.742068658,2.1307818662651137,0
actual,1745690307.9433632,394655.37580087496,4438788.742109378,2.130757379295708,0
actual,1745690308.0433948,394655.3759063149,4438788.742152742,2.1307600321961706,0
actual,1745690308.1433856,394655.3759894554,4438788.741267564,2.1307919891747753,0
actual,1745690308.2433581,394655.37607941905,4438788.741166863,2.130818099300385,0
actual,1745690308.3434677,394655.37616629386,4438788.741027073,2.13083087511051,0
actual,1745690308.4434059,394655.3761641022,4438788.740897038,2.130809564640342,0
actual,1745690308.5433714,394655.37621856516,4438788.7407792965,2.130807976390723,0
actual,1745690308.643361,394655.3763571221,4438788.741463671,2.13073765707516,0
actual,1745690308.7434542,394655.3764345804,4438788.7414799,2.130753644291109,0
actual,1745690308.8433666,394655.37649979314,4438788.741499339,2.1307254048638113,0
actual,1745690308.9433587,394655.37663408404,4438788.741470636,2.130736592424317,0
actual,1745690309.0433588,394655.3767087708,4438788.741471949,2.130693988937275,0
actual,1745690309.1433563,394655.37579893146,4438788.742675946,2.130724881265036,0
actual,1745690309.2433734,394655.3757902211,4438788.742784174,2.130715823006218,0
actual,1745690309.3433712,394655.3757291048,4438788.742879938,2.130697723941875,0
actual,1745690309.4433131,394655.37570234726,4438788.743000639,2.130710499751999,0
actual,1745690309.5433586,394655.37573444744,4438788.743108413,2.1307461917352026,0
actual,1745690309.6433582,394655.37578911165,4438788.741930628,2.130822881502535,0
actual,1745690309.743355,394655.3758270711,4438788.7419093,2.1308479269773013,0
actual,1745690309.8433712,394655.375860608,4438788.741863221,2.130838327666416,0
actual,1745690309.9433618,394655.3758630309,4438788.741806661,2.1308255518562906,0
actual,1745690310.0433614,394655.37589237187,4438788.741798674,2.1308409980201706,0
actual,1745690310.1433585,394655.3750768121,4438788.74209648,2.130805847089036,0
actual,1745690310.2434196,394655.3749956007,4438788.742145379,2.130803717787348,0
actual,1745690310.3433602,394655.3748707619,4438788.742235503,2.130802653136505,0
actual,1745690310.4433522,394655.3747540541,4438788.7423348185,2.1307957241793742,0
actual,1745690310.5433578,394655.3746593552,4438788.742381863,2.1308159525454053,0
actual,1745690310.6434526,394655.3753323328,4438788.741308274,2.130802112084436,0
actual,1745690310.743343,394655.37537275977,4438788.74127818,2.13083087511051,0
actual,1745690310.8434,394655.375392833,4438788.741246017,2.1308399333693275,0
actual,1745690310.9433646,394655.3754241831,4438788.741257006,2.13083087511051,0
actual,1745690311.0433116,394655.3755354936,4438788.741288344,2.130877213602149,0
actual,1745690311.1433966,394655.37646248133,4438788.740749013,2.1308527091794516,0
actual,1745690311.2433836,394655.37660688645,4438788.740715081,2.1308857308088993,0
actual,1745690311.3433821,394655.37669469044,4438788.740740398,2.1308617674382697,0
actual,1745690311.4433787,394655.3768361706,4438788.740761638,2.1308814722055245,0
actual,1745690311.543384,394655.37697025907,4438788.740734678,2.1308612263862017,0
actual,1745690311.6433806,394655.3764089449,4438788.741233033,2.1307866659205565,0
actual,1745690311.743396,394655.3763908135,4438788.741270132,2.130773890110432,0
actual,1745690311.843362,394655.3764013429,4438788.741303766,2.1307776076617384,0
actual,1745690311.9433901,394655.3764147124,4438788.7413283605,2.1307861248684885,0
actual,1745690312.0433552,394655.37642941147,4438788.741379795,2.130801588485661,0
actual,1745690312.14345,394655.37642249325,4438788.741453913,2.130809564640342,0
actual,1745690312.243371,394655.3770500083,4438788.740841552,2.1307919891747753,0
actual,1745690312.343337,394655.37710383814,4438788.740815974,2.130803717787348,0
actual,1745690312.4434137,394655.377121206,4438788.740799029,2.130802653136505,0
actual,1745690312.543377,394655.3771779556,4438788.740772557,2.130826075455066,0
actual,1745690312.6433618,394655.37538113276,4438788.7405033875,2.130802653136505,0
actual,1745690312.7433815,394655.37523505685,4438788.740447899,2.130819163951229,0
actual,1745690312.8433945,394655.37506826007,4438788.740376163,2.13082714010591,0
actual,1745690312.943388,394655.37488155195,4438788.740324284,2.130819687550004,0
actual,1745690313.0434048,394655.3747018511,4438788.740279258,2.1308159525454053,0
actual,1745690313.143374,394655.3760311566,4438788.740932391,2.130788271623468,0
actual,1745690313.2433636,394655.3760502901,4438788.740944941,2.1307552325407277,0
actual,1745690313.343357,394655.3761178872,4438788.74098578,2.1307690904549883,0
actual,1745690313.4433606,394655.3762049584,4438788.741074773,2.1307531032390408,0
actual,1745690313.5433571,394655.3763901988,4438788.741126419,2.1307824073171813,0
actual,1745690313.6433978,394655.3764578276,4438788.7392784525,2.130845256623546,0
actual,1745690313.7433655,394655.3764861325,4438788.739239693,2.1308234225546037,0
actual,1745690313.8433604,394655.3765620207,4438788.739034998,2.1307706787046077,0
actual,1745690313.9432955,394655.3767864089,4438788.738732351,2.1306870599801453,0
actual,1745690314.0433567,394655.37690835696,4438788.738462571,2.1305848011392703,0
actual,1745690314.1433606,394655.37541567883,4438788.740928779,2.130730204519254,0
actual,1745690314.2433603,394655.3750845536,4438788.741377733,2.1306519090490097,0
actual,1745690314.3433542,394655.37483786454,4438788.741798785,2.1306769370704837,0
actual,1745690314.443387,394655.3745620971,4438788.742142332,2.1306700255666455,0
actual,1745690314.5433576,394655.3743104165,4438788.742604879,2.1306982475406504,0
actual,1745690314.6433585,394655.37705459836,4438788.739385881,2.1307760194121195,0
actual,1745690314.7433863,394655.3772061311,4438788.739345369,2.130774954761275,0
actual,1745690314.843403,394655.37732687395,4438788.739280158,2.1307685494029207,0
actual,1745690314.9434137,394655.37744771625,4438788.739227956,2.130739262778072,0
actual,1745690315.0433636,394655.3776685577,4438788.739172839,2.1307648318516135,0
actual,1745690315.1433651,394655.3758485671,4438788.739320246,2.1307648318516135,0
actual,1745690315.2433581,394655.37588928815,4438788.739321939,2.130803717787348,0
actual,1745690315.343288,394655.3759223127,4438788.739260134,2.130802653136505,0
actual,1745690315.4433577,394655.375999997,4438788.73921541,2.130808499989499,0
actual,1745690315.5433924,394655.37611452676,4438788.739246027,2.1308063706878113,0
actual,1745690315.6433613,394655.3760844659,4438788.738946957,2.1307919891747753,0
actual,1745690315.743363,394655.3761594519,4438788.738930612,2.1308053060369674,0
actual,1745690315.843397,394655.3762550899,4438788.7389470255,2.1308090410415668,0
actual,1745690315.9434016,394655.3763468159,4438788.738966068,2.1308361983647277,0
actual,1745690316.0433724,394655.37642613845,4438788.738959159,2.1308489916281452,0
actual,1745690316.1433575,394655.37634666066,4438788.738932956,2.130832480813422,0
actual,1745690316.24337,394655.3764141208,4438788.738954326,2.130828204756754,0
actual,1745690316.343358,394655.3765248959,4438788.738991947,2.1308159525454053,0
actual,1745690316.4433622,394655.37670515093,4438788.739073503,2.130823946153379,0
actual,1745690316.5433578,394655.3769217973,4438788.739190844,2.1308543148823635,0
actual,1745690316.6433575,394655.37545375735,4438788.740062142,2.1308335454642644,0
actual,1745690316.7433565,394655.37549273996,4438788.740134765,2.13083087511051,0
actual,1745690316.8433597,394655.375517171,4438788.740214356,2.130802653136505,0
actual,1745690316.9432843,394655.37559955625,4438788.740266185,2.13081862289916,0
actual,1745690317.0434062,394655.37566970184,4438788.740322988,2.1308063706878113,0
actual,1745690317.1433594,394655.3759542497,4438788.740905725,2.130774954761275,0
actual,1745690317.2433603,394655.37603668193,4438788.740956495,2.130795183127306,0
actual,1745690317.3433886,394655.37608929124,4438788.741016008,2.130767484752077,0
actual,1745690317.443398,394655.3761922786,4438788.741076473,2.130774954761275,0
actual,1745690317.5433671,394655.3762984985,4438788.741144904,2.1307887952222435,0
actual,1745690317.6433606,394655.3757118386,4438788.741071206,2.130799982782749,0
actual,1745690317.743361,394655.3757185452,4438788.74105619,2.130790400925156,0
actual,1745690317.8433871,394655.37575182365,4438788.74102375,2.1307696140537646,0
actual,1745690317.9433753,394655.3758220269,4438788.7410031045,2.1307744137092075,0
actual,1745690318.043365,394655.37595040526,4438788.740936716,2.130784536618869,0
actual,1745690318.143361,394655.376605223,4438788.739928081,2.1307706787046077,0
actual,1745690318.2433922,394655.3767076167,4438788.739724855,2.130720081609593,0
actual,1745690318.3433542,394655.37699113984,4438788.73938941,2.130751514989422,0
actual,1745690318.4433587,394655.37728403095,4438788.739071694,2.1307887952222435,0
actual,1745690318.54336,394655.3776728377,4438788.7387439255,2.1306380685880417,0
actual,1745690318.6433628,394655.37808386673,4438788.740128758,2.130548044505224,0
actual,1745690318.7434037,394655.37866143574,4438788.739438163,2.1302801364650428,0
actual,1745690318.8434231,394655.37916436745,4438788.738904648,2.1300713427266267,0
actual,1745690318.9433632,394655.37939752,4438788.739150316,2.130210899253616,0
actual,1745690319.0433655,394655.37929696916,4438788.739645087,2.1300271335366734,0
actual,1745690319.1433609,394655.3795571945,4438788.737118449,2.1306391332388857,0
actual,1745690319.243356,394655.3797593242,4438788.736229853,2.1305848011392703,0
actual,1745690319.3434007,394655.3805916234,4438788.735166457,2.130494253457677,0
actual,1745690319.443374,394655.38157432067,4438788.733652312,2.1299499027172732,0
actual,1745690319.5433846,394655.3826941728,4438788.731638129,2.129340032316749,0
actual,1745690319.643317,394655.3810273118,4438788.729949667,2.128656142502647,0
actual,1745690319.7434232,394655.3820270075,4438788.72757724,2.1279173795368624,0
actual,1745690319.8433666,394655.3832396247,4438788.724756707,2.1270992564499904,0
actual,1745690319.9433627,394655.3845876096,4438788.721620188,2.1260968440474,0
actual,1745690320.043355,394655.38608673506,4438788.718279551,2.125069927222112,0
actual,1745690320.1433587,394655.3894318187,4438788.716518998,2.1240467454014222,0
actual,1745690320.2433596,394655.3914218591,4438788.713297511,2.1228951946142485,0
actual,1745690320.3433776,394655.3934623105,4438788.709899843,2.1217239216065287,0
actual,1745690320.443359,394655.3955208257,4438788.706434918,2.1205468191991055,0
actual,1745690320.543357,394655.3976158235,4438788.703017257,2.119370763989234,0
actual,1745690320.6433578,394655.3999437626,4438788.704533327,2.1182559523828153,0
actual,1745690320.7433546,394655.4020843444,4438788.70203613,2.117167268355299,0
actual,1745690320.8433654,394655.40414132096,4438788.699640385,2.1160918837366824,0
actual,1745690320.9433582,394655.4061342912,4438788.6973931575,2.1150974474887736,0
actual,1745690321.0433052,394655.4080416244,4438788.6953452295,2.114129121366475,0
actual,1745690321.143389,394655.4089770286,4438788.687921869,2.1132529486286806,0
actual,1745690321.2433994,394655.4105592557,4438788.685497817,2.1124859636888926,0
actual,1745690321.343366,394655.41193919,4438788.683325456,2.111728019554629,0
actual,1745690321.4433591,394655.4132432642,4438788.681371511,2.11112774846499,0
actual,1745690321.543362,394655.4143189052,4438788.6797644235,2.1106632814444497,0
actual,1745690321.6433854,394655.41385637637,4438788.680118306,2.1102670044377847,0
actual,1745690321.7433705,394655.4144733922,4438788.679603705,2.110098702338014,0
actual,1745690321.8434384,394655.4148071998,4438788.67955098,2.110007613604352,0
actual,1745690321.9434006,394655.41499626386,4438788.679856147,2.1100443702383997,0
actual,1745690322.0433698,394655.41512654105,4438788.680063774,2.109949563953432,0
actual,1745690322.1433685,394655.41543947975,4438788.680154058,2.109992708492541,0
actual,1745690322.2433684,394655.4107010717,4438788.682765013,2.109935182440395,0
actual,1745690322.3433702,394655.41031553835,4438788.683502747,2.1099453053500565,0
actual,1745690322.4433653,394655.4099488108,4438788.684008251,2.1099229302290463,0
actual,1745690322.5433557,394655.4096383727,4438788.68448492,2.109928253483265,0
actual,1745690322.6433601,394655.412376958,4438788.680283265,2.11000496070389,0
actual,1745690322.743396,394655.4124408502,4438788.680369747,2.110000702100515,0
actual,1745690322.8433607,394655.41260106745,4438788.680291289,2.1100241244190774,0
actual,1745690322.9433618,394655.4127701779,4438788.680213185,2.110023059768233,0
actual,1745690323.0433578,394655.4129282123,4438788.680202324,2.110026794772832,0
actual,1745690323.1434097,394655.4128366042,4438788.680671181,2.110005484302665,0
actual,1745690323.2433689,394655.4129631687,4438788.680738761,2.1100022903501343,0
actual,1745690323.34339,394655.41315535357,4438788.68072419,2.110016148264395,0
actual,1745690323.4434135,394655.41332535364,4438788.680637582,2.1100060253547333,0
actual,1745690323.5433676,394655.41358019423,4438788.680643369,2.1100251890699204,0
actual,1745690323.6433785,394655.41167810385,4438788.681107402,2.110044893837175,0
actual,1745690323.7433612,394655.4117636123,4438788.681121306,2.11006833360903,0
actual,1745690323.843362,394655.4118186757,4438788.6811115835,2.1100736568632485,0
actual,1745690323.943355,394655.41191498644,4438788.681243808,2.1100928380317274,0
actual,1745690324.0433586,394655.4120247974,4438788.68132071,2.110097637687171,0
actual,1745690324.1433573,394655.4124308331,4438788.67922436,2.110093379083796,0
actual,1745690324.2433617,394655.41257446446,4438788.678983961,2.1101056138418524,0
actual,1745690324.3433583,394655.4126488594,4438788.678689977,2.110102960941389,0
actual,1745690324.4433627,394655.4127400003,4438788.678351071,2.1100715275615607,0
actual,1745690324.543361,394655.4129011796,4438788.678104974,2.1100832561741343,0
actual,1745690324.6433682,394655.41230367275,4438788.680275546,2.1100763272170036,0
actual,1745690324.7433605,394655.4123284935,4438788.680244446,2.110054493148062,0
actual,1745690324.8433566,394655.4123525703,4438788.680263008,2.110037441281269,0
actual,1745690324.943396,394655.4123949961,4438788.680407871,2.1100193422169258,0
actual,1745690325.0435567,394655.41249754536,4438788.680541662,2.110009219307265,0
actual,1745690325.1433759,394655.41294833116,4438788.679948965,2.1100097429060405,0
actual,1745690325.2433703,394655.4130776033,4438788.679914432,2.1100129368585714,0
actual,1745690325.3433661,394655.4133201264,4438788.679927069,2.110027859423676,0
actual,1745690325.443288,394655.41356405325,4438788.679882644,2.110044893837175,0
actual,1745690325.5433612,394655.4137306486,4438788.679833134,2.110025730121989,0
actual,1745690325.6432855,394655.4126591629,4438788.679610184,2.1100262537207644,0
actual,1745690325.7433195,394655.41276230285,4438788.6796757,2.1100204068677697,0
actual,1745690325.8434207,394655.4128413517,4438788.679624493,2.110036376630426,0
actual,1745690325.9434178,394655.4129096619,4438788.679715724,2.110019865815702,0
actual,1745690326.043416,394655.41301643563,4438788.67975648,2.110025730121989,0
actual,1745690326.1433656,394655.41265866713,4438788.679584417,2.1100470405921556,0
actual,1745690326.243415,394655.41272315895,4438788.679505739,2.1100443702383997,0
actual,1745690326.3433568,394655.4127201974,4438788.679550781,2.1100086782551966,0
actual,1745690326.4434164,394655.4128159698,4438788.67949692,2.110020930466545,0
actual,1745690326.543392,394655.41299698537,4438788.6792949,2.1100667453594104,0
actual,1745690326.643396,394655.4113159014,4438788.680554888,2.1100752625661605,0
actual,1745690326.7434607,394655.41115616355,4438788.68063295,2.110077932919915,0
actual,1745690326.8433843,394655.4110249828,4438788.680635584,2.110040111635025,0
actual,1745690326.9434042,394655.410921665,4438788.680699685,2.110019865815702,0
actual,1745690327.0434227,394655.41084623727,4438788.680816573,2.110049693492619,0
actual,1745690327.1433852,394655.41167691426,4438788.681677013,2.1100502345446865,0
actual,1745690327.2433827,394655.4117109234,4438788.681675934,2.110039570582957,0
actual,1745690327.3433566,394655.411795055,4438788.681693802,2.110034247328738,0
actual,1745690327.4433932,394655.41189348773,4438788.681758653,2.1100204068677697,0
actual,1745690327.5433834,394655.4120116608,4438788.6818597475,2.110018801164858,0
actual,1745690327.6433628,394655.410974696,4438788.681064228,2.1100129368585714,0
actual,1745690327.7433927,394655.41096600855,4438788.68098797,2.1100060253547333,0
actual,1745690327.843388,394655.41100588534,4438788.680980267,2.1100310533762068,0
actual,1745690327.9433575,394655.4110575898,4438788.68093272,2.1100283830224513,0
actual,1745690328.0433648,394655.41112618404,4438788.68085271,2.110035311979582,0
actual,1745690328.143358,394655.4110245268,4438788.681022283,2.1100832561741343,0
actual,1745690328.243421,394655.4110823751,4438788.681059363,2.1101024198893215,0
actual,1745690328.3433962,394655.4111330891,4438788.681100035,2.1100800622216034,0
actual,1745690328.4433708,394655.4112532759,4438788.681118551,2.1101034845401645,0
actual,1745690328.5433707,394655.4113651464,4438788.681162868,2.110108825247676,0
actual,1745690328.6433656,394655.4108955042,4438788.682089886,2.110057146048525,0
actual,1745690328.74332,394655.4109633434,4438788.6821679855,2.110055016746837,0
actual,1745690328.8434489,394655.41105125373,4438788.682212204,2.1100630103548106,0
actual,1745690328.9433677,394655.4111658764,4438788.68225403,2.1100752625661605,0
actual,1745690329.0433946,394655.4112569726,4438788.682286141,2.1100725922124046,0
actual,1745690329.1433783,394655.4123847607,4438788.6819537,2.110038505932113,0
actual,1745690329.2433593,394655.41256197734,4438788.681952961,2.1100337237299627,0
actual,1745690329.3433666,394655.4127705847,4438788.681937879,2.110049693492619,0
actual,1745690329.4433572,394655.4129436714,4438788.681874111,2.1100347883808066,0
actual,1745690329.543365,394655.4131561306,4438788.681809672,2.110024665471145,0
actual,1745690329.6433907,394655.41291090293,4438788.681773588,2.110061422105191,0
actual,1745690329.7433805,394655.41308798344,4438788.681773824,2.110056622449749,0
actual,1745690329.8433642,394655.4133192575,4438788.681839775,2.1100523638463735,0
actual,1745690329.9434004,394655.4136190802,4438788.681922459,2.110055557798905,0
actual,1745690330.043361,394655.4138999933,4438788.681926182,2.1100491698938426,0
actual,1745690330.1433587,394655.41258334933,4438788.679444845,2.1100422409367128,0
actual,1745690330.2433574,394655.4126480342,4438788.679298627,2.1100720686136296,0
actual,1745690330.3433938,394655.4126896998,4438788.679137975,2.1100608810531236,0
actual,1745690330.4433193,394655.41271675547,4438788.678943242,2.1100305297774318,0
actual,1745690330.5433376,394655.41281966586,4438788.678749795,2.110022536169457,0
actual,1745690330.6434581,394655.41229870485,4438788.680478338,2.1098622102243687,0
actual,1745690330.743444,394655.41292995604,4438788.679483096,2.109413206821001,0
actual,1745690330.8434052,394655.4141745718,4438788.677761896,2.1089386168907986,0
actual,1745690330.9433594,394655.415741692,4438788.675114568,2.1078829544927307,0
actual,1745690331.0433948,394655.417977902,4438788.6718262,2.1067766775463532,0
actual,1745690331.1433556,394655.4195077567,4438788.666360119,2.105286899403436,0
actual,1745690331.2433546,394655.4221361103,4438788.661747551,2.1036623643889727,0
actual,1745690331.3433652,394655.42499215953,4438788.656810308,2.1020165363576337,0
actual,1745690331.4433663,394655.42803793517,4438788.65147728,2.1001565913336613,0
actual,1745690331.543367,394655.43139623763,4438788.645750542,2.0982492257139116,0
actual,1745690331.6434338,394655.4351026559,4438788.640429198,2.09611231439094,0
actual,1745690331.7433634,394655.4389602127,4438788.63417612,2.0939343703772546,0
actual,1745690331.8433685,394655.44296645117,4438788.627671772,2.0916419327646376,0
actual,1745690331.943358,394655.44709646044,4438788.620957785,2.0892754408318575,0
actual,1745690332.043356,394655.45136098284,4438788.6141573135,2.0868482288944015,0
actual,1745690332.1433997,394655.4557156747,4438788.607114943,2.0844407391774937,0
actual,1745690332.2434993,394655.45718950965,4438788.598236156,2.081889957928996,0
actual,1745690332.3434074,394655.4613934012,4438788.590529016,2.0791623573739795,0
actual,1745690332.4434757,394655.46555857104,4438788.583068804,2.0766488563583043,0
actual,1745690332.5433788,394655.4693173796,4438788.576575975,2.0746387082989055,0
actual,1745690332.6434338,394655.4728317059,4438788.57338942,2.0727457416454853,0
actual,1745690332.7433672,394655.47513689805,4438788.569785835,2.071437582464531,0
actual,1745690332.8433592,394655.4765484626,4438788.567846777,2.0706903022919962,0
actual,1745690332.9433837,394655.4770665074,4438788.567677451,2.0704687327434557,0
actual,1745690333.0433984,394655.4770847918,4438788.568743151,2.0704735323988985,0
actual,1745690333.1433933,394655.4776966374,4438788.565591314,2.070462868437169,0
actual,1745690333.2434385,394655.4783690464,4438788.5652534515,2.0704980193683045,0
actual,1745690333.343289,394655.4791605416,4438788.564743934,2.0704096009883983,0
actual,1745690333.443394,394655.48000023473,4438788.564393185,2.070343557729502,0
actual,1745690333.54339,394655.4809186569,4438788.563846794,2.0701779085301957,0
actual,1745690333.6433947,394655.47688304365,4438788.56592546,2.0701028070124825,0
actual,1745690333.743383,394655.4772683885,4438788.565291743,2.069663385466708,0
actual,1745690333.8434162,394655.4778379092,4438788.564568233,2.069335281020626,0
actual,1745690333.9434502,394655.4783123845,4438788.563792729,2.0689816249542945,0
actual,1745690334.0434122,394655.4789819607,4438788.563026088,2.0686290160855134,0
actual,1745690334.1434033,394655.47966388124,4438788.564178487,2.069408253236651,0
actual,1745690334.24341,394655.47981909633,4438788.563884819,2.068890012621856,0
actual,1745690334.3433561,394655.4799901922,4438788.5637038285,2.068470819442113,0
actual,1745690334.4433913,394655.4800718602,4438788.563752125,2.0680313978963376,0
actual,1745690334.5433595,394655.4800149359,4438788.5642724475,2.0678353974213395,0
actual,1745690334.6433644,394655.4830431199,4438788.560252371,2.0698567330412443,0
actual,1745690334.7434208,394655.4818885763,4438788.562045899,2.0700815139956084,0
actual,1745690334.8433583,394655.48022959527,4438788.564927921,2.070744093339543,0
actual,1745690334.943362,394655.47782835044,4438788.569237383,2.0718359887728823,0
actual,1745690335.0433946,394655.47450560064,4438788.575242802,2.07352710809831,0
actual,1745690335.1433196,394655.4759912807,4438788.578044425,2.07599479422112,0
actual,1745690335.2433827,394655.47103244526,4438788.588155111,2.079371151112395,0
actual,1745690335.3433554,394655.46412999585,4438788.60171242,2.0839160932043446,0
actual,1745690335.443451,394655.4550406457,4438788.61943563,2.0898267205293926,0
actual,1745690335.5434577,394655.4433806122,4438788.641657467,2.0973102036697533,0
actual,1745690335.6435323,394655.4263115112,4438788.664075425,2.1066493732307126,0
actual,1745690335.743301,394655.40822263394,4438788.695647714,2.117601349193562,0
actual,1745690335.8433657,394655.3869077101,4438788.732358351,2.1306732195191764,0
actual,1745690335.9433753,394655.3625203925,4438788.77322201,2.1453317861210714,0
actual,1745690336.0435405,394655.33513035893,4438788.817557624,2.161803976708591,0
actual,1745690336.1433656,394655.3053770724,4438788.86950734,2.180244235467245,0
actual,1745690336.2433572,394655.27147995366,4438788.920653671,2.199988900948961,0
actual,1745690336.3434694,394655.2346524102,4438788.974113817,2.2218598486985055,0
actual,1745690336.4433613,394655.19444745296,4438789.029482626,2.24525253156957,0
actual,1745690336.5433786,394655.1510449033,4438789.086343209,2.2700508153537284,0
actual,1745690336.6434014,394655.10482840997,4438789.143794138,2.2962877391337213,0
actual,1745690336.743386,394655.0548387821,4438789.202459828,2.323294335660551,0
actual,1745690336.8433557,394655.0020558517,4438789.261541151,2.3511344839848403,0
actual,1745690336.943387,394654.9466152278,4438789.320039837,2.3793277647766864,0
actual,1745690337.0434754,394654.889093155,4438789.3776974585,2.4079269218860824,0
actual,1745690337.1434052,394654.82920210867,4438789.443006371,2.436518085387505,0
actual,1745690337.243263,394654.7668011547,4438789.499003415,2.4656727807978123,0
actual,1745690337.3433867,394654.7016955758,4438789.554572869,2.4953388053190753,0
actual,1745690337.4433582,394654.6337819594,4438789.609674033,2.5255726028993055,0
actual,1745690337.5433788,394654.56240570126,4438789.664027597,2.5570309234827335,0
actual,1745690337.6433926,394654.4820758845,4438789.708910864,2.589237588889541,0
actual,1745690337.7433884,394654.4020973011,4438789.759992117,2.6222171209957157,0
actual,1745690337.8434227,394654.3186330799,4438789.809659246,2.6566288877393687,0
actual,1745690337.943403,394654.2309268626,4438789.857448188,2.6913043039198286,0
actual,1745690338.043456,394654.13908508944,4438789.903545733,2.7271920083454315,0
actual,1745690338.1433885,394654.0506478966,4438789.954943771,2.7641929012212483,0
actual,1745690338.2433877,394653.95179147134,4438789.997038165,2.8018515912388495,0
actual,1745690338.3433843,394653.8491266649,4438790.036253617,2.840462096564026,0
actual,1745690338.4433553,394653.74274344207,4438790.07231891,2.8801570622199297,0
actual,1745690338.5433793,394653.6329478823,4438790.104128373,2.920115659859346,0
actual,1745690338.6433678,394653.5085267781,4438790.134138393,2.96104097791815,0
actual,1745690338.7434108,394653.39120376506,4438790.158098136,3.002911199780692,0
actual,1745690338.8434217,394653.2708405463,4438790.177895267,3.0452756988873975,0
actual,1745690338.9434109,394653.14808778436,4438790.192001386,3.0881760315277584,0
actual,1745690339.0433645,394653.0228617809,4438790.201649945,3.1323413613566724,0
actual,1745690339.1433566,394652.8925126878,4438790.207488361,-3.106557175984647,0
actual,1745690339.2433531,394652.76312769065,4438790.205828132,-3.061416591076304,0
actual,1745690339.3433542,394652.6320871374,4438790.197859239,-3.015927132303779,0
actual,1745690339.4433732,394652.49965711206,4438790.183927751,-2.969636602311175,0
actual,1745690339.5433908,394652.365951866,4438790.163240621,-2.9226872105259427,0
actual,1745690339.6434476,394652.2282958578,4438790.139765416,-2.8746256600347535,0
actual,1745690339.7433565,394652.09308321174,4438790.105855476,-2.8264642592570586,0
actual,1745690339.8434927,394651.9573134385,4438790.064933051,-2.776924938488207,0
actual,1745690339.9433708,394651.82212464197,4438790.016446179,-2.727003181173658,0
actual,1745690340.0433593,394651.68776139,4438789.960686353,-2.676154112974232,0
actual,1745690340.1433773,394651.5509401823,4438789.890678324,-2.6252102384898377,0
actual,1745690340.2433908,394651.4199881654,4438789.819318506,-2.573729745073625,0
actual,1745690340.3433812,394651.2921635066,4438789.740518787,-2.521551765728438,0
actual,1745690340.44347,394651.1673577164,4438789.654290139,-2.4694581905058777,0
actual,1745690340.5434477,394651.0468663513,4438789.561548466,-2.416849324274958,0
actual,1745690340.6433773,394650.9290262837,4438789.464167122,-2.364262274659689,0
actual,1745690340.7433565,394650.8186660123,4438789.359037201,-2.311537012420954,0
actual,1745690340.843359,394650.71440193977,4438789.248318073,-2.259409630170782,0
actual,1745690340.9433398,394650.61655985017,4438789.133229151,-2.2067418765309004,0
actual,1745690341.0434873,394650.52597925096,4438789.013253911,-2.1548419281355558,0
actual,1745690341.1434252,394650.4407851116,4438788.882091475,-2.1030748691094585,0
actual,1745690341.2435076,394650.36227206624,4438788.752984041,-2.0508532216263866,0
actual,1745690341.3434684,394650.2899714198,4438788.619617452,-1.9988091963012904,0
actual,1745690341.4433587,394650.22537300375,4438788.482479879,-1.9479502669915905,0
actual,1745690341.5433528,394650.16766231274,4438788.34123098,-1.8971203799606438,0
actual,1745690341.6435175,394650.1200827905,4438788.202354373,-1.8470428345570615,0
actual,1745690341.7435918,394650.0772061281,4438788.056152137,-1.7980989852224052,0
actual,1745690341.8433752,394650.04117362096,4438787.907802335,-1.7496464984320625,0
actual,1745690341.9434323,394650.0117147338,4438787.756826849,-1.7016587404616486,0
actual,1745690342.0434294,394649.98954991275,4438787.603199406,-1.6550968292236514,0
actual,1745690342.1433551,394649.97444917803,4438787.447552121,-1.6089823331394029,0
actual,1745690342.243356,394649.96256352856,4438787.279951991,-1.5643179264108815,0
actual,1745690342.34343,394649.9617536875,4438787.121418278,-1.520977910425358,0
actual,1745690342.443371,394649.9676137625,4438786.963393129,-1.4785910361976418,0
actual,1745690342.5433593,394649.9807334509,4438786.807442473,-1.4380497254808615,0
actual,1745690342.6433945,394650.0037226664,4438786.651819607,-1.398558509561836,0
actual,1745690342.7434309,394650.0297286601,4438786.497111587,-1.3604303085221556,0
actual,1745690342.843371,394650.0612441137,4438786.342949442,-1.3231111548572374,0
actual,1745690342.9433603,394650.0980851239,4438786.189827453,-1.2864745820094816,0
actual,1745690343.043455,394650.14064692415,4438786.0399088925,-1.2504832922927729,0
actual,1745690343.143373,394650.17963673454,4438785.900122409,-1.2132048920658887,0
actual,1745690343.2434607,394650.23117123777,4438785.755602444,-1.1773387773631334,0
actual,1745690343.3432765,394650.28726758796,4438785.613170015,-1.1412862265896797,0
actual,1745690343.4434063,394650.34822045895,4438785.474184262,-1.1058693945429725,0
actual,1745690343.5435274,394650.41382294847,4438785.338452489,-1.0705987512744124,0
actual,1745690343.643492,394650.47944364353,4438785.21280538,-1.035380834402555,0
actual,1745690343.7434626,394650.55329104175,4438785.08511816,-1.001061221043407,0
actual,1745690343.84337,394650.6303971999,4438784.961374347,-0.9667823436690001,0
actual,1745690343.9433985,394650.7113917194,4438784.841959647,-0.932806787065297,0
actual,1745690344.043394,394650.7953708222,4438784.725920312,-0.898396084972487,0
actual,1745690344.143365,394650.88234769076,4438784.613597349,-0.8634958878376631,0
actual,1745690344.2434337,394650.98536766256,4438784.501006521,-0.8292662811080401,0
actual,1745690344.343474,394651.0806036878,4438784.395767697,-0.794562363700895,0
actual,1745690344.4433699,394651.17916274816,4438784.294860363,-0.7603378184261025,0
actual,1745690344.543481,394651.2799352726,4438784.198032581,-0.7261351072202529,0
actual,1745690344.6434028,394651.3671197661,4438784.106789707,-0.6912535502018398,0
actual,1745690344.7434273,394651.4703386494,4438784.018152724,-0.6573069137038426,0
actual,1745690344.8434088,394651.5753861345,4438783.934316546,-0.6234417491753286,0
actual,1745690344.9433713,394651.68183778774,4438783.855170518,-0.5892068191914869,0
actual,1745690345.0434082,394651.7894655837,4438783.780739664,-0.5552910575679575,0
actual,1745690345.1435068,394651.90541398455,4438783.700192545,-0.5215935493673901,0
actual,1745690345.2435396,394652.0155932425,4438783.633689436,-0.4869339633232456,0
actual,1745690345.343446,394652.1269543443,4438783.57248662,-0.45318119799855994,0
actual,1745690345.4434369,394652.2384855894,4438783.515577116,-0.41912216229673444,0
actual,1745690345.5434601,394652.3500332798,4438783.463131688,-0.38502251278321487,0
actual,1745690345.6434522,394652.464771546,4438783.426878828,-0.3516084984130489,0
actual,1745690345.7434578,394652.5755244607,4438783.385660335,-0.31783655191988386,0
actual,1745690345.843423,394652.6852773989,4438783.348926976,-0.28471362356236524,0
actual,1745690345.9434288,394652.79340765247,4438783.317430858,-0.25277287652039276,0
actual,1745690346.0434315,394652.89893301495,4438783.29044356,-0.2217385138655656,0
actual,1745690346.1434517,394652.9846530249,4438783.246075397,-0.17885163771373783,0
actual,1745690346.2433434,394653.0825400123,4438783.223675982,-0.15061495058339508,0
actual,1745690346.3434534,394653.17719462427,4438783.205433886,-0.12492503044427028,0
actual,1745690346.4434352,394653.26877626125,4438783.190062163,-0.1014636339605542,0
actual,1745690346.5433576,394653.35763431835,4438783.176841749,-0.08051935132406417,0
actual,1745690346.6434424,394653.4642128535,4438783.171651449,-0.06174112700905441,0
actual,1745690346.7434347,394653.5504152992,4438783.162967029,-0.045117546562216705,0
actual,1745690346.8434358,394653.6336050555,4438783.155659668,-0.030447914572864214,0
actual,1745690346.9434123,394653.7135976688,4438783.149526607,-0.017991255355285472,0
actual,1745690347.0434752,394653.79054462834,4438783.145045135,-0.00837204771584386,0
actual,1745690347.1433074,394653.85420088907,4438783.143424433,-0.000712391040786597,0
actual,1745690347.2435296,394653.92369759874,4438783.140125347,0.0064112924742759465,0
actual,1745690347.3434212,394653.98982270213,4438783.1374828145,0.01250980449330197,0
actual,1745690347.443708,394654.05290429125,4438783.1351911975,0.01797886351759635,0
actual,1745690347.5434573,394654.1127462941,4438783.132859118,0.0230894668201161,0
actual,1745690347.6434286,394654.1585525377,4438783.1394672645,0.026904843831438242,0
actual,1745690347.7434433,394654.2101196371,4438783.13927937,0.029936061863131923,0
actual,1745690347.8434355,394654.25815489667,4438783.139153387,0.03210161403912892,0
actual,1745690347.9434311,394654.3026522566,4438783.1390343,0.03368433096471492,0
actual,1745690348.043442,394654.34380280686,4438783.13903611,0.03471870034590929,0
actual,1745690348.1434202,394654.37361520005,4438783.14957278,0.03532282861319469,0
actual,1745690348.2434626,394654.4071083882,4438783.151167568,0.0356912850715833,0
actual,1745690348.3434565,394654.43747590773,4438783.152720232,0.035838957379594485,0
actual,1745690348.443453,394654.4647285679,4438783.154180624,0.03603429462947759,0
actual,1745690348.5435123,394654.48865976,4438783.155745258,0.03596971744715389,0
actual,1745690348.643409,394654.5111579549,4438783.149262548,0.03598423858653052,0
actual,1745690348.7434552,394654.52805610065,4438783.149606466,0.035988095764177365,0
actual,1745690348.8434427,394654.54111731495,4438783.150025163,0.03588037404274441,0
actual,1745690348.9433668,394654.5503095348,4438783.150283155,0.03589835093403995,0
actual,1745690349.0434632,394654.55554147286,4438783.150592542,0.035854804969202514,0
actual,1745690349.1434238,394654.5573953322,4438783.153689751,0.035827106593973354,0
actual,1745690349.2434454,394654.5562980003,4438783.154402008,0.035811800056433564,0
actual,1745690349.3434503,394654.55582860234,4438783.155183754,0.03577383914520254,0
actual,1745690349.443493,394654.5560176183,4438783.155970704,0.03582071868891106,0
actual,1745690349.5433474,394654.5563750536,4438783.156880505,0.03578769705946336,0
actual,1745690349.6434114,394654.5513940681,4438783.152873891,0.035881840119316104,0
actual,1745690349.7434158,394654.5505242323,4438783.153042304,0.03589475555578075,0
actual,1745690349.843448,394654.54979191464,4438783.15324574,0.03592737575950051,0
actual,1745690349.9434211,394654.54902987764,4438783.153457869,0.03592577005658876,0
actual,1745690350.0434568,394654.5480410559,4438783.153640886,0.03593936617146169,0
actual,1745690350.1434076,394654.55653819465,4438783.151694616,0.03598916041502112,0
actual,1745690350.2434087,394654.557104839,4438783.151508767,0.035984500385918404,0
actual,1745690350.343447,394654.55798569263,4438783.151358701,0.035986769313945975,0
actual,1745690350.4434657,394654.55902173073,4438783.151099681,0.036048553969466594,0
actual,1745690350.5434084,394654.5599633859,4438783.150883741,0.03605827545340021,0
actual,1745690350.6434064,394654.5556026448,4438783.151057408,0.03577877842698562,0
actual,1745690350.7434263,394654.5554220817,4438783.150900362,0.03577944165210144,0
actual,1745690350.8435006,394654.55513793393,4438783.150788671,0.03580033324324789,0
actual,1745690350.9434514,394654.55473668687,4438783.150759923,0.0357839620548641,0
actual,1745690351.043422,394654.55366345623,4438783.150631144,0.03581485438262453,0
actual,1745690351.143417,394654.5531022243,4438783.151158401,0.035875714013641445,0
actual,1745690351.243419,394654.54853503814,4438783.151162534,0.035838957379594485,0
actual,1745690351.343406,394654.54160455376,4438783.15099793,0.0358641250274082,0
actual,1745690351.4434233,394654.5313915083,4438783.150785888,0.035971445323113464,0
actual,1745690351.5434184,394654.5177547128,4438783.1505757095,0.03601485166161035,0
actual,1745690351.6434116,394654.50523764384,4438783.150604665,0.03618530051636035,0
actual,1745690351.7434273,394654.48314658937,4438783.150248774,0.036242163343390116,0
actual,1745690351.8433793,394654.45525743533,4438783.149720244,0.03643310236355839,0
actual,1745690351.9434438,394654.4214438364,4438783.149133578,0.03653684473429692,0
actual,1745690352.043406,394654.38119085727,4438783.148262628,0.03675680857992574,0
actual,1745690352.1434312,394654.3324667054,4438783.146388712,0.03707253864161153,0
actual,1745690352.24341,394654.27833857085,4438783.145115618,0.03734564776296358,0
actual,1745690352.3434927,394654.2172944233,4438783.143639726,0.03764910816000782,0
actual,1745690352.4434478,394654.1491009377,4438783.141934625,0.03812514671348933,0
actual,1745690352.543474,394654.07423875656,4438783.14014943,0.03852501909841364,0
actual,1745690352.643463,394653.9854115425,4438783.137415725,0.03894340942670173,0
actual,1745690352.7434778,394653.89683938597,4438783.135250587,0.039283225032065244,0
actual,1745690352.8434708,394653.8019914405,4438783.132561745,0.03973475916284861,0
actual,1745690352.9434366,394653.7022656954,4438783.129284558,0.04033263915141177,0
actual,1745690353.0434635,394653.59897095576,4438783.125883854,0.04093584239419347,0
actual,1745690353.1434412,394653.50554836413,4438783.121346354,0.04128419265959902,0
actual,1745690353.2434447,394653.39975499955,4438783.118049417,0.04149391142251871,0
actual,1745690353.3434086,394653.2939302434,4438783.114709459,0.041612157479341404,0
actual,1745690353.4434235,394653.18877700483,4438783.1113425465,0.04161535143187243,0
actual,1745690353.5434244,394653.0845049033,4438783.107964735,0.04144132465215619,0
actual,1745690353.6434371,394652.97122519446,4438783.106258225,0.0413871147255892,0
actual,1745690353.743469,394652.8670330945,4438783.102339153,0.041541454191343044,0
actual,1745690353.843478,394652.76501956297,4438783.0988435475,0.041690714748973505,0
actual,1745690353.943483,394652.6643667101,4438783.096216814,0.04129337309146465,0
actual,1745690354.0433922,394652.56514776155,4438783.093000769,0.04113638072524778,0
actual,1745690354.1434178,394652.4722055923,4438783.087990071,0.041492183546559126,0
actual,1745690354.2434363,394652.3764418085,4438783.084226598,0.04143718822182899,0
actual,1745690354.343423,394652.28309111955,4438783.080900319,0.04149750680077791,0
actual,1745690354.4433627,394652.19139009656,4438783.077319048,0.04159657168912101,0
actual,1745690354.5434687,394652.10115765355,4438783.073632042,0.041678340364576856,0
actual,1745690354.6435072,394652.01143157785,4438783.076355778,0.0417708777215176,0
actual,1745690354.7434175,394651.924076489,4438783.073555108,0.04169378652845719,0
actual,1745690354.8434455,394651.8378963657,4438783.070460182,0.04198246398673692,0
actual,1745690354.943437,394651.7530141847,4438783.067650104,0.04194584697903001,0
actual,1745690355.0434437,394651.6695187767,4438783.064889681,0.04219565595486798,0
actual,1745690355.1434042,394651.58534956735,4438783.06248944,0.04213533737591906,0
actual,1745690355.2433817,394651.50417238235,4438783.059951733,0.04208034205118892,0
actual,1745690355.3434498,394651.4241430961,4438783.057307615,0.04210524789961475,0
actual,1745690355.4434948,394651.3451132907,4438783.054807422,0.041947313055601704,0
actual,1745690355.5434778,394651.26741148497,4438783.0523850275,0.04182494802174453,0
actual,1745690355.6434925,394651.1940149907,4438783.051572298,0.04176236051476804,0
actual,1745690355.7434752,394651.1192114635,4438783.049114113,0.0413820532707583,0
actual,1745690355.8434494,394651.04562185943,4438783.046800922,0.0406206708378684,0
actual,1745690355.943445,394650.97352105915,4438783.045009946,0.03922583860625946,0
actual,1745690356.0434716,394650.9029818728,4438783.043363046,0.03736041324843538,0
actual,1745690356.1434398,394650.834698594,4438783.044021602,0.03541365554746859,0
actual,1745690356.2434325,394650.7671305965,4438783.04224936,0.033339855330248934,0
actual,1745690356.3434844,394650.7006665615,4438783.040399694,0.03158654992357288,0
actual,1745690356.4434783,394650.63537176047,4438783.039218384,0.029598776985184108,0
actual,1745690356.5435274,394650.569281685,4438783.038225956,0.027411652539632354,0
actual,1745690356.643484,394650.50186584675,4438783.033601278,0.025455417700827102,0
actual,1745690356.7434297,394650.4349564956,4438783.031922195,0.02341943876849817,0
actual,1745690356.8434446,394650.3680815259,4438783.030436773,0.021347104627850208,0
actual,1745690356.9434097,394650.29926805303,4438783.028979726,0.019357586360209376,0
actual,1745690357.0434432,394650.230002761,4438783.027821852,0.017064468069183998,0
actual,1745690357.143452,394650.16319713555,4438783.03236323,0.015020757328268654,0
actual,1745690357.2433696,394650.0915422337,4438783.032121888,0.012787434017416683,0
actual,1745690357.3433964,394650.02029773314,4438783.031836139,0.010591792365115373,0
actual,1745690357.4434311,394649.9490790308,4438783.031520467,0.008680569567719006,0
actual,1745690357.5433924,394649.879250675,4438783.031489242,0.006902916817977849,0
actual,1745690357.6434069,394649.8064372579,4438783.032463317,0.005639106453316192,0
actual,1745690357.7433999,394649.7379818953,4438783.033106326,0.004667464205438362,0
actual,1745690357.843423,394649.671470129,4438783.033779229,0.00412124596273426,0
actual,1745690357.9434175,394649.6060400432,4438783.034448226,0.0038272277969432773,0
actual,1745690358.04345,394649.54187248903,4438783.034949604,0.0040863568309869305,0
actual,1745690358.1434245,394649.48411442625,4438783.036723997,0.004657864894552323,0
actual,1745690358.2434068,394649.4230165178,4438783.037377486,0.00584097123460189,0
actual,1745690358.3434,394649.3636810474,4438783.037998249,0.007180144916364624,0
actual,1745690358.4434927,394649.30556478276,4438783.038314903,0.008739299897048655,0
actual,1745690358.543425,394649.24865466455,4438783.038444649,0.010221869830155073,0
actual,1745690358.6433725,394649.1910142274,4438783.036766486,0.011270498551338453,0
actual,1745690358.7434082,394649.1371200284,4438783.036560453,0.012261985192811456,0
actual,1745690358.8434002,394649.0854426831,4438783.0364042055,0.01269714813521103,0
actual,1745690358.9433863,394649.03614259034,4438783.035902022,0.012898349691380909,0
actual,1745690359.0434084,394648.9894465962,4438783.034993581,0.013306355310619808,0
actual,1745690359.143387,394648.94883940043,4438783.035126782,0.01330155565517679,0
actual,1745690359.243367,394648.90837004874,4438783.034507325,0.013396623739532985,0
actual,1745690359.3433628,394648.8709304237,4438783.033747185,0.013510611192980655,0
actual,1745690359.443365,394648.83668905747,4438783.032967944,0.013571331197657514,0
actual,1745690359.5434442,394648.80571417906,4438783.03214209,0.013639381585192845,0
actual,1745690359.6433725,394648.7741420404,4438783.036429292,0.013710486298918894,0
actual,1745690359.743378,394648.7490481592,4438783.036222185,0.013790247845735053,0
actual,1745690359.8434052,394648.727051385,4438783.036031559,0.013830599858041222,0
actual,1745690359.943414,394648.7081529865,4438783.035715604,0.013875210473722172,0
actual,1745690360.0433812,394648.6922684784,4438783.035408162,0.013904235299182971,0
actual,1745690360.14337,394648.68138182943,4438783.037589424,0.013900901720311646,0
actual,1745690360.2433622,394648.67177387956,4438783.037562922,0.013947641637680107,0
actual,1745690360.343424,394648.6650999192,4438783.037580642,0.013931654421731774,0
actual,1745690360.443374,394648.66135035636,4438783.037563057,0.013918075760151314,0
actual,1745690360.5433903,394648.6605336121,4438783.037456552,0.013946315187448469,0
actual,1745690360.6433582,394648.6615724724,4438783.03574439,0.013997715133919647,0
actual,1745690360.7433553,394648.6619811091,4438783.035472103,0.013981326492243377,0
actual,1745690360.843357,394648.66147949704,4438783.035115063,0.013954291342130035,0
actual,1745690360.943355,394648.6609167816,4438783.034728385,0.013893972763181113,0
actual,1745690361.0433712,394648.6606031109,4438783.034293446,0.013919803636110643,0
actual,1745690361.1433609,394648.66497355246,4438783.03950204,0.013930467597840439,0
actual,1745690361.2433236,394648.66529092006,4438783.039924342,0.013898370992896194,0
actual,1745690361.3433905,394648.66552322963,4438783.04028029,0.013950573790823248,0
actual,1745690361.4433784,394648.66596578714,4438783.040700896,0.014018606725066102,0
actual,1745690361.543355,394648.6662869953,4438783.041215516,0.014005028063485641,0
actual,1745690361.64336,394648.66189308243,4438783.03728285,0.013900500294583708,0
actual,1745690361.7433944,394648.6615644686,4438783.037215275,0.013893449164405595,0
actual,1745690361.8434186,394648.6612281213,4438783.037142524,0.013890517011262208,0
actual,1745690361.943404,394648.66098107956,4438783.0370733235,0.01388559518277161,0
actual,1745690362.0433648,394648.6606437315,4438783.036990221,0.013874145822878414,0
actual,1745690362.1433547,394648.66236162325,4438783.03726728,0.013944308058808782,0
actual,1745690362.2434065,394648.66237710166,4438783.037217164,0.013958689571845118,0
actual,1745690362.3433118,394648.66217281524,4438783.037151712,0.013968812481506674,0
actual,1745690362.4433563,394648.6619954791,4438783.037025344,0.013908092476829814,0
actual,1745690362.5433204,394648.66213200975,4438783.036963203,0.013942981608577144,0
actual,1745690362.6434188,394648.66331580083,4438783.036842275,0.013928198669812871,0
actual,1745690362.7433636,394648.663990467,4438783.03658534,0.013989058300829785,0
actual,1745690362.843325,394648.6643460944,4438783.036385367,0.01400675593944497,0
actual,1745690362.9432924,394648.6645946272,4438783.036430486,0.013924079692778146,0
actual,1745690363.0433586,394648.66485140735,4438783.03634397,0.013979860415671931,0
actual,1745690363.1433833,394648.6641028398,4438783.036506606,0.0139391244309303,0
actual,1745690363.2433572,394648.6631939725,4438783.0365317445,0.014003038388138184,0
actual,1745690363.3433592,394648.66209039756,4438783.036539945,0.013753630838028396,0
actual,1745690363.4433699,394648.6611973125,4438783.035765071,0.014060285187603662,0
actual,1745690363.543377,394648.6604845477,4438783.035603434,0.01398411901904671,0
actual,1745690363.6434007,394648.6625743302,4438783.037331847,0.01383779061455939,0
actual,1745690363.7433577,394648.66261391784,4438783.037191921,0.013969074280894556,0
actual,1745690363.8433757,394648.6626767787,4438783.037328766,0.013894374188909049,0
actual,1745690363.9433897,394648.6627892124,4438783.037451638,0.013949509139979738,0
actual,1745690364.043355,394648.66318850697,4438783.037562759,0.013871999067898672,0
actual,1745690364.143359,394648.6635898156,4438783.035084898,0.013915422859688284,0
actual,1745690364.2433653,394648.6641623793,4438783.034962599,0.01389077881065009,0
actual,1745690364.3434277,394648.6645185398,4438783.03485057,0.013901966371155403,0
actual,1745690364.443402,394648.66447297536,4438783.034568199,0.013974275362065513,0
actual,1745690364.5433636,394648.6640459614,4438783.034376213,0.01395244129312288,0
actual,1745690364.6432962,394648.6656778529,4438783.03631693,0.013838715639063092,0
actual,1745690364.7433586,394648.6654563818,4438783.036381072,0.013871475469122908,0
actual,1745690364.8433626,394648.6653906156,4438783.036434615,0.013898632792284078,0
actual,1745690364.9433587,394648.66543666355,4438783.036552776,0.01392727364530917,0
actual,1745690365.0433636,394648.6654723498,4438783.036675685,0.013907952850489758,0
actual,1745690365.143373,394648.6652961178,4438783.035648482,0.013901564945427465,0
actual,1745690365.2433898,394648.66513144795,4438783.035500697,0.013927395818356747,0
actual,1745690365.3433633,394648.66493435943,4438783.035364479,0.013909418927061453,0
actual,1745690365.4433591,394648.66479892074,4438783.035166762,0.013914480381892106,0
actual,1745690365.5433555,394648.6646961727,4438783.034921547,0.013922212190478515,0
actual,1745690365.6433902,394648.66531894216,4438783.0369138485,0.013920082888791001,0
actual,1745690365.7433689,394648.66524718946,4438783.036887853,0.013890918436990146,0
actual,1745690365.8433604,394648.6651709321,4438783.036832369,0.013875472273110053,0
actual,1745690365.9433799,394648.6651484313,4438783.0367018385,0.013884914504363313,0
actual,1745690366.0433881,394648.6651209453,4438783.036567656,0.013871999067898672,0
actual,1745690366.1433883,394648.6655418415,4438783.036596017,0.013905160323686425,0
actual,1745690366.2433567,394648.66552519216,4438783.0365392845,0.013899976695807944,0
actual,1745690366.3433585,394648.6655257459,4438783.036409175,0.013954291342130035,0
actual,1745690366.4433084,394648.66551275545,4438783.03634191,0.013940712680549574,0
actual,1745690366.5433557,394648.665477212,4438783.036249968,0.013941655158345752,0
actual,1745690366.6433644,394648.66521808394,4438783.034875513,0.013903170648339215,0
actual,1745690366.7432857,394648.6651532994,4438783.034665322,0.013941655158345752,0
actual,1745690366.8432703,394648.66507644247,4438783.03446128,0.013912351080204593,0
actual,1745690366.943393,394648.6649778892,4438783.034167437,0.013932719072575532,0
actual,1745690367.0433917,394648.6649142728,4438783.033914839,0.013913555357388653,0
actual,1745690367.1433966,394648.66520123,4438783.035149068,0.013894915240977291,0
actual,1745690367.2433932,394648.66519598756,4438783.035084594,0.01391755216137555,0
actual,1745690367.3433564,394648.665193451,4438783.035010705,0.013911146803020781,0
actual,1745690367.4433656,394648.66517533624,4438783.034925014,0.013928460469200505,0
actual,1745690367.5434134,394648.6651479821,4438783.034764092,0.013956699896497907,0
actual,1745690367.6434014,394648.664936221,4438783.034315554,0.013928198669812871,0
actual,1745690367.7433608,394648.66486903944,4438783.034075714,0.013960155648416812,0
actual,1745690367.8433578,394648.6647797144,4438783.033824675,0.013955233819926213,0
actual,1745690367.9433591,394648.6646851349,4438783.033578163,0.013924742917893718,0
actual,1745690368.0432813,394648.664563562,4438783.033250883,0.013951760614714832,0
actual,1745690368.1433632,394648.6640120444,4438783.034475584,0.013962546749491959,0
actual,1745690368.243359,394648.6638486595,4438783.034375623,0.013949509139979738,0
actual,1745690368.343364,394648.6636420828,4438783.034250032,0.013941515532005448,0
actual,1745690368.4433742,394648.6634379549,4438783.034073254,0.013955897045042033,0
actual,1745690368.543361,394648.66323007696,4438783.033856814,0.013962686375832263,0
actual,1745690368.6433847,394648.66438919853,4438783.035010127,0.013929001521268745,0
actual,1745690368.7433586,394648.6643798577,4438783.034987949,0.013971605008310007,0
actual,1745690368.84336,394648.6643887677,4438783.034934844,0.013960696700484804,0
actual,1745690368.9433577,394648.66438383795,4438783.034829557,0.013977067888868598,0
actual,1745690369.0433977,394648.66439040203,4438783.034711999,0.013980401467739923,0
actual,1745690369.1433666,394648.6637713528,4438783.036210297,0.01390435747223055,0
actual,1745690369.2433639,394648.66368211934,4438783.036177039,0.013901442772379638,0
actual,1745690369.343358,394648.66353858996,4438783.036116686,0.013938181953134123,0
actual,1745690369.443415,394648.66337326664,4438783.036082471,0.013956298470769969,0
actual,1745690369.5433738,394648.663215498,4438783.035985825,0.013947781264020163,0
actual,1745690369.6433618,394648.6643915865,4438783.037824432,0.013907027825986056,0
actual,1745690369.7433648,394648.66437367117,4438783.037862635,0.013893850590133533,0
actual,1745690369.8433754,394648.6643043029,4438783.037798782,0.013937780527406187,0
actual,1745690369.9433582,394648.66422875016,4438783.037675736,0.01395137664227937,0
actual,1745690370.043377,394648.66409880517,4438783.037563391,0.013964553878131895,0
actual,1745690370.143359,394648.6660942867,4438783.036870823,0.013903833873455035,0
actual,1745690370.2433584,394648.6661838062,4438783.036748142,0.013909296754013626,0
actual,1745690370.3433595,394648.6662612346,4438783.036612079,0.013924201865825726,0
actual,1745690370.4433541,394648.66632891144,4438783.036453,0.013926470793853294,0
actual,1745690370.5433636,394648.66638472525,4438783.036236682,0.013942580182849206,0
actual,1745690370.643365,394648.6648713983,4438783.0362104755,0.013955094193585909,0
actual,1745690370.7433767,394648.66471748694,4438783.036126948,0.013955897045042033,0
actual,1745690370.8433735,394648.66454096104,4438783.036022429,0.013947100585611867,0
actual,1745690370.9433653,394648.664316201,4438783.035877802,0.013962023150716443,0
actual,1745690371.0433578,394648.66407701647,4438783.035723455,0.013953366317626581,0
actual,1745690371.1433575,394648.66561449756,4438783.03693101,0.013907551424761574,0
actual,1745690371.2433646,394648.6655856326,4438783.036898699,0.013928198669812871,0
actual,1745690371.3434143,394648.66552240425,4438783.036888742,0.013943243407965026,0
actual,1745690371.4433742,394648.6654601471,4438783.036838441,0.01396495530385983,0
actual,1745690371.543378,394648.6653568743,4438783.036745181,0.013988517248761793,0
actual,1745690371.6433709,394648.666746164,4438783.034713676,0.013934464401827336,0
actual,1745690371.743359,394648.6667575352,4438783.034519337,0.013949910565707676,0
actual,1745690371.8433602,394648.66676817444,4438783.034262395,0.013968149256390854,0
actual,1745690371.9433618,394648.66675449285,4438783.033965422,0.01397732968825648,0
actual,1745690372.0433366,394648.66672129027,4438783.033686029,0.013947903437067742,0
actual,1745690372.1433563,394648.6660085926,4438783.034832598,0.013876938349681747,0
actual,1745690372.2433667,394648.66597329517,4438783.034724168,0.0138969049163245,0
actual,1745690372.3433444,394648.66591761244,4438783.034623417,0.01388945236041845,0
actual,1745690372.4433877,394648.66583467653,4438783.034486984,0.013907952850489758,0
actual,1745690372.5433774,394648.6657401766,4438783.034317954,0.013916749309919676,0
actual,1745690372.6433578,394648.6665262132,4438783.035951947,0.01391341573104835,0
actual,1745690372.7433593,394648.66648310144,4438783.035893735,0.013955495619314095,0
actual,1745690372.8433673,394648.6664603876,4438783.03587544,0.013927535444697051,0
actual,1745690372.9433603,394648.6664097461,4438783.035815318,0.01392566794239742,0
actual,1745690373.043359,394648.6663344535,4438783.035746199,0.013934324775487282,0
actual,1745690373.143373,394648.6656186487,4438783.036198656,0.013941375905665394,0
actual,1745690373.2433655,394648.66543949133,4438783.036141706,0.013933923349759344,0
actual,1745690373.3434534,394648.6652251491,4438783.036059454,0.013930869023568377,0
actual,1745690373.4433992,394648.6650043066,4438783.035979035,0.0139159464584638,0
actual,1745690373.5433552,394648.664762684,4438783.035857353,0.01390435747223055,0
actual,1745690373.6433554,394648.665635161,4438783.037943178,0.013921932937798157,0
actual,1745690373.7434263,394648.66559163143,4438783.037949754,0.013949509139979738,0
actual,1745690373.8433661,394648.66551917244,4438783.037957559,0.013984660071114702,0
actual,1745690373.9433634,394648.6654437827,4438783.038022136,0.014026600333040144,0
actual,1745690374.043366,394648.66534792207,4438783.038109939,0.014010490944044232,0
actual,1745690374.1433632,394648.66581343615,4438783.037341163,0.013911286429361083,0
actual,1745690374.2433567,394648.66570424923,4438783.03734377,0.01387852659930102,0
actual,1745690374.3433633,394648.66549435153,4438783.037282857,0.01384723284581265,0
actual,1745690374.4434087,394648.66532934795,4438783.037130414,0.013829255954517108,0
actual,1745690374.5433621,394648.66519158665,4438783.036920586,0.013872138694238728,0
actual,1745690374.643398,394648.6652941224,4438783.037199864,0.013940189081774058,0
actual,1745690374.743359,394648.665124062,4438783.037122314,0.013929263320656627,0
actual,1745690374.843385,394648.6650915853,4438783.036999861,0.01398279256881507,0
actual,1745690374.9433584,394648.66512371966,4438783.03691342,0.013959352796960936,0
actual,1745690375.0434015,394648.66514605883,4438783.03669769,0.01401967137590986,0
actual,1745690375.1433659,394648.6664139534,4438783.037369441,0.013934586574875164,0
actual,1745690375.243357,394648.66629056726,4438783.037218096,0.013936454077174795,0
actual,1745690375.3433638,394648.66594217776,4438783.03707083,0.013928198669812871,0
actual,1745690375.443461,394648.66549992026,4438783.037033773,0.013903031021998911,0
actual,1745690375.5433676,394648.66496262525,4438783.036820605,0.013908354276217696,0
actual,1745690375.643376,394648.66642884054,4438783.036678486,0.013929123694316325,0
actual,1745690375.743372,394648.6666995631,4438783.036523668,0.01395216204044277,0
actual,1745690375.8433619,394648.66714270966,4438783.036195225,0.013979057564215809,0
actual,1745690375.9433582,394648.66758564994,4438783.03593447,0.014000106234995043,0
actual,1745690376.0433614,394648.6679826584,4438783.035810934,0.013946978412564289,0
actual,1745690376.1433594,394648.6671242807,4438783.0367565695,0.013853498577827365,0
actual,1745690376.2434192,394648.66700234025,4438783.036582017,0.0138323277340008,0
actual,1745690376.3433735,394648.6667821393,4438783.036405609,0.013829535207197466,0
actual,1745690376.4433186,394648.6665132472,4438783.0362191945,0.013807683684962605,0
actual,1745690376.5433862,394648.66620899324,4438783.035936113,0.013834055609960127,0
actual,1745690376.6434116,394648.6658954781,4438783.036565672,0.013916086084803856,0
actual,1745690376.7433598,394648.6658464268,4438783.036558324,0.013899296017399648,0
actual,1745690376.8433566,394648.6657120244,4438783.036367268,0.013927535444697051,0
actual,1745690376.9433594,394648.66545231506,4438783.036106091,0.013981064692855743,0
actual,1745690377.0433667,394648.6651348267,4438783.036057193,0.01395017236509531,0
actual,1745690377.1433914,394648.6674295882,4438783.037819712,0.013887846657506702,0
actual,1745690377.2433789,394648.6675875745,4438783.037762282,0.013907551424761574,0
actual,1745690377.3433719,394648.6676870565,4438783.037820987,0.013894374188909049,0
actual,1745690377.4433565,394648.6677514376,4438783.037929529,0.013878805851981379,0
actual,1745690377.5433607,394648.6678264294,4438783.037906111,0.013847913524220946,0
actual,1745690377.6433103,394648.6659648428,4438783.037306404,0.013903694247114731,0
actual,1745690377.7434516,394648.66582222347,4438783.037257137,0.01388559518277161,0
actual,1745690377.8434017,394648.6655919344,4438783.037202136,0.01384524317046544,0
actual,1745690377.9434085,394648.66531189415,4438783.037004856,0.013852172127595973,0
actual,1745690378.0434012,394648.6650402854,4438783.036807559,0.013883064455356158,0
actual,1745690378.1433105,394648.6669944059,4438783.038483569,0.013924201865825726,0
actual,1745690378.2433634,394648.66689046065,4438783.038512263,0.013882121977560228,0
actual,1745690378.3433745,394648.6667932201,4438783.038440626,0.013959492423300992,0
actual,1745690378.443459,394648.66687662195,4438783.038467798,0.013912892132272833,0
actual,1745690378.5434918,394648.6668684742,4438783.038398997,0.013929402946996683,0
actual,1745690378.643394,394648.66635247064,4438783.037365972,0.013970679983806305,0
actual,1745690378.7433703,394648.66626854986,4438783.037212064,0.014013161297799987,0
actual,1745690378.8433902,394648.6661705758,4438783.037043125,0.014024209231964997,0
actual,1745690378.9433947,394648.66603788675,4438783.036711191,0.014085592461757676,0
actual,1745690379.0433114,394648.6658790443,4438783.036416632,0.014088646787948644,0
actual,1745690379.143353,394648.6668795402,4438783.03692186,0.013913677530436232,0
actual,1745690379.2433817,394648.6667202337,4438783.036778633,0.013903170648339215,0
actual,1745690379.3433602,394648.66655443347,4438783.036612031,0.013907691051101876,0
actual,1745690379.4433594,394648.6664106049,4438783.036392579,0.013940189081774058,0
actual,1745690379.5434353,394648.6662621387,4438783.036124536,0.013943243407965026,0
actual,1745690379.6433017,394648.6662895703,4438783.0373838395,0.013908895328285688,0
actual,1745690379.7433615,394648.66619049234,4438783.03729777,0.013912490706544897,0
actual,1745690379.8434014,394648.6660663772,4438783.037167741,0.0139340629760994,0
actual,1745690379.9433584,394648.66595622606,4438783.037029666,0.013926732593241176,0
actual,1745690380.043388,394648.66585316986,4438783.036818177,0.01397186680769764,0
actual,1745690380.1433628,394648.66789181676,4438783.035823773,0.01395137664227937,0
actual,1745690380.243344,394648.66801930405,4438783.03565835,0.013919681463063063,0
actual,1745690380.3434045,394648.6681203486,4438783.03543719,0.01394922988729938,0
actual,1745690380.4434242,394648.6682091659,4438783.03522759,0.013938984804589999,0
actual,1745690380.5433815,394648.6682808706,4438783.034992635,0.013967206778594924,0
actual,1745690380.6433585,394648.668283072,4438783.035125946,0.013905561749414362,0
actual,1745690380.743394,394648.6683056552,4438783.034958072,0.013938461205814481,0
actual,1745690380.8433542,394648.6684036878,4438783.034822361,0.013947641637680107,0
actual,1745690380.9433172,394648.6685349092,4438783.034663909,0.013975200386568966,0
actual,1745690381.0433571,394648.6686053166,4438783.0344711235,0.01399144940190518,0
actual,1745690381.1434076,394648.66858605883,4438783.035137473,0.013939525856658239,0
actual,1745690381.2434127,394648.66857536824,4438783.035060464,0.013952964891898643,0
actual,1745690381.3433614,394648.66857141745,4438783.034957783,0.013967084605547344,0
actual,1745690381.4434044,394648.6685351128,4438783.034874529,0.013969737506010375,0
actual,1745690381.543365,394648.66847652313,4438783.0347324945,0.013966421380431525,0
actual,1745690381.6433582,394648.66672987654,4438783.036832466,0.013932195473799768,0
actual,1745690381.743366,394648.66657642304,4438783.0368704265,0.01393659370351485,0
actual,1745690381.8434014,394648.66640935367,4438783.036905176,0.013948165236455624,0
actual,1745690381.9433932,394648.66622993926,4438783.036877426,0.013972669659153515,0
actual,1745690382.0433779,394648.6660737838,4438783.03683553,0.013966421380431525,0
actual,1745690382.1433647,394648.66812923877,4438783.03742767,0.013921810764750577,0
actual,1745690382.2433906,394648.66822696885,4438783.037370351,0.013879469077097199,0
actual,1745690382.3434148,394648.6683014145,4438783.037225485,0.013904758897958489,0
actual,1745690382.4433742,394648.66838557576,4438783.037087296,0.013885315930091251,0
actual,1745690382.5433564,394648.66843462765,4438783.0369280735,0.013868682942319823,0
actual,1745690382.6433728,394648.66714801395,4438783.03665555,0.013891983087833902,0
actual,1745690382.743383,394648.6669900679,4438783.036482514,0.013885455556431553,0
actual,1745690382.8433657,394648.66679965396,4438783.036250342,0.013910361404857382,0
actual,1745690382.9433606,394648.6666204014,4438783.035943877,0.013943784460033018,0
actual,1745690383.0433152,394648.66645256366,4438783.035642494,0.013939648029705817,0
actual,1745690383.1433947,394648.6672211399,4438783.037821814,0.01388266302962822,0
actual,1745690383.2433932,394648.66720409435,4438783.037783413,0.013861212933121297,0
actual,1745690383.3433948,394648.6671154008,4438783.037647467,0.013883588054131922,0
actual,1745690383.4433599,394648.6670197841,4438783.037473867,0.013876798723341443,0
actual,1745690383.543363,394648.66691024054,4438783.037285598,0.013885856982159491,0
actual,1745690383.643389,394648.66767686827,4438783.037267261,0.013914620008232162,0
actual,1745690383.7434013,394648.66781740263,4438783.037040448,0.013946576986836351,0
actual,1745690383.8434002,394648.66794364183,4438783.036784028,0.01393858337886206,0
actual,1745690383.9433975,394648.66799207084,4438783.036500417,0.01393565122571892,0
actual,1745690384.0433536,394648.6680602747,4438783.0361476205,0.0139399098290937,0
actual,1745690384.143355,394648.66752591595,4438783.037901851,0.013936052651446857,0
actual,1745690384.2434444,394648.66749067267,4438783.037810903,0.013919681463063063,0
actual,1745690384.3434048,394648.66745003476,4438783.037658501,0.013913817156776287,0
actual,1745690384.4434032,394648.6674055879,4438783.037469064,0.013926592966900873,0
actual,1745690384.5433972,394648.66733883834,4438783.03725391,0.013930729397228073,0
actual,1745690384.6433582,394648.6667481185,4438783.037726872,0.013903833873455035,0
actual,1745690384.743357,394648.6665866868,4438783.037608926,0.013929123694316325,0
actual,1745690384.843357,394648.66642427415,4438783.037469797,0.013917272908695192,0
actual,1745690384.943398,394648.66624908714,4438783.037253115,0.013929123694316325,0
actual,1745690385.0433567,394648.66607597645,4438783.037026214,0.013910623204245265,0
actual,1745690385.1433973,394648.66798462695,4438783.037917366,0.01389744596839274,0
actual,1745690385.2433434,394648.66807999375,4438783.0377887115,0.01392020506183858,0
actual,1745690385.343402,394648.6681813298,4438783.037617576,0.013934324775487282,0
actual,1745690385.4433875,394648.66829447635,4438783.03743245,0.013931270449296315,0
actual,1745690385.54336,394648.6683888581,4438783.037200343,0.013940974479937456,0
actual,1745690385.6433566,394648.66867909353,4438783.037177187,0.013950032738755256,0
actual,1745690385.7434192,394648.6686585329,4438783.037033824,0.013971744634650061,0
actual,1745690385.843335,394648.66858925094,4438783.0368479835,0.013983717593318772,0
actual,1745690385.943368,394648.6685236623,4438783.036676653,0.013968812481506674,0
actual,1745690386.0433917,394648.66842116194,4438783.036446695,0.013971203582581821,0
actual,1745690386.1434457,394648.66900619795,4438783.035572757,0.013906364600870236,0
actual,1745690386.2433703,394648.66899148945,4438783.035381678,0.01388332625474404,0
actual,1745690386.343357,394648.6689737745,4438783.035094448,0.01389917384435207,0
actual,1745690386.443355,394648.66894939955,4438783.034805293,0.013906766026598174,0
actual,1745690386.5433557,394648.6689276748,4438783.034527932,0.013915021433960346,0
actual,1745690386.64337,394648.6686170582,4438783.035524292,0.013933399750983828,0
actual,1745690386.7433646,394648.668516565,4438783.035405224,0.013935529052671094,0
actual,1745690386.8433564,394648.6683948417,4438783.035280654,0.013930991196615956,0
actual,1745690386.9433985,394648.66825998254,4438783.035116997,0.013936855502902731,0
actual,1745690387.043392,394648.6681291911,4438783.034896499,0.01394603593476811,0
actual,1745690387.1433885,394648.6672049758,4438783.035022199,0.013918075760151314,0
actual,1745690387.2433636,394648.66702389054,4438783.034921578,0.013912490706544897,0
actual,1745690387.3433614,394648.66685862246,4438783.034784063,0.01391329355800077,0
actual,1745690387.443361,394648.66669296083,4438783.034619316,0.013920082888791001,0
actual,1745690387.543381,394648.66654866625,4438783.034443852,0.013913153931660715,0
actual,1745690387.6433911,394648.667168892,4438783.034994582,0.013880254475260596,0
actual,1745690387.743364,394648.66714206606,4438783.034914313,0.01387918982441684,0
actual,1745690387.8433547,394648.6671148876,4438783.034802423,0.013900360668243406,0
actual,1745690387.9433584,394648.6670987081,4438783.034626173,0.013910361404857382,0
actual,1745690388.0433605,394648.6670632424,4438783.034406012,0.013909558553401508,0
actual,1745690388.1433632,394648.6662645381,4438783.035150239,0.013861352559461353,0
actual,1745690388.243361,394648.6662416466,4438783.03500213,0.013889591986758754,0
actual,1745690388.3434021,394648.66621180915,4438783.034815035,0.013889190561030816,0
actual,1745690388.4433637,394648.66612703283,4438783.034580177,0.01392207256413821,0
actual,1745690388.5433886,394648.6661070436,4438783.034353097,0.013922613616206453,0
actual,1745690388.64336,394648.66789796494,4438783.034963144,0.01393179404807183,0
actual,1745690388.7433648,394648.668255876,4438783.034825647,0.014005167689825697,0
actual,1745690388.8433633,394648.66824318306,4438783.034772849,0.013955635245654149,0
actual,1745690388.9433594,394648.66813288437,4438783.034379388,0.013925929741785302,0
actual,1745690389.043391,394648.6682107906,4438783.03397229,0.014047247578091442,0
actual,1745690389.1433628,394648.66917652264,4438783.036019412,0.013915283233347982,0
actual,1745690389.2433543,394648.6692648198,4438783.0360810105,0.013923538640709906,0
actual,1745690389.3433974,394648.669621399,4438783.035982871,0.01402061385370579,0
actual,1745690389.4433966,394648.66994573025,4438783.036111503,0.014039777568892667,0
actual,1745690389.5434105,394648.6699671581,4438783.036141231,0.014009565919540778,0
actual,1745690389.6433914,394648.6676902253,4438783.034348251,0.013912612879592475,0
actual,1745690389.7433562,394648.6674818039,4438783.034022422,0.013974275362065513,0
actual,1745690389.8433595,394648.66715597484,4438783.033776154,0.013886782006662945,0
actual,1745690389.9433753,394648.66677872214,4438783.03329885,0.013895037414024869,0
actual,1745690390.043317,394648.66641287,4438783.0328397285,0.013868403689639465,0
actual,1745690390.1433573,394648.6686990444,4438783.035798406,0.013870550444619455,0
actual,1745690390.243329,394648.66891341656,4438783.035650229,0.013922997588641914,0
actual,1745690390.343356,394648.6689892635,4438783.035556095,0.013913677530436232,0
actual,1745690390.443315,394648.6689729599,4438783.03539793,0.013897707767780376,0
actual,1745690390.543388,394648.66902698856,4438783.035133463,0.01389144203576591,0
actual,1745690390.6433609,394648.66889583843,4438783.03513956,0.01388013230221277,0
actual,1745690390.7433572,394648.66901978396,4438783.034953909,0.013889975959194216,0
actual,1745690390.8433843,394648.6690985876,4438783.034657775,0.01390915712767357,0
actual,1745690390.9433658,394648.6691293038,4438783.034372522,0.013947502011339805,0
actual,1745690391.0433972,394648.6691460745,4438783.034093757,0.013943121234917446,0
actual,1745690391.143366,394648.6701983566,4438783.034579184,0.013886921633003,0
actual,1745690391.2433612,394648.6702803697,4438783.0343757775,0.013938181953134123,0
actual,1745690391.343403,394648.6703536853,4438783.034184003,0.013948444489135983,0
actual,1745690391.4434578,394648.67037980375,4438783.033906989,0.013984660071114702,0
actual,1745690391.5433707,394648.67041293456,4438783.033552567,0.014011415968547936,0
actual,1745690391.6433628,394648.66826571163,4438783.035328777,0.01396055707414475,0
actual,1745690391.7433612,394648.66810505115,4438783.0352183245,0.013968550682118792,0
actual,1745690391.8433583,394648.6679176624,4438783.0350751495,0.01396242457644438,0
actual,1745690391.943392,394648.66768982523,4438783.034894085,0.013991309775564878,0
actual,1745690392.0433586,394648.6674640034,4438783.034673268,0.013984520444774648,0
actual,1745690392.1433866,394648.6693578766,4438783.034734424,0.01395244129312288,0
actual,1745690392.243393,394648.6693823114,4438783.034517756,0.013972669659153515,0
actual,1745690392.3434138,394648.66941044293,4438783.03427445,0.013968009630050798,0
actual,1745690392.443395,394648.66935341945,4438783.033950718,0.013973873936337575,0
actual,1745690392.5435078,394648.6690478676,4438783.033596705,0.014002235536682308,0
actual,1745690392.6433864,394648.66775343224,4438783.0341535965,0.013914078956164169,0
actual,1745690392.7433577,394648.66739286244,4438783.033984027,0.013878404426253441,0
actual,1745690392.8433561,394648.6672195364,4438783.033755679,0.01387107404339497,0
actual,1745690392.9434628,394648.6671635868,4438783.033346453,0.013914742181279988,0
actual,1745690393.0434222,394648.6670986578,4438783.032931928,0.013959754222688874,0
actual,1745690393.1433964,394648.66673461866,4438783.0337855,0.013920484314518939,0
actual,1745690393.2433681,394648.6665075086,4438783.033586581,0.01397732968825648,0
actual,1745690393.3434117,394648.6662414246,4438783.033497038,0.013937780527406187,0
actual,1745690393.443319,394648.66594763217,4438783.033309609,0.01397467678779345,0
actual,1745690393.5433502,394648.6657276184,4438783.032982714,0.014016756676058947,0
actual,1745690393.6433787,394648.6679492388,4438783.034713933,0.013995847631620015,0
actual,1745690393.7433875,394648.6681341624,4438783.034691542,0.014009426293200724,0
actual,1745690393.843323,394648.66825352656,4438783.034506564,0.014039515769505033,0
actual,1745690393.943402,394648.66827377066,4438783.034340463,0.014046182927247686,0
actual,1745690394.0433593,394648.6682615186,4438783.034199783,0.01402993391191147,0
actual,1745690394.1433551,394648.66653293616,4438783.035065386,0.013915824285416222,0
actual,1745690394.2433572,394648.66642515955,4438783.034889065,0.013894374188909049,0
actual,1745690394.343388,394648.66630649375,4438783.034657343,0.01389238451356184,0
actual,1745690394.4433842,394648.6661934161,4438783.034342991,0.013891180236378028,0
actual,1745690394.5433834,394648.66608578636,4438783.033910219,0.013920868286954399,0
actual,1745690394.6433945,394648.6669869978,4438783.035286464,0.013911146803020781,0
actual,1745690394.74342,394648.66690140526,4438783.035145809,0.013938845178249943,0
actual,1745690394.843369,394648.66683938046,4438783.0349789625,0.01393299832525589,0
actual,1745690394.943361,394648.6667221446,4438783.034728911,0.013950975216551434,0
actual,1745690395.0433643,394648.66660825454,4438783.034453287,0.013938321579474427,0
actual,1745690395.1433587,394648.66750956763,4438783.034266221,0.013874145822878414,0
actual,1745690395.2434032,394648.6674895834,4438783.034009208,0.013887584858118819,0
actual,1745690395.3433661,394648.667454645,4438783.033657262,0.013900500294583708,0
actual,1745690395.4433954,394648.6673667299,4438783.033220618,0.01391395678311659,0
actual,1745690395.543369,394648.6672731753,4438783.032694047,0.013930467597840439,0
actual,1745690395.6433613,394648.66923900717,4438783.034263356,0.013941375905665394,0
actual,1745690395.7433627,394648.6692870224,4438783.034086201,0.01395376774335452,0
actual,1745690395.8433962,394648.66934145615,4438783.033839411,0.013962546749491959,0
actual,1745690395.9433975,394648.6693463946,4438783.033559872,0.013973612136949693,0
actual,1745690396.0433543,394648.6693435092,4438783.033234382,0.013982530769427437,0
actual,1745690396.143363,394648.6664356068,4438783.035014606,0.01395244129312288,0
actual,1745690396.2433577,394648.6661318249,4438783.034935472,0.013934586574875164,0
actual,1745690396.3433635,394648.66582875303,4438783.034720843,0.013949910565707676,0
actual,1745690396.4433591,394648.6655053608,4438783.034462347,0.013958427772457234,0
actual,1745690396.5433574,394648.66512056685,4438783.034170776,0.01400062983377056,0
actual,1745690396.6433554,394648.6660413255,4438783.035701769,0.013943121234917446,0
actual,1745690396.7434123,394648.6658697318,4438783.035550251,0.01395149881532695,0
actual,1745690396.8434036,394648.66570453544,4438783.035375578,0.013940450881161692,0
actual,1745690396.9433868,394648.6655020739,4438783.035146194,0.01394724021195217,0
actual,1745690397.043312,394648.6651873791,4438783.034817583,0.01396242457644438,0
actual,1745690397.14345,394648.66712629626,4438783.036749551,0.013902105997495457,0
actual,1745690397.243439,394648.6669915814,4438783.036691142,0.013931933674412133,0
actual,1745690397.3433936,394648.66696064564,4438783.036559755,0.013908755701945634,0
actual,1745690397.4433973,394648.6669168766,4438783.036394349,0.013903833873455035,0
actual,1745690397.5433564,394648.66682561336,4438783.0362214735,0.013911286429361083,0
actual,1745690397.6433547,394648.6664546457,4438783.035136597,0.01387918982441684,0
actual,1745690397.74343,394648.6663899197,4438783.034843335,0.0138969049163245,0
actual,1745690397.8433638,394648.66637176496,4438783.034515077,0.013901704571767521,0
actual,1745690397.9433959,394648.6664012389,4438783.034136199,0.0139250047172816,0
actual,1745690398.0433578,394648.6665162509,4438783.033728306,0.01391887861160719,0
actual,1745690398.1433957,394648.6665312189,4438783.033810805,0.013962826002172317,0
actual,1745690398.2433593,394648.6663976419,4438783.033735526,0.013949107714251802,0
actual,1745690398.3433473,394648.665951933,4438783.0335789565,0.013913677530436232,0
actual,1745690398.4434001,394648.6655005099,4438783.033203868,0.013933923349759344,0
actual,1745690398.5433583,394648.6652662199,4438783.032890409,0.013929664746384565,0
actual,1745690398.6433895,394648.66496100195,4438783.035262903,0.013960417447804694,0
actual,1745690398.74337,394648.66516424704,4438783.035230686,0.013957363121613726,0
actual,1745690398.843364,394648.66535565915,4438783.035162905,0.01394470948453672,0
actual,1745690398.9433866,394648.6655325752,4438783.0351186665,0.013927134018969113,0
actual,1745690399.0432763,394648.6656672547,4438783.034995891,0.013925266516669482,0
actual,1745690399.1433678,394648.66592915927,4438783.034772912,0.013944971283924353,0
actual,1745690399.2433615,394648.66582052864,4438783.03470336,0.01392434149216578,0
actual,1745690399.3433578,394648.66566925676,4438783.034553883,0.013960958499872686,0
actual,1745690399.4433649,394648.66558523744,4438783.034402872,0.013940311254821636,0
actual,1745690399.5433862,394648.66547505563,4438783.034185375,0.013956420643817549,0
actual,1745690399.6433647,394648.66652424226,4438783.034364459,0.013914742181279988,0
actual,1745690399.7433558,394648.66647650936,4438783.034126045,0.013951638441667004,0
actual,1745690399.843371,394648.66644628113,4438783.033875062,0.013962826002172317,0
actual,1745690399.9433606,394648.66633787076,4438783.033566695,0.013963611400335717,0
actual,1745690400.0433576,394648.6662401845,4438783.033168012,0.013975863611684786,0
actual,1745690400.143356,394648.66848672,4438783.033754395,0.013943906633080845,0
actual,1745690400.243363,394648.66853593884,4438783.033631387,0.013941916957733386,0
actual,1745690400.3433764,394648.66867077735,4438783.033465879,0.013932858698915586,0
actual,1745690400.4433732,394648.668848983,4438783.033225582,0.013936454077174795,0
actual,1745690400.5433714,394648.6689902048,4438783.032971267,0.013910082152177023,0
actual,1745690400.6433878,394648.66898092546,4438783.034491897,0.01387173726851079,0
actual,1745690400.7433805,394648.6689011733,4438783.034455473,0.013852032501255671,0
actual,1745690400.8432817,394648.6687725666,4438783.034395736,0.013805955809003028,0
actual,1745690400.9434164,394648.6687062607,4438783.034216657,0.013846831420084714,0
actual,1745690401.043383,394648.6686631129,4438783.033977143,0.013867880090863947,0
actual,1745690401.1434157,394648.6686068358,4438783.034931338,0.013906888199646002,0
actual,1745690401.2433672,394648.668415925,4438783.034818539,0.01391275250593253,0
actual,1745690401.3433592,394648.6682612706,4438783.034730875,0.01389983706946789,0
actual,1745690401.4433706,394648.6681374692,4438783.034552769,0.013919943262450945,0
actual,1745690401.5433586,394648.6679285158,4438783.034391875,0.013901041346651702,0
actual,1745690401.6433663,394648.6671941883,4438783.03517837,0.013899034218012014,0
actual,1745690401.7433617,394648.666984148,4438783.03503474,0.013891581662105964,0
actual,1745690401.8434815,394648.66681731853,4438783.03484215,0.013894374188909049,0
actual,1745690401.943445,394648.66667291964,4438783.034642704,0.01389624169120868,0
actual,1745690402.0434139,394648.6665044168,4438783.034344113,0.013898109193508312,0
actual,1745690402.1433854,394648.667324983,4438783.035302448,0.013891040610037724,0
actual,1745690402.2433565,394648.667261438,4438783.035220746,0.013851229649799795,0
actual,1745690402.3433802,394648.66724908614,4438783.03503291,0.013875332646769998,0
actual,1745690402.4434397,394648.6672321433,4438783.034815929,0.013892785939289776,0
actual,1745690402.5434036,394648.6670947602,4438783.034540644,0.013887584858118819,0
actual,1745690402.643413,394648.6682741318,4438783.034633547,0.013899435643739952,0
actual,1745690402.7433972,394648.66830831143,4438783.034417931,0.013919280037335127,0
actual,1745690402.8433664,394648.66842511186,4438783.034141099,0.013918075760151314,0
actual,1745690402.9434004,394648.6685213314,4438783.033818906,0.01394603593476811,0
actual,1745690403.0433586,394648.66855814017,4438783.033462113,0.013935389426331038,0
actual,1745690403.143358,394648.6685678527,4438783.034307638,0.013901303146039583,0
actual,1745690403.2433958,394648.6686012544,4438783.034118711,0.013923940066437842,0
actual,1745690403.343391,394648.6685832462,4438783.033870253,0.013956036671382087,0
actual,1745690403.4433928,394648.668547393,4438783.033581441,0.013967486031275282,0
actual,1745690403.543361,394648.6684830723,4438783.033234671,0.013985323296230522,0
actual,1745690403.6433566,394648.6688053934,4438783.0352457445,0.0139159464584638,0
actual,1745690403.74336,394648.6689100247,4438783.035155013,0.01394603593476811,0
actual,1745690403.843359,394648.6690862429,4438783.034942571,0.01394724021195217,0
actual,1745690403.9433694,394648.66930314276,4438783.034684169,0.01395750274795378,0
actual,1745690404.043357,394648.66932754224,4438783.034430367,0.013930327971500137,0
actual,1745690404.1433973,394648.6667334273,4438783.03656056,0.013888911308350458,0
actual,1745690404.2433558,394648.6663141267,4438783.036457245,0.013881999804512402,0
actual,1745690404.3433797,394648.66590634803,4438783.036298793,0.013885717355819189,0
actual,1745690404.4433997,394648.6654433358,4438783.036110792,0.013905561749414362,0
actual,1745690404.5434058,394648.66495277255,4438783.03585116,0.013929123694316325,0
actual,1745690404.643357,394648.66688127076,4438783.035285841,0.013912351080204593,0
actual,1745690404.7433648,394648.6666157467,4438783.035018848,0.013899435643739952,0
actual,1745690404.8433561,394648.6664052224,4438783.034776199,0.01390435747223055,0
actual,1745690404.9433813,394648.6663000574,4438783.0343996575,0.013938984804589999,0
actual,1745690405.0433598,394648.66609876294,4438783.033829783,0.013940311254821636,0
actual,1745690405.143397,394648.66735905973,4438783.036132339,0.013902105997495457,0
actual,1745690405.2433565,394648.6673059634,4438783.036165979,0.013913153931660715,0
actual,1745690405.3433595,394648.66736979387,4438783.0359467175,0.013949770939367374,0
actual,1745690405.4433901,394648.66741395736,4438783.03566215,0.014017018475446829,0
actual,1745690405.5433881,394648.66733595653,4438783.035543949,0.013966142127751166,0
actual,1745690405.6433587,394648.6680327692,4438783.034980675,0.013870672617667033,0
actual,1745690405.743392,394648.66810917796,4438783.034644037,0.013894252015861471,0
actual,1745690405.8433883,394648.6680981632,4438783.034436421,0.013886118781547125,0
actual,1745690405.9433644,394648.66812246584,4438783.034254661,0.013870149018891517,0
actual,1745690406.0433574,394648.66813222435,4438783.033818313,0.013918075760151314,0
actual,1745690406.1432905,394648.6674675237,4438783.035289771,0.013918616812219307,0
actual,1745690406.243372,394648.66734754725,4438783.035240956,0.013972669659153515,0
actual,1745690406.3433561,394648.667379034,4438783.035013202,0.013967486031275282,0
actual,1745690406.4433577,394648.6672074463,4438783.034685581,0.013951237015939068,0
actual,1745690406.5433595,394648.66691206436,4438783.034521161,0.013949369513639436,0
actual,1745690406.6433613,394648.66631114157,4438783.034403812,0.013859624683502023,0
actual,1745690406.7433617,394648.666262797,4438783.033983026,0.013933521924031406,0
actual,1745690406.8433626,394648.66616882966,4438783.033662129,0.013896503490596563,0
actual,1745690406.9433606,394648.66595731466,4438783.033279869,0.013946716613176405,0
actual,1745690407.043361,394648.6656994114,4438783.032828889,0.013958026346729298,0
actual,1745690407.1433542,394648.66691842634,4438783.03363712,0.013945913761720531,0
actual,1745690407.2433586,394648.6668178345,4438783.033538824,0.013902891395658857,0
actual,1745690407.3433573,394648.6667662029,4438783.0333021935,0.013901564945427465,0
actual,1745690407.443366,394648.666732225,4438783.033033044,0.013910082152177023,0
actual,1745690407.5433705,394648.66672219196,4438783.032739392,0.013915422859688284,0
actual,1745690407.643303,394648.66701449384,4438783.034130089,0.01393924660397788,0
actual,1745690407.743401,394648.66706075764,4438783.033985059,0.0139870511721901,0
actual,1745690407.8433557,394648.6670063229,4438783.033926897,0.01400796021662903,0
actual,1745690407.9433916,394648.66681826336,4438783.033845059,0.01397148283526218,0
actual,1745690408.0433908,394648.6666332871,4438783.0335905515,0.01401221882000381,0
actual,1745690408.1434333,394648.66765947326,4438783.035175175,0.013965217103247465,0
actual,1745690408.2433739,394648.66775109136,4438783.035199169,0.013936855502902731,0
actual,1745690408.343363,394648.6677860073,4438783.035085423,0.013920868286954399,0
actual,1745690408.4433618,394648.66779709194,4438783.034909729,0.01393245727318765,0
actual,1745690408.5433679,394648.6677684857,4438783.034762141,0.01392207256413821,0
actual,1745690408.6433578,394648.6681045849,4438783.034637616,0.013892506686609418,0
actual,1745690408.7433677,394648.6681202951,4438783.034414703,0.013895979891821047,0
actual,1745690408.8433592,394648.66804650356,4438783.034210968,0.013881057326716472,0
actual,1745690408.9433205,394648.66790922446,4438783.033981506,0.013862818636033046,0
actual,1745690409.0433958,394648.66776512045,4438783.033626363,0.013920344688178883,0
actual,1745690409.1434026,394648.6683430338,4438783.0350219635,0.01398692899914252,0
actual,1745690409.243387,394648.66829870734,4438783.034851885,0.014039917195232971,0
actual,1745690409.343381,394648.6682944795,4438783.034701085,0.014052972258037916,0
actual,1745690409.443354,394648.6683518351,4438783.034516097,0.014078139905851626,0
actual,1745690409.5433586,394648.6683528635,4438783.034260093,0.014118614091205373,0
actual,1745690409.64336,394648.66905643145,4438783.036675562,0.013966543553479104,0
actual,1745690409.7433944,394648.66901665076,4438783.036669881,0.013955355992973791,0
actual,1745690409.8433905,394648.6689600163,4438783.036554261,0.013964152452403957,0
actual,1745690409.9432957,394648.66884562094,4438783.036404116,0.0139581659730696,0
actual,1745690410.0433872,394648.6686716621,4438783.036264747,0.013928600095540807,0
actual,1745690410.1433904,394648.6692996239,4438783.036973711,0.013895979891821047,0
actual,1745690410.243392,394648.6693563218,4438783.036776363,0.01392140933902264,0
actual,1745690410.3433564,394648.66939718666,4438783.036664813,0.013953628117014463,0
actual,1745690410.443393,394648.66929255176,4438783.036435883,0.013958829198185172,0
actual,1745690410.543388,394648.6691410026,4438783.036055639,0.013985462922570826,0
actual,1745690410.6433787,394648.66971099755,4438783.035364798,0.013941655158345752,0
actual,1745690410.7433565,394648.6697973036,4438783.035187676,0.013946978412564289,0
actual,1745690410.8433821,394648.6697826904,4438783.034888447,0.013970802156853883,0
actual,1745690410.9433875,394648.6697272513,4438783.034563277,0.013994643354436204,0
actual,1745690411.0433567,394648.6696538031,4438783.034244269,0.01400249733607019,0
actual,1745690411.1434004,394648.6706006803,4438783.035328985,0.013912612879592475,0
actual,1745690411.243355,394648.6706671655,4438783.035207425,0.013892646312949722,0
actual,1745690411.3432872,394648.670735826,4438783.035024129,0.013953366317626581,0
actual,1745690411.4434059,394648.67078058934,4438783.0348214675,0.013967608204322862,0
actual,1745690411.5433817,394648.6707917369,4438783.034579168,0.013941655158345752,0
actual,1745690411.6433582,394648.67086879537,4438783.035211822,0.01389917384435207,0
actual,1745690411.743378,394648.67088785296,4438783.035003419,0.013925929741785302,0
actual,1745690411.8433712,394648.6708510795,4438783.034758226,0.013917150735647612,0
actual,1745690411.943358,394648.67075731297,4438783.0344909,0.013929263320656627,0
actual,1745690412.0433655,394648.67069639656,4438783.034187796,0.013908895328285688,0
actual,1745690412.1433587,394648.66953619814,4438783.034762375,0.013902507423223395,0
actual,1745690412.2433665,394648.6696557104,4438783.034571814,0.013917272908695192,0
actual,1745690412.3433607,394648.66977467743,4438783.034452795,0.013959230623913358,0
actual,1745690412.4432986,394648.669752703,4438783.034326811,0.013931654421731774,0
actual,1745690412.5433576,394648.6695100583,4438783.034142648,0.013934185149147226,0
actual,1745690412.6433904,394648.6704590396,4438783.035195961,0.013886659833615365,0
actual,1745690412.743356,394648.6703163183,4438783.034958298,0.013921932937798157,0
actual,1745690412.8433528,394648.6702885451,4438783.034607009,0.013949369513639436,0
actual,1745690412.9433534,394648.6701812481,4438783.034149784,0.013981989717359197,0
actual,1745690413.0434012,394648.6700968794,4438783.033871655,0.013952703092510762,0
actual,1745690413.1433823,394648.66994827625,4438783.034221791,0.013895177040365173,0
actual,1745690413.2433639,394648.670052276,4438783.033959591,0.013887061259343303,0
actual,1745690413.343355,394648.669984303,4438783.033699717,0.013872801919354546,0
actual,1745690413.443366,394648.66986185464,4438783.033326679,0.013842311017322051,0
actual,1745690413.5433676,394648.66974508896,4438783.032812074,0.013889975959194216,0
actual,1745690413.6433945,394648.6705311162,4438783.034999177,0.013937117302290367,0
actual,1745690413.7433908,394648.67057458905,4438783.034988834,0.013949631313027318,0
actual,1745690413.8433166,394648.6705496975,4438783.034864469,0.013986126147686398,0
actual,1745690413.9433608,394648.6704548303,4438783.03470288,0.013976928262528542,0
actual,1745690414.0433707,394648.6702958361,4438783.034546692,0.013947100585611867,0
actual,1745690414.1433558,394648.670147076,4438783.034930812,0.013899435643739952,0
actual,1745690414.243367,394648.6700669286,4438783.034827537,0.013914742181279988,0
actual,1745690414.3433137,394648.6699522536,4438783.034656554,0.013945913761720531,0
actual,1745690414.4433558,394648.66982955823,4438783.034523466,0.01391954183672301,0
actual,1745690414.5433595,394648.6696230984,4438783.034220778,0.013952964891898643,0
actual,1745690414.6433628,394648.6680777082,4438783.035836772,0.013997435881239289,0
actual,1745690414.7434134,394648.6674390952,4438783.035869824,0.013928600095540807,0
actual,1745690414.8433816,394648.667271096,4438783.035662137,0.013895316666705227,0
actual,1745690414.9433863,394648.6675420664,4438783.035162736,0.014042308296308119,0
actual,1745690415.0432615,394648.66784868867,4438783.0350649925,0.013908755701945634,0
actual,1745690415.1433578,394648.66797163384,4438783.037415578,0.013857896807542448,0
actual,1745690415.243363,394648.667192157,4438783.0372070195,0.01381089509078635,0
actual,1745690415.3433816,394648.6662780511,4438783.037216817,0.013851770701868037,0
actual,1745690415.4433684,394648.6654306759,4438783.03713327,0.013814490469045312,0
actual,1745690415.543381,394648.66468125046,4438783.0367796095,0.013913555357388653,0
actual,1745690415.643357,394648.66706060263,4438783.036950732,0.01394724021195217,0
actual,1745690415.7433612,394648.6668410076,4438783.036838307,0.013943784460033018,0
actual,1745690415.8432934,394648.66678857256,4438783.036492716,0.013940712680549574,0
actual,1745690415.943278,394648.6669694898,4438783.036303446,0.013979458989943745,0
actual,1745690416.0433524,394648.667180878,4438783.036048401,0.013976544290093082,0
actual,1745690416.1433878,394648.6675220387,4438783.033882777,0.013962284950104325,0
actual,1745690416.2433925,394648.66727633716,4438783.03354848,0.013959492423300992,0
actual,1745690416.3434134,394648.66694260505,4438783.033173259,0.013925406143009538,0
actual,1745690416.443366,394648.66663475643,4438783.0325839035,0.013976806089480716,0
actual,1745690416.5432863,394648.66639567725,4438783.0320384875,0.013964815677519529,0
actual,1745690416.6433287,394648.66836723546,4438783.035192469,0.013919681463063063,0
actual,1745690416.7433586,394648.6684029443,4438783.035119629,0.013878404426253441,0
actual,1745690416.84339,394648.6684461643,4438783.0349272825,0.013949107714251802,0
actual,1745690416.9433687,394648.6684989097,4438783.034781331,0.013950434164483192,0
actual,1745690417.043398,394648.6685168159,4438783.034555876,0.013964012826063653,0
actual,1745690417.1433794,394648.6693880593,4438783.034868374,0.013938461205814481,0
actual,1745690417.243414,394648.669511876,4438783.034714674,0.01393299832525589,0
actual,1745690417.3433611,394648.66961433284,4438783.03448469,0.013929525120044261,0
actual,1745690417.4433575,394648.66965338954,4438783.034144781,0.013956822069545486,0
actual,1745690417.5434077,394648.66973754234,4438783.033826334,0.013960016022076756,0
actual,1745690417.6433578,394648.66812315176,4438783.0350492485,0.01389371096379348,0
actual,1745690417.7433891,394648.6680183179,4438783.034907033,0.013891180236378028,0
actual,1745690417.8433654,394648.6678690772,4438783.0347065255,0.013881458752444408,0
actual,1745690417.9432905,394648.6676457704,4438783.034456401,0.013857233582426628,0
actual,1745690418.0433598,394648.667414282,4438783.034042047,0.013907691051101876,0
actual,1745690418.1433728,394648.66852240334,4438783.035313265,0.013941253732617814,0
actual,1745690418.2433586,394648.66856816807,4438783.035249271,0.01393018834516008,0
actual,1745690418.3433614,394648.6685641598,4438783.035011762,0.013958689571845118,0
actual,1745690418.4433641,394648.66852184763,4438783.034758528,0.013946315187448469,0
actual,1745690418.5433605,394648.66848568304,4438783.034435443,0.013965758155315706,0
actual,1745690418.643368,394648.66846923553,4438783.03428128,0.013960417447804694,0
actual,1745690418.7433617,394648.668517551,4438783.034003703,0.013979336816896167,0
actual,1745690418.843368,394648.6685902012,4438783.033649119,0.014002375163022612,0
actual,1745690418.943364,394648.66874023376,4438783.033205819,0.013980663267127805,0
actual,1745690419.043361,394648.6688921973,4438783.032761438,0.013959090997573054,0
actual,1745690419.1433997,394648.6688371141,4438783.034610959,0.013845766769241204,0
actual,1745690419.2433689,394648.6686560021,4438783.034508182,0.013852835352711793,0
actual,1745690419.3433611,394648.6683856286,4438783.034420877,0.013787577491979548,0
actual,1745690419.4433131,394648.66797160794,4438783.03419533,0.013840583141362724,0
actual,1745690419.5434096,394648.6677469358,4438783.0340386005,0.013818609446080035,0
actual,1745690419.643361,394648.6703029091,4438783.035896003,0.013885996608499547,0
actual,1745690419.7433655,394648.67068673356,4438783.035743505,0.013919140410994823,0
actual,1745690419.8433774,394648.67103679903,4438783.035712918,0.013895840265480745,0
actual,1745690419.943364,394648.67128042923,4438783.035496675,0.01391755216137555,0
actual,1745690420.043372,394648.6715203407,4438783.035147226,0.01395376774335452,0
actual,1745690420.1433835,394648.6690826045,4438783.034775013,0.013973210711221755,0
actual,1745690420.243362,394648.6689743013,4438783.03466751,0.013945774135380477,0
actual,1745690420.34336,394648.668822661,4438783.034386422,0.013979197190556111,0
actual,1745690420.443378,394648.668729952,4438783.034098562,0.014001310512178854,0
actual,1745690420.5433562,394648.66863542394,4438783.03377221,0.013987993649986027,0
actual,1745690420.6433609,394648.66912905814,4438783.035435394,0.013925528316057116,0
actual,1745690420.7433875,394648.6690373374,4438783.0353751285,0.013933661550371462,0
actual,1745690420.8433928,394648.6690106529,4438783.0351371,0.013960818873532631,0
actual,1745690420.9433682,394648.6690723509,4438783.034827043,0.014023807806237059,0
actual,1745690421.0435026,394648.66903614416,4438783.03455206,0.013956158844429667,0
actual,1745690421.1433814,394648.66805124184,4438783.034524912,0.013920484314518939,0
actual,1745690421.243413,394648.6678878323,4438783.034346587,0.013922334363526094,0
actual,1745690421.343374,394648.66771256214,4438783.034039913,0.013910885003632899,0
actual,1745690421.4433668,394648.6675043076,4438783.033625538,0.013912612879592475,0
actual,1745690421.5433831,394648.6672475769,4438783.0332062505,0.013938461205814481,0
actual,1745690421.6433563,394648.66895490163,4438783.034217016,0.013960696700484804,0
actual,1745690421.7433634,394648.6689458636,4438783.033914095,0.013959492423300992,0
actual,1745690421.8433638,394648.66881404887,4438783.033658747,0.013987312971577733,0
actual,1745690421.9433894,394648.6686664729,4438783.033444157,0.013943121234917446,0
actual,1745690422.0433779,394648.6684818217,4438783.032992103,0.01400796021662903,0
actual,1745690422.1434033,394648.668243641,4438783.032632524,0.013961359925600623,0
actual,1745690422.2433605,394648.6679491559,4438783.034709217,0.013954291342130035,0
actual,1745690422.343385,394648.6677880306,4438783.034509954,0.013967084605547344,0
actual,1745690422.4433868,394648.6676998171,4438783.034244054,0.013979738242624103,0
actual,1745690422.543365,394648.6675944255,4438783.033995485,0.013979336816896167,0
actual,1745690422.6433978,394648.66639101075,4438783.035909193,0.013954029542742401,0
actual,1745690422.7433808,394648.6662087144,4438783.035778788,0.013973873936337575,0
actual,1745690422.8433948,394648.66599820537,4438783.0356278885,0.013983857219658828,0
actual,1745690422.9434006,394648.66577113094,4438783.035397567,0.014017419901174766,0
actual,1745690423.0433955,394648.6655686418,4438783.035146289,0.014011031996112474,0
actual,1745690423.143391,394648.6667996107,4438783.035344607,0.013902769222611277,0
actual,1745690423.2433603,394648.6667529858,4438783.035158302,0.013918477185879252,0
actual,1745690423.34339,394648.6667308873,4438783.03495874,0.013904095672842669,0
actual,1745690423.443362,394648.6666998151,4438783.034710411,0.013896503490596563,0
actual,1745690423.5433993,394648.66662606376,4438783.034372078,0.013923276841322272,0
actual,1745690423.643398,394648.6669496447,4438783.036093216,0.01389917384435207,0
actual,1745690423.74336,394648.6669950627,4438783.03594392,0.013893449164405595,0
actual,1745690423.8433561,394648.66704712535,4438783.035768033,0.013912612879592475,0
actual,1745690423.9433572,394648.66711295256,4438783.035547421,0.013917953587103488,0
actual,1745690424.0433645,394648.6672045027,4438783.035260941,0.01395244129312288,0
actual,1745690424.143355,394648.6675010694,4438783.036345326,0.0139581659730696,0
actual,1745690424.2433562,394648.6675889868,4438783.036174638,0.013966822806159462,0
actual,1745690424.3433728,394648.6676433042,4438783.035975219,0.01396441425179159,0
actual,1745690424.4433706,394648.6676966884,4438783.035731587,0.013948566662183562,0
actual,1745690424.5433645,394648.66776670516,4438783.03545127,0.013932858698915586,0
actual,1745690424.6433601,394648.6674373277,4438783.035992128,0.013906364600870236,0
actual,1745690424.7433088,394648.6674178739,4438783.035807021,0.013926732593241176,0
actual,1745690424.8434367,394648.6673969808,4438783.035597326,0.013895700639140689,0
actual,1745690424.9433897,394648.6673602373,4438783.035326807,0.013888387709574694,0
actual,1745690425.0433946,394648.66730651783,4438783.034989715,0.013888248083234639,0
actual,1745690425.1433973,394648.66749993246,4438783.036018419,0.013870812244007337,0
actual,1745690425.243393,394648.66750668176,4438783.035861021,0.013842974242437871,0
actual,1745690425.34336,394648.667480309,4438783.035660499,0.013848698922384346,0
actual,1745690425.4433894,394648.66743889404,4438783.0354649685,0.013832729159728736,0
actual,1745690425.543408,394648.66742728656,4438783.035134901,0.013853638204167669,0
actual,1745690425.643391,394648.66818629025,4438783.035875492,0.01392339901436985,0
actual,1745690425.743391,394648.6681428098,4438783.035722353,0.013914218582504224,0
actual,1745690425.8432906,394648.66816828825,4438783.035500923,0.013906766026598174,0
actual,1745690425.9433806,394648.6682432485,4438783.035147938,0.013940450881161692,0
actual,1745690426.0433636,394648.6682392383,4438783.034796541,0.013973612136949693,0
actual,1745690426.143376,394648.66797728767,4438783.0350332195,0.013906364600870236,0
actual,1745690426.2433841,394648.66777173406,4438783.03489054,0.01391954183672301,0
actual,1745690426.3434017,394648.6675925723,4438783.034716076,0.013957886720389242,0
actual,1745690426.4433947,394648.6674226885,4438783.034474714,0.013977067888868598,0
actual,1745690426.543357,394648.66729428514,4438783.034164235,0.01397600323802484,0
actual,1745690426.6434038,394648.6690629128,4438783.033766817,0.013929402946996683,0
actual,1745690426.7434464,394648.66917652875,4438783.033632337,0.013930589770888019,0
actual,1745690426.8434098,394648.6692466107,4438783.0334196435,0.0139159464584638,0
actual,1745690426.9434156,394648.6692811655,4438783.0331645105,0.013906766026598174,0
actual,1745690427.0433538,394648.669328653,4438783.032874108,0.013912351080204593,0
actual,1745690427.1433363,394648.6673551048,4438783.033414099,0.01393245727318765,0
actual,1745690427.2433598,394648.66725269775,4438783.033194518,0.013947641637680107,0
actual,1745690427.343369,394648.66705272277,4438783.032959305,0.013969353533574914,0
actual,1745690427.4433718,394648.66676556785,4438783.032655156,0.013987714397305917,0
actual,1745690427.5433629,394648.6664875781,4438783.032342121,0.013998500532083045,0
actual,1745690427.6434023,394648.6698173862,4438783.031904765,0.013968411055778736,0
actual,1745690427.743393,394648.66994494846,4438783.03168321,0.013930066172112501,0
actual,1745690427.843362,394648.67002176587,4438783.031449459,0.013938984804589999,0
actual,1745690427.9433577,394648.67010405334,4438783.0311671905,0.013951760614714832,0
actual,1745690428.0433574,394648.67014561873,4438783.030799619,0.013970802156853883,0
actual,1745690428.1433554,394648.6674699681,4438783.033359716,0.013907027825986056,0
actual,1745690428.2434173,394648.6672655294,4438783.033256601,0.013918616812219307,0
actual,1745690428.343373,394648.6670290787,4438783.033105942,0.013892244887221784,0
actual,1745690428.443358,394648.6667161573,4438783.032875302,0.013909418927061453,0
actual,1745690428.5433562,394648.66640253493,4438783.03262271,0.01388398947985986,0
actual,1745690428.643362,394648.66610909917,4438783.032319645,0.013904636724910909,0
actual,1745690428.7433627,394648.6685389663,4438783.035223167,0.013901564945427465,0
actual,1745690428.843387,394648.6685709969,4438783.035048766,0.01392273578925403,0
actual,1745690428.943392,394648.66855838953,4438783.034865253,0.013940974479937456,0
actual,1745690429.043362,394648.66856495175,4438783.0346555915,0.01392339901436985,0
actual,1745690429.1434255,394648.6681579676,4438783.035658067,0.01388266302962822,0
actual,1745690429.2434063,394648.66816079715,4438783.035517408,0.01389011558553427,0
actual,1745690429.3433883,394648.6681180205,4438783.035262838,0.013897847394120678,0
actual,1745690429.4433882,394648.66808022175,4438783.034954072,0.013899976695807944,0
actual,1745690429.543398,394648.6680798258,4438783.034553785,0.013915021433960346,0
actual,1745690429.6433988,394648.6677777409,4438783.035280723,0.013906102801482603,0
actual,1745690429.7433577,394648.667768517,4438783.035034918,0.013887183432390883,0
actual,1745690429.8433743,394648.66774645075,4438783.034757344,0.01389304773867766,0
actual,1745690429.9434035,394648.667763839,4438783.034379758,0.0139018267448151,0
actual,1745690430.0433803,394648.6677696378,4438783.034008181,0.01387240049362661,0
actual,1745690430.1434188,394648.66828571074,4438783.035362084,0.013866274387951951,0
actual,1745690430.2433674,394648.6682593167,4438783.035203288,0.013815555119889068,0
actual,1745690430.3433857,394648.6681989138,4438783.034968995,0.01383857601272279,0
actual,1745690430.4433603,394648.66812859115,4438783.034682179,0.013839518490518966,0
actual,1745690430.5434022,394648.6680711893,4438783.034394379,0.013804768985111692,0
actual,1745690430.6434832,394648.6679528427,4438783.035345974,0.013845766769241204,0
actual,1745690430.7435267,394648.6678430745,4438783.035255139,0.013832729159728736,0
actual,1745690430.8433945,394648.6676636402,4438783.03515241,0.013807020459846785,0
actual,1745690430.9433913,394648.6675024184,4438783.034981725,0.013792377147422567,0
actual,1745690431.0433588,394648.6673852469,4438783.034714369,0.013802639683424427,0
actual,1745690431.1433551,394648.6680555574,4438783.036143037,0.013882523403288166,0
actual,1745690431.2433574,394648.667929578,4438783.036084552,0.01388945236041845,0
actual,1745690431.3433073,394648.6677628507,4438783.035944127,0.01393659370351485,0
actual,1745690431.4433575,394648.6675562987,4438783.035780493,0.013946437360496047,0
actual,1745690431.5433748,394648.66734003974,4438783.035597055,0.013919681463063063,0
actual,1745690431.6433797,394648.6682406826,4438783.03641701,0.01389823136655614,0
actual,1745690431.7433608,394648.66822875105,4438783.03623163,0.013884390905587797,0
actual,1745690431.8433137,394648.6681620197,4438783.035972351,0.013897969567168258,0
actual,1745690431.9432974,394648.66807291843,4438783.0356369335,0.013895037414024869,0
actual,1745690432.0434008,394648.66801832226,4438783.035210193,0.013899697443127834,0
actual,1745690432.1433918,394648.6676620138,4438783.036577161,0.013923137214981968,0
actual,1745690432.243361,394648.66764100175,4438783.036369838,0.01393924660397788,0
actual,1745690432.3434017,394648.66764056974,4438783.036090545,0.013964815677519529,0
actual,1745690432.4433904,394648.66761157365,4438783.03579318,0.013952825265558341,0
actual,1745690432.543357,394648.66753815964,4438783.035400591,0.013995446205892078,0
actual,1745690432.643389,394648.66777358187,4438783.03722961,0.013936052651446857,0
actual,1745690432.7433562,394648.6677667488,4438783.037070633,0.013941916957733386,0
actual,1745690432.8433585,394648.6677424298,4438783.03684593,0.013950695963871076,0
actual,1745690432.9433932,394648.6677489054,4438783.036578735,0.013942981608577144,0
actual,1745690433.0433602,394648.6677761649,4438783.036209272,0.013945250536604711,0
actual,1745690433.1433582,394648.66808574187,4438783.036319508,0.013919943262450945,0
actual,1745690433.2433767,394648.6681095907,4438783.0361502115,0.01391833755953895,0
actual,1745690433.343397,394648.66812194,4438783.035904863,0.013929123694316325,0
actual,1745690433.4433892,394648.6681112369,4438783.035635904,0.013937780527406187,0
actual,1745690433.5433674,394648.66809591604,4438783.035316744,0.0139340629760994,0
actual,1745690433.643391,394648.66818956163,4438783.03524768,0.013910483577904961,0
actual,1745690433.743383,394648.6682176469,4438783.034980202,0.013925528316057116,0
actual,1745690433.8433628,394648.6682345731,4438783.034682647,0.013917011109307558,0
actual,1745690433.9434211,394648.66826118773,4438783.034376072,0.013894915240977291,0
actual,1745690434.0433712,394648.6682899898,4438783.034031675,0.013915143607007926,0
actual,1745690434.1433907,394648.66683091945,4438783.035434214,0.013922212190478515,0
actual,1745690434.2433558,394648.666688905,4438783.035319646,0.013929123694316325,0
actual,1745690434.3433554,394648.6665608731,4438783.035147394,0.013928739721880863,0
actual,1745690434.4433894,394648.6663918425,4438783.034946827,0.01393565122571892,0
actual,1745690434.5433922,394648.6661776567,4438783.034728195,0.013938845178249943,0
actual,1745690434.6433578,394648.6675703567,4438783.0345000485,0.013906224974530182,0
actual,1745690434.7433562,394648.6676232442,4438783.034289292,0.013908633528898054,0
actual,1745690434.843387,394648.6676611442,4438783.0340589,0.013902769222611277,0
actual,1745690434.9433825,394648.6677092009,4438783.033777685,0.013868944741707457,0
actual,1745690435.0433614,394648.66773793777,4438783.033427349,0.013882121977560228,0
actual,1745690435.1433685,394648.6664972626,4438783.035210412,0.013895979891821047,0
actual,1745690435.2433574,394648.6664352652,4438783.035059353,0.013921147539634757,0
actual,1745690435.3433862,394648.66634754813,4438783.034859322,0.013941515532005448,0
actual,1745690435.443367,394648.6662580487,4438783.034662242,0.01392020506183858,0
actual,1745690435.5433962,394648.6660879126,4438783.0344394175,0.013919681463063063,0
actual,1745690435.643394,394648.6678317925,4438783.035140169,0.013899575270080006,0
actual,1745690435.7433221,394648.66787938104,4438783.035008191,0.01391755216137555,0
actual,1745690435.8434052,394648.66790016624,4438783.034874323,0.013876659097001389,0
actual,1745690435.9433625,394648.6678923794,4438783.034647712,0.013901966371155403,0
actual,1745690436.043355,394648.6678918011,4438783.034331967,0.013921810764750577,0
actual,1745690436.1433575,394648.6676525381,4438783.034277057,0.013917674334423378,0
actual,1745690436.2433565,394648.6675839242,4438783.0340649765,0.013908633528898054,0
actual,1745690436.34336,394648.66760121915,4438783.033881329,0.013906486773918064,0
actual,1745690436.443297,394648.66754326003,4438783.033537175,0.013911146803020781,0
actual,1745690436.5433602,394648.6674016414,4438783.033021919,0.01395137664227937,0
actual,1745690436.643383,394648.66750673676,4438783.035317757,0.013946838786223985,0
actual,1745690436.7433581,394648.6674341003,4438783.03532754,0.013966421380431525,0
actual,1745690436.8433554,394648.6673623428,4438783.035250065,0.013976142864365144,0
actual,1745690436.9433196,394648.6672561696,4438783.035147452,0.013980663267127805,0
actual,1745690437.0433626,394648.6670738469,4438783.035041227,0.01396495530385983,0
actual,1745690437.1433716,394648.66692859144,4438783.035967015,0.013879329450756895,0
actual,1745690437.2433653,394648.66670345457,4438783.035893953,0.013897306342052438,0
actual,1745690437.3433652,394648.6664674295,4438783.035834275,0.013846307821309196,0
actual,1745690437.443359,394648.66620956105,4438783.035611827,0.013882261603900284,0
actual,1745690437.543355,394648.66596182773,4438783.035368086,0.013869346167435643,0
actual,1745690437.6433551,394648.6656271159,4438783.036752338,0.013891983087833902,0
actual,1745690437.7434065,394648.6655096336,4438783.036615877,0.013949631313027318,0
actual,1745690437.8434072,394648.6653112734,4438783.036499462,0.013944185885760955,0
actual,1745690437.9433744,394648.6650279604,4438783.03636081,0.013925929741785302,0
actual,1745690438.043361,394648.6646651316,4438783.036133813,0.013933399750983828,0
actual,1745690438.1433613,394648.6653530182,4438783.0361586185,0.013932195473799768,0
actual,1745690438.2433565,394648.6652175069,4438783.035947714,0.013919018237947244,0
actual,1745690438.343378,394648.6650940486,4438783.035627534,0.013924201865825726,0
actual,1745690438.4433916,394648.66496572667,4438783.035298944,0.013925929741785302,0
actual,1745690438.5433602,394648.6647885005,4438783.03489529,0.0139391244309303,0
actual,1745690438.6432946,394648.6656461728,4438783.035919212,0.013937379101678249,0
actual,1745690438.7434106,394648.66547530546,4438783.0356787285,0.013944447685148837,0
actual,1745690438.843401,394648.6651907828,4438783.035373068,0.01395137664227937,0
actual,1745690438.9433603,394648.66484336474,4438783.034948211,0.013908755701945634,0
actual,1745690439.0433583,394648.6644762994,4438783.034436206,0.013941375905665394,0
actual,1745690439.1433828,394648.66553666745,4438783.036994914,0.013887846657506702,0
actual,1745690439.243349,394648.6655648686,4438783.036898327,0.013902891395658857,0
actual,1745690439.3432982,394648.6656293396,4438783.0368259605,0.01389144203576591,0
actual,1745690439.4433641,394648.66574196913,4438783.036689349,0.013873604770810422,0
actual,1745690439.5433667,394648.6658725826,4438783.036489021,0.013876135498225873,0
actual,1745690439.6434238,394648.66518987645,4438783.037738214,0.013867618291476065,0
actual,1745690439.743369,394648.66517854756,4438783.037568884,0.013868141890251583,0
actual,1745690439.8433824,394648.66512031166,4438783.03735081,0.0138969049163245,0
actual,1745690439.9433563,394648.6650284774,4438783.037062044,0.0139250047172816,0
actual,1745690440.0433583,394648.6649047281,4438783.036739968,0.013913677530436232,0
actual,1745690440.1433654,394648.66481161624,4438783.036644999,0.0139391244309303,0
actual,1745690440.2433622,394648.66474725626,4438783.0364267975,0.01393565122571892,0
actual,1745690440.3433208,394648.66462984076,4438783.036200982,0.013926470793853294,0
actual,1745690440.443358,394648.66444356606,4438783.035924068,0.013923940066437842,0
actual,1745690440.5433645,394648.66430014727,4438783.035548995,0.0139340629760994,0
actual,1745690440.6433563,394648.66458679526,4438783.035913705,0.013924865090941544,0
actual,1745690440.743366,394648.6645642244,4438783.035737611,0.013912892132272833,0
actual,1745690440.8433557,394648.66454974655,4438783.035432665,0.013905701375754666,0
actual,1745690440.9433594,394648.66453292966,4438783.035058222,0.013916347884191738,0
actual,1745690441.0433564,394648.6644580726,4438783.034676529,0.013924463665213608,0
actual,1745690441.1433754,394648.66441145557,4438783.036042442,0.013934586574875164,0
actual,1745690441.243386,394648.66447195585,4438783.035940058,0.013920868286954399,0
actual,1745690441.3433604,394648.66453995334,4438783.03580133,0.013921810764750577,0
actual,1745690441.4433568,394648.66436111205,4438783.035662271,0.013918075760151314,0
actual,1745690441.5433662,394648.6640023511,4438783.035505002,0.01389756814144032,0
actual,1745690441.643364,394648.66548873804,4438783.037718359,0.013873744397150476,0
actual,1745690441.743358,394648.66508238827,4438783.03758171,0.013861212933121297,0
actual,1745690441.8433647,394648.6647000106,4438783.03736451,0.013855488253174824,0
actual,1745690441.9433582,394648.6643662224,4438783.036917871,0.013870934417054916,0
actual,1745690442.043367,394648.6641037534,4438783.036531376,0.013903170648339215,0
actual,1745690442.1433659,394648.66272367333,4438783.037772775,0.01393378372341929,0
actual,1745690442.2434003,394648.6628509285,4438783.037512957,0.013943784460033018,0
actual,1745690442.3433595,394648.6631254733,4438783.03722117,0.014037526094157824,0
actual,1745690442.4433556,394648.6633925107,4438783.037095454,0.014012759872071802,0
actual,1745690442.5433607,394648.6634968406,4438783.0367162535,0.0140325868123745,0
actual,1745690442.643368,394648.6640672518,4438783.035636339,0.013933399750983828,0
actual,1745690442.7432897,394648.6640761344,4438783.035481409,0.013924603291553662,0
actual,1745690442.8433752,394648.664218485,4438783.035143058,0.013950975216551434,0
actual,1745690442.9433625,394648.6644550633,4438783.034654575,0.01404218612326054,0
actual,1745690443.043369,394648.664719726,4438783.034365827,0.01397732968825648,0
actual,1745690443.1433828,394648.665003282,4438783.036216347,0.01390435747223055,0
actual,1745690443.2433896,394648.66516911075,4438783.035992598,0.01393299832525589,0
actual,1745690443.3433561,394648.665191626,4438783.035819443,0.013934586574875164,0
actual,1745690443.4433887,394648.66516330733,4438783.0355340615,0.013963489227288137,0
actual,1745690443.5434048,394648.66520625295,4438783.035221022,0.013947903437067742,0
actual,1745690443.6433713,394648.6654893459,4438783.036696006,0.013915824285416222,0
actual,1745690443.7433639,394648.66557008185,4438783.036733275,0.013887061259343303,0
actual,1745690443.8433752,394648.6655408892,4438783.03661617,0.013900639920923764,0
actual,1745690443.943358,394648.6653969233,4438783.036470056,0.013901966371155403,0
actual,1745690444.0433388,394648.6651533089,4438783.036350309,0.013886258407887429,0
actual,1745690444.143363,394648.66436211235,4438783.038094692,0.013900639920923764,0
actual,1745690444.243369,394648.6642513117,4438783.038005746,0.013891843461493848,0
actual,1745690444.3433723,394648.6641920931,4438783.037914942,0.013908755701945634,0
actual,1745690444.443409,394648.66422175674,4438783.03780799,0.013878003000525503,0
actual,1745690444.543383,394648.6643158498,4438783.037546513,0.01390982035278939,0
actual,1745690444.6433666,394648.6648656713,4438783.038202347,0.013926592966900873,0
actual,1745690444.7433574,394648.66474029614,4438783.038007779,0.013935529052671094,0
actual,1745690444.8433604,394648.6644223579,4438783.03771125,0.013947502011339805,0
actual,1745690444.9434218,394648.6639377245,4438783.037372726,0.013938461205814481,0
actual,1745690445.0434015,394648.6634104625,4438783.037010455,0.013928600095540807,0
actual,1745690445.1433723,394648.66552093916,4438783.037142438,0.013914218582504224,0
actual,1745690445.243374,394648.6655609998,4438783.036846368,0.013925929741785302,0
actual,1745690445.3433661,394648.665672814,4438783.036541526,0.013934988000603101,0
actual,1745690445.44336,394648.6657277902,4438783.03614016,0.013972809285493819,0
actual,1745690445.543357,394648.66575384245,4438783.035655074,0.014004225212029767,0
actual,1745690445.6433632,394648.665959324,4438783.036786304,0.013950311991435614,0
actual,1745690445.7433615,394648.66603949177,4438783.036540571,0.013974798960841028,0
actual,1745690445.843398,394648.66613798443,4438783.0363013325,0.013942039130781214,0
actual,1745690445.9433753,394648.66618529765,4438783.035966227,0.01395083559021113,0
actual,1745690446.0433629,394648.6661445706,4438783.035558893,0.01394922988729938,0
actual,1745690446.143363,394648.6656085649,4438783.036395176,0.013914742181279988,0
actual,1745690446.2433584,394648.6655114436,4438783.036174334,0.013884792331315733,0
actual,1745690446.3433595,394648.66546441696,4438783.035807332,0.013925406143009538,0
actual,1745690446.4433796,394648.6653434504,4438783.035429067,0.013893449164405595,0
actual,1745690446.5433714,394648.6650317303,4438783.034942222,0.01388172055183229,0
actual,1745690446.643357,394648.66612528084,4438783.037064891,0.013874145822878414,0
actual,1745690446.743381,394648.6657374026,4438783.036926792,0.013862958262373349,0
actual,1745690446.8434312,394648.66526057926,4438783.03670951,0.01387653692395381,0
actual,1745690446.9433792,394648.66486180254,4438783.03647069,0.013863220061760982,0
actual,1745690447.04336,394648.6646631508,4438783.036110859,0.013850426798343921,0
actual,1745690447.1433613,394648.66596116044,4438783.036195818,0.013908633528898054,0
actual,1745690447.2433586,394648.66621584864,4438783.03599559,0.013888387709574694,0
actual,1745690447.3433547,394648.6664480249,4438783.035754124,0.013863481861148866,0
actual,1745690447.4433656,394648.66664005426,4438783.0354133975,0.013870550444619455,0
actual,1745690447.5433626,394648.66678814474,4438783.035016835,0.013878003000525503,0
actual,1745690447.6433609,394648.66496431024,4438783.037230447,0.013903956046502613,0
actual,1745690447.743362,394648.66474081617,4438783.037125411,0.013860951133733415,0
actual,1745690447.8433561,394648.66444651695,4438783.036957803,0.013836446711035523,0
actual,1745690447.9433951,394648.664108501,4438783.036752066,0.01381593909232453,0
actual,1745690448.0433633,394648.6636879484,4438783.036461831,0.013838192040287328,0
actual,1745690448.1433609,394648.6638261983,4438783.035978077,0.013939648029705817,0
actual,1745690448.2433753,394648.66366700944,4438783.035699971,0.013929525120044261,0
actual,1745690448.3433945,394648.6635113754,4438783.035341451,0.013935127626943156,0
actual,1745690448.4433672,394648.6633692611,4438783.034990861,0.013925929741785302,0
actual,1745690448.5433605,394648.6632470646,4438783.034562406,0.013908092476829814,0
actual,1745690448.6434107,394648.6633495264,4438783.036941561,0.013922212190478515,0
actual,1745690448.74336,394648.66337526625,4438783.036869962,0.013941777331393332,0
actual,1745690448.8433952,394648.66335322044,4438783.036707844,0.013941916957733386,0
actual,1745690448.9433913,394648.6632958563,4438783.036441805,0.013937920153746489,0
actual,1745690449.043372,394648.6632243915,4438783.036243842,0.01393378372341929,0
actual,1745690449.1433642,394648.66396021756,4438783.035793575,0.01388850988262252,0
actual,1745690449.2433662,394648.66396918235,4438783.035558916,0.013902105997495457,0
actual,1745690449.3433607,394648.6639780969,4438783.035320644,0.013908092476829814,0
actual,1745690449.4433563,394648.6639907284,4438783.034995434,0.01393312049830347,0
actual,1745690449.5433586,394648.6640124563,4438783.034641396,0.013910082152177023,0
actual,1745690449.6433964,394648.6657687268,4438783.0332603315,0.013879329450756895,0
actual,1745690449.743373,394648.6658303299,4438783.032953051,0.013906766026598174,0
actual,1745690449.8433647,394648.6658850112,4438783.032564498,0.013936192277786913,0
actual,1745690449.943357,394648.6658660266,4438783.032145046,0.013957223495273422,0
actual,1745690450.0433614,394648.66581377795,4438783.031724407,0.013963489227288137,0
actual,1745690450.1433992,394648.6655714349,4438783.034641217,0.013900762093971343,0
actual,1745690450.2433417,394648.6654842353,4438783.034517771,0.013913153931660715,0
actual,1745690450.3433616,394648.66532260214,4438783.034386737,0.013901303146039583,0
actual,1745690450.4433143,394648.66519568005,4438783.034180839,0.01394603593476811,0
actual,1745690450.5433857,394648.6650688632,4438783.033877665,0.01396495530385983,0
actual,1745690450.6433988,394648.66457128245,4438783.0362744965,0.013889312734078396,0
actual,1745690450.7433827,394648.66438613215,4438783.03620952,0.013893571337453175,0
actual,1745690450.8434048,394648.66418640997,4438783.036048477,0.013900500294583708,0
actual,1745690450.9432883,394648.6640029986,4438783.035843214,0.013939648029705817,0
actual,1745690451.043363,394648.66377401457,4438783.035632145,0.01393593047839903,0
actual,1745690451.1433861,394648.6662018118,4438783.036296867,0.013879329450756895,0
actual,1745690451.2433584,394648.6661122488,4438783.036158763,0.013887846657506702,0
actual,1745690451.34336,394648.6659721148,4438783.035935564,0.013921007913294455,0
actual,1745690451.443365,394648.66575721186,4438783.035608477,0.013955757418701729,0
actual,1745690451.5433989,394648.6655805681,4438783.035249152,0.013966421380431525,0
actual,1745690451.643437,394648.66532695596,4438783.036582636,0.013912612879592475,0
actual,1745690451.7433906,394648.66529341455,4438783.036377302,0.013904235299182971,0
actual,1745690451.8433607,394648.66525862535,4438783.036077711,0.013898109193508312,0
actual,1745690451.943357,394648.66514263966,4438783.035780548,0.013884530531927852,0
actual,1745690452.0433574,394648.66502430366,4438783.035353801,0.013874267995926242,0
actual,1745690452.1434207,394648.6653530386,4438783.035767758,0.013896102064868627,0
actual,1745690452.2433934,394648.66526409436,4438783.035345192,0.013929926545772199,0
actual,1745690452.3433928,394648.6651439479,4438783.034861215,0.013944849110876774,0
actual,1745690452.4433177,394648.6650094388,4438783.034345819,0.013958689571845118,0
actual,1745690452.5433588,394648.6648642836,4438783.03375871,0.013925144343621902,0
actual,1745690452.6433854,394648.665543165,4438783.036710714,0.013893850590133533,0
actual,1745690452.7433584,394648.66542881797,4438783.036489018,0.013887584858118819,0
actual,1745690452.843391,394648.66526224936,4438783.036151089,0.013927535444697051,0
actual,1745690452.9433577,394648.66512287105,4438783.035695974,0.013925406143009538,0
actual,1745690453.0433886,394648.6649724045,4438783.035202218,0.013922473989866149,0
actual,1745690453.1433694,394648.66498047864,4438783.036544973,0.013910623204245265,0
actual,1745690453.2433627,394648.66485938965,4438783.036313812,0.013949910565707676,0
actual,1745690453.3433242,394648.6647056969,4438783.036092756,0.013936052651446857,0
actual,1745690453.4433553,394648.66443169746,4438783.035774525,0.013928600095540807,0
actual,1745690453.5433862,394648.6641189097,4438783.035374403,0.013934185149147226,0
actual,1745690453.6433551,394648.66620686045,4438783.036694128,0.013914480381892106,0
actual,1745690453.7433608,394648.66617689544,4438783.036472942,0.013946838786223985,0
actual,1745690453.8433926,394648.6661392537,4438783.0362199135,0.013936192277786913,0
actual,1745690453.9433775,394648.6660782404,4438783.035891012,0.01396055707414475,0
actual,1745690454.0434005,394648.6659820666,4438783.035532409,0.013946175561108413,0
actual,1745690454.1434064,394648.66671190126,4438783.035912436,0.013906486773918064,0
actual,1745690454.2433586,394648.6666341875,4438783.035635721,0.013902891395658857,0
actual,1745690454.3433912,394648.666524655,4438783.035255099,0.013948043063408045,0
actual,1745690454.4434407,394648.6663854291,4438783.034816728,0.013966543553479104,0
actual,1745690454.5433905,394648.66620904085,4438783.03430669,0.013967486031275282,0
actual,1745690454.6433864,394648.6654501589,4438783.0363648515,0.013905823548802244,0
actual,1745690454.743375,394648.66533535195,4438783.036160801,0.013925144343621902,0
actual,1745690454.8433669,394648.6651828625,4438783.035906276,0.013943644833692962,0
actual,1745690454.9433923,394648.6649346951,4438783.035560476,0.013969353533574914,0
actual,1745690455.0433915,394648.6646898035,4438783.0351405805,0.013956036671382087,0
actual,1745690455.143359,394648.66521672456,4438783.037071271,0.013963349600947835,0
actual,1745690455.243373,394648.66517927876,4438783.036970605,0.013977731113984418,0
actual,1745690455.3433695,394648.66509546136,4438783.0367573025,0.013965758155315706,0
actual,1745690455.44342,394648.66496839374,4438783.036460437,0.013951760614714832,0
actual,1745690455.543405,394648.6648002933,4438783.036118121,0.013945634509040173,0
actual,1745690455.6434145,394648.66456112696,4438783.037619796,0.013882401230240338,0
actual,1745690455.7433326,394648.6644813791,4438783.03746095,0.013883727680471978,0
actual,1745690455.8434072,394648.66437388305,4438783.037248841,0.013878404426253441,0
actual,1745690455.943423,394648.66426284896,4438783.036952124,0.013884251279247493,0
actual,1745690456.0434031,394648.6642253377,4438783.0365681015,0.01385683215669869,0
actual,1745690456.1433864,394648.6643495155,4438783.038497113,0.013920868286954399,0
actual,1745690456.243368,394648.6645110346,4438783.038366359,0.013925406143009538,0
actual,1745690456.3433652,394648.6645833141,4438783.038238046,0.0139250047172816,0
actual,1745690456.443371,394648.6644648759,4438783.038080796,0.013904758897958489,0
actual,1745690456.543373,394648.664120257,4438783.037856167,0.013895438839752807,0
actual,1745690456.6433609,394648.6666915605,4438783.036199389,0.01389851061923625,0
actual,1745690456.7433598,394648.66666467,4438783.035801243,0.013903031021998911,0
actual,1745690456.8433607,394648.666725192,4438783.035420596,0.01387720014906963,0
actual,1745690456.9433568,394648.6668331152,4438783.034958757,0.013910623204245265,0
actual,1745690457.043326,394648.66696496325,4438783.034393831,0.013876275124565927,0
actual,1745690457.1433618,394648.66763313906,4438783.036228415,0.013928198669812871,0
actual,1745690457.2433674,394648.6676643975,4438783.036013738,0.013926592966900873,0
actual,1745690457.3433928,394648.6676034101,4438783.0357386265,0.01389077881065009,0
actual,1745690457.4433823,394648.6675087881,4438783.035286376,0.013897166715712382,0
actual,1745690457.5433955,394648.6673761377,4438783.0347742895,0.013904497098570607,0
actual,1745690457.6433878,394648.66707593494,4438783.036046976,0.013874529795313876,0
actual,1745690457.7433224,394648.6668178326,4438783.035923318,0.01385004282590846,0
actual,1745690457.8434622,394648.6664402262,4438783.035700219,0.01389624169120868,0
actual,1745690457.9434388,394648.6660351409,4438783.035482739,0.013881458752444408,0
actual,1745690458.043382,394648.6656806351,4438783.035152274,0.013924603291553662,0
actual,1745690458.1433976,394648.66681171313,4438783.03521156,0.013933260124643524,0
actual,1745690458.2433887,394648.66683167045,4438783.034993743,0.013944447685148837,0
actual,1745690458.3433976,394648.6668820409,4438783.034734398,0.013973734309997272,0
actual,1745690458.4433892,394648.66694411705,4438783.034441026,0.013978795764828173,0
actual,1745690458.5433595,394648.6669435116,4438783.03411622,0.01396441425179159,0
actual,1745690458.6433647,394648.6669351918,4438783.034869262,0.01389172128844602,0
actual,1745690458.743376,394648.6667815817,4438783.034676646,0.013902228170543037,0
actual,1745690458.8434038,394648.6664711856,4438783.0344058,0.013923800440097788,0
actual,1745690458.9433835,394648.6660679701,4438783.034123723,0.013913014305320413,0
actual,1745690459.0433805,394648.66568557575,4438783.03379305,0.013885455556431553,0
actual,1745690459.1433594,394648.66616983584,4438783.034900983,0.013856692530358636,0
actual,1745690459.2433655,394648.6663323333,4438783.034712057,0.013887445231778765,0
actual,1745690459.343376,394648.6665538407,4438783.034543483,0.013864686138332678,0
actual,1745690459.443374,394648.6668174825,4438783.034251139,0.01385815860693033,0
actual,1745690459.543367,394648.6670927019,4438783.033973236,0.013880795527328588,0
actual,1745690459.6433868,394648.66711446457,4438783.034925785,0.013927535444697051,0
actual,1745690459.7433572,394648.6670351892,4438783.0347964205,0.013936052651446857,0
actual,1745690459.8433843,394648.6667158948,4438783.03470225,0.013907027825986056,0
actual,1745690459.9433572,394648.66624742,4438783.034433149,0.013941916957733386,0
actual,1745690460.0433867,394648.66577856324,4438783.034184105,0.013918075760151314,0
actual,1745690460.1433868,394648.6670632887,4438783.034510215,0.013898109193508312,0
actual,1745690460.243376,394648.66703736945,4438783.034223116,0.013956560270157604,0
actual,1745690460.3433704,394648.6671134945,4438783.034003072,0.013914881807620044,0
actual,1745690460.4433985,394648.6671966161,4438783.033772026,0.013934185149147226,0
actual,1745690460.5433714,394648.6672470237,4438783.033471629,0.01393312049830347,0
actual,1745690460.643394,394648.66365221445,4438783.0344456155,0.013898109193508312,0
actual,1745690460.7433596,394648.6632851994,4438783.034349614,0.013867077239407825,0
actual,1745690460.8433623,394648.6629116472,4438783.034241399,0.013859083631433783,0
actual,1745690460.9433985,394648.66259219905,4438783.033988837,0.013888649508962576,0
actual,1745690461.043391,394648.6622477961,4438783.033703696,0.013913555357388653,0
actual,1745690461.1433823,394648.66470341885,4438783.034003554,0.013903292821386793,0
actual,1745690461.2434566,394648.66457111714,4438783.033873599,0.013915684659075918,0
actual,1745690461.343377,394648.66437519656,4438783.033715491,0.013871335842782852,0
actual,1745690461.4433591,394648.664171336,4438783.033445528,0.013904898524298543,0
actual,1745690461.5433588,394648.66394948855,4438783.033168648,0.013917953587103488,0
actual,1745690461.643435,394648.66482030944,4438783.0357181765,0.013879730876484832,0
actual,1745690461.7433758,394648.66468216403,4438783.035632949,0.013865087564060614,0
actual,1745690461.8433864,394648.6644271406,4438783.035481918,0.013865750789176434,0
actual,1745690461.943368,394648.66405588516,4438783.035275979,0.01386908436804776,0
actual,1745690462.0434008,394648.6636921183,4438783.035024954,0.013864546511992622,0
actual,1745690462.1433837,394648.6643827681,4438783.034527856,0.013901966371155403,0
actual,1745690462.2433598,394648.66431136476,4438783.034284977,0.0139018267448151,0
actual,1745690462.3433557,394648.66418440104,4438783.033974743,0.013922473989866149,0
actual,1745690462.4433546,394648.66384860995,4438783.033596388,0.013883727680471978,0
actual,1745690462.543357,394648.6632419843,4438783.0330990255,0.013946315187448469,0
actual,1745690462.6433973,394648.66376559087,4438783.034797007,0.01391275250593253,0
actual,1745690462.7433846,394648.6634728405,4438783.034705434,0.013896102064868627,0
actual,1745690462.8433309,394648.6632087056,4438783.034474172,0.013915021433960346,0
actual,1745690462.943374,394648.66304144554,4438783.034249731,0.01391755216137555,0
actual,1745690463.043392,394648.66303723626,4438783.033930215,0.013924201865825726,0
actual,1745690463.1433275,394648.6629792154,4438783.033954035,0.013858682205705845,0
actual,1745690463.2433567,394648.6634789484,4438783.033660852,0.013935529052671094,0
actual,1745690463.3433814,394648.66382691206,4438783.033326902,0.013891319862718082,0
actual,1745690463.4433954,394648.6640091638,4438783.0328653315,0.013863883286876802,0
actual,1745690463.5433714,394648.6640707862,4438783.032259713,0.013963751026676019,0
actual,1745690463.6433587,394648.6617724346,4438783.036244064,0.013952825265558341,0
actual,1745690463.743357,394648.66206254426,4438783.036218808,0.013989320100217667,0
actual,1745690463.843372,394648.6625987419,4438783.036035534,0.014076673829279933,0
actual,1745690463.9433937,394648.6631870572,4438783.035883723,0.014038328945613698,0
actual,1745690464.0433564,394648.6636407055,4438783.035648137,0.014087198164669424,0
actual,1745690464.1433866,394648.6603730736,4438783.037083566,0.014046968325411083,0
actual,1745690464.2433915,394648.65999455634,4438783.036920922,0.014075870977824057,0
actual,1745690464.343287,394648.659621093,4438783.036731267,0.014101440051365705,0
actual,1745690464.4433742,394648.6592431684,4438783.036470591,0.014117549440361617,0
actual,1745690464.5433693,394648.6588361456,4438783.036116854,0.014132332379126138,0
actual,1745690464.6435847,394648.65848267113,4438783.035792781,0.014134723480201285,0
actual,1745690464.7433593,394648.6611769751,4438783.037173101,0.014108892607271755,0
actual,1745690464.8433552,394648.66110980057,4438783.036789877,0.014140587786488062,0
actual,1745690464.9433599,394648.66107300087,4438783.036424045,0.014139523135644306,0
actual,1745690465.0433946,394648.6610358587,4438783.036027623,0.014171078688520309,0
actual,1745690465.1433954,394648.66332075617,4438783.035877834,0.014164428984070134,0
actual,1745690465.2433898,394648.6637104295,4438783.035326527,0.01417294619081994,0
actual,1745690465.3433037,394648.6641038077,4438783.0347276265,0.014199178489477408,0
actual,1745690465.4434505,394648.6644261981,4438783.034040051,0.014181725196957382,0
actual,1745690465.5433676,394648.66462456295,4438783.03324051,0.014210889648758237,0
actual,1745690465.6433606,394648.6619637434,4438783.0370563185,0.014169089013173099,0
actual,1745690465.7433581,394648.6616719556,4438783.0367672425,0.014186786651788283,0
actual,1745690465.8433774,394648.66139567125,4438783.036476156,0.014176140143351211,0
actual,1745690465.9434028,394648.66111358244,4438783.036141422,0.014186786651788283,0
actual,1745690466.0434074,394648.66077882244,4438783.035700961,0.014211430700826477,0
actual,1745690466.1433616,394648.6643239594,4438783.036864144,0.01420689284477134,0
actual,1745690466.2433586,394648.6646065489,4438783.036715166,0.014183191273529076,0
actual,1745690466.3433838,394648.6649594871,4438783.036394559,0.014177344420535023,0
actual,1745690466.4433987,394648.66531077935,4438783.036055335,0.014211954299601995,0
actual,1745690466.5433626,394648.66560830356,4438783.035726861,0.014189718804931672,0
actual,1745690466.6433597,394648.66348590795,4438783.034837736,0.014237261573756007,0
actual,1745690466.7433896,394648.66327770596,4438783.0341632515,0.014243387679430418,0
actual,1745690466.843392,394648.66296228184,4438783.033470396,0.01425536063809913,0
actual,1745690466.9433937,394648.6626547338,4438783.032661346,0.014263493872413475,0
actual,1745690467.0433939,394648.66245341965,4438783.03177682,0.014266146772876506,0
actual,1745690467.143391,394648.66347384086,4438783.034526505,0.014270283203203706,0
actual,1745690467.2433903,394648.6635159863,4438783.034051477,0.014278678236905686,0
actual,1745690467.343359,394648.66353454697,4438783.033480332,0.01427920183568145,0
actual,1745690467.4433992,394648.6634332065,4438783.032875482,0.014287858668771311,0
actual,1745690467.5433743,394648.66324475023,4438783.032221302,0.014281208964321137,0
actual,1745690467.6433613,394648.664074993,4438783.034968287,0.014282395788212473,0
actual,1745690467.743387,394648.66407523985,4438783.034679299,0.014312363091469204,0
actual,1745690467.8433561,394648.66414015414,4438783.034383536,0.014313165942925078,0
actual,1745690467.9434,394648.6640915243,4438783.033934409,0.014341126117542121,0
actual,1745690468.0433986,394648.6640339874,4438783.0334121045,0.014333272135908135,0
actual,1745690468.1433907,394648.6636187735,4438783.035871699,0.013928861894928441,0
actual,1745690468.24337,394648.6633667529,4438783.035843809,0.013881057326716472,0
actual,1745690468.3433902,394648.66325895616,4438783.035553058,0.013918738985266885,0
actual,1745690468.443414,394648.6631691421,4438783.035311085,0.013954692767857973,0
actual,1745690468.5434024,394648.6629459234,4438783.035014834,0.013945634509040173,0
actual,1745690468.6433606,394648.6623497652,4438783.035842135,0.013921269712682337,0
actual,1745690468.7434008,394648.6621765008,4438783.035722916,0.01387334297142254,0
actual,1745690468.8434463,394648.6618124503,4438783.035595758,0.013843113868778175,0
actual,1745690468.9434042,394648.6613745192,4438783.035179289,0.013850426798343921,0
actual,1745690469.043392,394648.66094903485,4438783.034629811,0.013902507423223395,0
actual,1745690469.1433623,394648.6621920933,4438783.034845388,0.013984520444774648,0
actual,1745690469.243389,394648.662313372,4438783.03470631,0.013942841982237088,0
actual,1745690469.3433573,394648.6625761748,4438783.034445076,0.013988115823033855,0
actual,1745690469.4433916,394648.6628805421,4438783.034299414,0.013909017501333268,0
actual,1745690469.5433564,394648.6631241244,4438783.033973617,0.013943644833692962,0
actual,1745690469.6433837,394648.6619607714,4438783.03520128,0.013945372709652291,0
actual,1745690469.743384,394648.6617864435,4438783.035030349,0.013931130822956259,0
actual,1745690469.8433967,394648.66140340606,4438783.034759723,0.013964012826063653,0
actual,1745690469.9433644,394648.66093610186,4438783.034410687,0.01393858337886206,0
actual,1745690470.0433598,394648.6604535998,4438783.034009613,0.01396441425179159,0
actual,1745690470.143389,394648.66227430885,4438783.034156406,0.013928059043472567,0
actual,1745690470.2433586,394648.662409098,4438783.033951822,0.013936715876562429,0
actual,1745690470.3433633,394648.66255023924,4438783.033653848,0.01393978765604612,0
actual,1745690470.4433587,394648.6627318523,4438783.03333947,0.013948165236455624,0
actual,1745690470.543401,394648.663016707,4438783.033005082,0.013920344688178883,0
actual,1745690470.6432705,394648.66450448614,4438783.034238567,0.013891983087833902,0
actual,1745690470.7434077,394648.6645770098,4438783.034043118,0.013933260124643524,0
actual,1745690470.8433695,394648.664475975,4438783.0337562505,0.01396507747690741,0
actual,1745690470.9433618,394648.6642912699,4438783.033481048,0.013963349600947835,0
actual,1745690471.043391,394648.6641087255,4438783.033120584,0.013959230623913358,0
actual,1745690471.1433995,394648.66350227967,4438783.033878019,0.013909698179741564,0
actual,1745690471.243365,394648.66335234826,4438783.033573771,0.013914620008232162,0
actual,1745690471.343367,394648.6632358582,4438783.033253658,0.013894252015861471,0
actual,1745690471.4433703,394648.6631888904,4438783.032875978,0.013921671138410275,0
actual,1745690471.5433676,394648.6630913016,4438783.032432941,0.01393593047839903,0
actual,1745690471.643369,394648.6622652684,4438783.0358677115,0.013925266516669482,0
actual,1745690471.7433972,394648.6619740034,4438783.035810361,0.01391076283058532,0
actual,1745690471.8433924,394648.6615794278,4438783.035763902,0.013894775614636987,0
actual,1745690471.9433901,394648.66110966064,4438783.03559159,0.013892785939289776,0
actual,1745690472.043382,394648.6606543898,4438783.035347662,0.01387599587188557,0
actual,1745690472.143358,394648.66232214763,4438783.035153602,0.01387107404339497,0
actual,1745690472.2433767,394648.66238366516,4438783.034935728,0.013892105260881481,0
actual,1745690472.3433697,394648.6623490349,4438783.034667173,0.01389371096379348,0
actual,1745690472.4433901,394648.66222520027,4438783.034415933,0.01389678274327692,0
actual,1745690472.5433586,394648.66201018303,4438783.034094909,0.013897166715712382,0
actual,1745690472.6434011,394648.6628387661,4438783.034514419,0.013888248083234639,0
actual,1745690472.743369,394648.6628486671,4438783.034321611,0.013884390905587797,0
actual,1745690472.8433547,394648.6628941346,4438783.034009331,0.013897306342052438,0
actual,1745690472.9434016,394648.663038161,4438783.033695098,0.013934586574875164,0
actual,1745690473.0433643,394648.6632156733,4438783.033344925,0.013954291342130035,0
actual,1745690473.1433086,394648.66275195905,4438783.035219101,0.013925528316057116,0
actual,1745690473.243371,394648.66268745647,4438783.035085186,0.013954972020538331,0
actual,1745690473.3433669,394648.66254861176,4438783.034989363,0.013910885003632899,0
actual,1745690473.4433591,394648.6623733012,4438783.034807123,0.013897707767780376,0
actual,1745690473.5433562,394648.66226127296,4438783.034575402,0.01387173726851079,0
actual,1745690473.6433582,394648.6647848331,4438783.034856333,0.013920344688178883,0
actual,1745690473.743357,394648.6649341256,4438783.03475342,0.013922212190478515,0
actual,1745690473.8433588,394648.6650763457,4438783.034594149,0.013934726201215218,0
actual,1745690473.9434328,394648.6652590337,4438783.0344138965,0.013951900241054888,0
actual,1745690474.043399,394648.66548591544,4438783.034132703,0.013948043063408045,0
actual,1745690474.1433587,394648.6643265717,4438783.033742271,0.013940189081774058,0
actual,1745690474.2433584,394648.6644240054,4438783.033497629,0.013909959979129445,0
actual,1745690474.3433542,394648.6644796119,4438783.033134753,0.013949631313027318,0
actual,1745690474.4433742,394648.6643352776,4438783.032804885,0.013983595420271194,0
actual,1745690474.5433302,394648.66396256356,4438783.032530818,0.013966822806159462,0
actual,1745690474.6433609,394648.6651925108,4438783.033104765,0.013908493902557752,0
actual,1745690474.74336,394648.66489489534,4438783.032810667,0.013928338296152925,0
actual,1745690474.843357,394648.66472947976,4438783.032523328,0.013940311254821636,0
actual,1745690474.943352,394648.66473919235,4438783.032214134,0.013963890653016075,0
actual,1745690475.0433607,394648.6648498955,4438783.031825435,0.014002095910342254,0
actual,1745690475.1433825,394648.66494269157,4438783.033007889,0.013921932937798157,0
actual,1745690475.243387,394648.6648739994,4438783.032936489,0.013909959979129445,0
actual,1745690475.3433943,394648.6648284245,4438783.03275088,0.013910885003632899,0
actual,1745690475.4433863,394648.66485013696,4438783.032501056,0.013941375905665394,0
actual,1745690475.5433364,394648.66487479256,4438783.032269123,0.013955635245654149,0
actual,1745690475.6433578,394648.6651409247,4438783.033557689,0.013895840265480745,0
actual,1745690475.7433598,394648.66504524654,4438783.033411594,0.013907429251713994,0
actual,1745690475.8433554,394648.66491905483,4438783.033283097,0.013867216865748128,0
actual,1745690475.9433851,394648.6648002743,4438783.032982692,0.013914358208844527,0
actual,1745690476.0434024,394648.6646887753,4438783.032672891,0.01394244055650915,0
actual,1745690476.1433558,394648.6642565734,4438783.034405548,0.013933521924031406,0
actual,1745690476.2433968,394648.6641660933,4438783.034340407,0.0139159464584638,0
actual,1745690476.343305,394648.6639979553,4438783.034195029,0.013919803636110643,0
actual,1745690476.443413,394648.6637415058,4438783.034079945,0.013914742181279988,0
actual,1745690476.5433683,394648.6634138791,4438783.033888622,0.013950573790823248,0
actual,1745690476.6433902,394648.66453994974,4438783.033703833,0.013976404663752778,0
actual,1745690476.7433574,394648.6644533031,4438783.033532983,0.01399090834983694,0
actual,1745690476.8433876,394648.66432214045,4438783.03335322,0.013980401467739923,0
actual,1745690476.9433794,394648.66416573856,4438783.033062567,0.014000245861335098,0
actual,1745690477.0433948,394648.6640307072,4438783.032732548,0.014000909086450918,0
actual,1745690477.143304,394648.6645193539,4438783.033657785,0.013946716613176405,0
actual,1745690477.243357,394648.6643913067,4438783.03356547,0.013949369513639436,0
actual,1745690477.3433614,394648.6642351982,4438783.033415851,0.01394244055650915,0
actual,1745690477.443353,394648.6640428718,4438783.033214522,0.013946576986836351,0
actual,1745690477.5432837,394648.66379116464,4438783.032967553,0.013963489227288137,0
actual,1745690477.6433828,394648.6643522155,4438783.033353955,0.01390915712767357,0
actual,1745690477.7433546,394648.66425520356,4438783.033216952,0.013928739721880863,0
actual,1745690477.8433602,394648.6641606556,4438783.033009484,0.013979336816896167,0
actual,1745690477.9433775,394648.66409069236,4438783.032809745,0.013970418184418422,0
actual,1745690478.043398,394648.663985386,4438783.032592761,0.013945512335992593,0
actual,1745690478.1433058,394648.6648090683,4438783.032376905,0.01389624169120868,0
actual,1745690478.2433643,394648.6647556403,4438783.032189692,0.013904235299182971,0
actual,1745690478.343438,394648.66463247006,4438783.031941302,0.013909558553401508,0
actual,1745690478.4434042,394648.6644104937,4438783.031639683,0.013942178757121268,0
actual,1745690478.5433629,394648.66419782024,4438783.031291539,0.013960295274756866,0
actual,1745690478.6433299,394648.66480759607,4438783.030729046,0.013929664746384565,0
actual,1745690478.7433853,394648.66476231674,4438783.030389983,0.013912351080204593,0
actual,1745690478.843391,394648.66465547343,4438783.029988439,0.013950311991435614,0
actual,1745690478.943308,394648.664523969,4438783.029578274,0.013919681463063063,0
actual,1745690479.043359,394648.6643456602,4438783.029099113,0.013910361404857382,0
actual,1745690479.143355,394648.66559527855,4438783.02988342,0.013886118781547125,0
actual,1745690479.2433562,394648.6655262043,4438783.029667949,0.01386561116283638,0
actual,1745690479.3433583,394648.66544673697,4438783.029409304,0.013854702855011424,0
actual,1745690479.4433815,394648.6653193204,4438783.029100128,0.013883186628403738,0
actual,1745690479.5433855,394648.66516388656,4438783.028704411,0.013897166715712382,0
actual,1745690479.6433692,394648.66595994,4438783.030397373,0.013895316666705227,0
actual,1745690479.743384,394648.6659785722,4438783.030276399,0.013899296017399648,0
actual,1745690479.8433886,394648.66595699964,4438783.030065741,0.013904758897958489,0
actual,1745690479.9433594,394648.6658574638,4438783.029806727,0.01389983706946789,0
actual,1745690480.0433624,394648.6657196383,4438783.029509908,0.013909017501333268,0
actual,1745690480.1433878,394648.66595757933,4438783.030315689,0.013934185149147226,0
actual,1745690480.2433884,394648.6658315475,4438783.030106411,0.01394244055650915,0
actual,1745690480.343403,394648.6656560595,4438783.029891256,0.013952039867394942,0
actual,1745690480.44336,394648.66547369293,4438783.029612528,0.013951760614714832,0
actual,1745690480.5433848,394648.66529666795,4438783.029278472,0.013940590507501995,0
actual,1745690480.6433542,394648.66534521925,4438783.031272745,0.013893972763181113,0
actual,1745690480.743354,394648.66518514795,4438783.031199619,0.013948706288523616,0
actual,1745690480.8433862,394648.6650506453,4438783.031081225,0.013961621724988505,0
actual,1745690480.94339,394648.664879987,4438783.03092801,0.013979458989943745,0
actual,1745690481.0433729,394648.6646689675,4438783.030749263,0.014000368034382676,0
actual,1745690481.1433675,394648.66640132427,4438783.031017492,0.01394603593476811,0
actual,1745690481.2433887,394648.6663574163,4438783.030832407,0.013955635245654149,0
actual,1745690481.343384,394648.66626072145,4438783.03061673,0.013959754222688874,0
actual,1745690481.443354,394648.666075685,4438783.030353208,0.013928198669812871,0
actual,1745690481.543388,394648.66576998675,4438783.030058068,0.01391755216137555,0
actual,1745690481.6433542,394648.66659735003,4438783.031499759,0.013875332646769998,0
actual,1745690481.7434034,394648.66637332446,4438783.031323523,0.013928861894928441,0
actual,1745690481.8433592,394648.6661547047,4438783.0311526265,0.013925929741785302,0
actual,1745690481.9433687,394648.6658659045,4438783.030915094,0.01395017236509531,0
actual,1745690482.04336,394648.6655651522,4438783.030600635,0.0139440462594209,0
actual,1745690482.1433554,394648.6664482223,4438783.031255466,0.013926872219581232,0
actual,1745690482.2433546,394648.66635497264,4438783.031061028,0.013936995129242787,0
actual,1745690482.3433998,394648.6662878619,4438783.030810125,0.013937117302290367,0
actual,1745690482.4433563,394648.66620571865,4438783.030517134,0.013922613616206453,0
actual,1745690482.54338,394648.6660778959,4438783.030198397,0.013919018237947244,0
actual,1745690482.643359,394648.66566726234,4438783.031733234,0.013909959979129445,0
actual,1745690482.7434208,394648.6655846599,4438783.0316186985,0.01390716745232636,0
actual,1745690482.8433614,394648.66546518286,4438783.031433057,0.013916487510531794,0
actual,1745690482.9433832,394648.66531571496,4438783.031231422,0.013909017501333268,0
actual,1745690483.0433915,394648.6651344794,4438783.03096774,0.013921810764750577,0
actual,1745690483.143295,394648.6662188986,4438783.031425551,0.01392273578925403,0
actual,1745690483.2433922,394648.6661895795,4438783.031288884,0.013921671138410275,0
actual,1745690483.3433845,394648.66612969735,4438783.031124314,0.013925144343621902,0
actual,1745690483.4433572,394648.6660760882,4438783.03092586,0.01391142605570114,0
actual,1745690483.5433388,394648.6660240326,4438783.030640751,0.013902769222611277,0
actual,1745690483.6434493,394648.6671381872,4438783.030513813,0.01388332625474404,0
actual,1745690483.743367,394648.66708416364,4438783.030312151,0.013903694247114731,0
actual,1745690483.8433545,394648.6670078159,4438783.030108928,0.013891581662105964,0
actual,1745690483.943357,394648.6668960556,4438783.029822166,0.013914358208844527,0
actual,1745690484.0433605,394648.6667443942,4438783.0295278495,0.013929001521268745,0
actual,1745690484.143387,394648.6657502872,4438783.0317093795,0.01391341573104835,0
actual,1745690484.2433596,394648.66555233323,4438783.031647572,0.013937658354358607,0
actual,1745690484.3434036,394648.6653671178,4438783.031592436,0.01391142605570114,0
actual,1745690484.4433968,394648.66513966117,4438783.031485214,0.013900098868855772,0
actual,1745690484.5433788,394648.6648669423,4438783.031335585,0.013895578466093109,0
actual,1745690484.643355,394648.66527895466,4438783.031972402,0.013892646312949722,0
actual,1745690484.743386,394648.66515858955,4438783.031811918,0.013898632792284078,0
actual,1745690484.8433826,394648.66498334415,4438783.031578695,0.013887986283846757,0
actual,1745690484.9433634,394648.6646967939,4438783.031255921,0.013881057326716472,0
actual,1745690485.043368,394648.6643616196,4438783.030862708,0.013887323058731185,0
actual,1745690485.1433678,394648.66534200637,4438783.032094255,0.01391660968357962,0
actual,1745690485.2433708,394648.6652418371,4438783.03188888,0.013922334363526094,0
actual,1745690485.3433664,394648.66513442574,4438783.031672793,0.013914358208844527,0
actual,1745690485.4433546,394648.6649757726,4438783.031378595,0.013902629596270975,0
actual,1745690485.543408,394648.6648740757,4438783.03103594,0.013892908112337355,0
actual,1745690485.643363,394648.665026707,4438783.032137644,0.013892908112337355,0
actual,1745690485.7433548,394648.66505668,4438783.031966916,0.013914742181279988,0
actual,1745690485.843355,394648.66504808783,4438783.0317287985,0.013891843461493848,0
actual,1745690485.9433966,394648.66499260743,4438783.031425875,0.013939525856658239,0
actual,1745690486.0433588,394648.66492061416,4438783.031146859,0.01390716745232636,0
actual,1745690486.1433563,394648.66472753015,4438783.0316395,0.01385815860693033,0
actual,1745690486.2433581,394648.66454500234,4438783.031475258,0.013856430730970754,0
actual,1745690486.3433867,394648.6643607851,4438783.031264844,0.01383779061455939,0
actual,1745690486.4433854,394648.6641593848,4438783.030937348,0.013859362884114141,0
actual,1745690486.5433812,394648.6639355538,4438783.030558217,0.013874529795313876,0
actual,1745690486.6432948,394648.6642417128,4438783.030883162,0.013885054130703369,0
actual,1745690486.7433581,394648.6641866114,4438783.030656395,0.013834195236300431,0
actual,1745690486.8432918,394648.6640943539,4438783.0303327935,0.01383684813676346,0
actual,1745690486.9433603,394648.66398524004,4438783.029971525,0.013825276603822687,0
actual,1745690487.0433853,394648.663878881,4438783.029515436,0.013837650988219336,0
actual,1745690487.1433976,394648.6643107871,4438783.030361298,0.013915283233347982,0
actual,1745690487.2434018,394648.66423341614,4438783.030129629,0.013912612879592475,0
actual,1745690487.3433871,394648.6641068466,4438783.02983848,0.01391954183672301,0
actual,1745690487.4434195,394648.66397499095,4438783.029438561,0.013919943262450945,0
actual,1745690487.5433922,394648.6638112187,4438783.028994443,0.013911146803020781,0
actual,1745690487.643366,394648.66399230174,4438783.029874399,0.013890255211874326,0
actual,1745690487.7433567,394648.6639048909,4438783.029671967,0.013847913524220946,0
actual,1745690487.8433864,394648.6637715063,4438783.029410669,0.013848838548724648,0
actual,1745690487.9433565,394648.663631078,4438783.029065485,0.013834980634463829,0
actual,1745690488.043356,394648.66342022194,4438783.02866155,0.013821279799835542,0
actual,1745690488.1433895,394648.6638697797,4438783.030402578,0.013885315930091251,0
actual,1745690488.243392,394648.66377534496,4438783.030251904,0.013903432447727097,0
actual,1745690488.3433673,394648.6636606041,4438783.030104763,0.013899976695807944,0
actual,1745690488.4433901,394648.66355452314,4438783.029881686,0.013920082888791001,0
actual,1745690488.5433867,394648.6634793974,4438783.029596132,0.01389304773867766,0
actual,1745690488.6433575,394648.6636794589,4438783.031042574,0.013838052413947272,0
actual,1745690488.7433586,394648.6636742015,4438783.030957656,0.013835923112259759,0
actual,1745690488.8433964,394648.6636617086,4438783.030824706,0.01383100128376916,0
actual,1745690488.9434237,394648.66358335386,4438783.03067877,0.013854161802943184,0
actual,1745690489.0433655,394648.6635738204,4438783.030446523,0.013866274387951951,0
actual,1745690489.1433597,394648.66372725106,4438783.031422513,0.013875594446157631,0
actual,1745690489.2433884,394648.66389201663,4438783.031286595,0.013898772418624132,0
actual,1745690489.3434196,394648.66406379733,4438783.031048399,0.013912892132272833,0
actual,1745690489.4433703,394648.6641660697,4438783.030763368,0.013901041346651702,0
actual,1745690489.5433526,394648.66409537493,4438783.030482872,0.013900762093971343,0
actual,1745690489.6433592,394648.66392007994,4438783.031450306,0.013843777093893747,0
actual,1745690489.7433531,394648.6635605772,4438783.03120193,0.0139059631751423,0
actual,1745690489.843358,394648.663283138,4438783.030951939,0.013912490706544897,0
actual,1745690489.9433987,394648.66304370435,4438783.030771304,0.013841647792206481,0
actual,1745690490.0434072,394648.6627412501,4438783.030471287,0.013886380580935007,0
actual,1745690490.1433544,394648.66402337066,4438783.03256474,0.013900238495195826,0
actual,1745690490.2433558,394648.66415626404,4438783.03241858,0.013928460469200505,0
actual,1745690490.3434048,394648.6642655245,4438783.032398385,0.01391954183672301,0
actual,1745690490.4433608,394648.66434282745,4438783.032217218,0.01399637123039578,0
actual,1745690490.5433807,394648.6643919082,4438783.031973804,0.014023266754168819,0
actual,1745690490.643357,394648.66259976535,4438783.033359256,0.013907027825986056,0
actual,1745690490.743358,394648.66245400393,4438783.033376458,0.013879870502825135,0
actual,1745690490.8434086,394648.66227570584,4438783.033285164,0.01390116351969928,0
actual,1745690490.9433835,394648.6620951815,4438783.033273634,0.013897707767780376,0
actual,1745690491.0433588,394648.6618547581,4438783.033276594,0.013871876894850844,0
actual,1745690491.143357,394648.66381715774,4438783.031249469,0.013894374188909049,0
actual,1745690491.243445,394648.66377579095,4438783.031055536,0.013875210473722172,0
actual,1745690491.3433702,394648.6637044968,4438783.030787257,0.013865750789176434,0
actual,1745690491.443334,394648.6635692142,4438783.030540658,0.013861753985189289,0
actual,1745690491.5433574,394648.66348572634,4438783.030190162,0.013896503490596563,0
actual,1745690491.6433818,394648.6646057606,4438783.0317961015,0.013904497098570607,0
actual,1745690491.7433984,394648.6646788017,4438783.031757666,0.013882261603900284,0
actual,1745690491.8433542,394648.66469031025,4438783.0316992225,0.013864145086264686,0
actual,1745690491.9433565,394648.66464269604,4438783.031430232,0.013891581662105964,0
actual,1745690492.0433545,394648.6646016909,4438783.031154429,0.013893187365017714,0
actual,1745690492.1433547,394648.6643240337,4438783.030927393,0.013924079692778146,0
actual,1745690492.243355,394648.66428750625,4438783.030745111,0.013909959979129445,0
actual,1745690492.3433545,394648.66418217734,4438783.030524944,0.013928059043472567,0
actual,1745690492.443362,394648.66402207024,4438783.030307311,0.013913817156776287,0
actual,1745690492.543384,394648.66387307306,4438783.029979111,0.013936192277786913,0
actual,1745690492.6433947,394648.6644688515,4438783.031155741,0.013913153931660715,0
actual,1745690492.7433968,394648.6643647809,4438783.031067987,0.013904095672842669,0
actual,1745690492.8433747,394648.6643573954,4438783.03089306,0.01393018834516008,0
actual,1745690492.9433577,394648.66432870267,4438783.0306478245,0.013969353533574914,0
actual,1745690493.0433695,394648.66421363817,4438783.030435543,0.013949770939367374,0
actual,1745690493.1434188,394648.6650398433,4438783.031524132,0.013864546511992622,0
actual,1745690493.2433794,394648.6650373225,4438783.031579188,0.013835120260803885,0
actual,1745690493.3433633,394648.6651028248,4438783.031380552,0.013904497098570607,0
actual,1745690493.4433694,394648.6651945694,4438783.03104733,0.013915545032735864,0
actual,1745690493.5433788,394648.6651454237,4438783.031001489,0.01383857601272279,0
actual,1745690493.6433752,394648.6645913162,4438783.031088287,0.013737242196352126,0
actual,1745690493.7433527,394648.6643589301,4438783.030721048,0.01379330217192627,0
actual,1745690493.8436627,394648.6641330521,4438783.030594565,0.013801557579288195,0
actual,1745690493.9433644,394648.6640119789,4438783.030638033,0.013724728185615175,0
actual,1745690494.043355,394648.6638884089,4438783.030224868,0.01379263894681045,0
actual,1745690494.1433582,394648.665151917,4438783.030993756,0.013788118544047788,0
actual,1745690494.2434466,394648.6652474886,4438783.030915288,0.013764416972805523,0
actual,1745690494.343383,394648.6653674495,4438783.030613517,0.01373832430048836,0
actual,1745690494.443359,394648.66545228614,4438783.030207505,0.013779322084617624,0
actual,1745690494.5433588,394648.6655358793,4438783.02990804,0.013754032263756334,0
actual,1745690494.6435454,394648.6643838383,4438783.031376031,0.013833915983620073,0
actual,1745690494.743372,394648.66426566005,4438783.031178624,0.01382939558085741,0
actual,1745690494.8433661,394648.66407443886,4438783.030988061,0.01385335895148731,0
actual,1745690494.9433694,394648.6638883645,4438783.030793878,0.013828994155129474,0
actual,1745690495.043363,394648.6636983574,4438783.030533847,0.013813949416977318,0
actual,1745690495.1433566,394648.6643199662,4438783.03154241,0.013889853786146388,0
actual,1745690495.243399,394648.6642650616,4438783.031394213,0.013904898524298543,0
actual,1745690495.3433564,394648.6642221226,4438783.031158241,0.013920868286954399,0
actual,1745690495.443288,394648.66414855537,4438783.03085206,0.013919681463063063,0
actual,1745690495.5433621,394648.66402338573,4438783.030516135,0.013906486773918064,0
actual,1745690495.6433902,394648.66395442234,4438783.031135925,0.013919402210382705,0
actual,1745690495.7433596,394648.66386569256,4438783.030923587,0.01392140933902264,0
actual,1745690495.8433583,394648.6637283419,4438783.030669925,0.013939648029705817,0
actual,1745690495.943355,394648.66357887676,4438783.030370509,0.013971605008310007,0
actual,1745690496.043359,394648.663417787,4438783.030003051,0.013963227427900255,0
actual,1745690496.1433566,394648.66528706334,4438783.030587686,0.013920344688178883,0
actual,1745690496.243362,394648.6653082654,4438783.030456881,0.013916749309919676,0
actual,1745690496.34336,394648.66529362637,4438783.030242383,0.013921007913294455,0
actual,1745690496.443398,394648.6653258092,4438783.030026467,0.013899435643739952,0
actual,1745690496.543399,394648.665349621,4438783.029716708,0.013905422123074308,0
actual,1745690496.643385,394648.6648305971,4438783.0302881645,0.013920484314518939,0
actual,1745690496.74336,394648.664764325,4438783.0301411105,0.013918738985266885,0
actual,1745690496.8433776,394648.6646626146,4438783.029960746,0.013908895328285688,0
actual,1745690496.9433568,394648.66455848527,4438783.029690754,0.013911024629973201,0
actual,1745690497.0434222,394648.6644531317,4438783.029340691,0.013922613616206453,0
actual,1745690497.1434162,394648.6648201342,4438783.03035269,0.013917412535035496,0
actual,1745690497.2434096,394648.66476742015,4438783.030247864,0.013916208257851684,0
actual,1745690497.3433537,394648.66455078596,4438783.0301383715,0.013902105997495457,0
actual,1745690497.4434407,394648.6643305229,4438783.02979525,0.013948706288523616,0
actual,1745690497.5433748,394648.6641753857,4438783.0294218315,0.013977067888868598,0
actual,1745690497.643358,394648.66528966284,4438783.030961613,0.013925144343621902,0
actual,1745690497.7433817,394648.6652941103,4438783.030965756,0.013924463665213608,0
actual,1745690497.8433778,394648.6652168847,4438783.030883677,0.013923800440097788,0
actual,1745690497.9433763,394648.66506036546,4438783.03081419,0.013927675071037105,0
actual,1745690498.043371,394648.66486677737,4438783.030694365,0.013926208994465412,0
actual,1745690498.143363,394648.6639435198,4438783.030366131,0.013922613616206453,0
actual,1745690498.243357,394648.6638403774,4438783.030156945,0.013917953587103488,0
actual,1745690498.3433566,394648.66372012114,4438783.029846591,0.013954570594810393,0
actual,1745690498.443398,394648.6636233271,4438783.029529531,0.01395696169588554,0
actual,1745690498.5434055,394648.66361730825,4438783.029170814,0.013961883524376387,0
actual,1745690498.6433575,394648.66441529174,4438783.029930102,0.013934865827555522,0
actual,1745690498.7433696,394648.6643967648,4438783.029818652,0.01393659370351485,0
actual,1745690498.8433614,394648.66426705715,4438783.029694504,0.013920082888791001,0
actual,1745690498.9433568,394648.66412668297,4438783.029506165,0.013936995129242787,0
actual,1745690499.043387,394648.66397562734,4438783.029297997,0.013978394339100237,0
actual,1745690499.1433647,394648.6658287743,4438783.0301681245,0.013945512335992593,0
actual,1745690499.2433639,394648.66580639646,4438783.030103829,0.013950975216551434,0
actual,1745690499.3433642,394648.6657804932,4438783.029979963,0.01394470948453672,0
actual,1745690499.4433558,394648.66574074957,4438783.029860848,0.013927395818356747,0
actual,1745690499.5433693,394648.66570139397,4438783.029725474,0.013897707767780376,0
actual,1745690499.6433609,394648.66511972813,4438783.0298914965,0.013896381317548985,0
actual,1745690499.7433686,394648.6650110832,4438783.029769781,0.013894915240977291,0
actual,1745690499.8433757,394648.664851296,4438783.029603201,0.013901303146039583,0
actual,1745690499.9433594,394648.6646608988,4438783.029363807,0.013907691051101876,0
actual,1745690500.0433846,394648.664421053,4438783.0290904995,0.013915824285416222,0
actual,1745690500.1433544,394648.6656997946,4438783.030993611,0.01393245727318765,0
actual,1745690500.243387,394648.6656935091,4438783.030940484,0.013907830677441932,0
actual,1745690500.3433905,394648.6656520593,4438783.030826377,0.013895037414024869,0
actual,1745690500.4433923,394648.6655766785,4438783.030657772,0.013885856982159491,0
actual,1745690500.543357,394648.6654821519,4438783.0304487925,0.013848576749336766,0
actual,1745690500.6433554,394648.66555686377,4438783.030988983,0.013876938349681747,0
actual,1745690500.7433598,394648.6654957566,4438783.030832908,0.01387161509546321,0
actual,1745690500.843359,394648.6654043656,4438783.030660128,0.013825660576258147,0
actual,1745690500.9433782,394648.6652888828,4438783.03041204,0.013844318145961987,0
actual,1745690501.0433593,394648.66514826106,4438783.030129215,0.013852835352711793,0
actual,1745690501.1433833,394648.66575408087,4438783.029522535,0.013928861894928441,0
actual,1745690501.2433689,394648.66565608326,4438783.029313576,0.013921007913294455,0
actual,1745690501.3433664,394648.6655653557,4438783.029019827,0.01392273578925403,0
actual,1745690501.443358,394648.66547612683,4438783.02869482,0.01390915712767357,0
actual,1745690501.5433567,394648.6652994109,4438783.028310707,0.013921932937798157,0
actual,1745690501.6433744,394648.66459163616,4438783.029646872,0.013925266516669482,0
actual,1745690501.7433705,394648.6643825282,4438783.02947705,0.013922212190478515,0
actual,1745690501.8433871,394648.6641715106,4438783.029248629,0.013929001521268745,0
actual,1745690501.9433668,394648.6639444432,4438783.029012258,0.013925144343621902,0
actual,1745690502.0433614,394648.6636355165,4438783.028726388,0.01393378372341929,0
actual,1745690502.1433544,394648.66325650265,4438783.028387237,0.01392727364530917,0
actual,1745690502.243452,394648.6637176324,4438783.029236804,0.013909017501333268,0
actual,1745690502.3433442,394648.66342111543,4438783.029005599,0.01389756814144032,0
actual,1745690502.443361,394648.6630670859,4438783.028735888,0.013927936870424987,0
actual,1745690502.5433605,394648.66271232424,4438783.028412932,0.013924603291553662,0
actual,1745690502.6434324,394648.6636918783,4438783.028797241,0.013909296754013626,0
actual,1745690502.7432866,394648.66372621316,4438783.028612704,0.01392020506183858,0
actual,1745690502.843407,394648.66383866314,4438783.028357767,0.013921932937798157,0
actual,1745690502.9433713,394648.6639214811,4438783.028022569,0.01397959861628405,0
actual,1745690503.0433872,394648.66397003824,4438783.02769595,0.014008501268697023,0
actual,1745690503.14336,394648.6638158435,4438783.027963039,0.013936314450834491,0
actual,1745690503.2433593,394648.66380001756,4438783.027854161,0.01392633116751324,0
actual,1745690503.3433976,394648.6637556923,4438783.027686664,0.013923276841322272,0
actual,1745690503.4434001,394648.6636878825,4438783.027483275,0.013907027825986056,0
actual,1745690503.5433896,394648.66364184546,4438783.027210063,0.013920082888791001,0
actual,1745690503.643368,394648.663909471,4438783.027972308,0.013900639920923764,0
actual,1745690503.7434378,394648.6638938786,4438783.027832063,0.013907429251713994,0
actual,1745690503.84337,394648.66386277886,4438783.027658119,0.013873465144470366,0
actual,1745690503.9434097,394648.6637772785,4438783.027398084,0.01386908436804776,0
actual,1745690504.0433588,394648.6636151288,4438783.027074731,0.013887445231778765,0
actual,1745690504.143359,394648.6641697067,4438783.028584453,0.013936052651446857,0
actual,1745690504.2433672,394648.66411966085,4438783.028474994,0.013936052651446857,0
actual,1745690504.3433723,394648.6641034824,4438783.02833661,0.013900500294583708,0
actual,1745690504.443359,394648.6640728521,4438783.028127893,0.013913555357388653,0
actual,1745690504.543362,394648.6640042061,4438783.027909599,0.013890255211874326,0
actual,1745690504.6433547,394648.66511206457,4438783.028914484,0.013864808311380256,0
actual,1745690504.7433817,394648.66503705696,4438783.028784445,0.01386267900969299,0
actual,1745690504.8433528,394648.6649403159,4438783.028570122,0.013897044542664804,0
actual,1745690504.9433594,394648.6648260431,4438783.028310834,0.013896381317548985,0
actual,1745690505.0433574,394648.6646681184,4438783.0279999655,0.013888789135302879,0
actual,1745690505.143303,394648.6643905543,4438783.0282983575,0.013895177040365173,0
actual,1745690505.2433639,394648.66433221474,4438783.028082972,0.013895700639140689,0
actual,1745690505.3433552,394648.66421315237,4438783.027854411,0.013884914504363313,0
actual,1745690505.4433599,394648.6640325529,4438783.027535249,0.013919018237947244,0
actual,1745690505.5433836,394648.66384918103,4438783.027206572,0.013898772418624132,0
actual,1745690505.6433263,394648.66554011643,4438783.029562177,0.013908493902557752,0
actual,1745690505.7433643,394648.66569376504,4438783.029564103,0.013895578466093109,0
actual,1745690505.8433578,394648.6658202344,4438783.029444245,0.013883186628403738,0
actual,1745690505.943328,394648.6658306363,4438783.029329569,0.013878928025028959,0
actual,1745690506.0433674,394648.6657249404,4438783.029243042,0.01383178668193256,0
actual,1745690506.1433654,394648.666328364,4438783.029047658,0.013821541599223424,0
actual,1745690506.2433546,394648.6662031845,4438783.028732338,0.013868682942319823,0
actual,1745690506.3433535,394648.66602654033,4438783.028519609,0.01383178668193256,0
actual,1745690506.4433553,394648.6656858704,4438783.028150419,0.013878125173573083,0
actual,1745690506.5433567,394648.66545798094,4438783.027768291,0.013911949654476655,0
actual,1745690506.6433613,394648.6675703286,4438783.030659645,0.01389983706946789,0
actual,1745690506.7433581,394648.6679750992,4438783.030553031,0.013935249799990735,0
actual,1745690506.8433611,394648.66836635314,4438783.030503986,0.013923800440097788,0
actual,1745690506.9433095,394648.66879477084,4438783.030376031,0.013942178757121268,0
actual,1745690507.0433624,394648.66919964785,4438783.030157466,0.013916749309919676,0
actual,1745690507.1434028,394648.666071114,4438783.031037301,0.013891843461493848,0
actual,1745690507.2433684,394648.6657956756,4438783.030872219,0.01387653692395381,0
actual,1745690507.3437545,394648.6655760363,4438783.030614439,0.013929804372724619,0
actual,1745690507.4436774,394648.6653475283,4438783.030326528,0.013949910565707676,0
actual,1745690507.5434387,394648.66513272544,4438783.030002274,0.01398572472195846,0
actual,1745690507.6433852,394648.6659077972,4438783.02985038,0.013934865827555522,0
actual,1745690507.7434552,394648.6658143223,4438783.029605839,0.013951638441667004,0
actual,1745690507.8433764,394648.6656975756,4438783.029318079,0.01393725692863067,0
actual,1745690507.9433641,394648.6655716863,4438783.028930435,0.013961621724988505,0
actual,1745690508.0433736,394648.6653900496,4438783.028536537,0.013944849110876774,0
actual,1745690508.143352,394648.6668935452,4438783.030280674,0.01389011558553427,0
actual,1745690508.2433746,394648.6668602999,4438783.030123433,0.013904898524298543,0
actual,1745690508.3433712,394648.6667854618,4438783.029916205,0.01391076283058532,0
actual,1745690508.4446042,394648.6667239419,4438783.029670845,0.013905422123074308,0
actual,1745690508.5434306,394648.66664951836,4438783.029271796,0.013912892132272833,0
actual,1745690508.6433933,394648.6661281083,4438783.0306554055,0.013920746113906821,0
actual,1745690508.7433755,394648.66595255095,4438783.030520202,0.01390982035278939,0
actual,1745690508.8440812,394648.6657470432,4438783.030353728,0.013886520207275063,0
actual,1745690508.9433796,394648.66558315133,4438783.029992505,0.013951760614714832,0
actual,1745690509.0434783,394648.6654423727,4438783.02973586,0.013914358208844527,0
actual,1745690509.143344,394648.66545239894,4438783.029017883,0.013899034218012014,0
actual,1745690509.2434852,394648.6651460216,4438783.028764898,0.01391887861160719,0
actual,1745690509.3433964,394648.66486809414,4438783.028418167,0.013942841982237088,0
actual,1745690509.4434016,394648.6645353275,4438783.02803241,0.013928338296152925,0
actual,1745690509.543373,394648.66411778243,4438783.027586768,0.013928861894928441,0
actual,1745690509.6433558,394648.66601217544,4438783.029756653,0.01393378372341929,0
actual,1745690509.743388,394648.6660588866,4438783.0295805,0.013973332884269335,0
actual,1745690509.8433437,394648.66606770107,4438783.02934197,0.013962948175219897,0
actual,1745690509.9433649,394648.66598212137,4438783.029159458,0.013943243407965026,0
actual,1745690510.043398,394648.66594005615,4438783.028936408,0.013931654421731774,0
actual,1745690510.1433926,394648.66691132134,4438783.030253375,0.013904235299182971,0
actual,1745690510.2433963,394648.6669117265,4438783.03008267,0.013922997588641914,0
actual,1745690510.3433642,394648.6669238908,4438783.029890208,0.013947100585611867,0
actual,1745690510.4433577,394648.66696942144,4438783.029621986,0.013954692767857973,0
actual,1745690510.5433598,394648.6669681051,4438783.029313943,0.013948444489135983,0
actual,1745690510.6433847,394648.66665099293,4438783.030913186,0.013899296017399648,0
actual,1745690510.7433777,394648.6665453584,4438783.03086215,0.013881057326716472,0
actual,1745690510.8433979,394648.6664913913,4438783.0307699535,0.013865872962224014,0
actual,1745690510.9444516,394648.6663965007,4438783.030610828,0.013840042089294484,0
actual,1745690511.0434098,394648.6662413576,4438783.030345808,0.013864145086264686,0
actual,1745690511.1439514,394648.6658137389,4438783.029800101,0.013901041346651702,0
actual,1745690511.2433715,394648.6656921583,4438783.02956557,0.013914218582504224,0
actual,1745690511.3435524,394648.66554734355,4438783.029335877,0.013907691051101876,0
actual,1745690511.443402,394648.6653839039,4438783.0290264115,0.013925929741785302,0
actual,1745690511.5434027,394648.6652144888,4438783.028662867,0.013939648029705817,0
actual,1745690511.6433926,394648.6661161167,4438783.029628359,0.01392339901436985,0
actual,1745690511.7441301,394648.6660714885,4438783.029509872,0.013921269712682337,0
actual,1745690511.843369,394648.6660402585,4438783.029314596,0.013923276841322272,0
actual,1745690511.9433506,394648.66598492826,4438783.029090176,0.013934586574875164,0
actual,1745690512.0433693,394648.665910702,4438783.02883618,0.01393312049830347,0
actual,1745690512.1433542,394648.66732998256,4438783.02979358,0.013911024629973201,0
actual,1745690512.243365,394648.6674344525,4438783.0296663325,0.013908895328285688,0
actual,1745690512.343403,394648.667441883,4438783.029499171,0.013915545032735864,0
actual,1745690512.4433668,394648.66738545493,4438783.029263968,0.013922997588641914,0
actual,1745690512.5433853,394648.66733064543,4438783.028944218,0.013919943262450945,0
actual,1745690512.6432817,394648.66627684573,4438783.02990653,0.013900360668243406,0
actual,1745690512.743387,394648.66622408095,4438783.029779466,0.013926872219581232,0
actual,1745690512.8433623,394648.6661614763,4438783.029587507,0.013932596899527704,0
actual,1745690512.9433851,394648.66604358377,4438783.029338687,0.013938321579474427,0
actual,1745690513.043359,394648.6659101361,4438783.029040756,0.013923940066437842,0
actual,1745690513.14336,394648.66657149245,4438783.030166914,0.013870672617667033,0
actual,1745690513.2438998,394648.6665850639,4438783.030047868,0.013875070847382116,0
actual,1745690513.3434033,394648.6665370015,4438783.029895738,0.013860026109229961,0
actual,1745690513.4433553,394648.66647242144,4438783.029657093,0.013858682205705845,0
actual,1745690513.543385,394648.6663646124,4438783.029370457,0.013876798723341443,0
actual,1745690513.6433606,394648.66685559566,4438783.029564598,0.01390716745232636,0
actual,1745690513.7433546,394648.666749742,4438783.029272304,0.013953226691286277,0
actual,1745690513.8432653,394648.66674249835,4438783.0290748,0.013880795527328588,0
actual,1745690513.9433632,394648.66668510926,4438783.028666975,0.013931392622343892,0
actual,1745690514.043357,394648.66668225755,4438783.028252799,0.013895578466093109,0
actual,1745690514.143359,394648.6663003074,4438783.029982003,0.013917674334423378,0
actual,1745690514.2433546,394648.6662667743,4438783.029880954,0.01389823136655614,0
actual,1745690514.3433907,394648.6661734148,4438783.029719364,0.013878404426253441,0
actual,1745690514.4433892,394648.66603058536,4438783.029576898,0.013838192040287328,0
actual,1745690514.543354,394648.66584426246,4438783.029270436,0.013897166715712382,0
actual,1745690514.643368,394648.6648338352,4438783.030269282,0.013933661550371462,0
actual,1745690514.7433994,394648.66478718456,4438783.030121564,0.013939386230318183,0
actual,1745690514.8433554,394648.6647896386,4438783.0298979,0.013953366317626581,0
actual,1745690514.9433727,394648.66476078075,4438783.029529756,0.013969353533574914,0
actual,1745690515.0433557,394648.66466100013,4438783.0292021455,0.013936715876562429,0
actual,1745690515.143553,394648.664701055,4438783.030816691,0.013869869766211159,0
actual,1745690515.2433698,394648.6646698881,4438783.030770472,0.013832467360340854,0
actual,1745690515.3433833,394648.66462086746,4438783.030547038,0.013861090760073717,0
actual,1745690515.4433572,394648.66453363793,4438783.030388181,0.013836045285307587,0
actual,1745690515.5433564,394648.6643283494,4438783.030143338,0.013838314213335154,0
actual,1745690515.6433556,394648.6660374447,4438783.030320516,0.013895840265480745,0
actual,1745690515.7433822,394648.66615679103,4438783.030126675,0.013908493902557752,0
actual,1745690515.8433945,394648.6661749154,4438783.029839548,0.013893850590133533,0
actual,1745690515.943393,394648.6661177835,4438783.029574527,0.013906364600870236,0
actual,1745690516.0433583,394648.6660637444,4438783.029241213,0.013912228907157013,0
actual,1745690516.1433828,394648.66553842195,4438783.03057066,0.013934988000603101,0
actual,1745690516.2433712,394648.6654685915,4438783.030388208,0.013918477185879252,0
actual,1745690516.3433723,394648.6653109867,4438783.030124885,0.013926994392628811,0
actual,1745690516.4433677,394648.6651087412,4438783.029733428,0.013995306579552023,0
actual,1745690516.5433657,394648.66494936263,4438783.029333301,0.013994782980776258,0
actual,1745690516.6434078,394648.6651803599,4438783.030648105,0.013893187365017714,0
actual,1745690516.7433963,394648.66514066217,4438783.030468899,0.01389144203576591,0
actual,1745690516.843322,394648.66510291735,4438783.030238113,0.013912351080204593,0
actual,1745690516.9433906,394648.66504100006,4438783.029934094,0.013941114106277512,0
actual,1745690517.0433598,394648.66497715225,4438783.029619174,0.013920606487566517,0
actual,1745690517.1433024,394648.6650147192,4438783.031063392,0.01387161509546321,0
actual,1745690517.2435124,394648.6649406321,4438783.030873911,0.013938321579474427,0
actual,1745690517.343387,394648.66487991076,4438783.030680723,0.013915684659075918,0
actual,1745690517.4433548,394648.6647629195,4438783.030429777,0.013946838786223985,0
actual,1745690517.5433564,394648.66466516827,4438783.030133617,0.013908755701945634,0
actual,1745690517.6433043,394648.66502966464,4438783.03016646,0.013874267995926242,0
actual,1745690517.7433662,394648.6649123435,4438783.02997898,0.013882523403288166,0
actual,1745690517.8433626,394648.66475091956,4438783.029728324,0.013851892874915615,0
actual,1745690517.9433753,394648.6645370158,4438783.029384849,0.01386267900969299,0
actual,1745690518.043425,394648.6642780801,4438783.029016017,0.013873866570198304,0
actual,1745690518.143391,394648.66605933843,4438783.030287977,0.013914358208844527,0
actual,1745690518.2433617,394648.6660536716,4438783.030155715,0.01388398947985986,0
actual,1745690518.3433895,394648.6659830752,4438783.029980903,0.013894112389521415,0
actual,1745690518.4433563,394648.66587878985,4438783.029810705,0.013891843461493848,0
actual,1745690518.543361,394648.66579065134,4438783.029594706,0.013874267995926242,0
actual,1745690518.643362,394648.66547369177,4438783.029727758,0.013890517011262208,0
actual,1745690518.7433636,394648.6655250962,4438783.029575391,0.01386014828227754,0
actual,1745690518.8433633,394648.6655635133,4438783.02934185,0.01386494793772056,0
actual,1745690518.9434144,394648.6655362105,4438783.029055573,0.013884652704975431,0
actual,1745690519.0433679,394648.6653707976,4438783.02877249,0.013870934417054916,0
actual,1745690519.1433907,394648.66724735376,4438783.029353063,0.01385683215669869,0
actual,1745690519.2433531,394648.66706672823,4438783.029214796,0.013847372472152954,0
actual,1745690519.3433893,394648.6668704117,4438783.029046145,0.01383911706479103,0
actual,1745690519.443362,394648.6667301425,4438783.028868563,0.01380302365585964,0
actual,1745690519.543377,394648.66651329957,4438783.028641846,0.013798363626756923,0
actual,1745690519.6433303,394648.66686057876,4438783.029326532,0.01388945236041845,0
actual,1745690519.7433805,394648.6667549292,4438783.029200474,0.013872679746306968,0
actual,1745690519.8433545,394648.6666446763,4438783.029077876,0.01387107404339497,0
actual,1745690519.9433541,394648.6665049073,4438783.028907174,0.013928059043472567,0
actual,1745690520.0436974,394648.66632649035,4438783.028768673,0.0139159464584638,0
actual,1745690520.143408,394648.66671383334,4438783.0292322375,0.013863883286876802,0
actual,1745690520.243355,394648.66663405887,4438783.029151117,0.013861614358849235,0
actual,1745690520.3433676,394648.66652743204,4438783.029037557,0.01385815860693033,0
actual,1745690520.4435103,394648.66638421046,4438783.028866163,0.013843236041825753,0
actual,1745690520.5433884,394648.66620742535,4438783.028620652,0.013826463427714023,0
actual,1745690520.643344,394648.6672139523,4438783.028693109,0.01387334297142254,0
actual,1745690520.743362,394648.66722890374,4438783.028511451,0.013854022176603129,0
actual,1745690520.8433604,394648.66719441954,4438783.028239435,0.013855488253174824,0
actual,1745690520.943354,394648.6671045918,4438783.027925581,0.013883186628403738,0
actual,1745690521.0433896,394648.66701829474,4438783.027613752,0.01387852659930102,0
actual,1745690521.1433806,394648.6677564316,4438783.028800263,0.01388332625474404,0
actual,1745690521.2433367,394648.66776224796,4438783.0286413785,0.013881057326716472,0
actual,1745690521.3433564,394648.6677528139,4438783.02844611,0.013879329450756895,0
actual,1745690521.4433575,394648.6677089006,4438783.028234171,0.013880935153668892,0
actual,1745690521.5433865,394648.66759984865,4438783.027961762,0.013873866570198304,0
actual,1745690521.6433587,394648.66712694627,4438783.029538523,0.013880935153668892,0
actual,1745690521.7433562,394648.66702351236,4438783.0294841835,0.013875472273110053,0
actual,1745690521.843388,394648.6668709243,4438783.029430861,0.01385522645378694,0
actual,1745690521.9433775,394648.66678317904,4438783.029159625,0.013878264799913139,0
actual,1745690522.0433953,394648.66661229904,4438783.028815566,0.013921932937798157,0
actual,1745690522.1433573,394648.6664749783,4438783.029886952,0.013923678267050208,0
actual,1745690522.2433548,394648.6661952329,4438783.029987826,0.013902228170543037,0
actual,1745690522.3434744,394648.6659099618,4438783.029971973,0.013907027825986056,0
actual,1745690522.443368,394648.6654203168,4438783.029799747,0.013920868286954399,0
actual,1745690522.5433874,394648.66497028386,4438783.029627076,0.013884390905587797,0
actual,1745690522.6433914,394648.6669948759,4438783.031295572,0.013833252758504253,0
actual,1745690522.7433918,394648.66723000014,4438783.031299393,0.013827528078557779,0
actual,1745690522.843713,394648.66739418573,4438783.031266712,0.013797962201028986,0
actual,1745690522.9433932,394648.66744902986,4438783.031178207,0.013798642879437282,0
actual,1745690523.043389,394648.6674004149,4438783.031021833,0.013799567903940735,0
actual,1745690523.143307,394648.6672114464,4438783.0297567025,0.013922334363526094,0
actual,1745690523.2433577,394648.6672133667,4438783.029604406,0.013910483577904961,0
actual,1745690523.3433592,394648.66718743916,4438783.02942296,0.013888387709574694,0
actual,1745690523.4433606,394648.6670883186,4438783.029118653,0.013907830677441932,0
actual,1745690523.5433578,394648.66697432764,4438783.0287609715,0.013948706288523616,0
actual,1745690523.643447,394648.66606664564,4438783.029034281,0.013938984804589999,0
actual,1745690523.743301,394648.6659863323,4438783.028866827,0.01394350520735266,0
actual,1745690523.8434083,394648.66586856765,4438783.028691462,0.013923137214981968,0
actual,1745690523.9433615,394648.6657293151,4438783.028433946,0.013905561749414362,0
actual,1745690524.0433555,394648.6655958549,4438783.028107483,0.013963227427900255,0
actual,1745690524.143356,394648.66715101176,4438783.02842279,0.013903292821386793,0
actual,1745690524.243419,394648.66726914595,4438783.028368826,0.013925929741785302,0
actual,1745690524.3434067,394648.6672930495,4438783.028265539,0.01394470948453672,0
actual,1745690524.443378,394648.667297913,4438783.028272918,0.013884914504363313,0
actual,1745690524.5433912,394648.6673248519,4438783.02823211,0.013874145822878414,0
actual,1745690524.6434102,394648.6669529112,4438783.028492291,0.013900762093971343,0
actual,1745690524.743359,394648.66692549025,4438783.028405897,0.013881057326716472,0
actual,1745690524.8433547,394648.66685814876,4438783.028281257,0.013887724484459123,0
actual,1745690524.9433906,394648.6667944397,4438783.02812607,0.01388398947985986,0
actual,1745690525.043392,394648.66672613536,4438783.0279745255,0.013880254475260596,0
actual,1745690525.1434135,394648.6676432228,4438783.029669444,0.01389371096379348,0
actual,1745690525.2434556,394648.6676389929,4438783.029698687,0.01389756814144032,0
actual,1745690525.3433995,394648.6676108422,4438783.029705062,0.013879992675872714,0
actual,1745690525.443401,394648.66759376647,4438783.029693691,0.013894775614636987,0
actual,1745690525.5433989,394648.66757029865,4438783.029639478,0.01391660968357962,0
actual,1745690525.6433878,394648.6668205855,4438783.0291579105,0.01392020506183858,0
actual,1745690525.7433953,394648.66663832706,4438783.029048662,0.013929804372724619,0
actual,1745690525.84336,394648.6664521203,4438783.028903508,0.013943784460033018,0
actual,1745690525.9433043,394648.66629943426,4438783.028720012,0.013927535444697051,0
actual,1745690526.0433626,394648.66611969215,4438783.028510337,0.013915021433960346,0
actual,1745690526.143444,394648.66700777074,4438783.027744545,0.013854161802943184,0
actual,1745690526.2434032,394648.6669708758,4438783.027541748,0.013831123456816988,0
actual,1745690526.343391,394648.66693404963,4438783.027277455,0.013855488253174824,0
actual,1745690526.4433887,394648.66685237957,4438783.026994007,0.01385815860693033,0
actual,1745690526.543296,394648.66672733537,4438783.026664066,0.013849239974452586,0
actual,1745690526.643368,394648.6679301647,4438783.028214159,0.013883465881084096,0
actual,1745690526.743362,394648.6680370068,4438783.028104378,0.013892244887221784,0
actual,1745690526.8433583,394648.66809781606,4438783.027929526,0.013898772418624132,0
actual,1745690526.9433558,394648.6681448624,4438783.027664996,0.01393378372341929,0
actual,1745690527.0433605,394648.6681998613,4438783.027429997,0.013919280037335127,0
actual,1745690527.1433864,394648.66977938707,4438783.028744973,0.013928460469200505,0
actual,1745690527.2433603,394648.66988113476,4438783.02868974,0.01389144203576591,0
actual,1745690527.3433545,394648.66996384505,4438783.028554556,0.013871475469122908,0
actual,1745690527.4433835,394648.6700256842,4438783.028380905,0.013853900003555302,0
actual,1745690527.543508,394648.67004153214,4438783.028151588,0.013815555119889068,0
actual,1745690527.6433997,394648.66665139416,4438783.029670623,0.013877339775409685,0
actual,1745690527.743357,394648.6664265506,4438783.029481646,0.013898632792284078,0
actual,1745690527.843358,394648.66617047036,4438783.029320604,0.013870550444619455,0
actual,1745690527.9433568,394648.6658416317,4438783.029110289,0.013849501773840468,0
actual,1745690528.0433705,394648.6654844809,4438783.028835389,0.013870009392551213,0
actual,1745690528.1433651,394648.6662266883,4438783.030079164,0.013910361404857382,0
actual,1745690528.2437718,394648.6660682154,4438783.02996697,0.013919943262450945,0
actual,1745690528.3434985,394648.6659125484,4438783.02977058,0.013922212190478515,0
actual,1745690528.4435732,394648.6657347436,4438783.02955138,0.013896102064868627,0
actual,1745690528.5433888,394648.66547131754,4438783.029239893,0.013896643116936619,0
actual,1745690528.6433632,394648.6655751645,4438783.0300637195,0.013878928025028959,0
actual,1745690528.7433553,394648.6654669156,4438783.0298972,0.013879329450756895,0
actual,1745690528.8433886,394648.6653997585,4438783.029674186,0.013873744397150476,0
actual,1745690528.9433577,394648.6653211929,4438783.029364187,0.01387918982441684,0
actual,1745690529.0436156,394648.6652158948,4438783.029068398,0.013861753985189289,0
actual,1745690529.1437194,394648.66539468075,4438783.029946825,0.01385588967890276,0
actual,1745690529.2433612,394648.66536082776,4438783.029759349,0.013877723747845145,0
actual,1745690529.3433735,394648.6653503338,4438783.02951161,0.01387906765136926,0
actual,1745690529.4433882,394648.66529233,4438783.0292557515,0.013849501773840468,0
actual,1745690529.5433688,394648.6651780561,4438783.028945158,0.013855104280739362,0
actual,1745690529.6433551,394648.6664380316,4438783.029829471,0.013899034218012014,0
actual,1745690529.7433896,394648.6665320711,4438783.029615671,0.013935127626943156,0
actual,1745690529.843363,394648.66660806164,4438783.029376818,0.013931532248684196,0
actual,1745690529.9434206,394648.6666323815,4438783.029054122,0.013983054368202954,0
actual,1745690530.0433774,394648.66668651055,4438783.028670869,0.013993439077252392,0
actual,1745690530.1437626,394648.6665526979,4438783.0314931525,0.013921932937798157,0
actual,1745690530.2434883,394648.66653909103,4438783.031421027,0.013923538640709906,0
actual,1745690530.3433652,394648.66648655594,4438783.031266463,0.013926069368125356,0
actual,1745690530.4433544,394648.66645150864,4438783.031004428,0.013983595420271194,0
actual,1745690530.5433903,394648.6664223138,4438783.030778402,0.01397534001290927,0
actual,1745690530.6433678,394648.66739554977,4438783.030681662,0.013872278320578782,0
actual,1745690530.743357,394648.66728700063,4438783.030401713,0.013881458752444408,0
actual,1745690530.8434246,394648.6672014153,4438783.03012596,0.013860427534957899,0
actual,1745690530.9433923,394648.66710901447,4438783.029771903,0.013840321341974842,0
actual,1745690531.0440927,394648.66694114346,4438783.029347416,0.01383751136187928,0
actual,1745690531.1433563,394648.6672784085,4438783.02966251,0.013884914504363313,0
actual,1745690531.2435918,394648.6672337421,4438783.029322518,0.013922212190478515,0
actual,1745690531.3433611,394648.6671718595,4438783.029003351,0.01387653692395381,0
actual,1745690531.4442272,394648.6670422533,4438783.028730823,0.013854022176603129,0
actual,1745690531.5436654,394648.66674523754,4438783.028281581,0.013801697205628249,0
actual,1745690531.643364,394648.6674694391,4438783.029324544,0.013842974242437871,0
actual,1745690531.7433684,394648.66720069916,4438783.029015181,0.013858682205705845,0
actual,1745690531.8433704,394648.6669519153,4438783.028592772,0.01385070605102428,0
actual,1745690531.9434543,394648.66671948216,4438783.0281446995,0.013899976695807944,0
actual,1745690532.0433545,394648.66646034067,4438783.027663149,0.013881057326716472,0
actual,1745690532.143428,394648.6662640226,4438783.027083955,0.013912089280816959,0
actual,1745690532.2437558,394648.66694564256,4438783.028539159,0.013894635988296933,0
actual,1745690532.3434317,394648.6670717543,4438783.02825115,0.013884914504363313,0
actual,1745690532.4433136,394648.6671649735,4438783.027931153,0.013887846657506702,0
actual,1745690532.543726,394648.6671973793,4438783.027606518,0.013860549708005477,0
actual,1745690532.6434603,394648.6666823519,4438783.028168636,0.013887724484459123,0
actual,1745690532.7433574,394648.6666301881,4438783.0279706055,0.013904758897958489,0
actual,1745690532.8433566,394648.6666110687,4438783.027741009,0.013902105997495457,0
actual,1745690532.9438865,394648.6665635534,4438783.0274781985,0.01391076283058532,0
actual,1745690533.0433974,394648.66651577107,4438783.027185636,0.013885054130703369,0
actual,1745690533.1434011,394648.66750842344,4438783.028176505,0.013920344688178883,0
actual,1745690533.243408,394648.66759916855,4438783.0279855,0.013941655158345752,0
actual,1745690533.3438082,394648.667731741,4438783.027695768,0.013928059043472567,0
actual,1745690533.4433568,394648.66787993035,4438783.027330995,0.013935249799990735,0
actual,1745690533.543385,394648.6679612241,4438783.026911548,0.013936314450834491,0
actual,1745690533.6433535,394648.66645894194,4438783.028008984,0.013894775614636987,0
actual,1745690533.7433844,394648.6662540549,4438783.027861499,0.013873465144470366,0
actual,1745690533.843307,394648.6660805752,4438783.027721711,0.013852573553323911,0
actual,1745690533.9434288,394648.6657723472,4438783.027464272,0.013822344450679298,0
actual,1745690534.043382,394648.66552989173,4438783.0270768395,0.013834858461416251,0
actual,1745690534.1433501,394648.66731514013,4438783.027852901,0.013868141890251583,0
actual,1745690534.2433858,394648.6673495576,4438783.027738095,0.013944849110876774,0
actual,1745690534.343356,394648.66718234005,4438783.027549425,0.013908493902557752,0
actual,1745690534.443354,394648.66698543454,4438783.027226819,0.013948444489135983,0
actual,1745690534.5433578,394648.6669371949,4438783.0269972915,0.013900762093971343,0
actual,1745690534.64339,394648.66613192577,4438783.030558849,0.013927134018969113,0
actual,1745690534.7436693,394648.6660866477,4438783.030784667,0.013927535444697051,0
actual,1745690534.843856,394648.66605261015,4438783.03096647,0.013957764547341664,0
actual,1745690534.9435513,394648.66605935106,4438783.030963216,0.013990122951673543,0
actual,1745690535.0436535,394648.666148636,4438783.031001822,0.014034995366742372,0
actual,1745690535.143393,394648.667329126,4438783.029611228,0.014029392859843478,0
actual,1745690535.2440817,394648.6675107648,4438783.029329544,0.014027403184496268,0
actual,1745690535.3434079,394648.6676356807,4438783.028988801,0.01403312786444274,0
actual,1745690535.4433713,394648.6676552417,4438783.028687178,0.014023406380509123,0
actual,1745690535.5433695,394648.667532002,4438783.028222293,0.014039515769505033,0
actual,1745690535.643653,394648.6663080625,4438783.030686175,0.013950311991435614,0
actual,1745690535.7436533,394648.6661267129,4438783.030592923,0.01395083559021113,0
actual,1745690535.8435483,394648.6657968157,4438783.030441561,0.013908633528898054,0
actual,1745690535.943443,394648.6653504606,4438783.030162045,0.013944849110876774,0
actual,1745690536.0434186,394648.66503767646,4438783.02999703,0.01388332625474404,0
actual,1745690536.143432,394648.66711237736,4438783.029458444,0.013860026109229961,0
actual,1745690536.2440422,394648.66727439384,4438783.029258632,0.013886258407887429,0
actual,1745690536.3437696,394648.66744723485,4438783.0290541295,0.013910361404857382,0
actual,1745690536.4434218,394648.66754555824,4438783.028853457,0.01392207256413821,0
actual,1745690536.5456803,394648.66764495586,4438783.028573485,0.013936314450834491,0
actual,1745690536.6438322,394648.6672693251,4438783.02982196,0.013894635988296933,0
actual,1745690536.7462378,394648.66723582346,4438783.02971537,0.013907952850489758,0
actual,1745690536.843546,394648.6672504435,4438783.029602457,0.013883849853519557,0
actual,1745690536.9437869,394648.66721366596,4438783.029416077,0.013883727680471978,0
actual,1745690537.0442054,394648.6671037856,4438783.029129324,0.013884530531927852,0
actual,1745690537.144988,394648.66723846714,4438783.029252863,0.013932195473799768,0
actual,1745690537.2442327,394648.66717865015,4438783.029075267,0.013943121234917446,0
actual,1745690537.343744,394648.6671308788,4438783.028936983,0.013904497098570607,0
actual,1745690537.4446251,394648.6669939901,4438783.028666834,0.013904497098570607,0
actual,1745690537.543693,394648.66679230286,4438783.028304712,0.013922875415594086,0
actual,1745690537.6438153,394648.6666333564,4438783.0294560315,0.013942841982237088,0
actual,1745690537.744283,394648.6666185715,4438783.029334562,0.013961359925600623,0
actual,1745690537.8434572,394648.666533913,4438783.029169318,0.01395244129312288,0
actual,1745690537.9436991,394648.66638205777,4438783.028977071,0.013957101322225845,0
actual,1745690538.0434954,394648.6661339876,4438783.028798245,0.013910885003632899,0
actual,1745690538.1433592,394648.6673993977,4438783.028994258,0.01388812591018706,0
actual,1745690538.2433593,394648.6673998587,4438783.028752851,0.013931270449296315,0
actual,1745690538.3433914,394648.6674671627,4438783.028523531,0.013940712680549574,0
actual,1745690538.4434485,394648.6674282149,4438783.028281271,0.013968271429438682,0
actual,1745690538.5440407,394648.66728881677,4438783.027875628,0.013957764547341664,0
actual,1745690538.643429,394648.66687177867,4438783.028983623,0.013882924829016104,0
actual,1745690538.743384,394648.6667696213,4438783.028794196,0.013907027825986056,0
actual,1745690538.843366,394648.66669676686,4438783.028579518,0.01389851061923625,0
actual,1745690538.9436498,394648.6665735965,4438783.028347756,0.013895979891821047,0
actual,1745690539.0437613,394648.66638066515,4438783.028079617,0.01385588967890276,0
actual,1745690539.1435347,394648.66788957693,4438783.029391302,0.013889714159806334,0
actual,1745690539.243856,394648.6679330548,4438783.029247807,0.01393233510014007,0
actual,1745690539.3435183,394648.6678796322,4438783.029150223,0.013896503490596563,0
actual,1745690539.4442647,394648.6677618855,4438783.0290547665,0.013844178519621683,0
actual,1745690539.5444078,394648.667789988,4438783.028783691,0.013874931221041813,0
actual,1745690539.6435342,394648.6679487982,4438783.029237461,0.013935249799990735,0
actual,1745690539.743366,394648.6683600755,4438783.029137196,0.013908633528898054,0
actual,1745690539.8433914,394648.6688275478,4438783.029012241,0.013900098868855772,0
actual,1745690539.9434328,394648.6693974101,4438783.028785529,0.013901442772379638,0
actual,1745690540.0434551,394648.66995819774,4438783.028569537,0.013925929741785302,0
actual,1745690540.143425,394648.6693471519,4438783.029180998,0.013921932937798157,0
actual,1745690540.2433927,394648.6690891626,4438783.029104672,0.013927395818356747,0
actual,1745690540.343619,394648.6684596602,4438783.028912932,0.013954291342130035,0
actual,1745690540.44364,394648.6675445814,4438783.028745439,0.013886659833615365,0
actual,1745690540.5438657,394648.66665122245,4438783.028498462,0.013957363121613726,0
actual,1745690540.6434066,394648.66947623563,4438783.028718707,0.013941253732617814,0
actual,1745690540.7433836,394648.6695775883,4438783.028477728,0.013972809285493819,0
actual,1745690540.8437796,394648.6697295892,4438783.02827541,0.013991990453973173,0
actual,1745690540.9437785,394648.6698300371,4438783.027883105,0.014008623441744602,0
actual,1745690541.0433884,394648.6698892711,4438783.027454424,0.013988517248761793,0
actual,1745690541.1433563,394648.66884810344,4438783.028378642,0.013873063718742182,0
actual,1745690541.2433777,394648.66867426934,4438783.028267223,0.013843777093893747,0
actual,1745690541.343587,394648.66848091705,4438783.028076765,0.013871475469122908,0
actual,1745690541.443564,394648.66832638544,4438783.027905416,0.013844440319009565,0
actual,1745690541.543503,394648.6680983816,4438783.027628423,0.01386655364063231,0
actual,1745690541.6435976,394648.6690089813,4438783.029614493,0.013884251279247493,0
actual,1745690541.7433577,394648.66900315357,4438783.029534746,0.013855104280739362,0
actual,1745690541.8433585,394648.66892810236,4438783.029349651,0.013885193757043671,0
actual,1745690541.943381,394648.6687942032,4438783.0291621005,0.013876135498225873,0
actual,1745690542.0435815,394648.6686392905,4438783.028924915,0.013894915240977291,0
actual,1745690542.1433635,394648.66944509,4438783.030098728,0.013895037414024869,0
actual,1745690542.2435997,394648.6693401778,4438783.029980385,0.013906102801482603,0
actual,1745690542.3434854,394648.66919426795,4438783.029844184,0.013892785939289776,0
actual,1745690542.4438043,394648.6690422032,4438783.029625066,0.013907289625373938,0
actual,1745690542.5433526,394648.66890563536,4438783.029379417,0.013911024629973201,0
actual,1745690542.6436574,394648.6691545552,4438783.029566381,0.013910623204245265,0
actual,1745690542.7433603,394648.6690266983,4438783.029333729,0.013917412535035496,0
actual,1745690542.8435419,394648.66886998946,4438783.029036359,0.013950434164483192,0
actual,1745690542.9434018,394648.6687270135,4438783.028737657,0.013921671138410275,0
actual,1745690543.0433574,394648.66855853924,4438783.0283385385,0.013926208994465412,0
actual,1745690543.1436446,394648.6703647347,4438783.029993911,0.01387918982441684,0
actual,1745690543.2437766,394648.6703623587,4438783.029799008,0.013881057326716472,0
actual,1745690543.3435369,394648.67032685765,4438783.029568181,0.013885856982159491,0
actual,1745690543.4435031,394648.6702914365,4438783.029259956,0.0139018267448151,0
actual,1745690543.5433793,394648.6703096096,4438783.028892093,0.013912228907157013,0
actual,1745690543.6433668,394648.6684691163,4438783.029540443,0.013930327971500137,0
actual,1745690543.7433536,394648.66832243185,4438783.02937152,0.013900238495195826,0
actual,1745690543.8433723,394648.668148996,4438783.029118095,0.013890255211874326,0
actual,1745690543.9433608,394648.6679555658,4438783.028817483,0.013910885003632899,0
actual,1745690544.0433807,394648.66771260666,4438783.028534101,0.013900238495195826,0
actual,1745690544.14378,394648.6681069229,4438783.030878278,0.013911687855089021,0
actual,1745690544.2434576,394648.6679762382,4438783.030895701,0.013863359688101286,0
actual,1745690544.3440125,394648.66781386314,4438783.030861481,0.01385588967890276,0
actual,1745690544.4433875,394648.6676519705,4438783.030755562,0.013831524882544924,0
actual,1745690544.5433612,394648.66747956444,4438783.030590619,0.013818085847304519,0
actual,1745690544.64336,394648.66876473307,4438783.03079755,0.013887846657506702,0
actual,1745690544.7434433,394648.6687314887,4438783.030694407,0.013894915240977291,0
actual,1745690544.8433785,394648.6686948411,4438783.030572962,0.013902891395658857,0
actual,1745690544.943563,394648.66861093533,4438783.030413339,0.013915684659075918,0
actual,1745690545.0437663,394648.66849145136,4438783.030221028,0.013906102801482603,0
actual,1745690545.1436296,394648.6690089983,4438783.030941192,0.013888911308350458,0
actual,1745690545.243632,394648.6690274691,4438783.03083593,0.013886921633003,0
actual,1745690545.3433523,394648.6690164125,4438783.030698061,0.013881319126104106,0
actual,1745690545.4434204,394648.66898428317,4438783.030480452,0.013869747593163579,0
actual,1745690545.5435438,394648.6688941936,4438783.030159629,0.013873063718742182,0
actual,1745690545.643541,394648.66956100485,4438783.030080533,0.013872138694238728,0
actual,1745690545.7433627,394648.6694898005,4438783.0299067795,0.013849763573228101,0
actual,1745690545.8433585,394648.66936061427,4438783.029649336,0.013883064455356158,0
actual,1745690545.943381,394648.6691202715,4438783.029351035,0.013886659833615365,0
actual,1745690546.0436842,394648.66889574664,4438783.029001055,0.013924865090941544,0
actual,1745690546.1435356,394648.6701036707,4438783.028394783,0.013984921870502584,0
actual,1745690546.244107,394648.67039282393,4438783.028131813,0.014009164493812842,0
actual,1745690546.343387,394648.67070032045,4438783.027906494,0.013974275362065513,0
actual,1745690546.4439645,394648.67090312147,4438783.0275310315,0.013963611400335717,0
actual,1745690546.5434005,394648.67097983486,4438783.027105764,0.013928600095540807,0
actual,1745690546.643341,394648.66966746806,4438783.028009808,0.013868403689639465,0
actual,1745690546.743652,394648.6695594079,4438783.027772167,0.013887584858118819,0
actual,1745690546.8439116,394648.66946582403,4438783.027499249,0.01387107404339497,0
actual,1745690546.9437253,394648.669314302,4438783.027177099,0.013896643116936619,0
actual,1745690547.0433729,394648.6691394765,4438783.0268539395,0.013876397297613507,0
actual,1745690547.1434894,394648.6694602622,4438783.027884602,0.013921932937798157,0
actual,1745690547.2437727,394648.669417338,4438783.027627839,0.01392566794239742,0
actual,1745690547.3443387,394648.66936340067,4438783.027389284,0.013885315930091251,0
actual,1745690547.4435682,394648.66926252143,4438783.027024218,0.013880795527328588,0
actual,1745690547.543485,394648.66915395285,4438783.026634815,0.013866955066360246,0
actual,1745690547.6434226,394648.6691791036,4438783.028433957,0.013874145822878414,0
actual,1745690547.7438247,394648.669123424,4438783.028377852,0.013841508165866177,0
actual,1745690547.8437443,394648.6690586899,4438783.028242807,0.013837389188831452,0
actual,1745690547.943895,394648.66897685174,4438783.028043446,0.013866955066360246,0
actual,1745690548.0434299,394648.6688654281,4438783.027862894,0.013876798723341443,0
actual,1745690548.1437106,394648.6692392824,4438783.0291697495,0.013924201865825726,0
actual,1745690548.2434058,394648.66909904353,4438783.029106152,0.013927675071037105,0
actual,1745690548.3434186,394648.66889125254,4438783.028957647,0.013908633528898054,0
actual,1745690548.4436543,394648.66880078934,4438783.028800509,0.01390982035278939,0
actual,1745690548.543547,394648.6687320872,4438783.028639538,0.013898370992896194,0
actual,1745690548.6438768,394648.66836507415,4438783.029278444,0.01385683215669869,0
actual,1745690548.743636,394648.6681279525,4438783.0290965885,0.013864546511992622,0
actual,1745690548.8435988,394648.6678605031,4438783.028890894,0.013855627879514878,0
actual,1745690548.9436097,394648.66756670404,4438783.028621243,0.013880533727940706,0
actual,1745690549.0440674,394648.66725344374,4438783.028342479,0.013891843461493848,0
actual,1745690549.1439688,394648.66876093816,4438783.029396705,0.013957363121613726,0
actual,1745690549.2435641,394648.66875174077,4438783.029311696,0.013939386230318183,0
actual,1745690549.3436189,394648.66857630166,4438783.029116296,0.013913677530436232,0
actual,1745690549.4438517,394648.668436874,4438783.028937445,0.013906102801482603,0
actual,1745690549.543383,394648.66833726637,4438783.028731904,0.013893309538065541,0
actual,1745690549.6439147,394648.670182319,4438783.029662464,0.013921147539634757,0
actual,1745690549.7434986,394648.6701766901,4438783.029565877,0.01392207256413821,0
actual,1745690549.8437138,394648.67010686896,4438783.0294279745,0.013927134018969113,0
actual,1745690549.94369,394648.67005652573,4438783.029243866,0.013934185149147226,0
actual,1745690550.0439792,394648.6700390396,4438783.029041186,0.013911286429361083,0
actual,1745690550.143716,394648.6711398371,4438783.028183736,0.013918075760151314,0
actual,1745690550.2436333,394648.6711461615,4438783.027974281,0.013938723005202363,0
actual,1745690550.3434176,394648.6710642129,4438783.027688115,0.013916487510531794,0
actual,1745690550.443584,394648.6709661851,4438783.027394923,0.013864022913216858,0
actual,1745690550.543853,394648.67087626935,4438783.027027347,0.013892646312949722,0
actual,1745690550.643919,394648.67014741164,4438783.0284685325,0.01391076283058532,0
actual,1745690550.7436984,394648.670040045,4438783.02828947,0.013921269712682337,0
actual,1745690550.8435698,394648.66990348627,4438783.028079378,0.013925144343621902,0
actual,1745690550.9434702,394648.6697714487,4438783.02785538,0.01391755216137555,0
actual,1745690551.0436888,394648.66965829936,4438783.027558743,0.013904898524298543,0
actual,1745690551.1435306,394648.6700815127,4438783.028830448,0.013885054130703369,0
actual,1745690551.2452805,394648.67002653156,4438783.028708758,0.013871999067898672,0
actual,1745690551.3448226,394648.66997892084,4438783.02857813,0.013871335842782852,0
actual,1745690551.4439847,394648.66987705114,4438783.028413938,0.01384590639558126,0
actual,1745690551.5438392,394648.66974487354,4438783.028223823,0.01383684813676346,0
actual,1745690551.643687,394648.6690490277,4438783.028805778,0.01387653692395381,0
actual,1745690551.7437057,394648.6689671328,4438783.028723974,0.013868805115367401,0
actual,1745690551.8436928,394648.6688559023,4438783.028609947,0.01385335895148731,0
actual,1745690551.9447196,394648.66873613914,4438783.028477333,0.013827528078557779,0
actual,1745690552.0439765,394648.6686016158,4438783.028316767,0.01381195974162986,0
actual,1745690552.144264,394648.6692240376,4438783.029378618,0.013858560032658267,0
actual,1745690552.2440321,394648.66919977556,4438783.029327512,0.013846307821309196,0
actual,1745690552.3434527,394648.66916255123,4438783.029257153,0.013839518490518966,0
actual,1745690552.4440603,394648.66916163405,4438783.029125717,0.013848576749336766,0
actual,1745690552.543917,394648.6690941446,4438783.028969739,0.013904636724910909,0
actual,1745690552.6435335,394648.6684612705,4438783.029233548,0.013933661550371462,0
actual,1745690552.74362,394648.6683520504,4438783.029144377,0.013937379101678249,0
actual,1745690552.8435888,394648.66826736054,4438783.029053854,0.013948968087911498,0
actual,1745690552.9434261,394648.66819004854,4438783.028909111,0.013975200386568966,0
actual,1745690553.043696,394648.6680146457,4438783.028831014,0.013929926545772199,0
actual,1745690553.1433537,394648.6688069905,4438783.028449774,0.013850828224071859,0
actual,1745690553.243361,394648.66853944305,4438783.02824108,0.01388812591018706,0
actual,1745690553.3433843,394648.6682814885,4438783.028037183,0.013885717355819189,0
actual,1745690553.4435718,394648.668018453,4438783.027707353,0.013926069368125356,0
actual,1745690553.5434024,394648.6677968537,4438783.027463399,0.013904497098570607,0
actual,1745690553.643443,394648.66899849084,4438783.029195399,0.013877723747845145,0
actual,1745690553.7437897,394648.6689516981,4438783.029101241,0.01385683215669869,0
actual,1745690553.8437088,394648.668940395,4438783.0290538445,0.013847372472152954,0
actual,1745690553.9435654,394648.6689300983,4438783.028922035,0.013842171390981997,0
actual,1745690554.0433834,394648.66885571193,4438783.028681264,0.013843236041825753,0
actual,1745690554.1434422,394648.6699669745,4438783.028513406,0.013864145086264686,0
actual,1745690554.243372,394648.6697994715,4438783.0284255985,0.013859223257774085,0
actual,1745690554.3439152,394648.669667405,4438783.02825277,0.01384110674013824,0
actual,1745690554.4435558,394648.66952018655,4438783.028124424,0.013842572816709935,0
actual,1745690554.5434735,394648.66928887425,4438783.027985863,0.0138274059055102,0
actual,1745690554.6433768,394648.6699005367,4438783.029403049,0.01387906765136926,0
actual,1745690554.7436612,394648.66979006707,4438783.0294458205,0.01389678274327692,0
actual,1745690554.843886,394648.66971038503,4438783.029423038,0.013933923349759344,0
actual,1745690554.9437013,394648.66962441255,4438783.029451715,0.013888248083234639,0
actual,1745690555.0438902,394648.6694519035,4438783.029474381,0.013856430730970754,0
actual,1745690555.1437018,394648.6705420114,4438783.028961045,0.013831385256204622,0
actual,1745690555.2440317,394648.67034289986,4438783.028766661,0.013872941545694602,0
actual,1745690555.3434377,394648.67026766064,4438783.028698109,0.013807683684962605,0
actual,1745690555.443723,394648.6701343319,4438783.02834019,0.013826201628326141,0
actual,1745690555.5436642,394648.6700456421,4438783.027994571,0.013833793810572493,0
actual,1745690555.643516,394648.6698203377,4438783.028630698,0.013905160323686425,0
actual,1745690555.7435043,394648.6697176154,4438783.028517491,0.013905038150638847,0
actual,1745690555.8439548,394648.66946656606,4438783.0283726,0.013888248083234639,0
actual,1745690555.9435334,394648.669293965,4438783.028208373,0.013928861894928441,0
actual,1745690556.0435297,394648.66915962356,4438783.027997508,0.013942841982237088,0
actual,1745690556.1440992,394648.6705210237,4438783.027377691,0.013944569858196417,0
actual,1745690556.2435458,394648.6704311542,4438783.02718279,0.013930589770888019,0
actual,1745690556.3436368,394648.67029605986,4438783.026962078,0.01390662640025812,0
actual,1745690556.4435618,394648.67016387737,4438783.026688692,0.013927395818356747,0
actual,1745690556.5439951,394648.67000437423,4438783.026345729,0.013905299950026729,0
actual,1745690556.6442504,394648.66987325996,4438783.028212973,0.013843113868778175,0
actual,1745690556.743445,394648.6697022559,4438783.028180482,0.013858821832045901,0
actual,1745690556.8437164,394648.6695645684,4438783.028116731,0.013845382796805743,0
actual,1745690556.9437885,394648.66943560366,4438783.027974465,0.013878125173573083,0
actual,1745690557.0444393,394648.6692653495,4438783.027789283,0.0138969049163245,0
actual,1745690557.1440969,394648.6712792364,4438783.02791395,0.01389371096379348,0
actual,1745690557.2434835,394648.6713046675,4438783.02781263,0.013895840265480745,0
actual,1745690557.3437102,394648.6713478487,4438783.027658874,0.013905701375754666,0
actual,1745690557.443337,394648.67136745586,4438783.027514226,0.013917011109307558,0
actual,1745690557.5435061,394648.6713465265,4438783.027375469,0.013893972763181113,0
actual,1745690557.643928,394648.67074295424,4438783.02782498,0.013904235299182971,0
actual,1745690557.7434916,394648.6706627294,4438783.0277686,0.013911286429361083,0
actual,1745690557.8434,394648.67045445007,4438783.027696352,0.013940450881161692,0
actual,1745690557.9434345,394648.67030588863,4438783.027687071,0.013917953587103488,0
actual,1745690558.0434146,394648.6701600182,4438783.027606955,0.013952039867394942,0
actual,1745690558.1434338,394648.670464177,4438783.027558861,0.013916086084803856,0
actual,1745690558.2439237,394648.67021718563,4438783.027439421,0.013916888936259978,0
actual,1745690558.3437145,394648.66994094907,4438783.027307768,0.013918477185879252,0
actual,1745690558.443726,394648.6696756169,4438783.027111268,0.013962162777056497,0
actual,1745690558.5437136,394648.6694289334,4438783.026908028,0.013929001521268745,0
actual,1745690558.643671,394648.66850790696,4438783.027157613,0.013889591986758754,0
actual,1745690558.743443,394648.6682605928,4438783.027091056,0.013874931221041813,0
actual,1745690558.8434305,394648.6680138067,4438783.026939854,0.013891843461493848,0
actual,1745690558.9433897,394648.6677918931,4438783.02674542,0.013899697443127834,0
actual,1745690559.0439248,394648.6675318059,4438783.026576499,0.01386655364063231,0
actual,1745690559.1436455,394648.669894218,4438783.027042533,0.013860287908617595,0
actual,1745690559.2437942,394648.6699924431,4438783.026918015,0.013877461948457263,0
actual,1745690559.3437762,394648.67008174426,4438783.026785243,0.013887846657506702,0
actual,1745690559.44361,394648.6701043602,4438783.026629722,0.01388013230221277,0
actual,1745690559.5436385,394648.67006529064,4438783.026422656,0.013886258407887429,0
actual,1745690559.6435487,394648.6703175519,4438783.026529075,0.013934464401827336,0
actual,1745690559.7433572,394648.67014958814,4438783.0264375415,0.013929525120044261,0
actual,1745690559.8434088,394648.6700875728,4438783.026254198,0.013945110910264657,0
actual,1745690559.9435778,394648.6701684689,4438783.025959776,0.013995306579552023,0
actual,1745690560.0434847,394648.67034922284,4438783.025777654,0.013945913761720531,0
actual,1745690560.143918,394648.6687641991,4438783.026328542,0.013866955066360246,0
actual,1745690560.2435308,394648.66867702507,4438783.026308287,0.013886118781547125,0
actual,1745690560.3433878,394648.6684190304,4438783.026240394,0.013925929741785302,0
actual,1745690560.4438252,394648.66795585694,4438783.02622482,0.013884914504363313,0
actual,1745690560.5437434,394648.6674877122,4438783.026145075,0.013860951133733415,0
actual,1745690560.6441433,394648.66944483493,4438783.027007593,0.013900360668243406,0
actual,1745690560.7434273,394648.6694507648,4438783.027009978,0.013875734072497935,0
actual,1745690560.8444366,394648.6694655069,4438783.026934432,0.013912228907157013,0
actual,1745690560.9434323,394648.66947365686,4438783.0267694015,0.013934726201215218,0
actual,1745690561.043616,394648.6694518911,4438783.026575677,0.013929664746384565,0
actual,1745690561.1434426,394648.6691733032,4438783.026754861,0.013905422123074308,0
actual,1745690561.2437708,394648.6690654684,4438783.026559984,0.013960696700484804,0
actual,1745690561.3436306,394648.66898689634,4438783.026423468,0.013947502011339805,0
actual,1745690561.443848,394648.6688577628,4438783.02624586,0.013984398271727068,0
actual,1745690561.5438461,394648.6687249122,4438783.02606711,0.013976265037412724,0
actual,1745690561.6436205,394648.66971392685,4438783.0256871,0.013917674334423378,0
actual,1745690561.7435613,394648.6697430871,4438783.02546358,0.013947641637680107,0
actual,1745690561.84338,394648.6697412542,4438783.025251553,0.013968271429438682,0
actual,1745690561.9439578,394648.66958268016,4438783.025009814,0.013950434164483192,0
actual,1745690562.0435476,394648.6693568724,4438783.024727709,0.013914078956164169,0
actual,1745690562.1433783,394648.6716211026,4438783.026364214,0.013910082152177023,0
actual,1745690562.2440836,394648.67179959215,4438783.026236314,0.013875070847382116,0
actual,1745690562.3434236,394648.6719233879,4438783.026072597,0.013921007913294455,0
actual,1745690562.4439158,394648.6721038651,4438783.025905769,0.013875472273110053,0
actual,1745690562.5434875,394648.6722928193,4438783.025671151,0.013917412535035496,0
actual,1745690562.6436107,394648.67220128153,4438783.026961464,0.013903432447727097,0
actual,1745690562.7435036,394648.67212239397,4438783.026884693,0.013935389426331038,0
actual,1745690562.8432832,394648.6719582073,4438783.026881849,0.013903292821386793,0
actual,1745690562.943635,394648.6717321776,4438783.02683298,0.013906224974530182,0
actual,1745690563.0440512,394648.6714437939,4438783.02670608,0.013908895328285688,0
actual,1745690563.1440609,394648.6733176798,4438783.026034836,0.013949369513639436,0
actual,1745690563.2436655,394648.67348982935,4438783.025914227,0.013935389426331038,0
actual,1745690563.3437626,394648.6736415121,4438783.025752799,0.013910885003632899,0
actual,1745690563.443614,394648.6736976588,4438783.02550586,0.013934464401827336,0
actual,1745690563.5436268,394648.6736743979,4438783.025252153,0.013877863374185201,0
actual,1745690563.6438007,394648.67173516017,4438783.027344339,0.013845504969853322,0
actual,1745690563.7434714,394648.6715987772,4438783.027278918,0.01388812591018706,0
actual,1745690563.8440406,394648.6713994141,4438783.027164017,0.013917011109307558,0
actual,1745690563.9434695,394648.6711707682,4438783.027068949,0.013908755701945634,0
actual,1745690564.0435948,394648.67087017815,4438783.026926531,0.013905422123074308,0
actual,1745690564.1438181,394648.6708035184,4438783.027281466,0.013905422123074308,0
actual,1745690564.244184,394648.67059043143,4438783.02714637,0.013949910565707676,0
actual,1745690564.3437681,394648.6703175745,4438783.026992122,0.013977469314596536,0
actual,1745690564.443447,394648.67005039495,4438783.026865654,0.013982391143087134,0
actual,1745690564.5437746,394648.66965739994,4438783.026656658,0.013989320100217667,0
actual,1745690564.6434186,394648.6704043379,4438783.0272832615,0.01389144203576591,0
actual,1745690564.74453,394648.67028438137,4438783.027201764,0.013897306342052438,0
actual,1745690564.84377,394648.6701694856,4438783.027056043,0.013905160323686425,0
actual,1745690564.9437459,394648.66989824723,4438783.026894227,0.013926470793853294,0
actual,1745690565.0440469,394648.66949324217,4438783.026703131,0.013930869023568377,0
actual,1745690565.1436064,394648.6708602528,4438783.02666405,0.013929664746384565,0
actual,1745690565.243846,394648.670718343,4438783.026497132,0.013936314450834491,0
actual,1745690565.3445785,394648.67061854375,4438783.026284819,0.013945512335992593,0
actual,1745690565.443485,394648.67051130894,4438783.026013124,0.013985864348298762,0
actual,1745690565.543547,394648.6703527384,4438783.025757737,0.013973873936337575,0
actual,1745690565.6435456,394648.6719279861,4438783.024908896,0.01392207256413821,0
actual,1745690565.7435303,394648.67191351316,4438783.024682384,0.013957886720389242,0
actual,1745690565.844029,394648.67179876624,4438783.024436669,0.013944185885760955,0
actual,1745690565.9446046,394648.6716570342,4438783.024169725,0.01393312049830347,0
actual,1745690566.0436938,394648.6715637889,4438783.023860201,0.013951237015939068,0
actual,1745690566.1440184,394648.6726142661,4438783.023452073,0.013912351080204593,0
actual,1745690566.2438042,394648.6725311769,4438783.023192257,0.013929402946996683,0
actual,1745690566.343909,394648.6725003531,4438783.023025982,0.013936715876562429,0
actual,1745690566.443506,394648.67233283527,4438783.022817115,0.013894513815249353,0
actual,1745690566.5434856,394648.67207651073,4438783.022486634,0.013955495619314095,0
actual,1745690566.6434278,394648.6716505449,4438783.024926789,0.013970016758690485,0
actual,1745690566.7434876,394648.67163696047,4438783.024982676,0.013974938587181084,0
actual,1745690566.8440392,394648.6717407787,4438783.024931801,0.014042709722036056,0
actual,1745690566.9440541,394648.671807491,4438783.024975625,0.013994381555048322,0
actual,1745690567.0435019,394648.6717717095,4438783.024887869,0.01405323405742555,0
actual,1745690567.1435974,394648.67141175375,4438783.024696992,0.013923137214981968,0
actual,1745690567.2440236,394648.67121260846,4438783.024585666,0.013948706288523616,0
actual,1745690567.343698,394648.6710192069,4438783.024494721,0.013934464401827336,0
actual,1745690567.4436252,394648.670841586,4438783.024334118,0.013976928262528542,0
actual,1745690567.5434892,394648.67056552786,4438783.024173375,0.013968550682118792,0
actual,1745690567.6438818,394648.6708706482,4438783.024976722,0.013917011109307558,0
actual,1745690567.7439044,394648.67077972164,4438783.024932702,0.013886659833615365,0
actual,1745690567.8444648,394648.67057385517,4438783.024835587,0.013894513815249353,0
actual,1745690567.9433963,394648.67029326176,4438783.024700769,0.013884530531927852,0
actual,1745690568.044017,394648.6700062503,4438783.024510863,0.013884251279247493,0
actual,1745690568.1435795,394648.671504891,4438783.024712119,0.013871999067898672,0
actual,1745690568.2438397,394648.67159378494,4438783.024580639,0.013892785939289776,0
actual,1745690568.3437006,394648.6716522765,4438783.024411442,0.013893850590133533,0
actual,1745690568.4434052,394648.6716026106,4438783.024281394,0.013895316666705227,0
actual,1745690568.5434458,394648.6715184864,4438783.024138445,0.013842712443049989,0
actual,1745690568.6446908,394648.6694186897,4438783.025413182,0.013877723747845145,0
actual,1745690568.7434757,394648.6692714498,4438783.025295787,0.013895979891821047,0
actual,1745690568.8435574,394648.6691331747,4438783.025105115,0.013909418927061453,0
actual,1745690568.9434621,394648.66893318656,4438783.024933132,0.013940852306889628,0
actual,1745690569.043694,394648.6685158395,4438783.024935598,0.013904758897958489,0
actual,1745690569.1439672,394648.6703362127,4438783.024599141,0.013883064455356158,0
actual,1745690569.2439833,394648.67016308074,4438783.024226506,0.013929804372724619,0
actual,1745690569.3434327,394648.6700812711,4438783.023931836,0.013930991196615956,0
actual,1745690569.443571,394648.66999557917,4438783.0236190595,0.013942841982237088,0
actual,1745690569.5440636,394648.6697305044,4438783.02324036,0.013923276841322272,0
actual,1745690569.6435452,394648.6698888692,4438783.025312954,0.013894635988296933,0
actual,1745690569.7435894,394648.6697727908,4438783.025264186,0.013887846657506702,0
actual,1745690569.8434732,394648.6697041242,4438783.025122405,0.013914620008232162,0
actual,1745690569.9438293,394648.66956195317,4438783.024923492,0.013926732593241176,0
actual,1745690570.0435007,394648.66940478736,4438783.024817301,0.013900238495195826,0
actual,1745690570.1435804,394648.67074965074,4438783.0248062555,0.013903292821386793,0
actual,1745690570.2433958,394648.67080434016,4438783.024616828,0.013894513815249353,0
actual,1745690570.3434398,394648.67080404947,4438783.024404311,0.013874809047994234,0
actual,1745690570.4434755,394648.67079145554,4438783.024185544,0.013874006196538358,0
actual,1745690570.5433922,394648.6707981613,4438783.023867064,0.01386655364063231,0
actual,1745690570.6434028,394648.6707175134,4438783.025036607,0.013870271191939097,0
actual,1745690570.7433822,394648.67064285296,4438783.024951622,0.013848838548724648,0
actual,1745690570.843411,394648.6705488345,4438783.024729331,0.013832589533388433,0
actual,1745690570.9434242,394648.6704120496,4438783.024529348,0.013812343714065322,0
actual,1745690571.0433788,394648.67030116654,4438783.024313535,0.013834980634463829,0
actual,1745690571.1434548,394648.6700179925,4438783.024028267,0.013908633528898054,0
actual,1745690571.243381,394648.66990919213,4438783.023830174,0.013888248083234639,0
actual,1745690571.3433745,394648.66973547323,4438783.023602045,0.013896643116936619,0
actual,1745690571.443951,394648.6695573799,4438783.0233340515,0.013905422123074308,0
actual,1745690571.5434005,394648.66940239,4438783.023064681,0.013879992675872714,0
actual,1745690571.6434622,394648.67035455856,4438783.024073273,0.013894112389521415,0
actual,1745690571.743733,394648.67040080845,4438783.023990874,0.013875594446157631,0
actual,1745690571.8438823,394648.6704209545,4438783.023864563,0.013905701375754666,0
actual,1745690571.9434574,394648.6704084734,4438783.023711064,0.013940712680549574,0
actual,1745690572.0434601,394648.67035715055,4438783.023509148,0.013963751026676019,0
actual,1745690572.1433947,394648.67002708645,4438783.024590285,0.013900238495195826,0
actual,1745690572.2434587,394648.66983946704,4438783.024580653,0.013887445231778765,0
actual,1745690572.3434136,394648.6696853202,4438783.024545907,0.013885193757043671,0
actual,1745690572.443446,394648.66967660526,4438783.024410369,0.013921269712682337,0
actual,1745690572.5434718,394648.6696992563,4438783.024287277,0.013924463665213608,0
actual,1745690572.6435914,394648.6697472388,4438783.025321826,0.013866152214904372,0
actual,1745690572.7440383,394648.66958002915,4438783.025339532,0.01387918982441684,0
actual,1745690572.8433807,394648.66939382587,4438783.025326421,0.013876397297613507,0
actual,1745690572.94341,394648.66914877156,4438783.025297054,0.013872941545694602,0
actual,1745690573.0433786,394648.66885670554,4438783.025229355,0.013896503490596563,0
actual,1745690573.1434333,394648.66982730734,4438783.025660758,0.013936995129242787,0
actual,1745690573.243381,394648.66977321083,4438783.025613585,0.013961080672920265,0
actual,1745690573.3433793,394648.6697354927,4438783.025579361,0.013934185149147226,0
actual,1745690573.443395,394648.6698460829,4438783.025550333,0.013946978412564289,0
actual,1745690573.5444179,394648.66993037413,4438783.025431963,0.013949910565707676,0
actual,1745690573.6433887,394648.6686551273,4438783.025590394,0.013925406143009538,0
actual,1745690573.7432976,394648.6683816257,4438783.025568845,0.013901704571767521,0
actual,1745690573.8438184,394648.6678419604,4438783.0254119625,0.013856552904018332,0
actual,1745690573.9436135,394648.6673378529,4438783.025045675,0.013923538640709906,0
actual,1745690574.0434175,394648.66681772296,4438783.024790425,0.01386428471260474,0
actual,1745690574.1434057,394648.67057144863,4438783.025839812,0.013919402210382705,0
actual,1745690574.2433903,394648.67086251185,4438783.025695422,0.013881999804512402,0
actual,1745690574.3433976,394648.67106160783,4438783.025573967,0.013902507423223395,0
actual,1745690574.4436479,394648.67118629516,4438783.025417663,0.013868281516591885,0
actual,1745690574.5434299,394648.6712033426,4438783.02513188,0.013923276841322272,0
actual,1745690574.6439593,394648.6694212313,4438783.023524565,0.013960818873532631,0
actual,1745690574.7433975,394648.6690090592,4438783.023137416,0.01390116351969928,0
actual,1745690574.8437288,394648.6690170596,4438783.022464281,0.013890918436990146,0
actual,1745690574.943366,394648.66947662947,4438783.021779683,0.013920606487566517,0
actual,1745690575.0433867,394648.6702315635,4438783.021026032,0.013897969567168258,0
actual,1745690575.143379,394648.6725150953,4438783.024419108,0.01394244055650915,0
actual,1745690575.2433105,394648.6733542979,4438783.0242260285,0.013887584858118819,0
actual,1745690575.3434794,394648.67375750886,4438783.023979521,0.013898772418624132,0
actual,1745690575.443445,394648.67382125335,4438783.023736739,0.013879870502825135,0
actual,1745690575.5434453,394648.6737422126,4438783.023478577,0.013867618291476065,0
actual,1745690575.643712,394648.6692590773,4438783.026666947,0.013869346167435643,0
actual,1745690575.7436566,394648.6686049654,4438783.026788293,0.013844038893281629,0
actual,1745690575.843723,394648.66814661154,4438783.026890613,0.013845766769241204,0
actual,1745690575.9434388,394648.6677091194,4438783.026913364,0.013851107476752217,0
actual,1745690576.0434315,394648.6672116687,4438783.0268759,0.013885856982159491,0
actual,1745690576.1434033,394648.67044015747,4438783.025302281,0.013909418927061453,0
actual,1745690576.243388,394648.67032043886,4438783.025201057,0.013905823548802244,0
actual,1745690576.3434253,394648.6702126551,4438783.025040456,0.013909418927061453,0
actual,1745690576.443406,394648.6700846136,4438783.024830737,0.013943784460033018,0
actual,1745690576.5438662,394648.669816974,4438783.024555141,0.01394350520735266,0
actual,1745690576.643725,394648.67064225074,4438783.026440881,0.013875594446157631,0
actual,1745690576.7436645,394648.6705416268,4438783.026381031,0.013899697443127834,0
actual,1745690576.843394,394648.6704348772,4438783.026274247,0.013942178757121268,0
actual,1745690576.9433844,394648.6702976455,4438783.026180687,0.013940189081774058,0
actual,1745690577.043371,394648.670154527,4438783.026076757,0.013938059780086545,0
actual,1745690577.1433868,394648.6716149495,4438783.026237152,0.01388945236041845,0
actual,1745690577.2433786,394648.6716811639,4438783.026113275,0.013898109193508312,0
actual,1745690577.3433197,394648.6717164859,4438783.025970426,0.013891983087833902,0
actual,1745690577.443447,394648.67172710516,4438783.025818394,0.013910221778517327,0
actual,1745690577.543433,394648.6718197814,4438783.025581347,0.013906364600870236,0
actual,1745690577.6437008,394648.67095147696,4438783.025480064,0.01388559518277161,0
actual,1745690577.7443607,394648.6708634879,4438783.025326343,0.01384590639558126,0
actual,1745690577.8433914,394648.6707065477,4438783.025106717,0.013844038893281629,0
actual,1745690577.943516,394648.6705250818,4438783.024834732,0.013819272671195855,0
actual,1745690578.0434418,394648.6703540346,4438783.024540238,0.013825800202598203,0
actual,1745690578.1434104,394648.6699529102,4438783.024758372,0.013873744397150476,0
actual,1745690578.2439353,394648.66982582345,4438783.024509784,0.013872278320578782,0
actual,1745690578.3439624,394648.6697181384,4438783.024304365,0.013852957525759373,0
actual,1745690578.4438984,394648.66955651686,4438783.023992326,0.013865488989788552,0
actual,1745690578.5436616,394648.6693657169,4438783.023653054,0.013832729159728736,0
actual,1745690578.643691,394648.6703450565,4438783.023816282,0.013861090760073717,0
actual,1745690578.7433743,394648.67032807146,4438783.023654581,0.013844702118397448,0
actual,1745690578.8433826,394648.67026059557,4438783.023458284,0.013844702118397448,0
actual,1745690578.9433765,394648.67016999295,4438783.023250902,0.013819935896311674,0
actual,1745690579.0433772,394648.67007110984,4438783.0229338575,0.013841508165866177,0
actual,1745690579.143479,394648.66899252776,4438783.025448349,0.013926732593241176,0
actual,1745690579.243614,394648.6688363165,4438783.02540267,0.013908232103169868,0
actual,1745690579.343833,394648.66863412835,4438783.025322488,0.013892105260881481,0
actual,1745690579.4437811,394648.6684677943,4438783.025157985,0.013893449164405595,0
actual,1745690579.5437486,394648.6682843567,4438783.024957074,0.013911827481429077,0
actual,1745690579.644164,394648.66882478993,4438783.025046568,0.013930467597840439,0
actual,1745690579.7433805,394648.66868015524,4438783.0249307845,0.013917953587103488,0
actual,1745690579.8434155,394648.6685610241,4438783.024768172,0.01395376774335452,0
actual,1745690579.9433992,394648.6683726143,4438783.024633016,0.013924079692778146,0
actual,1745690580.043382,394648.66810160456,4438783.0244284775,0.013933399750983828,0
actual,1745690580.1434388,394648.6690863808,4438783.025025864,0.013898772418624132,0
actual,1745690580.243413,394648.6690323938,4438783.024870712,0.013910483577904961,0
actual,1745690580.3440065,394648.6689760352,4438783.024704921,0.013911687855089021,0
actual,1745690580.4437208,394648.6688988639,4438783.024492464,0.01388850988262252,0
actual,1745690580.543353,394648.66880854324,4438783.024234249,0.013891319862718082,0
actual,1745690580.643406,394648.6696668485,4438783.024759318,0.01391821538649137,0
actual,1745690580.743442,394648.6697727154,4438783.024565148,0.013942039130781214,0
actual,1745690580.8433752,394648.66992101446,4438783.024391506,0.013956699896497907,0
actual,1745690580.9433985,394648.6699526174,4438783.024192805,0.013980802893467861,0
actual,1745690581.0434039,394648.66993850796,4438783.0239276495,0.013990524377401479,0
actual,1745690581.1441314,394648.6704205986,4438783.024000321,0.013926470793853294,0
actual,1745690581.243786,394648.6704718417,4438783.023788562,0.01395696169588554,0
actual,1745690581.3437355,394648.67047221033,4438783.023553071,0.013963227427900255,0
actual,1745690581.443688,394648.67043651734,4438783.023254947,0.0139821293436995,0
actual,1745690581.5433826,394648.6704346014,4438783.022939584,0.013964553878131895,0
actual,1745690581.643429,394648.6700984311,4438783.025058249,0.013920606487566517,0
actual,1745690581.743406,394648.6699949349,4438783.025028314,0.013920606487566517,0
actual,1745690581.8434186,394648.6698563304,4438783.024915111,0.013928600095540807,0
actual,1745690581.9434004,394648.6697464465,4438783.024731239,0.013953907369694573,0
actual,1745690582.0434065,394648.66966566135,4438783.024563867,0.013941655158345752,0
actual,1745690582.1436057,394648.66994118085,4438783.023810782,0.013874669421654178,0
actual,1745690582.2439883,394648.66985902196,4438783.023641272,0.013875332646769998,0
actual,1745690582.3434083,394648.66980170336,4438783.023458532,0.013880795527328588,0
actual,1745690582.443409,394648.6697340504,4438783.023264556,0.013882924829016104,0
actual,1745690582.543395,394648.6696518067,4438783.023068956,0.013860828960685835,0
actual,1745690582.6433797,394648.67047570355,4438783.0246428605,0.013878928025028959,0
actual,1745690582.7433732,394648.6703317574,4438783.024631216,0.01385004282590846,0
actual,1745690582.8433962,394648.6700165608,4438783.02460455,0.013842974242437871,0
actual,1745690582.9434018,394648.669583102,4438783.024407924,0.013887445231778765,0
actual,1745690583.0435796,394648.6692711336,4438783.024295072,0.013912089280816959,0
actual,1745690583.1440535,394648.6699479585,4438783.024679759,0.013952563466170707,0
actual,1745690583.2448132,394648.67035195034,4438783.024524823,0.013962284950104325,0
actual,1745690583.3441195,394648.6708348404,4438783.024450474,0.013976544290093082,0
actual,1745690583.4433906,394648.67115575646,4438783.0243803,0.013926994392628811,0
actual,1745690583.5434315,394648.67134801083,4438783.024190918,0.013923678267050208,0
actual,1745690583.6433914,394648.66922048415,4438783.02492151,0.01387240049362661,0
actual,1745690583.743428,394648.6690702088,4438783.024919638,0.013833654184232191,0
actual,1745690583.8434916,394648.6689519187,4438783.024829499,0.013845766769241204,0
actual,1745690583.9434965,394648.66878590215,4438783.024831501,0.01383684813676346,0
actual,1745690584.0436604,394648.66846923676,4438783.024782114,0.013839378864178912,0
actual,1745690584.1436477,394648.6695654087,4438783.024381308,0.013909698179741564,0
actual,1745690584.2433877,394648.6695765436,4438783.024217664,0.013916208257851684,0
actual,1745690584.3436272,394648.66963440576,4438783.02407577,0.013895037414024869,0
actual,1745690584.4434922,394648.66960217734,4438783.023878902,0.013910483577904961,0
actual,1745690584.5434198,394648.66954534524,4438783.023698935,0.013881860178172346,0
actual,1745690584.6438613,394648.66950088355,4438783.0246793125,0.013893309538065541,0
actual,1745690584.743607,394648.6695135856,4438783.024598246,0.013916086084803856,0
actual,1745690584.843497,394648.6695565229,4438783.02450587,0.013918738985266885,0
actual,1745690584.9436996,394648.66956728994,4438783.0243252665,0.013907691051101876,0
actual,1745690585.0434604,394648.6694813983,4438783.024141224,0.013891319862718082,0
actual,1745690585.1435483,394648.6693954315,4438783.025883494,0.013869346167435643,0
actual,1745690585.2434583,394648.66940872313,4438783.025854545,0.013931532248684196,0
actual,1745690585.343395,394648.66937988484,4438783.0258777095,0.013914480381892106,0
actual,1745690585.443443,394648.669289512,4438783.025864176,0.013904898524298543,0
actual,1745690585.5435078,394648.66919394856,4438783.025794109,0.013854161802943184,0
actual,1745690585.6434422,394648.670120244,4438783.026062182,0.013894915240977291,0
actual,1745690585.7434871,394648.67015514907,4438783.026043766,0.013861352559461353,0
actual,1745690585.84355,394648.6700956099,4438783.025965566,0.013867618291476065,0
actual,1745690585.943629,394648.67009924236,4438783.025877163,0.013844702118397448,0
actual,1745690586.0437667,394648.6701903297,4438783.025733745,0.013862556836645164,0
actual,1745690586.1435137,394648.66917025554,4438783.0259978045,0.013871876894850844,0
actual,1745690586.2434375,394648.6689421336,4438783.025819668,0.013891983087833902,0
actual,1745690586.343585,394648.66878723353,4438783.025743054,0.013868944741707457,0
actual,1745690586.4435134,394648.66863151954,4438783.025614721,0.013904497098570607,0
actual,1745690586.5436032,394648.6684046659,4438783.025429414,0.01385695432974627,0
actual,1745690586.6434517,394648.6692332743,4438783.026768199,0.013853498577827365,0
actual,1745690586.7434223,394648.66899602005,4438783.026738415,0.01385815860693033,0
actual,1745690586.843506,394648.66880832537,4438783.026685802,0.013865488989788552,0
actual,1745690586.9434662,394648.6686938258,4438783.02657305,0.013885455556431553,0
actual,1745690587.0439963,394648.66862470267,4438783.026429488,0.013894915240977291,0
actual,1745690587.1434083,394648.6697299432,4438783.026800682,0.013857757181202392,0
actual,1745690587.2433853,394648.6696678835,4438783.026671768,0.013914218582504224,0
actual,1745690587.3434923,394648.6695811436,4438783.026606006,0.01389144203576591,0
actual,1745690587.4435375,394648.66947496776,4438783.026460111,0.013900360668243406,0
actual,1745690587.5434015,394648.6692684646,4438783.026253457,0.013897166715712382,0
actual,1745690587.6434572,394648.6699874201,4438783.027969946,0.013890517011262208,0
actual,1745690587.7434206,394648.6698300935,4438783.027974379,0.013882924829016104,0
actual,1745690587.8440106,394648.66969068453,4438783.02792788,0.013893187365017714,0
actual,1745690587.9440339,394648.66959183617,4438783.027897143,0.013891581662105964,0
actual,1745690588.0439975,394648.6694328645,4438783.027880763,0.013859083631433783,0
actual,1745690588.1434174,394648.6711254528,4438783.0272178305,0.013863359688101286,0
actual,1745690588.2433999,394648.6711843673,4438783.027116395,0.01386655364063231,0
actual,1745690588.343437,394648.6712245572,4438783.026978436,0.013886782006662945,0
actual,1745690588.4434087,394648.67129322764,4438783.026787581,0.013896102064868627,0
actual,1745690588.5434084,394648.6713143723,4438783.026572541,0.013886921633003,0
actual,1745690588.6433828,394648.669578291,4438783.027019749,0.013933661550371462,0
actual,1745690588.7434616,394648.669323688,4438783.02682317,0.013942178757121268,0
actual,1745690588.8434074,394648.6691033235,4438783.02659727,0.013940049455433754,0
actual,1745690588.9433868,394648.6688360713,4438783.026326911,0.013945110910264657,0
actual,1745690589.0433805,394648.6685933714,4438783.025929226,0.013962023150716443,0
actual,1745690589.1433399,394648.67048059026,4438783.026978927,0.013938845178249943,0
actual,1745690589.2432861,394648.67049581255,4438783.026919357,0.013925406143009538,0
actual,1745690589.3433673,394648.6705413493,4438783.026795151,0.013932719072575532,0
actual,1745690589.443376,394648.6705523336,4438783.02665439,0.013915824285416222,0
actual,1745690589.5433743,394648.6704948061,4438783.026475285,0.013892105260881481,0
actual,1745690589.6433814,394648.66956738295,4438783.026202939,0.013857355755474456,0
actual,1745690589.743373,394648.6694317707,4438783.026047544,0.013878264799913139,0
actual,1745690589.8433962,394648.66921811516,4438783.025886984,0.013858018980590026,0
actual,1745690589.9433682,394648.6690156236,4438783.025607114,0.01385749538181451,0
actual,1745690590.0433629,394648.6688472292,4438783.025212416,0.013867618291476065,0
actual,1745690590.1433682,394648.6687124303,4438783.0255570635,0.013928600095540807,0
actual,1745690590.2434313,394648.6685420448,4438783.02556769,0.013906766026598174,0
actual,1745690590.3433766,394648.6683009482,4438783.0254793335,0.013937780527406187,0
actual,1745690590.443406,394648.6680650215,4438783.025382859,0.013918477185879252,0
actual,1745690590.5435824,394648.6678049517,4438783.025252979,0.013938984804589999,0
actual,1745690590.6434867,394648.6696762518,4438783.027065616,0.013929402946996683,0
actual,1745690590.7434182,394648.6696542955,4438783.027017676,0.013946437360496047,0
actual,1745690590.843497,394648.66957200214,4438783.027016581,0.013923800440097788,0
actual,1745690590.943391,394648.6694491068,4438783.026956385,0.01393659370351485,0
actual,1745690591.0434122,394648.66942357377,4438783.0267962385,0.013934586574875164,0
actual,1745690591.1434212,394648.67014770996,4438783.026424777,0.013919402210382705,0
actual,1745690591.2434776,394648.67024975765,4438783.026349444,0.013900360668243406,0
actual,1745690591.3433776,394648.67024919105,4438783.026223407,0.013900901720311646,0
actual,1745690591.4433985,394648.6701932397,4438783.026006037,0.013886659833615365,0
actual,1745690591.5434008,394648.6698968216,4438783.025697248,0.013881057326716472,0
actual,1745690591.6433656,394648.67006031715,4438783.026473403,0.013879469077097199,0
actual,1745690591.7433932,394648.6698496934,4438783.026500378,0.013856291104630698,0
actual,1745690591.8433883,394648.66972614394,4438783.0263567185,0.013865750789176434,0
actual,1745690591.9433923,394648.66964720807,4438783.026171455,0.013902769222611277,0
actual,1745690592.043365,394648.66967486223,4438783.025963357,0.013935389426331038,0
actual,1745690592.1435921,394648.6697305761,4438783.025697059,0.013916347884191738,0
actual,1745690592.2436116,394648.6714333649,4438783.025788298,0.01393725692863067,0
actual,1745690592.3435585,394648.67149334133,4438783.0256233765,0.0139159464584638,0
actual,1745690592.4435067,394648.6714828417,4438783.025378981,0.013945512335992593,0
actual,1745690592.5434735,394648.67154919176,4438783.025161961,0.013958427772457234,0
actual,1745690592.6433296,394648.6713297154,4438783.026664073,0.013892908112337355,0
actual,1745690592.7434087,394648.6712178284,4438783.026599222,0.013924742917893718,0
actual,1745690592.8433952,394648.67105299485,4438783.026659823,0.013870271191939097,0
actual,1745690592.943439,394648.670848399,4438783.026611451,0.013879329450756895,0
actual,1745690593.0433989,394648.67062406504,4438783.026537228,0.013879870502825135,0
actual,1745690593.1433666,394648.6714377407,4438783.027052552,0.013912228907157013,0
actual,1745690593.2436295,394648.6715306655,4438783.026998284,0.013928739721880863,0
actual,1745690593.3434277,394648.67161130346,4438783.026874856,0.01395989384902893,0
actual,1745690593.4434679,394648.67163854063,4438783.026731526,0.013956699896497907,0
actual,1745690593.5433836,394648.67166686745,4438783.026560679,0.01396987713235043,0
actual,1745690593.643436,394648.67092142144,4438783.027500836,0.01392140933902264,0
actual,1745690593.7435677,394648.6708165044,4438783.027400721,0.013912351080204593,0
actual,1745690593.843638,394648.6707169336,4438783.027237019,0.013910361404857382,0
actual,1745690593.9434242,394648.6705887363,4438783.027035143,0.01389756814144032,0
actual,1745690594.0434198,394648.6703445298,4438783.026804773,0.013885455556431553,0
actual,1745690594.1434202,394648.6716532626,4438783.026899916,0.013906364600870236,0
actual,1745690594.2433894,394648.6717064923,4438783.02677633,0.013903292821386793,0
actual,1745690594.3434713,394648.6717148036,4438783.026595744,0.013885315930091251,0
actual,1745690594.443578,394648.6716337075,4438783.026331501,0.013896503490596563,0
actual,1745690594.5434818,394648.6715531155,4438783.026064676,0.013873465144470366,0
actual,1745690594.6435356,394648.6719778535,4438783.026281168,0.013918075760151314,0
actual,1745690594.7434866,394648.6719241375,4438783.026117418,0.013906486773918064,0
actual,1745690594.8434024,394648.6717747155,4438783.0258940235,0.013929804372724619,0
actual,1745690594.943396,394648.67159237753,4438783.025598777,0.013944971283924353,0
actual,1745690595.043389,394648.6713663033,4438783.025256347,0.013949107714251802,0
actual,1745690595.1434011,394648.6707154519,4438783.02542507,0.013880655900988534,0
actual,1745690595.243408,394648.6705167866,4438783.025229542,0.013892105260881481,0
actual,1745690595.343553,394648.6702789322,4438783.025067014,0.013881319126104106,0
actual,1745690595.443626,394648.6700257885,4438783.024833211,0.013858560032658267,0
actual,1745690595.5434952,394648.6697849416,4438783.024494329,0.013907691051101876,0
actual,1745690595.6433942,394648.6712070841,4438783.025089267,0.013964012826063653,0
actual,1745690595.7434072,394648.671159895,4438783.024967282,0.01397666646314066,0
actual,1745690595.8433979,394648.6710602458,4438783.024811366,0.013951097389599012,0
actual,1745690595.9434342,394648.6709329426,4438783.024584834,0.013964292078744011,0
actual,1745690596.0434077,394648.67080035165,4438783.0243506,0.013956699896497907,0
actual,1745690596.1433556,394648.6717060341,4438783.025037501,0.013905823548802244,0
actual,1745690596.2434068,394648.6716715236,4438783.024911233,0.013923276841322272,0
actual,1745690596.3435462,394648.67157423723,4438783.024780472,0.013908755701945634,0
actual,1745690596.4434643,394648.67156309704,4438783.024578349,0.013908354276217696,0
actual,1745690596.5434446,394648.67168404465,4438783.024337133,0.013934464401827336,0
actual,1745690596.6433856,394648.67102706747,4438783.024130378,0.013863359688101286,0
actual,1745690596.7433848,394648.6708661116,4438783.023930742,0.01388559518277161,0
actual,1745690596.8433824,394648.67057926365,4438783.023773452,0.013838715639063092,0
actual,1745690596.943627,394648.67024896067,4438783.023483504,0.01385004282590846,0
actual,1745690597.043699,394648.67010357045,4438783.023123778,0.013838192040287328,0
actual,1745690597.1437123,394648.6713478786,4438783.024466524,0.013874529795313876,0
actual,1745690597.2435548,394648.67149118736,4438783.0243939655,0.01386428471260474,0
actual,1745690597.343631,394648.67159978894,4438783.024265917,0.013859083631433783,0
actual,1745690597.4437869,394648.671703625,4438783.024079459,0.013855104280739362,0
actual,1745690597.5435615,394648.6718416257,4438783.023819409,0.013909418927061453,0
actual,1745690597.6436124,394648.6711080505,4438783.024009536,0.013954430968470337,0
actual,1745690597.7437127,394648.6711570366,4438783.023915536,0.013907830677441932,0
actual,1745690597.84386,394648.6712124415,4438783.023759803,0.013914480381892106,0
actual,1745690597.9437187,394648.6712530298,4438783.0236069495,0.01393245727318765,0
actual,1745690598.043467,394648.6711307594,4438783.02342544,0.013933260124643524,0
actual,1745690598.143554,394648.6715930664,4438783.023371706,0.013867618291476065,0
actual,1745690598.2435992,394648.6714311211,4438783.023311344,0.013862556836645164,0
actual,1745690598.3435001,394648.67121309554,4438783.023124891,0.013874669421654178,0
actual,1745690598.4434073,394648.67100212595,4438783.022925382,0.013890255211874326,0
actual,1745690598.543573,394648.6707358052,4438783.022807168,0.013876135498225873,0
actual,1745690598.6435313,394648.6711248498,4438783.024658323,0.013911286429361083,0
actual,1745690598.7436545,394648.67104482814,4438783.024666917,0.013923137214981968,0
actual,1745690598.84345,394648.67093932256,4438783.024693942,0.013926208994465412,0
actual,1745690598.9435499,394648.6707570774,4438783.024658415,0.013916487510531794,0
actual,1745690599.0433881,394648.6700587593,4438783.024444782,0.014031923587258929,0
actual,1745690599.143418,394648.6737776111,4438783.028276645,0.013818871245467917,0
actual,1745690599.2435212,394648.67397274,4438783.0287327785,0.013858018980590026,0
actual,1745690599.3435721,394648.67461091717,4438783.02901243,0.013943906633080845,0
actual,1745690599.4434173,394648.6754381686,4438783.02942853,0.01389851061923625,0
actual,1745690599.5434344,394648.67623423727,4438783.029783529,0.013968812481506674,0
actual,1745690599.6434212,394648.6682185064,4438783.026190439,0.013899575270080006,0
actual,1745690599.7434938,394648.6675119912,4438783.025801561,0.013962162777056497,0
actual,1745690599.8434176,394648.66661627113,4438783.025499567,0.013855488253174824,0
actual,1745690599.94346,394648.66561709385,4438783.024922166,0.013980401467739923,0
actual,1745690600.0434847,394648.66450591397,4438783.0245273635,0.013891581662105964,0
actual,1745690600.143519,394648.67121828924,4438783.025757796,0.013927134018969113,0
actual,1745690600.2435243,394648.67177356686,4438783.025458531,0.013893309538065541,0
actual,1745690600.3434744,394648.67255782266,4438783.025125149,0.013920606487566517,0
actual,1745690600.4434557,394648.6726606829,4438783.024793817,0.013976544290093082,0
actual,1745690600.5434997,394648.67221063934,4438783.0245818915,0.013806095435343332,0
actual,1745690600.6435122,394648.6707244222,4438783.02576005,0.013875472273110053,0
actual,1745690600.7434425,394648.6709565647,4438783.025579164,0.0137761281320866,0
actual,1745690600.843332,394648.67164095433,4438783.025095643,0.013879730876484832,0
actual,1745690600.9435847,394648.6722095306,4438783.024703605,0.013881319126104106,0
actual,1745690601.043453,394648.67224467965,4438783.024367407,0.013857093956086572,0
actual,1745690601.1434903,394648.67029549886,4438783.027824242,0.013771345929936058,0
actual,1745690601.2434123,394648.6702736801,4438783.027592433,0.013886520207275063,0
actual,1745690601.3434758,394648.67010039935,4438783.027451583,0.013852835352711793,0
actual,1745690601.443569,394648.6697983192,4438783.027412015,0.01383978028990685,0
actual,1745690601.5434482,394648.6694802858,4438783.0272237975,0.0138513692761401,0
actual,1745690601.6437135,394648.67063195945,4438783.0284801675,0.01387720014906963,0
actual,1745690601.7434993,394648.67060400173,4438783.028421727,0.013905701375754666,0
actual,1745690601.8435175,394648.670628241,4438783.028253908,0.01389983706946789,0
actual,1745690601.943327,394648.6706548142,4438783.028099885,0.013908633528898054,0
actual,1745690602.0434027,394648.6708327765,4438783.027996965,0.01387906765136926,0
actual,1745690602.1433926,394648.67049243685,4438783.0277962955,0.01395083559021113,0
actual,1745690602.2434452,394648.6701929586,4438783.027690409,0.013917011109307558,0
actual,1745690602.343432,394648.6698638636,4438783.027555407,0.013922334363526094,0
actual,1745690602.4433932,394648.6697073403,4438783.027330726,0.013942981608577144,0
actual,1745690602.543367,394648.66955638,4438783.027095781,0.013948566662183562,0
actual,1745690602.6433818,394648.6696780419,4438783.02856318,0.013898370992896194,0
actual,1745690602.7433877,394648.6695711679,4438783.028555196,0.01392339901436985,0
actual,1745690602.8434336,394648.6693977587,4438783.028487082,0.013929263320656627,0
actual,1745690602.9433763,394648.66918636695,4438783.028386555,0.013944185885760955,0
actual,1745690603.0434647,394648.66903154796,4438783.028237309,0.013959352796960936,0
actual,1745690603.1433907,394648.67010151135,4438783.0283467155,0.013894252015861471,0
actual,1745690603.2434049,394648.67008818995,4438783.028231194,0.013876938349681747,0
actual,1745690603.3434944,394648.670008466,4438783.028026052,0.01391329355800077,0
actual,1745690603.443455,394648.6699303564,4438783.027804935,0.013879870502825135,0
actual,1745690603.543435,394648.6698994953,4438783.027472257,0.013949910565707676,0
actual,1745690603.6433918,394648.6699101595,4438783.0281910105,0.013907952850489758,0
actual,1745690603.743366,394648.66979864734,4438783.028098405,0.013931270449296315,0
actual,1745690603.8433537,394648.6697634869,4438783.027877101,0.013940450881161692,0
actual,1745690603.9433827,394648.66959799,4438783.027674947,0.013943784460033018,0
actual,1745690604.043411,394648.66939464293,4438783.02754258,0.013910885003632899,0
actual,1745690604.1433718,394648.67077937676,4438783.027503622,0.013876798723341443,0
actual,1745690604.2433922,394648.670798533,4438783.027255553,0.013901966371155403,0
actual,1745690604.3434057,394648.67076231376,4438783.026961403,0.013930869023568377,0
actual,1745690604.4434018,394648.6707033825,4438783.02669289,0.013919140410994823,0
actual,1745690604.5433915,394648.6706276212,4438783.026396174,0.013941375905665394,0
actual,1745690604.6434038,394648.6703441525,4438783.027371138,0.013907952850489758,0
actual,1745690604.743523,394648.6703465832,4438783.027266503,0.01389065663760251,0
actual,1745690604.8433788,394648.670191812,4438783.027056363,0.013913817156776287,0
actual,1745690604.9433682,394648.6700086059,4438783.026892726,0.01388013230221277,0
actual,1745690605.0433977,394648.66983914684,4438783.026717845,0.013895578466093109,0
actual,1745690605.1433861,394648.67091312585,4438783.026828811,0.013898109193508312,0
actual,1745690605.2433712,394648.67090207303,4438783.026626729,0.013926732593241176,0
actual,1745690605.3433716,394648.6709067622,4438783.026425985,0.013915824285416222,0
actual,1745690605.4434576,394648.6708560091,4438783.0261350805,0.013958951371233,0
actual,1745690605.543368,394648.67080638814,4438783.02584494,0.013961883524376387,0
actual,1745690605.6434877,394648.6709520527,4438783.028165806,0.013980925066515439,0
actual,1745690605.7433877,394648.6708835753,4438783.028159912,0.013959230623913358,0
actual,1745690605.843372,394648.6704868141,4438783.02831241,0.013971605008310007,0
actual,1745690605.9433644,394648.66962646885,4438783.028292588,0.013949910565707676,0
actual,1745690606.0433667,394648.6687298907,4438783.028090293,0.013914078956164169,0
actual,1745690606.1433756,394648.67136203044,4438783.02802206,0.013880655900988534,0
actual,1745690606.2433655,394648.67217247403,4438783.0279313205,0.013916487510531794,0
actual,1745690606.3433704,394648.6731869622,4438783.027815078,0.013896503490596563,0
actual,1745690606.4433744,394648.6743160464,4438783.027700884,0.013883064455356158,0
actual,1745690606.5433743,394648.6756259235,4438783.027637524,0.013867216865748128,0
actual,1745690606.6433809,394648.6702564416,4438783.028529966,0.013901041346651702,0
actual,1745690606.7433734,394648.67038679717,4438783.028479323,0.013883588054131922,0
actual,1745690606.843379,394648.6702838127,4438783.028466465,0.013851770701868037,0
actual,1745690606.943451,394648.6698792136,4438783.028433185,0.01384723284581265,0
actual,1745690607.043411,394648.6692099456,4438783.028347792,0.013807962937642963,0
actual,1745690607.143404,394648.67155991297,4438783.028885539,0.013856692530358636,0
actual,1745690607.2433891,394648.6712976867,4438783.02878447,0.013883588054131922,0
actual,1745690607.343516,394648.6710623681,4438783.028662821,0.013876798723341443,0
actual,1745690607.4434032,394648.6708713764,4438783.028515555,0.013880254475260596,0
actual,1745690607.5433803,394648.6707097958,4438783.028311703,0.013912089280816959,0
actual,1745690607.6433685,394648.67092823016,4438783.029690419,0.01391954183672301,0
actual,1745690607.7433767,394648.67091909517,4438783.029651515,0.013923538640709906,0
actual,1745690607.843398,394648.6708570806,4438783.029596345,0.013927395818356747,0
actual,1745690607.9434736,394648.6707744917,4438783.029542275,0.013933260124643524,0
actual,1745690608.043335,394648.67071902164,4438783.029441916,0.01394470948453672,0
actual,1745690608.143385,394648.6699858396,4438783.031060526,0.013912612879592475,0
actual,1745690608.2433944,394648.669827209,4438783.031079782,0.013934726201215218,0
actual,1745690608.3435733,394648.6696502338,4438783.031072611,0.013914881807620044,0
actual,1745690608.443404,394648.6694165184,4438783.030991017,0.013961621724988505,0
actual,1745690608.5434492,394648.6692188853,4438783.030862206,0.013995184406504444,0
actual,1745690608.6434774,394648.67057021963,4438783.030762104,0.014013684896575503,0
actual,1745690608.7433965,394648.6705827266,4438783.0306309275,0.014001310512178854,0
actual,1745690608.8434613,394648.67049438437,4438783.030480757,0.013980261841399869,0
actual,1745690608.9434228,394648.67036258447,4438783.030253567,0.01396242457644438,0
actual,1745690609.043363,394648.6702526609,4438783.029981347,0.01398411901904671,0
actual,1745690609.1433666,394648.67071712366,4438783.030356426,0.013895177040365173,0
actual,1745690609.2434273,394648.6706233135,4438783.0302377455,0.013891180236378028,0
actual,1745690609.343393,394648.6705470868,4438783.030094364,0.013900500294583708,0
actual,1745690609.4433882,394648.67046315665,4438783.029933612,0.013910361404857382,0
actual,1745690609.5434082,394648.6702908388,4438783.0297739245,0.013898632792284078,0
actual,1745690609.643379,394648.67096691893,4438783.02959206,0.01389983706946789,0
actual,1745690609.7433596,394648.671012442,4438783.029457027,0.013940974479937456,0
actual,1745690609.8433683,394648.6710244435,4438783.0292640235,0.013972948911833873,0
actual,1745690609.9433863,394648.6709628261,4438783.029219564,0.013944569858196417,0
actual,1745690610.0433815,394648.670906338,4438783.029022508,0.013937379101678249,0
actual,1745690610.143365,394648.67001711554,4438783.028054383,0.013932195473799768,0
actual,1745690610.2434196,394648.6699339476,4438783.027836057,0.013967608204322862,0
actual,1745690610.3434103,394648.66980739764,4438783.027555604,0.01393924660397788,0
actual,1745690610.4433825,394648.6696883505,4438783.027186513,0.013942039130781214,0
actual,1745690610.5433838,394648.66960434587,4438783.026872753,0.013918477185879252,0
actual,1745690610.6433728,394648.67063230905,4438783.028304911,0.01382433412602651,0
actual,1745690610.7434003,394648.6706034391,4438783.0281310035,0.013840583141362724,0
actual,1745690610.8433757,394648.67058443115,4438783.027968693,0.013842712443049989,0
actual,1745690610.9433737,394648.67053594184,4438783.02773556,0.013842852069390293,0
actual,1745690611.043382,394648.6704104949,4438783.027474302,0.013816881570120707,0
actual,1745690611.143375,394648.6705633266,4438783.028139073,0.013874006196538358,0
actual,1745690611.2434142,394648.6704597821,4438783.028028758,0.01389371096379348,0
actual,1745690611.3433528,394648.6703162514,4438783.027861191,0.013930991196615956,0
actual,1745690611.443372,394648.6701690947,4438783.02772004,0.013920606487566517,0
actual,1745690611.543389,394648.67000973015,4438783.027534687,0.013917011109307558,0
actual,1745690611.6433723,394648.67076704034,4438783.0285941195,0.013927535444697051,0
actual,1745690611.7433805,394648.6706582126,4438783.028496728,0.013911827481429077,0
actual,1745690611.843416,394648.67053896474,4438783.028366538,0.013915545032735864,0
actual,1745690611.9433756,394648.67045441817,4438783.0281812465,0.0139159464584638,0
actual,1745690612.0433714,394648.6703089261,4438783.027968932,0.013890255211874326,0
actual,1745690612.1432714,394648.67009448487,4438783.027688117,0.013895438839752807,0
actual,1745690612.2434204,394648.67101247556,4438783.02862561,0.013850304625296342,0
actual,1745690612.3433785,394648.6709741437,4438783.028421516,0.013854964654399058,0
actual,1745690612.4433475,394648.6708711631,4438783.028169478,0.013861090760073717,0
actual,1745690612.5433776,394648.6707467608,4438783.0278749615,0.013854301429283239,0
actual,1745690612.6434205,394648.6706717795,4438783.029231564,0.013912089280816959,0
actual,1745690612.7433732,394648.6706167118,4438783.029105355,0.013894252015861471,0
actual,1745690612.8434184,394648.6705062272,4438783.028966862,0.013880394101600652,0
actual,1745690612.9433672,394648.6703990402,4438783.0287456075,0.013878666225641075,0
actual,1745690613.043369,394648.6702774107,4438783.028467811,0.013878928025028959,0
actual,1745690613.1433601,394648.67105531157,4438783.029210028,0.013889591986758754,0
actual,1745690613.243388,394648.6709568236,4438783.029126843,0.013898109193508312,0
actual,1745690613.3433118,394648.6708783752,4438783.029009374,0.013886921633003,0
actual,1745690613.4433703,394648.6707675957,4438783.028822568,0.013912228907157013,0
actual,1745690613.5434003,394648.6705964955,4438783.028602564,0.013901041346651702,0
actual,1745690613.643393,394648.67072659807,4438783.028836098,0.013896102064868627,0
actual,1745690613.7433748,394648.67064625415,4438783.0286527015,0.013907289625373938,0
actual,1745690613.8433683,394648.67054836825,4438783.028445379,0.013909558553401508,0
actual,1745690613.9433625,394648.6703625504,4438783.028170436,0.013925406143009538,0
actual,1745690614.0433006,394648.67016010574,4438783.027812501,0.013945372709652291,0
actual,1745690614.143487,394648.67278474563,4438783.027917595,0.013974938587181084,0
actual,1745690614.2433732,394648.6728630297,4438783.027714529,0.013995969804667843,0
actual,1745690614.3433735,394648.67290734116,4438783.02747504,0.014001834110954372,0
actual,1745690614.4433646,394648.6729327362,4438783.027161346,0.014005289862873275,0
actual,1745690614.543492,394648.67292642075,4438783.026768778,0.014027403184496268,0
actual,1745690614.643399,394648.6718819179,4438783.028490795,0.013913555357388653,0
actual,1745690614.7433584,394648.67170556483,4438783.028326267,0.01391395678311659,0
actual,1745690614.8433669,394648.67151128955,4438783.02810014,0.01393299832525589,0
actual,1745690614.9433875,394648.6712901904,4438783.027853461,0.013909418927061453,0
actual,1745690615.0433698,394648.67097921186,4438783.027519768,0.013934586574875164,0
actual,1745690615.1433713,394648.6727586486,4438783.028008384,0.013941655158345752,0
actual,1745690615.2433667,394648.6726683064,4438783.027819666,0.013975078213521386,0
actual,1745690615.3433647,394648.6725998301,4438783.027608202,0.013986248320734224,0
actual,1745690615.4433765,394648.67253442475,4438783.027314603,0.014000106234995043,0
actual,1745690615.543363,394648.67245061626,4438783.027003331,0.014006232340669453,0
actual,1745690615.6434293,394648.6722719504,4438783.029317037,0.013921269712682337,0
actual,1745690615.7433817,394648.6721890308,4438783.02924838,0.013945512335992593,0
actual,1745690615.8434057,394648.67206943186,4438783.029159131,0.013904095672842669,0
actual,1745690615.9434433,394648.67179795593,4438783.0289606955,0.013914078956164169,0
actual,1745690616.0434139,394648.6714205109,4438783.028758039,0.013886659833615365,0
actual,1745690616.1433778,394648.6716634806,4438783.032371749,0.013864145086264686,0
actual,1745690616.2433903,394648.67120599153,4438783.032439572,0.013827789877945662,0
actual,1745690616.343373,394648.6707406961,4438783.032435851,0.013844038893281629,0
actual,1745690616.4434798,394648.670505559,4438783.032347647,0.013834858461416251,0
actual,1745690616.543384,394648.6704206506,4438783.032188385,0.0138323277340008,0
actual,1745690616.643397,394648.66912575497,4438783.030469849,0.013922212190478515,0
actual,1745690616.7433906,394648.6690205146,4438783.030309534,0.013900238495195826,0
actual,1745690616.8433022,394648.66893396433,4438783.030050605,0.013916347884191738,0
actual,1745690616.9433906,394648.6687618707,4438783.029765267,0.013872941545694602,0
actual,1745690617.0434074,394648.66847462323,4438783.029366466,0.013895438839752807,0
actual,1745690617.1433806,394648.6691355806,4438783.030164573,0.013866815440020192,0
actual,1745690617.2433686,394648.66900852433,4438783.0299872765,0.013895700639140689,0
actual,1745690617.3434305,394648.66881288326,4438783.029722028,0.01389983706946789,0
actual,1745690617.443402,394648.6686200249,4438783.029446812,0.013934586574875164,0
actual,1745690617.5433936,394648.6684978717,4438783.029201983,0.013914742181279988,0
actual,1745690617.6433737,394648.66956863366,4438783.028911268,0.013900500294583708,0
actual,1745690617.743367,394648.6694643533,4438783.028706451,0.013870149018891517,0
actual,1745690617.8433836,394648.66929025657,4438783.028517183,0.013903292821386793,0
actual,1745690617.9433713,394648.6689823563,4438783.028186442,0.013889591986758754,0
actual,1745690618.04339,394648.66870155965,4438783.02780426,0.013962546749491959,0
actual,1745690618.1433718,394648.66855176777,4438783.030927844,0.013909017501333268,0
actual,1745690618.2434058,394648.6688882199,4438783.030814908,0.013915422859688284,0
actual,1745690618.34344,394648.66929676384,4438783.0308396565,0.013928059043472567,0
actual,1745690618.443386,394648.66969989927,4438783.030920002,0.013859362884114141,0
actual,1745690618.5433648,394648.66989612044,4438783.030651978,0.01390116351969928,0
actual,1745690618.643364,394648.6685225653,4438783.029223712,0.013903833873455035,0
actual,1745690618.7433586,394648.668160343,4438783.029076909,0.013877461948457263,0
actual,1745690618.8433628,394648.66779040394,4438783.028666693,0.013902769222611277,0
actual,1745690618.9433649,394648.6674202376,4438783.028307886,0.013905701375754666,0
actual,1745690619.0433803,394648.66706544516,4438783.027952501,0.013930589770888019,0
actual,1745690619.1433642,394648.6673717214,4438783.030310437,0.013936314450834491,0
actual,1745690619.2434278,394648.6671554984,4438783.030182365,0.013966421380431525,0
actual,1745690619.3433738,394648.6669132056,4438783.030059441,0.01400476626409776,0
actual,1745690619.443408,394648.666726124,4438783.029846175,0.01402220210332531,0
actual,1745690619.5433896,394648.6664543387,4438783.029586276,0.014043111147763994,0
actual,1745690619.643401,394648.66955407034,4438783.031271185,0.013903694247114731,0
actual,1745690619.7433913,394648.6696004216,4438783.031228172,0.013892105260881481,0
actual,1745690619.8434684,394648.66958994244,4438783.031146934,0.013900360668243406,0
actual,1745690619.9434087,394648.66949276766,4438783.031091825,0.013887846657506702,0
actual,1745690620.0434155,394648.66941118916,4438783.030986103,0.01389144203576591,0
actual,1745690620.143657,394648.668081283,4438783.032546123,0.013932596899527704,0
actual,1745690620.2436562,394648.6679430602,4438783.0325529985,0.013905701375754666,0
actual,1745690620.3434312,394648.66776533803,4438783.032455836,0.013902769222611277,0
actual,1745690620.4433668,394648.6675843446,4438783.03224292,0.013939386230318183,0
actual,1745690620.543396,394648.6673993823,4438783.032028376,0.01394244055650915,0
actual,1745690620.6433713,394648.66804459196,4438783.03116799,0.013887183432390883,0
actual,1745690620.743445,394648.6679590242,4438783.030999608,0.013843777093893747,0
actual,1745690620.8433776,394648.66785953625,4438783.030758331,0.013856552904018332,0
actual,1745690620.9433708,394648.6677290555,4438783.030454244,0.013876275124565927,0
actual,1745690621.0433743,394648.6676000076,4438783.030137117,0.013852032501255671,0
actual,1745690621.1433632,394648.6678577526,4438783.0313884495,0.013877723747845145,0
actual,1745690621.2433631,394648.66785954754,4438783.031308318,0.013870550444619455,0
actual,1745690621.3433833,394648.6678247824,4438783.031203609,0.013860549708005477,0
actual,1745690621.4433725,394648.66775469074,4438783.031036561,0.013874809047994234,0
actual,1745690621.543378,394648.6677025994,4438783.03084328,0.013842311017322051,0
actual,1745690621.6433718,394648.66795290215,4438783.032216963,0.013880394101600652,0
actual,1745690621.7434382,394648.66791145987,4438783.032139393,0.01387334297142254,0
actual,1745690621.8433933,394648.6678376555,4438783.031997589,0.013904095672842669,0
actual,1745690621.9433842,394648.6677217811,4438783.0318805855,0.013909558553401508,0
actual,1745690622.0433693,394648.66749862325,4438783.031747904,0.013912089280816959,0
actual,1745690622.143409,394648.6671396888,4438783.031519121,0.013923678267050208,0
actual,1745690622.2434304,394648.6666236286,4438783.031286342,0.013894112389521415,0
actual,1745690622.3434,394648.6685535469,4438783.031987091,0.013904235299182971,0
actual,1745690622.4433787,394648.66831812134,4438783.031730252,0.013920746113906821,0
actual,1745690622.5434265,394648.66802831524,4438783.031425471,0.01392727364530917,0
actual,1745690622.6434488,394648.6696810449,4438783.031499437,0.013882261603900284,0
actual,1745690622.7434099,394648.66953933355,4438783.03129785,0.013884251279247493,0
actual,1745690622.8434274,394648.66945736506,4438783.0310464855,0.01389851061923625,0
actual,1745690622.9435768,394648.66936101066,4438783.030818615,0.013872941545694602,0
actual,1745690623.0434742,394648.66918099555,4438783.030503488,0.013879870502825135,0
actual,1745690623.1434007,394648.67124255927,4438783.031317163,0.013865750789176434,0
actual,1745690623.2433813,394648.6713775564,4438783.031112478,0.013876275124565927,0
actual,1745690623.3434205,394648.67149825924,4438783.030861923,0.013877723747845145,0
actual,1745690623.443375,394648.67160406325,4438783.030567816,0.013865087564060614,0
actual,1745690623.5433936,394648.6716965864,4438783.03022364,0.013858298233270384,0
actual,1745690623.6433506,394648.6693832701,4438783.030423507,0.01388332625474404,0
actual,1745690623.7434597,394648.6692027394,4438783.030231013,0.013901303146039583,0
actual,1745690623.8434258,394648.66898335307,4438783.030024224,0.013907429251713994,0
actual,1745690623.943375,394648.6687117752,4438783.029783875,0.013904898524298543,0
actual,1745690624.0433955,394648.6684072618,4438783.029477117,0.013929664746384565,0
actual,1745690624.1433687,394648.6705577555,4438783.030529729,0.013943644833692962,0
actual,1745690624.2433853,394648.6704752829,4438783.030359024,0.01397893539116823,0
actual,1745690624.3433597,394648.67042745196,4438783.030232073,0.01394603593476811,0
actual,1745690624.4433653,394648.67030924466,4438783.030008528,0.01396987713235043,0
actual,1745690624.5433695,394648.67013732606,4438783.029737896,0.013981727917971563,0
actual,1745690624.6433709,394648.6700642138,4438783.03217294,0.013928861894928441,0
actual,1745690624.7433834,394648.6699558513,4438783.032129488,0.013917011109307558,0
actual,1745690624.8433635,394648.66979734413,4438783.032031302,0.013896102064868627,0
actual,1745690624.9433684,394648.6695793654,4438783.031886013,0.01391076283058532,0
actual,1745690625.0433877,394648.6693663983,4438783.031679364,0.013890255211874326,0
actual,1745690625.1433895,394648.6711755629,4438783.031529436,0.013908895328285688,0
actual,1745690625.2433784,394648.67123151204,4438783.031303567,0.013906486773918064,0
actual,1745690625.3433676,394648.671281239,4438783.030991036,0.013946175561108413,0
actual,1745690625.443387,394648.6713340102,4438783.030655503,0.013941114106277512,0
actual,1745690625.5435574,394648.67134109186,4438783.030281866,0.013953505943966635,0
actual,1745690625.6434555,394648.6707125536,4438783.029891962,0.013942841982237088,0
actual,1745690625.7433875,394648.67064020823,4438783.029645534,0.013913677530436232,0
actual,1745690625.8433886,394648.6705371706,4438783.029398998,0.013915021433960346,0
actual,1745690625.9432676,394648.67038078734,4438783.0291311545,0.013929402946996683,0
actual,1745690626.0434275,394648.67025399895,4438783.02882565,0.013927936870424987,0
actual,1745690626.14339,394648.6707041403,4438783.029973784,0.01391076283058532,0
actual,1745690626.2434046,394648.6707302996,4438783.029890136,0.013916749309919676,0
actual,1745690626.3433807,394648.67068122997,4438783.029802764,0.013896503490596563,0
actual,1745690626.4433846,394648.67057444755,4438783.029636395,0.01391833755953895,0
actual,1745690626.5433676,394648.6704866288,4438783.029443332,0.013906888199646002,0
actual,1745690626.6434324,394648.67124278523,4438783.029929415,0.013929525120044261,0
actual,1745690626.7433722,394648.6712359448,4438783.029815426,0.013956560270157604,0
actual,1745690626.843371,394648.67119534203,4438783.029679134,0.013959230623913358,0
actual,1745690626.9433672,394648.67115633853,4438783.02957012,0.013944308058808782,0
actual,1745690627.043397,394648.67104670143,4438783.0293929195,0.01393179404807183,0
actual,1745690627.143382,394648.6719228165,4438783.02969317,0.01388812591018706,0
actual,1745690627.243372,394648.6715944022,4438783.029499422,0.013961761351328561,0
actual,1745690627.3433614,394648.6711736454,4438783.029363047,0.013903833873455035,0
actual,1745690627.4436195,394648.6709502662,4438783.029203968,0.013895037414024869,0
actual,1745690627.5434203,394648.6709278699,4438783.028942065,0.013930327971500137,0
actual,1745690627.6433642,394648.6707371871,4438783.02851035,0.013946315187448469,0
actual,1745690627.7433841,394648.6708016167,4438783.028376296,0.013934726201215218,0
actual,1745690627.8433797,394648.6707622697,4438783.028247945,0.013904235299182971,0
actual,1745690627.9434078,394648.6706013765,4438783.0279513225,0.013920746113906821,0
actual,1745690628.043407,394648.6703050314,4438783.02761608,0.013931933674412133,0
actual,1745690628.1433687,394648.670056612,4438783.028510009,0.013890517011262208,0
actual,1745690628.243334,394648.669785736,4438783.028335548,0.013903833873455035,0
actual,1745690628.34338,394648.6695153023,4438783.028186363,0.013892506686609418,0
actual,1745690628.4433649,394648.6691967447,4438783.027958153,0.013884530531927852,0
actual,1745690628.5433865,394648.66885276214,4438783.027642225,0.013871876894850844,0
actual,1745690628.6433744,394648.6685302046,4438783.0272918735,0.013878666225641075,0
actual,1745690628.7433748,394648.67047827155,4438783.028572306,0.013915545032735864,0
actual,1745690628.843368,394648.67053497105,4438783.028385225,0.013909418927061453,0
actual,1745690628.9435291,394648.67057190865,4438783.0281317,0.013884652704975431,0
actual,1745690629.0433984,394648.6705846554,4438783.027834543,0.013894374188909049,0
actual,1745690629.1433878,394648.67065443477,4438783.03030683,0.013888789135302879,0
actual,1745690629.2433739,394648.67066312896,4438783.030299097,0.013893449164405595,0
actual,1745690629.3435535,394648.6706089418,4438783.030276557,0.01386428471260474,0
actual,1745690629.4434683,394648.6704468446,4438783.030179807,0.013852433926983609,0
actual,1745690629.5434892,394648.6703063176,4438783.030054642,0.013859083631433783,0
actual,1745690629.643425,394648.67035033,4438783.030757068,0.013898772418624132,0
actual,1745690629.7433965,394648.6703105634,4438783.030655664,0.013902769222611277,0
actual,1745690629.8433871,394648.67022966576,4438783.03058872,0.013860689334345533,0
actual,1745690629.9433932,394648.67015145737,4438783.030466903,0.013866815440020192,0
actual,1745690630.0436072,394648.6700965226,4438783.03031357,0.013850426798343921,0
actual,1745690630.1434531,394648.6715101695,4438783.030294069,0.013905701375754666,0
actual,1745690630.243481,394648.6715633658,4438783.030168936,0.013908755701945634,0
actual,1745690630.3433976,394648.6716151917,4438783.029960161,0.013907691051101876,0
actual,1745690630.4433832,394648.67161544913,4438783.0297224475,0.013921147539634757,0
actual,1745690630.5433834,394648.67158045986,4438783.029489264,0.013938461205814481,0
actual,1745690630.6433702,394648.66982449306,4438783.031864916,0.013911827481429077,0
actual,1745690630.7433374,394648.6696728351,4438783.031861986,0.01389011558553427,0
actual,1745690630.843411,394648.66951002425,4438783.031815212,0.013890255211874326,0
actual,1745690630.9433699,394648.66927847074,4438783.031727606,0.013891983087833902,0
actual,1745690631.0434144,394648.6689982112,4438783.031622362,0.013879591250144777,0
actual,1745690631.1434376,394648.6690890497,4438783.032463744,0.013921671138410275,0
actual,1745690631.2434826,394648.6689906824,4438783.032345207,0.01393858337886206,0
actual,1745690631.3433313,394648.6687818067,4438783.0322131,0.013948165236455624,0
actual,1745690631.4433744,394648.66855628294,4438783.032048642,0.013936314450834491,0
actual,1745690631.5433865,394648.6683426422,4438783.031811775,0.013941253732617814,0
actual,1745690631.6433668,394648.6708367441,4438783.033308266,0.013941253732617814,0
actual,1745690631.7434356,394648.6709056412,4438783.033285505,0.013934865827555522,0
actual,1745690631.8434577,394648.67098583956,4438783.033217252,0.013935389426331038,0
actual,1745690631.9434123,394648.6710843361,4438783.033076203,0.013949509139979738,0
actual,1745690632.0434225,394648.67116325605,4438783.0329105435,0.01394884591486392,0
actual,1745690632.14337,394648.6703144734,4438783.032247723,0.01386655364063231,0
actual,1745690632.2433712,394648.6701996644,4438783.032092712,0.013853498577827365,0
actual,1745690632.343296,394648.67005186976,4438783.031899633,0.013878805851981379,0
actual,1745690632.443438,394648.66986963316,4438783.031657278,0.013915545032735864,0
actual,1745690632.5433784,394648.6696598253,4438783.031356578,0.013929263320656627,0
actual,1745690632.6433828,394648.6699771326,4438783.031824194,0.013925266516669482,0
actual,1745690632.7433956,394648.6699153552,4438783.031637129,0.013948706288523616,0
actual,1745690632.8433719,394648.66984502564,4438783.031387134,0.013984520444774648,0
actual,1745690632.9433796,394648.6697554588,4438783.031101122,0.013972809285493819,0
actual,1745690633.0433702,394648.6696681659,4438783.030785932,0.013958689571845118,0
actual,1745690633.1434522,394648.6708477297,4438783.032960713,0.013870934417054916,0
actual,1745690633.2433739,394648.6708876669,4438783.032927922,0.013855366080126996,0
actual,1745690633.3433995,394648.6708775864,4438783.032861171,0.01385976430984208,0
actual,1745690633.4433808,394648.6708714538,4438783.032782983,0.013843777093893747,0
actual,1745690633.5433667,394648.6708317678,4438783.032647327,0.013846709247037134,0
actual,1745690633.6434424,394648.67080195725,4438783.033311697,0.013924079692778146,0
actual,1745690633.7434237,394648.6706873874,4438783.033273757,0.01392566794239742,0
actual,1745690633.8433895,394648.67055693845,4438783.033208683,0.01391755216137555,0
actual,1745690633.9433644,394648.67038785137,4438783.033121942,0.01389756814144032,0
actual,1745690634.0433671,394648.6701838064,4438783.032983223,0.013876659097001389,0
actual,1745690634.1433659,394648.6696850864,4438783.032483628,0.013891843461493848,0
actual,1745690634.2433386,394648.66958459694,4438783.032317907,0.013894374188909049,0
actual,1745690634.343371,394648.6694936703,4438783.032157624,0.013884129106199915,0
actual,1745690634.4433727,394648.66933450184,4438783.031905587,0.013874145822878414,0
actual,1745690634.5433621,394648.6691114012,4438783.031663421,0.013864546511992622,0
actual,1745690634.6433895,394648.6693269442,4438783.032485584,0.01385070605102428,0
actual,1745690634.74345,394648.6691020258,4438783.032374454,0.013883727680471978,0
actual,1745690634.843403,394648.6688194315,4438783.032249354,0.013829133781469528,0
actual,1745690634.943386,394648.66851170437,4438783.032102292,0.013837650988219336,0
actual,1745690635.0433075,394648.668335113,4438783.031939663,0.013834055609960127,0
actual,1745690635.1433938,394648.6705763368,4438783.0328322705,0.013942178757121268,0
actual,1745690635.2434418,394648.6710421415,4438783.032839862,0.013879469077097199,0
actual,1745690635.3433747,394648.6713607951,4438783.032661571,0.013893972763181113,0
actual,1745690635.4433987,394648.6714299781,4438783.032501986,0.013884792331315733,0
actual,1745690635.5434663,394648.67135760427,4438783.032347045,0.013897166715712382,0
actual,1745690635.6433687,394648.6699918849,4438783.031897878,0.013949369513639436,0
actual,1745690635.7433994,394648.67005574965,4438783.031723013,0.013907952850489758,0
actual,1745690635.8434212,394648.6700673393,4438783.031485993,0.013938059780086545,0
actual,1745690635.9434416,394648.6700406719,4438783.031298535,0.013918738985266885,0
