type,timestamp,x,y,yaw,target_waypoint_idx
actual,1746209258.7312644,394663.480299141,4438782.813197675,-0.10392800395778495,0
actual,1746209258.7313282,394663.480299141,4438782.813197675,-0.10392800395778495,0
actual,1746209259.192134,394663.48035873607,4438782.813548133,-0.10389803665452822,0
actual,1746209259.192222,394663.48035873607,4438782.813548133,-0.10389803665452822,0
actual,1746209261.1361432,394663.48035873607,4438782.813548133,-0.10388005976323268,0
actual,1746209261.1361954,394663.48035873607,4438782.813548133,-0.10388005976323268,0
actual,1746209261.4115827,394663.48035873607,4438782.813548133,-0.10388005976323268,0
actual,1746209261.411644,394663.48035873607,4438782.813548133,-0.10388005976323268,0
actual,1746209263.0713358,394663.48035609006,4438782.81362627,-0.10388005976323268,0
actual,1746209263.0714004,394663.48035609006,4438782.81362627,-0.10388005976323268,0
actual,1746209264.5681458,394663.48036060977,4438782.813820675,-0.10388005976323268,0
actual,1746209264.5682209,394663.48036060977,4438782.813820675,-0.10388005976323268,0
actual,1746209266.0570276,394663.481579149,4438782.811616997,-0.10394584122274045,0
actual,1746209266.0570805,394663.481579149,4438782.811616997,-0.10394584122274045,0
actual,1746209266.4040794,394663.48048504884,4438782.81050088,-0.10372306739701581,0
actual,1746209266.404196,394663.48048504884,4438782.81050088,-0.10372306739701581,0
actual,1746209266.4042578,394663.48048504884,4438782.81050088,-0.10372306739701581,0
actual,1746209266.737908,394663.48048504884,4438782.81050088,-0.10375197004942903,0
actual,1746209266.7379608,394663.48048504884,4438782.81050088,-0.10375197004942903,0
actual,1746209266.7379928,394663.48048504884,4438782.81050088,-0.10375197004942903,0
actual,1746209267.0350325,394663.48048504884,4438782.81050088,-0.10375197004942903,0
actual,1746209267.035108,394663.48048504884,4438782.81050088,-0.10375197004942903,0
actual,1746209267.0351408,394663.48048504884,4438782.81050088,-0.10375197004942903,0
actual,1746209267.9451466,394663.48048504884,4438782.81050088,-0.10393519471430337,0
actual,1746209267.9451985,394663.48048504884,4438782.81050088,-0.10393519471430337,0
actual,1746209268.786145,394663.48047050624,4438782.810492329,-0.10393519471430337,0
actual,1746209268.7862012,394663.48047050624,4438782.810492329,-0.10393519471430337,0
actual,1746209269.2855048,394663.4819619737,4438782.811562891,-0.10379670283815756,0
actual,1746209269.2855587,394663.4819619737,4438782.811562891,-0.10379670283815756,0
actual,1746209270.9394605,394663.4810376046,4438782.814854598,-0.10379670283815756,0
actual,1746209270.9395144,394663.4810376046,4438782.814854598,-0.10379670283815756,0
actual,1746209272.5733995,394663.4810376046,4438782.814854598,-0.10377965097136548,0
actual,1746209272.5734723,394663.4810376046,4438782.814854598,-0.10377965097136548,0
actual,1746209272.8676302,394663.4810376046,4438782.814854598,-0.10344995827566376,0
actual,1746209272.867677,394663.4810376046,4438782.814854598,-0.10344995827566376,0
actual,1746209275.0372052,394663.4810376046,4438782.814854598,-0.10344995827566376,0
actual,1746209275.037284,394663.4810376046,4438782.814854598,-0.10344995827566376,0
actual,1746209275.7332034,394663.4791361698,4438782.808377462,-0.10332972254349386,0
actual,1746209275.7332747,394663.4791361698,4438782.808377462,-0.10332972254349386,0
actual,1746209276.0166595,394663.4791361698,4438782.808377462,-0.10368737541381261,0
actual,1746209276.0168245,394663.4791361698,4438782.808377462,-0.10368737541381261,0
actual,1746209276.2208812,394663.4790824364,4438782.808355175,-0.10368432108762164,0
actual,1746209276.2209492,394663.4790824364,4438782.808355175,-0.10368432108762164,0
actual,1746209276.3359625,394663.4792893141,4438782.812506999,-0.10378033164977377,0
actual,1746209276.3360212,394663.4792893141,4438782.812506999,-0.10378033164977377,0
actual,1746209277.3655415,394663.4784334565,4438782.8130036285,-0.10373186385644598,0
actual,1746209277.3656507,394663.4784334565,4438782.8130036285,-0.10373186385644598,0
actual,1746209279.9943063,394663.4789595758,4438782.812737178,-0.10373971783807996,0
actual,1746209279.9945192,394663.4789595758,4438782.812737178,-0.10373971783807996,0
actual,1746209280.2491307,394663.4789595758,4438782.812737178,-0.10375090539858528,0
actual,1746209280.2491887,394663.4789595758,4438782.812737178,-0.10375090539858528,0
actual,1746209280.4032738,394663.4789595758,4438782.812737178,-0.10375090539858528,0
actual,1746209280.4034274,394663.4789595758,4438782.812737178,-0.10375090539858528,0
actual,1746209285.3582864,394663.4788067647,4438782.811917864,-0.10386314752278089,0
actual,1746209285.358339,394663.4788067647,4438782.811917864,-0.10386314752278089,0
actual,1746209287.6534445,394663.4788026033,4438782.81192065,-0.103859150718794,0
actual,1746209287.6537614,394663.4788026033,4438782.81192065,-0.103859150718794,0
actual,1746209288.2822268,394663.4788026033,4438782.81192065,-0.103859150718794,0
actual,1746209288.2822938,394663.4788026033,4438782.81192065,-0.103859150718794,0
actual,1746209288.4032545,394663.4771524427,4438782.8151724255,-0.10377179698973149,0
actual,1746209289.328165,394663.48005727935,4438782.81797932,-0.10374544251802643,0
actual,1746209289.328217,394663.48005727935,4438782.81797932,-0.10374544251802643,0
actual,1746209290.6047676,394663.4780384411,4438782.814329644,-0.10376713696062877,0
actual,1746209290.6048694,394663.4780384411,4438782.814329644,-0.10376713696062877,0
actual,1746209291.2081928,394663.47760626813,4438782.815840835,-0.10371187983651049,0
actual,1746209291.2082882,394663.47760626813,4438782.815840835,-0.10371187983651049,0
actual,1746209291.41343,394663.47878825536,4438782.815707952,-0.1037399796374676,0
actual,1746209291.4134817,394663.47878825536,4438782.815707952,-0.1037399796374676,0
actual,1746209291.7464983,394663.47878860286,4438782.815707046,-0.10373411533118107,0
actual,1746209291.7465518,394663.47878860286,4438782.815707046,-0.10373411533118107,0
actual,1746209291.7465825,394663.47878860286,4438782.815707046,-0.10373411533118107,0
actual,1746209291.80849,394663.47883575544,4438782.815678283,-0.10372585992381915,0
actual,1746209291.9086096,394663.47836318123,4438782.815477387,-0.10377539236799069,0
actual,1746209292.008478,394663.4782656481,4438782.815446673,-0.10373252708156179,0
actual,1746209292.1083674,394663.4781832077,4438782.815436317,-0.10370776085947603,0
actual,1746209292.208537,394663.4780947736,4438782.8154415395,-0.1036993658257738,0
actual,1746209292.308516,394663.4779679518,4438782.815376125,-0.10368857969099642,0
actual,1746209292.40854,394663.476955922,4438782.816199621,-0.10376048725617859,0
actual,1746209292.5084715,394663.476789072,4438782.8162504,-0.10376074905556647,0
actual,1746209292.6085393,394663.4765597246,4438782.816310965,-0.1037269245746629,0
actual,1746209292.7084277,394663.4763176199,4438782.816363755,-0.10368285501104994,0
actual,1746209292.8132925,394663.4760792307,4438782.816451378,-0.10367140565115675,0
actual,1746209292.9085786,394663.476631608,4438782.815477906,-0.10374038106319579,0
actual,1746209293.0158832,394663.4765916395,4438782.815464482,-0.1037465071688702,0
actual,1746209293.1099584,394663.4765627323,4438782.8154171,-0.10372999635414634,0
actual,1746209293.208809,394663.47656037245,4438782.815397383,-0.10375329649966042,0
actual,1746209293.3098054,394663.4765286695,4438782.815348646,-0.10372999635414634,0
actual,1746209293.4094858,394663.477202201,4438782.81613865,-0.10377167481668391,0
actual,1746209293.5085647,394663.4772049482,4438782.816211554,-0.10376474585955361,0
actual,1746209293.608558,394663.47719611117,4438782.816267409,-0.10375382009843594,0
actual,1746209293.708557,394663.4771394254,4438782.816287392,-0.1037283906512346,0
actual,1746209293.8086162,394663.47706529766,4438782.8163477965,-0.10372001307082485,0
actual,1746209293.9085374,394663.47621222166,4438782.817338185,-0.1037675383863567,0
actual,1746209294.0084748,394663.4761026351,4438782.817394644,-0.1037575551030352,0
actual,1746209294.108627,394663.4759474995,4438782.817473395,-0.1037409046619713,0
actual,1746209294.208472,394663.4757496306,4438782.817530532,-0.10373011852719392,0
actual,1746209294.308494,394663.47556316864,4438782.8176160855,-0.10374437786718269,0
actual,1746209294.408533,394663.4763105457,4438782.816858226,-0.10375701405096721,0
actual,1746209294.5085688,394663.47623924585,4438782.81680142,-0.1037246730999278,0
actual,1746209294.6085367,394663.47618446575,4438782.816754072,-0.10368618858992128,0
actual,1746209294.7085352,394663.47612891445,4438782.816805196,-0.1036993658257738,0
actual,1746209294.80855,394663.47607237415,4438782.816779498,-0.10369337934643943,0
actual,1746209294.9087088,394663.47628016304,4438782.815813989,-0.10376767801269676,0
actual,1746209295.0101483,394663.47619086795,4438782.815719129,-0.10372292777067575,0
actual,1746209295.1085382,394663.4761174737,4438782.815633213,-0.1037323874552215,0
actual,1746209295.2084625,394663.4760447545,4438782.815488211,-0.10372640097588713,0
actual,1746209295.308669,394663.47595522134,4438782.815339286,-0.10371360771247008,0
actual,1746209295.4085903,394663.4775510185,4438782.815852921,-0.1037450410922985,0
actual,1746209295.508534,394663.47760714235,4438782.815838718,-0.10371786631584486,0
actual,1746209295.608472,394663.47762316564,4438782.815861475,-0.10370908730970742,0
actual,1746209295.7085576,394663.4776831736,4438782.815917133,-0.10373118317803769,0
actual,1746209295.808476,394663.47770754003,4438782.815923598,-0.1037246730999278,0
actual,1746209295.908503,394663.4777050203,4438782.814944647,-0.10375968440472272,0
actual,1746209296.0085585,394663.47765071044,4438782.814905853,-0.10375741547669515,0
actual,1746209296.108528,394663.4775486061,4438782.814876,-0.10374743219337365,0
actual,1746209296.2086174,394663.4774284784,4438782.81485471,-0.10374437786718269,0
actual,1746209296.3087697,394663.4772919188,4438782.814831541,-0.1037514289973608,0
actual,1746209296.4087145,394663.47790587915,4438782.814688806,-0.10377993022404583,0
actual,1746209296.508673,394663.4778830247,4438782.814734027,-0.1038196015579437,0
actual,1746209296.6085503,394663.4778430795,4438782.8147752965,-0.10381174757630972,0
actual,1746209296.7085588,394663.4777507642,4438782.81478638,-0.10375382009843594,0
actual,1746209296.8086252,394663.4776370471,4438782.814875725,-0.103753418672708,0
actual,1746209296.9085214,394663.47746023576,4438782.814467973,-0.10373891498662409,0
actual,1746209297.008374,394663.4774612161,4438782.814497864,-0.10371029158689123,0
actual,1746209297.1086283,394663.4774211085,4438782.814631769,-0.1037056315577885,0
actual,1746209297.208561,394663.47740227345,4438782.81477556,-0.10368844006465637,0
actual,1746209297.3085017,394663.47739996156,4438782.814948885,-0.10370029085027725,0
actual,1746209297.4085546,394663.4772719162,4438782.813852435,-0.10375395972477625,0
actual,1746209297.5086048,394663.4771755105,4438782.813834404,-0.10373572103409281,0
actual,1746209297.6086597,394663.47705633915,4438782.813791854,-0.10370589335717614,0
actual,1746209297.7086117,394663.47695961164,4438782.813807032,-0.10373252708156179,0
actual,1746209297.8084617,394663.47680325137,4438782.813787633,-0.10371481198965389,0
actual,1746209297.9087062,394663.4776637872,4438782.814065895,-0.1037359828334807,0
actual,1746209298.0085516,394663.477616422,4438782.814071774,-0.10375169079674867,0
actual,1746209298.1085575,394663.4775666948,4438782.814059337,-0.10374144571403929,0
actual,1746209298.2085044,394663.47756351717,4438782.814096638,-0.10374024143685548,0
actual,1746209298.308554,394663.4775291997,4438782.814172267,-0.10374837467116983,0
actual,1746209298.4085374,394663.47801858664,4438782.813864777,-0.1037599462041106,0
actual,1746209298.508583,394663.4780473716,4438782.813854088,-0.10375289507393248,0
actual,1746209298.6085374,394663.4780398785,4438782.813886438,-0.10377073233888798,0
actual,1746209298.7085025,394663.47797772614,4438782.813918093,-0.10378111704793716,0
actual,1746209298.8084795,394663.477856277,4438782.813951532,-0.10378764457933976,0
actual,1746209298.9084692,394663.4769883619,4438782.814206684,-0.1037154752147697,0
actual,1746209299.0085702,394663.4769305206,4438782.814281149,-0.10373811213516797,0
actual,1746209299.1085389,394663.47683820664,4438782.814354322,-0.10370416548121682,0
actual,1746209299.2085116,394663.47670336143,4438782.814479709,-0.1036804639099748,0
actual,1746209299.3084593,394663.4765647515,4438782.814627297,-0.10367206887627257,0
actual,1746209299.4084835,394663.4767613252,4438782.814501516,-0.1037289317033026,0
actual,1746209299.5085065,394663.47672063304,4438782.814439435,-0.1037020361795293,0
actual,1746209299.608486,394663.47671809065,4438782.814426022,-0.10371826774157279,0
actual,1746209299.708377,394663.4766559517,4438782.814385006,-0.10366287099111472,0
actual,1746209299.8085103,394663.47658215376,4438782.81439427,-0.10366527954548234,0
actual,1746209299.9085367,394663.476418969,4438782.814431378,-0.10366327241684266,0
actual,1746209300.0084927,394663.47633583506,4438782.813927408,-0.1037484968442174,0
actual,1746209300.1085343,394663.4761520323,4438782.813958104,-0.10374837467116983,0
actual,1746209300.208582,394663.4759130863,4438782.8140132995,-0.10373517998202482,0
actual,1746209300.3087254,394663.47573911364,4438782.814037044,-0.1037184073679131,0
actual,1746209300.4084957,394663.47755494935,4438782.8145024115,-0.10379431173708241,0
actual,1746209300.508555,394663.4776912855,4438782.814605149,-0.10379403248440205,0
actual,1746209300.608583,394663.4777480766,4438782.814661079,-0.10377486876921517,0
actual,1746209300.7084932,394663.4777859932,4438782.814730833,-0.1037576947293755,0
actual,1746209300.8085403,394663.47785993846,4438782.8148824945,-0.10379909393923271,0
actual,1746209300.908643,394663.4777642663,4438782.815001762,-0.10376368120870987,0
actual,1746209301.0086138,394663.47656569665,4438782.814268051,-0.1037169412913414,0
actual,1746209301.108556,394663.47646673454,4438782.814224747,-0.10374210893915511,0
actual,1746209301.20848,394663.4764464261,4438782.814187124,-0.10372133952105649,0
actual,1746209301.3099108,394663.4764951415,4438782.814194343,-0.1037105533862791,0
actual,1746209301.4086747,394663.4783633181,4438782.813612166,-0.10371561484110976,0
actual,1746209301.5086462,394663.4785041642,4438782.813501702,-0.10372226454555994,0
actual,1746209301.6085906,394663.47853058996,4438782.813445185,-0.10367433780430015,0
actual,1746209301.708576,394663.47854867275,4438782.8134034155,-0.10369669547201829,0
actual,1746209301.808475,394663.4785449465,4438782.813381622,-0.10372519669870332,0
actual,1746209301.9084568,394663.4787814964,4438782.813708736,-0.1037879063787274,0
actual,1746209302.0083504,394663.47873840155,4438782.81373989,-0.10379391031135422,0
actual,1746209302.1086183,394663.47865047265,4438782.813725962,-0.10376595013673744,0
actual,1746209302.2085166,394663.4785359476,4438782.8137712795,-0.1037831241765771,0
actual,1746209302.308487,394663.4784193107,4438782.813811297,-0.10376526945832913,0
actual,1746209302.4084883,394663.4777875842,4438782.813413354,-0.10374943932201358,0
actual,1746209302.5084755,394663.4776545956,4438782.813327092,-0.10372001307082485,0
actual,1746209302.608486,394663.47752475773,4438782.81331365,-0.10374210893915511,0
actual,1746209302.7084837,394663.4773411702,4438782.813251995,-0.10370669620863227,0
actual,1746209302.8086371,394663.47715493327,4438782.813185149,-0.10369257649498356,0
actual,1746209302.9084697,394663.4776608285,4438782.812472283,-0.10374118391465166,0
actual,1746209303.008428,394663.4776466083,4438782.812406129,-0.10373825176150826,0
actual,1746209303.108511,394663.47768394666,4438782.8123724945,-0.10377685844456239,0
actual,1746209303.2085674,394663.4776813481,4438782.812288744,-0.10374970112140122,0
actual,1746209303.3084772,394663.47766341176,4438782.812255004,-0.10373252708156179,0
actual,1746209303.4084694,394663.47784029983,4438782.813420938,-0.10375582722707588,0
actual,1746209303.5085235,394663.4778517239,4438782.813466508,-0.10377020874011221,0
actual,1746209303.6085389,394663.47783406975,4438782.813540855,-0.103762878357254,0
actual,1746209303.7085547,394663.47777717747,4438782.813592036,-0.10374264999122335,0
actual,1746209303.8084958,394663.4777233269,4438782.813602622,-0.10374224856549541,0
actual,1746209303.9085276,394663.47901355475,4438782.812284027,-0.10379843071411689,0
actual,1746209304.008848,394663.47885598557,4438782.812264903,-0.10378898848286362,0
actual,1746209304.1085575,394663.4786412108,4438782.812203823,-0.10374797324544188,0
actual,1746209304.2085457,394663.47855066555,4438782.812144766,-0.10371760451645722,0
actual,1746209304.3085508,394663.47860362084,4438782.812038027,-0.10366527954548234,0
actual,1746209304.4085171,394663.47907657817,4438782.813331989,-0.10374929969567329,0
actual,1746209304.508434,394663.47914486646,4438782.813340438,-0.10372559812443126,0
actual,1746209304.6085324,394663.47910015384,4438782.813356572,-0.10369030756695599,0
actual,1746209304.7085657,394663.478966861,4438782.813414103,-0.10365210230962982,0
actual,1746209304.8085198,394663.4788177104,4438782.813462204,-0.10362532895890411,0
actual,1746209304.908506,394663.47868165234,4438782.813527531,-0.10361440319778668,0
actual,1746209305.008471,394663.47855300375,4438782.813200758,-0.10373172423010567,0
actual,1746209305.1084898,394663.4784235454,4438782.81317192,-0.10372945530207811,0
actual,1746209305.2085688,394663.4782868149,4438782.813132462,-0.10373305068033731,0
actual,1746209305.3085132,394663.4781202624,4438782.813082688,-0.10373252708156179,0
actual,1746209305.4084857,394663.4782238009,4438782.814835744,-0.10375622865280382,0
actual,1746209305.5086539,394663.4781466762,4438782.814951448,-0.10376980731438427,0
actual,1746209305.6085858,394663.4780714394,4438782.815030638,-0.10377912737258996,0
actual,1746209305.7085168,394663.4779590845,4438782.815103331,-0.10375848012753891,0
actual,1746209305.8084729,394663.4778071152,4438782.815172625,-0.1037120194628508,0
actual,1746209305.908533,394663.47855250374,4438782.814974785,-0.10373865318723621,0
actual,1746209306.008526,394663.4785613375,4438782.814974052,-0.10376207550579787,0
actual,1746209306.1085148,394663.47855632624,4438782.814976334,-0.10376767801269676,0
actual,1746209306.2085965,394663.4785511577,4438782.815023207,-0.103762878357254,0
actual,1746209306.3085537,394663.4785447859,4438782.815064977,-0.10375663007853175,0
actual,1746209306.4085388,394663.47737815895,4438782.814208697,-0.10374130608769924,0
actual,1746209306.5086122,394663.477255382,4438782.814126635,-0.10370310083037305,0
actual,1746209306.608525,394663.4771012496,4438782.814015787,-0.10367313352711632,0
actual,1746209306.7088556,394663.47696423915,4438782.8139507845,-0.10367966105851868,0
actual,1746209306.8091843,394663.4767967506,4438782.813866429,-0.1036812493081382,0
actual,1746209306.9086535,394663.4781529134,4438782.81502172,-0.10373825176150826,0
actual,1746209307.0086513,394663.4781714441,4438782.814972759,-0.10371121661139493,0
actual,1746209307.108546,394663.47823093075,4438782.814921472,-0.10371481198965389,0
actual,1746209307.208604,394663.4782387902,4438782.814879567,-0.10369056936634388,0
actual,1746209307.3086102,394663.4782535893,4438782.814859887,-0.1036867121886968,0
actual,1746209307.4085546,394663.4772788516,4438782.815928308,-0.10374450004023025,0
actual,1746209307.5085635,394663.4772220863,4438782.8159622345,-0.10370894768336736,0
actual,1746209307.6085184,394663.47718889086,4438782.816027124,-0.10367259247504834,0
actual,1746209307.7084877,394663.4771930266,4438782.8161126,-0.1036507584061057,0
actual,1746209307.80859,394663.4772282068,4438782.816209091,-0.10365182305694946,0
actual,1746209307.9085739,394663.4772959518,4438782.815715073,-0.10374118391465166,0
actual,1746209308.00854,394663.47727574187,4438782.815675953,-0.10370989016116329,0
actual,1746209308.108526,394663.47724675416,4438782.815633315,-0.10369723652408629,0
actual,1746209308.2085302,394663.4772074066,4438782.815599153,-0.10370468907999233,0
actual,1746209308.3084888,394663.4771609494,4438782.815566224,-0.10371135623773499,0
actual,1746209308.4084103,394663.47795442375,4438782.816007281,-0.10377193661607179,0
actual,1746209308.508536,394663.4780235734,4438782.816019874,-0.10374929969567329,0
actual,1746209308.6085615,394663.47807037167,4438782.81600723,-0.10370601553022397,0
actual,1746209308.7084749,394663.47810151277,4438782.815983975,-0.10364131617485244,0
actual,1746209308.8084793,394663.478156191,4438782.816047959,-0.10365555806154872,0
actual,1746209308.9085357,394663.4781556636,4438782.816104404,-0.10364477192677135,0
actual,1746209309.0084999,394663.4784782403,4438782.817180193,-0.10375395972477625,0
actual,1746209309.1084468,394663.4784816151,4438782.817268984,-0.10374184713976722,0
actual,1746209309.2084987,394663.478505953,4438782.817363582,-0.10375715367730727,0
actual,1746209309.3086145,394663.4785350869,4438782.817447352,-0.1037575551030352,0
actual,1746209309.4085093,394663.4791868216,4438782.816926776,-0.10374237073854299,0
actual,1746209309.5084465,394663.47924367234,4438782.816902976,-0.10371708091768146,0
actual,1746209309.6085007,394663.47929801675,4438782.816873987,-0.1037078830325236,0
actual,1746209309.708513,394663.4793511355,4438782.816829615,-0.10367379675223215,0
actual,1746209309.808498,394663.4794208394,4438782.816829789,-0.10367500102941596,0
actual,1746209309.9084601,394663.47971203923,4438782.815740776,-0.10375315687332037,0
actual,1746209310.0084596,394663.4797107672,4438782.815630234,-0.10372359099579158,0
actual,1746209310.108493,394663.4797404264,4438782.815525913,-0.10372545849809121,0
actual,1746209310.2085326,394663.4797281089,4438782.815402211,-0.10371029158689123,0
actual,1746209310.3084934,394663.47971210425,4438782.815277487,-0.10372001307082485,0
actual,1746209310.4087305,394663.47880122287,4438782.816534051,-0.10374731002032607,0
actual,1746209310.5086238,394663.4787104277,4438782.816586781,-0.1037678001857446,0
actual,1746209310.60856,394663.4785774976,4438782.816642081,-0.10374463966657056,0
actual,1746209310.7084827,394663.47843661497,4438782.816696972,-0.10371947201875685,0
actual,1746209310.808588,394663.4782670054,4438782.816763376,-0.1037056315577885,0
actual,1746209310.9085965,394663.47718266747,4438782.815715003,-0.1037401192638079,0
actual,1746209311.0085042,394663.4770294945,4438782.815662591,-0.10376129010763446,0
actual,1746209311.1085408,394663.4768145828,4438782.815564327,-0.10372533632504338,0
actual,1746209311.208572,394663.47660011327,4438782.815501862,-0.10370708018106772,0
actual,1746209311.3085036,394663.4763600434,4438782.8154352475,-0.10367180707688493,0
actual,1746209311.4085689,394663.4779599351,4438782.816495376,-0.1037399796374676,0
actual,1746209311.5085142,394663.47798808705,4438782.816525869,-0.10375010254712941,0
actual,1746209311.6084058,394663.4780123884,4438782.8165168725,-0.10371973381814449,0
actual,1746209311.708727,394663.4780731442,4438782.816534697,-0.10371961164509691,0
actual,1746209311.8084788,394663.47812543163,4438782.816556432,-0.1037210777216686,0
actual,1746209311.908517,394663.47852206684,4438782.816624655,-0.10377073233888798,0
actual,1746209312.008504,394663.47853245673,4438782.816646453,-0.10375197004942903,0
actual,1746209312.1084926,394663.47856938327,4438782.816681012,-0.10375542580134794,0
actual,1746209312.2084825,394663.47861723433,4438782.816708634,-0.10375516400196005,0
actual,1746209312.3084936,394663.47866824485,4438782.816736218,-0.10374690859459813,0
actual,1746209312.4085033,394663.47763118794,4438782.8175260695,-0.10372585992381915,0
actual,1746209312.5084043,394663.4775303238,4438782.81757979,-0.10371268268796661,0
actual,1746209312.6085024,394663.477447973,4438782.817695196,-0.10375090539858528,0
actual,1746209312.708617,394663.477310198,4438782.817805203,-0.10374556469107402,0
actual,1746209312.8085241,394663.47720257373,4438782.817930294,-0.10375476257623212,0
actual,1746209312.9086099,394663.4774651815,4438782.817485538,-0.10375169079674867,0
actual,1746209313.0085223,394663.4775018722,4438782.817459248,-0.10378404920108056,0
actual,1746209313.108533,394663.47749215824,4438782.81741598,-0.10376221513213817,0
actual,1746209313.2085056,394663.4774989492,4438782.817373613,-0.10373411533118107,0
actual,1746209313.308535,394663.4775120529,4438782.8173133265,-0.10369816154858999,0
actual,1746209313.408507,394663.4777478306,4438782.81699039,-0.10375116719797291,0
actual,1746209313.5085628,394663.477765514,4438782.816975695,-0.10371854699425315,0
actual,1746209313.608518,394663.4777894644,4438782.816957132,-0.10372413204785957,0
actual,1746209313.7085896,394663.4778145721,4438782.816915605,-0.10367580388087183,0
actual,1746209313.808551,394663.4778599023,4438782.816891847,-0.10366301061745477,0
actual,1746209313.9086282,394663.4780631339,4438782.817352696,-0.10372306739701581,0
actual,1746209314.0085423,394663.4780493944,4438782.817347226,-0.10373531960836488,0
actual,1746209314.108456,394663.4780343536,4438782.817298676,-0.10371973381814449,0
actual,1746209314.2085834,394663.4780273259,4438782.817269263,-0.10372479527297539,0
actual,1746209314.3085637,394663.4780118866,4438782.8172545815,-0.10371680166500134,0
actual,1746209314.4084466,394663.4783720762,4438782.816575656,-0.10375502437562,0
actual,1746209314.5084884,394663.47841847234,4438782.816527119,-0.10377273946752766,0
actual,1746209314.6086702,394663.4784288504,4438782.8164745085,-0.10377685844456239,0
actual,1746209314.7084773,394663.47845192696,4438782.816410689,-0.10376994694072458,0
actual,1746209314.8084393,394663.4784830474,4438782.81637369,-0.10379724389022556,0
actual,1746209314.9084058,394663.4784732317,4438782.816306625,-0.10377619521944656,0
actual,1746209315.0094829,394663.4779430864,4438782.816996888,-0.10375622865280382,0
actual,1746209315.10855,394663.4779054165,4438782.817013531,-0.1037575551030352,0
actual,1746209315.2084908,394663.4778207041,4438782.817059273,-0.10375715367730727,0
actual,1746209315.3084106,394663.47774485266,4438782.817115072,-0.10374809541848946,0
actual,1746209315.4085498,394663.47735118,4438782.816171359,-0.10375209222247661,0
actual,1746209315.5085142,394663.4772664465,4438782.816118527,-0.1037157370141576,0
actual,1746209315.6084764,394663.47719748795,4438782.816104622,-0.10368910328977218,0
actual,1746209315.7085838,394663.4771202493,4438782.816081874,-0.10365555806154872,0
actual,1746209315.8086407,394663.47705222154,4438782.816073669,-0.10365449341070497,0
actual,1746209315.9085727,394663.4774251244,4438782.816074883,-0.10376834123781258,0
actual,1746209316.0084345,394663.4773562363,4438782.816039731,-0.10372252634494782,0
actual,1746209316.1085415,394663.4773197977,4438782.816009603,-0.10368803863892843,0
actual,1746209316.2085156,394663.4772650802,4438782.81596778,-0.10364423087470336,0
actual,1746209316.3084698,394663.47724815406,4438782.8159246165,-0.10361468245046704,0
actual,1746209316.4085052,394663.47779948195,4438782.815723532,-0.103753418672708,0
actual,1746209316.5087166,394663.4778335907,4438782.8156627,-0.1037450410922985,0
actual,1746209316.6085486,394663.4778620502,4438782.815592664,-0.10371760451645722,0
actual,1746209316.7085445,394663.4779185115,4438782.815556758,-0.1037335917324053,0
actual,1746209316.808521,394663.477972804,4438782.815497009,-0.10375382009843594,0
actual,1746209316.908553,394663.47853571095,4438782.815164469,-0.1038020260923761,0
actual,1746209317.0085604,394663.4786221513,4438782.815077411,-0.1038112239775342,0
actual,1746209317.1085575,394663.47871643613,4438782.814988606,-0.1038120093756976,0
actual,1746209317.208449,394663.4788171803,4438782.81491204,-0.10381241080142553,0
actual,1746209317.3085055,394663.4789279982,4438782.814783909,-0.1037915017569866,0
actual,1746209317.4085195,394663.47785486566,4438782.813947697,-0.10373851356089615,0
actual,1746209317.5085278,394663.47780877165,4438782.813787397,-0.10374916006933323,0
actual,1746209317.6085505,394663.4777250347,4438782.813588754,-0.10373891498662409,0
actual,1746209317.7087245,394663.477656397,4438782.813384848,-0.10373477855629688,0
actual,1746209317.8085957,394663.477580152,4438782.813148069,-0.10370908730970742,0
actual,1746209317.908504,394663.4774939915,4438782.812863988,-0.10368444326066922,0
actual,1746209318.0085573,394663.4769750055,4438782.813238978,-0.10372200274617205,0
actual,1746209318.1085792,394663.4769270474,4438782.813061933,-0.1037044272806047,0
actual,1746209318.2085574,394663.47685712733,4438782.812880579,-0.10369617187324277,0
actual,1746209318.3085246,394663.4767614462,4438782.81271535,-0.10366700742144191,0
actual,1746209318.4085045,394663.47711693856,4438782.812686398,-0.10375116719797291,0
actual,1746209318.5084984,394663.4771140061,4438782.812639287,-0.10373917678601173,0
actual,1746209318.6084547,394663.4771167549,4438782.812561982,-0.10375582722707588,0
actual,1746209318.7085295,394663.47711767606,4438782.812441666,-0.10375076577224497,0
actual,1746209318.808494,394663.47712943226,4438782.812340524,-0.10372306739701581,0
actual,1746209318.9085019,394663.47795491235,4438782.811336236,-0.1037333124797252,0
actual,1746209319.0084739,394663.47800057253,4438782.8111738125,-0.10370163475380137,0
actual,1746209319.1083755,394663.4780647851,4438782.81103208,-0.10367512320246354,0
actual,1746209319.2085817,394663.47813307465,4438782.8108840585,-0.10366274881806689,0
actual,1746209319.3085506,394663.4782141469,4438782.810717454,-0.10363758117025318,0
actual,1746209319.4084249,394663.4774829061,4438782.812451116,-0.10377179698973149,0
actual,1746209319.508544,394663.4774981139,4438782.812494975,-0.10377006911377215,0
actual,1746209319.608574,394663.47748664644,4438782.812498529,-0.10374743219337365,0
actual,1746209319.7085428,394663.4774977179,4438782.812551273,-0.10374863647055771,0
actual,1746209319.8084846,394663.4775310908,4438782.812590365,-0.1037616915333624,0
actual,1746209319.9085517,394663.47792401694,4438782.81208307,-0.10377513056860281,0
actual,1746209320.0085702,394663.47796361486,4438782.811998917,-0.10377938917197783,0
actual,1746209320.108535,394663.477974937,4438782.81190456,-0.10375223184881667,0
actual,1746209320.2085512,394663.4780268778,4438782.811793434,-0.10372545849809121,0
actual,1746209320.3085043,394663.4780456794,4438782.811693931,-0.1037295949284184,0
actual,1746209320.4085348,394663.47809148266,4438782.814390211,-0.10376327978298193,0
actual,1746209320.5085208,394663.4780795595,4438782.8145254,-0.10374903789628565,0
actual,1746209320.6084657,394663.478092677,4438782.814645011,-0.1037274656267309,0
actual,1746209320.708483,394663.47809875774,4438782.8148071645,-0.10371268268796661,0
actual,1746209320.8084779,394663.4781779932,4438782.81498732,-0.10371641769256588,0
actual,1746209320.9086332,394663.4782638558,4438782.81516305,-0.10369510722239901,0
actual,1746209321.0085955,394663.4789721016,4438782.813145115,-0.10374970112140122,0
actual,1746209321.1085708,394663.4791309638,4438782.813099735,-0.10376048725617859,0
actual,1746209321.2085385,394663.47927863913,4438782.813039385,-0.10374156788708712,0
actual,1746209321.308354,394663.4794417428,4438782.812981682,-0.10375303470027254,0
actual,1746209321.4100785,394663.47825240216,4438782.814724924,-0.10375382009843594,0
actual,1746209321.5085957,394663.47825651744,4438782.814823372,-0.10375289507393248,0
actual,1746209321.6085258,394663.47824448795,4438782.814878759,-0.1037259995501592,0
actual,1746209321.7084994,394663.47824634885,4438782.814924713,-0.1037203970432603,0
actual,1746209321.8085191,394663.4782630844,4438782.814935498,-0.10371441056392595,0
actual,1746209321.909193,394663.4790949455,4438782.8160055885,-0.10377965097136548,0
actual,1746209322.0085201,394663.4791371068,4438782.816014599,-0.10375821832815102,0
actual,1746209322.108493,394663.4792352697,4438782.816029034,-0.10377499094226275,0
actual,1746209322.2085347,394663.4793127612,4438782.816010557,-0.10375169079674867,0
actual,1746209322.3084934,394663.4793747265,4438782.815968637,-0.10373971783807996,0
actual,1746209322.408447,394663.47754641355,4438782.817595852,-0.10378392702803298,0
actual,1746209322.5085254,394663.47749231453,4438782.817619943,-0.10380748897293493,0
actual,1746209322.6085536,394663.47747694363,4438782.817638996,-0.10377926699893,0
actual,1746209322.7084885,394663.4774848562,4438782.817777705,-0.10381148577692183,0
actual,1746209322.8085184,394663.4772459789,4438782.817926241,-0.1038161458060248,0
actual,1746209322.908441,394663.4767030616,4438782.817222116,-0.1037841888274206,0
actual,1746209323.0085292,394663.4767314819,4438782.817043614,-0.1037435750157268,0
actual,1746209323.1084852,394663.4768994381,4438782.816957596,-0.10376247693152581,0
actual,1746209323.2084906,394663.4770330184,4438782.816732494,-0.10375436115050418,0
actual,1746209323.308381,394663.47712823644,4438782.816517759,-0.10376514728528155,0
actual,1746209323.4085176,394663.4767829451,4438782.81707731,-0.10375090539858528,0
actual,1746209323.5084753,394663.476698042,4438782.817033039,-0.10374024143685548,0
actual,1746209323.6085148,394663.47673973057,4438782.817082434,-0.10376914408926845,0
actual,1746209323.7085414,394663.47680957656,4438782.816998664,-0.103735057808977,0
actual,1746209323.8085682,394663.47676262533,4438782.816917994,-0.10371521341538183,0
actual,1746209323.9085302,394663.47779117216,4438782.817971021,-0.1037399796374676,0
actual,1746209324.008474,394663.477842837,4438782.817939359,-0.10372067629594066,0
actual,1746209324.108497,394663.47789840103,4438782.817918198,-0.10372252634494782,0
actual,1746209324.2084625,394663.47794712405,4438782.8179101925,-0.10369803937554241,0
actual,1746209324.3084748,394663.47798064136,4438782.817862074,-0.10368604896358097,0
actual,1746209324.4084952,394663.47758107533,4438782.817192057,-0.10373305068033731,0
actual,1746209324.508702,394663.47759259446,4438782.817114844,-0.10373785033578033,0
actual,1746209324.6085222,394663.47760841786,4438782.816970554,-0.10372519669870332,0
actual,1746209324.7084944,394663.47764251975,4438782.816826536,-0.10370097152868554,0
actual,1746209324.808523,394663.4776517893,4438782.816639087,-0.10365449341070497,0
actual,1746209324.908509,394663.4776404234,4438782.816469487,-0.10364517335249929,0
actual,1746209325.0084636,394663.47681591567,4438782.8160042325,-0.10370215835257689,0
actual,1746209325.1084645,394663.4767467691,4438782.815878721,-0.10369697472469865,0
actual,1746209325.2085629,394663.4766845938,4438782.815788079,-0.10371161803712287,0
actual,1746209325.3085363,394663.4766241126,4438782.815714597,-0.10372905387635016,0
actual,1746209325.4084747,394663.4774516333,4438782.8155772295,-0.10378617850276807,0
actual,1746209325.5084765,394663.47748462594,4438782.815505084,-0.1037829845502368,0
actual,1746209325.6085937,394663.47753826354,4438782.815434342,-0.1037780627217462,0
actual,1746209325.7085178,394663.47756672546,4438782.815318102,-0.10376207550579787,0
actual,1746209325.8085623,394663.47759441595,4438782.815245962,-0.10377113376461591,0
actual,1746209325.9085476,394663.4769055981,4438782.815124826,-0.1037893724552991,0
actual,1746209326.008509,394663.4768927372,4438782.815097488,-0.10377659664517451,0
actual,1746209326.1086032,394663.4768783838,4438782.815098891,-0.10377513056860281,0
actual,1746209326.20848,394663.47685794975,4438782.815091347,-0.10377101159156808,0
actual,1746209326.308469,394663.47681980184,4438782.81501978,-0.1037401192638079,0
actual,1746209326.4084854,394663.4771652339,4438782.815227705,-0.10369416474460284,0
actual,1746209326.5085201,394663.4772698407,4438782.815231478,-0.1037042876542644,0
actual,1746209326.608554,394663.4773380058,4438782.815207946,-0.1036852461121251,0
actual,1746209326.7085967,394663.47743869317,4438782.8151581315,-0.10365688451178036,0
actual,1746209326.8084748,394663.4775811848,4438782.815135588,-0.10366927634946949,0
actual,1746209326.9085274,394663.47737974103,4438782.814330621,-0.1037801920234337,0
actual,1746209327.0084994,394663.4773900324,4438782.814233903,-0.10377420554409936,0
actual,1746209327.10852,394663.4773957408,4438782.8141481215,-0.10374889826994534,0
actual,1746209327.208497,394663.47741668235,4438782.814052112,-0.10374118391465166,0
actual,1746209327.30856,394663.4774772809,4438782.813950231,-0.10372479527297539,0
actual,1746209327.4083824,394663.4770155698,4438782.815694934,-0.10375183042308873,0
actual,1746209327.5085769,394663.4770473952,4438782.8157162545,-0.10372533632504338,0
actual,1746209327.6084833,394663.47710399696,4438782.815737782,-0.10373624463286833,0
actual,1746209327.7084115,394663.4771421746,4438782.815687103,-0.10372666277527502,0
actual,1746209327.8084435,394663.477189818,4438782.815635739,-0.1037309213786498,0
actual,1746209327.9084961,394663.4777795497,4438782.814350165,-0.10371627806622558,0
actual,1746209328.0085306,394663.47779713164,4438782.814210101,-0.1036993658257738,0
actual,1746209328.1087847,394663.47784439044,4438782.814065541,-0.10370575373083608,0
actual,1746209328.2085185,394663.47791196173,4438782.813846293,-0.10370908730970742,0
actual,1746209328.308509,394663.4779692063,4438782.813623691,-0.10367925963279073,0
actual,1746209328.4084954,394663.4773568246,4438782.814732683,-0.10371467236331383,0
actual,1746209328.5083663,394663.4773702632,4438782.814723991,-0.10369737615042658,0
actual,1746209328.60865,394663.4774004911,4438782.814728543,-0.10369988942454932,0
actual,1746209328.7086098,394663.4774275977,4438782.8147119,-0.10368098750875031,0
actual,1746209328.8084524,394663.4774816201,4438782.814698767,-0.10366967777519742,0
actual,1746209328.9084477,394663.4785366675,4438782.81476122,-0.10377101159156808,0
actual,1746209329.0085025,394663.47863295994,4438782.814725887,-0.1037401192638079,0
actual,1746209329.1085317,394663.4787312352,4438782.814718108,-0.10373624463286833,0
actual,1746209329.208383,394663.47882276133,4438782.814707613,-0.1037409046619713,0
actual,1746209329.3084264,394663.47892616875,4438782.814689623,-0.10373477855629688,0
actual,1746209329.4085386,394663.4778562473,4438782.815175953,-0.10376860303720047,0
actual,1746209329.5084913,394663.4778613388,4438782.815202481,-0.10378511385192431,0
actual,1746209329.6084547,394663.4778658136,4438782.815203359,-0.10379549856097375,0
actual,1746209329.7085044,394663.4778836838,4438782.815184938,-0.1038146797294531,0
actual,1746209329.808411,394663.4778333071,4438782.815129268,-0.1037695455149964,0
actual,1746209329.9085004,394663.4786500104,4438782.816198218,-0.10369896440004586,0
actual,1746209330.0084648,394663.4787343499,4438782.816282893,-0.10370296120403301,0
actual,1746209330.108436,394663.4787873705,4438782.8162966585,-0.1036663441963261,0
actual,1746209330.208513,394663.4788637578,4438782.816323092,-0.10367699070476318,0
actual,1746209330.308456,394663.4789122815,4438782.81634642,-0.10367006174763288,0
actual,1746209330.4084468,394663.47889643133,4438782.816775508,-0.10378085524854953,0
actual,1746209330.508453,394663.4789368566,4438782.816783631,-0.10376488548589367,0
actual,1746209330.608544,394663.47897181654,4438782.816793832,-0.10375275544759244,0
actual,1746209330.7084856,394663.47904007765,4438782.816782522,-0.10376221513213817,0
actual,1746209330.8084073,394663.4791108777,4438782.81678742,-0.10374676896825807,0
actual,1746209330.908639,394663.47818211094,4438782.81698248,-0.10372559812443126,0
actual,1746209331.0084531,394663.47815194976,4438782.8169854665,-0.10373051995292186,0
actual,1746209331.1084878,394663.47810853535,4438782.816974092,-0.10372573775077157,0
actual,1746209331.2085729,394663.478102444,4438782.816954846,-0.10369976725150173,0
actual,1746209331.3085353,394663.47811463545,4438782.816933453,-0.10368645038930915,0
actual,1746209331.40859,394663.47829285404,4438782.816749333,-0.10372427167419987,0
actual,1746209331.5084634,394663.4784150696,4438782.816705393,-0.10371320628674213,0
actual,1746209331.6084352,394663.47855029604,4438782.816677345,-0.10372826847818677,0
actual,1746209331.7085204,394663.47862215625,4438782.816600516,-0.10370975053482323,0
actual,1746209331.8084435,394663.4786138529,4438782.816548301,-0.1037184073679131,0
actual,1746209331.9085045,394663.48006319895,4438782.817326924,-0.10382586728995842,0
actual,1746209332.0085936,394663.4801634021,4438782.817376096,-0.10385330386579969,0
actual,1746209332.1086502,394663.4801101888,4438782.8173917895,-0.10383904452581094,0
actual,1746209332.2085423,394663.4798835506,4438782.817402736,-0.10382279551047473,0
actual,1746209332.3085277,394663.47981881537,4438782.817370037,-0.10378099487488959,0
actual,1746209332.4085088,394663.48010806914,4438782.817600667,-0.10376327978298193,0
actual,1746209332.5085263,394663.48050798185,4438782.817479177,-0.10370097152868554,0
actual,1746209332.6084597,394663.48097294144,4438782.817399228,-0.10369269866803114,0
actual,1746209332.7084773,394663.4814025022,4438782.817307468,-0.1036812493081382,0
actual,1746209332.8085198,394663.4817570105,4438782.817234925,-0.10365288770779321,0
actual,1746209332.9085217,394663.4795661651,4438782.816426006,-0.10375169079674867,0
actual,1746209333.0084577,394663.47932073567,4438782.816270152,-0.1037333124797252,0
actual,1746209333.1085067,394663.4790978234,4438782.816135056,-0.1037526332745446,0
actual,1746209333.2084959,394663.4788757363,4438782.815943489,-0.10372971710146599,0
actual,1746209333.3086755,394663.47861419234,4438782.815739953,-0.10371242088857874,0
actual,1746209333.4084716,394663.4790980235,4438782.816744399,-0.10375795652876314,0
actual,1746209333.5085187,394663.4790760691,4438782.816733136,-0.10379630141242963,0
actual,1746209333.608549,394663.47905763926,4438782.816688554,-0.10378631812910812,0
actual,1746209333.7084787,394663.4790322503,4438782.816621286,-0.10378005239709341,0
actual,1746209333.8084671,394663.4789956948,4438782.816516845,-0.10375902117960689,0
actual,1746209333.9083762,394663.4783975812,4438782.815438298,-0.10375303470027254,0
actual,1746209334.0085824,394663.47836779355,4438782.815275843,-0.10376034762983853,0
actual,1746209334.1085076,394663.47835519246,4438782.815070662,-0.1037450410922985,0
actual,1746209334.2084997,394663.47836313624,4438782.814819867,-0.10374170751342718,0
actual,1746209334.3085787,394663.478362554,4438782.81456158,-0.1037484968442174,0
actual,1746209334.4085472,394663.4781919877,4438782.815122576,-0.10375568760073557,0
actual,1746209334.5085833,394663.47819437087,4438782.815028403,-0.10373146243071804,0
actual,1746209334.608499,394663.47821185057,4438782.814917214,-0.1037450410922985,0
actual,1746209334.7084658,394663.4782102751,4438782.814756095,-0.10371441056392595,0
actual,1746209334.808448,394663.4782239503,4438782.814576483,-0.10368472251334958,0
actual,1746209334.9084377,394663.47925741854,4438782.814225914,-0.10374104428831135,0
actual,1746209335.0084395,394663.47933863,4438782.814100954,-0.10370175692684894,0
actual,1746209335.1085017,394663.47939364373,4438782.813946091,-0.10367114385176912,0
actual,1746209335.2083783,394663.47944102285,4438782.81374757,-0.1036317168639664,0
actual,1746209335.3084633,394663.47948327346,4438782.813528202,-0.10360096416254627,0
actual,1746209335.408401,394663.4789213107,4438782.813166751,-0.10373345210606524,0
actual,1746209335.5085673,394663.4788735093,4438782.81302871,-0.10371107698505462,0
actual,1746209335.608472,394663.47880249633,4438782.812824673,-0.1036748614030759,0
actual,1746209335.708505,394663.4787638281,4438782.81259766,-0.10369390294521495,0
actual,1746209335.8085413,394663.4786925344,4438782.8123075105,-0.1036815285608183,0
actual,1746209335.9086044,394663.4780525047,4438782.812814856,-0.10372387024847168,0
actual,1746209336.008582,394663.47804553754,4438782.812705779,-0.10373264925460937,0
actual,1746209336.1083372,394663.47803055035,4438782.81254576,-0.10370868588397948,0
actual,1746209336.208485,394663.47804703657,4438782.8123943675,-0.10373638425920864,0
actual,1746209336.3085904,394663.4780643672,4438782.812177184,-0.10371987344448479,0
actual,1746209336.4085994,394663.4781239846,4438782.812873451,-0.10374530289168639,0
actual,1746209336.508492,394663.4781727459,4438782.812789808,-0.10374584394375437,0
actual,1746209336.6085887,394663.47822340066,4438782.812688551,-0.1037189309666886,0
actual,1746209336.708491,394663.4782961712,4438782.812564574,-0.10369617187324277,0
actual,1746209336.8083715,394663.4783908892,4438782.812387089,-0.10370242015196476,0
actual,1746209336.9085307,394663.4785328732,4438782.812067827,-0.10377033091315979,0
actual,1746209337.0085032,394663.47860019695,4438782.81198209,-0.10376221513213817,0
actual,1746209337.1084733,394663.47866824444,4438782.811873409,-0.10373957821173967,0
actual,1746209337.2083914,394663.47876285325,4438782.811736792,-0.10369709689774623,0
actual,1746209337.3083947,394663.47888449533,4438782.811599646,-0.10366726922082956,0
actual,1746209337.4085133,394663.4782618643,4438782.814279282,-0.10370681838167985,0
actual,1746209337.508543,394663.47832274885,4438782.814352906,-0.10370348480280851,0
actual,1746209337.6083982,394663.4783673084,4438782.814405248,-0.10366767064655749,0
actual,1746209337.708489,394663.47844872874,4438782.814466956,-0.10365967703858345,0
actual,1746209337.8086572,394663.4785512003,4438782.81447538,-0.1036409147491245,0
actual,1746209337.9085927,394663.4786915562,4438782.815472568,-0.10373477855629688,0
actual,1746209338.0084865,394663.4786897984,4438782.815425368,-0.10372027487021272,0
actual,1746209338.1086214,394663.47870281595,4438782.815378868,-0.10370454945365228,0
actual,1746209338.2092416,394663.4787256153,4438782.815304698,-0.10369257649498356,0
actual,1746209338.3086221,394663.4787313909,4438782.8151434045,-0.1036467616021188,0
actual,1746209338.4084725,394663.47917590954,4438782.814531539,-0.1037069580080199,0
actual,1746209338.5085316,394663.47924260603,4438782.814414938,-0.10368803863892843,0
actual,1746209338.6084738,394663.47931927873,4438782.814244446,-0.10367006174763288,0
actual,1746209338.7084758,394663.4794227592,4438782.8140425915,-0.10367526282880384,0
actual,1746209338.8084867,394663.4795283486,4438782.813815448,-0.10367313352711632,0
actual,1746209338.908582,394663.47910929885,4438782.816023232,-0.10374916006933323,0
actual,1746209339.0083947,394663.4791346288,4438782.8160515,-0.10374196931281505,0
actual,1746209339.1083813,394663.4791941689,4438782.816044665,-0.10372439384724745,0
actual,1746209339.2085667,394663.47929451225,4438782.816013349,-0.10371147841078256,0
actual,1746209339.3096132,394663.479408119,4438782.815956047,-0.10367618785330729,0
actual,1746209339.408561,394663.4783995912,4438782.815492247,-0.10375715367730727,0
actual,1746209339.508463,394663.4783664025,4438782.8153628,-0.10377259984118761,0
actual,1746209339.6085792,394663.47836131335,4438782.815184409,-0.1037599462041106,0
actual,1746209339.7086713,394663.478362432,4438782.814994526,-0.10375622865280382,0
actual,1746209339.8084972,394663.4783671358,4438782.814750061,-0.10373690785798416,0
actual,1746209339.9085617,394663.47859640257,4438782.815613461,-0.10377579379371862,0
actual,1746209340.0085645,394663.4786610611,4438782.815535611,-0.1037731408932556,0
actual,1746209340.108535,394663.4787346041,4438782.8154155435,-0.10376526945832913,0
actual,1746209340.2084863,394663.47884006985,4438782.815260711,-0.10376434443382543,0
actual,1746209340.308488,394663.47899271606,4438782.815109348,-0.10379656321181725,0
actual,1746209340.408549,394663.47894982935,4438782.814652073,-0.10379258386112283,0
actual,1746209340.5085063,394663.47904312145,4438782.814525689,-0.10380696537415918,0
actual,1746209340.608487,394663.4791393013,4438782.814357236,-0.10378605632972049,0
actual,1746209340.7084727,394663.4792533334,4438782.814150565,-0.10376088868190653,0
actual,1746209340.8084974,394663.47937126155,4438782.813893496,-0.10374943932201358,0
actual,1746209340.9086158,394663.4794757089,4438782.813592264,-0.1037359828334807,0
actual,1746209341.0085444,394663.4780689858,4438782.814465152,-0.10374196931281505,0
actual,1746209341.1084461,394663.4780153356,4438782.81434625,-0.10373865318723621,0
actual,1746209341.208452,394663.4779649253,4438782.814147914,-0.10372093809532855,0
actual,1746209341.3085527,394663.47792252136,4438782.813903737,-0.10369763794981422,0
actual,1746209341.4084568,394663.4782799643,4438782.814258738,-0.10376500765894126,0
actual,1746209341.5085506,394663.4783355307,4438782.814180826,-0.1037752701949431,0
actual,1746209341.6086464,394663.47843442997,4438782.814065312,-0.10379762786266102,0
actual,1746209341.708537,394663.478523209,4438782.813927888,-0.10379178100966696,0
actual,1746209341.8085103,394663.4786104973,4438782.8137349235,-0.10375582722707588,0
actual,1746209341.9089468,394663.4784146707,4438782.812914441,-0.10370296120403301,0
actual,1746209342.0085495,394663.47843099193,4438782.812787566,-0.10366887492374155,0
actual,1746209342.1084762,394663.4784721629,4438782.812589733,-0.10366821169862572,0
actual,1746209342.2084177,394663.4785055633,4438782.812228346,-0.10362040713041351,0
actual,1746209342.308507,394663.4785591284,4438782.811860588,-0.1035756568883925,0
actual,1746209342.408443,394663.479528448,4438782.81313241,-0.10367473923002808,0
actual,1746209342.5085115,394663.4796231715,4438782.813038476,-0.10366114311515515,0
actual,1746209342.608491,394663.4797268424,4438782.8128828965,-0.10364451012738371,0
actual,1746209342.7085197,394663.4797996351,4438782.812638072,-0.10361960427895764,0
actual,1746209342.8084445,394663.4798729225,4438782.812341326,-0.10360082453620621,0
actual,1746209342.908471,394663.4782154936,4438782.812633401,-0.10374970112140122,0
actual,1746209343.0085235,394663.4782640026,4438782.81251027,-0.10378511385192431,0
actual,1746209343.1084807,394663.47827606095,4438782.812345769,-0.1037893724552991,0
actual,1746209343.2083924,394663.47830936394,4438782.812111295,-0.10376101085495436,0
actual,1746209343.3085427,394663.4783652892,4438782.811850569,-0.10375128937102074,0
actual,1746209343.4083924,394663.478495666,4438782.813176925,-0.10375462294989206,0
actual,1746209343.5085497,394663.4785505712,4438782.81312302,-0.10375102757163286,0
actual,1746209343.6084802,394663.4785616395,4438782.812998754,-0.10371174021017045,0
actual,1746209343.708501,394663.4785711037,4438782.812845693,-0.10369097079207182,0
actual,1746209343.808898,394663.47863498214,4438782.812705675,-0.10372399242151951,0
actual,1746209343.9085221,394663.4782335751,4438782.812274979,-0.10382612908934605,0
actual,1746209344.0085227,394663.4782454849,4438782.81214483,-0.10382745553957769,0
actual,1746209344.1085005,394663.4782472629,4438782.811936039,-0.1038350477218238,0
actual,1746209344.2085414,394663.478268868,4438782.811720223,-0.10382920086882974,0
actual,1746209344.3085454,394663.4782837586,4438782.811391511,-0.1038126900541059,0
actual,1746209344.4084673,394663.47835933365,4438782.814103779,-0.10373664605859652,0
actual,1746209344.5085096,394663.47834725166,4438782.814157654,-0.10374556469107402,0
actual,1746209344.608462,394663.47825635877,4438782.814106132,-0.10367365712589184,0
actual,1746209344.7084546,394663.4782049089,4438782.814139767,-0.1036712660248167,0
actual,1746209344.8084695,394663.4782098943,4438782.81407456,-0.10367952143217862,0
actual,1746209344.9084687,394663.47785438417,4438782.81542157,-0.1036768685317156,0
actual,1746209345.0089183,394663.4778198496,4438782.815507738,-0.10366381346891064,0
actual,1746209345.1085012,394663.47781068925,4438782.815591621,-0.1036548948364329,0
actual,1746209345.208459,394663.4778278711,4438782.815646396,-0.10367233067566045,0
actual,1746209345.308518,394663.4778072381,4438782.815636407,-0.10364276479813166,0
actual,1746209345.408544,394663.4788720569,4438782.816975626,-0.10372413204785957,0
actual,1746209345.5130477,394663.47893680143,4438782.816976979,-0.10370708018106772,0
actual,1746209345.6086054,394663.47904193064,4438782.816955497,-0.10371015196055117,0
actual,1746209345.709996,394663.4791429456,4438782.816896546,-0.10367419817796009,0
actual,1746209345.8086221,394663.4792834971,4438782.816789943,-0.10364037369705652,0
actual,1746209345.9085252,394663.47947502043,4438782.8166224,-0.10376886483658834,0
actual,1746209346.008488,394663.47955632,4438782.816572656,-0.10376966768804421,0
actual,1746209346.1085634,394663.4796504156,4438782.816481004,-0.10377645701883445,0
actual,1746209346.20845,394663.47973767505,4438782.816338358,-0.10375329649966042,0
actual,1746209346.3085263,394663.47983754193,4438782.816188802,-0.10373837393455584,0
actual,1746209346.4085956,394663.4796590898,4438782.816892323,-0.10376129010763446,0
actual,1746209346.5085018,394663.47972932365,4438782.816787744,-0.10374450004023025,0
actual,1746209346.6085324,394663.4798195097,4438782.816607388,-0.10371973381814449,0
actual,1746209346.7084649,394663.4799539477,4438782.816359686,-0.10367859640767517,0
actual,1746209346.8084114,394663.4801282922,4438782.816109245,-0.10368791646588085,0
actual,1746209346.908581,394663.47955775226,4438782.817059312,-0.1037816581000054,0
actual,1746209347.0084777,394663.47961853223,4438782.816899354,-0.10377699807090245,0
actual,1746209347.1085024,394663.47968683095,4438782.816694832,-0.10377579379371862,0
actual,1746209347.2086954,394663.47977123916,4438782.816416358,-0.10374144571403929,0
actual,1746209347.3085263,394663.4799103894,4438782.816041081,-0.10376235475847823,0
actual,1746209347.4084477,394663.47839955246,4438782.816077837,-0.10378272275084917,0
actual,1746209347.508411,394663.47840248176,4438782.815907257,-0.10379816891472926,0
actual,1746209347.6085298,394663.47844229674,4438782.815660064,-0.10379270603417041,0
actual,1746209347.7085261,394663.4784924577,4438782.815373186,-0.10381413867738486,0
actual,1746209347.8085144,394663.4785404869,4438782.815012733,-0.10378698135422394,0
actual,1746209347.9084964,394663.47785704344,4438782.816322951,-0.10375715367730727,0
actual,1746209348.0085278,394663.477935847,4438782.8161371825,-0.10376420480748538,0
actual,1746209348.108538,394663.47802868555,4438782.815891873,-0.1037484968442174,0
actual,1746209348.2084892,394663.4781391368,4438782.815588675,-0.10374024143685548,0
actual,1746209348.308348,394663.4783197937,4438782.815250712,-0.10378045382282135,0
actual,1746209348.4084976,394663.4775315747,4438782.815615873,-0.10380069964214471,0
actual,1746209348.5084846,394663.47755843785,4438782.815435844,-0.10377979059770577,0
actual,1746209348.6085336,394663.4776072161,4438782.815164291,-0.10378033164977377,0
actual,1746209348.708506,394663.4776830399,4438782.8148289155,-0.10375090539858528,0
actual,1746209348.808531,394663.47780699335,4438782.814478581,-0.10372640097588713,0
actual,1746209348.9089928,394663.4784685611,4438782.814895015,-0.103773926291419,0
actual,1746209349.008493,394663.4786197223,4438782.814668696,-0.10376129010763446,0
actual,1746209349.1085043,394663.4787980898,4438782.814408855,-0.10374196931281505,0
actual,1746209349.2085319,394663.4790350244,4438782.814048476,-0.1037399796374676,0
actual,1746209349.3084984,394663.4792675215,4438782.813610579,-0.10371174021017045,0
actual,1746209349.408447,394663.4793829862,4438782.815221158,-0.1037399796374676,0
actual,1746209349.5085435,394663.47957616026,4438782.81509061,-0.10373517998202482,0
actual,1746209349.608472,394663.4797857797,4438782.814897717,-0.10373411533118107,0
actual,1746209349.7085936,394663.479986905,4438782.814639033,-0.10369217506925563,0
actual,1746209349.80849,394663.4802343854,4438782.814360876,-0.10368311681043783,0
actual,1746209349.908489,394663.47953966324,4438782.814736832,-0.10375036434651703,0
actual,1746209350.0085053,394663.4795957595,4438782.814582041,-0.10377725987029032,0
actual,1746209350.1084569,394663.47964811,4438782.814376487,-0.10376647373551295,0
actual,1746209350.2084527,394663.4797382526,4438782.81413326,-0.10375689187791963,0
actual,1746209350.3085902,394663.47983764205,4438782.813823611,-0.10373545923470494,0
actual,1746209350.4085267,394663.4801489672,4438782.815132681,-0.1037815184736651,0
actual,1746209350.5085742,394663.48023423844,4438782.81508414,-0.10374982329444904,0
actual,1746209350.6084795,394663.4803292677,4438782.8150101155,-0.10376500765894126,0
actual,1746209350.7085118,394663.48041168787,4438782.814915867,-0.10376048725617859,0
actual,1746209350.8084865,394663.4804829975,4438782.814780428,-0.1037210777216686,0
actual,1746209350.9084475,394663.4800441639,4438782.816159551,-0.10373319030667737,0
actual,1746209351.0092528,394663.4800686529,4438782.816063566,-0.10371441056392595,0
actual,1746209351.1085389,394663.480109402,4438782.815867221,-0.10367592605391941,0
actual,1746209351.20845,394663.4801520244,4438782.81560154,-0.10364557477822722,0
actual,1746209351.3083684,394663.48020998226,4438782.81529941,-0.10363758117025318,0
actual,1746209351.4083934,394663.47942235955,4438782.816169215,-0.10374610574314226,0
actual,1746209351.5084941,394663.4794271813,4438782.81599907,-0.10371734271706934,0
actual,1746209351.6084802,394663.4794205045,4438782.815751759,-0.1037274656267309,0
actual,1746209351.7084386,394663.47942222806,4438782.815465024,-0.10370454945365228,0
actual,1746209351.808549,394663.47947340045,4438782.815198168,-0.10372493489931545,0
actual,1746209351.9085152,394663.47850493155,4438782.815912625,-0.10380616252270329,0
actual,1746209352.008368,394663.4784515076,4438782.815724114,-0.1037775216696782,0
actual,1746209352.108518,394663.4784142346,4438782.815492591,-0.10375315687332037,0
actual,1746209352.209126,394663.4783616522,4438782.815264007,-0.1037338535317932,0
actual,1746209352.308436,394663.47837120405,4438782.81494289,-0.10368231395898171,0
actual,1746209352.4084897,394663.4781289618,4438782.815949975,-0.10370828445825155,0
actual,1746209352.5085351,394663.47823148285,4438782.8157105995,-0.10367273210138839,0
actual,1746209352.6086407,394663.478362979,4438782.815465169,-0.10370416548121682,0
actual,1746209352.7084675,394663.47852622083,4438782.815079846,-0.10366433706768616,0
actual,1746209352.8084915,394663.4787669345,4438782.814742724,-0.10369776012286204,0
actual,1746209352.9084697,394663.47875066235,4438782.815733174,-0.10384902780913244,0
actual,1746209353.0084865,394663.4788689582,4438782.815444243,-0.1038295848412652,0
actual,1746209353.1084597,394663.47905761964,4438782.815142059,-0.10382600691629847,0
actual,1746209353.208475,394663.4792621834,4438782.814760534,-0.10384531025782566,0
actual,1746209353.3085752,394663.4794300115,4438782.814263705,-0.1037971042638855,0
actual,1746209353.4084828,394663.4796967383,4438782.814154189,-0.10377938917197783,0
actual,1746209353.509455,394663.47985717794,4438782.81391534,-0.1037675383863567,0
actual,1746209353.609227,394663.48007387517,4438782.813603663,-0.10375809615510344,0
actual,1746209353.70959,394663.48035138246,4438782.813249917,-0.10375608902646351,0
actual,1746209353.808586,394663.480670733,4438782.8127947515,-0.10375795652876314,0
actual,1746209353.9084733,394663.4803402452,4438782.8146506,-0.10377553199433075,0
actual,1746209354.0085108,394663.4804896343,4438782.814544012,-0.10376926626231628,0
actual,1746209354.1090436,394663.48061357555,4438782.814391132,-0.10373051995292186,0
actual,1746209354.2085416,394663.4808360839,4438782.814164189,-0.10371388696515044,0
actual,1746209354.3096614,394663.4810218368,4438782.813929137,-0.1036775317568314,0
actual,1746209354.4096105,394663.4792786287,4438782.815593826,-0.10370269940464512,0
actual,1746209354.5097332,394663.47926820704,4438782.815539051,-0.10370802265886366,0
actual,1746209354.6086214,394663.47923610074,4438782.815378979,-0.10369510722239901,0
actual,1746209354.7085323,394663.4792818023,4438782.815227965,-0.10370310083037305,0
actual,1746209354.8101888,394663.47937185876,4438782.815040615,-0.10369976725150173,0
actual,1746209354.9089732,394663.4791262604,4438782.8158232095,-0.10374050323624336,0
actual,1746209355.008855,394663.4792021186,4438782.81565202,-0.10369337934643943,0
actual,1746209355.1094248,394663.4793460544,4438782.815443196,-0.10368844006465637,0
actual,1746209355.208982,394663.479533168,4438782.815224574,-0.10365355093290904,0
actual,1746209355.3102367,394663.47975455027,4438782.814894313,-0.10365288770779321,0
actual,1746209355.4089034,394663.48036228714,4438782.81489539,-0.10375382009843594,0
actual,1746209355.5085132,394663.4804904468,4438782.814618736,-0.10371641769256588,0
actual,1746209355.6084876,394663.4806004699,4438782.814284413,-0.10367765392987899,0
actual,1746209355.7086422,394663.4807819357,4438782.8139668815,-0.10369563082117453,0
actual,1746209355.81043,394663.4809566947,4438782.813591585,-0.10369496759605872,0
actual,1746209355.9107656,394663.4800040227,4438782.815339568,-0.10370348480280851,0
actual,1746209356.009481,394663.48004593333,4438782.815172413,-0.103701355501121,0
actual,1746209356.1086965,394663.48015289113,4438782.814981542,-0.1037020361795293,0
actual,1746209356.2093234,394663.48026579706,4438782.8147461945,-0.10371282231430667,0
actual,1746209356.3093684,394663.4803939655,4438782.814444716,-0.10373797250882791,0
actual,1746209356.4086616,394663.47977529746,4438782.815351526,-0.10379724389022556,0
actual,1746209356.509344,394663.4798043615,4438782.815213028,-0.10380083926848475,0
actual,1746209356.6097429,394663.47987345466,4438782.814984103,-0.10380549929758748,0
actual,1746209356.709509,394663.4799465782,4438782.814738809,-0.10377087196522804,0
actual,1746209356.80898,394663.4800812737,4438782.814416181,-0.10379005313370739,0
actual,1746209356.908972,394663.4797353889,4438782.815212951,-0.10380336999590022,0
actual,1746209357.008685,394663.479806136,4438782.8150821505,-0.1038362519990076,0
actual,1746209357.1085732,394663.47987370164,4438782.814821189,-0.103838643100083,0
actual,1746209357.2085803,394663.4799736914,4438782.814522902,-0.10383092874478907,0
actual,1746209357.3098645,394663.4800796483,4438782.814197354,-0.10382932304187732,0
actual,1746209357.411959,394663.4788122368,4438782.815554974,-0.10379724389022556,0
actual,1746209357.5106523,394663.4787979139,4438782.815458697,-0.1037915017569866,0
actual,1746209357.6085346,394663.47881750093,4438782.815269871,-0.10378645775544842,0
actual,1746209357.708887,394663.4788611511,4438782.81505482,-0.10378591670338018,0
actual,1746209357.8085396,394663.478947605,4438782.814766653,-0.1037690044629284,0
actual,1746209357.9089088,394663.47983740934,4438782.814939961,-0.1037675383863567,0
actual,1746209358.008529,394663.47997297475,4438782.814731176,-0.1037343771305687,0
actual,1746209358.1087375,394663.4800959185,4438782.814523755,-0.10373877536028378,0
actual,1746209358.2086518,394663.4802570289,4438782.814263224,-0.10374104428831135,0
actual,1746209358.3085318,394663.4804572883,4438782.813896917,-0.10371161803712287,0
actual,1746209358.4089677,394663.4793528579,4438782.81452397,-0.10372985672780605,0
actual,1746209358.5085375,394663.4794420317,4438782.814315325,-0.10371561484110976,0
actual,1746209358.6098216,394663.4795383569,4438782.814077297,-0.10371400913819802,0
actual,1746209358.7090204,394663.47967139864,4438782.813695202,-0.103701355501121,0
actual,1746209358.8085692,394663.47988484555,4438782.813221237,-0.10368365786250582,0
actual,1746209358.9087024,394663.47927685495,4438782.814016248,-0.10372879207696253,0
actual,1746209359.009958,394663.47930734116,4438782.81375501,-0.10374636754253014,0
actual,1746209359.1085346,394663.47934822855,4438782.813437515,-0.10372067629594066,0
actual,1746209359.2083626,394663.4794663261,4438782.813094573,-0.10375303470027254,0
actual,1746209359.30846,394663.4795899745,4438782.812699868,-0.10376926626231628,0
actual,1746209359.4085636,394663.4804176655,4438782.815618764,-0.10380176429298821,0
actual,1746209359.5085652,394663.4806231547,4438782.815641734,-0.10382440121338672,0
actual,1746209359.608532,394663.4808325077,4438782.815621751,-0.10383185376929277,0
actual,1746209359.7085235,394663.4811364577,4438782.815606179,-0.10385661999137855,0
actual,1746209359.8089643,394663.4814448241,4438782.815528402,-0.10384876600974456,0
actual,1746209359.9085653,394663.4802141684,4438782.815839301,-0.10375076577224497,0
actual,1746209360.0085783,394663.48041344027,4438782.815788432,-0.1037731408932556,0
actual,1746209360.1098838,394663.48062732595,4438782.8156597195,-0.10376687516124089,0
actual,1746209360.2085474,394663.4808960342,4438782.815467177,-0.10376474585955361,0
actual,1746209360.3099408,394663.481132509,4438782.815248063,-0.10375090539858528,0
actual,1746209360.4099996,394663.47995279665,4438782.81578911,-0.10373198602949356,0
actual,1746209360.5094767,394663.480025865,4438782.815640733,-0.10371161803712287,0
actual,1746209360.609736,394663.48012736166,4438782.815440684,-0.10369723652408629,0
actual,1746209360.7085,394663.4802306855,4438782.815198665,-0.1036837800355534,0
actual,1746209360.8085217,394663.4803993918,4438782.814924346,-0.10367114385176912,0
actual,1746209360.9108145,394663.48045742046,4438782.815414029,-0.10374397644145475,0
actual,1746209361.0088623,394663.48046230536,4438782.815237346,-0.10369737615042658,0
actual,1746209361.1094692,394663.4805442345,4438782.815071439,-0.10373065957926217,0
actual,1746209361.2093024,394663.4806269016,4438782.814791006,-0.10374038106319579,0
actual,1746209361.3096275,394663.4807199962,4438782.814466755,-0.10375942260533484,0
actual,1746209361.4086874,394663.47977339814,4438782.814828438,-0.10381001970035014,0
actual,1746209361.5084925,394663.4797304103,4438782.814597511,-0.1037829845502368,0
actual,1746209361.6089046,394663.4797039316,4438782.814386366,-0.10374636754253014,0
actual,1746209361.7089438,394663.4797472165,4438782.814109257,-0.10374437786718269,0
actual,1746209361.8085039,394663.47979995713,4438782.813702915,-0.1037746069698273,0
actual,1746209361.9085557,394663.4803179773,4438782.815179926,-0.10379296783355829,0
actual,1746209362.0112703,394663.4804324224,4438782.815113551,-0.10380043784275682,0
actual,1746209362.1086369,394663.48057185556,4438782.814897707,-0.10377645701883445,0
actual,1746209362.2085202,394663.48073198454,4438782.814694431,-0.10376673553490083,0
actual,1746209362.3085244,394663.48095405236,4438782.81440423,-0.1037782023480865,0
actual,1746209362.4089522,394663.47882697964,4438782.816021615,-0.10374703076764571,0
actual,1746209362.5084898,394663.4787309628,4438782.815893364,-0.1037210777216686,0
actual,1746209362.6084867,394663.4787341581,4438782.815755517,-0.10374556469107402,0
actual,1746209362.7083757,394663.4787217141,4438782.815504881,-0.10372427167419987,0
actual,1746209362.8085222,394663.47868920024,4438782.815189359,-0.1036959100738549,0
actual,1746209362.908491,394663.4790490619,4438782.815408318,-0.10375355829904831,0
actual,1746209363.0084674,394663.4790827256,4438782.8151747435,-0.1037548847492797,0
actual,1746209363.1084542,394663.47906802874,4438782.814846734,-0.1037259995501592,0
actual,1746209363.208542,394663.47910284594,4438782.814473178,-0.10372772742611877,0
actual,1746209363.308501,394663.4792933981,4438782.814040199,-0.10372214237251236,0
actual,1746209363.4084718,394663.4800320749,4438782.816167397,-0.10378830780445533,0
actual,1746209363.50849,394663.4803042757,4438782.816062984,-0.10380429502040367,0
actual,1746209363.6084204,394663.48058109,4438782.815868389,-0.10381974118428376,0
actual,1746209363.7084787,394663.48084431054,4438782.815641874,-0.10382132943390328,0
actual,1746209363.808319,394663.4811032966,4438782.815395632,-0.10383464629609586,0
actual,1746209363.9085813,394663.4785833438,4438782.816788215,-0.10378352560230504,0
actual,1746209364.008508,394663.4784404263,4438782.816677808,-0.10378272275084917,0
actual,1746209364.1085086,394663.47833433247,4438782.816508591,-0.10378111704793716,0
actual,1746209364.2084985,394663.47827527835,4438782.816287961,-0.1037816581000054,0
actual,1746209364.3089907,394663.4782612899,4438782.8160282755,-0.1037844506268085,0
actual,1746209364.408497,394663.47963705665,4438782.81906757,-0.10378111704793716,0
actual,1746209364.508477,394663.47982480115,4438782.819062321,-0.10377259984118761,0
actual,1746209364.6107614,394663.4800357295,4438782.818983633,-0.10378125667427747,0
actual,1746209364.7098699,394663.48037552077,4438782.818882415,-0.10378617850276807,0
actual,1746209364.8084593,394663.4807278485,4438782.818766209,-0.10378125667427747,0
actual,1746209364.9084744,394663.4786578483,4438782.81930544,-0.1037616915333624,0
actual,1746209365.0084705,394663.4786420013,4438782.819152633,-0.10371653986561347,0
actual,1746209365.1084514,394663.47865759424,4438782.818972077,-0.10371760451645722,0
actual,1746209365.2085836,394663.4787054065,4438782.818728123,-0.10370149512746131,0
actual,1746209365.3085139,394663.4787838401,4438782.818437561,-0.10371308411369456,0
actual,1746209365.4085424,394663.4790266483,4438782.8191028945,-0.10377993022404583,0
actual,1746209365.508914,394663.4791333119,4438782.818854851,-0.10375169079674867,0
actual,1746209365.6084816,394663.47916557826,4438782.818564878,-0.10373851356089615,0
actual,1746209365.7084398,394663.4792025923,4438782.8182799695,-0.1037465071688702,0
actual,1746209365.8087761,394663.4793882305,4438782.817940296,-0.10374690859459813,0
actual,1746209365.9099112,394663.4797682271,4438782.818068904,-0.103735057808977,0
actual,1746209366.0087073,394663.4799135705,4438782.817799611,-0.10370908730970742,0
actual,1746209366.1085064,394663.4799880344,4438782.817389452,-0.10364742482723438,0
actual,1746209366.2094405,394663.48011503636,4438782.817130039,-0.10368325643677788,0
actual,1746209366.308684,394663.48029297456,4438782.816834844,-0.10367739213049111,0
actual,1746209366.4084651,394663.479599656,4438782.817968071,-0.1037724602148473,0
actual,1746209366.5084496,394663.4796428016,4438782.817752463,-0.10370882551031953,0
actual,1746209366.608498,394663.4796967103,4438782.817512821,-0.10369191326986775,0
actual,1746209366.7100394,394663.4797862186,4438782.817271645,-0.1036622077659989,0
actual,1746209366.8085036,394663.47988692706,4438782.816931856,-0.10364437050104341,0
actual,1746209366.908816,394663.47988208744,4438782.818292921,-0.10374423824084263,0
actual,1746209367.0090563,394663.479910771,4438782.81818537,-0.10373957821173967,0
actual,1746209367.1085172,394663.47991911165,4438782.8180146,-0.10372999635414634,0
actual,1746209367.2085605,394663.47992861527,4438782.817781837,-0.1037056315577885,0
actual,1746209367.3085163,394663.4799578469,4438782.817492367,-0.1036754024551439,0
actual,1746209367.409902,394663.47817444324,4438782.818427716,-0.10371495161599419,0
actual,1746209367.5085318,394663.4780345375,4438782.818243557,-0.10368685181503709,0
actual,1746209367.6084821,394663.4779459637,4438782.8179904865,-0.10366807207228568,0
actual,1746209367.7084923,394663.47788628755,4438782.817657774,-0.10364183977362795,0
actual,1746209367.8083704,394663.47783342766,4438782.817235397,-0.10361827782872625,0
actual,1746209367.908569,394663.4773723056,4438782.817530763,-0.10378218169878092,0
actual,1746209368.0084774,394663.47736173554,4438782.817247606,-0.10375968440472272,0
actual,1746209368.1086004,394663.4773752669,4438782.816967837,-0.10375022472017698,0
actual,1746209368.2085032,394663.47739074705,4438782.816503446,-0.10370882551031953,0
actual,1746209368.3084965,394663.4774022368,4438782.816105838,-0.10367725250415105,0
actual,1746209368.408467,394663.47797818604,4438782.817699536,-0.10373465638324907,0
actual,1746209368.5084498,394663.47810201405,4438782.817545697,-0.1037042876542644,0
actual,1746209368.608496,394663.47824256367,4438782.817410528,-0.10369470579667107,0
actual,1746209368.7084107,394663.47836556245,4438782.817188092,-0.10366007846431138,0
actual,1746209368.8084402,394663.47852327896,4438782.816899234,-0.10366102094210757,0
actual,1746209368.9094687,394663.47870960785,4438782.816577191,-0.10362852291143539,0
actual,1746209369.0084562,394663.47759995743,4438782.815608395,-0.1036815285608183,0
actual,1746209369.108653,394663.47762959305,4438782.815325437,-0.10366407526829853,0
actual,1746209369.2085307,394663.47776997334,4438782.814902991,-0.10365170088390188,0
actual,1746209369.3102582,394663.47792877647,4438782.814506976,-0.10364569695127505,0
actual,1746209369.4085798,394663.47854473523,4438782.815874677,-0.10375303470027254,0
actual,1746209369.5084493,394663.47862492985,4438782.815734227,-0.10371561484110976,0
actual,1746209369.608625,394663.4787691159,4438782.8155871425,-0.10367912000645069,0
actual,1746209369.7085257,394663.4789347275,4438782.815419957,-0.1036837800355534,0
actual,1746209369.8089235,394663.47907604906,4438782.815155305,-0.1036395708456004,0
actual,1746209369.9084613,394663.47975027096,4438782.815185804,-0.10371507378904177,0
actual,1746209370.0086367,394663.4798728554,4438782.815033885,-0.10374064286258342,0
actual,1746209370.1084473,394663.47997661517,4438782.8147665495,-0.10372612172320678,0
actual,1746209370.2085044,394663.4800968176,4438782.814426057,-0.10370894768336736,0
actual,1746209370.3085215,394663.4802395229,4438782.814068686,-0.10366260919172683,0
actual,1746209370.4094746,394663.47983640275,4438782.816419218,-0.1037274656267309,0
actual,1746209370.5084949,394663.47991865344,4438782.816329635,-0.10371720309072928,0
actual,1746209370.6088643,394663.4800360945,4438782.816210701,-0.10369577044751459,0
actual,1746209370.7085834,394663.48020250903,4438782.816080315,-0.10371495161599419,0
actual,1746209370.8093941,394663.4803934266,4438782.81586183,-0.1037093491090953,0
actual,1746209370.908549,394663.4805808424,4438782.81553947,-0.10364290442447172,0
actual,1746209371.0085468,394663.47939012584,4438782.817031091,-0.10370802265886366,0
actual,1746209371.1084442,394663.479495127,4438782.816896302,-0.10374184713976722,0
actual,1746209371.20951,394663.47959789756,4438782.816712374,-0.10375462294989206,0
actual,1746209371.3085053,394663.47970649775,4438782.816493004,-0.10374622791618984,0
actual,1746209371.4084716,394663.4786112821,4438782.81747073,-0.10376420480748538,0
actual,1746209371.508806,394663.4786957042,4438782.817287269,-0.10377553199433075,0
actual,1746209371.6085172,394663.4787929553,4438782.817085203,-0.10380495824551948,0
actual,1746209371.7085235,394663.4789180777,4438782.816828625,-0.10381974118428376,0
actual,1746209371.8086655,394663.4790836134,4438782.816470447,-0.10381228862837795,0
actual,1746209371.9087331,394663.47993175493,4438782.819185219,-0.1037540993511163,0
actual,1746209372.0091019,394663.480149716,4438782.8191685565,-0.10373545923470494,0
actual,1746209372.1085122,394663.48036733223,4438782.81912762,-0.10371441056392595,0
actual,1746209372.208536,394663.48057276744,4438782.819077829,-0.10370961090848294,0
actual,1746209372.3093066,394663.480776852,4438782.818927615,-0.10369350151948702,0
actual,1746209372.4085195,394663.48038329626,4438782.818188319,-0.10372812885184671,0
actual,1746209372.508407,394663.48041173,4438782.817980559,-0.1037246730999278,0
actual,1746209372.608472,394663.4805124157,4438782.817706831,-0.10370814483191124,0
actual,1746209372.7093449,394663.48062731186,4438782.817441012,-0.10370163475380137,0
actual,1746209372.8084998,394663.48075658653,4438782.817080717,-0.10369404257155526,0
actual,1746209372.9084985,394663.4790113099,4438782.817820107,-0.10377113376461591,0
actual,1746209373.009275,394663.4789467843,4438782.817649917,-0.10375942260533484,0
actual,1746209373.1086266,394663.47886747296,4438782.817469376,-0.10374343538938675,0
actual,1746209373.2084858,394663.47883512196,4438782.817196735,-0.10371826774157279,0
actual,1746209373.3084512,394663.4788272638,4438782.816865639,-0.10370735943374784,0
actual,1746209373.4084513,394663.47763208847,4438782.817448153,-0.10376207550579787,0
actual,1746209373.5085077,394663.47756492347,4438782.817256867,-0.10374050323624336,0
actual,1746209373.608521,394663.4775864851,4438782.817076502,-0.10378724315361182,0
actual,1746209373.7085297,394663.4776137019,4438782.816813699,-0.10376621193612531,0
actual,1746209373.8087397,394663.4776482399,4438782.816504064,-0.1037289317033026,0
actual,1746209373.9097226,394663.47820040013,4438782.817430568,-0.10375116719797291,0
actual,1746209374.0084782,394663.4783322934,4438782.817252057,-0.10374717039398601,0
actual,1746209374.1102133,394663.47846166516,4438782.817045323,-0.10374397644145475,0
actual,1746209374.2095265,394663.4786579846,4438782.816736553,-0.10372559812443126,0
actual,1746209374.3089879,394663.4787875083,4438782.816360149,-0.10368311681043783,0
actual,1746209374.4089568,394663.4788995461,4438782.816850659,-0.10375450077684424,0
actual,1746209374.5118048,394663.4789897576,4438782.816646437,-0.10378858705713569,0
actual,1746209374.6092968,394663.47910605435,4438782.816353768,-0.1037775216696782,0
actual,1746209374.7094443,394663.47924131504,4438782.815952196,-0.1037782023480865,0
actual,1746209374.808896,394663.4794019104,4438782.815490532,-0.10378617850276807,0
actual,1746209374.9099755,394663.4795824698,4438782.814974702,-0.10378977388102703,0
actual,1746209375.00955,394663.4789707824,4438782.815901991,-0.10379178100966696,0
actual,1746209375.1088185,394663.47902682744,4438782.815656208,-0.10378911065591145,0
actual,1746209375.2085295,394663.47908100835,4438782.815252428,-0.10375516400196005,0
actual,1746209375.3098376,394663.4791667603,4438782.81489585,-0.10375741547669515,0
actual,1746209375.409802,394663.4795904219,4438782.816848976,-0.10378617850276807,0
actual,1746209375.5094926,394663.47969001415,4438782.8168136375,-0.10380509787185954,0
actual,1746209375.6104207,394663.4797685952,4438782.816687751,-0.10378911065591145,0
actual,1746209375.7107315,394663.47991204844,4438782.816486198,-0.10379350888562629,0
actual,1746209375.8087955,394663.4800784001,4438782.816256807,-0.10379497496219799,0
actual,1746209375.9088206,394663.4795493125,4438782.815873634,-0.10377579379371862,0
actual,1746209376.009879,394663.47959115135,4438782.815618854,-0.10376701478758119,0
actual,1746209376.1096668,394663.47969072766,4438782.815360603,-0.10377432771714694,0
actual,1746209376.209304,394663.479865133,4438782.81495751,-0.1037801920234337,0
actual,1746209376.3102329,394663.48003565846,4438782.814507187,-0.10376793981208464,0
actual,1746209376.4093878,394663.47930169536,4438782.816830586,-0.10379443391012999,0
actual,1746209376.5110805,394663.47941555025,4438782.816795671,-0.10379603961304174,0
actual,1746209376.608525,394663.4795529481,4438782.816714112,-0.103787120980564,0
actual,1746209376.70847,394663.47974499624,4438782.816548351,-0.1037514289973608,0
actual,1746209376.809432,394663.4799041078,4438782.81636054,-0.10372266597128788,0
actual,1746209376.9085612,394663.48033653013,4438782.815341436,-0.1037844506268085,0
actual,1746209377.0087137,394663.48051853495,4438782.815026559,-0.10376008583045065,0
actual,1746209377.1084611,394663.4807194667,4438782.8146846825,-0.10376155190702235,0
actual,1746209377.2085583,394663.4809375567,4438782.814340751,-0.10376195333275029,0
actual,1746209377.308934,394663.48122845235,4438782.813867959,-0.10374437786718269,0
actual,1746209377.4089427,394663.48049636965,4438782.814744699,-0.10376022545679096,0
actual,1746209377.5084867,394663.48063357075,4438782.814472115,-0.10373758853639245,0
actual,1746209377.6095212,394663.4807917776,4438782.814200358,-0.1037189309666886,0
actual,1746209377.7085335,394663.4810750475,4438782.813853591,-0.10372174094678442,0
actual,1746209377.8085086,394663.4813376219,4438782.813515209,-0.10370242015196476,0
actual,1746209377.9091263,394663.47954840027,4438782.815281437,-0.103786579928496,0
actual,1746209378.0088627,394663.47960877157,4438782.815121805,-0.10378965170797945,0
actual,1746209378.1084476,394663.4796752637,4438782.8148700865,-0.10375928297899478,0
actual,1746209378.2086847,394663.4797930248,4438782.814617471,-0.10374423824084263,0
actual,1746209378.3085258,394663.47994362685,4438782.81422346,-0.10370362442914857,0
actual,1746209378.4085095,394663.4788919331,4438782.816600532,-0.1037246730999278,0
actual,1746209378.5084586,394663.4789277363,4438782.816525184,-0.10372027487021272,0
actual,1746209378.608497,394663.47900167597,4438782.816340752,-0.1036959100738549,0
actual,1746209378.70847,394663.4790749047,4438782.816060005,-0.10367725250415105,0
actual,1746209378.8085542,394663.4791764868,4438782.815698849,-0.10365449341070497,0
actual,1746209378.908518,394663.4790576138,4438782.815307259,-0.10370310083037305,0
actual,1746209379.0085154,394663.479164622,4438782.814988053,-0.10371533558842966,0
actual,1746209379.1088417,394663.4792855362,4438782.814586279,-0.10370495087938021,0
actual,1746209379.208595,394663.4794296437,4438782.814102452,-0.10368765466649296,0
actual,1746209379.3094735,394663.4796207034,4438782.813601451,-0.10369390294521495,0
actual,1746209379.4085453,394663.4794179771,4438782.816075665,-0.10377233804179972,0
actual,1746209379.5089579,394663.47951674176,4438782.815855978,-0.10374210893915511,0
actual,1746209379.6085398,394663.4797135307,4438782.815548832,-0.10371786631584486,0
actual,1746209379.7085207,394663.47988602985,4438782.815247305,-0.10372505707236326,0
actual,1746209379.8089397,394663.48009001033,4438782.8148836065,-0.10369683509835835,0
actual,1746209379.909839,394663.478275415,4438782.816457561,-0.10369922619943374,0
actual,1746209380.008782,394663.4782557079,4438782.816322278,-0.10368737541381261,0
actual,1746209380.1085234,394663.4783133241,4438782.81611019,-0.10369097079207182,0
actual,1746209380.2084546,394663.4783789025,4438782.815855471,-0.10367353495284426,0
actual,1746209380.30855,394663.4784702779,4438782.815569185,-0.10367552462819148,0
actual,1746209380.4085608,394663.4789561951,4438782.815947778,-0.10377219841545943,0
actual,1746209380.5089402,394663.4790543086,4438782.815770152,-0.10377300126691555,0
actual,1746209380.6087544,394663.47924252675,4438782.815512267,-0.10376434443382543,0
actual,1746209380.7085006,394663.4794351359,4438782.8152051065,-0.10375303470027254,0
actual,1746209380.8085175,394663.4796248153,4438782.8148270575,-0.10376526945832913,0
actual,1746209380.908555,394663.48049950943,4438782.815213017,-0.10374662934191778,0
actual,1746209381.0091717,394663.4807290918,4438782.814970796,-0.10373612245982075,0
actual,1746209381.1092148,394663.48100292776,4438782.814705872,-0.10377006911377215,0
actual,1746209381.2088253,394663.48127547425,4438782.814389352,-0.1037695455149964,0
actual,1746209381.308463,394663.48166769976,4438782.813904873,-0.10375982403106278,0
actual,1746209381.408679,394663.4795567391,4438782.814907747,-0.10380988007401008,0
actual,1746209381.5089571,394663.47961684864,4438782.814698664,-0.10382333656254296,0
actual,1746209381.6084752,394663.47974870924,4438782.814453546,-0.10382187048597127,0
actual,1746209381.7086132,394663.4798829886,4438782.814179278,-0.10379178100966696,0
actual,1746209381.8092725,394663.48010423285,4438782.813781143,-0.10378272275084917,0
actual,1746209381.9085464,394663.4800700125,4438782.815034821,-0.10375741547669515,0
actual,1746209382.0084305,394663.4802554533,4438782.8148670215,-0.10371001233421087,0
actual,1746209382.1084704,394663.4805163094,4438782.81469542,-0.10370296120403301,0
actual,1746209382.2093534,394663.4807534211,4438782.814477572,-0.10365835058835206,0
actual,1746209382.3085434,394663.4810243219,4438782.814218984,-0.10364210157301584,0
actual,1746209382.408609,394663.48013256653,4438782.815168104,-0.10374636754253014,0
actual,1746209382.5089893,394663.48019988823,4438782.815058563,-0.10372133952105649,0
actual,1746209382.6084735,394663.4803192055,4438782.814874787,-0.10371961164509691,0
actual,1746209382.7093172,394663.4804733137,4438782.814672965,-0.10372812885184671,0
actual,1746209382.8085039,394663.4806225282,4438782.814420664,-0.10369203544291533,0
actual,1746209382.9089472,394663.48064034595,4438782.814535508,-0.1037142709375859,0
actual,1746209383.00848,394663.48075436195,4438782.8143378245,-0.10372573775077157,0
actual,1746209383.108372,394663.48090469354,4438782.814070756,-0.10370842408459159,0
actual,1746209383.2084436,394663.4810744634,4438782.81373307,-0.10367793318255934,0
actual,1746209383.3087685,394663.48131091887,4438782.813334534,-0.10365955486553587,0
actual,1746209383.4084942,394663.48001495004,4438782.813293231,-0.10375128937102074,0
actual,1746209383.51125,394663.48009106424,4438782.813008816,-0.10371400913819802,0
actual,1746209383.6086261,394663.4802522607,4438782.812772438,-0.10371774414279727,0
actual,1746209383.712649,394663.48042900464,4438782.8124684235,-0.10370776085947603,0
actual,1746209383.8087485,394663.4806563208,4438782.812147249,-0.10369577044751459,0
actual,1746209383.9106483,394663.4794218221,4438782.813114631,-0.10374783361910159,0
actual,1746209384.010122,394663.47945165157,4438782.812972747,-0.10370149512746131,0
actual,1746209384.1090786,394663.47952769604,4438782.812763123,-0.10366194596661102,0
actual,1746209384.208608,394663.4796843012,4438782.812522403,-0.10365023480733018,0
actual,1746209384.3087866,394663.4798642465,4438782.812334675,-0.10368631076296884,0
actual,1746209384.4101427,394663.47960859205,4438782.813909881,-0.10376793981208464,0
actual,1746209384.509952,394663.4797585325,4438782.813806433,-0.10375928297899478,0
actual,1746209384.6097882,394663.47991425055,4438782.813699567,-0.1037373092837121,0
actual,1746209384.7100437,394663.48017130914,4438782.813545162,-0.10374556469107402,0
actual,1746209384.8086894,394663.4803958541,4438782.813325521,-0.10374570431741433,0
actual,1746209384.909804,394663.47934295156,4438782.814557907,-0.1037856549039923,0
actual,1746209385.0085533,394663.4793669499,4438782.814477979,-0.10375582722707588,0
actual,1746209385.1083872,394663.47940194514,4438782.814352439,-0.10375942260533484,0
actual,1746209385.2103634,394663.4794391452,4438782.8141561905,-0.10372680240161508,0
actual,1746209385.3085196,394663.47953213373,4438782.813841326,-0.1037069580080199,0
actual,1746209385.4084902,394663.47844261205,4438782.814896678,-0.10376008583045065,0
actual,1746209385.5085156,394663.4784250098,4438782.814793599,-0.10376647373551295,0
actual,1746209385.6091464,394663.4784109738,4438782.814670579,-0.10377685844456239,0
actual,1746209385.7087827,394663.4784060394,4438782.814481078,-0.10378125667427747,0
actual,1746209385.8084877,394663.4783853592,4438782.814223507,-0.10376034762983853,0
actual,1746209385.9085243,394663.47811793943,4438782.8157488825,-0.10376314015664162,0
actual,1746209386.008581,394663.4781384643,4438782.815639982,-0.10375102757163286,0
actual,1746209386.10852,394663.4781966928,4438782.815481732,-0.10375875938021926,0
actual,1746209386.208489,394663.47831590165,4438782.815238534,-0.10376488548589367,0
actual,1746209386.3093643,394663.47843710147,4438782.814967262,-0.10375715367730727,0
actual,1746209386.408661,394663.47940595716,4438782.815012225,-0.10377739949663038,0
actual,1746209386.5085015,394663.47959047137,4438782.814784677,-0.10375436115050418,0
actual,1746209386.6084557,394663.4798058948,4438782.814497258,-0.10372758779977848,0
actual,1746209386.7088559,394663.4800845487,4438782.814171159,-0.10371826774157279,0
actual,1746209386.809116,394663.4803887225,4438782.813782132,-0.10368550791151297,0
actual,1746209386.9084904,394663.4802170164,4438782.81426928,-0.1037169412913414,0
actual,1746209387.0088754,394663.4803890547,4438782.814084497,-0.10375197004942903,0
actual,1746209387.1092024,394663.4805330809,4438782.813831185,-0.10371107698505462,0
actual,1746209387.2088919,394663.4807001441,4438782.8134912215,-0.1037020361795293,0
actual,1746209387.308484,394663.4809192559,4438782.813042656,-0.10366433706768616,0
actual,1746209387.4085257,394663.4803218338,4438782.813648919,-0.10374863647055771,0
actual,1746209387.50951,394663.4803627609,4438782.813481242,-0.1037450410922985,0
actual,1746209387.6085346,394663.4804233409,4438782.813196162,-0.10373690785798416,0
actual,1746209387.708488,394663.4805076898,4438782.812854622,-0.10371933239241655,0
actual,1746209387.8093297,394663.48060172226,4438782.812495821,-0.10370296120403301,0
actual,1746209387.9089828,394663.48055450356,4438782.813537895,-0.1037746069698273,0
actual,1746209388.0089245,394663.4806027446,4438782.813376976,-0.10374343538938675,0
actual,1746209388.1084456,394663.4806773551,4438782.813111755,-0.10368645038930915,0
actual,1746209388.2085977,394663.48080707336,4438782.812866482,-0.10366260919172683,0
actual,1746209388.3084965,394663.4810201609,4438782.8124891585,-0.10364917015648643,0
actual,1746209388.4085069,394663.48076396435,4438782.813030849,-0.1037184073679131,0
actual,1746209388.5084646,394663.4808781337,4438782.812822572,-0.1037078830325236,0
actual,1746209388.6086829,394663.48099719523,4438782.812595869,-0.10371294448735426,0
actual,1746209388.7095814,394663.4812009264,4438782.812250845,-0.10372146169410407,0
actual,1746209388.8100793,394663.4814333077,4438782.811879179,-0.10372680240161508,0
actual,1746209388.9084427,394663.48129426246,4438782.8124836255,-0.10375022472017698,0
actual,1746209389.00869,394663.48137350054,4438782.8123213295,-0.10370868588397948,0
actual,1746209389.108527,394663.48152180423,4438782.812043915,-0.10367500102941596,0
actual,1746209389.208485,394663.48173349944,4438782.811709494,-0.10367405855161978,0
actual,1746209389.3086226,394663.4819687892,4438782.811291229,-0.10365328913352115,0
actual,1746209389.4088824,394663.48013612936,4438782.813193286,-0.10374237073854299,0
actual,1746209389.5085852,394663.480117613,4438782.813060634,-0.10371947201875685,0
actual,1746209389.608735,394663.4801381069,4438782.812875947,-0.1036929779207115,0
actual,1746209389.7085052,394663.4802059281,4438782.812624715,-0.10370669620863227,0
actual,1746209389.8090522,394663.4802490731,4438782.812317623,-0.10369470579667107,0
actual,1746209389.9084463,394663.48009900324,4438782.812902913,-0.10378111704793716,0
actual,1746209390.008511,394663.48014571366,4438782.812696076,-0.10376526945832913,0
actual,1746209390.1093168,394663.48021303717,4438782.812485385,-0.10378911065591145,0
actual,1746209390.2085385,394663.48032345716,4438782.812171662,-0.10380495824551948,0
actual,1746209390.309502,394663.480438013,4438782.811817699,-0.10381494152884099,0
actual,1746209390.4086967,394663.4795805597,4438782.813948901,-0.1037807330755017,0
actual,1746209390.5091004,394663.47958383575,4438782.813843258,-0.10374903789628565,0
actual,1746209390.6090016,394663.4796596089,4438782.813722092,-0.10377219841545943,0
actual,1746209390.7086298,394663.4797440381,4438782.813519156,-0.10378605632972049,0
actual,1746209390.8084738,394663.4798147221,4438782.813270275,-0.10376382083504991,0
actual,1746209390.9088101,394663.4799243461,4438782.81302653,-0.10377193661607179,0
actual,1746209391.0085707,394663.4792374543,4438782.812710857,-0.10374584394375437,0
actual,1746209391.1085432,394663.47929824295,4438782.812480232,-0.10372146169410407,0
actual,1746209391.20849,394663.4794017044,4438782.812173857,-0.10368803863892843,0
actual,1746209391.3095002,394663.4795831762,4438782.8117948435,-0.10368072570936243,0
actual,1746209391.408815,394663.4795576622,4438782.813849685,-0.10376820161147253,0
actual,1746209391.5087614,394663.4796464518,4438782.813775803,-0.10373186385644598,0
actual,1746209391.608827,394663.47977659723,4438782.813672,-0.10373797250882791,0
actual,1746209391.7085137,394663.47994306474,4438782.813455089,-0.10370802265886366,0
actual,1746209391.8087676,394663.4801267465,4438782.813227501,-0.10372280559762818,0
actual,1746209391.9087012,394663.480331524,4438782.813851639,-0.10379537638792592,0
actual,1746209392.0093093,394663.4804634785,4438782.813671062,-0.103787120980564,0
actual,1746209392.1085188,394663.4806191689,4438782.813416031,-0.1037880460050677,0
actual,1746209392.2084107,394663.4807662616,4438782.813146469,-0.10379523676158586,0
actual,1746209392.3091528,394663.48096052447,4438782.812843024,-0.10377286164057524,0
actual,1746209392.410484,394663.4809013596,4438782.814247425,-0.10375622865280382,0
actual,1746209392.5086892,394663.4810330001,4438782.81410679,-0.10375303470027254,0
actual,1746209392.6094558,394663.4812155884,4438782.813848825,-0.10374196931281505,0
actual,1746209392.7095175,394663.4813988356,4438782.81357169,-0.10376101085495436,0
actual,1746209392.8102431,394663.48162807786,4438782.81323104,-0.10377340269264348,0
actual,1746209392.9085116,394663.48096335254,4438782.814276528,-0.10379696463754544,0
actual,1746209393.008479,394663.48102952825,4438782.814062312,-0.1037724602148473,0
actual,1746209393.1084557,394663.4811056792,4438782.813842544,-0.1037775216696782,0
actual,1746209393.2090292,394663.48122972774,4438782.813587998,-0.10376474585955361,0
actual,1746209393.30855,394663.4813826915,4438782.813203838,-0.10375315687332037,0
actual,1746209393.4085429,394663.47940435243,4438782.815424962,-0.10372533632504338,0
actual,1746209393.508659,394663.4793866562,4438782.815339948,-0.10373984001112754,0
actual,1746209393.6085052,394663.47940742393,4438782.815159827,-0.10372640097588713,0
actual,1746209393.708564,394663.47940591956,4438782.81491129,-0.10372439384724745,0
actual,1746209393.8085299,394663.47944633506,4438782.814588877,-0.10374837467116983,0
actual,1746209393.9085896,394663.48011520546,4438782.815652338,-0.10378272275084917,0
actual,1746209394.0086942,394663.48025603493,4438782.815514521,-0.10377725987029032,0
actual,1746209394.1090846,394663.48042357,4438782.815301444,-0.10377685844456239,0
actual,1746209394.2087824,394663.4805594712,4438782.815037962,-0.10376275618420616,0
actual,1746209394.3086274,394663.4807651256,4438782.814629535,-0.10373186385644598,0
actual,1746209394.409943,394663.4807990433,4438782.814389175,-0.1037203970432603,0
actual,1746209394.508513,394663.48095395026,4438782.814101014,-0.10372999635414634,0
actual,1746209394.6089747,394663.48115474544,4438782.813716276,-0.10368550791151297,0
actual,1746209394.7091844,394663.48137631797,4438782.813327561,-0.103657146311168,0
actual,1746209394.8086133,394663.48163181357,4438782.812790701,-0.10363398579199422,0
actual,1746209394.9084857,394663.48035253334,4438782.813922541,-0.10371455019026625,0
actual,1746209395.0087612,394663.48036479607,4438782.813674202,-0.10367339532650421,0
actual,1746209395.1087554,394663.4804128792,4438782.813406807,-0.1036699395745853,0
actual,1746209395.2098258,394663.4804832537,4438782.813089187,-0.10367871858072275,0
actual,1746209395.3084652,394663.4805519294,4438782.812650373,-0.10362360108294479,0
actual,1746209395.4094,394663.4801614226,4438782.8142152,-0.10371667949195351,0
actual,1746209395.508531,394663.4802283579,4438782.814040205,-0.10371826774157279,0
actual,1746209395.6084914,394663.48028368194,4438782.81382569,-0.10367445997734796,0
actual,1746209395.7084684,394663.48038989224,4438782.813561802,-0.1036572859375083,0
actual,1746209395.8096688,394663.4805287686,4438782.813260821,-0.10365901381346762,0
actual,1746209395.9100792,394663.4797141415,4438782.813959646,-0.10376101085495436,0
actual,1746209396.0087345,394663.4797513106,4438782.813765775,-0.10376088868190653,0
actual,1746209396.108553,394663.47975193796,4438782.813482587,-0.10375050397285734,0
actual,1746209396.2095847,394663.4797764807,4438782.813155745,-0.10374943932201358,0
actual,1746209396.3085618,394663.4798177969,4438782.812651806,-0.10372027487021272,0
actual,1746209396.408553,394663.4792033162,4438782.814029253,-0.1037690044629284,0
actual,1746209396.508703,394663.4792171793,4438782.81383974,-0.10371774414279727,0
actual,1746209396.609392,394663.4792567319,4438782.813547279,-0.10369896440004586,0
actual,1746209396.7091315,394663.47932340065,4438782.813188718,-0.10370575373083608,0
actual,1746209396.8091156,394663.47940769896,4438782.812772089,-0.10370402585487651,0
actual,1746209396.9085343,394663.47897036,4438782.81406656,-0.10379391031135422,0
actual,1746209397.0088706,394663.4789660884,4438782.813939363,-0.10377020874011221,0
actual,1746209397.108556,394663.4789861919,4438782.813718065,-0.10374703076764571,0
actual,1746209397.2085469,394663.4789851635,4438782.813457179,-0.10371388696515044,0
actual,1746209397.3087742,394663.4790396105,4438782.813209978,-0.10374409861450232,0
actual,1746209397.4091687,394663.480377162,4438782.813108616,-0.10380602289636325,0
actual,1746209397.5098839,394663.48052305996,4438782.812875266,-0.10377219841545943,0
actual,1746209397.6085498,394663.4806942942,4438782.812610115,-0.10374530289168639,0
actual,1746209397.7090738,394663.4808703816,4438782.812360112,-0.10375128937102074,0
actual,1746209397.8089697,394663.48112292564,4438782.8119755285,-0.10374210893915511,0
actual,1746209397.908709,394663.48054434994,4438782.813693965,-0.1037780627217462,0
actual,1746209398.0085225,394663.48059035384,4438782.813514508,-0.1037465071688702,0
actual,1746209398.1087492,394663.4806970031,4438782.813348279,-0.10375542580134794,0
actual,1746209398.2085397,394663.4808120321,4438782.813079761,-0.10374731002032607,0
actual,1746209398.308738,394663.4809562202,4438782.81276775,-0.10372626134954709,0
actual,1746209398.4087248,394663.4788291833,4438782.813711809,-0.10371947201875685,0
actual,1746209398.509397,394663.4787792152,4438782.813546946,-0.10373158460376562,0
actual,1746209398.6098557,394663.4787070908,4438782.813236427,-0.10370482870633263,0
actual,1746209398.7088702,394663.4786680562,4438782.812947042,-0.10370175692684894,0
actual,1746209398.8085132,394663.4786307758,4438782.81255421,-0.10367247030200051,0
actual,1746209398.9095864,394663.47914448584,4438782.812674374,-0.10371933239241655,0
actual,1746209399.0085344,394663.4792052404,4438782.812347438,-0.1036988247737058,0
actual,1746209399.1085432,394663.47927884344,4438782.812001419,-0.10369737615042658,0
actual,1746209399.2090096,394663.47936216416,4438782.811549944,-0.10367871858072275,0
actual,1746209399.3091643,394663.4794667867,4438782.811058069,-0.10367060279970088,0
actual,1746209399.4088614,394663.47949807113,4438782.811741806,-0.10374144571403929,0
actual,1746209399.5085194,394663.4795507444,4438782.811469143,-0.1037274656267309,0
actual,1746209399.6096537,394663.47962813766,4438782.811151946,-0.10371814556852521,0
actual,1746209399.7085428,394663.47972598416,4438782.810814394,-0.10372666277527502,0
actual,1746209399.8085458,394663.4798249302,4438782.810398649,-0.10372652314893471,0
actual,1746209399.9085422,394663.4793540415,4438782.811233692,-0.10378778420567981,0
actual,1746209400.008554,394663.47935040167,4438782.811000184,-0.10378471242619637,0
actual,1746209400.1085558,394663.47932211123,4438782.810677044,-0.10376368120870987,0
actual,1746209400.208541,394663.4793163969,4438782.810329026,-0.10373797250882791,0
actual,1746209400.3084774,394663.479324737,4438782.809935361,-0.10371374733881013,0
actual,1746209400.4095864,394663.47945844167,4438782.811463485,-0.1037289317033026,0
actual,1746209400.508516,394663.4794214949,4438782.811290811,-0.10371734271706934,0
actual,1746209400.6085043,394663.47936844884,4438782.811096946,-0.10371495161599419,0
actual,1746209400.7085135,394663.47935716924,4438782.810837355,-0.10368659001564921,0
actual,1746209400.8088975,394663.4793253899,4438782.81043822,-0.10366114311515515,0
actual,1746209400.909107,394663.479295888,4438782.810007497,-0.10374463966657056,0
actual,1746209401.0085256,394663.47840476135,4438782.811119167,-0.1037358432071404,0
actual,1746209401.1087058,394663.47833819257,4438782.810863436,-0.1036739363785722,0
actual,1746209401.2091572,394663.47829485877,4438782.810516949,-0.10364356764958753,0
actual,1746209401.3088627,394663.47827154765,4438782.810180249,-0.10360455954080548,0
actual,1746209401.4086373,394663.47968652827,4438782.812624857,-0.10370868588397948,0
actual,1746209401.509337,394663.47981637676,4438782.81252904,-0.10366594277059817,0
actual,1746209401.6084447,394663.47997621004,4438782.8124237135,-0.1036614223678355,0
actual,1746209401.7085197,394663.4801839768,4438782.812209583,-0.10361614852703874,0
actual,1746209401.8085954,394663.48046128673,4438782.811953141,-0.1036028316648459,0
actual,1746209401.9090753,394663.4788937297,4438782.812633106,-0.10376820161147253,0
actual,1746209402.009678,394663.47896107833,4438782.81250036,-0.10376474585955361,0
actual,1746209402.1085262,394663.4790830254,4438782.812266242,-0.10375369792538836,0
actual,1746209402.209532,394663.47918300814,4438782.812021871,-0.10372013524387243,0
actual,1746209402.3091583,394663.479343711,4438782.811712091,-0.10371187983651049,0
actual,1746209402.4084566,394663.47826837417,4438782.813715056,-0.10375249364820455,0
actual,1746209402.50839,394663.47830487596,4438782.81368656,-0.10375741547669515,0
actual,1746209402.6086407,394663.4783457401,4438782.813604146,-0.10373146243071804,0
actual,1746209402.7085254,394663.4784288347,4438782.81345077,-0.10371760451645722,0
actual,1746209402.8085284,394663.47857097536,4438782.813257101,-0.10371495161599419,0
actual,1746209402.9084995,394663.4773376781,4438782.813843231,-0.103753418672708,0
actual,1746209403.0090785,394663.4772469811,4438782.813691034,-0.103721863119832,0
actual,1746209403.108562,394663.47720336384,4438782.813453759,-0.10372971710146599,0
actual,1746209403.2095516,394663.4771594431,4438782.8131870655,-0.10372545849809121,0
actual,1746209403.3085182,394663.47714844526,4438782.81283712,-0.10372505707236326,0
actual,1746209403.4088604,394663.4775073741,4438782.81316891,-0.10374490146595844,0
actual,1746209403.5084882,394663.47760755534,4438782.812894634,-0.10376994694072458,0
actual,1746209403.6083968,394663.47766232444,4438782.812556696,-0.10375050397285734,0
actual,1746209403.7084095,394663.4778307864,4438782.812220283,-0.10374903789628565,0
actual,1746209403.808691,394663.47807345877,4438782.811779983,-0.10377047053950009,0
actual,1746209403.908546,394663.47909902147,4438782.813248276,-0.10378459025314879,0
actual,1746209404.0084822,394663.4792947386,4438782.813144619,-0.10378191989939305,0
actual,1746209404.108709,394663.4795188626,4438782.813009618,-0.10377567162067106,0
actual,1746209404.209024,394663.4797448747,4438782.812855445,-0.10378272275084917,0
actual,1746209404.3087482,394663.4799906996,4438782.812640994,-0.1038097579009625,0
actual,1746209404.408512,394663.47864781006,4438782.813816109,-0.1038210676345154,0
actual,1746209404.5100908,394663.4786707426,4438782.813744261,-0.10379589998670169,0
actual,1746209404.608538,394663.4787377662,4438782.813589913,-0.10379137958393903,0
actual,1746209404.7094057,394663.4788294778,4438782.813417853,-0.10376394300809749,0
actual,1746209404.8085334,394663.4790012958,4438782.813115079,-0.10372772742611877,0
actual,1746209404.9099162,394663.4795491461,4438782.8138544625,-0.10372905387635016,0
actual,1746209405.009031,394663.4796832286,4438782.813681597,-0.10370016867722967,0
actual,1746209405.1085792,394663.4798064397,4438782.813496463,-0.10367819498194723,0
actual,1746209405.2085013,394663.47997926665,4438782.813188624,-0.10368645038930915,0
actual,1746209405.3089151,394663.48013242683,4438782.812871864,-0.10368697398808467,0
actual,1746209405.4085076,394663.4799826061,4438782.8142048735,-0.10373558140775277,0
actual,1746209405.5111718,394663.4800330624,4438782.814015545,-0.10372387024847168,0
actual,1746209405.6094089,394663.4800914157,4438782.813818956,-0.10374676896825807,0
actual,1746209405.7087667,394663.4801687755,4438782.813513639,-0.1037078830325236,0
actual,1746209405.8085835,394663.4802884491,4438782.81316936,-0.10371455019026625,0
actual,1746209405.908599,394663.48102516687,4438782.814353054,-0.10379350888562629,0
actual,1746209406.008557,394663.4811887997,4438782.814237477,-0.10382187048597127,0
actual,1746209406.110068,394663.4813756161,4438782.814007992,-0.10380803002500293,0
actual,1746209406.2086535,394663.4815552165,4438782.813702907,-0.10373758853639245,0
actual,1746209406.3086045,394663.4817674693,4438782.813395048,-0.10372612172320678,0
actual,1746209406.4091845,394663.4810119525,4438782.815091821,-0.10376048725617859,0
actual,1746209406.5085578,394663.4810708776,4438782.8149395175,-0.10372387024847168,0
actual,1746209406.6085274,394663.48115939775,4438782.814769714,-0.10374889826994534,0
actual,1746209406.7085392,394663.4811976935,4438782.814509831,-0.1037274656267309,0
actual,1746209406.808741,394663.48124819057,4438782.814236765,-0.10371667949195351,0
actual,1746209406.9094868,394663.4814803754,4438782.815788333,-0.1037614122806823,0
actual,1746209407.008531,394663.48155427177,4438782.815637718,-0.10375209222247661,0
actual,1746209407.1092448,394663.48166367074,4438782.815466642,-0.10377153519034385,0
actual,1746209407.2108092,394663.48180552816,4438782.815208228,-0.10373758853639245,0
actual,1746209407.3093762,394663.48195155605,4438782.814850541,-0.10373785033578033,0
actual,1746209407.4091792,394663.48072936595,4438782.814441355,-0.10377233804179972,0
actual,1746209407.5092359,394663.48071113456,4438782.814188275,-0.10374875864360529,0
actual,1746209407.6100461,394663.4807082433,4438782.81392666,-0.10373305068033731,0
actual,1746209407.7089117,394663.4807369061,4438782.813571878,-0.10372945530207811,0
actual,1746209407.8098392,394663.4807717622,4438782.813150366,-0.10370535230510815,0
actual,1746209407.9094155,394663.4802069338,4438782.814241956,-0.10375102757163286,0
actual,1746209408.0089788,394663.48020073643,4438782.814085533,-0.10374210893915511,0
actual,1746209408.1093965,394663.48020758154,4438782.813826866,-0.10372292777067575,0
actual,1746209408.2089355,394663.48022674746,4438782.813503321,-0.1037005701029576,0
actual,1746209408.3086674,394663.48024535435,4438782.813154139,-0.10370348480280851,0
actual,1746209408.409471,394663.47942968685,4438782.812957001,-0.10375090539858528,0
actual,1746209408.50882,394663.47939035593,4438782.812731712,-0.10375528617500764,0
actual,1746209408.6092503,394663.4793680564,4438782.812525225,-0.10374291179061099,0
actual,1746209408.709444,394663.4793517795,4438782.812232305,-0.10371388696515044,0
actual,1746209408.808824,394663.4793640931,4438782.811943357,-0.10371242088857874,0
actual,1746209408.908885,394663.4799323981,4438782.811725703,-0.10372971710146599,0
actual,1746209409.0088477,394663.4800188206,4438782.811498685,-0.10371374733881013,0
actual,1746209409.1089492,394663.48011825944,4438782.81131253,-0.103721863119832,0
actual,1746209409.2086625,394663.4802692091,4438782.811083466,-0.10375116719797291,0
actual,1746209409.3085403,394663.480445596,4438782.81076984,-0.10374690859459813,0
actual,1746209409.4085448,394663.47978477145,4438782.813190806,-0.1037907163588232,0
actual,1746209409.5090692,394663.47988130734,4438782.813194317,-0.10373984001112754,0
actual,1746209409.6098754,394663.4800184031,4438782.813185803,-0.10374331321633892,0
actual,1746209409.708864,394663.48011460854,4438782.813192855,-0.10373132280437773,0
actual,1746209409.8104763,394663.4802075312,4438782.813190509,-0.10374743219337365,0
actual,1746209409.9087102,394663.4806018028,4438782.813639641,-0.1037831241765771,0
actual,1746209410.0085614,394663.4807538077,4438782.81346304,-0.10374184713976722,0
actual,1746209410.1085064,394663.4809188342,4438782.813318315,-0.10376460623321332,0
actual,1746209410.2110648,394663.481106912,4438782.813093748,-0.10375741547669515,0
actual,1746209410.3093636,394663.4813590188,4438782.812801765,-0.10373664605859652,0
actual,1746209410.4091392,394663.48088684917,4438782.813391158,-0.10375156862370084,0
actual,1746209410.509188,394663.48095735145,4438782.81322368,-0.10373158460376562,0
actual,1746209410.608875,394663.4810513118,4438782.813017819,-0.10370828445825155,0
actual,1746209410.7085385,394663.4811753883,4438782.812741389,-0.10368311681043783,0
actual,1746209410.8085837,394663.48128429824,4438782.812438358,-0.10366674562205404,0
actual,1746209410.909589,394663.4814152276,4438782.812127757,-0.10377139556400354,0
actual,1746209411.009169,394663.4818880724,4438782.8121932205,-0.10379123995759872,0
actual,1746209411.1098223,394663.4820038307,4438782.811911373,-0.10376914408926845,0
actual,1746209411.2093413,394663.4821672549,4438782.811637885,-0.10376301798359404,0
actual,1746209411.3085344,394663.48233398626,4438782.811306433,-0.10372853027757466,0
actual,1746209411.4097605,394663.48146831186,4438782.812612905,-0.10371041375993906,0
actual,1746209411.5085003,394663.48154445214,4438782.812451407,-0.10372013524387243,0
actual,1746209411.608581,394663.4816306301,4438782.812278541,-0.10374423824084263,0
actual,1746209411.7088904,394663.481691182,4438782.812027355,-0.1037274656267309,0
actual,1746209411.8091145,394663.48176767875,4438782.811729096,-0.10369456617033078,0
actual,1746209411.9107182,394663.4816410718,4438782.811205952,-0.10373039777987428,0
actual,1746209412.0084622,394663.48165753996,4438782.810917161,-0.1037134855394225,0
actual,1746209412.1096778,394663.4817066248,4438782.810561403,-0.10368725324076503,0
actual,1746209412.2085443,394663.48182467476,4438782.810179655,-0.10370229797891718,0
actual,1746209412.3084989,394663.48198147723,4438782.809711464,-0.10368791646588085,0
actual,1746209412.4085197,394663.4821993341,4438782.809702216,-0.10377167481668391,0
actual,1746209412.5090132,394663.48228024424,4438782.809421811,-0.10375076577224497,0
actual,1746209412.6092756,394663.48236646253,4438782.809140969,-0.1037323874552215,0
actual,1746209412.7085965,394663.4824995599,4438782.808716728,-0.10372772742611877,0
actual,1746209412.8085594,394663.4826424011,4438782.808248573,-0.10368512393907751,0
actual,1746209412.9090116,394663.47978343384,4438782.811088113,-0.10369310009375908,0
actual,1746209413.0086102,394663.479679806,4438782.810950852,-0.10365889164042005,0
actual,1746209413.1087327,394663.4795758568,4438782.810783747,-0.10364356764958753,0
actual,1746209413.2088542,394663.4794927584,4438782.81057891,-0.10362532895890411,0
actual,1746209413.3100438,394663.4794640443,4438782.810354122,-0.10360907994356815,0
actual,1746209413.4086156,394663.4793438305,4438782.81087229,-0.10374317358999886,0
actual,1746209413.5092134,394663.4793337085,4438782.810676358,-0.10372933312903053,0
actual,1746209413.6096835,394663.47935564676,4438782.810402145,-0.1036944439972832,0
actual,1746209413.7091553,394663.47937000555,4438782.81000149,-0.10365342875986121,0
actual,1746209413.8090196,394663.47941762296,4438782.809657465,-0.10364716302784674,0
actual,1746209413.9090164,394663.4793016943,4438782.811748702,-0.1037399796374676,0
actual,1746209414.0094929,394663.4793608091,4438782.811635119,-0.10369896440004586,0
actual,1746209414.1085963,394663.47943378956,4438782.811493928,-0.10369203544291533,0
actual,1746209414.2085185,394663.47954134824,4438782.8112905575,-0.10367992285790656,0
actual,1746209414.30857,394663.479681966,4438782.811033643,-0.10367273210138839,0
actual,1746209414.40902,394663.4788994459,4438782.813668486,-0.1037746069698273,0
actual,1746209414.5086207,394663.47899054165,4438782.813648637,-0.10377912737258996,0
actual,1746209414.6085436,394663.4790677498,4438782.813600552,-0.1037599462041106,0
actual,1746209414.7085404,394663.4791389769,4438782.813491267,-0.10373051995292186,0
actual,1746209414.8091266,394663.4792455535,4438782.813333942,-0.10372027487021272,0
actual,1746209414.9085302,394663.4793588104,4438782.814036521,-0.10374291179061099,0
actual,1746209415.0085347,394663.4794522977,4438782.813971201,-0.10375835795449133,0
actual,1746209415.108579,394663.4795586503,4438782.813870214,-0.10375663007853175,0
actual,1746209415.2084882,394663.47967793205,4438782.813694343,-0.1037310610049901,0
actual,1746209415.3085556,394663.4798289512,4438782.813480752,-0.10371866916730098,0
actual,1746209415.4092066,394663.4797814142,4438782.814196475,-0.10373278888094943,0
actual,1746209415.509206,394663.4798703202,4438782.814063115,-0.10372933312903053,0
actual,1746209415.610443,394663.4799646078,4438782.813863394,-0.10369669547201829,0
actual,1746209415.7087908,394663.4801056796,4438782.813641739,-0.10369510722239901,0
actual,1746209415.8084908,394663.4802724549,4438782.813400287,-0.10371242088857874,0
actual,1746209415.908929,394663.4800350225,4438782.814451803,-0.10380429502040367,0
actual,1746209416.008589,394663.4800871563,4438782.814332082,-0.10376874266354051,0
actual,1746209416.1085176,394663.48013831454,4438782.814161503,-0.10373624463286833,0
actual,1746209416.2085054,394663.48019960494,4438782.813938334,-0.10369390294521495,0
actual,1746209416.3102686,394663.480331549,4438782.813684151,-0.10369231469559569,0
actual,1746209416.409007,394663.4798937333,4438782.814696379,-0.10382132943390328,0
actual,1746209416.508578,394663.4799252809,4438782.814535989,-0.10380562147063531,0
actual,1746209416.60921,394663.4799805433,4438782.814360138,-0.10379005313370739,0
actual,1746209416.7102804,394663.4800938098,4438782.814105216,-0.10378752240629194,0
actual,1746209416.8086538,394663.48024748283,4438782.813806324,-0.10380909467584669,0
actual,1746209416.9084663,394663.4799757709,4438782.814779102,-0.10376060942922617,0
actual,1746209417.0085666,394663.4800310466,4438782.81459609,-0.10375369792538836,0
actual,1746209417.1090262,394663.4801025764,4438782.814373419,-0.10373465638324907,0
actual,1746209417.208576,394663.4802226303,4438782.814123592,-0.10372146169410407,0
actual,1746209417.3087316,394663.4803736551,4438782.813861052,-0.10375835795449133,0
actual,1746209417.4112275,394663.4788398064,4438782.81477589,-0.10381015932669044,0
actual,1746209417.5094557,394663.478781547,4438782.814620431,-0.10377993022404583,0
actual,1746209417.6095324,394663.4787741179,4438782.81440252,-0.10377872594686202,0
actual,1746209417.7088826,394663.47879940894,4438782.814158983,-0.10373371390545313,0
actual,1746209417.809251,394663.4789031673,4438782.813902795,-0.10373825176150826,0
actual,1746209417.9085994,394663.47999322275,4438782.814746962,-0.10376314015664162,0
actual,1746209418.0085223,394663.4801620628,4438782.814627819,-0.10376181370641023,0
actual,1746209418.108551,394663.48031791125,4438782.814449993,-0.10375476257623212,0
actual,1746209418.208987,394663.48049530695,4438782.814243336,-0.10375821832815102,0
actual,1746209418.310146,394663.48067788087,4438782.814014717,-0.10372479527297539,0
actual,1746209418.408837,394663.4795415356,4438782.814704281,-0.103753418672708,0
actual,1746209418.508509,394663.4795336853,4438782.81461784,-0.10374317358999886,0
actual,1746209418.6095312,394663.47949635435,4438782.814452655,-0.10370189655318925,0
actual,1746209418.70839,394663.47945617314,4438782.814236671,-0.10365967703858345,0
actual,1746209418.808523,394663.4794588862,4438782.813990628,-0.10368259321166207,0
actual,1746209418.9085734,394663.4801038908,4438782.814523556,-0.10380083926848475,0
actual,1746209419.009087,394663.48015093384,4438782.814346047,-0.10380642432209118,0
actual,1746209419.1093383,394663.48021978175,4438782.814126712,-0.10379897176618513,0
actual,1746209419.208377,394663.4803361353,4438782.813783869,-0.10379017530675497,0
actual,1746209419.308984,394663.48046477337,4438782.813427801,-0.1038145401031128,0
actual,1746209419.4085703,394663.48028575315,4438782.814640154,-0.10376581051039713,0
actual,1746209419.5084069,394663.48037596163,4438782.8145139525,-0.10374837467116983,0
actual,1746209419.608554,394663.4804791228,4438782.814331985,-0.10373664605859652,0
actual,1746209419.7086136,394663.48061652447,4438782.814129039,-0.10372292777067575,0
actual,1746209419.8084898,394663.48080777714,4438782.813879393,-0.10372226454555994,0
actual,1746209419.9084506,394663.4803789718,4438782.813309172,-0.10373865318723621,0
actual,1746209420.0084949,394663.4804196991,4438782.813071436,-0.10372905387635016,0
actual,1746209420.1101341,394663.4805133337,4438782.812807533,-0.10371680166500134,0
actual,1746209420.2084725,394663.48065325443,4438782.812436418,-0.10370854625763942,0
actual,1746209420.3085074,394663.4807993439,4438782.812082846,-0.10372240417190023,0
actual,1746209420.4085302,394663.4805028617,4438782.812086736,-0.10376848086415288,0
actual,1746209420.5087137,394663.48050052056,4438782.811876118,-0.10377420554409936,0
actual,1746209420.6085858,394663.4805177517,4438782.811562917,-0.10377645701883445,0
actual,1746209420.7098224,394663.4805233278,4438782.811248106,-0.10375050397285734,0
actual,1746209420.8085597,394663.48053771444,4438782.810802527,-0.10372505707236326,0
actual,1746209420.9085684,394663.4805431851,4438782.810324349,-0.10367114385176912,0
actual,1746209421.0085092,394663.47921364306,4438782.812207445,-0.10366660599571398,0
actual,1746209421.1091385,394663.479167408,4438782.811978895,-0.10363665614574973,0
actual,1746209421.2112265,394663.47916307964,4438782.811736658,-0.10361401922535121,0
actual,1746209421.3093693,394663.4791551226,4438782.8114428725,-0.1036165324994742,0
actual,1746209421.4091728,394663.47975630563,4438782.812974443,-0.10377139556400354,0
actual,1746209421.5085413,394663.4797941072,4438782.812902626,-0.1037563508258514,0
actual,1746209421.6093853,394663.47982996237,4438782.812806652,-0.10371854699425315,0
actual,1746209421.7085319,394663.4799195052,4438782.812651826,-0.10373224782888144,0
actual,1746209421.808481,394663.4800210624,4438782.812433887,-0.10372346882274375,0
actual,1746209421.9087017,394663.47984660754,4438782.813672367,-0.10376488548589367,0
actual,1746209422.0094175,394663.4799540989,4438782.813573314,-0.10376207550579787,0
actual,1746209422.1085372,394663.480086882,4438782.813372661,-0.10374224856549541,0
actual,1746209422.2095838,394663.48021108465,4438782.813151845,-0.10372505707236326,0
actual,1746209422.309528,394663.4803756425,4438782.812925208,-0.1037289317033026,0
actual,1746209422.408496,394663.4791376442,4438782.813000686,-0.1037801920234337,0
actual,1746209422.5090744,394663.4791213442,4438782.812880943,-0.10375116719797291,0
actual,1746209422.6092021,394663.47918188747,4438782.812752821,-0.10376581051039713,0
actual,1746209422.7084913,394663.47925749776,4438782.812585108,-0.10376354158236956,0
actual,1746209422.8089814,394663.47935641167,4438782.812368355,-0.10378352560230504,0
actual,1746209422.9084892,394663.478621894,4438782.813652647,-0.10379549856097375,0
actual,1746209423.0085204,394663.47858586756,4438782.813506016,-0.10376060942922617,0
actual,1746209423.1089554,394663.478627874,4438782.813345208,-0.10375821832815102,0
actual,1746209423.208522,394663.478682225,4438782.813137562,-0.10373652388554869,0
actual,1746209423.3085546,394663.47873707203,4438782.812880661,-0.10373678568493658,0
actual,1746209423.4084525,394663.47854064096,4438782.814873197,-0.10377087196522804,0
actual,1746209423.508939,394663.47850726475,4438782.814799355,-0.10374437786718269,0
actual,1746209423.609771,394663.47852455254,4438782.814701916,-0.10377006911377215,0
actual,1746209423.7084587,394663.4785152518,4438782.814508331,-0.103753418672708,0
actual,1746209423.8088496,394663.4785125694,4438782.814305013,-0.10376595013673744,0
actual,1746209423.9088583,394663.4786158962,4438782.813768664,-0.10376661336185325,0
actual,1746209424.012831,394663.47868056153,4438782.813549114,-0.10376341940932197,0
actual,1746209424.1085472,394663.47877854656,4438782.813255657,-0.10374916006933323,0
actual,1746209424.2087827,394663.47889206326,4438782.812860237,-0.10373465638324907,0
actual,1746209424.3104563,394663.47903198074,4438782.812402909,-0.10370575373083608,0
actual,1746209424.4086282,394663.4801878853,4438782.813195895,-0.10375594940012345,0
actual,1746209424.5090535,394663.4803085276,4438782.812998575,-0.10372240417190023,0
actual,1746209424.6106637,394663.48047615925,4438782.812764108,-0.10369856297431793,0
actual,1746209424.7087388,394663.48063509533,4438782.812383595,-0.10368418146128133,0
actual,1746209424.8084702,394663.4807711537,4438782.8119860375,-0.10365115983183364,0
actual,1746209424.9086,394663.48049434397,4438782.813183114,-0.10376701478758119,0
actual,1746209425.0099914,394663.4805999008,4438782.813001572,-0.10374662934191778,0
actual,1746209425.1085227,394663.4807348993,4438782.812732687,-0.10374130608769924,0
actual,1746209425.2084844,394663.48089900985,4438782.812488769,-0.10379684246449762,0
actual,1746209425.3086438,394663.4811089947,4438782.812238237,-0.10382120726085545,0
actual,1746209425.4103887,394663.4796712217,4438782.813409326,-0.10378818563140775,0
actual,1746209425.5085924,394663.47958796564,4438782.813233424,-0.10373851356089615,0
actual,1746209425.6084707,394663.4795493794,4438782.813088684,-0.10374662934191778,0
actual,1746209425.7084808,394663.4795489079,4438782.812871088,-0.10373664605859652,0
actual,1746209425.8094733,394663.47954028426,4438782.812605369,-0.1037189309666886,0
actual,1746209425.9085436,394663.4797719318,4438782.813900325,-0.10376034762983853,0
actual,1746209426.008434,394663.47980019235,4438782.813799648,-0.10368964434184018,0
actual,1746209426.1084585,394663.479891922,4438782.813663481,-0.10368990614122806,0
actual,1746209426.2094827,394663.47996628075,4438782.813492274,-0.10370908730970742,0
actual,1746209426.3084555,394663.48005315533,4438782.8132774895,-0.10372332919640369,0
actual,1746209426.409124,394663.47956326464,4438782.813888708,-0.10381295185349353,0
actual,1746209426.509387,394663.47957310744,4438782.813768913,-0.10379644103876969,0
actual,1746209426.6096742,394663.4795877345,4438782.8136007385,-0.10379296783355829,0
actual,1746209426.708496,394663.479568302,4438782.813389335,-0.10375568760073557,0
actual,1746209426.8097186,394663.4796278264,4438782.8131097155,-0.10377406591775905,0
actual,1746209426.9085183,394663.480028216,4438782.8142209295,-0.10382333656254296,0
actual,1746209427.0085192,394663.4800922051,4438782.814031249,-0.10380282894383197,0
actual,1746209427.1085503,394663.4801980414,4438782.813795257,-0.10378870923018352,0
actual,1746209427.2084556,394663.48031123204,4438782.813541047,-0.10378059344916164,0
actual,1746209427.3089044,394663.4804475033,4438782.813238695,-0.10376460623321332,0
actual,1746209427.4085338,394663.47891617345,4438782.814424174,-0.10375275544759244,0
actual,1746209427.50866,394663.47892665555,4438782.814323461,-0.10378085524854953,0
actual,1746209427.6086295,394663.4789111764,4438782.814122325,-0.1037450410922985,0
actual,1746209427.7112625,394663.47892323753,4438782.813924837,-0.10374477929291062,0
actual,1746209427.8085136,394663.4789589894,4438782.813617076,-0.10376673553490083,0
actual,1746209427.9088218,394663.4791147846,4438782.812887723,-0.1037576947293755,0
actual,1746209428.0094454,394663.479128907,4438782.812624428,-0.10371880879364104,0
actual,1746209428.108752,394663.4792260951,4438782.812393382,-0.1037401192638079,0
actual,1746209428.2089496,394663.4793229714,4438782.812045418,-0.10371587664049764,0
actual,1746209428.3094676,394663.47950233135,4438782.81170209,-0.10374251036488305,0
actual,1746209428.4087741,394663.47915588284,4438782.812385583,-0.1038161458060248,0
actual,1746209428.5092347,394663.4792231303,4438782.812196829,-0.10380535967124742,0
actual,1746209428.608553,394663.4792991007,4438782.811970313,-0.1037844506268085,0
actual,1746209428.7088957,394663.479391493,4438782.811738485,-0.10377193661607179,0
actual,1746209428.8092036,394663.47949380457,4438782.811467475,-0.1037563508258514,0
actual,1746209428.9083803,394663.47880153556,4438782.813100733,-0.10376327978298193,0
actual,1746209429.0084848,394663.4788178162,4438782.813019963,-0.1037335917324053,0
actual,1746209429.10881,394663.4788672491,4438782.812891815,-0.10372680240161508,0
actual,1746209429.2089572,394663.47895528097,4438782.812750194,-0.10374237073854299,0
actual,1746209429.3086586,394663.47903637786,4438782.812503688,-0.10374757181971395,0
actual,1746209429.408523,394663.4792404095,4438782.814649981,-0.10378752240629194,0
actual,1746209429.5084765,394663.4793028991,4438782.814648542,-0.10382094546146782,0
actual,1746209429.608955,394663.479323681,4438782.814587267,-0.10380909467584669,0
actual,1746209429.7088656,394663.47936902393,4438782.814452062,-0.10379897176618513,0
actual,1746209429.8089645,394663.4793918749,4438782.814312264,-0.10379443391012999,0
actual,1746209429.9090948,394663.4805450475,4438782.815851551,-0.10376034762983853,0
actual,1746209430.009496,394663.4806774667,4438782.815837325,-0.10376088868190653,0
actual,1746209430.109084,394663.48088954,4438782.815766719,-0.10372718637405054,0
actual,1746209430.2091937,394663.4811088662,4438782.815695752,-0.10370523013206057,0
actual,1746209430.3086023,394663.4812984178,4438782.815628181,-0.1037069580080199,0
actual,1746209430.4086783,394663.4813665639,4438782.815589852,-0.10370097152868554,0
