type,timestamp,x,y,yaw,target_waypoint_idx
actual,1745423205.245626,394651.83558719227,4438792.614456525,0.028127778585018217,0
actual,1745423205.2456775,394651.83558719227,4438792.614456525,0.028127778585018217,0
actual,1745423205.482684,394651.83617244364,4438792.613674404,0.02820912838145365,0
actual,1745423205.4827309,394651.83617244364,4438792.613674404,0.02820912838145365,0
actual,1745423205.48276,394651.83617244364,4438792.613674404,0.02820912838145365,0
actual,1745423205.7134144,394651.83617244364,4438792.613674404,0.02821591771224388,0
actual,1745423205.7134593,394651.83617244364,4438792.613674404,0.02821591771224388,0
actual,1745423207.109024,394651.83676665503,4438792.614230287,0.02815121835687235,0
actual,1745423207.109085,394651.83676665503,4438792.614230287,0.02815121835687235,0
actual,1745423207.9659019,394651.83677912015,4438792.614209543,0.02815121835687235,0
actual,1745423207.9659536,394651.83677912015,4438792.614209543,0.02815121835687235,0
actual,1745423208.26477,394651.83677912015,4438792.614209543,0.02815121835687235,0
actual,1745423208.2648506,394651.83677912015,4438792.614209543,0.02815121835687235,0
actual,1745423210.85727,394651.8367879089,4438792.61418472,0.028156541611091133,0
actual,1745423210.857318,394651.8367879089,4438792.61418472,0.028156541611091133,0
actual,1745423211.001926,394651.83685576904,4438792.613469119,0.028065191078041726,0
actual,1745423212.263212,394651.8368943241,4438792.613384557,0.028103937387435895,0
actual,1745423212.2632632,394651.8368943241,4438792.613384557,0.028103937387435895,0
actual,1745423212.5377846,394651.8368943241,4438792.613384557,0.028065854303157296,0
actual,1745423212.537836,394651.8368943241,4438792.613384557,0.028065854303157296,0
actual,1745423217.6157832,394651.83578520425,4438792.612164144,0.027989548508260288,0
actual,1745423217.6158295,394651.83578520425,4438792.612164144,0.027989548508260288,0
actual,1745423218.7103002,394651.8354441846,4438792.612550972,0.027982235578694295,0
actual,1745423218.7103987,394651.8354441846,4438792.612550972,0.027982235578694295,0
actual,1745423219.1832166,394651.83636159863,4438792.611515378,0.028119121751928353,0
actual,1745423219.1832957,394651.83636159863,4438792.611515378,0.028119121751928353,0
actual,1745423221.0161877,394651.83636159863,4438792.611515378,0.02805920459870737,0
actual,1745423221.016241,394651.83636159863,4438792.611515378,0.02805920459870737,0
actual,1745423221.282269,394651.83636159863,4438792.611515378,0.02805920459870737,0
actual,1745423221.2823641,394651.83636159863,4438792.611515378,0.02805920459870737,0
actual,1745423227.4667647,394651.8377791159,4438792.615688639,0.028130832911209182,0
actual,1745423227.4668071,394651.8377791159,4438792.615688639,0.028130832911209182,0
actual,1745423229.192708,394651.8383766805,4438792.615001481,0.02808690297393653,0
actual,1745423229.1927564,394651.8383766805,4438792.615001481,0.02808690297393653,0
actual,1745423233.0317438,394651.83839630504,4438792.614963175,0.02811725424962872,0
actual,1745423233.0317852,394651.83839630504,4438792.614963175,0.02811725424962872,0
actual,1745423234.9828951,394651.83839630504,4438792.614963175,0.02811725424962872,0
actual,1745423234.9830444,394651.83839630504,4438792.614963175,0.02811725424962872,0
actual,1745423237.5697632,394651.83839630504,4438792.614963175,0.028059466398095003,0
actual,1745423237.5698104,394651.83839630504,4438792.614963175,0.028059466398095003,0
actual,1745423238.0206878,394651.83682990994,4438792.615506067,0.028059466398095003,0
actual,1745423238.0207489,394651.83682990994,4438792.615506067,0.028059466398095003,0
actual,1745423239.669535,394651.83682990994,4438792.615506067,0.028059466398095003,0
actual,1745423239.6695826,394651.83682990994,4438792.615506067,0.028059466398095003,0
actual,1745423243.6132727,394651.83597790595,4438792.616051959,0.02803415912394124,0
actual,1745423243.6133661,394651.83597790595,4438792.616051959,0.02803415912394124,0
actual,1745423245.719594,394651.83626672707,4438792.615175082,0.028048139211249636,0
actual,1745423245.7196548,394651.83626672707,4438792.615175082,0.028048139211249636,0
actual,1745423246.5417235,394651.83626672707,4438792.615175082,0.028105141664619707,0
actual,1745423246.541768,394651.83626672707,4438792.615175082,0.028105141664619707,0
actual,1745423248.0200422,394651.83816444164,4438792.613200434,0.028107672392035158,0
actual,1745423248.0201094,394651.83816444164,4438792.613200434,0.028107672392035158,0
actual,1745423248.1541264,394651.83790075907,4438792.612678696,0.02806691895400105,0
actual,1745423249.4301312,394651.8366378192,4438792.615334949,0.02818996466626677,0
actual,1745423249.4301765,394651.8366378192,4438792.615334949,0.02818996466626677,0
actual,1745423249.8074205,394651.8353162016,4438792.615015354,0.02818996466626677,0
actual,1745423249.8074713,394651.8353162016,4438792.615015354,0.02818996466626677,0
actual,1745423249.8074992,394651.8353162016,4438792.615015354,0.02818996466626677,0
actual,1745423252.7762108,394651.8357845082,4438792.6163928,0.02818996466626677,0
actual,1745423252.7763066,394651.8357845082,4438792.6163928,0.02818996466626677,0
actual,1745423260.6112602,394651.8357845082,4438792.6163928,0.02811207062175024,0
actual,1745423260.6113122,394651.8357845082,4438792.6163928,0.02811207062175024,0
actual,1745423261.1019921,394651.8357845082,4438792.6163928,0.02811207062175024,0
actual,1745423261.1020422,394651.8357845082,4438792.6163928,0.02811207062175024,0
actual,1745423261.3595066,394651.83938327344,4438792.614479146,0.028086100122480657,0
actual,1745423261.3595672,394651.83938327344,4438792.614479146,0.028086100122480657,0
actual,1745423261.4928918,394651.83830854687,4438792.615398912,0.028111529569682,0
actual,1745423262.0211098,394651.83930246305,4438792.615960411,0.028143346921945887,0
actual,1745423262.0211587,394651.83930246305,4438792.615960411,0.028143346921945887,0
actual,1745423262.5127623,394651.8369341692,4438792.615522465,0.028091423376699193,0
actual,1745423262.5128117,394651.8369341692,4438792.615522465,0.028091423376699193,0
actual,1745423262.9347863,394651.8369341692,4438792.615522465,0.028101284486972865,0
actual,1745423262.9348304,394651.8369341692,4438792.615522465,0.028101284486972865,0
actual,1745423263.3003407,394651.8373217933,4438792.616263101,0.028101284486972865,0
actual,1745423263.3003912,394651.8373217933,4438792.616263101,0.028101284486972865,0
actual,1745423263.3004313,394651.8373217933,4438792.616263101,0.028101284486972865,0
actual,1745423263.3714886,394651.83733595436,4438792.615417198,0.028197556848512873,0
actual,1745423266.555451,394651.83733595436,4438792.615417198,0.028211938361549456,0
actual,1745423266.555498,394651.83733595436,4438792.615417198,0.028211938361549456,0
actual,1745423267.107855,394651.83734464704,4438792.615411935,0.02806611610254518,0
actual,1745423267.1079288,394651.83734464704,4438792.615411935,0.02806611610254518,0
actual,1745423268.780623,394651.84041063674,4438792.613091618,0.02805386389119611,0
actual,1745423268.7807202,394651.84041063674,4438792.613091618,0.02805386389119611,0
actual,1745423269.00485,394651.84041063674,4438792.613091618,0.02805386389119611,0
actual,1745423269.004901,394651.84041063674,4438792.613091618,0.02805386389119611,0
actual,1745423270.8989153,394651.8385116356,4438792.615649887,0.028083028342996964,0
actual,1745423270.8989604,394651.8385116356,4438792.615649887,0.028083028342996964,0
actual,1745423271.8645961,394651.8385091862,4438792.615636455,0.028111791369069883,0
actual,1745423271.8646426,394651.8385091862,4438792.615636455,0.028111791369069883,0
actual,1745423272.087564,394651.8370836006,4438792.614444784,0.028058803172979433,0
actual,1745423272.0876553,394651.8370836006,4438792.614444784,0.028058803172979433,0
actual,1745423272.212103,394651.84000760876,4438792.613697301,0.028137098643223897,0
actual,1745423272.5597644,394651.84000760876,4438792.613697301,0.028137098643223897,0
actual,1745423272.5598145,394651.84000760876,4438792.613697301,0.028137098643223897,0
actual,1745423272.5598423,394651.84000760876,4438792.613697301,0.028137098643223897,0
actual,1745423272.6242418,394651.83776743244,4438792.616374409,0.02813537076726432,0
actual,1745423272.6664484,394651.8370369519,4438792.6145378295,0.02820474760503104,0
actual,1745423273.077664,394651.8370369519,4438792.6145378295,0.02820474760503104,0
actual,1745423273.0778286,394651.8370369519,4438792.6145378295,0.02820474760503104,0
actual,1745423273.2090535,394651.8370369519,4438792.6145378295,0.028089817673787196,0
actual,1745423273.2926989,394651.8370442846,4438792.614512284,0.028111128143954063,0
actual,1745423275.2469847,394651.83679849893,4438792.614364198,0.02811512494794121,0
actual,1745423275.2470384,394651.83679849893,4438792.614364198,0.02811512494794121,0
actual,1745423275.597047,394651.83679849893,4438792.614364198,0.028115526373669146,0
actual,1745423275.5970943,394651.83679849893,4438792.614364198,0.028115526373669146,0
actual,1745423275.5971222,394651.83679849893,4438792.614364198,0.028115526373669146,0
actual,1745423277.7388937,394651.83679849893,4438792.614364198,0.028115526373669146,0
actual,1745423277.7389445,394651.83679849893,4438792.614364198,0.028115526373669146,0
actual,1745423278.252335,394651.8371555786,4438792.613203499,0.028117917474744295,0
actual,1745423278.2523837,394651.8371555786,4438792.613203499,0.028117917474744295,0
actual,1745423278.9646323,394651.8383961775,4438792.612290803,0.028118580699860115,0
actual,1745423278.964682,394651.8383961775,4438792.612290803,0.028118580699860115,0
actual,1745423281.3708153,394651.83580963593,4438792.611391575,0.028115264574281262,0
actual,1745423281.3708653,394651.83580963593,4438792.611391575,0.028115264574281262,0
actual,1745423288.9249315,394651.8349729409,4438792.61102584,0.02807465076258746,0
actual,1745423288.9249866,394651.8349729409,4438792.61102584,0.02807465076258746,0
actual,1745423289.0313687,394651.835139861,4438792.612628086,0.02809501875495815,0
actual,1745423289.516977,394651.83540402964,4438792.613165916,0.028149752280300904,0
actual,1745423289.5170245,394651.83540402964,4438792.613165916,0.028149752280300904,0
actual,1745423292.173729,394651.83540402964,4438792.613165916,0.028178515306373574,0
actual,1745423292.1737936,394651.83540402964,4438792.613165916,0.028178515306373574,0
actual,1745423292.3279927,394651.83540402964,4438792.613165916,0.028132298987780878,0
actual,1745423293.3409102,394651.8353917344,4438792.613119485,0.028133625438012268,0
actual,1745423293.3409657,394651.8353917344,4438792.613119485,0.028133625438012268,0
actual,1745423293.4420624,394651.836528824,4438792.610796285,0.028057197470067435,0
actual,1745423293.541097,394651.8366799941,4438792.612487029,0.0280139307579106,0
actual,1745423293.6410904,394651.8367918277,4438792.612487623,0.028016845457761515,0
actual,1745423293.7410924,394651.83694397414,4438792.612405722,0.028038819153043956,0
actual,1745423293.8410926,394651.8360006594,4438792.61208066,0.02808702514698411,0
actual,1745423293.9411077,394651.8360820233,4438792.611912668,0.02811406029709745,0
actual,1745423294.041125,394651.83617768745,4438792.611767867,0.028127237532949975,0
actual,1745423294.141095,394651.8362649634,4438792.611651649,0.028115526373669146,0
actual,1745423294.2410932,394651.8363823738,4438792.6113907015,0.028176909603461826,0
actual,1745423294.3411262,394651.8368949944,4438792.612208721,0.028068786456300683,0
actual,1745423294.4411035,394651.8369764993,4438792.612122392,0.028090760151583374,0
actual,1745423294.5452614,394651.83702533063,4438792.6119783735,0.028105804889735526,0
actual,1745423294.6417246,394651.837122716,4438792.611791308,0.028108737042878917,0
actual,1745423294.839196,394651.837306269,4438792.611590102,0.02808636192186829,0
actual,1745423294.8424113,394651.83858434006,4438792.613414591,0.02808636192186829,0
actual,1745423294.9411416,394651.83876374573,4438792.613404175,0.02811578817305703,0
actual,1745423295.0411267,394651.83891769615,4438792.613365611,0.028116049972444664,0
actual,1745423295.1411085,394651.83906832634,4438792.613255382,0.028132176814733297,0
actual,1745423295.2411416,394651.8392475641,4438792.613130839,0.02813111216388954,0
actual,1745423295.3410997,394651.83766828285,4438792.612668769,0.028103797761095842,0
actual,1745423295.441061,394651.83767533884,4438792.612560387,0.02809021909951538,0
actual,1745423295.541135,394651.8377437071,4438792.612410554,0.028093954104114645,0
actual,1745423295.6411426,394651.83783647645,4438792.612172014,0.02813736044261153,0
actual,1745423295.7410944,394651.8379458022,4438792.61188982,0.02815320803221981,0
actual,1745423295.8411212,394651.83665529743,4438792.614337813,0.02807730366305049,0
actual,1745423295.9410918,394651.83662350697,4438792.614383579,0.02804148950679946,0
actual,1745423296.0411558,394651.8366052761,4438792.614359018,0.02805466674265223,0
actual,1745423296.141122,394651.8366309698,4438792.61424607,0.028057337096407738,0
actual,1745423296.2411213,394651.8365896088,4438792.614192382,0.028025380117803547,0
actual,1745423296.3410916,394651.8381041033,4438792.613402854,0.028185426810211633,0
actual,1745423296.4411473,394651.8386760512,4438792.613306466,0.028074511136247406,0
actual,1745423296.5411227,394651.8390395062,4438792.613123158,0.028090620525243318,0
actual,1745423296.6411104,394651.8392522017,4438792.612868213,0.028129768260365427,0
actual,1745423296.741094,394651.8394331683,4438792.612510666,0.028130309312433665,0
actual,1745423296.8411207,394651.8388995241,4438792.612945219,0.028150014079688538,0
actual,1745423296.9410965,394651.8389792252,4438792.612644972,0.028198342246676274,0
actual,1745423297.04109,394651.8393211602,4438792.612323092,0.028204346179303105,0
actual,1745423297.1411235,394651.83981335245,4438792.611973916,0.02819514829414525,0
actual,1745423297.2411342,394651.840404132,4438792.611492646,0.028261331179380702,0
actual,1745423297.3411,394651.8385756308,4438792.613244628,0.027997018517458814,0
actual,1745423297.4410958,394651.83857927285,4438792.61306751,0.028055469594108106,0
actual,1745423297.5410974,394651.83850311604,4438792.612898396,0.028056010646176098,0
actual,1745423297.6410904,394651.8383616916,4438792.61264834,0.028089555874399562,0
actual,1745423297.7410915,394651.83823075873,4438792.612373689,0.02808728694637199,0
actual,1745423297.8410952,394651.8371969647,4438792.613353315,0.028096746630917727,0
actual,1745423297.9411275,394651.83721202833,4438792.613251563,0.028099277358333178,0
actual,1745423298.041142,394651.8372928804,4438792.6130984975,0.028106607741191402,0
actual,1745423298.1411006,394651.8374522802,4438792.612918586,0.02807931079169018,0
actual,1745423298.24112,394651.8376110396,4438792.612624027,0.02812510823126271,0
actual,1745423298.3411226,394651.8372262741,4438792.613790975,0.028097148056645666,0
actual,1745423298.4411254,394651.837149571,4438792.613745486,0.028092226228155066,0
actual,1745423298.5411198,394651.8370210333,4438792.613626675,0.028084895845296595,0
actual,1745423298.6411295,394651.83703010343,4438792.613552387,0.02806931005507645,0
actual,1745423298.7411242,394651.8371570842,4438792.613315382,0.028121774652391383,0
actual,1745423298.8411272,394651.8385940263,4438792.613914393,0.02802311118977598,0
actual,1745423298.9411361,394651.8390152639,4438792.613764443,0.028072381834559894,0
actual,1745423299.041117,394651.83936279715,4438792.6137063755,0.028090760151583374,0
actual,1745423299.141104,394651.8394347357,4438792.613519021,0.028118859952540473,0
actual,1745423299.241099,394651.8394225823,4438792.613315013,0.02812018640277211,0
actual,1745423299.3410947,394651.8387597535,4438792.614325454,0.02802431546696004,0
actual,1745423299.4411294,394651.8394250331,4438792.614162798,0.028107131339967166,0
actual,1745423299.5411289,394651.8402186022,4438792.614042603,0.028065854303157296,0
actual,1745423299.6411026,394651.8409006788,4438792.613864158,0.028103274162320075,0
actual,1745423299.7410963,394651.84138508973,4438792.61365814,0.028067721805456927,0
actual,1745423299.8410366,394651.83833937335,4438792.612023519,0.028119523177656293,0
actual,1745423299.941119,394651.8379198069,4438792.611405556,0.028105665263395474,0
actual,1745423300.0411198,394651.8374806162,4438792.6106844405,0.028138163294067653,0
actual,1745423300.1411462,394651.8371815435,4438792.609906282,0.028168392396712018,0
actual,1745423300.2411208,394651.8370816066,4438792.60909051,0.028141217620258622,0
actual,1745423300.3410914,394651.8378179135,4438792.613244182,0.02807531398770328,0
actual,1745423300.4411051,394651.83799646905,4438792.61318827,0.028127377159290277,0
actual,1745423300.541124,394651.83801831515,4438792.613111163,0.028130431485481246,0
actual,1745423300.6410384,394651.8379149481,4438792.612993304,0.028111128143954063,0
actual,1745423300.7410986,394651.83778328984,4438792.612839225,0.028106468114851346,0
actual,1745423300.841107,394651.83820877026,4438792.611991763,0.028058523920299075,0
actual,1745423300.9411423,394651.8384279983,4438792.611792503,0.028061333900394635,0
actual,1745423301.0411193,394651.838825961,4438792.611569199,0.02807730366305049,0
actual,1745423301.1411006,394651.8393712864,4438792.611344093,0.028080899041309698,0
actual,1745423301.241133,394651.8398840769,4438792.611069251,0.028094756955570517,0
actual,1745423301.3410988,394651.8378130351,4438792.611190595,0.028086222295528235,0
actual,1745423301.441098,394651.8374844014,4438792.610882012,0.028117795301696714,0
actual,1745423301.5411339,394651.8371713548,4438792.610563396,0.02813629579176802,0
actual,1745423301.6411018,394651.83695833205,4438792.610208821,0.028159857736669736,0
actual,1745423301.7411,394651.8368372728,4438792.609764287,0.028181168206836603,0
actual,1745423301.841131,394651.83660284925,4438792.612239687,0.028043077756418983,0
actual,1745423301.9411283,394651.8367438829,4438792.612182182,0.028070112906532323,0
actual,1745423302.041108,394651.8369617889,4438792.612144394,0.028045224511398723,0
actual,1745423302.1411335,394651.83717892924,4438792.612077114,0.02803309447309748,0
actual,1745423302.2410977,394651.8373219864,4438792.611882617,0.028067058580341357,0
actual,1745423302.3410993,394651.8374533381,4438792.611614257,0.028124043580418954,0
actual,1745423302.441133,394651.8382479015,4438792.612061733,0.02812205390507174,0
actual,1745423302.5411038,394651.8383215034,4438792.611980668,0.0281546741087915,0
actual,1745423302.6410987,394651.83852737723,4438792.611855116,0.028158670912778398,0
actual,1745423302.7410946,394651.8388676271,4438792.611662418,0.02819542754682536,0
actual,1745423302.841142,394651.8389325382,4438792.612711835,0.02808728694637199,0
actual,1745423302.941127,394651.8390634915,4438792.612705559,0.02806173532612282,0
actual,1745423303.0410957,394651.83914032497,4438792.612601005,0.028088491223555802,0
actual,1745423303.1410947,394651.83914210345,4438792.612403201,0.028130030059753307,0
actual,1745423303.2410924,394651.83908784937,4438792.612155659,0.028152946232831925,0
actual,1745423303.3410392,394651.83828458143,4438792.612664506,0.028061054647714523,0
actual,1745423303.441098,394651.838220291,4438792.6126027685,0.028039482378159772,0
actual,1745423303.541138,394651.8382299171,4438792.612472539,0.028041227707411825,0
actual,1745423303.641118,394651.8382848509,4438792.612275168,0.028110464918838493,0
actual,1745423303.741129,394651.8383981565,4438792.612087759,0.02809501875495815,0
actual,1745423303.8411038,394651.8371867962,4438792.612087527,0.028096886257257783,0
actual,1745423303.9411278,394651.83715982904,4438792.611937363,0.028105665263395474,0
actual,1745423304.0411148,394651.83712255274,4438792.611746851,0.028098474506877306,0
actual,1745423304.1410937,394651.83701611415,4438792.611459987,0.0281356325666522,0
actual,1745423304.241135,394651.8368705852,4438792.611132257,0.028137500068951833,0
actual,1745423304.3411,394651.8375750892,4438792.612637549,0.02803988380388771,0
actual,1745423304.4411013,394651.8375967096,4438792.612548959,0.028060670675279065,0
actual,1745423304.5411608,394651.83768201445,4438792.612440384,0.02809355267838646,0
actual,1745423304.6411319,394651.83776897256,4438792.612320657,0.02809981841040117,0
actual,1745423304.741138,394651.8379050858,4438792.612134013,0.02810606668912341,0
actual,1745423304.8411102,394651.8370306153,4438792.612276141,0.028076239012206735,0
actual,1745423304.9411042,394651.83717610093,4438792.612130341,0.028067460006069293,0
actual,1745423305.041102,394651.83738196606,4438792.611944435,0.028070776131648142,0
actual,1745423305.1411445,394651.83763377904,4438792.611717948,0.028071177557376082,0
actual,1745423305.2411242,394651.8379290725,4438792.611488452,0.028059989996870767,0
actual,1745423305.3411138,394651.83722400403,4438792.612863294,0.028058803172979433,0
actual,1745423305.4411225,394651.83717284794,4438792.612779716,0.028080899041309698,0
actual,1745423305.5410993,394651.83703815273,4438792.612667663,0.028111389943341947,0
actual,1745423305.6410935,394651.8368870529,4438792.61250002,0.028133241465576806,0
actual,1745423305.741121,394651.8367612958,4438792.612298241,0.028151340529920178,0
actual,1745423305.8410943,394651.8375708252,4438792.610653014,0.028076500811594615,0
actual,1745423305.9411244,394651.837440112,4438792.610410957,0.028061333900394635,0
actual,1745423306.0411038,394651.8374614597,4438792.610087947,0.02807212003517201,0
actual,1745423306.141098,394651.83781493915,4438792.609684751,0.02808796762478029,0
actual,1745423306.2410924,394651.838422636,4438792.609205875,0.02813669721749596,0
actual,1745423306.3410916,394651.83790583815,4438792.6101776855,0.02805253744096472,0
actual,1745423306.441091,394651.8381317489,4438792.610056082,0.028033897324553355,0
actual,1745423306.5410922,394651.8382674465,4438792.609837566,0.028064527852925906,0
actual,1745423306.6410916,394651.83832999703,4438792.609659458,0.028067460006069293,0
actual,1745423306.7410984,394651.83838297566,4438792.60944941,0.02805573139349574,0
actual,1745423306.8411088,394651.8371598133,4438792.611526015,0.028084092993840723,0
actual,1745423306.9411237,394651.8370128231,4438792.611522997,0.02814481299851758,0
actual,1745423307.0410938,394651.8368918112,4438792.611566734,0.0281264346814941,0
actual,1745423307.141115,394651.83676757035,4438792.611574965,0.0281073931393548,0
actual,1745423307.2410994,394651.8366621137,4438792.611546873,0.028106869540579286,0
actual,1745423307.341095,394651.8362553412,4438792.611576272,0.02805759889579537,0
actual,1745423307.4410946,394651.8361690723,4438792.611464845,0.028067058580341357,0
actual,1745423307.5411105,394651.83588786604,4438792.611337499,0.028029900520566208,0
actual,1745423307.6411376,394651.83560280147,4438792.61113911,0.028069851107144442,0
actual,1745423307.7410998,394651.8356195969,4438792.610922543,0.02802244796466041,0
actual,1745423307.8410997,394651.83505536575,4438792.610837862,0.028070776131648142,0
actual,1745423307.9411082,394651.8353347762,4438792.610717667,0.028084092993840723,0
actual,1745423308.041124,394651.83563321544,4438792.610507696,0.028105263837667534,0
actual,1745423308.1410546,394651.8358462432,4438792.610349428,0.02808210331849351,0
actual,1745423308.2410958,394651.8358300853,4438792.610103997,0.02807039215921268,0
actual,1745423308.3411212,394651.8357050335,4438792.612184878,0.028071578983104018,0
actual,1745423308.44117,394651.83543035545,4438792.6121652955,0.028088892649283742,0
actual,1745423308.541106,394651.83516929223,4438792.612093955,0.028100080209789054,0
actual,1745423308.641102,394651.83495845005,4438792.611926235,0.028120046776431807,0
actual,1745423308.7411335,394651.8347527867,4438792.611807015,0.02814907160189261,0
actual,1745423308.8411345,394651.8356187125,4438792.610626768,0.028092749826930583,0
actual,1745423308.9411633,394651.8356618337,4438792.610313868,0.028127237532949975,0
actual,1745423309.0411644,394651.83605852746,4438792.6100540375,0.028125370030650344,0
actual,1745423309.14111,394651.83679602377,4438792.609727166,0.02820288010273141,0
actual,1745423309.2411027,394651.83768435573,4438792.609322193,0.028220054142571078,0
actual,1745423309.3411267,394651.8354563364,4438792.610972063,0.02808728694637199,0
actual,1745423309.4410467,394651.8353551538,4438792.611033529,0.028075052188315398,0
actual,1745423309.541121,394651.83509052073,4438792.610926677,0.02810301236293244,0
actual,1745423309.6411257,394651.83470614126,4438792.610811756,0.02810114486063281,0
actual,1745423309.7410908,394651.8342104305,4438792.610682118,0.02814149687293873,0
actual,1745423309.841092,394651.8350049533,4438792.610879868,0.02808463404590896,0
actual,1745423309.9411209,394651.83511772845,4438792.610715327,0.028104600612551715,0
actual,1745423310.0410645,394651.83535563713,4438792.610582057,0.02811578817305703,0
actual,1745423310.141096,394651.83564536716,4438792.610418872,0.028100080209789054,0
actual,1745423310.2410917,394651.8358945041,4438792.61017318,0.028122176078119322,0
actual,1745423310.3410892,394651.83590567764,4438792.611285034,0.028071055384328254,0
actual,1745423310.4410942,394651.8360582921,4438792.611195287,0.028105141664619707,0
actual,1745423310.541096,394651.83640591806,4438792.611015998,0.028089695500739614,0
actual,1745423310.6411204,394651.8367010539,4438792.610881421,0.02807824614084667,0
actual,1745423310.7411115,394651.8370029211,4438792.6106496025,0.02813868689284317,0
actual,1745423310.8411283,394651.83686538506,4438792.612140391,0.028036689851356687,0
actual,1745423310.9411252,394651.83688079886,4438792.612037767,0.02808702514698411,0
actual,1745423311.0411358,394651.83687965025,4438792.611948227,0.028094756955570517,0
actual,1745423311.1411886,394651.8369103888,4438792.611708302,0.02813482971519633,0
actual,1745423311.2411091,394651.83700743696,4438792.611508292,0.02816186486530967,0
actual,1745423311.3411717,394651.8366865857,4438792.611260491,0.02807410971051947,0
actual,1745423311.441134,394651.8367447483,4438792.6109993,0.028106607741191402,0
actual,1745423311.541136,394651.8367931439,4438792.610761769,0.028109138468606854,0
actual,1745423311.6411195,394651.836833783,4438792.610449557,0.02813482971519633,0
actual,1745423311.7411358,394651.83689390204,4438792.610039519,0.028143626174626245,0
actual,1745423311.8411043,394651.8377205158,4438792.611970164,0.0281073931393548,0
actual,1745423311.9411023,394651.8378523653,4438792.611966713,0.02807796688816631,0
actual,1745423312.0411012,394651.8379775537,4438792.611820092,0.028141357246598678,0
actual,1745423312.1410947,394651.83818853355,4438792.611663006,0.028160136989350094,0
actual,1745423312.2411296,394651.838453485,4438792.611443859,0.028177311029189762,0
actual,1745423312.34112,394651.8387483633,4438792.611161372,0.028177311029189762,0
actual,1745423312.4411254,394651.8346482952,4438792.613271339,0.028102733110252083,0
actual,1745423312.5410936,394651.834485664,4438792.613232403,0.028118859952540473,0
actual,1745423312.6411927,394651.8342814071,4438792.613120256,0.028147221552885453,0
actual,1745423312.741128,394651.8341130326,4438792.61294269,0.028154133056723263,0
actual,1745423312.8411314,394651.8362380842,4438792.614122048,0.02809608340580191,0
actual,1745423312.941091,394651.8363501552,4438792.613966712,0.02813177538900536,0
actual,1745423313.041097,394651.8364376362,4438792.613810915,0.028134306116420565,0
actual,1745423313.141192,394651.8365535181,4438792.61363061,0.0281537490842878,0
actual,1745423313.2411053,394651.8367269341,4438792.613416127,0.028146558327769633,0
actual,1745423313.3410983,394651.8368768251,4438792.613130663,0.028157466635594586,0
actual,1745423313.4410052,394651.8370732338,4438792.612183301,0.028105543090347646,0
actual,1745423313.541092,394651.83717041824,4438792.611814306,0.028122717130187314,0
actual,1745423313.641114,394651.83733719564,4438792.611388467,0.028146017275701395,0
actual,1745423313.7410994,394651.83753206796,4438792.610958655,0.02814348654828619,0
actual,1745423313.8410995,394651.83702726685,4438792.613386871,0.028076500811594615,0
actual,1745423313.9411116,394651.8370342369,4438792.6132800225,0.02808475621895654,0
actual,1745423314.0412147,394651.8370524027,4438792.613106352,0.028099539157720812,0
actual,1745423314.141096,394651.8370981944,4438792.612845203,0.028125509656990646,0
actual,1745423314.2411032,394651.8371428652,4438792.612548185,0.028162004491649725,0
actual,1745423314.3411038,394651.83605925355,4438792.613011059,0.02811273384686606,0
actual,1745423314.4411488,394651.836081041,4438792.612901783,0.028091423376699193,0
actual,1745423314.541165,394651.8361272433,4438792.612705627,0.028120849627887683,0
actual,1745423314.6410723,394651.8362014799,4438792.612511828,0.02813615616542772,0
actual,1745423314.7411118,394651.83636224753,4438792.612278592,0.028120046776431807,0
actual,1745423314.8411193,394651.83637778624,4438792.612228371,0.028102733110252083,0
actual,1745423314.9410973,394651.8364341849,4438792.612068664,0.02811964535070387,0
actual,1745423315.041097,394651.83660490514,4438792.611882357,0.02811446172282539,0
actual,1745423315.1410966,394651.8368093539,4438792.611665399,0.0281264346814941,0
actual,1745423315.241097,394651.8370134519,4438792.611343086,0.02812510823126271,0
actual,1745423315.3410988,394651.8365914473,4438792.612467503,0.028045887736514542,0
actual,1745423315.4410932,394651.8366149873,4438792.612369588,0.028073708284791284,0
actual,1745423315.5412421,394651.83670744253,4438792.612213369,0.028081160840697332,0
actual,1745423315.641154,394651.83680602914,4438792.612058355,0.02806732037972899,0
actual,1745423315.7411273,394651.83690597024,4438792.611854278,0.028041227707411825,0
actual,1745423315.8411,394651.8357627321,4438792.611739601,0.028099539157720812,0
actual,1745423315.9410925,394651.8357725491,4438792.611656689,0.028068123231185113,0
actual,1745423316.0411108,394651.8357276807,4438792.611481326,0.028096484831529846,0
actual,1745423316.1410913,394651.8356371147,4438792.611281561,0.028088229424167922,0
actual,1745423316.2410905,394651.8355563311,4438792.6110721305,0.028083028342996964,0
actual,1745423316.3410978,394651.83753142564,4438792.611861128,0.028073847911131586,0
actual,1745423316.4411027,394651.83788908395,4438792.611764029,0.028080637241921818,0
actual,1745423316.5411184,394651.83824732155,4438792.611665444,0.028073708284791284,0
actual,1745423316.6411865,394651.83857451874,4438792.611508817,0.02810234913781662,0
actual,1745423316.7411504,394651.8388812997,4438792.611315088,0.028098614133217358,0
actual,1745423316.8411157,394651.8372484614,4438792.610896519,0.02807278326028783,0
actual,1745423316.9411147,394651.8372058673,4438792.610664437,0.028096886257257783,0
actual,1745423317.0411222,394651.8371507956,4438792.61034291,0.028141880845374192,0
actual,1745423317.1411576,394651.83710516617,4438792.610017976,0.028163330941881365,0
actual,1745423317.2411344,394651.83714339486,4438792.60964197,0.028140432222095224,0
actual,1745423317.341168,394651.8368216512,4438792.6115671415,0.028067058580341357,0
actual,1745423317.4411383,394651.8368620196,4438792.611518004,0.028038819153043956,0
actual,1745423317.5411367,394651.83683887636,4438792.6114077475,0.02804042485595595,0
actual,1745423317.6411257,394651.83679787954,4438792.611219115,0.02806892608264099,0
actual,1745423317.741102,394651.8367740137,4438792.610970886,0.028072905433335408,0
actual,1745423317.8411233,394651.83754424856,4438792.610211931,0.028071055384328254,0
actual,1745423317.9411397,394651.8375627054,4438792.60999768,0.02808863084989586,0
actual,1745423318.0411994,394651.8376321818,4438792.6097788,0.02811699245024084,0
actual,1745423318.141139,394651.8376987936,4438792.60950957,0.028130710738161605,0
actual,1745423318.2411215,394651.83771353314,4438792.609176031,0.028144952624857885,0
actual,1745423318.3410988,394651.83751515805,4438792.611800565,0.028090358725855434,0
actual,1745423318.4411254,394651.8376761468,4438792.611785778,0.028132962212896698,0
actual,1745423318.541123,394651.83793752134,4438792.611742494,0.02810606668912341,0
actual,1745423318.6410937,394651.83811484464,4438792.61165153,0.02813802366772735,0
actual,1745423318.7411003,394651.83832130354,4438792.611579494,0.028134026863740207,0
actual,1745423318.8411167,394651.8383167955,4438792.611495646,0.02809355267838646,0
actual,1745423318.9410987,394651.8380076169,4438792.611323957,0.028106869540579286,0
actual,1745423319.041095,394651.837691669,4438792.611158315,0.028071177557376082,0
actual,1745423319.1410906,394651.83761661284,4438792.610910626,0.028079834390465942,0
actual,1745423319.2410934,394651.8379630598,4438792.610573944,0.02808250474422145,0
actual,1745423319.3410935,394651.8361993627,4438792.6113248505,0.028177572828577645,0
actual,1745423319.4411263,394651.83654134505,4438792.611136532,0.02815734446254701,0
actual,1745423319.5411453,394651.83683125005,4438792.610845008,0.02819874367240421,0
actual,1745423319.641047,394651.83696087083,4438792.610546536,0.02817998138294527,0
actual,1745423319.7410934,394651.83684858546,4438792.610123196,0.02819609077194118,0
actual,1745423319.8411138,394651.8379532029,4438792.611382282,0.02821844843965933,0
actual,1745423319.9410944,394651.8377484014,4438792.611133734,0.0281918321685664,0
actual,1745423320.0410903,394651.83735787624,4438792.610745114,0.02823429602926736,0
actual,1745423320.1410909,394651.8369733732,4438792.61037684,0.028259865102809006,0
actual,1745423320.2410963,394651.8367351392,4438792.60995578,0.028242551436629282,0
actual,1745423320.3411028,394651.8359338877,4438792.611661451,0.028088089797827866,0
actual,1745423320.4411373,394651.83641367196,4438792.611517414,0.028097409856033546,0
actual,1745423320.54112,394651.8370779135,4438792.611291679,0.02811964535070387,0
actual,1745423320.641127,394651.83783518407,4438792.611104829,0.028078769739622186,0
actual,1745423320.741095,394651.838866977,4438792.610940028,0.02804960528782133,0
actual,1745423320.8411329,394651.8357570119,4438792.610903067,0.028137500068951833,0
actual,1745423320.9411242,394651.8357540332,4438792.610388071,0.0281876957382392,0
actual,1745423321.0410953,394651.8351344092,4438792.609899398,0.028204346179303105,0
actual,1745423321.1411178,394651.8338947297,4438792.609539642,0.028254140422862534,0
actual,1745423321.2411368,394651.83206388477,4438792.609156887,0.02823363280415154,0
actual,1745423321.3411384,394651.83716416336,4438792.610138373,0.02828583560207884,0
actual,1745423321.4411263,394651.83670716756,4438792.609972695,0.028265327983367845,0
actual,1745423321.541095,394651.8366630224,4438792.609756942,0.028254000796522478,0
actual,1745423321.641127,394651.8370917133,4438792.609490977,0.028251208269719146,0
actual,1745423321.7411225,394651.8379150955,4438792.60920721,0.02827105266331432,0
actual,1745423321.841125,394651.8330878356,4438792.612236365,0.028264001533136456,0
actual,1745423321.9410925,394651.83328143833,4438792.612234454,0.028319782256029994,0
actual,1745423322.0411339,394651.83328703797,4438792.6121980045,0.02831566327899527,0
actual,1745423322.1411474,394651.83297226025,4438792.612163124,0.02830793147040911,0
actual,1745423322.2411244,394651.83248508256,4438792.612018918,0.028387832643565324,0
actual,1745423322.3411233,394651.83192566835,4438792.611820057,0.028359994641996105,0
actual,1745423322.441122,394651.83518615743,4438792.612345099,0.028306343220789836,0
actual,1745423322.541121,394651.8350666503,4438792.612253544,0.02830674464651777,0
actual,1745423322.6411252,394651.83504530264,4438792.612043994,0.02830873432186498,0
actual,1745423322.7411237,394651.83510631626,4438792.611826934,0.028318717605186235,0
actual,1745423322.8411293,394651.8356396704,4438792.612464346,0.028272780539273897,0
actual,1745423322.9411001,394651.83587645006,4438792.6123098545,0.02827105266331432,0
actual,1745423323.0410933,394651.83614383393,4438792.612140318,0.028276253744485277,0
actual,1745423323.1410935,394651.8364202286,4438792.611946317,0.028326449413772645,0
actual,1745423323.24101,394651.8367212342,4438792.611729469,0.028309537173320857,0
actual,1745423323.3411195,394651.83572305733,4438792.612289091,0.028295417459672158,0
actual,1745423323.4411216,394651.83570056513,4438792.612317279,0.02827332159134189,0
actual,1745423323.5411184,394651.835683914,4438792.612223566,0.02829622031112803,0
actual,1745423323.6411297,394651.8356855412,4438792.61213714,0.02828955315338563,0
actual,1745423323.7411382,394651.83570481604,4438792.611992149,0.028299012837931365,0
actual,1745423323.841163,394651.8358748949,4438792.611884759,0.028271192289654624,0
actual,1745423323.941094,394651.83591671864,4438792.611804045,0.028273845190117653,0
actual,1745423324.0411775,394651.83594651485,4438792.6116706375,0.028303149268258564,0
actual,1745423324.1410887,394651.8360134178,4438792.611467028,0.028307006445905405,0
actual,1745423324.2410898,394651.8360700714,4438792.611208557,0.028351215635858417,0
actual,1745423324.3410974,394651.83670576394,4438792.611695689,0.028270249811858446,0
actual,1745423324.4410958,394651.8368864074,4438792.611525072,0.02826066795426513,0
actual,1745423324.5411038,394651.83702780347,4438792.6113845715,0.028282100597479577,0
actual,1745423324.6410923,394651.837226636,4438792.611195063,0.028279709496404182,0
actual,1745423324.7410913,394651.83745068486,4438792.610867927,0.028263861906796153,0
actual,1745423324.8410952,394651.8368519326,4438792.613701494,0.02827518909364152,0
actual,1745423324.9410963,394651.8369244586,4438792.613794868,0.028264664758252026,0
actual,1745423325.041095,394651.83702376124,4438792.613855117,0.02826440295886439,0
actual,1745423325.1411111,394651.8371270191,4438792.613853622,0.028289169180950167,0
actual,1745423325.241097,394651.8371882656,4438792.613808305,0.028302486043142745,0
actual,1745423325.3410962,394651.8374223455,4438792.612309814,0.02829142065568526,0
actual,1745423325.4410944,394651.83749898704,4438792.612142573,0.02830007748877512,0
actual,1745423325.5411286,394651.83762402635,4438792.611957732,0.02828169917175164,0
actual,1745423325.6411343,394651.83774764213,4438792.611679338,0.028300217115115177,0
actual,1745423325.7411077,394651.83788973,4438792.611344333,0.028303812493374384,0
actual,1745423325.841092,394651.83646930836,4438792.612665908,0.02828848850254187,0
actual,1745423325.9411318,394651.8364010826,4438792.612616745,0.02828955315338563,0
actual,1745423326.0410993,394651.83639315283,4438792.612467917,0.028296080684787974,0
actual,1745423326.1411319,394651.8364509108,4438792.612291427,0.028297826014040028,0
actual,1745423326.2410986,394651.8364688011,4438792.6121040955,0.028308612148817403,0
actual,1745423326.3411365,394651.83615381917,4438792.611497362,0.02824775251780024,0
actual,1745423326.4410365,394651.8361039341,4438792.611297813,0.028232428526967727,0
actual,1745423326.5411246,394651.83597167843,4438792.611102997,0.02823803103386662,0
actual,1745423326.6411178,394651.8357781137,4438792.610830782,0.02825747400173386,0
actual,1745423326.7411735,394651.83558791224,4438792.610404333,0.028272518739886014,0
actual,1745423326.8411112,394651.83548091614,4438792.611164247,0.028268521935899116,0
actual,1745423326.9410205,394651.8354273534,4438792.611145731,0.02826906298796711,0
actual,1745423327.0411346,394651.83517850714,4438792.611119561,0.02824588501550061,0
actual,1745423327.141099,394651.834896439,4438792.610958757,0.02833177266799118,0
actual,1745423327.2410898,394651.83464155236,4438792.610662481,0.028399142377118214,0
actual,1745423327.3411365,394651.83652035584,4438792.611744945,0.028228309549933002,0
actual,1745423327.4410925,394651.8368512114,4438792.611899342,0.028222724496326585,0
actual,1745423327.541156,394651.8375580674,4438792.611865528,0.028238833885322497,0
actual,1745423327.6411011,394651.83858472493,4438792.611722733,0.028306465393837413,0
actual,1745423327.7411032,394651.8396652711,4438792.611713258,0.028282502023207517,0
actual,1745423327.8410954,394651.83744000585,4438792.613055417,0.028267055859327424,0
actual,1745423327.941091,394651.83714972524,4438792.612935145,0.028292485306528767,0
actual,1745423328.0410914,394651.8365011526,4438792.612790861,0.02829515566028452,0
actual,1745423328.141093,394651.8356679742,4438792.612628897,0.028331231615923186,0
actual,1745423328.2410934,394651.8349022236,4438792.612437658,0.028306465393837413,0
actual,1745423328.3411021,394651.8358421971,4438792.613571339,0.02829515566028452,0
actual,1745423328.4410367,394651.8359092721,4438792.613530799,0.02830793147040911,0
actual,1745423328.5410907,394651.83613833593,4438792.6134745255,0.02832630978743259,0
actual,1745423328.6411202,394651.8364656168,4438792.613432295,0.02829208388080083,0
actual,1745423328.741116,394651.8368202351,4438792.613280339,0.028303411067646448,0
actual,1745423328.8411238,394651.8365411598,4438792.613277482,0.028307669671021225,0
actual,1745423328.9410057,394651.83657535893,4438792.613241282,0.028260406154877248,0
actual,1745423329.0410933,394651.8365915533,4438792.613049465,0.028313394350967698,0
actual,1745423329.1411247,394651.83662670135,4438792.612911979,0.028279971295792065,0
actual,1745423329.2410965,394651.83667715394,4438792.61267377,0.02832685083950058,0
actual,1745423329.341125,394651.8358363361,4438792.612788614,0.028290233831793923,0
actual,1745423329.4410915,394651.83579960105,4438792.612629876,0.02831393540303594,0
actual,1745423329.5410886,394651.835740227,4438792.612471031,0.028341494151924797,0
actual,1745423329.641091,394651.8357210181,4438792.612255134,0.028363991445983002,0
actual,1745423329.7411382,394651.8357880656,4438792.611894063,0.028426578952959494,0
actual,1745423329.8411398,394651.83567797055,4438792.6135092415,0.02821965271684314,0
actual,1745423329.941108,394651.8356623696,4438792.613497444,0.02826984838613051,0
actual,1745423330.041108,394651.83556036075,4438792.613418471,0.028293951383100462,0
actual,1745423330.1410966,394651.83550216386,4438792.613403932,0.028321911557717506,0
actual,1745423330.2410934,394651.83554469596,4438792.61340942,0.028267858710783297,0
actual,1745423330.3410943,394651.83577105287,4438792.614948529,0.02827597449180492,0
actual,1745423330.4410908,394651.8357740616,4438792.615050941,0.028263338308020636,0
actual,1745423330.5410933,394651.8354032921,4438792.615067787,0.028281175572975877,0
actual,1745423330.6410964,394651.8345657658,4438792.614963271,0.028391567648164584,0
actual,1745423330.7410934,394651.83372668276,4438792.614916287,0.028366522173398453,0
actual,1745423330.841098,394651.8337977346,4438792.613334369,0.028262134030836578,0
actual,1745423330.9410975,394651.8340045385,4438792.613259679,0.028255466873094173,0
actual,1745423331.0411265,394651.8348368894,4438792.6131239515,0.02822165984548283,0
actual,1745423331.1411242,394651.8360327977,4438792.612805794,0.028268260136511236,0
actual,1745423331.241123,394651.8373797598,4438792.612484188,0.02828822670315399,0
actual,1745423331.3411608,394651.8351228889,4438792.612362688,0.028352419913042475,0
actual,1745423331.4410107,394651.8352217529,4438792.611998324,0.028315000053879696,0
actual,1745423331.5411081,394651.8351408362,4438792.611513235,0.02831911903091442,0
actual,1745423331.6411295,394651.8351301397,4438792.610968581,0.028347358458211576,0
actual,1745423331.7411423,394651.83531160327,4438792.610359487,0.028356800689464834,0
actual,1745423331.8411825,394651.83289610536,4438792.61429108,0.028320986533214052,0
actual,1745423331.9411478,394651.8327510068,4438792.6142668165,0.02827105266331432,0
actual,1745423332.0411174,394651.8324884643,4438792.614101728,0.02829555708601246,0
actual,1745423332.1411104,394651.832215922,4438792.613915759,0.02829101922995732,0
actual,1745423332.241101,394651.8319741648,4438792.613660996,0.028312591499511826,0
actual,1745423332.3411067,394651.83174704446,4438792.613350987,0.028326449413772645,0
actual,1745423332.4411173,394651.83399568097,4438792.613894012,0.02829688353624385,0
actual,1745423332.5411153,394651.8341836312,4438792.613721902,0.02832325546124162,0
actual,1745423332.6411104,394651.8344452087,4438792.613481646,0.028356399263736898,0
actual,1745423332.7410944,394651.834741397,4438792.6132129505,0.028366400000350876,0
actual,1745423332.8411098,394651.8341047653,4438792.613422677,0.028248555369256117,0
actual,1745423332.9410934,394651.8341194954,4438792.613081188,0.02836865147508597,0
actual,1745423333.0411274,394651.83423666796,4438792.612761502,0.028401673104533665,0
actual,1745423333.1411028,394651.8360834898,4438792.612444129,0.028407135985092504,0
actual,1745423333.2411363,394651.8400698893,4438792.6119783595,0.028465325262353913,0
actual,1745423333.341115,394651.8500165546,4438792.613666387,0.02838050226070685,0
actual,1745423333.4410963,394651.8638474308,4438792.61368352,0.028211536935821274,0
actual,1745423333.541125,394651.88380359724,4438792.613777529,0.027912195515811755,0
actual,1745423333.6410959,394651.91093265265,4438792.613929374,0.027215913864021318,0
actual,1745423333.7411249,394651.9462361984,4438792.613967947,0.026140791044792586,0
actual,1745423333.84109,394651.9850886242,4438792.6137139,0.024355144687077387,0
actual,1745423333.9411173,394652.0381547387,4438792.613600772,0.0218449772502741,0
actual,1745423334.0411,394652.10160338506,4438792.613242218,0.01832974451041735,0
actual,1745423334.1410975,394652.1759174726,4438792.612667684,0.013677464669471196,0
actual,1745423334.2410896,394652.26161752385,4438792.6117606675,0.007846337091850753,0
actual,1745423334.3410895,394652.3612754527,4438792.615967614,0.0006305001922829237,0
actual,1745423334.4410994,394652.47230239346,4438792.614248841,-0.00806178053471691,0
actual,1745423334.541099,394652.5963693588,4438792.610969708,-0.018368490819811522,0
actual,1745423334.6410975,394652.7338592755,4438792.60599628,-0.030461371061397093,5
actual,1745423334.741118,394652.88498986,4438792.598456302,-0.04412338956698845,5
actual,1745423334.8411083,394653.04332267144,4438792.598254481,-0.06026719645574538,5
actual,1745423334.9410977,394653.21913253516,4438792.585467072,-0.07812090241268123,5
actual,1745423335.041096,394653.4083518706,4438792.567996079,-0.09836426082157008,5
actual,1745423335.1411014,394653.61154989095,4438792.545231731,-0.12162098254390466,5
actual,1745423335.241096,394653.82757262303,4438792.515076014,-0.14686628005608415,6
actual,1745423335.3411002,394654.06216427713,4438792.484109735,-0.17519445734581637,6
actual,1745423335.4410975,394654.3040616533,4438792.438625006,-0.20672920589719013,6
actual,1745423335.5411074,394654.5564152793,4438792.382527272,-0.2417653641807448,6
actual,1745423335.6411076,394654.80963679473,4438792.316348688,-0.2777664975544346,6
actual,1745423335.7410345,394655.05977647926,4438792.241022695,-0.3116934467384691,7
actual,1745423335.841134,394655.3114539924,4438792.164769012,-0.3426014301021592,7
actual,1745423335.941093,394655.55405910825,4438792.074745408,-0.3718859431022292,7
actual,1745423336.0411396,394655.792919705,4438791.977865342,-0.3989006554100804,7
actual,1745423336.1411169,394656.027258867,4438791.875609085,-0.4237227803918215,0
actual,1745423336.24109,394656.25592900603,4438791.769890047,-0.4473375564102028,0
actual,1745423336.341136,394656.4797193418,4438791.655137977,-0.47000465355133614,0
actual,1745423336.4410968,394656.6997165259,4438791.540632428,-0.49202460005912263,0
actual,1745423336.5410924,394656.9149692935,4438791.422302595,-0.5129064522682687,1
actual,1745423336.641093,394657.1253521948,4438791.3003679495,-0.5329476666431915,8
actual,1745423336.741118,394657.33085278864,4438791.17572483,-0.5520999324701963,2
actual,1745423336.841092,394657.5371206308,4438791.03467287,-0.5705809272135913,2
actual,1745423336.9410932,394657.73600241396,4438790.902527243,-0.588916256777615,2
actual,1745423337.0411315,394657.9307118678,4438790.76741017,-0.6066535841800279,5
actual,1745423337.1411147,394658.1214658397,4438790.630677448,-0.6239850352648895,3
actual,1745423337.241104,394658.3080141586,4438790.491522946,-0.6409095628346485,6
actual,1745423337.3411179,394658.49086473935,4438790.350715055,-0.6577800201041808,6
actual,1745423337.44109,394658.67467998894,4438790.211783376,-0.6742817591159368,6
actual,1745423337.541125,394658.8504017749,4438790.067721595,-0.6903944118775459,6
actual,1745423337.6411262,394659.02181910374,4438789.922149025,-0.70619681491132,6
actual,1745423337.7410936,394659.18993333116,4438789.77493182,-0.7217185166414963,6
actual,1745423337.841088,394659.35590759956,4438789.625418656,-0.7377715140492721,6
actual,1745423337.9411256,394659.51851581095,4438789.469721999,-0.7532692524088184,6
actual,1745423338.0411367,394659.6796108807,4438789.314873215,-0.7689470214807078,6
actual,1745423338.141153,394659.8383112906,4438789.1579377195,-0.7852399667540476,6
actual,1745423338.241104,394659.9941290513,4438788.997975473,-0.800857818672716,6
actual,1745423338.341125,394660.1515124121,4438788.83264386,-0.8168700626424574,6
actual,1745423338.4411209,394660.30245739984,4438788.66691704,-0.8325624750267713,6
actual,1745423338.5411265,394660.4511946726,4438788.49916282,-0.8481225390939062,6
actual,1745423338.6411264,394660.5975689257,4438788.329238201,-0.8641699339947834,6
actual,1745423338.7411318,394660.7410202895,4438788.15689858,-0.8797076229409077,6
actual,1745423338.8411086,394660.8801316232,4438787.984029826,-0.895484980499916,6
actual,1745423338.9410963,394661.0175725662,4438787.807955927,-0.9114530327329968,6
actual,1745423339.041114,394661.1515150924,4438787.630017204,-0.9271816606992894,6
actual,1745423339.1410952,394661.281750106,4438787.450946472,-0.9426517006836066,6
actual,1745423339.2411175,394661.4080238935,4438787.2709347475,-0.9580330604886301,6
actual,1745423339.3410943,394661.5312156963,4438787.090980203,-0.9728274486129151,6
actual,1745423339.4410226,394661.6611590132,4438786.908187852,-0.9878636521050637,6
actual,1745423339.541129,394661.7785700847,4438786.727770607,-1.002385070734337,6
actual,1745423339.6411033,394661.8918512702,4438786.547470528,-1.016649227831866,6
actual,1745423339.7411075,394662.001157205,4438786.367133281,-1.0307924859721096,6
actual,1745423339.8410914,394662.1068940313,4438786.1876122,-1.044384988013594,6
actual,1745423339.9411275,394662.202810586,4438786.005613945,-1.0571231513862267,6
actual,1745423340.0411334,394662.3007132072,4438785.826721374,-1.069773175631634,6
actual,1745423340.1411633,394662.39535132854,4438785.6492401045,-1.0825659329032693,6
actual,1745423340.2410326,394662.48620866495,4438785.472563914,-1.0949261975862605,6
actual,1745423340.3411245,394662.5737183903,4438785.29690122,-1.1069977673576794,6
actual,1745423340.4411426,394662.6535550096,4438785.129326879,-1.1187495055436703,6
actual,1745423340.5411232,394662.73352927587,4438784.957588254,-1.1300005611271413,6
actual,1745423340.6411173,394662.8105798621,4438784.78907659,-1.1409179097576312,6
actual,1745423340.7411282,394662.8841472141,4438784.624283649,-1.1515908075730867,6
actual,1745423340.841017,394662.953292839,4438784.4643079955,-1.1614719367733752,6
actual,1745423340.9410915,394663.0135296801,4438784.299879822,-1.170707241790548,6
actual,1745423341.0410922,394663.0729099222,4438784.149922863,-1.1795297589863318,6
actual,1745423341.1411,394663.1281972804,4438784.006530444,-1.187350666630981,6
actual,1745423341.2411013,394663.17998824845,4438783.870109118,-1.1950338852509401,6
actual,1745423341.341127,394663.22751038463,4438783.740816489,-1.2021381257981358,6
actual,1745423341.4411497,394663.2833479167,4438783.624004893,-1.2086841751439579,6
actual,1745423341.5410962,394663.32522663777,4438783.511143366,-1.2149926851785844,6
actual,1745423341.6410906,394663.363699432,4438783.406180974,-1.2205807931111567,6
actual,1745423341.7410915,394663.3991829671,4438783.309035994,-1.2257542457200412,6
actual,1745423341.8410926,394663.4309861515,4438783.2194936,-1.2305157133589917,6
actual,1745423341.9411116,394663.4583835157,4438783.137571891,-1.2348484059606049,6
actual,1745423342.0411296,394663.48377029056,4438783.062448726,-1.2387278365554752,6
actual,1745423342.1410954,394663.50690761715,4438782.994895608,-1.2422285656092482,6
actual,1745423342.2410495,394663.52742348844,4438782.934844652,-1.2454504608617225,6
actual,1745423342.341129,394663.5449353048,4438782.881969023,-1.2481165385606061,6
actual,1745423342.4411294,394663.56037340785,4438782.835569529,-1.250538950842619,6
actual,1745423342.5410933,394663.57014641806,4438782.788550437,-1.2526431197888235,6
actual,1745423342.6412106,394663.58147235774,4438782.7516453145,-1.2544279632950828,6
actual,1745423342.7411008,394663.59155685955,4438782.719177227,-1.256216821058622,6
actual,1745423342.8411074,394663.6001773217,4438782.69063511,-1.2576163133193337,6
actual,1745423342.9411092,394663.6097957211,4438782.668849455,-1.258927910798915,6
actual,1745423343.0410979,394663.6164362669,4438782.647507039,-1.2600400520515782,6
actual,1745423343.1410909,394663.6221002338,4438782.629166096,-1.2609428585137572,6
actual,1745423343.2410927,394663.62682736805,4438782.613771748,-1.2617644373525487,6
actual,1745423343.3410902,394663.6305468314,4438782.601100515,-1.2623354218173386,6
actual,1745423343.4410918,394663.63360019773,4438782.591179955,-1.2629423600647196,6
actual,1745423343.5411332,394663.6323398681,4438782.58201746,-1.2632560829977657,6
actual,1745423343.6410193,394663.6330799639,4438782.577005848,-1.2634057449811242,6
actual,1745423343.74112,394663.63315445755,4438782.574395581,-1.263551951212564,6
actual,1745423343.841109,394663.6323734705,4438782.573954196,-1.2635101505769784,6
actual,1745423343.9411194,394663.6374486503,4438782.580461386,-1.2635583565709183,6
actual,1745423344.0411015,394663.6373371993,4438782.58058525,-1.2635021569690041,6
actual,1745423344.1410937,394663.6372631154,4438782.5807039365,-1.2635263995923147,6
actual,1745423344.2410924,394663.6372239545,4438782.580876631,-1.2635415665035143,6
actual,1745423344.341129,394663.63702267106,4438782.581020073,-1.263517864932272,6
actual,1745423344.4411085,394663.6375722122,4438782.578288927,-1.2635333110961524,6
actual,1745423344.5411284,394663.6373684745,4438782.577997085,-1.263499765867929,6
actual,1745423344.641129,394663.6371138166,4438782.577676427,-1.263499486615249,6
actual,1745423344.74111,394663.63678641495,4438782.577293256,-1.263482975800525,6
actual,1745423344.8410964,394663.63637439656,4438782.57689158,-1.2634385048111838,6
actual,1745423344.941131,394663.6405270257,4438782.579783767,-1.2633825844619504,6
actual,1745423345.0411088,394663.6407304938,4438782.579831322,-1.2633887105676247,6
actual,1745423345.1410964,394663.6408480032,4438782.5798773775,-1.2633950984726867,6
actual,1745423345.2411172,394663.64090979553,4438782.5799033595,-1.2633908398693123,6
actual,1745423345.3410947,394663.64091745904,4438782.57990225,-1.2634036156794368,6
actual,1745423345.441099,394663.6362742187,4438782.580654732,-1.2635362432492958,6
actual,1745423345.541128,394663.63585132326,4438782.580681649,-1.2635282496413216,6
actual,1745423345.6411014,394663.63532778225,4438782.580701346,-1.2634936397622547,6
actual,1745423345.7410975,394663.63474923733,4438782.580673742,-1.2635000276673167,6
actual,1745423345.8410938,394663.6340492037,4438782.580620272,-1.2634827140011369,6
actual,1745423345.9410377,394663.6340359883,4438782.579635926,-1.2635583565709183,6
actual,1745423346.041128,394663.6337701224,4438782.579577692,-1.2635010923181607,6
actual,1745423346.1410966,394663.63347055344,4438782.579502194,-1.2635168002814285,6
actual,1745423346.2411296,394663.63308463566,4438782.579421719,-1.263490166557043,6
actual,1745423346.341148,394663.63273227954,4438782.57932428,-1.2634741967943874,6
actual,1745423346.441098,394663.63481781544,4438782.579385904,-1.2635170795341086,6
actual,1745423346.5410984,394663.63470125385,4438782.579306093,-1.2634973573135613,6
actual,1745423346.6410942,394663.63457110926,4438782.5792599525,-1.2634861872063485,6
actual,1745423346.741131,394663.6344216296,4438782.579200181,-1.263460618132807,6
actual,1745423346.8411026,394663.6342118832,4438782.5791449165,-1.263468873540169,6
actual,1745423346.9411304,394663.63448143087,4438782.578097318,-1.2634992248158607,6
actual,1745423347.0410998,394663.63431806886,4438782.578081458,-1.2634811257515177,6
actual,1745423347.141089,394663.6341055775,4438782.578072764,-1.2634454337683148,6
actual,1745423347.2411165,394663.6339007832,4438782.577921707,-1.263415606091398,6
actual,1745423347.341108,394663.63372532104,4438782.577853305,-1.263431314054666,6
actual,1745423347.4411268,394663.6336731555,4438782.578487045,-1.2635234674391713,6
actual,1745423347.5411074,394663.6333946802,4438782.578467755,-1.263475261445231,6
actual,1745423347.6411123,394663.6331761348,4438782.578460307,-1.263460618132807,6
actual,1745423347.7410967,394663.6327833667,4438782.578495393,-1.263430249403822,6
actual,1745423347.841092,394663.632365042,4438782.578521499,-1.2634339844084213,6
actual,1745423347.941125,394663.63427212345,4438782.578308619,-1.2635128034774412,6
actual,1745423348.0410926,394663.6341739787,4438782.578249341,-1.2635160148832651,6
actual,1745423348.1410978,394663.6340035631,4438782.578065006,-1.263485122555505,6
actual,1745423348.241127,394663.6341075895,4438782.577783448,-1.2635591419690817,6
actual,1745423348.341093,394663.63386835356,4438782.577561652,-1.2634728703441558,6
actual,1745423348.4411094,394663.63522287307,4438782.57704287,-1.263475523244619,6
actual,1745423348.541127,394663.6351618021,4438782.576816053,-1.263426252599835,6
actual,1745423348.641126,394663.63501537836,4438782.5767146805,-1.2633591446900956,6
actual,1745423348.7410412,394663.6350639887,4438782.576411755,-1.2633626004420149,6
actual,1745423348.8410988,394663.6352252984,4438782.5760740535,-1.2634030920806611,6
actual,1745423348.9411235,394663.6342671466,4438782.5812297985,-1.2634888401068114,6
actual,1745423349.0411072,394663.63384609256,4438782.581599007,-1.2634041567315046,6
actual,1745423349.1411347,394663.63361036096,4438782.582102985,-1.2634283819015226,6
actual,1745423349.241098,394663.6333710263,4438782.582522041,-1.2634371783609528,6
actual,1745423349.3410916,394663.6330577131,4438782.582950863,-1.2634475630700017,6
actual,1745423349.4410932,394663.63781970146,4438782.579856876,-1.2635900342968425,6
actual,1745423349.5410936,394663.63785316306,4438782.579833092,-1.2635615505234499,6
actual,1745423349.6411438,394663.63770556846,4438782.579967201,-1.263487251857192,6
actual,1745423349.741125,394663.6377457911,4438782.579989938,-1.2635495601114888,6
actual,1745423349.8411014,394663.6376934789,4438782.579699435,-1.2635282496413216,6
actual,1745423349.9411001,394663.63531782915,4438782.579306696,-1.2635506247623323,6
actual,1745423350.0411036,394663.6349460236,4438782.5792425955,-1.263510412376366,6
actual,1745423350.1410978,394663.63480591297,4438782.578633972,-1.2635950957516728,6
actual,1745423350.2410998,394663.63475949934,4438782.577248694,-1.2636592889615614,6
actual,1745423350.3411303,394663.6347567801,4438782.575290477,-1.2636907048880972,6
actual,1745423350.4410124,394663.636047567,4438782.578048838,-1.2637394519341054,6
actual,1745423350.541135,394663.636414421,4438782.57620595,-1.2638723413033521,6
actual,1745423350.6411264,394663.6367823896,4438782.57430868,-1.2639873934076438,6
actual,1745423350.7411354,394663.6370287495,4438782.573168844,-1.264155171908638,6
actual,1745423350.8411157,394663.63680728036,4438782.573308803,-1.2641996428979787,6
actual,1745423350.9410956,394663.6395791406,4438782.565895174,-1.264188978936249,6
actual,1745423351.0410955,394663.63939710555,4438782.566175784,-1.2641895199883173,6
actual,1745423351.141096,394663.6392280041,4438782.566061453,-1.2641410521949894,6
actual,1745423351.2411003,394663.6390447613,4438782.565949338,-1.2641383818412335,6
actual,1745423351.3410997,394663.6387802447,4438782.5659648,-1.2641037719621666,6
actual,1745423351.4410994,394663.6407772529,4438782.565543755,-1.2640968430050363,6
actual,1745423351.5411043,394663.64085088036,4438782.565397047,-1.2640678181795755,6
actual,1745423351.6411328,394663.64088942914,4438782.565253771,-1.264054239517995,6
actual,1745423351.7410915,394663.6408874205,4438782.565020784,-1.26405849812137,6
actual,1745423351.8410978,394663.6408587803,4438782.564758989,-1.2640473105608647,6
actual,1745423351.9411173,394663.6388299874,4438782.5658547385,-1.2636137358680841,6
actual,1745423352.0411196,394663.6386486626,4438782.565800345,-1.2635977661054285,6
actual,1745423352.141096,394663.6384738513,4438782.565813311,-1.2635524922646315,6
actual,1745423352.2411244,394663.6382133993,4438782.565791687,-1.2635061537729915,6
actual,1745423352.3411922,394663.6379831033,4438782.56570869,-1.263486972604512,6
actual,1745423352.4411407,394663.638386238,4438782.563494446,-1.2635378489522076,6
actual,1745423352.5411084,394663.6382842763,4438782.563341879,-1.2635130827301218,6
actual,1745423352.6411304,394663.63819311175,4438782.563121655,-1.2634909694084988,6
actual,1745423352.7411137,394663.6381482175,4438782.562871877,-1.263500568719385,6
actual,1745423352.8411934,394663.6380560792,4438782.562589838,-1.2635149327791289,6
actual,1745423352.9412034,394663.6410062491,4438782.56500868,-1.263526120339634,6
actual,1745423353.0412242,394663.6411036594,4438782.5650588125,-1.2635487572600324,6
actual,1745423353.1411705,394663.6411115288,4438782.565080411,-1.2635013541175484,6
actual,1745423353.2411149,394663.6410876562,4438782.565103014,-1.2634571449275953,6
actual,1745423353.3411279,394663.6410240331,4438782.565085331,-1.263422796847916,6
actual,1745423353.441095,394663.64014379494,4438782.56614186,-1.2634840404513685,6
actual,1745423353.541093,394663.64003288245,4438782.566141596,-1.2635130827301218,6
actual,1745423353.641098,394663.63985332625,4438782.56611058,-1.263468070688713,6
actual,1745423353.741096,394663.6396828977,4438782.566059232,-1.2634710028418563,6
actual,1745423353.8411233,394663.63947440847,4438782.566003884,-1.2634781935983743,6
actual,1745423353.9411297,394663.6413581816,4438782.564888697,-1.2635263995923147,6
actual,1745423354.041139,394663.6413424561,4438782.564782665,-1.2635277260425457,6
actual,1745423354.1411407,394663.6412697849,4438782.564654546,-1.2635136063288976,6
actual,1745423354.241124,394663.6411819864,4438782.564497816,-1.2634741967943874,6
actual,1745423354.3410933,394663.6417227071,4438782.564648858,-1.263508021275291,6
actual,1745423354.441118,394663.6416592138,4438782.5646002265,-1.2634888401068114,6
actual,1745423354.541122,394663.64159374125,4438782.564498602,-1.263487251857192,6
actual,1745423354.6410937,394663.64148538583,4438782.564372023,-1.263498421964405,6
actual,1745423354.7411082,394663.6413201579,4438782.564244955,-1.2634859079536684,6
actual,1745423354.8411407,394663.6384209146,4438782.564315629,-1.263531461047145,6
actual,1745423354.9411,394663.6380961116,4438782.564245631,-1.2635274642431582,6
actual,1745423355.0410166,394663.63773531595,4438782.564169953,-1.2635301171436215,6
actual,1745423355.1410923,394663.63732539874,4438782.564056184,-1.2635042862706918,6
actual,1745423355.2413478,394663.63689107384,4438782.563913227,-1.2635069566244475,6
actual,1745423355.3411434,394663.6364206399,4438782.563719668,-1.2634949662124861,6
actual,1745423355.4410942,394663.63774898567,4438782.563994482,-1.2635413047041268,6
actual,1745423355.541048,394663.6376595803,4438782.563882308,-1.2635399782538952,6
actual,1745423355.6411402,394663.63753740565,4438782.563769352,-1.263532525697989,6
actual,1745423355.7410986,394663.63736225927,4438782.563618967,-1.2635287906933899,6
actual,1745423355.841093,394663.6381030655,4438782.564924557,-1.2635423693549703,6
actual,1745423355.9411376,394663.63805127674,4438782.564945742,-1.2635277260425457,6
actual,1745423356.0410388,394663.6379556607,4438782.564939108,-1.2635239910379465,6
actual,1745423356.1410427,394663.63783552515,4438782.5649179565,-1.263508021275291,6
actual,1745423356.24109,394663.6377168689,4438782.564877425,-1.2634763260960749,6
actual,1745423356.34113,394663.6389212116,4438782.563840384,-1.2635365050486835,6
actual,1745423356.4411314,394663.6389835216,4438782.563689203,-1.2635599448205377,6
actual,1745423356.5411568,394663.63904168596,4438782.563526489,-1.2635644826765928,6
actual,1745423356.6411233,394663.6390890696,4438782.563380217,-1.263555424417775,6
actual,1745423356.7410975,394663.6391377337,4438782.563179007,-1.2635692648787435,6
actual,1745423356.841098,394663.63644654024,4438782.562544231,-1.263531461047145,6
actual,1745423356.941097,394663.6362394267,4438782.5623814585,-1.2635429104070386,6
actual,1745423357.0411227,394663.6360085299,4438782.562196418,-1.2635253349414706,6
actual,1745423357.1410944,394663.63575468573,4438782.562029048,-1.2635202734866398,6
actual,1745423357.2411017,394663.63547718595,4438782.561818232,-1.2635253349414706,6
actual,1745423357.3411293,394663.63515182224,4438782.5615666155,-1.263486972604512,6
actual,1745423357.441095,394663.63708914537,4438782.5638594255,-1.2635042862706918,6
actual,1745423357.5411263,394663.63709527714,4438782.563882985,-1.2634718056933123,6
actual,1745423357.641097,394663.6371194379,4438782.563906268,-1.2634558184773637,6
actual,1745423357.7410903,394663.63715927,4438782.563908466,-1.2634451719689266,6
actual,1745423357.8411255,394663.63717637514,4438782.563933516,-1.2634254672016716,6
actual,1745423357.941108,394663.6385540335,4438782.564472485,-1.2635295935448456,6
actual,1745423358.041102,394663.6386287323,4438782.564426802,-1.2635210588848031,6
actual,1745423358.141098,394663.6386843355,4438782.564351696,-1.2635189295831162,6
actual,1745423358.2410922,394663.6387349985,4438782.564234635,-1.2635074802232227,6
actual,1745423358.3410192,394663.63875218906,4438782.564102635,-1.2634760642966867,6
actual,1745423358.4410949,394663.6381476378,4438782.5637297705,-1.26351147702721,6
actual,1745423358.5410945,394663.6380845186,4438782.563578602,-1.2634936397622547,6
actual,1745423358.6410556,394663.6379669464,4438782.563381141,-1.263470461789788,6
actual,1745423358.7410696,394663.63785332086,4438782.563171841,-1.263474720393163,6
actual,1745423358.8411524,394663.63773459976,4438782.562934465,-1.263468070688713,6
actual,1745423358.9411025,394663.6400236754,4438782.562348218,-1.2635210588848031,6
actual,1745423359.041094,394663.64003499516,4438782.562189969,-1.263520535286028,6
actual,1745423359.141121,394663.63999421435,4438782.562048649,-1.2634922958587305,6
actual,1745423359.2410958,394663.6399438402,4438782.561915703,-1.2634773907469183,6
actual,1745423359.3410919,394663.6398570407,4438782.561783723,-1.2634451719689266,6
actual,1745423359.441091,394663.6392937345,4438782.562280246,-1.2634949662124861,6
actual,1745423359.5410962,394663.6391557803,4438782.562247107,-1.2635010923181607,6
actual,1745423359.6410978,394663.6390204028,4438782.562221727,-1.2634808464988376,6
actual,1745423359.7411106,394663.6388488632,4438782.562179181,-1.2634749996458432,6
actual,1745423359.841093,394663.6386307625,4438782.562121059,-1.2634616827836505,6
actual,1745423359.9410946,394663.6398650263,4438782.563250847,-1.2635181441849528,6
actual,1745423360.04109,394663.6397859681,4438782.563313031,-1.2635098887775909,6
actual,1745423360.1411076,394663.6397309979,4438782.563336955,-1.2635349167990642,6
actual,1745423360.2411013,394663.6396270672,4438782.563367022,-1.2635160148832651,6
actual,1745423360.3411007,394663.6394848338,4438782.563357395,-1.263482975800525,6
actual,1745423360.441126,394663.6382749182,4438782.563026722,-1.2634840404513685,6
actual,1745423360.541103,394663.6380476199,4438782.563000147,-1.2634539509750642,6
actual,1745423360.641124,394663.6377572915,4438782.5629817825,-1.263437701959728,6
actual,1745423360.7410965,394663.6375154682,4438782.562912938,-1.263457947779051,6
actual,1745423360.841124,394663.63717882964,4438782.562889569,-1.2634568831282076,6
actual,1745423360.941118,394663.6372722648,4438782.562667997,-1.2635279878419339,6
actual,1745423361.0411098,394663.6371216002,4438782.562587115,-1.263531181794465,6
actual,1745423361.141114,394663.63688196836,4438782.562483702,-1.2634922958587305,6
actual,1745423361.2411315,394663.63659255515,4438782.562336552,-1.263447022017934,6
actual,1745423361.3411512,394663.63636343554,4438782.562154972,-1.2634265318525153,6
actual,1745423361.4411433,394663.63968611084,4438782.563505915,-1.2635170795341086,6
actual,1745423361.5411313,394663.6397970952,4438782.563468639,-1.2635058919736035,6
actual,1745423361.641119,394663.6398697929,4438782.563409304,-1.2635082830746787,6
actual,1745423361.7411628,394663.6399108692,4438782.5633085845,-1.263490166557043,6
actual,1745423361.841114,394663.6400199236,4438782.5632096045,-1.2635138681282851,6
actual,1745423361.9411778,394663.6387496883,4438782.564060908,-1.263536784301364,6
actual,1745423362.0411859,394663.6386655254,4438782.564030097,-1.263511215227822,6
actual,1745423362.141106,394663.63854221575,4438782.563972783,-1.2634840404513685,6
actual,1745423362.2411,394663.6383884253,4438782.563878268,-1.2634667442384813,6
actual,1745423362.3411276,394663.638254077,4438782.56384366,-1.2634861872063485,6
actual,1745423362.4411032,394663.6401820425,4438782.564047709,-1.2635413047041268,6
actual,1745423362.5411212,394663.6402404114,4438782.563999749,-1.2635098887775909,6
actual,1745423362.6411033,394663.64032537624,4438782.563958355,-1.2635162766826529,6
actual,1745423362.7411172,394663.64034603006,4438782.563934555,-1.263499486615249,6
actual,1745423362.8410344,394663.63850914163,4438782.563328172,-1.2634859079536684,6
actual,1745423362.9411132,394663.6384541628,4438782.563290806,-1.2634723292920875,6
actual,1745423363.04113,394663.63823405025,4438782.56322857,-1.2634638120853379,6
actual,1745423363.1411805,394663.6379847273,4438782.563111332,-1.2634299876044344,6
actual,1745423363.241101,394663.63781891565,4438782.563005265,-1.263437701959728,6
actual,1745423363.3411088,394663.6375176568,4438782.562880427,-1.26344595736709,6
actual,1745423363.4411232,394663.63782280136,4438782.562767738,-1.2635530158634074,6
actual,1745423363.5411417,394663.637634469,4438782.56266914,-1.2635511658144005,6
actual,1745423363.6411033,394663.6373409103,4438782.562584327,-1.2635383725509834,6
actual,1745423363.7411306,394663.6370508291,4438782.56242477,-1.2635168002814285,6
actual,1745423363.841016,394663.63723331667,4438782.563275403,-1.2635341139476084,6
actual,1745423363.9411352,394663.6370329972,4438782.563265699,-1.2635469072110255,6
actual,1745423364.0410924,394663.6368473087,4438782.563273556,-1.2635570126673943,6
actual,1745423364.1410105,394663.6365837777,4438782.563223471,-1.2635642034239127,6
actual,1745423364.241166,394663.63630607486,4438782.563188488,-1.2635572919200748,6
actual,1745423364.3411365,394663.6360328522,4438782.563097847,-1.2635538187148632,6
actual,1745423364.4411068,394663.63803543267,4438782.562785947,-1.2635791259890172,6
actual,1745423364.541103,394663.6379637404,4438782.562645143,-1.2635442368572696,6
actual,1745423364.6411297,394663.6379290273,4438782.562507703,-1.263545039708726,6
actual,1745423364.7411559,394663.6378367361,4438782.562315158,-1.263531461047145,6
actual,1745423364.8411076,394663.6377105843,4438782.562108931,-1.263536784301364,6
actual,1745423364.941122,394663.6391800337,4438782.562285954,-1.263543172206426,6
actual,1745423365.0411026,394663.63913752814,4438782.5622107,-1.2635444986566577,6
actual,1745423365.1411004,394663.6390768033,4438782.562116088,-1.2635146709797411,6
actual,1745423365.2411227,394663.63899187755,4438782.562006004,-1.2635048273227598,6
actual,1745423365.3411343,394663.63892364706,4438782.561883572,-1.2635082830746787,6
actual,1745423365.4411728,394663.6390365059,4438782.562146609,-1.2635202734866398,6
actual,1745423365.541117,394663.63901665737,4438782.56208806,-1.2635655473274368,6
actual,1745423365.6411264,394663.63891775755,4438782.56199263,-1.263547169010413,6
actual,1745423365.741014,394663.63882674096,4438782.561923456,-1.2635476926091889,6
actual,1745423365.8410394,394663.638696583,4438782.561822629,-1.2635426311543578,6
actual,1745423365.9411042,394663.6370362854,4438782.563491859,-1.2635444986566577,6
actual,1745423366.0411859,394663.63684054126,4438782.56352993,-1.2635682002278996,6
actual,1745423366.1411517,394663.63647574163,4438782.563528267,-1.263495507264554,6
actual,1745423366.2410958,394663.63615650625,4438782.56357022,-1.2635157356305846,6
actual,1745423366.3411305,394663.63765911316,4438782.563322933,-1.2634867108051242,6
actual,1745423366.4410117,394663.6376153595,4438782.563308927,-1.2634888401068114,6
actual,1745423366.5411284,394663.63748449384,4438782.563324417,-1.2634134767897105,6
actual,1745423366.6410966,394663.6374042588,4438782.563306334,-1.2634172117943097,6
actual,1745423366.7410934,394663.63732312305,4438782.563311649,-1.263387104864713,6
actual,1745423366.84113,394663.6385994175,4438782.562295411,-1.2635239910379465,6
actual,1745423366.9411407,394663.6386203836,4438782.562140965,-1.2635634180257493,6
actual,1745423367.041141,394663.63855366665,4438782.56200153,-1.2635482336612571,6
actual,1745423367.141096,394663.6384897429,4438782.561835707,-1.2635413047041268,6
actual,1745423367.241115,394663.638389213,4438782.561687116,-1.2635375696995275,6
actual,1745423367.3411112,394663.6383029626,4438782.561507054,-1.2635247938894023,6
actual,1745423367.4410973,394663.6386399637,4438782.561844738,-1.2635184059843403,6
actual,1745423367.5411308,394663.6385795988,4438782.561840457,-1.2634867108051242,6
actual,1745423367.6411352,394663.63843791303,4438782.5618373,-1.2634715264406315,6
actual,1745423367.7411368,394663.6383266531,4438782.561774079,-1.2634883165080362,6
actual,1745423367.8410928,394663.6379132165,4438782.561957548,-1.2635426311543578,6
actual,1745423367.9410887,394663.637773029,4438782.561913724,-1.263538913603051,6
actual,1745423368.0410938,394663.6375069805,4438782.561883726,-1.2635133445295095,6
actual,1745423368.141125,394663.63730520674,4438782.561844295,-1.2635029598204601,6
actual,1745423368.2410898,394663.63694498315,4438782.561792626,-1.2634504952231451,6
actual,1745423368.3411324,394663.6366456549,4438782.56168128,-1.2634448927162465,6
actual,1745423368.4411275,394663.63684171607,4438782.563025968,-1.2634904458097236,6
actual,1745423368.5411267,394663.63668986957,4438782.562996343,-1.263510412376366,6
actual,1745423368.6411028,394663.6363889867,4438782.562958157,-1.263490166557043,6
actual,1745423368.7411256,394663.636122497,4438782.56290514,-1.2634776525463065,6
actual,1745423368.8411276,394663.636909799,4438782.562710647,-1.26351147702721,6
actual,1745423368.9410946,394663.63680854754,4438782.562635443,-1.2635277260425457,6
actual,1745423369.0410943,394663.6365548628,4438782.562551475,-1.263501633370229,6
actual,1745423369.1411307,394663.636338596,4438782.562443581,-1.2635018951696164,6
actual,1745423369.2411408,394663.63602551934,4438782.562328627,-1.263522123535647,6
actual,1745423369.3410983,394663.63568268775,4438782.562204658,-1.2635021569690041,6
actual,1745423369.4411268,394663.6364875756,4438782.562104335,-1.2635064155723792,6
actual,1745423369.541097,394663.6364184579,4438782.562023998,-1.2635184059843403,6
actual,1745423369.6410913,394663.6362640541,4438782.561946626,-1.263531461047145,6
actual,1745423369.741096,394663.6361509112,4438782.561823137,-1.2635213381374837,6
actual,1745423369.841096,394663.63675165205,4438782.56330148,-1.26352692319109,6
actual,1745423369.9411333,394663.6366315294,4438782.563358177,-1.2635048273227598,6
actual,1745423370.0411015,394663.6365101249,4438782.563446129,-1.2635199942339597,6
actual,1745423370.1410956,394663.63632938376,4438782.563489889,-1.2634981601650173,6
actual,1745423370.2410946,394663.6360448852,4438782.563586184,-1.2634624856351062,6
actual,1745423370.341095,394663.63780991116,4438782.563958919,-1.263551951212564,6
actual,1745423370.441158,394663.63782142266,4438782.564007267,-1.2635402400532827,6
actual,1745423370.5410054,394663.6378009681,4438782.563993718,-1.263524270290627,6
actual,1745423370.6410391,394663.63771832525,4438782.564007985,-1.2635202734866398,6
actual,1745423370.7411246,394663.6376646663,4438782.56398215,-1.2635141473809652,6
actual,1745423370.8411002,394663.63750942214,4438782.563972275,-1.2634968337147856,6
actual,1745423370.9410915,394663.63688258093,4438782.5620068135,-1.263506677371767,6
actual,1745423371.0410979,394663.6366650907,4438782.561838024,-1.2635213381374837,6
actual,1745423371.141097,394663.63638746977,4438782.561608334,-1.263515473831197,6
actual,1745423371.2410934,394663.6360655719,4438782.56141685,-1.2635578155188507,6
actual,1745423371.3410947,394663.6356458199,4438782.561169518,-1.2635144091803534,6
actual,1745423371.4411092,394663.6367814097,4438782.562979126,-1.263556227269231,6
actual,1745423371.5411046,394663.6366601512,4438782.562933827,-1.2635298553442333,6
actual,1745423371.641111,394663.6365433299,4438782.562916769,-1.263547169010413,6
actual,1745423371.7410882,394663.6363890216,4438782.5628501,-1.2635136063288976,6
actual,1745423371.8410995,394663.6361984365,4438782.562802977,-1.2634736557423192,6
actual,1745423371.9410954,394663.63658646273,4438782.563099802,-1.2634821904023616,6
actual,1745423372.0411012,394663.6364630446,4438782.56308833,-1.2635088241267467,6
actual,1745423372.1410925,394663.63622801553,4438782.563020068,-1.263463009233882,6
actual,1745423372.241105,394663.6359669892,4438782.563016289,-1.263438766610572,6
actual,1745423372.3411615,394663.6356674021,4438782.562930047,-1.2634342462078094,6
actual,1745423372.4411285,394663.635350337,4438782.562884278,-1.2634275965033592,6
actual,1745423372.5411496,394663.6371882085,4438782.56230386,-1.2634992248158607,6
actual,1745423372.6411867,394663.63712768396,4438782.56218759,-1.263526120339634,6
actual,1745423372.741129,394663.6369929958,4438782.562003656,-1.2634840404513685,6
actual,1745423372.8410983,394663.636848721,4438782.561775086,-1.2634819111496811,6
actual,1745423372.9410975,394663.6367249783,4438782.563359349,-1.2635093477255226,6
actual,1745423373.0411038,394663.63648760447,4438782.563404273,-1.2634987012170855,6
actual,1745423373.1411152,394663.63623625855,4438782.563407059,-1.2635000276673167,6
actual,1745423373.241102,394663.63586780743,4438782.563395862,-1.2634792582492183,6
actual,1745423373.3411336,394663.63548754086,4438782.563346211,-1.2634550156259077,6
actual,1745423373.441114,394663.63836221676,4438782.562879869,-1.263460618132807,6
actual,1745423373.5410163,394663.63838008384,4438782.562775401,-1.2634299876044344,6
actual,1745423373.6411464,394663.6383321446,4438782.562658047,-1.2634297258050466,6
actual,1745423373.7411215,394663.6383054401,4438782.562480853,-1.2634401105140955,6
actual,1745423373.8410974,394663.6381666807,4438782.562291209,-1.2634182764451534,6
actual,1745423373.9410934,394663.6366250327,4438782.561554385,-1.2635234674391713,6
actual,1745423374.0411196,394663.63631154003,4438782.561441183,-1.2634821904023616,6
actual,1745423374.1411178,394663.6360087734,4438782.561234125,-1.2634952280118739,6
actual,1745423374.2410994,394663.6356542773,4438782.561052595,-1.2635085448740666,6
actual,1745423374.3410997,394663.6352159577,4438782.560791447,-1.263463009233882,6
actual,1745423374.4410963,394663.63699691993,4438782.561678006,-1.2634843197040486,6
actual,1745423374.5410933,394663.6369202566,4438782.561528243,-1.263473132143544,6
actual,1745423374.6410954,394663.63682615804,4438782.56132444,-1.2634947044130982,6
actual,1745423374.741114,394663.6366470116,4438782.561118418,-1.2634600770807387,6
actual,1745423374.8411021,394663.636513633,4438782.560906703,-1.2634784553977625,6
actual,1745423374.9410968,394663.6386446586,4438782.561459005,-1.2635245320900148,6
actual,1745423375.0411253,394663.6386245695,4438782.561457162,-1.2635136063288976,6
actual,1745423375.1410491,394663.6385711853,4438782.561467895,-1.2634800611006742,6
actual,1745423375.2410939,394663.6385108491,4438782.561457167,-1.2634693971389446,6
actual,1745423375.3411193,394663.6383981062,4438782.561453363,-1.2634696589383323,6
actual,1745423375.4410946,394663.63737613603,4438782.562436796,-1.263522123535647,6
actual,1745423375.5411077,394663.63715167966,4438782.562522422,-1.2635010923181607,6
actual,1745423375.6411269,394663.63685206696,4438782.562576833,-1.2634835168525929,6
actual,1745423375.7411275,394663.63650295197,4438782.562623296,-1.2634379812124086,6
actual,1745423375.841114,394663.63618689356,4438782.562655233,-1.2634281201021345,6
actual,1745423375.9410958,394663.63594490645,4438782.562551019,-1.2635279878419339,6
actual,1745423376.0411232,394663.63569981937,4438782.562523967,-1.2635021569690041,6
actual,1745423376.1411283,394663.63546159887,4438782.562474597,-1.2634992248158607,6
actual,1745423376.2411244,394663.63515672396,4438782.562420388,-1.2634720674926998,6
actual,1745423376.3410935,394663.6348414377,4438782.56235611,-1.2634765878954626,6
actual,1745423376.4411361,394663.63680812897,4438782.5625196565,-1.263552230465244,6
actual,1745423376.5411334,394663.63671194063,4438782.5625443645,-1.2635761938358738,6
actual,1745423376.641125,394663.6365234818,4438782.562580806,-1.26352692319109,6
actual,1745423376.741005,394663.63634696987,4438782.562567085,-1.26352692319109,6
actual,1745423376.8410888,394663.6360933983,4438782.56255787,-1.263534375746996,6
actual,1745423376.941092,394663.63691638125,4438782.561997649,-1.2635346549996767,6
actual,1745423377.0411334,394663.6367355679,4438782.561914708,-1.2635106741757542,6
actual,1745423377.1411045,394663.63646963687,4438782.561860217,-1.2634707410424681,6
actual,1745423377.241131,394663.6362470563,4438782.561793908,-1.263498421964405,6
actual,1745423377.3411255,394663.6359481558,4438782.561724125,-1.2634699381910124,6
actual,1745423377.4411237,394663.6377160828,4438782.561863266,-1.263538913603051,6
actual,1745423377.54109,394663.63761211303,4438782.561824531,-1.2635128034774412,6
actual,1745423377.6411304,394663.6375033854,4438782.561755806,-1.263512279878666,6
actual,1745423377.7411218,394663.6372971758,4438782.561647483,-1.2634968337147856,6
actual,1745423377.841121,394663.63706422993,4438782.56151038,-1.263515473831197,6
actual,1745423377.9410942,394663.63787854,4438782.563645258,-1.2635572919200748,6
actual,1745423378.0411263,394663.6377214883,4438782.563742571,-1.2635232056397832,6
actual,1745423378.1411242,394663.6375190204,4438782.56381434,-1.263504024471304,6
actual,1745423378.2411292,394663.6373175377,4438782.563874642,-1.2635253349414706,6
actual,1745423378.3410962,394663.63707855763,4438782.563901234,-1.2635263995923147,6
actual,1745423378.4411297,394663.6380054045,4438782.562570964,-1.2635650062753685,6
actual,1745423378.541102,394663.6379085687,4438782.562482465,-1.2635660709262124,6
actual,1745423378.641129,394663.63776425936,4438782.562398521,-1.2635327874973767,6
actual,1745423378.741126,394663.63757295837,4438782.562291041,-1.2635263995923147,6
actual,1745423378.8411126,394663.6373217402,4438782.562187464,-1.263520535286028,6
actual,1745423378.9410946,394663.6384599159,4438782.563422116,-1.2635117388265977,6
actual,1745423379.0410945,394663.63838464266,4438782.563455112,-1.263520535286028,6
actual,1745423379.1411057,394663.6382773176,4438782.563454391,-1.2635234674391713,6
actual,1745423379.2411022,394663.63810642593,4438782.563444904,-1.263534375746996,6
actual,1745423379.3410952,394663.6379053665,4438782.5634544715,-1.2635218617362596,6
actual,1745423379.441131,394663.6384706148,4438782.563017011,-1.2635290524927774,6
actual,1745423379.541124,394663.6383721839,4438782.562979382,-1.2635317228465333,6
actual,1745423379.6410995,394663.6382340344,4438782.562906729,-1.2635319846459208,6
actual,1745423379.741093,394663.63806678937,4438782.5628248295,-1.2635226645877153,6
actual,1745423379.8410978,394663.6378292149,4438782.562742861,-1.2635317228465333,6
actual,1745423379.9410057,394663.6366922057,4438782.562486022,-1.2635506247623323,6
actual,1745423380.0410986,394663.63651626866,4438782.56232472,-1.2635333110961524,6
actual,1745423380.14112,394663.63628449437,4438782.562143506,-1.2635341139476084,6
actual,1745423380.2411215,394663.63591933076,4438782.56193144,-1.2635279878419339,6
actual,1745423380.3411438,394663.6355894325,4438782.561653408,-1.2635426311543578,6
actual,1745423380.441132,394663.637774489,4438782.561313008,-1.263564744475981,6
actual,1745423380.5410993,394663.6377176232,4438782.561242255,-1.2635751291850303,6
actual,1745423380.6410964,394663.63756551064,4438782.561108681,-1.2635506247623323,6
actual,1745423380.7411206,394663.63751194126,4438782.560907825,-1.2635357196505201,6
actual,1745423380.8411202,394663.6373110986,4438782.560761136,-1.2635546215663191,6
actual,1745423380.9410896,394663.63658792805,4438782.561128133,-1.2635418457561944,6
actual,1745423381.041124,394663.6364538609,4438782.561069563,-1.2635567508680066,6
actual,1745423381.1411214,394663.63608232397,4438782.561059316,-1.2635373079001393,6
actual,1745423381.2411392,394663.63566791214,4438782.561031403,-1.263530378943009,6
actual,1745423381.3411293,394663.6352791162,4438782.561016346,-1.2635176031328845,6
actual,1745423381.441125,394663.63716200297,4438782.561377123,-1.2635351785984519,6
actual,1745423381.5411239,394663.6370773303,4438782.5613459265,-1.2635386518036635,6
actual,1745423381.6411269,394663.63698951673,4438782.561280018,-1.2635357196505201,6
actual,1745423381.74112,394663.63679512334,4438782.561225342,-1.2635013541175484,6
actual,1745423381.841125,394663.63660818926,4438782.561142364,-1.2635133445295095,6
actual,1745423381.9411252,394663.6360330641,4438782.561113321,-1.2635612887240617,6
actual,1745423382.0411334,394663.63580625434,4438782.561085833,-1.2635716734331113,6
actual,1745423382.1410058,394663.63552480727,4438782.561051807,-1.2635527540640197,6
actual,1745423382.2410936,394663.6352177595,4438782.560989005,-1.2635548833657073,6
actual,1745423382.34109,394663.6348866536,4438782.56090874,-1.263562074122225,6
actual,1745423382.4411,394663.6376000942,4438782.5624036295,-1.263543695805202,6
actual,1745423382.541123,394663.6375855148,4438782.562411486,-1.2635207970854154,6
actual,1745423382.6410372,394663.6375343199,4438782.56241334,-1.2635082830746787,6
actual,1745423382.7411265,394663.6374281926,4438782.562379451,-1.2634803229000617,6
actual,1745423382.841163,394663.6372898797,4438782.562417791,-1.2634504952231451,6
actual,1745423382.9410965,394663.6361019262,4438782.56253348,-1.2634962926627173,6
actual,1745423383.0410984,394663.63597154757,4438782.562545061,-1.2635234674391713,6
actual,1745423383.141123,394663.6357595612,4438782.562591468,-1.263540781105351,6
actual,1745423383.2411191,394663.63554208627,4438782.562607283,-1.2635469072110255,6
actual,1745423383.3410935,394663.6352335355,4438782.562654605,-1.263532525697989,6
actual,1745423383.4410985,394663.63630123995,4438782.563894368,-1.2635469072110255,6
actual,1745423383.5411305,394663.63620500907,4438782.5639880905,-1.2635013541175484,6
actual,1745423383.6411064,394663.63609020656,4438782.564028504,-1.2635141473809652,6
actual,1745423383.7411273,394663.6359153351,4438782.564058769,-1.2634976365662416,6
actual,1745423383.8411012,394663.6371145259,4438782.563480524,-1.2635660709262124,6
actual,1745423383.9411373,394663.63703645323,4438782.563473327,-1.2635583565709183,6
actual,1745423384.0410511,394663.6369806342,4438782.563463634,-1.2635527540640197,6
actual,1745423384.1410918,394663.636917934,4438782.563443593,-1.2635301171436215,6
actual,1745423384.2411308,394663.6368230138,4438782.56334111,-1.2635543597669314,6
actual,1745423384.3410892,394663.63659550826,4438782.563266346,-1.2635301171436215,6
actual,1745423384.4411228,394663.6378143007,4438782.563104399,-1.2635088241267467,6
actual,1745423384.5410466,394663.63771018846,4438782.563024722,-1.2634808464988376,6
actual,1745423384.6411269,394663.63754426764,4438782.56290712,-1.2634462366197705,6
actual,1745423384.741134,394663.63741639414,4438782.562810195,-1.263444107318083,6
actual,1745423384.8411372,394663.63720149366,4438782.562634338,-1.2634092181863354,6
actual,1745423384.9411235,394663.6359875469,4438782.561862776,-1.2634659413870255,6
actual,1745423385.0410914,394663.63570695964,4438782.561752359,-1.2634574241802758,6
actual,1745423385.1410935,394663.6353269301,4438782.561555789,-1.2634259908004475,6
actual,1745423385.2411733,394663.6348852331,4438782.561407276,-1.2634036156794368,6
actual,1745423385.3411508,394663.6344421215,4438782.561251021,-1.2633924281189315,6
actual,1745423385.4411328,394663.6350131132,4438782.561471018,-1.2635141473809652,6
actual,1745423385.541093,394663.63476938923,4438782.561485171,-1.2635026980210724,6
actual,1745423385.6411278,394663.6344653349,4438782.561487453,-1.2635021569690041,6
actual,1745423385.7410915,394663.63415881735,4438782.561457974,-1.2635149327791289,6
actual,1745423385.8411255,394663.6337768769,4438782.561477031,-1.2635002894667047,6
actual,1745423385.9411588,394663.63514907117,4438782.562076894,-1.2635492983121006,6
actual,1745423386.041102,394663.6349827717,4438782.562116554,-1.2635162766826529,6
actual,1745423386.1411085,394663.63483505265,4438782.562150337,-1.2635101505769784,6
actual,1745423386.241127,394663.634618548,4438782.562190861,-1.2634843197040486,6
actual,1745423386.3411303,394663.6344273723,4438782.562231082,-1.2634779317989866,6
actual,1745423386.4411047,394663.6362403629,4438782.562857005,-1.2635202734866398,6
actual,1745423386.5410943,394663.6362464028,4438782.562981082,-1.2635181441849528,6
actual,1745423386.641097,394663.6361553838,4438782.563097891,-1.2634827140011369,6
actual,1745423386.7410917,394663.6361196957,4438782.563227054,-1.2634843197040486,6
actual,1745423386.8411012,394663.6359810588,4438782.563341083,-1.2634510188219208,6
actual,1745423386.9410918,394663.6359650049,4438782.561640948,-1.2635061537729915,6
actual,1745423387.0410924,394663.63583412836,4438782.561552583,-1.263468873540169,6
actual,1745423387.141099,394663.63569933025,4438782.56140118,-1.263485122555505,6
actual,1745423387.2410932,394663.6354951943,4438782.561263857,-1.263475523244619,6
actual,1745423387.3410916,394663.635226698,4438782.561148082,-1.2634355726580406,6
actual,1745423387.4410863,394663.63622284745,4438782.561966198,-1.2634992248158607,6
actual,1745423387.5411003,394663.63611040707,4438782.561959577,-1.2634992248158607,6
actual,1745423387.641099,394663.63602965756,4438782.561905547,-1.2635184059843403,6
actual,1745423387.741118,394663.6358243009,4438782.561837774,-1.2634896429582676,6
actual,1745423387.8410988,394663.63558855903,4438782.561792618,-1.2634718056933123,6
actual,1745423387.9410903,394663.63552434597,4438782.562085177,-1.263471264641244,6
actual,1745423388.041093,394663.63537901425,4438782.562115902,-1.2634494305723016,6
actual,1745423388.1411216,394663.6351444952,4438782.562139871,-1.2634073506840362,6
actual,1745423388.2411768,394663.6348479866,4438782.56214655,-1.2633815198111062,6
actual,1745423388.3411124,394663.6344665314,4438782.562180151,-1.2633399635216165,6
actual,1745423388.4411333,394663.6365084634,4438782.5618517995,-1.2634771289475308,6
actual,1745423388.5411031,394663.6363881636,4438782.561832489,-1.2634278583027467,6
actual,1745423388.6411018,394663.63629201625,4438782.561817361,-1.2634454337683148,6
actual,1745423388.741091,394663.63609490765,4438782.561812105,-1.263377784806507,6
actual,1745423388.841088,394663.6359107264,4438782.561807508,-1.263391642720768,6
actual,1745423388.9410498,394663.6368499216,4438782.562754341,-1.2634893811588797,6
actual,1745423389.041134,394663.6367924547,4438782.562826009,-1.2634896429582676,6
actual,1745423389.1410234,394663.636690972,4438782.562870028,-1.263473132143544,6
actual,1745423389.2410963,394663.6365408763,4438782.562961832,-1.2634299876044344,6
actual,1745423389.3410964,394663.63638348185,4438782.563043283,-1.2633868430653248,6
actual,1745423389.4411004,394663.63691198674,4438782.563312985,-1.2634536891756767,6
actual,1745423389.5410328,394663.63682356,4438782.563339436,-1.2634259908004475,6
actual,1745423389.6411238,394663.6366744878,4438782.563392313,-1.2634076124834237,6
actual,1745423389.7410934,394663.6365290824,4438782.563405319,-1.2633911016686998,6
actual,1745423389.8410895,394663.6364197529,4438782.563404147,-1.2633892341664006,6
actual,1745423389.9411228,394663.6367914173,4438782.562798413,-1.2635357196505201,6
actual,1745423390.0411222,394663.63666515565,4438782.5627817605,-1.2635173413334968,6
actual,1745423390.1411304,394663.6365642432,4438782.562725726,-1.2635266613917022,6
actual,1745423390.2411344,394663.63642267336,4438782.562729513,-1.2635530158634074,6
actual,1745423390.3411236,394663.6362023157,4438782.5627337275,-1.2635327874973767,6
actual,1745423390.4411235,394663.63691860373,4438782.56365727,-1.263560485872606,6
actual,1745423390.5411227,394663.63681271096,4438782.56371601,-1.2635508865617198,6
actual,1745423390.641124,394663.63666080905,4438782.56379632,-1.2635034834192358,6
actual,1745423390.7411427,394663.6365135475,4438782.563831414,-1.2634811257515177,6
actual,1745423390.8411136,394663.63636758015,4438782.56390423,-1.2634843197040486,6
actual,1745423390.9411263,394663.63578844036,4438782.562096944,-1.263547971861869,6
actual,1745423391.0410903,394663.63563381205,4438782.561992637,-1.2635474308098011,6
actual,1745423391.1410432,394663.6354602584,4438782.561911539,-1.26352692319109,6
actual,1745423391.2411203,394663.6353033647,4438782.561791351,-1.2635378489522076,6
actual,1745423391.3410919,394663.63514874724,4438782.561626138,-1.2635234674391713,6
actual,1745423391.4411302,394663.63577301573,4438782.561450355,-1.2635109534284343,6
actual,1745423391.5411263,394663.6357295691,4438782.561359983,-1.2634893811588797,6
actual,1745423391.6411192,394663.6356778496,4438782.561279957,-1.263479520048606,6
actual,1745423391.7410903,394663.63562324754,4438782.56116344,-1.2634808464988376,6
actual,1745423391.8411238,394663.63551422965,4438782.561044686,-1.2635018951696164,6
actual,1745423391.941033,394663.6369032311,4438782.562256048,-1.2635980279048162,6
actual,1745423392.0410595,394663.6369505152,4438782.562232471,-1.263593245702666,6
actual,1745423392.1410947,394663.6369254107,4438782.562250649,-1.2635476926091889,6
actual,1745423392.2410927,394663.6369131537,4438782.562260297,-1.2635215999368714,6
actual,1745423392.3410978,394663.63689581974,4438782.562247199,-1.263512279878666,6
actual,1745423392.4410949,394663.6374117047,4438782.5622388385,-1.2635551626183874,6
actual,1745423392.5410953,394663.6373574307,4438782.562191457,-1.2635391754024392,6
actual,1745423392.6410997,394663.6373142613,4438782.56210777,-1.2635375696995275,6
actual,1745423392.7410994,394663.63719409914,4438782.562046053,-1.263519732434572,6
actual,1745423392.8410923,394663.636983364,4438782.561941322,-1.263485122555505,6
actual,1745423392.9411278,394663.6372323651,4438782.562047877,-1.2635218617362596,6
actual,1745423393.041125,394663.6370687958,4438782.5620006155,-1.2634808464988376,6
actual,1745423393.1411319,394663.6368897763,4438782.561889077,-1.2634416987637154,6
actual,1745423393.2411067,394663.6367000926,4438782.5617783135,-1.2634041567315046,6
actual,1745423393.3411236,394663.6364578368,4438782.561634612,-1.2633809787590387,6
actual,1745423393.4411275,394663.6361986273,4438782.562629307,-1.2634771289475308,6
actual,1745423393.5410116,394663.63600832515,4438782.562627233,-1.2634848433028245,6
actual,1745423393.6411238,394663.63569652033,4438782.562674576,-1.263410544636567,6
actual,1745423393.7411258,394663.63536959613,4438782.562697148,-1.2633921663195433,6
actual,1745423393.8411272,394663.634986009,4438782.562697144,-1.2633721997529008,6
actual,1745423393.9411283,394663.636471746,4438782.56256255,-1.2634883165080362,6
actual,1745423394.0411289,394663.6364323169,4438782.56253298,-1.2634832550532051,6
actual,1745423394.1411233,394663.63634728617,4438782.562442507,-1.2635037626719159,6
actual,1745423394.241124,394663.6361988899,4438782.562400289,-1.2634978983656295,6
actual,1745423394.3411222,394663.6360606713,4438782.56235491,-1.2634962926627173,6
actual,1745423394.4411278,394663.63755794097,4438782.562300169,-1.2635317228465333,6
actual,1745423394.5410924,394663.6375382953,4438782.562268399,-1.263518667783728,6
actual,1745423394.6411214,394663.6375315534,4438782.562242695,-1.2635271849904781,6
actual,1745423394.7410903,394663.63749892777,4438782.562206563,-1.2635423693549703,6
actual,1745423394.8411276,394663.6373531269,4438782.562175248,-1.2635034834192358,6
actual,1745423394.9411178,394663.6363587738,4438782.563092424,-1.2635146709797411,6
actual,1745423395.0410955,394663.6361187517,4438782.563172067,-1.2635210588848031,6
actual,1745423395.1410959,394663.6358177146,4438782.563298464,-1.2634893811588797,6
actual,1745423395.2410452,394663.63546922215,4438782.563439476,-1.2634827140011369,6
actual,1745423395.3411193,394663.6350574364,4438782.563566405,-1.2634510188219208,6
actual,1745423395.4410925,394663.6357535586,4438782.5633924985,-1.2634920340593427,6
actual,1745423395.5411277,394663.6355710234,4438782.563406752,-1.2634544920271324,6
actual,1745423395.641113,394663.63535641396,4438782.5634377645,-1.2634419780163955,6
actual,1745423395.7411027,394663.63509414165,4438782.563466736,-1.2634121503394788,6
actual,1745423395.8410964,394663.6347693773,4438782.563511184,-1.2633772612077319,6
actual,1745423395.941094,394663.6353036534,4438782.5632555485,-1.2634624856351062,6
actual,1745423396.0411317,394663.63509743795,4438782.563266504,-1.2634627474344944,6
actual,1745423396.1411304,394663.6348596849,4438782.563318718,-1.2634385048111838,6
actual,1745423396.2411013,394663.63459679356,4438782.563341152,-1.2634297258050466,6
actual,1745423396.3411615,394663.6342674564,4438782.563359011,-1.2634012245783617,6
actual,1745423396.441102,394663.63544301636,4438782.563653161,-1.2635024187683923,6
actual,1745423396.5411282,394663.6353753433,4438782.563682369,-1.2635277260425457,6
actual,1745423396.641126,394663.63529236615,4438782.563712154,-1.2635527540640197,6
actual,1745423396.7410963,394663.6351341525,4438782.563776186,-1.2635575537194625,6
actual,1745423396.8411317,394663.63490415836,4438782.5638397755,-1.2635349167990642,6
actual,1745423396.941126,394663.6355517856,4438782.56322186,-1.2635069566244475,6
actual,1745423397.041121,394663.63539585174,4438782.56321098,-1.2635202734866398,6
actual,1745423397.1410985,394663.6351904307,4438782.563184247,-1.263511215227822,6
actual,1745423397.2411,394663.63499003986,4438782.563135983,-1.2635082830746787,6
actual,1745423397.3410916,394663.63468966004,4438782.563102541,-1.2634970955141738,6
actual,1745423397.4410932,394663.63553097873,4438782.563525121,-1.2635226645877153,6
actual,1745423397.541123,394663.63535025914,4438782.5635105455,-1.263515473831197,6
actual,1745423397.6410987,394663.63512176595,4438782.56352703,-1.2635157356305846,6
actual,1745423397.7411008,394663.6348009127,4438782.563509126,-1.2634939015616422,6
actual,1745423397.8410945,394663.6344600099,4438782.563504407,-1.2634683324881006,6
actual,1745423397.9410987,394663.6364448082,4438782.564057248,-1.263519732434572,6
actual,1745423398.0411198,394663.6364176572,4438782.564121676,-1.2634968337147856,6
actual,1745423398.141096,394663.6364010498,4438782.564205,-1.2634978983656295,6
actual,1745423398.2410963,394663.6363623434,4438782.564320142,-1.2635085448740666,6
actual,1745423398.3410914,394663.6362576642,4438782.564445466,-1.2634861872063485,6
actual,1745423398.4410946,394663.63633426436,4438782.562952761,-1.263522926387103,6
actual,1745423398.5410936,394663.6362560273,4438782.562843155,-1.2635466279583454,6
actual,1745423398.6410997,394663.636099144,4438782.562732533,-1.2635434340058138,6
actual,1745423398.7411182,394663.6358666483,4438782.562621205,-1.2634939015616422,6
actual,1745423398.8410974,394663.63565549644,4438782.562489755,-1.2635335903488325,6
actual,1745423398.9410954,394663.63609760604,4438782.562643214,-1.2635825817409363,6
actual,1745423399.0410926,394663.63604120177,4438782.562569376,-1.263598830756272,6
actual,1745423399.1410985,394663.63591189845,4438782.562491499,-1.2635615505234499,6
actual,1745423399.2410946,394663.63574266614,4438782.562443095,-1.2635192088357963,6
actual,1745423399.3410985,394663.63549564104,4438782.562381408,-1.2634707410424681,6
actual,1745423399.4410975,394663.6362591342,4438782.564062397,-1.2634693971389446,6
actual,1745423399.5411015,394663.6361655561,4438782.564134605,-1.2634672678372572,6
actual,1745423399.6411068,394663.63597552374,4438782.564184203,-1.2634142796411665,6
actual,1745423399.741132,394663.63583233295,4438782.5642246585,-1.2634060242338045,6
actual,1745423399.8411005,394663.6356871613,4438782.56428643,-1.2634009627789735,6
actual,1745423399.9411268,394663.6387536032,4438782.563355171,-1.2634922958587305,6
actual,1745423400.0411267,394663.63874158775,4438782.5632786695,-1.263499765867929,6
actual,1745423400.1411202,394663.63877648616,4438782.563203154,-1.2635136063288976,6
actual,1745423400.2411282,394663.6386010559,4438782.563125882,-1.2634757850440066,6
actual,1745423400.3411293,394663.6383901362,4438782.56303793,-1.2634635502859504,6
actual,1745423400.4411545,394663.63777030696,4438782.564181148,-1.2634957690639421,6
actual,1745423400.541141,394663.63763358706,4438782.5642799605,-1.2634518216733768,6
actual,1745423400.641125,394663.63747435395,4438782.564329718,-1.2634339844084213,6
actual,1745423400.7411253,394663.63735893473,4438782.564496901,-1.2634102828371794,6
actual,1745423400.841124,394663.63719535735,4438782.564611548,-1.2633974895737625,6
actual,1745423400.941102,394663.6354853549,4438782.563912161,-1.263500568719385,6
actual,1745423401.04113,394663.6352303052,4438782.5638571335,-1.2634736557423192,6
actual,1745423401.1411576,394663.6349191869,4438782.563798107,-1.2634608799321945,6
actual,1745423401.241164,394663.6345451762,4438782.56372426,-1.2634281201021345,6
actual,1745423401.3411267,394663.63415619597,4438782.563676263,-1.2634046803302803,6
actual,1745423401.441127,394663.6353304948,4438782.562637371,-1.2635061537729915,6
actual,1745423401.5411158,394663.6352433265,4438782.562560365,-1.2635069566244475,6
actual,1745423401.6410954,394663.6351431657,4438782.562533067,-1.2635085448740666,6
actual,1745423401.7410948,394663.6349968676,4438782.562532487,-1.2634616827836505,6
actual,1745423401.8411248,394663.6348582633,4438782.56252072,-1.263430249403822,6
actual,1745423401.9410942,394663.6352409266,4438782.563877639,-1.2635074802232227,6
actual,1745423402.0410945,394663.6352193351,4438782.56399831,-1.263507218423835,6
actual,1745423402.1410925,394663.63513315027,4438782.564100558,-1.2634840404513685,6
actual,1745423402.2411304,394663.63499347144,4438782.564155354,-1.2634646149367939,6
actual,1745423402.3411236,394663.63483322447,4438782.564197715,-1.2634784553977625,6
actual,1745423402.441126,394663.6350487163,4438782.564502979,-1.2635357196505201,6
actual,1745423402.541122,394663.6349205886,4438782.564562426,-1.2635346549996767,6
actual,1745423402.641124,394663.63473837654,4438782.564649763,-1.2634624856351062,6
actual,1745423402.7411036,394663.63456291804,4438782.564703829,-1.2634733939429315,6
actual,1745423402.8411076,394663.6343385152,4438782.564679772,-1.2634707410424681,6
actual,1745423402.9411266,394663.63509446254,4438782.563135873,-1.2635381107515953,6
actual,1745423403.0411265,394663.63497301604,4438782.563063692,-1.26352692319109,6
actual,1745423403.1411266,394663.6348299884,4438782.562959957,-1.2635357196505201,6
actual,1745423403.2411335,394663.63467395457,4438782.562886753,-1.2635351785984519,6
actual,1745423403.3410666,394663.6345021112,4438782.56278899,-1.2635698059308118,6
actual,1745423403.4411328,394663.6358617932,4438782.562636763,-1.2635780613381737,6
actual,1745423403.5411406,394663.63580351253,4438782.562638522,-1.2635908371482982,6
actual,1745423403.6411326,394663.63570854353,4438782.562650355,-1.263599633607728,6
actual,1745423403.7410948,394663.6355869393,4438782.562645841,-1.2635935075020535,6
actual,1745423403.8411283,394663.635412541,4438782.56264395,-1.2635575537194625,6
actual,1745423403.9411166,394663.6370217084,4438782.563869546,-1.2635327874973767,6
actual,1745423404.0410936,394663.63704130496,4438782.563956025,-1.2635317228465333,6
actual,1745423404.1410544,394663.63704833743,4438782.564043022,-1.2635074802232227,6
actual,1745423404.241091,394663.6371132399,4438782.564119068,-1.2635133445295095,6
actual,1745423404.341092,394663.6370751513,4438782.564188183,-1.2634922958587305,6
actual,1745423404.441131,394663.6369649719,4438782.563999722,-1.2634893811588797,6
actual,1745423404.5410955,394663.6368850975,4438782.564087479,-1.2635013541175484,6
actual,1745423404.6411724,394663.63669317454,4438782.564172609,-1.2635029598204601,6
actual,1745423404.7410932,394663.63646285667,4438782.564280678,-1.26347871719715,6
actual,1745423404.8410933,394663.63621204,4438782.564392306,-1.2634632710332696,6
actual,1745423404.941095,394663.63690101105,4438782.564811665,-1.2634981601650173,6
actual,1745423405.041128,394663.6368258994,4438782.564885112,-1.2634970955141738,6
actual,1745423405.141137,394663.6367233989,4438782.564995168,-1.2634883165080362,6
actual,1745423405.2410994,394663.6365776675,4438782.5651336135,-1.2634861872063485,6
actual,1745423405.341142,394663.6364741203,4438782.565242041,-1.263515473831197,6
actual,1745423405.4411263,394663.63714655384,4438782.565073292,-1.2635687412799679,6
actual,1745423405.5411007,394663.6371292167,4438782.565208019,-1.2635503629629445,6
actual,1745423405.641093,394663.63705121254,4438782.565260883,-1.2635146709797411,6
actual,1745423405.7410474,394663.63689020247,4438782.565400971,-1.263475261445231,6
actual,1745423405.8411248,394663.63683755,4438782.565483195,-1.263479520048606,6
actual,1745423405.9411335,394663.63594264,4438782.562853255,-1.263531461047145,6
actual,1745423406.0410962,394663.63573099306,4438782.562735597,-1.2634883165080362,6
actual,1745423406.14112,394663.6356282874,4438782.562567033,-1.2635010923181607,6
actual,1745423406.241127,394663.6354011637,4438782.562345085,-1.2634749996458432,6
actual,1745423406.341124,394663.63518737146,4438782.562147098,-1.2634765878954626,6
actual,1745423406.4411,394663.6362941966,4438782.564824756,-1.2635125416780535,6
actual,1745423406.5410895,394663.6361616066,4438782.565003,-1.2634707410424681,6
actual,1745423406.6410923,394663.6360087802,4438782.5651991805,-1.2634438280654023,6
actual,1745423406.741159,394663.63577652525,4438782.5654008845,-1.2633876459167808,6
actual,1745423406.841103,394663.635559118,4438782.565635302,-1.2633764583562754,6
actual,1745423406.941097,394663.63671371876,4438782.564264534,-1.2635210588848031,6
actual,1745423407.0411315,394663.636621405,4438782.56431938,-1.2635085448740666,6
actual,1745423407.1410894,394663.6364917542,4438782.56437695,-1.2635098887775909,6
actual,1745423407.24109,394663.63637029484,4438782.564477818,-1.2635133445295095,6
actual,1745423407.341092,394663.63625310105,4438782.5645513795,-1.2635290524927774,6
actual,1745423407.4410427,394663.6352649679,4438782.564257689,-1.263554097967544,6
actual,1745423407.541095,394663.6350021394,4438782.564209602,-1.2635170795341086,6
actual,1745423407.6411123,394663.63480667653,4438782.564182653,-1.2635282496413216,6
actual,1745423407.7411199,394663.6346148082,4438782.564136238,-1.263524270290627,6
actual,1745423407.8410952,394663.6343485747,4438782.5641185315,-1.2635215999368714,6
actual,1745423407.941129,394663.6365565112,4438782.563683377,-1.2635964396551969,6
actual,1745423408.041091,394663.6366786351,4438782.563169403,-1.2636305259354887,6
actual,1745423408.1410966,394663.63673807203,4438782.562929007,-1.2636843169830347,6
actual,1745423408.2410994,394663.6366597905,4438782.562885457,-1.2636744733260536,6
actual,1745423408.341099,394663.6365360973,4438782.562832472,-1.2636534246552746,6
actual,1745423408.4410982,394663.63647052745,4438782.562001085,-1.2636502307027435,6
actual,1745423408.5410979,394663.6363363371,4438782.5618932005,-1.263624661629202,6
actual,1745423408.6411228,394663.6361804105,4438782.56175361,-1.263583122793004,6
actual,1745423408.74109,394663.6359950343,4438782.561595683,-1.2635612887240617,6
actual,1745423408.8410938,394663.63583278126,4438782.561428671,-1.2635469072110255,6
actual,1745423408.9410937,394663.6376560791,4438782.562068876,-1.2634888401068114,6
actual,1745423409.0411005,394663.63757454196,4438782.562055998,-1.2634241232981476,6
actual,1745423409.1411269,394663.6375522136,4438782.561937934,-1.2634329197575778,6
actual,1745423409.2411332,394663.63752506976,4438782.561829067,-1.2634539509750642,6
actual,1745423409.3411303,394663.63739883126,4438782.5617796425,-1.2634275965033592,6
actual,1745423409.4411333,394663.63737127924,4438782.563194512,-1.2634667442384813,6
actual,1745423409.5410938,394663.63733554445,4438782.563135485,-1.2634856461542803,6
actual,1745423409.641125,394663.6371929613,4438782.5631393315,-1.2634773907469183,6
actual,1745423409.74109,394663.63703930296,4438782.563260317,-1.2634499541710773,6
actual,1745423409.8411293,394663.6369162492,4438782.563327543,-1.2634448927162465,6
actual,1745423409.9411278,394663.6369105496,4438782.563104435,-1.2635469072110255,6
actual,1745423410.0411563,394663.63679800124,4438782.563082611,-1.2635176031328845,6
actual,1745423410.141095,394663.63670598983,4438782.562954012,-1.2635029598204601,6
actual,1745423410.241117,394663.63654229476,4438782.562857482,-1.2634773907469183,6
actual,1745423410.3411233,394663.6363549718,4438782.562765404,-1.2634779317989866,6
actual,1745423410.441094,394663.6372489486,4438782.564194059,-1.2635237292385588,6
actual,1745423410.5410903,394663.6371462927,4438782.564277857,-1.263510412376366,6
actual,1745423410.6410089,394663.6370389559,4438782.56433525,-1.2635106741757542,6
actual,1745423410.7410934,394663.63690066244,4438782.564369286,-1.2635061537729915,6
actual,1745423410.841121,394663.63670314493,4438782.564439072,-1.2634864490057363,6
actual,1745423410.9411259,394663.63683808286,4438782.563536697,-1.2635322464453085,6
actual,1745423411.041122,394663.63674972864,4438782.563570628,-1.2635037626719159,6
actual,1745423411.1410935,394663.6366177821,4438782.563672679,-1.2634582095784392,6
actual,1745423411.2411413,394663.636538212,4438782.5637531355,-1.2634654003349572,6
actual,1745423411.3410103,394663.63635927846,4438782.56383004,-1.2634318551067338,6
actual,1745423411.4410896,394663.63734600984,4438782.563872826,-1.2635088241267467,6
actual,1745423411.5411258,394663.6372988365,4438782.563934916,-1.263503221619848,6
actual,1745423411.6410954,394663.6371659949,4438782.563929357,-1.263487251857192,6
actual,1745423411.7411246,394663.6370444228,4438782.563902874,-1.2634723292920875,6
actual,1745423411.8410919,394663.6368615594,4438782.56388624,-1.2634741967943874,6
actual,1745423411.9411125,394663.6360078028,4438782.562435722,-1.2635266613917022,6
actual,1745423412.041089,394663.63575590664,4438782.562295519,-1.2634883165080362,6
actual,1745423412.1410897,394663.6354357786,4438782.562202541,-1.2634592742292827,6
actual,1745423412.241112,394663.6350930017,4438782.562022704,-1.2634582095784392,6
actual,1745423412.3411014,394663.6347062138,4438782.561901694,-1.2634651385355695,6
actual,1745423412.4411402,394663.63743287214,4438782.563786785,-1.2635415665035143,6
actual,1745423412.5410988,394663.6373669696,4438782.56386949,-1.2635234674391713,6
actual,1745423412.6410973,394663.63726545416,4438782.563998297,-1.2635365050486835,6
actual,1745423412.7410939,394663.63707057096,4438782.564059929,-1.263545842560182,6
actual,1745423412.841097,394663.6368189383,4438782.564174587,-1.263512279878666,6
actual,1745423412.9410918,394663.637352261,4438782.562467115,-1.263515473831197,6
actual,1745423413.0411046,394663.63723924686,4438782.562416451,-1.2635298553442333,6
actual,1745423413.1411014,394663.6370805049,4438782.562414807,-1.2635335903488325,6
actual,1745423413.2411087,394663.6368428276,4438782.56239782,-1.2635232056397832,6
actual,1745423413.3410966,394663.63652070117,4438782.56240126,-1.2635058919736035,6
actual,1745423413.441105,394663.638207907,4438782.562659103,-1.2635402400532827,6
actual,1745423413.5410938,394663.6381641819,4438782.562653638,-1.2635351785984519,6
actual,1745423413.641105,394663.63806059415,4438782.562711824,-1.263538913603051,6
actual,1745423413.7410967,394663.63788289763,4438782.562764395,-1.2635218617362596,6
actual,1745423413.841012,394663.63771386497,4438782.562841478,-1.263522926387103,6
actual,1745423413.9410994,394663.63696940534,4438782.56202666,-1.2635157356305846,6
actual,1745423414.0410936,394663.6367259277,4438782.561937118,-1.2635064155723792,6
actual,1745423414.1411166,394663.636572456,4438782.561843214,-1.2635378489522076,6
actual,1745423414.241133,394663.6363124456,4438782.561751714,-1.2635580773182382,6
actual,1745423414.3410943,394663.63593081135,4438782.56164843,-1.2635567508680066,6
actual,1745423414.4410923,394663.6375889679,4438782.5618026005,-1.2635056127209232,6
actual,1745423414.541125,394663.63751662197,4438782.561715858,-1.2635338521482207,6
actual,1745423414.6411216,394663.6374296489,4438782.561594575,-1.2635224027883272,6
actual,1745423414.7411275,394663.63726184866,4438782.561657224,-1.2635258585402465,6
actual,1745423414.8411312,394663.63706528646,4438782.561588624,-1.2635359814499076,6
actual,1745423414.941125,394663.63770107756,4438782.562425097,-1.2635319846459208,6
actual,1745423415.0411236,394663.63756676216,4438782.562408634,-1.263538913603051,6
actual,1745423415.1411238,394663.6374895259,4438782.562337017,-1.2635194706351838,6
actual,1745423415.2410934,394663.6373977914,4438782.562312682,-1.2635061537729915,6
actual,1745423415.3411195,394663.63722191897,4438782.562288929,-1.2634907076091113,6
actual,1745423415.4411144,394663.6362864948,4438782.562519189,-1.2635370461007518,6
actual,1745423415.541092,394663.6360570112,4438782.562563156,-1.2635021569690041,6
actual,1745423415.6410804,394663.63578782906,4438782.562559644,-1.263511215227822,6
actual,1745423415.7410896,394663.6355071629,4438782.562599088,-1.2634803229000617,6
actual,1745423415.8411033,394663.6352174383,4438782.562678531,-1.263463009233882,6
actual,1745423415.9410918,394663.6356412774,4438782.560880557,-1.2635583565709183,6
actual,1745423416.0411165,394663.6354856976,4438782.560754057,-1.2635642034239127,6
actual,1745423416.1411016,394663.6352585278,4438782.560631314,-1.263562876973681,6
actual,1745423416.2410395,394663.6349662577,4438782.560484578,-1.263555424417775,6
actual,1745423416.3410933,394663.634623763,4438782.5602887375,-1.2635501011635564,6
actual,1745423416.4411352,394663.6354694062,4438782.560894405,-1.2635410429047387,6
actual,1745423416.5411317,394663.6353341393,4438782.560900572,-1.263529314292165,6
actual,1745423416.6411293,394663.635199015,4438782.560875388,-1.2635277260425457,6
actual,1745423416.7411242,394663.63497737434,4438782.560829023,-1.2635335903488325,6
actual,1745423416.8410938,394663.63478552725,4438782.5607814025,-1.2635317228465333,6
actual,1745423416.941118,394663.6361074488,4438782.561020032,-1.263574588132962,6
actual,1745423417.041125,394663.6360838213,4438782.561059111,-1.2635588801696942,6
actual,1745423417.1411378,394663.636136763,4438782.561072194,-1.263592181051822,6
actual,1745423417.2411582,394663.6360022967,4438782.56104565,-1.2635484954606446,6
actual,1745423417.3411255,394663.635824978,4438782.561070438,-1.2635239910379465,6
actual,1745423417.4411294,394663.6369796113,4438782.562427679,-1.2635455633075012,6
actual,1745423417.541102,394663.63695576997,4438782.562535768,-1.2635285288940017,6
actual,1745423417.6411295,394663.63693740714,4438782.562698564,-1.2635058919736035,6
actual,1745423417.7410963,394663.63698048104,4438782.562849559,-1.2635024187683923,6
actual,1745423417.841126,394663.6368789595,4438782.562986512,-1.263485122555505,6
actual,1745423417.9411018,394663.6351222952,4438782.562282022,-1.2635535569154757,6
actual,1745423418.0411265,394663.63489163574,4438782.562242042,-1.263562074122225,6
actual,1745423418.1410148,394663.6346811197,4438782.562275292,-1.263551427613788,6
actual,1745423418.2410917,394663.63438627846,4438782.562262291,-1.2635503629629445,6
actual,1745423418.3410923,394663.63397242024,4438782.562217539,-1.2634816493502934,6
actual,1745423418.4410934,394663.63548510603,4438782.563963041,-1.2634720674926998,6
actual,1745423418.541092,394663.6354059264,4438782.564221766,-1.26343051120321,6
actual,1745423418.6411202,394663.63548328006,4438782.564370773,-1.2634190618433168,6
actual,1745423418.7410967,394663.6354573701,4438782.56441968,-1.2634765878954626,6
actual,1745423418.8411248,394663.6352806724,4438782.564380794,-1.2634733939429315,6
actual,1745423418.9410946,394663.6365234348,4438782.560354249,-1.26347871719715,6
actual,1745423419.0410898,394663.6366337809,4438782.56074774,-1.2634259908004475,6
actual,1745423419.1410909,394663.6365794471,4438782.561034474,-1.2633836491127939,6
actual,1745423419.2410946,394663.63651690056,4438782.56094491,-1.263337834219929,6
actual,1745423419.3410974,394663.6368759145,4438782.561178045,-1.2633716587008326,6
actual,1745423419.4411063,394663.63653836295,4438782.562448495,-1.2634667442384813,6
actual,1745423419.5411036,394663.6362834452,4438782.562686658,-1.2634438280654023,6
actual,1745423419.6411133,394663.63625238184,4438782.563048857,-1.263443042667239,6
actual,1745423419.7410975,394663.63619641523,4438782.563623555,-1.2634475630700017,6
actual,1745423419.841103,394663.6358300999,4438782.564043689,-1.263423058647304,6
actual,1745423419.9410942,394663.63464007655,4438782.560842835,-1.2633807169596505,6
actual,1745423420.041097,394663.634356032,4438782.560798154,-1.2633655325951583,6
actual,1745423420.1410987,394663.6338537952,4438782.560798459,-1.2633274495108797,6
actual,1745423420.241097,394663.6333817818,4438782.560806986,-1.2633010950391745,6
actual,1745423420.3411088,394663.6329601895,4438782.560810189,-1.2632864342734575,6
actual,1745423420.441099,394663.6359656954,4438782.560739412,-1.2635373079001393,6
actual,1745423420.5410979,394663.6359166482,4438782.560389171,-1.2635455633075012,6
actual,1745423420.6410975,394663.636047566,4438782.559326561,-1.2636134740686966,6
actual,1745423420.7411132,394663.6364002179,4438782.55739727,-1.2636744733260536,6
actual,1745423420.8410923,394663.6369509036,4438782.554813942,-1.2638126859495193,6
actual,1745423420.9411068,394663.6367387848,4438782.552243771,-1.2639442488685342,6
actual,1745423421.041092,394663.63733667554,4438782.548897556,-1.264130929285328,6
actual,1745423421.141115,394663.63795636455,4438782.544990243,-1.2643285354632385,6
actual,1745423421.241096,394663.6389124693,4438782.540461124,-1.2645626364758087,6
actual,1745423421.341115,394663.63988044776,4438782.535629429,-1.2648236155588592,6
actual,1745423421.4410903,394663.6450024329,4438782.530593424,-1.2650811388899912,6
actual,1745423421.5410624,394663.6466095892,4438782.525379765,-1.2653647723467325,6
actual,1745423421.641095,394663.6481972067,4438782.520053247,-1.2656265542812393,6
actual,1745423421.7411494,394663.64866713027,4438782.518426355,-1.265712319760682,6
