type,timestamp,x,y,yaw,target_waypoint_idx
actual,1745423891.288453,394656.01957544545,4438783.207194223,0.015943006758314993,0
actual,1745423891.2886035,394656.01957544545,4438783.207194223,0.015943006758314993,0
actual,1745423891.4173517,394656.0195502055,4438783.207151277,0.015904400075260876,0
actual,1745423892.5340083,394656.01941268164,4438783.210073915,0.01594274495892736,0
actual,1745423892.5340536,394656.01941268164,4438783.210073915,0.01594274495892736,0
actual,1745423892.7778661,394656.01941268164,4438783.210073915,0.01594141850869572,0
actual,1745423892.7779145,394656.01941268164,4438783.210073915,0.01594141850869572,0
actual,1745423893.0891578,394656.01930671814,4438783.210003489,0.01594141850869572,0
actual,1745423893.0892465,394656.01930671814,4438783.210003489,0.01594141850869572,0
actual,1745423893.0892832,394656.01930671814,4438783.210003489,0.01594141850869572,0
actual,1745423894.494508,394656.01930671814,4438783.210003489,0.01595260606920103,0
actual,1745423894.4945948,394656.01930671814,4438783.210003489,0.01595260606920103,0
actual,1745423894.6423416,394656.01930671814,4438783.210003489,0.01595260606920103,0
actual,1745423895.6979442,394656.0192790875,4438783.20998686,0.015923441617400176,0
actual,1745423895.6980224,394656.0192790875,4438783.20998686,0.015923441617400176,0
actual,1745423896.0118873,394656.0192790875,4438783.20998686,0.015896406467286833,0
actual,1745423896.0119495,394656.0192790875,4438783.20998686,0.015896406467286833,0
actual,1745423896.0119793,394656.0192790875,4438783.20998686,0.015896406467286833,0
actual,1745423896.2477229,394656.0192790875,4438783.20998686,0.01592077126364467,0
actual,1745423896.2477772,394656.0192790875,4438783.20998686,0.01592077126364467,0
actual,1745423896.2995217,394656.02034341777,4438783.209170097,0.015924244468856052,0
actual,1745423896.6874135,394656.01987760613,4438783.209542097,0.015930632373918344,0
actual,1745423896.687488,394656.01987760613,4438783.209542097,0.015930632373918344,0
actual,1745423896.6875167,394656.01987760613,4438783.209542097,0.015930632373918344,0
actual,1745423897.1936748,394656.02037393907,4438783.209427666,0.015872041670928996,0
actual,1745423897.193781,394656.02037393907,4438783.209427666,0.015872041670928996,0
actual,1745423898.0040746,394656.0196530982,4438783.20865042,0.01586232018699538,0
actual,1745423898.0041716,394656.0196530982,4438783.20865042,0.01586232018699538,0
actual,1745423899.6574218,394656.02136734617,4438783.209616709,0.015938748154940213,0
actual,1745423899.6574686,394656.02136734617,4438783.209616709,0.015938748154940213,0
actual,1745423904.3887084,394656.0176077358,4438783.212460067,0.015888290686264964,0
actual,1745423904.3888078,394656.0176077358,4438783.212460067,0.015888290686264964,0
actual,1745423905.444871,394656.0232880495,4438783.209837865,0.01595246644286073,0
actual,1745423905.4449182,394656.0232880495,4438783.209837865,0.01595246644286073,0
actual,1745423905.9444022,394656.0210131834,4438783.207336506,0.015918240536229217,0
actual,1745423905.9444509,394656.0210131834,4438783.207336506,0.015918240536229217,0
actual,1745423910.1609051,394656.02016380464,4438783.209712072,0.015917315511725764,0
actual,1745423910.1609974,394656.02016380464,4438783.209712072,0.015917315511725764,0
actual,1745423914.1004653,394656.02016380464,4438783.209712072,0.01591211443055481,0
actual,1745423914.1006248,394656.02016380464,4438783.209712072,0.01591211443055481,0
actual,1745423916.993013,394656.02101316175,4438783.2075221855,0.015893753566823803,0
actual,1745423916.9931536,394656.02101316175,4438783.2075221855,0.015893753566823803,0
actual,1745423924.0100749,394656.02199655346,4438783.208847531,0.01590333542441712,0
actual,1745423924.0101273,394656.02199655346,4438783.208847531,0.01590333542441712,0
actual,1745423930.872023,394656.02160440263,4438783.208445214,0.015896668266674716,0
actual,1745423930.8720868,394656.02160440263,4438783.208445214,0.015896668266674716,0
actual,1745423931.5860224,394656.02083827916,4438783.207613481,0.015852197277333824,0
actual,1745423931.5861177,394656.02083827916,4438783.207613481,0.015852197277333824,0
actual,1745423931.6976116,394656.0208287441,4438783.20760129,0.015857258732164477,0
actual,1745423932.4795547,394656.0208287441,4438783.20760129,0.015857258732164477,0
actual,1745423932.4796064,394656.0208287441,4438783.20760129,0.015857258732164477,0
actual,1745423933.5163167,394656.0203059572,4438783.206817709,0.015831829284962885,0
actual,1745423933.5163693,394656.0203059572,4438783.206817709,0.015831829284962885,0
actual,1745423934.803269,394656.02125938435,4438783.207934848,0.015886423183965333,0
actual,1745423934.8033967,394656.02125938435,4438783.207934848,0.015886423183965333,0
actual,1745423936.7996938,394656.02125938435,4438783.207934848,0.015894137539259265,0
actual,1745423936.799798,394656.02125938435,4438783.207934848,0.015894137539259265,0
actual,1745423936.9414237,394656.02114741725,4438783.209693714,0.01596658615650943,0
actual,1745423939.7810345,394656.0207162734,4438783.208958023,0.015898937194702284,0
actual,1745423939.7810836,394656.0207162734,4438783.208958023,0.015898937194702284,0
actual,1745423940.5807772,394656.0203693011,4438783.20815405,0.0159466021365742,0
actual,1745423940.5808418,394656.0203693011,4438783.20815405,0.0159466021365742,0
actual,1745423941.534446,394656.0203693011,4438783.20815405,0.015892950715367928,0
actual,1745423941.534499,394656.0203693011,4438783.20815405,0.015892950715367928,0
actual,1745423943.7758267,394656.0203693011,4438783.20815405,0.015892950715367928,0
actual,1745423943.7758787,394656.0203693011,4438783.20815405,0.015892950715367928,0
actual,1745423944.7493768,394656.0203693011,4438783.20815405,0.015906669003288444,0
actual,1745423944.7494318,394656.0203693011,4438783.20815405,0.015906669003288444,0
actual,1745423944.8524678,394656.0199765401,4438783.208827872,0.015966184730781492,0
actual,1745423945.3054867,394656.020056671,4438783.207138739,0.015965120079937736,0
actual,1745423945.3056746,394656.020056671,4438783.207138739,0.015965120079937736,0
actual,1745423945.6689079,394656.02005511866,4438783.207132016,0.015944211035498805,0
actual,1745423945.6689622,394656.02005511866,4438783.207132016,0.015944211035498805,0
actual,1745423945.6689937,394656.02005511866,4438783.207132016,0.015944211035498805,0
actual,1745423947.0541205,394656.02005530667,4438783.207129306,0.015928101646502893,0
actual,1745423947.0541704,394656.02005530667,4438783.207129306,0.015928101646502893,0
actual,1745423950.2789576,394656.02005530667,4438783.207129306,0.015928101646502893,0
actual,1745423950.2790093,394656.02005530667,4438783.207129306,0.015928101646502893,0
actual,1745423956.3341365,394656.02047064586,4438783.208364327,0.015911852631166925,0
actual,1745423956.3341851,394656.02047064586,4438783.208364327,0.015911852631166925,0
actual,1745423956.527611,394656.02047064586,4438783.208364327,0.015912254056894864,0
actual,1745423956.6602893,394656.0186645137,4438783.209370609,0.015912254056894864,0
actual,1745423956.6603389,394656.0186645137,4438783.209370609,0.015912254056894864,0
actual,1745423960.3341267,394656.0186645137,4438783.209370609,0.01595806894975987,0
actual,1745423960.334239,394656.0186645137,4438783.209370609,0.01595806894975987,0
actual,1745423962.0640264,394656.01940333075,4438783.207908261,0.015956061821119936,0
actual,1745423962.0640738,394656.01940333075,4438783.207908261,0.015956061821119936,0
actual,1745423963.4068096,394656.01940333075,4438783.207908261,0.015940476030899542,0
actual,1745423963.4068625,394656.01940333075,4438783.207908261,0.015940476030899542,0
actual,1745423963.5516846,394656.01717363484,4438783.207151146,0.015940476030899542,0
actual,1745423964.5989928,394656.01717363484,4438783.207151146,0.015924506268243932,0
actual,1745423964.5990858,394656.01717363484,4438783.207151146,0.015924506268243932,0
actual,1745423965.4807787,394656.0197604555,4438783.206478542,0.01592783984711526,0
actual,1745423965.4808238,394656.0197604555,4438783.206478542,0.01592783984711526,0
actual,1745423965.6087687,394656.0185515582,4438783.2063972615,0.01589879756836198,0
actual,1745423965.6809404,394656.01845146477,4438783.206304618,0.015866055191594643,0
actual,1745423965.7809644,394656.01834425016,4438783.206227836,0.015926495943591145,0
actual,1745423965.8809733,394656.01840848825,4438783.206697052,0.015848479726027036,0
actual,1745423965.981008,394656.0183164445,4438783.206623595,0.01591331870773862,0
actual,1745423966.0809639,394656.01817938115,4438783.206538171,0.01593368670010931,0
actual,1745423966.1809797,394656.0180282423,4438783.206409967,0.01592717662199944,0
actual,1745423966.2809618,394656.01785524306,4438783.206346602,0.015906930802676328,0
actual,1745423966.3809829,394656.0191249006,4438783.206708994,0.015906791176336272,0
actual,1745423966.4809728,394656.01924601384,4438783.206586886,0.01587937205378722,0
actual,1745423966.5809584,394656.01936770335,4438783.2065736465,0.01589228749025211,0
actual,1745423966.6809611,394656.019451573,4438783.206536577,0.015843016845468197,0
actual,1745423966.7993817,394656.0193974639,4438783.206329207,0.01588029707829092,0
actual,1745423966.8844078,394656.0202144442,4438783.206703518,0.015941156709307836,0
actual,1745423966.9810984,394656.02023491886,4438783.206553533,0.015957929323419568,0
actual,1745423967.0893087,394656.0202387519,4438783.206535463,0.015960983649610537,0
actual,1745423967.1811273,394656.0204669115,4438783.206405023,0.01592490769397187,0
actual,1745423967.2810066,394656.0206718486,4438783.2061754055,0.015954194318820305,0
actual,1745423967.3809662,394656.01965970965,4438783.206116642,0.015871779871541116,0
actual,1745423967.4809723,394656.019587583,4438783.20602391,0.015876300274303777,0
actual,1745423967.580987,394656.01955898694,4438783.205838862,0.01589001856222454,0
actual,1745423967.6809793,394656.0194462561,4438783.205783295,0.015853663353905516,0
actual,1745423967.7809813,394656.01920022245,4438783.20556873,0.015898273969586464,0
actual,1745423967.8809729,394656.0205232424,4438783.20615673,0.015925169493359752,0
actual,1745423967.9809558,394656.02064471075,4438783.206210951,0.015944472834886685,0
actual,1745423968.0809937,394656.02076871606,4438783.206191531,0.015968855084537,0
actual,1745423968.1809614,394656.0209460354,4438783.2061054185,0.01596658615650943,0
actual,1745423968.2810388,394656.02109389246,4438783.206098907,0.015966324357121794,0
actual,1745423968.3809738,394656.0204471322,4438783.206575625,0.015851673678558057,0
actual,1745423968.4810247,394656.0204155855,4438783.206444368,0.01588069850401886,0
actual,1745423968.580966,394656.0204067062,4438783.206387632,0.015857520531552358,0
actual,1745423968.68099,394656.0204064128,4438783.206261102,0.015884957107393637,0
actual,1745423968.780989,394656.0204035779,4438783.206114674,0.015905325099764576,0
actual,1745423968.880961,394656.01797872595,4438783.206075248,0.015916652286609944,0
actual,1745423968.9809668,394656.01779371785,4438783.20598927,0.01593595562813688,0
actual,1745423969.0810006,394656.0176266999,4438783.205854931,0.015960058625107083,0
actual,1745423969.1810334,394656.01742919674,4438783.20566067,0.015973235860959605,0
actual,1745423969.2809858,394656.01723451714,4438783.205452969,0.015975644415327228,0
actual,1745423969.38097,394656.0191075013,4438783.206976498,0.01587483419773208,0
actual,1745423969.480961,394656.01923194516,4438783.206954517,0.015903073625029487,0
actual,1745423969.580959,394656.01933598425,4438783.206794842,0.01593902740762057,0
actual,1745423969.680958,394656.019469267,4438783.206780861,0.0159597968257192,0
actual,1745423969.7810104,394656.0196471286,4438783.206872288,0.01595007534178558,0
actual,1745423969.880962,394656.01804683334,4438783.206914879,0.015884695308006003,0
actual,1745423969.9810016,394656.0180073381,4438783.206786619,0.015909321903751474,0
actual,1745423970.0810122,394656.01799213747,4438783.206645057,0.0159077336541322,0
actual,1745423970.1810575,394656.01802268036,4438783.206406497,0.01592850307223108,0
actual,1745423970.2810006,394656.01809661736,4438783.20624523,0.015907052975723906,0
actual,1745423970.380961,394656.01871592936,4438783.2065252755,0.015896668266674716,0
actual,1745423970.4809942,394656.0187383007,4438783.20639711,0.01591199225750698,0
actual,1745423970.5809844,394656.0187990081,4438783.206156899,0.015992818455166896,0
actual,1745423970.6809916,394656.0188779806,4438783.205957069,0.01597457976448372,0
actual,1745423970.7810113,394656.01896372513,4438783.205789018,0.01598828059911176,0
actual,1745423970.8810017,394656.0199989693,4438783.205503143,0.015921050516325027,0
actual,1745423970.9809632,394656.02014015237,4438783.205243757,0.01595885434792327,0
actual,1745423971.0809915,394656.02027422166,4438783.205054413,0.015948347465826254,0
actual,1745423971.1809587,394656.0203798043,4438783.204771206,0.015990287727751445,0
actual,1745423971.2809982,394656.0205264509,4438783.20445527,0.01600665891613524,0
actual,1745423971.380966,394656.02199064376,4438783.206689552,0.015890158188564596,0
actual,1745423971.4809875,394656.02211390156,4438783.20668309,0.015915587635766188,0
actual,1745423971.5809016,394656.02221677336,4438783.206667852,0.015966847955897312,0
actual,1745423971.6809711,394656.0223701128,4438783.206626986,0.01601891112748431,0
actual,1745423971.7808952,394656.02253673336,4438783.206539391,0.016069909648227552,0
actual,1745423971.8809626,394656.0183399812,4438783.206867905,0.015877766350875473,0
actual,1745423971.9809542,394656.0180700697,4438783.206832272,0.01589974004615816,0
actual,1745423972.0809891,394656.017838252,4438783.206777166,0.01590785582717978,0
actual,1745423972.1809626,394656.0176509179,4438783.206744335,0.015910386554595233,0
actual,1745423972.2809587,394656.01743766567,4438783.2066708105,0.015931155972694108,0
actual,1745423972.380962,394656.017206548,4438783.20660465,0.015945136060002505,0
actual,1745423972.480959,394656.0192630926,4438783.206231191,0.015938486355552332,0
actual,1745423972.5809598,394656.0193253029,4438783.2062151125,0.015924768067631816,0
actual,1745423972.6809742,394656.01937574893,4438783.206086116,0.015919706612800913,0
actual,1745423972.7809584,394656.01938892825,4438783.206023232,0.015921050516325027,0
actual,1745423972.8809576,394656.02149434364,4438783.2067383425,0.015948609265213888,0
actual,1745423972.9809537,394656.0216917126,4438783.206609926,0.015957667524031684,0
actual,1745423973.0809534,394656.0219106601,4438783.206550507,0.015976709066170987,0
actual,1745423973.1809835,394656.02214618394,4438783.20623946,0.01601212179669408,0
actual,1745423973.2809944,394656.0224017795,4438783.206126003,0.01595339146736443,0
actual,1745423973.380961,394656.0212796883,4438783.206873408,0.01585060902771455,0
actual,1745423973.4809573,394656.02113474143,4438783.206578673,0.01591492441065037,0
actual,1745423973.5809705,394656.0210600984,4438783.206541707,0.01588202495425025,0
actual,1745423973.6809614,394656.0210492392,4438783.206368303,0.015884695308006003,0
actual,1745423973.780959,394656.02102303004,4438783.206005658,0.015887749634196972,0
actual,1745423973.8809597,394656.02338358405,4438783.207004642,0.015882967432046428,0
actual,1745423973.9809642,394656.0235494373,4438783.20712588,0.01589560361583096,0
actual,1745423974.0809696,394656.0237509261,4438783.207118878,0.015878970628059284,0
actual,1745423974.180974,394656.0239381363,4438783.207116006,0.015842475793400205,0
actual,1745423974.2809834,394656.024072208,4438783.207017566,0.015904138275873243,0
actual,1745423974.3809977,394656.02058480494,4438783.207805694,0.01592916629734665,0
actual,1745423974.4809873,394656.0203515828,4438783.207864604,0.015932622049265554,0
actual,1745423974.5809577,394656.0201062675,4438783.207837685,0.015951000366289284,0
actual,1745423974.6809988,394656.01984011265,4438783.207728822,0.01595885434792327,0
actual,1745423974.7809646,394656.0196023984,4438783.207740256,0.015973899086075424,0
actual,1745423974.881,394656.0210258368,4438783.2077170545,0.015913720133466557,0
actual,1745423974.9809654,394656.02110894694,4438783.207441828,0.015936758479593003,0
actual,1745423975.0809999,394656.02123050095,4438783.207212153,0.015940092058464327,0
actual,1745423975.1809952,394656.02134790283,4438783.2069327645,0.015949132863989652,0
actual,1745423975.2809887,394656.0214505572,4438783.20661009,0.01598309697123328,0
actual,1745423975.380984,394656.0207512061,4438783.208003225,0.01587616064796372,0
actual,1745423975.4809692,394656.0207176645,4438783.207860564,0.015920910889984725,0
actual,1745423975.580988,394656.0207911009,4438783.207721355,0.01594593891145838,0
actual,1745423975.68101,394656.0209984466,4438783.20758968,0.015955136796616483,0
actual,1745423975.7809896,394656.0211716124,4438783.2073796475,0.015947003562302137,0
actual,1745423975.880938,394656.01925557124,4438783.208586567,0.015884416055325645,0
actual,1745423975.981003,394656.0188239334,4438783.208656867,0.015843680070584017,0
actual,1745423976.0809517,394656.01833939704,4438783.208778788,0.01584221399401232,0
actual,1745423976.1809518,394656.0179203992,4438783.208604423,0.01586165696187956,0
actual,1745423976.2809877,394656.0176682688,4438783.208329935,0.015941819934423656,0
actual,1745423976.3809583,394656.0204282513,4438783.209016189,0.015802525206821974,0
actual,1745423976.4810004,394656.0205170627,4438783.209031716,0.015839945065984753,0
actual,1745423976.5809896,394656.02063960873,4438783.208949188,0.015837955390637544,0
actual,1745423976.6809552,394656.0208171658,4438783.208835128,0.015908257252907718,0
actual,1745423976.780981,394656.02101124014,4438783.2087804,0.015866578790370157,0
actual,1745423976.880963,394656.01997306634,4438783.208944573,0.015872181297269052,0
actual,1745423976.9810266,394656.01995492406,4438783.20890023,0.01586778306755397,0
actual,1745423977.080941,394656.01996852393,4438783.208674061,0.015911049779711053,0
actual,1745423977.1809578,394656.02002826886,4438783.208513868,0.015929428096734533,0
actual,1745423977.2809687,394656.02011033177,4438783.208387272,0.01597602838776269,0
actual,1745423977.3809602,394656.0207608888,4438783.2084597815,0.015832492510078705,0
actual,1745423977.4809647,394656.0207868333,4438783.208370578,0.01590227077357361,0
actual,1745423977.580966,394656.0208152622,4438783.208074954,0.015924104842515996,0
actual,1745423977.6809916,394656.02088502405,4438783.207858017,0.015920910889984725,0
actual,1745423977.780966,394656.02099787764,4438783.207602994,0.015905202926716752,0
actual,1745423977.8809588,394656.0205657182,4438783.208593941,0.01590453970160118,0
actual,1745423977.9809718,394656.02056432737,4438783.2085609,0.015947806413758012,0
actual,1745423978.0809667,394656.0205422818,4438783.208509739,0.015919183014025395,0
actual,1745423978.1809607,394656.0204401652,4438783.208331273,0.01596192612740671,0
actual,1745423978.2809923,394656.02024952666,4438783.208337389,0.015924645894583988,0
actual,1745423978.3809607,394656.0222393226,4438783.208716088,0.015911189406051105,0
actual,1745423978.4809773,394656.02235077653,4438783.208588076,0.015914121559194496,0
actual,1745423978.5809932,394656.02251604816,4438783.208476627,0.015921835914488428,0
actual,1745423978.6809547,394656.02265915973,4438783.208320761,0.015864187689295012,0
actual,1745423978.7809973,394656.0227976213,4438783.20808419,0.01587643990064408,0
actual,1745423978.8809671,394656.02225898684,4438783.2093657125,0.015798144430399615,0
actual,1745423978.9809299,394656.02223095985,4438783.209287761,0.015796538727487618,0
actual,1745423979.0809696,394656.02213799255,4438783.20927627,0.015785752592710242,0
actual,1745423979.180965,394656.0220166985,4438783.209154713,0.015836227514677968,0
actual,1745423979.2810044,394656.0219244376,4438783.209031504,0.015823434251260905,0
actual,1745423979.3809447,394656.0221760922,4438783.209622016,0.015849806176258426,0
actual,1745423979.480953,394656.02219049993,4438783.209624445,0.015845669745931226,0
actual,1745423979.580961,394656.0221558565,4438783.209530209,0.01584767687457116,0
actual,1745423979.6809165,394656.02206925635,4438783.209480204,0.015851795851605885,0
actual,1745423979.7810354,394656.0219822433,4438783.209337388,0.015896668266674716,0
actual,1745423979.8809729,394656.0205648009,4438783.210514502,0.015881099929746796,0
actual,1745423979.980955,394656.02041949576,4438783.210436501,0.015896005041558896,0
actual,1745423980.0809567,394656.02020761225,4438783.210356632,0.015907454401451842,0
actual,1745423980.180988,394656.0200127737,4438783.210278816,0.015908658678635904,0
actual,1745423980.2809565,394656.0198263727,4438783.210158088,0.015943006758314993,0
actual,1745423980.3810701,394656.01990924904,4438783.210297187,0.01588588213189734,0
actual,1745423980.480998,394656.01980878715,4438783.21014937,0.015896406467286833,0
actual,1745423980.5810149,394656.01972034527,4438783.210066038,0.0159217137414406,0
actual,1745423980.6809738,394656.0196614522,4438783.20990254,0.015932098450490036,0
actual,1745423980.7809932,394656.01958638814,4438783.209741884,0.0159607218502229,0
actual,1745423980.8809571,394656.01987053995,4438783.2091309205,0.015913056908350737,0
actual,1745423980.9809594,394656.019845633,4438783.209008872,0.015896005041558896,0
actual,1745423981.0809896,394656.01979614,4438783.2088271575,0.01591944481341303,0
actual,1745423981.1810577,394656.0197469776,4438783.208687664,0.01592930592368695,0
actual,1745423981.2809741,394656.01968975645,4438783.208502091,0.015948731438261466,0
actual,1745423981.3809776,394656.0206700338,4438783.208281219,0.015871902044588694,0
actual,1745423981.4809952,394656.0207592585,4438783.208197824,0.01588136172913468,0
actual,1745423981.580893,394656.02084983594,4438783.208065869,0.015923179818012292,0
actual,1745423981.6809542,394656.0209533395,4438783.207958451,0.015875375249800323,0
actual,1745423981.7809668,394656.02097242896,4438783.20779862,0.015927962020162837,0
actual,1745423981.8809936,394656.0208156769,4438783.209300282,0.01589240966329969,0
actual,1745423981.9809556,394656.0208470569,4438783.209261745,0.01591783911050128,0
actual,1745423982.0810084,394656.02092080686,4438783.209299943,0.01594621816413874,0
actual,1745423982.1810215,394656.0210397535,4438783.209293054,0.015946479963526623,0
actual,1745423982.2810125,394656.0211167015,4438783.209169635,0.01600760139393142,0
actual,1745423982.381049,394656.02121369494,4438783.209115591,0.01604154804788257,0
actual,1745423982.480964,394656.01985963696,4438783.209930676,0.01595553822234442,0
actual,1745423982.580955,394656.01959029934,4438783.209897078,0.015986692349492487,0
actual,1745423982.6809843,394656.01955308183,4438783.209906923,0.016001998887032524,0
actual,1745423982.7809908,394656.0196428861,4438783.20985041,0.01599733885792956,0
actual,1745423982.8810108,394656.0209631997,4438783.209761694,0.015875637049187957,0
actual,1745423982.9809651,394656.02094547055,4438783.209718358,0.015910386554595233,0
actual,1745423983.0810552,394656.02089475456,4438783.209703072,0.015856455880708602,0
actual,1745423983.1809907,394656.020812413,4438783.209520712,0.015922115167168786,0
actual,1745423983.2809563,394656.0207879947,4438783.209462577,0.01587336812116039,0
actual,1745423983.3809881,394656.0209344855,4438783.209394497,0.01593756133104888,0
actual,1745423983.4809873,394656.02099662845,4438783.209208428,0.015913056908350737,0
actual,1745423983.580961,394656.02100024896,4438783.209009452,0.015972310836455905,0
actual,1745423983.6810107,394656.0209959565,4438783.208934718,0.01595459574454824,0
actual,1745423983.7809842,394656.02101839107,4438783.20873904,0.015970303707816217,0
actual,1745423983.8809583,394656.0192683048,4438783.209280915,0.015885096733733943,0
actual,1745423983.9810026,394656.01909162453,4438783.209237118,0.015904661874648757,0
actual,1745423984.0809891,394656.0189117573,4438783.20915592,0.015908920478023537,0
actual,1745423984.1810074,394656.01872982096,4438783.209074455,0.015904400075260876,0
actual,1745423984.2809598,394656.0185502168,4438783.209046548,0.015887086409081153,0
actual,1745423984.3809638,394656.01923283364,4438783.209504463,0.01589654609362689,0
actual,1745423984.4809904,394656.0192151516,4438783.209510352,0.015903859023192884,0
actual,1745423984.5810027,394656.0192390539,4438783.209546256,0.015882967432046428,0
actual,1745423984.680967,394656.01925083733,4438783.2095110295,0.015885620332509457,0
actual,1745423984.7809966,394656.01927975833,4438783.209402617,0.01593688065264058,0
actual,1745423984.8809936,394656.0202341974,4438783.210314402,0.015898273969586464,0
actual,1745423984.980991,394656.0201801879,4438783.210388972,0.015909985128867293,0
actual,1745423985.0809565,394656.0201807628,4438783.210426921,0.01591745513806582,0
actual,1745423985.1809611,394656.0202892813,4438783.210423592,0.01593037057453071,0
actual,1745423985.2809591,394656.02039879153,4438783.210415287,0.01595339146736443,0
actual,1745423985.3809798,394656.0212329796,4438783.208919062,0.015923441617400176,0
actual,1745423985.4809904,394656.02125210955,4438783.208838514,0.015945816738410803,0
actual,1745423985.5808983,394656.0212894839,4438783.208728613,0.015941942107471234,0
actual,1745423985.6809895,394656.02135759115,4438783.208522505,0.015922778392284356,0
actual,1745423985.780975,394656.0215265148,4438783.208320847,0.015933564527061732,0
actual,1745423985.8809834,394656.02047579683,4438783.20846088,0.01588256600631849,0
actual,1745423985.9809039,394656.02033301134,4438783.208458519,0.015872041670928996,0
actual,1745423986.0809906,394656.02025905234,4438783.208404967,0.015871116646425296,0
actual,1745423986.1810074,394656.0201463759,4438783.2082895255,0.015873245948112808,0
actual,1745423986.2809622,394656.0200042792,4438783.208279668,0.015857921957280297,0
actual,1745423986.3809566,394656.0209167786,4438783.2074536225,0.01589427716559932,0
actual,1745423986.4809663,394656.0210229975,4438783.207364957,0.015844744721427773,0
actual,1745423986.5809839,394656.0210785151,4438783.207227712,0.01587483419773208,0
actual,1745423986.6809936,394656.02113825467,4438783.207052681,0.015868969891445553,0
actual,1745423986.7809558,394656.02120831155,4438783.206857683,0.015894416791939623,0
actual,1745423986.8809624,394656.0212946783,4438783.206699129,0.015897610744470644,0
actual,1745423986.9809797,394656.0203350412,4438783.207626208,0.015870435968017002,0
actual,1745423987.0809944,394656.02031674964,4438783.2075662045,0.015864711288070526,0
actual,1745423987.1809907,394656.02028656064,4438783.207466852,0.015860330511648167,0
actual,1745423987.2809932,394656.02022685943,4438783.207340671,0.01589188606452417,0
actual,1745423987.380989,394656.020737665,4438783.208149219,0.015906267577560508,0
actual,1745423987.4809952,394656.020780075,4438783.208182847,0.015867242015485977,0
actual,1745423987.580973,394656.0208010789,4438783.208145521,0.015897209318742708,0
actual,1745423987.6810057,394656.0207855042,4438783.208135455,0.015928101646502893,0
actual,1745423987.781037,394656.02079438284,4438783.208126867,0.01590879830497596,0
actual,1745423987.8810163,394656.0216851892,4438783.2059265915,0.01587336812116039,0
actual,1745423987.9810543,394656.02174288465,4438783.20580462,0.01588682460969327,0
actual,1745423988.0809186,394656.0218113218,4438783.205656303,0.015912795108963103,0
actual,1745423988.1810007,394656.02195536566,4438783.2054797895,0.01594394923611117,0
actual,1745423988.2809563,394656.022114832,4438783.205312295,0.015955800021732053,0
actual,1745423988.3810189,394656.0226858171,4438783.205786026,0.015899478246770276,0
actual,1745423988.4809947,394656.0227529084,4438783.205742754,0.015913056908350737,0
actual,1745423988.5809655,394656.02284458943,4438783.205687107,0.015919584439753335,0
actual,1745423988.6809092,394656.0229549557,4438783.205669134,0.015906267577560508,0
actual,1745423988.7809548,394656.02307655633,4438783.205620998,0.01591745513806582,0
actual,1745423988.8809564,394656.0219844646,4438783.208051164,0.015865112713798465,0
actual,1745423988.980955,394656.02194527106,4438783.208126547,0.015880820677066438,0
actual,1745423989.08094,394656.021925361,4438783.208209581,0.01587071522069736,0
actual,1745423989.1809576,394656.021888624,4438783.208301254,0.015860854110423685,0
actual,1745423989.2809691,394656.0219018734,4438783.208401533,0.01583769359124966,0
actual,1745423989.3809867,394656.0213903823,4438783.207931388,0.015899338620430224,0
actual,1745423989.480959,394656.0213566865,4438783.20786671,0.015917978736841337,0
actual,1745423989.5809577,394656.0213500552,4438783.207782211,0.01591998586548127,0
actual,1745423989.681011,394656.02134364226,4438783.20766955,0.01590227077357361,0
actual,1745423989.7809908,394656.0212959597,4438783.207508289,0.015923179818012292,0
actual,1745423989.8810048,394656.02192369255,4438783.20820645,0.01591492441065037,0
actual,1745423989.9810042,394656.0219352011,4438783.208158387,0.015946741762914256,0
actual,1745423990.081032,394656.0219665665,4438783.208115203,0.01595393251943242,0
actual,1745423990.1810067,394656.02200623887,4438783.208027748,0.015943146384655296,0
actual,1745423990.2810402,394656.02199352946,4438783.20792066,0.015961385075338473,0
actual,1745423990.3809597,394656.0217098298,4438783.208524588,0.015877905977215775,0
actual,1745423990.4809623,394656.0216601785,4438783.208540414,0.015913056908350737,0
actual,1745423990.5809572,394656.0216557911,4438783.208523029,0.015931836651102156,0
actual,1745423990.6810126,394656.0216364829,4438783.208553815,0.01594754461437013,0
actual,1745423990.7809649,394656.0216154867,4438783.208605986,0.01596178650106641,0
actual,1745423990.881012,394656.0204003523,4438783.208478735,0.015897732917518226,0
actual,1745423990.9809597,394656.02034044603,4438783.208481854,0.01590146792211749,0
actual,1745423991.0809596,394656.0202576878,4438783.20846712,0.015892147863911806,0
actual,1745423991.1809635,394656.02017108875,4438783.208385887,0.015912254056894864,0
actual,1745423991.280994,394656.02010302513,4438783.208290544,0.015940476030899542,0
actual,1745423991.3809354,394656.0207013901,4438783.207705113,0.01588909353772084,0
actual,1745423991.4809582,394656.02067336394,4438783.207620971,0.01585392515329315,0
actual,1745423991.5809636,394656.02059446834,4438783.207608107,0.015806923436537057,0
actual,1745423991.6809742,394656.02042512805,4438783.20733245,0.01584354044424396,0
actual,1745423991.780981,394656.02027783834,4438783.207099882,0.015858864435076475,0
actual,1745423991.880995,394656.02024575724,4438783.206880504,0.015850993000150013,0
actual,1745423991.980958,394656.02173646,4438783.208936744,0.015906669003288444,0
actual,1745423992.0809956,394656.02184735704,4438783.208934726,0.015915587635766188,0
actual,1745423992.1809986,394656.0219312441,4438783.208822859,0.015964177602141805,0
actual,1745423992.2809567,394656.0220582468,4438783.208810947,0.0159697801090407,0
actual,1745423992.3810263,394656.0221624016,4438783.208806624,0.01594794604009807,0
actual,1745423992.4809692,394656.021719689,4438783.209015548,0.015824376729057083,0
actual,1745423992.5809567,394656.02168997156,4438783.208939752,0.01586099373676374,0
actual,1745423992.6809928,394656.0217078341,4438783.208920231,0.015867905240601797,0
actual,1745423992.7809918,394656.0217961088,4438783.208937267,0.015839421467209236,0
actual,1745423992.8809793,394656.0218291289,4438783.208891541,0.015867905240601797,0
actual,1745423992.9809391,394656.02116824425,4438783.208141241,0.0158696505698536,0
actual,1745423993.0809555,394656.021108317,4438783.208046421,0.015873245948112808,0
actual,1745423993.1809719,394656.02105616167,4438783.20789693,0.015862459813335433,0
actual,1745423993.281028,394656.02104194777,4438783.207657967,0.015896668266674716,0
actual,1745423993.3809993,394656.0210196087,4438783.208477126,0.015896005041558896,0
actual,1745423993.4810243,394656.0209573789,4438783.208454321,0.015914243732242074,0
actual,1745423993.5809703,394656.020924401,4438783.2084615445,0.015927962020162837,0
actual,1745423993.6809673,394656.0208890693,4438783.208419042,0.01595499717027618,0
actual,1745423993.7809644,394656.02088663576,4438783.208350847,0.01594101708296778,0
actual,1745423993.880964,394656.02057536243,4438783.209706564,0.01585739835850478,0
actual,1745423993.9810228,394656.0204647665,4438783.2097465,0.015874310598956567,0
actual,1745423994.0811284,394656.02047639136,4438783.209839233,0.01586778306755397,0
actual,1745423994.1810107,394656.02047459676,4438783.209831783,0.015839945065984753,0
actual,1745423994.2809691,394656.02043230436,4438783.209800218,0.015892147863911806,0
actual,1745423994.380971,394656.02055543306,4438783.20984973,0.01585486763108933,0
actual,1745423994.4809613,394656.0206036904,4438783.209751441,0.015864589115022948,0
actual,1745423994.5809577,394656.02066389634,4438783.2096581645,0.015860330511648167,0
actual,1745423994.6809933,394656.02067763323,4438783.20948956,0.015929969148802525,0
actual,1745423994.780987,394656.0207750129,4438783.209385078,0.015898675395314404,0
actual,1745423994.880955,394656.021370423,4438783.207590182,0.015879756026222682,0
actual,1745423994.9809957,394656.0214594554,4438783.207365517,0.015865915565254338,0
actual,1745423995.0809915,394656.02150626003,4438783.207077789,0.015918903761345037,0
actual,1745423995.180994,394656.0215722451,4438783.206789277,0.015967511181013132,0
actual,1745423995.2809916,394656.02172747126,4438783.206524271,0.015967109755285196,0
actual,1745423995.380982,394656.0211090174,4438783.2089213645,0.015875095997119965,0
actual,1745423995.4809878,394656.02106604,4438783.208925519,0.01588389245654988,0
actual,1745423995.5809624,394656.0210793944,4438783.208945827,0.01588136172913468,0
actual,1745423995.6809576,394656.0210857961,4438783.208909801,0.015921050516325027,0
actual,1745423995.780969,394656.0211512368,4438783.208850776,0.015907052975723906,0
actual,1745423995.8809566,394656.0194757766,4438783.209241786,0.015858183756668177,0
actual,1745423995.9810467,394656.0193347131,4438783.209178405,0.015912254056894864,0
actual,1745423996.080995,394656.019269971,4438783.209062996,0.015909862955819715,0
actual,1745423996.1809835,394656.01919145626,4438783.208919042,0.01596166432801883,0
actual,1745423996.2809563,394656.01907611615,4438783.208814332,0.015941942107471234,0
actual,1745423996.380983,394656.0204951484,4438783.209142651,0.015868044866941853,0
actual,1745423996.4809794,394656.0206891708,4438783.209113781,0.015870837393745185,0
actual,1745423996.5810273,394656.02084275114,4438783.209040359,0.015897348945082764,0
actual,1745423996.680981,394656.02097731514,4438783.208979382,0.015891083213068296,0
actual,1745423996.7809963,394656.02113125555,4438783.208863484,0.01590293399868918,0
actual,1745423996.8809588,394656.0198691912,4438783.210108372,0.015891345012455933,0
actual,1745423996.9809563,394656.0198524749,4438783.210179791,0.015864990540750884,0
actual,1745423997.081057,394656.0198054226,4438783.210243715,0.015846210797999468,0
actual,1745423997.1809752,394656.01977006276,4438783.210157333,0.015868306666329733,0
actual,1745423997.2809749,394656.019762913,4438783.210102197,0.01586645661732258,0
actual,1745423997.3810089,394656.02035302564,4438783.209962779,0.015845146147155712,0
actual,1745423997.4810114,394656.02046915353,4438783.209850213,0.01586177913492714,0
actual,1745423997.5809834,394656.0205851806,4438783.209781688,0.015830886807166954,0
actual,1745423997.6809723,394656.0206736832,4438783.209649434,0.015871238819473124,0
actual,1745423997.7809856,394656.02080360707,4438783.209473321,0.01590333542441712,0
actual,1745423997.8809655,394656.02231099276,4438783.209908044,0.015879494226835048,0
actual,1745423997.9809904,394656.02248084755,4438783.209934957,0.015876963499419597,0
actual,1745423998.0810041,394656.0226153019,4438783.209961581,0.015905063300376696,0
actual,1745423998.1809564,394656.02278721443,4438783.210037531,0.015875375249800323,0
actual,1745423998.2810044,394656.02301554225,4438783.209948866,0.015937823130436513,0
actual,1745423998.380954,394656.0213070207,4438783.207786242,0.015881099929746796,0
actual,1745423998.4809575,394656.0212808615,4438783.207748805,0.01589387573987138,0
actual,1745423998.5809908,394656.02124338737,4438783.20753452,0.01593302347499374,0
actual,1745423998.6809568,394656.02120456484,4438783.207275647,0.015984563047804972,0
actual,1745423998.7810395,394656.02128071786,4438783.207127177,0.015987757000336243,0
actual,1745423998.880973,394656.02168405993,4438783.207651136,0.015864187689295012,0
actual,1745423998.980992,394656.02194152214,4438783.20748324,0.01592010803852885,0
actual,1745423999.0809665,394656.02233353147,4438783.20737309,0.01591078798032317,0
actual,1745423999.1809587,394656.02262768,4438783.207229174,0.015972712262184087,0
actual,1745423999.2809563,394656.0227791041,4438783.207128683,0.015931155972694108,0
actual,1745423999.3809648,394656.0232476163,4438783.207751076,0.015959657199379144,0
actual,1745423999.4809577,394656.02336414735,4438783.207776838,0.01595047676751352,0
actual,1745423999.5809946,394656.0235619532,4438783.207694235,0.016009451442938572,0
actual,1745423999.681004,394656.02375003864,4438783.207684712,0.016037830496575783,0
actual,1745423999.7809916,394656.0239004805,4438783.207700597,0.016022105080015333,0
actual,1745423999.8809662,394656.02090042114,4438783.208257494,0.01593103379964628,0
actual,1745423999.9810174,394656.0207920499,4438783.208175767,0.015940615657239844,0
actual,1745424000.0809639,394656.0206960571,4438783.208105243,0.015952204643473095,0
actual,1745424000.1809618,394656.02062219044,4438783.208025386,0.015954473571500663,0
actual,1745424000.280999,394656.02052899497,4438783.207916349,0.015937683504096457,0
actual,1745424000.3809967,394656.02249779255,4438783.207627004,0.01590106649638955,0
actual,1745424000.4809923,394656.0225996573,4438783.207542166,0.01592850307223108,0
actual,1745424000.5809639,394656.022633804,4438783.207429264,0.015961262902290895,0
actual,1745424000.6809618,394656.0227060441,4438783.207351281,0.01594688138925456,0
actual,1745424000.7809606,394656.02281225746,4438783.207223333,0.01597098438622451,0
actual,1745424000.880968,394656.0212841746,4438783.2080100775,0.015871902044588694,0
actual,1745424000.9809911,394656.02121721435,4438783.208026797,0.015871238819473124,0
actual,1745424001.0809891,394656.02117568295,4438783.208028772,0.015906930802676328,0
actual,1745424001.181001,394656.02114746766,4438783.208060008,0.01590813507986014,0
actual,1745424001.2810018,394656.02108439384,4438783.208035951,0.01594340818404293,0
actual,1745424001.3810346,394656.0224589722,4438783.20855089,0.015890280361612174,0
actual,1745424001.480993,394656.0225937802,4438783.208543237,0.015929689896122413,0
actual,1745424001.58096,394656.0227300892,4438783.208527285,0.015960861476562956,0
actual,1745424001.6809635,394656.0228605848,4438783.208500775,0.015971909410727965,0
actual,1745424001.780988,394656.0229705588,4438783.208432783,0.015998944560841555,0
actual,1745424001.8809931,394656.02155414666,4438783.2094691,0.01590172972150537,0
actual,1745424001.981004,394656.0215344881,4438783.2095538415,0.015877905977215775,0
actual,1745424002.080913,394656.0214516276,4438783.209558137,0.015911049779711053,0
actual,1745424002.1809995,394656.0213782919,4438783.209621747,0.015856194081320968,0
actual,1745424002.2810094,394656.02126504516,4438783.209551697,0.015930230948190405,0
actual,1745424002.3809586,394656.02124818484,4438783.209526857,0.015903195798077065,0
actual,1745424002.480965,394656.02167722245,4438783.207752384,0.015874170972616262,0
actual,1745424002.5809581,394656.0217225809,4438783.20761385,0.015872041670928996,0
actual,1745424002.6809638,394656.0217892369,4438783.207417908,0.01590172972150537,0
actual,1745424002.781007,394656.02185103035,4438783.207233308,0.015923965216175694,0
actual,1745424002.8809688,394656.02079223434,4438783.208672673,0.015884032082890184,0
actual,1745424002.9809628,394656.0207530256,4438783.2087432975,0.015888953911380784,0
actual,1745424003.0809643,394656.0207217405,4438783.208803578,0.015888814285040728,0
actual,1745424003.1809514,394656.0206661776,4438783.208783589,0.01590453970160118,0
actual,1745424003.2809582,394656.0206059184,4438783.208797148,0.015935816001796825,0
actual,1745424003.380966,394656.0217145879,4438783.209656776,0.015919706612800913,0
actual,1745424003.4809937,394656.0217114483,4438783.209657378,0.0159697801090407,0
actual,1745424003.5809593,394656.02172041044,4438783.209630983,0.01597018153476864,0
actual,1745424003.681023,394656.02172983903,4438783.209564765,0.015989345249955517,0
actual,1745424003.7809908,394656.0217334762,4438783.209501913,0.015998804934501253,0
actual,1745424003.8809597,394656.02073693956,4438783.2097199755,0.01589974004615816,0
actual,1745424003.9809558,394656.0206695801,4438783.209704676,0.01591745513806582,0
actual,1745424004.0809953,394656.0205922292,4438783.209635045,0.015944874260614625,0
actual,1745424004.1809626,394656.02052378014,4438783.209604719,0.015947143188642193,0
actual,1745424004.2809958,394656.0204422895,4438783.209538185,0.015973776913027597,0
actual,1745424004.380991,394656.02222556557,4438783.208196287,0.01591026438154765,0
actual,1745424004.4810028,394656.02241382544,4438783.208015523,0.015959395399991264,0
actual,1745424004.5810094,394656.0225986556,4438783.207874522,0.015957126471963692,0
actual,1745424004.6810124,394656.02281285543,4438783.207612114,0.01599175380432314,0
actual,1745424004.7810001,394656.0231144412,4438783.20737843,0.01597217121011585,0
actual,1745424004.880996,394656.0220238282,4438783.208223659,0.015898535768974348,0
actual,1745424004.9809582,394656.02198307356,4438783.208144903,0.01589481821766756,0
actual,1745424005.0810163,394656.0219448015,4438783.208012401,0.015926775196271503,0
actual,1745424005.1809902,394656.0219059727,4438783.2079057265,0.015916652286609944,0
actual,1745424005.2810068,394656.02189000644,4438783.207759802,0.015905325099764576,0
actual,1745424005.380936,394656.02252743766,4438783.208861374,0.01583769359124966,0
actual,1745424005.4809582,394656.022496958,4438783.208907412,0.01588069850401886,0
actual,1745424005.580988,394656.02254458796,4438783.209016549,0.015837414338569302,0
actual,1745424005.681003,394656.0225712142,4438783.209038735,0.015897732917518226,0
actual,1745424005.780957,394656.0226650695,4438783.209098913,0.015890943586727994,0
actual,1745424005.8809953,394656.021138455,4438783.209112248,0.015869371317173493,0
actual,1745424005.9809659,394656.0207365793,4438783.209392341,0.015752067738146972,0
actual,1745424006.0809696,394656.0199663261,4438783.20925083,0.015827029629520113,0
actual,1745424006.1809704,394656.01933663443,4438783.209272352,0.015864990540750884,0
actual,1745424006.2809825,394656.0190484963,4438783.209392122,0.01582969998327562,0
actual,1745424006.3809679,394656.02160782204,4438783.208168674,0.01591211443055481,0
actual,1745424006.4809554,394656.0224804387,4438783.207963916,0.015909862955819715,0
actual,1745424006.580962,394656.02355292113,4438783.207680378,0.01597602838776269,0
actual,1745424006.6809633,394656.02464985143,4438783.207513173,0.01589427716559932,0
actual,1745424006.780974,394656.0255472213,4438783.207239732,0.01597855911517814,0
actual,1745424006.8809698,394656.02298521274,4438783.207846874,0.01593434992522513,0
actual,1745424006.9810076,394656.02283376164,4438783.207700411,0.01597536516264712,0
actual,1745424007.0809808,394656.02249494457,4438783.207583477,0.015963514377025985,0
actual,1745424007.181004,394656.0219242942,4438783.207422265,0.01597723266494675,0
actual,1745424007.2809582,394656.02087538934,4438783.207168571,0.01603502051648022,0
actual,1745424007.3809905,394656.0204323775,4438783.2101892475,0.015967389007965304,0
actual,1745424007.4809575,394656.02055990836,4438783.210374249,0.015943006758314993,0
actual,1745424007.5810087,394656.0208333437,4438783.210465202,0.016026503309730416,0
actual,1745424007.6809697,394656.02133690193,4438783.2106944695,0.016026503309730416,0
actual,1745424007.7809548,394656.0222315983,4438783.210904526,0.015996012407698167,0
actual,1745424007.8809564,394656.02054757695,4438783.21076285,0.01593049274757829,0
actual,1745424007.980955,394656.0209061444,4438783.210887469,0.01588909353772084,0
actual,1745424008.0809662,394656.0214709562,4438783.210906697,0.01587296669543245,0
actual,1745424008.1809392,394656.0222807175,4438783.210806665,0.015903073625029487,0
actual,1745424008.280976,394656.0232018629,4438783.2107201535,0.015939952432124024,0
actual,1745424008.3810813,394656.0237239662,4438783.209615908,0.015930230948190405,0
actual,1745424008.4809816,394656.02430763934,4438783.209328188,0.015923441617400176,0
actual,1745424008.580971,394656.0245884276,4438783.2089934135,0.01595246644286073,0
actual,1745424008.6808743,394656.02450589096,4438783.208603452,0.01597817514274268,0
actual,1745424008.780957,394656.02421541663,4438783.208196442,0.0160177068503005,0
actual,1745424008.8810165,394656.0218534499,4438783.210520986,0.0158886921119929,0
actual,1745424008.9809759,394656.021484137,4438783.210505997,0.01587937205378722,0
actual,1745424009.0809684,394656.02110332565,4438783.210476317,0.015898273969586464,0
actual,1745424009.180974,394656.0208414185,4438783.210370405,0.015938748154940213,0
actual,1745424009.2809627,394656.0208129012,4438783.210292383,0.015958732174875444,0
actual,1745424009.3809395,394656.0203038699,4438783.210635643,0.015915587635766188,0
actual,1745424009.4810252,394656.020622078,4438783.2105730055,0.0159407552835799,0
actual,1745424009.5809562,394656.0208874483,4438783.210554498,0.01592330199106012,0
actual,1745424009.6809561,394656.0209461071,4438783.210418253,0.015939411380056032,0
actual,1745424009.7809546,394656.0208560586,4438783.2102244245,0.016000934236188768,0
actual,1745424009.8809528,394656.01980978984,4438783.211242126,0.015799610506971307,0
actual,1745424009.9809685,394656.0203471811,4438783.211222222,0.015856194081320968,0
actual,1745424010.0809538,394656.02104282065,4438783.211159443,0.015856333707661024,0
actual,1745424010.181034,394656.0218097312,4438783.2111444445,0.015805998412033603,0
actual,1745424010.2809796,394656.02228333394,4438783.211124692,0.015805998412033603,0
actual,1745424010.3809814,394656.02242677665,4438783.210955189,0.016031966190289255,0
actual,1745424010.4809577,394656.0225769767,4438783.208986518,0.01597457976448372,0
actual,1745424010.580953,394656.0220233043,4438783.208447832,0.016061252815137688,0
actual,1745424010.6809928,394656.0208821306,4438783.207996192,0.01612450354723,0
actual,1745424010.78099,394656.01981467206,4438783.207738897,0.01607523290244609,0
actual,1745424010.880985,394656.01888003666,4438783.210188811,0.01607350502648676,0
actual,1745424010.9809968,394656.0182332543,4438783.210217242,0.016078304681929532,0
actual,1745424011.080966,394656.01804072905,4438783.210142439,0.016072702175030637,0
actual,1745424011.1809566,394656.01831691473,4438783.210193142,0.016046208076985535,0
actual,1745424011.2809541,394656.01882411644,4438783.210258345,0.01606804214592792,0
actual,1745424011.3809566,394656.0211456718,4438783.210115104,0.016069106796771676,0
actual,1745424011.4809558,394656.021936869,4438783.210061322,0.016086821888679336,0
actual,1745424011.5809567,394656.02258804976,4438783.210000227,0.0160905568932786,0
actual,1745424011.6809711,394656.0231798311,4438783.20988856,0.01610280910462767,0
actual,1745424011.7810028,394656.02372966637,4438783.209836624,0.01609855050125289,0
actual,1745424011.8809917,394656.0216832268,4438783.210820633,0.01612384032211418,0
actual,1745424011.9809792,394656.0217432137,4438783.210802859,0.016156059100106004,0
actual,1745424012.0809693,394656.02182912175,4438783.210800395,0.01614342291632147,0
actual,1745424012.180968,394656.0219153172,4438783.210800499,0.016125847450753867,0
actual,1745424012.280972,394656.0220002955,4438783.210737824,0.016168189138407247,0
actual,1745424012.3809977,394656.0221359545,4438783.210704133,0.016157926602405635,0
actual,1745424012.480979,394656.02106120274,4438783.21004493,0.01589174643818387,0
actual,1745424012.5809596,394656.0208827532,4438783.209866201,0.01594527568634256,0
actual,1745424012.6809616,394656.02082320617,4438783.209775951,0.015925431292747386,0
actual,1745424012.7809854,394656.020719165,4438783.209575999,0.015932098450490036,0
actual,1745424012.8809648,394656.02022439963,4438783.210045237,0.015907332228404264,0
actual,1745424012.9810014,394656.0201182922,4438783.210027772,0.015935292403021308,0
actual,1745424013.081009,394656.02012730046,4438783.210015788,0.015937945303484337,0
actual,1745424013.1809638,394656.0201227162,4438783.210025381,0.015917978736841337,0
actual,1745424013.2810287,394656.020041489,4438783.209942439,0.015960198251447136,0
actual,1745424013.381005,394656.020608202,4438783.210227664,0.015874170972616262,0
actual,1745424013.4809685,394656.0206657107,4438783.21018884,0.01590839687924802,0
actual,1745424013.5809646,394656.0207664368,4438783.210219509,0.015907594027792148,0
actual,1745424013.6809552,394656.0208662357,4438783.210265737,0.015924768067631816,0
actual,1745424013.781049,394656.0209161354,4438783.210260286,0.015980025191749837,0
actual,1745424013.8809056,394656.0198515133,4438783.210490826,0.015916111234541706,0
actual,1745424013.9809237,394656.0198486807,4438783.210514854,0.01595113999262934,0
actual,1745424014.0809991,394656.0198662189,4438783.210529921,0.01596192612740671,0
actual,1745424014.1809788,394656.01989314274,4438783.210540804,0.015949673916057644,0
actual,1745424014.2809613,394656.019904628,4438783.210565469,0.015954333945160607,0
actual,1745424014.3810053,394656.0194232525,4438783.210115766,0.015940877456627728,0
actual,1745424014.48096,394656.019414252,4438783.210063429,0.015964579027869744,0
actual,1745424014.5809739,394656.01946208195,4438783.210039159,0.015930091321850352,0
actual,1745424014.6809626,394656.01947081275,4438783.209946848,0.0159656436787135,0
actual,1745424014.78101,394656.01946063474,4438783.209845977,0.015998665308161197,0
actual,1745424014.8809726,394656.0185104385,4438783.210557111,0.01590652937694839,0
actual,1745424014.9809613,394656.0184816478,4438783.210559118,0.0159135805071265,0
actual,1745424015.0809696,394656.0183954125,4438783.210533571,0.015930230948190405,0
actual,1745424015.180936,394656.01826128364,4438783.2104829885,0.01595913360060338,0
actual,1745424015.2808948,394656.0182060696,4438783.2104902165,0.015936357053865067,0
actual,1745424015.3809988,394656.0182006868,4438783.209454773,0.01586177913492714,0
actual,1745424015.4809709,394656.01814159134,4438783.20926016,0.015879232427447165,0
actual,1745424015.5809138,394656.0181005005,4438783.2091292525,0.01587230347031663,0
actual,1745424015.6810038,394656.01800260163,4438783.208969936,0.015900001845545794,0
actual,1745424015.7809668,394656.0179291528,4438783.208827473,0.015896144667898952,0
actual,1745424015.8809404,394656.01839722344,4438783.209343984,0.01589654609362689,0
actual,1745424015.9809546,394656.01838308235,4438783.209322099,0.015929689896122413,0
actual,1745424016.0810165,394656.0183761035,4438783.209285897,0.015943006758314993,0
actual,1745424016.1809742,394656.01836610876,4438783.209221103,0.01594274495892736,0
actual,1745424016.280979,394656.01835812273,4438783.209125288,0.015975103363259236,0
actual,1745424016.3809574,394656.01833393186,4438783.209087346,0.01599241702943896,0
actual,1745424016.4809597,394656.0200834561,4438783.209698549,0.01590426044892082,0
actual,1745424016.5810013,394656.0201907704,4438783.20968295,0.01594262278587953,0
actual,1745424016.6810002,394656.0203218605,4438783.209707512,0.015967912606741068,0
actual,1745424016.7809896,394656.0204613694,4438783.209724194,0.01599693743220162,0
actual,1745424016.8809857,394656.0189955532,4438783.209210593,0.015941819934423656,0
actual,1745424016.9809828,394656.01896225126,4438783.209136404,0.01595113999262934,0
actual,1745424017.080955,394656.0189307499,4438783.209023638,0.01598149126832153,0
actual,1745424017.1810055,394656.0189259305,4438783.208928386,0.015961385075338473,0
actual,1745424017.2809649,394656.01893105987,4438783.208817015,0.015978035516402624,0
actual,1745424017.380963,394656.02028995287,4438783.208898772,0.01589481821766756,0
actual,1745424017.4809656,394656.0204049265,4438783.208816492,0.01590172972150537,0
actual,1745424017.581029,394656.0203498921,4438783.208589063,0.015984563047804972,0
actual,1745424017.6809762,394656.0203366087,4438783.208478611,0.01596232755313465,0
actual,1745424017.780997,394656.0204411165,4438783.208382106,0.016010254294394448,0
actual,1745424017.8809633,394656.02062033024,4438783.208793704,0.01590172972150537,0
actual,1745424017.981139,394656.0207793141,4438783.208763414,0.01590279437234913,0
actual,1745424018.081054,394656.02079479524,4438783.208779156,0.015871902044588694,0
actual,1745424018.1810336,394656.0207438878,4438783.208566299,0.015923965216175694,0
actual,1745424018.2809656,394656.0207715635,4438783.208407521,0.015935432029361363,0
actual,1745424018.3809803,394656.02080232947,4438783.2087269705,0.01586778306755397,0
actual,1745424018.4809966,394656.0208501062,4438783.208682164,0.015839142214528878,0
actual,1745424018.5809944,394656.0208628096,4438783.208565117,0.015891222839408352,0
actual,1745424018.6809566,394656.02093292086,4438783.208539719,0.015875375249800323,0
actual,1745424018.780966,394656.02100308525,4438783.208447799,0.01589654609362689,0
actual,1745424018.8810174,394656.0205859372,4438783.209378832,0.015900542897614035,0
actual,1745424018.9810593,394656.020534183,4438783.209445213,0.015903073625029487,0
actual,1745424019.0809994,394656.0204737374,4438783.209487747,0.015927298795047017,0
actual,1745424019.180986,394656.02047015476,4438783.209543279,0.01588682460969327,0
actual,1745424019.2809563,394656.0204986208,4438783.2096066885,0.015833958586650397,0
actual,1745424019.3809543,394656.0203032688,4438783.209815092,0.015820100672389578,0
actual,1745424019.4809928,394656.02029559755,4438783.209839538,0.015767915327755,0
actual,1745424019.5809941,394656.02039024036,4438783.209828115,0.015733689421123243,0
actual,1745424019.6809154,394656.0239090624,4438783.20980028,0.015689619857510537,0
actual,1745424019.7810605,394656.02917356644,4438783.210014713,0.015734230473191484,0
actual,1745424019.8810506,394656.0366583595,4438783.20983373,0.015811461292592192,0
actual,1745424019.9809163,394656.05107932055,4438783.2096910635,0.016135167508959547,0
actual,1745424020.0809557,394656.0713833922,4438783.209535415,0.016711335601627905,0
actual,1745424020.1809518,394656.0990411365,4438783.20918281,0.01768046457538276,0
actual,1745424020.2809505,394656.1352896312,4438783.20894587,0.01931231251941261,0
actual,1745424020.3809528,394656.1837494297,4438783.208731202,0.02173139122255412,0
actual,1745424020.4809747,394656.23970354383,4438783.208442026,0.02522173556727752,0
actual,1745424020.5809598,394656.3065596371,4438783.208431437,0.02972554024875636,0
actual,1745424020.6808856,394656.38461933506,4438783.208882055,0.03542004345253088,0
actual,1745424020.7809918,394656.4742786939,4438783.20977833,0.04265837764615691,0
actual,1745424020.8809557,394656.5702167547,4438783.215253012,0.05151606322636807,0
actual,1745424020.9809606,394656.68406924466,4438783.219295591,0.061672814822131446,0
actual,1745424021.080957,394656.8112424807,4438783.224897476,0.07358753185367359,0
actual,1745424021.1809616,394656.9515431168,4438783.232868885,0.08754742570270252,0
actual,1745424021.2809963,394657.105083018,4438783.244352249,0.10323331055561379,0
actual,1745424021.3810394,394657.27444751264,4438783.250961638,0.12084200719215468,0
actual,1745424021.4810104,394657.4544588431,4438783.268837937,0.1414540664055273,0
actual,1745424021.5809965,394657.6458847379,4438783.292275182,0.16443701578139427,0
actual,1745424021.6809664,394657.8447644876,4438783.32101481,0.18965355026750083,0
actual,1745424021.780999,394658.0483729345,4438783.355861013,0.21639808560714335,0
actual,1745424021.8809583,394658.2592607078,4438783.390389568,0.24399336423737797,0
actual,1745424021.9809632,394658.4598202729,4438783.434226807,0.2730746860059309,0
actual,1745424022.0809822,394658.6584776123,4438783.48431535,0.30303338478946107,0
actual,1745424022.1809545,394658.85461944767,4438783.540524423,0.3344568162411427,0
actual,1745424022.280858,394659.0459332263,4438783.602901335,0.36619770563046944,0
actual,1745424022.3809628,394659.23297830275,4438783.670306147,0.39898507698599955,0
actual,1745424022.4809906,394659.4146153745,4438783.746045012,0.43143662954015327,0
actual,1745424022.5809665,394659.59434416273,4438783.824406853,0.46333643115787404,0
actual,1745424022.6809645,394659.770056785,4438783.907062405,0.49445699562445694,0
actual,1745424022.780974,394659.9411542465,4438783.994648059,0.5245993903117597,0
actual,1745424022.881047,394660.1163254739,4438784.088628491,0.5554613667963672,0
actual,1745424022.980965,394660.27963395056,4438784.184391727,0.5869372628453636,0
actual,1745424023.0809617,394660.4376505965,4438784.28407098,0.6189224285167996,0
actual,1745424023.180902,394660.59057660017,4438784.387172122,0.651660407054498,0
actual,1745424023.2809138,394660.7377678261,4438784.494340032,0.6843178211939247,0
actual,1745424023.3809562,394660.8668803639,4438784.60147319,0.7182236518940103,0
actual,1745424023.4809542,394661.0024324568,4438784.713847807,0.7525350272990892,0
actual,1745424023.580958,394661.13240288914,4438784.829608971,0.7868021760609226,0
actual,1745424023.6809833,394661.2561797802,4438784.948089755,0.8220468488302131,0
actual,1745424023.7810266,394661.37311379006,4438785.069026961,0.8575207531434603,0
actual,1745424023.8809714,394661.48752029607,4438785.206539883,0.8889959336074635,0
actual,1745424023.9809678,394661.59202521975,4438785.332224844,0.925766931714208,0
actual,1745424024.0809517,394661.6906793461,4438785.459202138,0.9629762169027133,0
actual,1745424024.1809554,394661.78300391795,4438785.587315347,1.0003890249352938,0
actual,1745424024.280961,394661.8685164254,4438785.716009544,1.038237571868927,0
actual,1745424024.3809848,394661.9475375867,4438785.846097328,1.0744246526211243,0
actual,1745424024.4809618,394662.02743663243,4438785.969857587,1.1094860309123702,0
actual,1745424024.5810487,394662.09474795137,4438786.099135416,1.1425977717093834,0
actual,1745424024.6809738,394662.1568488665,4438786.227898065,1.1737110232464005,0
actual,1745424024.780995,394662.2145000212,4438786.355978142,1.2037970437988637,0
actual,1745424024.8809578,394662.26690901734,4438786.482871946,1.2320813784177858,0
actual,1745424024.9809618,394662.3154579708,4438786.618414615,1.2589166883318246,0
actual,1745424025.080862,394662.3600684456,4438786.745121063,1.2848871352416227,0
actual,1745424025.1810124,394662.4006735419,4438786.870545431,1.3093961481555558,0
actual,1745424025.280987,394662.4375462636,4438786.9940441875,1.3329044241829806,0
actual,1745424025.381106,394662.46461696795,4438787.111642564,1.355196502427738,0
actual,1745424025.4810023,394662.49316154147,4438787.229887808,1.3761194396874759,0
actual,1745424025.5809777,394662.51913603453,4438787.345294281,1.3963193743045752,0
actual,1745424025.680998,394662.5424047661,4438787.458595445,1.415179576734551,0
actual,1745424025.7809613,394662.56315847964,4438787.5693602115,1.4332308190562275,0
actual,1745424025.8810227,394662.5761318059,4438787.679809081,1.4518836938243591,0
actual,1745424025.9809654,394662.59079363575,4438787.78569872,1.4678437699027587,0
actual,1745424026.0809824,394662.6035413307,4438787.889187022,1.4827316029551953,0
actual,1745424026.1810143,394662.61476921436,4438787.990105852,1.4967212023080934,0
actual,1745424026.2809167,394662.62426372594,4438788.088242876,1.5094616869686315,0
actual,1745424026.3809536,394662.6324348634,4438788.1839702185,1.521435762648034,0
actual,1745424026.4809546,394662.63483209675,4438788.2775365915,1.5325792884962899,0
actual,1745424026.5809586,394662.63970605546,4438788.368058082,1.5425790302725437,0
actual,1745424026.6810274,394662.64378078905,4438788.455621774,1.5519134525379372,0
actual,1745424026.7809682,394662.64684246155,4438788.540496359,1.5603014176565593,0
actual,1745424026.8809743,394662.64919976436,4438788.622413989,1.5682226642799058,0
actual,1745424026.9810417,394662.64905389823,4438788.7046671435,1.5753700319129174,0
actual,1745424027.081029,394662.64963149646,4438788.781059994,1.5819704133583545,0
actual,1745424027.180965,394662.6497190846,4438788.85466086,1.5880546834906848,0
actual,1745424027.2809596,394662.6494971626,4438788.925546516,1.5936446589255575,0
actual,1745424027.3809657,394662.6507985757,4438788.987001654,1.5986428804775406,0
actual,1745424027.4809747,394662.650385119,4438789.051458985,1.6032804995527699,0
actual,1745424027.5809906,394662.6496873947,4438789.113255011,1.6074520808111314,0
actual,1745424027.6809824,394662.64840885956,4438789.172353003,1.6110100566643701,0
actual,1745424027.7809606,394662.64722899906,4438789.228917106,1.6143294285555678,0
actual,1745424027.880956,394662.64571315865,4438789.284553141,1.617071410623621,0
actual,1745424027.9809594,394662.6444922099,4438789.337485662,1.6195593425657544,0
actual,1745424028.0809667,394662.6429340974,4438789.389638916,1.6216174348197057,0
actual,1745424028.1809587,394662.64135637763,4438789.441533516,1.6234028193780337,0
actual,1745424028.2809067,394662.6397054043,4438789.493820988,1.6249405242622106,0
actual,1745424028.381054,394662.63719335094,4438789.545533205,1.6261778230755346,0
actual,1745424028.4810224,394662.635118862,4438789.600183793,1.62714349629737,0
actual,1745424028.580955,394662.63287032547,4438789.657597786,1.627909416586315,0
actual,1745424028.6810074,394662.6304803181,4438789.718958225,1.6284324568565527,0
actual,1745424028.7809572,394662.6277645421,4438789.7850987725,1.6286231340773338,0
actual,1745424028.8809633,394662.6207805615,4438789.8514884515,1.6285432503574693,0
actual,1745424028.981005,394662.61701983446,4438789.928761035,1.6280894472986582,0
actual,1745424029.0809617,394662.61282324366,4438790.013408794,1.6271056750124795,0
actual,1745424029.181,394662.6084038095,4438790.106323308,1.6257352075772282,0
actual,1745424029.2809901,394662.6035310721,4438790.208052957,1.623610531012313,0
actual,1745424029.38097,394662.5986146232,4438790.31912146,1.6208040939349835,0
actual,1745424029.480955,394662.5936053039,4438790.444620932,1.6171635640081268,0
actual,1745424029.5809567,394662.5890789433,4438790.575611799,1.6125717423724693,0
actual,1745424029.6809611,394662.58466413105,4438790.715860953,1.6068054537765608,0
actual,1745424029.7809603,394662.58120469993,4438790.864411095,1.5999675330199268,0
actual,1745424029.880955,394662.5753764586,4438791.01836101,1.5918395521466822,0
actual,1745424029.9809945,394662.57360629743,4438791.178579809,1.582850862152816,0
actual,1745424030.08096,394662.5729426153,4438791.342364977,1.5732656011673256,0
actual,1745424030.1809788,394662.5744630126,4438791.505640572,1.5646113162581416,0
actual,1745424030.2809682,394662.5769935615,4438791.667779452,1.5566129784417346,0
actual,1745424030.3809657,394662.58085120923,4438791.836249683,1.5493609783200657,0
actual,1745424030.4809766,394662.585762728,4438791.996459616,1.5426705553385183,0
actual,1745424030.5809705,394662.5915744557,4438792.154945391,1.5367089818526036,0
actual,1745424030.680957,394662.5982634035,4438792.310126658,1.5306901266606385,0
actual,1745424030.7810316,394662.60537624056,4438792.4612892335,1.5248974486864395,0
actual,1745424030.8815715,394662.61654191813,4438792.60284602,1.519312604519568,0
actual,1745424030.9810274,394662.62527941255,4438792.744000397,1.5139348262151529,0
actual,1745424031.0809643,394662.63453613163,4438792.879867557,1.508914648421179,0
actual,1745424031.180975,394662.64422372694,4438793.010178478,1.5040156662904636,0
actual,1745424031.280957,394662.65372130676,4438793.135193049,1.4993722178155326,0
actual,1745424031.3809142,394662.65902876074,4438793.257391961,1.4945626838089818,0
actual,1745424031.4809663,394662.66767080745,4438793.371930986,1.4901894297555522,0
actual,1745424031.5809968,394662.6766095625,4438793.478379848,1.4862072865342022,0
actual,1745424031.6809626,394662.6847729544,4438793.579441809,1.4820623040936407,0
actual,1745424031.7810478,394662.69306460884,4438793.671603792,1.47879520481354,0
actual,1745424031.8809884,394662.7077636457,4438793.76828927,1.4754388843020774,0
actual,1745424031.9810097,394662.7156282262,4438793.847462783,1.4724754897651162,0
actual,1745424032.0809584,394662.7230256908,4438793.918671231,1.4699178319193662,0
actual,1745424032.1809676,394662.72939007456,4438793.982615342,1.4672650187227974,0
actual,1745424032.2809844,394662.73510575364,4438794.037621288,1.4653909190785908,0
actual,1745424032.38106,394662.7396287599,4438794.084345295,1.4636045745891748,0
actual,1745424032.4810486,394662.7495830551,4438794.121102863,1.462217264726642,0
actual,1745424032.581003,394662.7534048543,4438794.151484438,1.4614088107638257,0
actual,1745424032.68096,394662.7559366879,4438794.174944179,1.4602212189275985,0
actual,1745424032.7810388,394662.75819548353,4438794.19152872,1.459724288782971,0
actual,1745424032.8809655,394662.76039346994,4438794.203479762,1.4594058011010669,0
actual,1745424032.9809628,394662.76086555736,4438794.20800631,1.459088866762197,0
actual,1745424033.0809567,394662.7610209392,4438794.207384493,1.459194267195725,0
actual,1745424033.1809568,394662.7608378745,4438794.205993902,1.4590573286626136,0
actual,1745424033.2809715,394662.760830848,4438794.204719829,1.4592019640977265,0
actual,1745424033.3809974,394662.7592667978,4438794.195556655,1.4591327617928849,0
actual,1745424033.4809742,394662.7594784308,4438794.194434674,1.4592491578007003,0
actual,1745424033.5809462,394662.75978454936,4438794.194042316,1.4592518107011634,0
actual,1745424033.6809583,394662.7602216086,4438794.193605365,1.459315009073378,0
actual,1745424033.7809587,394662.7605553865,4438794.193055069,1.4592818827241751,0
actual,1745424033.8809717,394662.7583367843,4438794.20195369,1.4593168067625077,0
actual,1745424033.9809759,394662.75841113913,4438794.202846111,1.459291813647619,0
actual,1745424034.0809445,394662.75847866293,4438794.203776378,1.459286368220353,0
actual,1745424034.1810162,394662.758580598,4438794.204701632,1.4592961595174567,0
actual,1745424034.2810078,394662.75862874393,4438794.205689679,1.4593019191039882,0
actual,1745424034.3809855,394662.75478079484,4438794.197568458,1.4592968052892799,0
actual,1745424034.4809756,394662.75437439245,4438794.197124988,1.4593107504700031,0
actual,1745424034.5810099,394662.7539445076,4438794.196676995,1.4593287622678837,0
actual,1745424034.681054,394662.75346226513,4438794.196217589,1.4593401418146068,0
actual,1745424034.7809749,394662.7530454255,4438794.195751488,1.4593397229355864,0
actual,1745424034.8809714,394662.75369668036,4438794.196305638,1.4593347662005105,0
actual,1745424034.9809709,394662.753643392,4438794.196216292,1.4593773522342592,0
actual,1745424035.080954,394662.7536024438,4438794.196122579,1.4594132536569728,0
actual,1745424035.1809583,394662.75355254376,4438794.196058036,1.4594017519372022,0
actual,1745424035.2809708,394662.7535038959,4438794.195909027,1.4594052251424137,0
actual,1745424035.38096,394662.7553808559,4438794.195272809,1.4593181332127392,0
actual,1745424035.480973,394662.7556519539,4438794.195201484,1.4593564780964057,0
actual,1745424035.5809586,394662.75570536894,4438794.195115045,1.4593904247503569,0
actual,1745424035.6810656,394662.7557865138,4438794.19504113,1.4594147197335445,0
actual,1745424035.7809765,394662.75608995464,4438794.194901803,1.4594141961347689,0
actual,1745424035.8809745,394662.7557198914,4438794.1961667575,1.459336249730375,0
actual,1745424035.980955,394662.7555846949,4438794.196393495,1.4592933320840684,0
actual,1745424036.080955,394662.75556726963,4438794.196504924,1.4592853035695093,0
actual,1745424036.180963,394662.75567975786,4438794.196719118,1.4593391120703483,0
actual,1745424036.2808905,394662.7557463449,4438794.196983511,1.4593223394562365,0
actual,1745424036.380982,394662.756061215,4438794.195616485,1.459317155828358,0
actual,1745424036.4810174,394662.75614808715,4438794.1957318345,1.4593183077456644,0
actual,1745424036.5809731,394662.7562593547,4438794.195811392,1.4593447320305395,0
actual,1745424036.68098,394662.75641893444,4438794.195970654,1.459389691712071,0
actual,1745424036.7809644,394662.7565350674,4438794.196095051,1.4593902502174314,0
actual,1745424036.880983,394662.7561892028,4438794.195685177,1.4593255508620602,0
actual,1745424036.980956,394662.75617095793,4438794.19581359,1.4593252017962097,0
actual,1745424037.0809624,394662.75610475324,4438794.195932008,1.459293960402599,0
actual,1745424037.181002,394662.75620579394,4438794.196061858,1.4593405432403348,0
actual,1745424037.2809587,394662.75625746656,4438794.196137889,1.459361260298556,0
actual,1745424037.380957,394662.7555295241,4438794.195122385,1.4593304901438433,0
actual,1745424037.480972,394662.75539795536,4438794.195179387,1.459344749483832,0
actual,1745424037.5810187,394662.75529580173,4438794.195260837,1.4593096509125745,0
actual,1745424037.6809766,394662.75524920906,4438794.1953465985,1.4593228456017195,0
actual,1745424037.7809627,394662.75511964294,4438794.195435635,1.4593130368513232,0
actual,1745424037.8809564,394662.7565686207,4438794.1947202105,1.459359584782474,0
actual,1745424037.9810681,394662.7566379614,4438794.194744535,1.4593896044456085,0
actual,1745424038.08087,394662.7566442767,4438794.194815743,1.4593563210167728,0
actual,1745424038.1809835,394662.7567873465,4438794.194803599,1.4593638608391415,0
actual,1745424038.2810218,394662.7569436817,4438794.194816449,1.4593870737181929,0
actual,1745424038.3809562,394662.75591274153,4438794.195353489,1.4593179412265214,0
actual,1745424038.480971,394662.75583130546,4438794.1954292385,1.4593683986951966,0
actual,1745424038.5809019,394662.7557646438,4438794.1955371685,1.4593594626094264,0
actual,1745424038.6809833,394662.75567176286,4438794.19564066,1.459389360099513,0
actual,1745424038.780921,394662.7555596342,4438794.1957511,1.4594015424976918,0
actual,1745424038.880963,394662.75588384026,4438794.195103515,1.4593472627579551,0
actual,1745424038.981014,394662.7559920056,4438794.195132631,1.4593691666400677,0
actual,1745424039.0810018,394662.7560962669,4438794.195167923,1.4593783994318106,0
actual,1745424039.1809583,394662.75617964217,4438794.195159693,1.459394962606412,0
actual,1745424039.2809567,394662.7562978749,4438794.195151716,1.4593947531669016,0
actual,1745424039.3809578,394662.7555184688,4438794.195710311,1.4593673689509379,0
actual,1745424039.480958,394662.75545645785,4438794.195763149,1.459375659264885,0
actual,1745424039.580983,394662.7554753341,4438794.19582355,1.4593848396967504,0
actual,1745424039.68097,394662.75547358353,4438794.195875177,1.4594219803032327,0
actual,1745424039.7809615,394662.7555006631,4438794.195999954,1.4594311258285133,0
actual,1745424039.8809607,394662.7563344568,4438794.195688544,1.4593200181683312,0
actual,1745424039.9809952,394662.7564409404,4438794.195730757,1.4593446273107844,0
actual,1745424040.080993,394662.75651326694,4438794.195787768,1.4593521845864457,0
actual,1745424040.181,394662.75657513546,4438794.195868115,1.4593297221989723,0
actual,1745424040.2809913,394662.75666920457,4438794.195953857,1.4593640702786517,0
actual,1745424040.381002,394662.7545678846,4438794.1942256745,1.459305270136152,0
actual,1745424040.4809773,394662.7544456824,4438794.19419349,1.4593203846874743,0
actual,1745424040.580978,394662.7543283456,4438794.194139385,1.459336319543545,0
actual,1745424040.6809592,394662.7541759125,4438794.194090555,1.4593348534669732,0
actual,1745424040.7809536,394662.7540136163,4438794.194055353,1.4593265282464414,0
actual,1745424040.8809662,394662.75435391965,4438794.196308268,1.4593387280979127,0
actual,1745424040.9809031,394662.7543305381,4438794.196439542,1.4593609112327057,0
actual,1745424041.0809631,394662.75414639653,4438794.196592386,1.4593454301622404,0
actual,1745424041.180955,394662.75414216344,4438794.196822002,1.459360719246488,0
actual,1745424041.2809827,394662.7542268122,4438794.19700547,1.459367438764108,0
actual,1745424041.3810592,394662.7538938193,4438794.196062289,1.4592971019952525,0
actual,1745424041.4809809,394662.75378224254,4438794.196130311,1.4593165449631198,0
actual,1745424041.5809598,394662.75374563003,4438794.196128661,1.4593455174287029,0
actual,1745424041.68096,394662.7536786309,4438794.19616826,1.459328291028986,0
actual,1745424041.7809556,394662.75359276996,4438794.196272187,1.4593468787855195,0
actual,1745424041.8809738,394662.7541567894,4438794.196526709,1.4593542266216706,0
actual,1745424041.9809752,394662.7541475703,4438794.196625809,1.4593456919616283,0
actual,1745424042.0810087,394662.7541279609,4438794.196724397,1.4593729540045444,0
actual,1745424042.180959,394662.75413096533,4438794.196865784,1.4593930427442348,0
actual,1745424042.2809603,394662.75416337163,4438794.196999513,1.4594122239127143,0
actual,1745424042.3809621,394662.7541329219,4438794.19725869,1.4594192575896,0
actual,1745424042.4809763,394662.7551294783,4438794.19799657,1.4592718121743913,0
actual,1745424042.5809827,394662.75519773754,4438794.198194239,1.4592780953596984,0
actual,1745424042.6809552,394662.7552481759,4438794.198390144,1.459319162956998,0
actual,1745424042.7810051,394662.7552013633,4438794.198601334,1.4593302807043331,0
actual,1745424042.880976,394662.7548134169,4438794.1961397035,1.4593558148712897,0
actual,1745424042.9810085,394662.7547932395,4438794.196074502,1.4593703185573736,0
actual,1745424043.0809567,394662.7547805037,4438794.196023129,1.4594413360046374,0
actual,1745424043.1809583,394662.75478251954,4438794.196024565,1.4594647757764918,0
actual,1745424043.2810333,394662.75477762416,4438794.1960451035,1.4594905542895436,0
actual,1745424043.38099,394662.7560290246,4438794.195493767,1.4593676831102034,0
actual,1745424043.4809713,394662.75606244896,4438794.195476755,1.4593487811944041,0
actual,1745424043.5809958,394662.75614098867,4438794.195503522,1.4593527430918063,0
actual,1745424043.680993,394662.75623251003,4438794.195609193,1.4593626914685427,0
actual,1745424043.7810473,394662.7563013007,4438794.195713624,1.4593785914180284,0
actual,1745424043.8809748,394662.754849216,4438794.19610576,1.45932977455885,0
actual,1745424043.9809623,394662.7547908945,4438794.196221077,1.4593282037625233,0
actual,1745424044.0809662,394662.75473686773,4438794.196410125,1.459329547666047,0
actual,1745424044.1808684,394662.7547338661,4438794.196593684,1.45931446802131,0
actual,1745424044.2809587,394662.75466173387,4438794.196829747,1.459304432378111,0
actual,1745424044.3809648,394662.75456813397,4438794.1971849995,1.4593323401928504,0
actual,1745424044.4809911,394662.7545383531,4438794.197342945,1.4593109599095135,0
actual,1745424044.5809548,394662.75451551186,4438794.197552227,1.4593281514026455,0
actual,1745424044.6809547,394662.7544436696,4438794.197816099,1.4592999468819334,0
actual,1745424044.7809563,394662.75439517706,4438794.198076433,1.4593224267226992,0
actual,1745424044.8809576,394662.7562367426,4438794.197036885,1.4593231772142774,0
actual,1745424044.9809582,394662.75626301183,4438794.197051251,1.459330175984578,0
actual,1745424045.080958,394662.75635178643,4438794.197075468,1.4593471405849072,0
actual,1745424045.18097,394662.7563869243,4438794.197078415,1.4593601432878347,0
actual,1745424045.280986,394662.7563875798,4438794.197169321,1.4593519053337654,0
actual,1745424045.380961,394662.75544156117,4438794.1969508985,1.4593530223444864,0
actual,1745424045.4809575,394662.7553644895,4438794.196961715,1.4594036717993795,0
actual,1745424045.5809052,394662.75519032043,4438794.19702956,1.459408157295557,0
actual,1745424045.6810462,394662.7550607889,4438794.19710929,1.4594071624578833,0
actual,1745424045.7809863,394662.75498915627,4438794.197216707,1.4594345117672622,0
actual,1745424045.880956,394662.7550736268,4438794.196974276,1.459304572004451,0
actual,1745424045.9809577,394662.7550173072,4438794.197045438,1.4593120594669422,0
actual,1745424046.080904,394662.7549836525,4438794.197121613,1.459342759808485,0
actual,1745424046.1811068,394662.7548927993,4438794.197275493,1.4593479783429484,0
actual,1745424046.280977,394662.7547942222,4438794.197454557,1.459364244811577,0
actual,1745424046.380966,394662.7550421958,4438794.196219081,1.4593350105466059,0
actual,1745424046.481005,394662.7550032303,4438794.196274028,1.4593276452571626,0
actual,1745424046.5809584,394662.75500023976,4438794.196306365,1.459374018655388,0
actual,1745424046.680958,394662.7549699723,4438794.196404843,1.459381366491539,0
actual,1745424046.7809029,394662.7549466249,4438794.196544738,1.45940644687289,0
actual,1745424046.8809683,394662.75464800745,4438794.19592724,1.4593155850320312,0
actual,1745424046.9810255,394662.7546240941,4438794.196012658,1.459300906813022,0
actual,1745424047.080973,394662.75459068606,4438794.1961065885,1.4593062998804107,0
actual,1745424047.1809964,394662.754540137,4438794.196203111,1.4593331430443064,0
actual,1745424047.2809956,394662.7544583691,4438794.196341177,1.4593504392571937,0
actual,1745424047.3810296,394662.75497713336,4438794.196214833,1.4593055493888323,0
actual,1745424047.4809558,394662.7549314241,4438794.196321556,1.459321955483801,0
actual,1745424047.5811043,394662.7549130763,4438794.196479019,1.4593182553857866,0
actual,1745424047.6809876,394662.7549043142,4438794.196638739,1.459316649682875,0
actual,1745424047.7810104,394662.75486087066,4438794.1967934575,1.4593155675787388,0
actual,1745424047.8809557,394662.7548681955,4438794.196183589,1.4593174001744533,0
actual,1745424047.9810002,394662.7548304142,4438794.196218205,1.4593103141376904,0
actual,1745424048.0809546,394662.75482219626,4438794.1962389825,1.4593370700351234,0
actual,1745424048.1809897,394662.7547999209,4438794.196306756,1.4593522543996156,0
actual,1745424048.280959,394662.7547944215,4438794.196393136,1.4593780329126675,0
actual,1745424048.380953,394662.7558352767,4438794.196014168,1.459312687785473,0
actual,1745424048.4809759,394662.75585113245,4438794.196084758,1.4593304377839655,0
actual,1745424048.5809646,394662.7558322288,4438794.196186676,1.4593367384225655,0
actual,1745424048.681134,394662.7558691624,4438794.196303269,1.459358939010651,0
actual,1745424048.7809632,394662.7559228414,4438794.196461961,1.4593905469234043,0
actual,1745424048.880974,394662.7547538437,4438794.197455029,1.4593477514501456,0
actual,1745424048.9809551,394662.7546847923,4438794.19756523,1.459356966788596,0
actual,1745424049.0810013,394662.75459307607,4438794.197691025,1.4593794640826543,0
actual,1745424049.1809812,394662.75449519185,4438794.197822128,1.4594174773537625,0
actual,1745424049.280903,394662.75439641945,4438794.198006493,1.4594192575896,0
actual,1745424049.381017,394662.7535051708,4438794.197601381,1.459338867724253,0
actual,1745424049.4809947,394662.7534150454,4438794.1976414835,1.4593340680688098,0
actual,1745424049.5809991,394662.75335014507,4438794.197733464,1.4593324798191905,0
actual,1745424049.6809583,394662.7532997161,4438794.197809502,1.4593494095129351,0
actual,1745424049.7809587,394662.75325009634,4438794.197930361,1.4593582234256575,0
actual,1745424049.8809106,394662.7532839524,4438794.197722352,1.459302948848247,0
actual,1745424049.9810119,394662.75327381305,4438794.197738967,1.4593034200871449,0
actual,1745424050.0810056,394662.7532602222,4438794.197781121,1.4592938731361365,0
actual,1745424050.1809604,394662.75327929034,4438794.197829571,1.4593311010090815,0
actual,1745424050.2809772,394662.75323795574,4438794.197916999,1.4593219729370934,0
actual,1745424050.3809757,394662.75557114923,4438794.197593303,1.459336686062688,0
actual,1745424050.480953,394662.75572247704,4438794.197617699,1.459373111084177,0
actual,1745424050.580956,394662.7558857659,4438794.197690079,1.459398557984671,0
actual,1745424050.6809547,394662.7560546147,4438794.197770086,1.4594360476570039,0
actual,1745424050.78098,394662.7561861477,4438794.197898223,1.4594589638300826,0
actual,1745424050.880977,394662.7557318356,4438794.198527182,1.4593652221959579,0
actual,1745424050.9809644,394662.7557132355,4438794.198666489,1.4593746818805038,0
actual,1745424051.0809956,394662.7557363558,4438794.198833125,1.4593952418590923,0
actual,1745424051.1809602,394662.7557462225,4438794.198984909,1.4594048586232709,0
actual,1745424051.2809522,394662.75578468735,4438794.199151135,1.459431248001561,0
actual,1745424051.380984,394662.7554250247,4438794.199188685,1.4593651698360803,0
actual,1745424051.480987,394662.7554102845,4438794.199277884,1.4593850316829682,0
actual,1745424051.5810125,394662.75542941503,4438794.199376036,1.4594055043950942,0
actual,1745424051.680966,394662.7554112415,4438794.19948889,1.459421282171532,0
actual,1745424051.7809548,394662.75535917544,4438794.199612307,1.4594466418055634,0
actual,1745424051.8809652,394662.75449760474,4438794.197469918,1.459321815857461,0
actual,1745424051.9809928,394662.754427786,4438794.197397046,1.4593373318345113,0
actual,1745424052.0809994,394662.75435312383,4438794.197369622,1.4593564780964057,0
actual,1745424052.180907,394662.75429717195,4438794.197372618,1.4593914195880304,0
actual,1745424052.2809572,394662.75422104646,4438794.197384159,1.4594028340413383,0
actual,1745424052.3809624,394662.75412696134,4438794.197470692,1.459401036352209,0
actual,1745424052.4809926,394662.75519947894,4438794.196601032,1.4593386408314502,0
actual,1745424052.5809789,394662.75528281776,4438794.19661337,1.459365396728883,0
actual,1745424052.680956,394662.75536775094,4438794.196676838,1.4593808603460559,0
actual,1745424052.780988,394662.7553677293,4438794.196732356,1.4593985056247933,0
actual,1745424052.8809845,394662.75611478725,4438794.196063899,1.4593687652143397,0
actual,1745424052.9809935,394662.7562204741,4438794.196085539,1.4594007570995284,0
actual,1745424053.0809877,394662.7562477937,4438794.196138891,1.4594013330581816,0
actual,1745424053.1809895,394662.75635897485,4438794.196131101,1.4594398873813583,0
actual,1745424053.2809715,394662.75649932714,4438794.196152596,1.4594928581241564,0
actual,1745424053.3810153,394662.75627101987,4438794.196039304,1.4593336142832045,0
actual,1745424053.4809937,394662.7562822617,4438794.196045754,1.4593164576966573,0
actual,1745424053.580991,394662.7563581518,4438794.196095817,1.459333736456252,0
actual,1745424053.680882,394662.75632584136,4438794.196187556,1.4593376110871914,0
actual,1745424053.7809527,394662.75633492845,4438794.196277366,1.4593509454026767,0
actual,1745424053.8809533,394662.756896092,4438794.19566361,1.4593537030228947,0
actual,1745424053.9809582,394662.75699043466,4438794.1957262475,1.4593714879279727,0
actual,1745424054.0809574,394662.75707266986,4438794.195815234,1.4593667231791148,0
actual,1745424054.1809847,394662.75714517216,4438794.195916828,1.4593911228820575,0
actual,1745424054.2809618,394662.7570984841,4438794.196062331,1.4593652047426653,0
actual,1745424054.381005,394662.7563280795,4438794.196300954,1.4593027394087366,0
actual,1745424054.480963,394662.75635685475,4438794.196403497,1.4592766467364193,0
actual,1745424054.5809581,394662.75640376075,4438794.196518788,1.4592957580917285,0
actual,1745424054.680959,394662.7563941854,4438794.196692191,1.4592809751529643,0
actual,1745424054.780979,394662.75637996406,4438794.196879258,1.4592806086338213,0
actual,1745424054.8809695,394662.7565023932,4438794.196378615,1.4593122863597452,0
actual,1745424054.9810154,394662.7564595858,4438794.196460908,1.4593532492372894,0
actual,1745424055.0809684,394662.7564272026,4438794.196595814,1.4593452381760226,0
actual,1745424055.1809618,394662.75642942806,4438794.196764914,1.459368852480802,0
actual,1745424055.280985,394662.7563654805,4438794.197012544,1.4593872657044107,0
actual,1745424055.3809087,394662.7554392572,4438794.197271749,1.4593557625114122,0
actual,1745424055.4809875,394662.7552971457,4438794.19742838,1.459351364281697,0
actual,1745424055.5809932,394662.75517310924,4438794.197607416,1.4593482226890435,0
actual,1745424055.6810036,394662.7550112704,4438794.197755294,1.4593319038605372,0
actual,1745424055.7810094,394662.7549331479,4438794.197973522,1.4593486241147717,0
actual,1745424055.880983,394662.7556702106,4438794.196415106,1.4593053574026145,0
actual,1745424055.9809635,394662.75556573796,4438794.196352817,1.4593318165940747,0
actual,1745424056.0809586,394662.7555113459,4438794.196389539,1.4593411017456954,0
actual,1745424056.1809545,394662.75544423866,4438794.196423077,1.4593175747073788,0
actual,1745424056.2810001,394662.7554346457,4438794.196510175,1.4593541393552079,0
actual,1745424056.3810098,394662.75560077926,4438794.196502948,1.4593633896002434,0
actual,1745424056.4810202,394662.7555740223,4438794.196522419,1.459354680407276,0
actual,1745424056.5810688,394662.7555441642,4438794.196632723,1.4593427423551923,0
actual,1745424056.6810107,394662.75558043644,4438794.1967427805,1.4593325147257756,0
actual,1745424056.7809598,394662.7555873068,4438794.196871828,1.4593107679232957,0
actual,1745424056.8809288,394662.7565252491,4438794.196696988,1.459288689508258,0
actual,1745424056.98098,394662.75657245866,4438794.196786884,1.4592775368543378,0
actual,1745424057.080989,394662.75666182616,4438794.19691937,1.4592863856736453,0
actual,1745424057.1809554,394662.75669972267,4438794.197101687,1.4593001214148587,0
actual,1745424057.2810023,394662.7567401456,4438794.197293768,1.4592951821330755,0
actual,1745424057.380963,394662.7573637584,4438794.195979627,1.4593563384700654,0
actual,1745424057.4809816,394662.7574148668,4438794.1960678315,1.459380354200573,0
actual,1745424057.5809565,394662.7573800159,4438794.196213603,1.459350456710486,0
actual,1745424057.6809669,394662.75740163773,4438794.196350996,1.4593845429907775,0
actual,1745424057.7809815,394662.75744580897,4438794.196500558,1.4594046142771757,0
actual,1745424057.8809698,394662.7569681352,4438794.197134398,1.4593443655113967,0
actual,1745424057.9810028,394662.75690464146,4438794.197261103,1.4593373667410963,0
actual,1745424058.0809784,394662.7568756102,4438794.197366819,1.4593399847349742,0
actual,1745424058.1810062,394662.7568406797,4438794.197503576,1.4593534761300921,0
actual,1745424058.2809646,394662.75684647966,4438794.197630217,1.4593911054287652,0
actual,1745424058.3809562,394662.7581031474,4438794.197591173,1.459319669102481,0
actual,1745424058.4809587,394662.75827384467,4438794.197638078,1.4593529525313165,0
actual,1745424058.5810087,394662.7583662254,4438794.197748918,1.4593452730826075,0
actual,1745424058.6809652,394662.75854228414,4438794.197852162,1.4593689746538498,0
actual,1745424058.7809865,394662.7587048131,4438794.198016487,1.4593405606936272,0
actual,1745424058.880977,394662.7562741328,4438794.197254828,1.459311047175976,0
actual,1745424058.9809895,394662.75609013124,4438794.197332791,1.459293489163701,0
actual,1745424059.0809596,394662.75591178064,4438794.197422434,1.45931904078395,0
actual,1745424059.1809914,394662.75564641366,4438794.197547113,1.4593111169891462,0
actual,1745424059.2809863,394662.7553979036,4438794.197691155,1.4593376809003615,0
actual,1745424059.3809898,394662.7565323422,4438794.1962714195,1.4593370525818308,0
actual,1745424059.4809606,394662.75650128315,4438794.1962728575,1.4593361799172049,0
actual,1745424059.5810034,394662.7565161352,4438794.196295562,1.4593396880290015,0
actual,1745424059.6810167,394662.756558569,4438794.196308106,1.4593609984991682,0
actual,1745424059.7809691,394662.756599868,4438794.196342195,1.459381471211294,0
actual,1745424059.8809757,394662.7545738207,4438794.197062125,1.459299126577185,0
actual,1745424059.9809813,394662.7545020901,4438794.197195601,1.4592967529294023,0
actual,1745424060.0809813,394662.75446558825,4438794.197343406,1.4593401941744844,0
actual,1745424060.1809618,394662.7543896955,4438794.197548321,1.4593434230336007,0
actual,1745424060.2809544,394662.75435012125,4438794.19778285,1.4593760781439054,0
actual,1745424060.381005,394662.7546848201,4438794.197010868,1.4593029663015393,0
actual,1745424060.4810283,394662.7546916553,4438794.197053603,1.4593271042050944,0
actual,1745424060.5810215,394662.7547625073,4438794.197110656,1.4593449938299274,0
actual,1745424060.6809728,394662.7548974499,4438794.197181426,1.4593662868468016,0
actual,1745424060.7809894,394662.75502576615,4438794.197277593,1.459386235960152,0
actual,1745424060.8808806,394662.7540303675,4438794.197535309,1.4593125481591327,0
actual,1745424060.9809647,394662.75402122305,4438794.19760051,1.4593325321790682,0
actual,1745424061.080991,394662.75399275747,4438794.197680022,1.45934501128322,0
actual,1745424061.1809645,394662.754002481,4438794.197749506,1.4593748389601364,0
actual,1745424061.2809641,394662.75400037336,4438794.19786773,1.4593727271117416,0
actual,1745424061.3809671,394662.75401832414,4438794.197287748,1.4593175747073788,0
actual,1745424061.4809787,394662.75401657796,4438794.1973290695,1.459321554058073,0
actual,1745424061.5809999,394662.7540375389,4438794.197361664,1.4593648731301077,0
actual,1745424061.6809878,394662.7540303812,4438794.197439791,1.459373512509905,0
actual,1745424061.780985,394662.75404548406,4438794.197526458,1.4593682590688564,0
actual,1745424061.880954,394662.7546731614,4438794.1972938655,1.4592979223000009,0
actual,1745424061.9809763,394662.75469161564,4438794.197316783,1.4593232121208626,0
actual,1745424062.080966,394662.7547467518,4438794.1973500205,1.4593485193950162,0
actual,1745424062.1810067,394662.75482094305,4438794.197418818,1.4593717497273604,0
actual,1745424062.2809846,394662.7548352457,4438794.197538778,1.4593713832082176,0
actual,1745424062.381052,394662.75491926196,4438794.197676325,1.459403252920359,0
actual,1745424062.4809635,394662.75399232545,4438794.197303789,1.4593614871913585,0
actual,1745424062.580954,394662.75402267475,4438794.197356287,1.459382780208233,0
actual,1745424062.6809604,394662.7540314588,4438794.197431383,1.4593962366967659,0
actual,1745424062.7809286,394662.7540639825,4438794.19751289,1.4594063246998425,0
actual,1745424062.8809695,394662.7553077477,4438794.196605115,1.4593614173781886,0
actual,1745424062.98102,394662.7554193307,4438794.196548551,1.4593882605420843,0
actual,1745424063.0809903,394662.7555406075,4438794.19649343,1.459423568552852,0
actual,1745424063.1809862,394662.7556373717,4438794.196470748,1.459408192202142,0
actual,1745424063.2809844,394662.75574372936,4438794.196476727,1.459433534382881,0
actual,1745424063.3809845,394662.7558334758,4438794.196611502,1.4593446273107844,0
actual,1745424063.4810104,394662.7558909636,4438794.196656134,1.4593486590213567,0
actual,1745424063.5809894,394662.755981662,4438794.196675317,1.4593846826171177,0
actual,1745424063.6810005,394662.7560609748,4438794.19671752,1.4593604749003926,0
actual,1745424063.7809994,394662.75617985957,4438794.196771627,1.459400495300141,0
actual,1745424063.8809798,394662.75483800116,4438794.195807344,1.4593164576966573,0
actual,1745424063.9809864,394662.7547102257,4438794.195790705,1.4593386233781576,0
actual,1745424064.0809572,394662.7545495179,4438794.1958272075,1.4593301236247003,0
actual,1745424064.1809733,394662.75440478616,4438794.195859172,1.4593318689539523,0
actual,1745424064.2809741,394662.7542763926,4438794.195909937,1.4593334048436941,0
actual,1745424064.3809562,394662.7551034415,4438794.195755487,1.4593409097594776,0
actual,1745424064.4809928,394662.7551153983,4438794.195774437,1.4593484670351389,0
actual,1745424064.5809686,394662.75511303905,4438794.195815202,1.4593564606431129,0
actual,1745424064.6809032,394662.7551101441,4438794.195851766,1.4593681019892237,0
actual,1745424064.7809556,394662.7550803303,4438794.19585734,1.4594009316324539,0
actual,1745424064.880956,394662.7547179316,4438794.197778811,1.4593618362572092,0
actual,1745424064.9809773,394662.7546286377,4438794.197916252,1.4593582932388276,0
actual,1745424065.080957,394662.7545926809,4438794.1980181765,1.4593661821270465,0
actual,1745424065.1809607,394662.7545656066,4438794.198154424,1.4593787659509534,0
actual,1745424065.2809763,394662.75447586,4438794.198381088,1.459338536111695,0
actual,1745424065.380971,394662.7544230332,4438794.196289847,1.4592994930963277,0
actual,1745424065.4809797,394662.7544514134,4438794.196232614,1.459307277264792,0
actual,1745424065.5809963,394662.75446571916,4438794.196148602,1.4593197214623583,0
actual,1745424065.6809962,394662.7545197621,4438794.196077928,1.4593377158069465,0
actual,1745424065.7810032,394662.7545698426,4438794.196015531,1.459344243338349,0
actual,1745424065.8809943,394662.75472332723,4438794.1962949755,1.4593124085327926,0
actual,1745424065.9809592,394662.7547884812,4438794.1962566255,1.4593300363582378,0
actual,1745424066.080983,394662.75485136383,4438794.196254981,1.459334644027463,0
actual,1745424066.1809742,394662.75492176117,4438794.196248388,1.459344348058104,0
actual,1745424066.2809634,394662.7549648223,4438794.196234957,1.4593618362572092,0
actual,1745424066.3809698,394662.7570589331,4438794.195827209,1.4593537204761873,0
actual,1745424066.4809542,394662.7572409283,4438794.1957684085,1.4593998146217326,0
actual,1745424066.580956,394662.7573669624,4438794.195751673,1.4594137598024561,0
actual,1745424066.6809535,394662.7575523801,4438794.1957368385,1.459400128780998,0
actual,1745424066.781003,394662.75775562495,4438794.195775992,1.4593886096079347,0
actual,1745424066.8809571,394662.75574649306,4438794.196094097,1.4593448542035872,0
actual,1745424066.9809606,394662.7556728006,4438794.196175748,1.4593371049417083,0
actual,1745424067.080957,394662.7556118786,4438794.196270582,1.4593541917150854,0
actual,1745424067.1809545,394662.7555233914,4438794.196352482,1.4593763399432933,0
actual,1745424067.2809792,394662.7554446339,4438794.196500954,1.4593958352710379,0
actual,1745424067.3809862,394662.75551592966,4438794.19663985,1.4592922499799321,0
actual,1745424067.4809804,394662.7554977124,4438794.196703642,1.459310802829881,0
actual,1745424067.5809977,394662.75553800835,4438794.196787178,1.4593376809003615,0
actual,1745424067.6810205,394662.7555512873,4438794.19690513,1.459354488421058,0
actual,1745424067.7811081,394662.7555534577,4438794.1970516825,1.4593485543016014,0
actual,1745424067.8810291,394662.7539316617,4438794.196774262,1.459327156564972,0
actual,1745424067.980962,394662.7537979725,4438794.196813478,1.4593671944180129,0
actual,1745424068.0809577,394662.75366704894,4438794.196874761,1.4593872657044107,0
actual,1745424068.1809878,394662.7535364619,4438794.196944334,1.459381733010682,0
actual,1745424068.280984,394662.75343172357,4438794.197032052,1.4594145277473267,0
actual,1745424068.3809605,394662.7548118992,4438794.195407725,1.4593701440244486,0
actual,1745424068.4809864,394662.7548190456,4438794.195357919,1.459385502921866,0
actual,1745424068.5809705,394662.7548163701,4438794.195279794,1.4593995702756373,0
actual,1745424068.6809616,394662.754818531,4438794.195203351,1.4594094662924961,0
actual,1745424068.7809904,394662.7548281923,4438794.1951407725,1.4594235860061449,0
actual,1745424068.880987,394662.75387801044,4438794.196299838,1.459344609857492,0
actual,1745424068.980953,394662.7538242666,4438794.196361519,1.4593619933368418,0
actual,1745424069.0809987,394662.7537751513,4438794.196380556,1.4594206887595864,0
actual,1745424069.180982,394662.75365838676,4438794.196459861,1.4594430464273045,0
actual,1745424069.2809715,394662.75356737577,4438794.196532735,1.459477935559052,0
actual,1745424069.3810182,394662.7549408622,4438794.196820731,1.4593331255910138,0
actual,1745424069.480968,394662.75499377004,4438794.196874331,1.4593239626124408,0
actual,1745424069.5809999,394662.7550498909,4438794.19691981,1.459329669839095,0
actual,1745424069.6810112,394662.7551520754,4438794.196998314,1.4593431263276277,0
actual,1745424069.7809708,394662.7552117045,4438794.197108614,1.4593553436323916,0
actual,1745424069.8809564,394662.7550216745,4438794.196814005,1.4592995454562054,0
actual,1745424069.9809299,394662.7551069125,4438794.196835933,1.4593127750519357,0
actual,1745424070.080966,394662.755181792,4438794.196885795,1.4593168416690927,0
actual,1745424070.1810362,394662.7552473888,4438794.196937491,1.4592999643352258,0
actual,1745424070.2809892,394662.7553240489,4438794.196970915,1.459297416154518,0
actual,1745424070.3809555,394662.7542556865,4438794.1972838035,1.459272440492922,0
actual,1745424070.4809585,394662.75428978633,4438794.197268094,1.459294100028939,0
actual,1745424070.5809915,394662.75438608247,4438794.1972737955,1.4593259697410808,0
actual,1745424070.6809132,394662.7543609728,4438794.197349228,1.4593417126109336,0
actual,1745424070.7809787,394662.75431769865,4438794.197438761,1.459365518901931,0
actual,1745424070.8809721,394662.75527795474,4438794.196269635,1.459338134685967,0
actual,1745424070.9810138,394662.7553300703,4438794.196241993,1.4593582059723649,0
actual,1745424071.0810013,394662.75540106,4438794.196202615,1.4593687652143397,0
actual,1745424071.1809683,394662.7555080949,4438794.196179956,1.4593816457442192,0
actual,1745424071.280993,394662.7556345663,4438794.196174246,1.4593967952021265,0
actual,1745424071.3809927,394662.757199619,4438794.195593338,1.4593400894547293,0
actual,1745424071.481004,394662.7573346182,4438794.195556359,1.4593683812419043,0
actual,1745424071.5810084,394662.75740599254,4438794.195512027,1.4593660075941213,0
actual,1745424071.6809666,394662.7574908341,4438794.195453411,1.4593700567579861,0
actual,1745424071.7809875,394662.7576125764,4438794.195426569,1.4593945960872692,0
actual,1745424071.8809836,394662.7564501388,4438794.19647512,1.4593274358176525,0
actual,1745424071.9809995,394662.7564057257,4438794.196489151,1.4593363020902523,0
actual,1745424072.0809536,394662.7562873101,4438794.196513402,1.4593278896032578,0
actual,1745424072.1809616,394662.75618847,4438794.196509787,1.4593517831607177,0
actual,1745424072.280955,394662.75605309184,4438794.196523629,1.4593521496798605,0
actual,1745424072.3810036,394662.7559325183,4438794.196543557,1.4593320085802923,0
actual,1745424072.4810054,394662.75723890844,4438794.195778007,1.45932319466757,0
actual,1745424072.5810428,394662.75733309286,4438794.195740002,1.4593164227900723,0
actual,1745424072.6809275,394662.7574430342,4438794.19568981,1.4593075041575945,0
actual,1745424072.7809603,394662.7575541703,4438794.195637231,1.4593396705757087,0
actual,1745424072.8809564,394662.7570313578,4438794.197448793,1.4593168067625077,0
actual,1745424072.9808939,394662.75702570286,4438794.197537879,1.4593496887656152,0
actual,1745424073.0809977,394662.75696801033,4438794.19765857,1.4593633197870732,0
actual,1745424073.1809552,394662.75694263866,4438794.197816653,1.4593618362572092,0
actual,1745424073.2810104,394662.7569545151,4438794.19795116,1.4593919606400987,0
actual,1745424073.381015,394662.75679804134,4438794.1980061075,1.4593446971239545,0
actual,1745424073.481003,394662.7567526356,4438794.198070566,1.459358275785535,0
actual,1745424073.580958,394662.7567165958,4438794.198143331,1.4593610334057532,0
actual,1745424073.680958,394662.7567009686,4438794.198218576,1.4593934092633776,0
actual,1745424073.7809741,394662.7566177846,4438794.1983100725,1.4594039859586447,0
actual,1745424073.8809578,394662.7548395843,4438794.197264516,1.4593518704271804,0
actual,1745424073.9809878,394662.7547201628,4438794.197307012,1.459375327652327,0
actual,1745424074.0810103,394662.7545856444,4438794.197371262,1.459400233500753,0
actual,1745424074.1809897,394662.7544364484,4438794.197427006,1.459428595101098,0
actual,1745424074.2809536,394662.75430541893,4438794.197545946,1.4594294328591388,0
actual,1745424074.3810098,394662.7549787235,4438794.195727734,1.4593010987992399,0
actual,1745424074.4809606,394662.75498424895,4438794.195694059,1.4592929306583404,0
actual,1745424074.580961,394662.75502044894,4438794.195627288,1.4593129146782757,0
actual,1745424074.6809916,394662.7550601227,4438794.195564844,1.459311710401092,0
actual,1745424074.7809904,394662.7550984134,4438794.195516836,1.4593201228880863,0
actual,1745424074.8809743,394662.75398897164,4438794.196990139,1.4593422536630019,0
actual,1745424074.9809773,394662.75392975187,4438794.197125438,1.459360492353685,0
actual,1745424075.0809898,394662.7538408957,4438794.197274951,1.459374018655388,0
actual,1745424075.1809556,394662.75378484046,4438794.197428071,1.4593925715053369,0
actual,1745424075.2809887,394662.75370819314,4438794.1976272445,1.4594049458897334,0
actual,1745424075.3809948,394662.7537141885,4438794.197322564,1.459325638128523,0
actual,1745424075.4809563,394662.75371687615,4438794.197367979,1.4593771253414567,0
actual,1745424075.5809937,394662.75371267967,4438794.19746171,1.459364419344502,0
actual,1745424075.6809638,394662.7537443449,4438794.197543732,1.4594141263215987,0
actual,1745424075.7809982,394662.75376309623,4438794.197685326,1.4594327838913026,0
actual,1745424075.8810098,394662.7538827694,4438794.197332437,1.4593203497808893,0
actual,1745424075.9809897,394662.75391608,4438794.197382511,1.459335516692089,0
actual,1745424076.0809877,394662.7539411279,4438794.197476684,1.4593296174792172,0
actual,1745424076.1809797,394662.7539782963,4438794.197597691,1.4593427772617773,0
actual,1745424076.2809587,394662.75401580805,4438794.197722323,1.4593786612311983,0
actual,1745424076.380985,394662.75404891814,4438794.196432552,1.4593400021882668,0
actual,1745424076.480962,394662.7541967876,4438794.196369713,1.4593863232266144,0
actual,1745424076.5810032,394662.7543188119,4438794.196338881,1.4594122937258844,0
actual,1745424076.6809552,394662.7543395755,4438794.196352111,1.459373948842218,0
actual,1745424076.7810082,394662.7544059372,4438794.196406245,1.459377683846817,0
actual,1745424076.8809595,394662.7545653492,4438794.196566318,1.4593314151683467,0
actual,1745424076.9809606,394662.75466977735,4438794.196565204,1.4593614697380661,0
actual,1745424077.0809567,394662.7548022062,4438794.196638674,1.4593977027733376,0
actual,1745424077.1810012,394662.75488155626,4438794.196705032,1.459415540038293,0
actual,1745424077.2809799,394662.75494678103,4438794.196806396,1.4594209505589741,0
actual,1745424077.3810427,394662.7548627242,4438794.196851226,1.4593280466828904,0
actual,1745424077.4810014,394662.75492762227,4438794.1969046295,1.4593527605450989,0
actual,1745424077.5809586,394662.75490730704,4438794.197019481,1.4593331779508913,0
actual,1745424077.6809545,394662.75494211627,4438794.197116832,1.4593493746063497,0
actual,1745424077.780987,394662.7549563682,4438794.197259142,1.4593503345374386,0
actual,1745424077.8809915,394662.75500422844,4438794.196550932,1.4593267376859516,0
actual,1745424077.9809945,394662.7549898167,4438794.196559767,1.4593164053367798,0
actual,1745424078.0809784,394662.75496356166,4438794.196583981,1.459300505387294,0
actual,1745424078.1810536,394662.754920064,4438794.196591604,1.4593045894577437,0
actual,1745424078.2809968,394662.75491936126,4438794.196582403,1.4593411366522804,0
actual,1745424078.3809643,394662.7539773426,4438794.196642933,1.459316719496045,0
actual,1745424078.4809783,394662.75391692156,4438794.196688641,1.459289160747156,0
actual,1745424078.5809538,394662.75387703464,4438794.196739647,1.459272475399507,0
actual,1745424078.6809645,394662.75383107946,4438794.196792046,1.4592577797272053,0
actual,1745424078.7809687,394662.7537878345,4438794.196885318,1.4592675535710162,0
actual,1745424078.8809812,394662.7544350235,4438794.196519698,1.4592716550947586,0
actual,1745424078.980978,394662.75452886836,4438794.196526039,1.4592840120258628,0
actual,1745424079.0809855,394662.7545707386,4438794.196532376,1.4592950250534429,0
actual,1745424079.1809578,394662.7546638462,4438794.196589429,1.4593224965358693,0
actual,1745424079.280954,394662.7547497408,4438794.1966741625,1.4593414508115456,0
actual,1745424079.3809888,394662.7540700532,4438794.196271141,1.4593318340473673,0
actual,1745424079.4809566,394662.7540058496,4438794.1962714745,1.459316859122385,0
actual,1745424079.5809937,394662.7539717336,4438794.196241832,1.4593126703321806,0
actual,1745424079.6809978,394662.75393330044,4438794.19622101,1.4593189884240727,0
actual,1745424079.780964,394662.7538953157,4438794.196207409,1.459345883947846,0
actual,1745424079.8809047,394662.75377254165,4438794.195560531,1.4593283084822783,0
actual,1745424079.981006,394662.7537917469,4438794.195512262,1.4593605796201476,0
actual,1745424080.0809526,394662.753766263,4438794.195515228,1.4593700742112785,0
actual,1745424080.1809845,394662.75378602615,4438794.195541635,1.4593904422036492,0
actual,1745424080.2809985,394662.7538307745,4438794.1956006205,1.4594214741577498,0
actual,1745424080.3809547,394662.75366210646,4438794.193664442,1.4593392691499807,0
actual,1745424080.4809656,394662.7537223361,4438794.193649775,1.459375432372082,0
actual,1745424080.5809782,394662.7537794903,4438794.193646191,1.4593641051852366,0
actual,1745424080.6809855,394662.75387410016,4438794.19368004,1.4593853807488186,0
actual,1745424080.780985,394662.75400599476,4438794.193673044,1.4594275129969618,0
actual,1745424080.880994,394662.75456660875,4438794.194696437,1.459359445156134,0
actual,1745424080.9809859,394662.7546563855,4438794.194898206,1.4593751007595241,0
actual,1745424081.0809531,394662.75474069733,4438794.195059296,1.4593777362066949,0
actual,1745424081.1809967,394662.754871684,4438794.195227908,1.4593917512005885,0
actual,1745424081.2810006,394662.75495416083,4438794.195425255,1.459404666637053,0
actual,1745424081.3809578,394662.7545884796,4438794.1956325285,1.4593031582877571,0
actual,1745424081.4809535,394662.7546338833,4438794.195675674,1.4593494967793974,0
actual,1745424081.5809546,394662.7546580308,4438794.195774139,1.4594115257810134,0
actual,1745424081.680997,394662.7546425749,4438794.195902793,1.459385904347594,0
actual,1745424081.7809536,394662.7546465322,4438794.196007195,1.4594208283859267,0
actual,1745424081.8809571,394662.7541400947,4438794.195075786,1.4592958977180688,0
actual,1745424081.9809854,394662.7541651536,4438794.195089935,1.4593143807548474,0
actual,1745424082.08097,394662.75418226904,4438794.19509933,1.459315340685936,0
actual,1745424082.1808975,394662.7542385693,4438794.195168341,1.45933843139194,0
actual,1745424082.2810152,394662.75431970594,4438794.195255864,1.4593662519402166,0
actual,1745424082.3809555,394662.7543874573,4438794.195360908,1.4593616442709914,0
actual,1745424082.481018,394662.75477798417,4438794.19557011,1.4593426550887298,0
actual,1745424082.5809937,394662.7548562644,4438794.195630127,1.4593478212633155,0
actual,1745424082.6809611,394662.7549297175,4438794.195704511,1.459375292745742,0
actual,1745424082.7809896,394662.7550083898,4438794.195811258,1.4593730761775918,0
actual,1745424082.8809922,394662.75439459074,4438794.197354418,1.459310541030493,0
actual,1745424082.9810145,394662.7543895086,4438794.197551424,1.4593073296246692,0
actual,1745424083.08102,394662.7543948612,4438794.197727145,1.4593278197900879,0
actual,1745424083.1809623,394662.7544275844,4438794.19789727,1.4593546629539833,0
actual,1745424083.2809548,394662.75445574,4438794.198105516,1.4593648207702299,0
actual,1745424083.3809557,394662.7543297311,4438794.197562479,1.4593069631055262,0
actual,1745424083.4809573,394662.7543024662,4438794.197569435,1.4593166671361675,0
actual,1745424083.5809612,394662.75429516425,4438794.197586583,1.4593154279523988,0
actual,1745424083.6809537,394662.75424004695,4438794.197653635,1.4593046243643288,0
actual,1745424083.781018,394662.75423482934,4438794.197706731,1.4593543662480106,0
actual,1745424083.8809938,394662.75447910966,4438794.198134012,1.4593188837043176,0
actual,1745424083.9809728,394662.7544292656,4438794.198193126,1.4593311010090815,0
actual,1745424084.0809631,394662.75434575416,4438794.198258937,1.4593379950596268,0
actual,1745424084.180955,394662.75424270914,4438794.198377965,1.4593365115297625,0
actual,1745424084.2809923,394662.75414599275,4438794.198493181,1.4593536855696023,0
actual,1745424084.381029,394662.75485538377,4438794.197738111,1.459340455973872,0
actual,1745424084.4810026,394662.7548486194,4438794.197736088,1.4593582059723649,0
actual,1745424084.5809922,394662.7548468706,4438794.197725377,1.459367944909591,0
actual,1745424084.680996,394662.7548426173,4438794.197715384,1.4593708072495644,0
actual,1745424084.7809563,394662.75484411884,4438794.197701653,1.4594096757320063,0
actual,1745424084.8809056,394662.7535384201,4438794.196112128,1.459340351254117,0
actual,1745424084.9809806,394662.7534865823,4438794.195950571,1.459353109610949,0
actual,1745424085.0809543,394662.75342823117,4438794.195791943,1.4593537030228947,0
actual,1745424085.1809776,394662.75337124633,4438794.195650771,1.4593432485006754,0
actual,1745424085.2809677,394662.75334773696,4438794.195498765,1.4593751007595241,0
actual,1745424085.3810148,394662.7542147621,4438794.19665646,1.4593684510550742,0
actual,1745424085.4809737,394662.7542224268,4438794.196774357,1.4593399323750966,0
actual,1745424085.5809577,394662.75432232686,4438794.196852549,1.4593441735251789,0
actual,1745424085.6809583,394662.7544412311,4438794.196921723,1.4593798655083823,0
actual,1745424085.780987,394662.75455939793,4438794.197038861,1.4593896218989009,0
actual,1745424085.8809645,394662.7536852653,4438794.197534513,1.4593103141376904,0
actual,1745424085.98096,394662.753736165,4438794.197570215,1.459330577410306,0
actual,1745424086.0809824,394662.75379511726,4438794.197621719,1.4592998596154707,0
actual,1745424086.1810708,394662.7538944748,4438794.197664454,1.4593204195940592,0
actual,1745424086.2810936,394662.75400662096,4438794.197786874,1.4593349581867283,0
actual,1745424086.3809829,394662.7544636491,4438794.1977860145,1.459315113793133,0
actual,1745424086.4809864,394662.7545817088,4438794.197846472,1.4593116231346293,0
actual,1745424086.5809903,394662.7547442255,4438794.19790458,1.4593549073000789,0
actual,1745424086.680985,394662.7548759363,4438794.197977742,1.4593606843399027,0
actual,1745424086.780996,394662.7550560737,4438794.198107617,1.4593729540045444,0
actual,1745424086.8809915,394662.75441471837,4438794.197967169,1.4592961595174567,0
actual,1745424086.9809868,394662.7544297142,4438794.197956642,1.4593147996338678,0
actual,1745424087.080987,394662.75446705025,4438794.197972821,1.459342236209709,0
actual,1745424087.1808991,394662.75449598336,4438794.197981317,1.4593364766231776,0
actual,1745424087.2809553,394662.7545669952,4438794.198018172,1.459348536848309,0
actual,1745424087.3809557,394662.7548864394,4438794.197873624,1.4593064046001658,0
actual,1745424087.4809866,394662.7549936401,4438794.197788095,1.459339408776321,0
actual,1745424087.580944,394662.75511848455,4438794.19769049,1.4593760781439054,0
actual,1745424087.6809993,394662.755185764,4438794.197605785,1.4593736695895374,0
actual,1745424087.7810013,394662.75527115294,4438794.197520437,1.4593993084762495,0
actual,1745424087.8809552,394662.75364863384,4438794.197655809,1.4593146600075277,0
actual,1745424087.9809897,394662.75357986405,4438794.197679139,1.4593245560243866,0
actual,1745424088.0809922,394662.7535706548,4438794.197733347,1.4593586597579706,0
actual,1745424088.1810386,394662.7535431527,4438794.197791637,1.4594075289770263,0
actual,1745424088.281009,394662.75350407604,4438794.197885742,1.45942168359726,0
actual,1745424088.3809865,394662.75373343966,4438794.196596778,1.4593606843399027,0
actual,1745424088.4809668,394662.75369924493,4438794.196568878,1.4593553436323916,0
actual,1745424088.580978,394662.75367986615,4438794.196533991,1.4593650476630329,0
actual,1745424088.68111,394662.7536431662,4438794.1965416595,1.4593487462878192,0
actual,1745424088.7809572,394662.75361880055,4438794.196492536,1.4593785565114432,0
actual,1745424088.880956,394662.75293338177,4438794.197309482,1.459366775538992,0
actual,1745424088.9809859,394662.7528822412,4438794.197333594,1.4593496887656152,0
actual,1745424089.0809891,394662.752824007,4438794.197344393,1.4593561988437254,0
actual,1745424089.1809876,394662.7528078569,4438794.197358731,1.4593849269632129,0
actual,1745424089.2809715,394662.75276461616,4438794.197401397,1.459389988418044,0
actual,1745424089.380996,394662.7536459876,4438794.197056234,1.4593276103505777,0
actual,1745424089.4809542,394662.753718221,4438794.197004321,1.459358572491508,0
actual,1745424089.5809636,394662.7537622206,4438794.196959279,1.4593494095129351,0
actual,1745424089.6809356,394662.7537521755,4438794.196919042,1.4593601956477122,0
actual,1745424089.7809951,394662.75376771414,4438794.196841949,1.4593401941744844,0
actual,1745424089.880957,394662.752678977,4438794.1971329665,1.4593083070090505,0
actual,1745424089.980964,394662.7526029594,4438794.197201157,1.4592992138436476,0
actual,1745424090.0809574,394662.7525530793,4438794.197238229,1.4593234041070802,0
actual,1745424090.1810079,394662.7525078992,4438794.1973187,1.4593431786875053,0
actual,1745424090.2809787,394662.7523676361,4438794.19737132,1.459340613053505,0
actual,1745424090.3809886,394662.7533682835,4438794.196591353,1.459331694421027,0
actual,1745424090.4808996,394662.75347757246,4438794.196615311,1.4593541568085004,0
actual,1745424090.5809615,394662.753537483,4438794.19664475,1.4593474547441727,0
actual,1745424090.6809568,394662.7535990316,4438794.196682635,1.4593541568085004,0
actual,1745424090.7809591,394662.75365546346,4438794.196750969,1.4593325321790682,0
actual,1745424090.880996,394662.7531349242,4438794.196961149,1.4592826157624612,0
actual,1745424090.9809985,394662.7531611489,4438794.197011427,1.4593153581392286,0
actual,1745424091.081008,394662.7532201627,4438794.197066039,1.4593466693460093,0
actual,1745424091.1810102,394662.75326796493,4438794.197163541,1.459364489157672,0
actual,1745424091.2810051,394662.75329984043,4438794.197309811,1.4593628834547603,0
actual,1745424091.3809576,394662.75359583355,4438794.196307811,1.4593333873904015,0
actual,1745424091.4809935,394662.7536076357,4438794.196286657,1.4592999468819334,0
actual,1745424091.5809674,394662.7536503449,4438794.19628959,1.45927734486812,0
actual,1745424091.6809835,394662.7536768021,4438794.196266027,1.459280765713454,0
actual,1745424091.7809916,394662.75370282226,4438794.196214517,1.4593050432433492,0
actual,1745424091.8809636,394662.7538485222,4438794.195477728,1.4593097556323296,0
actual,1745424091.9809825,394662.75385308673,4438794.1953948,1.4593422187564167,0
actual,1745424092.080938,394662.753858126,4438794.195331901,1.4593444527778592,0
actual,1745424092.1809862,394662.75388106983,4438794.195270716,1.4593708072495644,0
actual,1745424092.280989,394662.75382103724,4438794.195222023,1.4593662868468016,0
actual,1745424092.380954,394662.75378060725,4438794.1951749055,1.4594004080336782,0
actual,1745424092.481014,394662.7533884134,4438794.195022813,1.4593652221959579,0
actual,1745424092.5810316,394662.75334572815,4438794.195006069,1.4593994481025896,0
actual,1745424092.6809876,394662.753325372,4438794.195050269,1.4594147546401297,0
actual,1745424092.7809575,394662.75330797647,4438794.1950685,1.4594348433798199,0
actual,1745424092.8809807,394662.7528891158,4438794.196213043,1.4593039785925055,0
actual,1745424092.9810007,394662.7528566509,4438794.196300606,1.4593256904884002,0
actual,1745424093.0809877,394662.7527570534,4438794.19640153,1.459308498995268,0
actual,1745424093.1809855,394662.75268161076,4438794.196485028,1.4593193549432157,0
actual,1745424093.2809722,394662.7525442854,4438794.196546799,1.4593453603490703,0
actual,1745424093.3810213,394662.75325874845,4438794.195762901,1.459316859122385,0
actual,1745424093.4810064,394662.7533243944,4438794.195733183,1.4593428819815324,0
actual,1745424093.5809312,394662.7533487785,4438794.195731314,1.4593469835052746,0
actual,1745424093.6809874,394662.75333643204,4438794.195771539,1.4593419395037366,0
actual,1745424093.7809863,394662.7533868529,4438794.195820865,1.459335481785504,0
actual,1745424093.8809597,394662.75463443884,4438794.196032456,1.4593179761331065,0
actual,1745424093.9809973,394662.75470967207,4438794.196056789,1.4593085688084384,0
actual,1745424094.0809608,394662.75485306204,4438794.1960880775,1.4593289368008089,0
actual,1745424094.1809554,394662.7549739501,4438794.196155054,1.45934494147005,0
actual,1745424094.2809536,394662.7550647328,4438794.196319446,1.4593287099080063,0
actual,1745424094.3809872,394662.75338055793,4438794.197093549,1.4593148170871604,0
actual,1745424094.4809806,394662.7533582912,4438794.197164674,1.4593120769202348,0
actual,1745424094.5809557,394662.75332202436,4438794.197259431,1.4593007671866818,0
actual,1745424094.681018,394662.75327870244,4438794.197323818,1.4593016223980153,0
actual,1745424094.7809932,394662.75325607974,4438794.197390403,1.4593019191039882,0
actual,1745424094.8809574,394662.7540236155,4438794.1975676,1.4593260570075433,0
actual,1745424094.9809618,394662.7541015855,4438794.1975553045,1.4593607716063655,0
actual,1745424095.0809684,394662.7541927978,4438794.197531134,1.459362708921835,0
actual,1745424095.18096,394662.7543253473,4438794.197498815,1.4593870213583153,0
actual,1745424095.2809575,394662.75442329515,4438794.197469669,1.4594022929892703,0
actual,1745424095.3809915,394662.75345435983,4438794.197857463,1.4593309613827414,0
actual,1745424095.480987,394662.7534553167,4438794.197909947,1.459300173774736,0
actual,1745424095.5809908,394662.75347650616,4438794.197970153,1.4593058286415126,0
actual,1745424095.680994,394662.75353989704,4438794.197991585,1.459339845108634,0
actual,1745424095.7810092,394662.7535976915,4438794.198064543,1.459344382964689,0
actual,1745424095.8809555,394662.7528842316,4438794.197037803,1.4593406305067973,0
actual,1745424095.9809856,394662.7528655993,4438794.197040872,1.4593608065129506,0
actual,1745424096.0809853,394662.75287030585,4438794.197057805,1.4594016646707397,0
actual,1745424096.1809537,394662.7528244308,4438794.19712495,1.4594082096554346,0
actual,1745424096.280957,394662.7527548178,4438794.1972264955,1.4594028514946311,0
actual,1745424096.3809986,394662.7537888938,4438794.196107403,1.4593282037625233,0
actual,1745424096.4810371,394662.7539122328,4438794.196089538,1.4593437546461585,0
actual,1745424096.5809765,394662.7540141313,4438794.19606945,1.4593552738192215,0
actual,1745424096.6809723,394662.7541289125,4438794.196050241,1.459379184829974,0
actual,1745424096.7809587,394662.7542343313,4438794.196046099,1.4593976155068749,0
actual,1745424096.8809671,394662.75429403293,4438794.1967424145,1.4593762526768306,0
actual,1745424096.9809585,394662.75434722565,4438794.19681777,1.459344749483832,0
actual,1745424097.0809603,394662.754440438,4438794.196837147,1.4593650302097403,0
actual,1745424097.1809516,394662.75450431183,4438794.196861723,1.4593588691974808,0
actual,1745424097.2812006,394662.75461084663,4438794.19690536,1.4593807556263008,0
actual,1745424097.381485,394662.75450803037,4438794.1957988385,1.4593212922586851,0
actual,1745424097.4809654,394662.75452049036,4438794.195737895,1.459334574214293,0
actual,1745424097.5809627,394662.7545033097,4438794.195706943,1.4593043102050633,0
actual,1745424097.6809552,394662.7544998465,4438794.195639035,1.4592968401958648,0
actual,1745424097.7809546,394662.75447018014,4438794.195635391,1.459262771368866,0
actual,1745424097.8809547,394662.754722178,4438794.196654129,1.4592722485067042,0
actual,1745424097.98134,394662.7547626727,4438794.196685216,1.4593236833597607,0
actual,1745424098.0809596,394662.7547704251,4438794.196735247,1.4593349930933135,0
actual,1745424098.1811967,394662.7547566999,4438794.196798265,1.4593396356691237,0
actual,1745424098.281,394662.7547311046,4438794.19689613,1.4593532317839966,0
actual,1745424098.3809903,394662.75474365975,4438794.196982984,1.4593815235711716,0
actual,1745424098.4809613,394662.7552129795,4438794.195813689,1.4593338237227147,0
actual,1745424098.5809567,394662.7552149384,4438794.195834999,1.4593297396522649,0
actual,1745424098.6809509,394662.75525894726,4438794.1958152205,1.4593378903398717,0
actual,1745424098.7809632,394662.75537788775,4438794.195851082,1.4593638957457264,0
actual,1745424098.8809586,394662.7522930209,4438794.195829471,1.4593356039585517,0
actual,1745424098.9810658,394662.7520252934,4438794.1958743455,1.4593057588283425,0
actual,1745424099.0809631,394662.75173395243,4438794.195867315,1.4593311184623738,0
actual,1745424099.1810315,394662.751470221,4438794.195945198,1.4593251668896248,0
actual,1745424099.2810032,394662.75125272584,4438794.195987333,1.4593506661499962,0
actual,1745424099.3809576,394662.75163026876,4438794.194922217,1.4592997548957156,0
actual,1745424099.4809558,394662.7515067803,4438794.195012484,1.459320210154549,0
actual,1745424099.580961,394662.75138477684,4438794.195007804,1.4593249399968218,0
actual,1745424099.6810074,394662.7511601932,4438794.195079162,1.45929902185743,0
actual,1745424099.7810102,394662.7509635103,4438794.195173247,1.459315777018249,0
actual,1745424099.8809705,394662.7524446049,4438794.195559731,1.459357804546637,0
actual,1745424099.980983,394662.7525507047,4438794.1956132855,1.4593791673766814,0
actual,1745424100.0809848,394662.7525983554,4438794.195675755,1.4593825009555526,0
actual,1745424100.1809871,394662.75267462875,4438794.195719053,1.4594140041485513,0
actual,1745424100.280966,394662.752744778,4438794.195847024,1.459424912456376,0
actual,1745424100.38096,394662.75354271586,4438794.194236548,1.4593204370473518,0
actual,1745424100.4809232,394662.7536683646,4438794.194156234,1.459359340436379,0
actual,1745424100.5809627,394662.753724799,4438794.194104899,1.4594009141791613,0
actual,1745424100.680984,394662.7537266539,4438794.194055387,1.4594022929892703,0
actual,1745424100.7809646,394662.7537459822,4438794.19407009,1.4593958527243305,0
actual,1745424100.8809874,394662.75232894765,4438794.194479003,1.4593152534194733,0
actual,1745424100.9809694,394662.7522623681,4438794.194493289,1.4593569842418888,0
actual,1745424101.0810084,394662.75219516596,4438794.1945263175,1.4593578219999295,0
actual,1745424101.181021,394662.7521767621,4438794.194568243,1.4593658505144886,0
actual,1745424101.281002,394662.75218369026,4438794.194629533,1.4593871609846556,0
actual,1745424101.3810034,394662.75293332286,4438794.195394431,1.4593266329661965,0
actual,1745424101.4809558,394662.7529563237,4438794.195504916,1.4593497411254928,0
actual,1745424101.5809567,394662.75300517684,4438794.195630281,1.4593918210137584,0
actual,1745424101.680986,394662.7529875074,4438794.195763174,1.4594011585252564,0
actual,1745424101.780954,394662.7529381723,4438794.1959096035,1.459409099773353,0
actual,1745424101.8809862,394662.75409163884,4438794.194950599,1.459324974903407,0
actual,1745424101.9810922,394662.75422331714,4438794.19494185,1.4593195294761407,0
actual,1745424102.0809681,394662.7543086931,4438794.194947942,1.4593322354730953,0
actual,1745424102.1809795,394662.7544412281,4438794.19499243,1.4593396880290015,0
actual,1745424102.2810009,394662.7545525725,4438794.1950769685,1.4593448542035872,0
actual,1745424102.3809597,394662.75462533656,4438794.195146183,1.4593680321760536,0
actual,1745424102.4809513,394662.75330643606,4438794.194234945,1.4592910282494556,0
actual,1745424102.5809708,394662.7532000178,4438794.194268571,1.4593094589263569,0
actual,1745424102.6809556,394662.75310787436,4438794.194287799,1.4593185346384672,0
actual,1745424102.7809572,394662.75304715324,4438794.1943272855,1.4593475071040503,0
actual,1745424102.8809874,394662.7541219997,4438794.194232291,1.4593384139386474,0
actual,1745424102.9809635,394662.75408624305,4438794.194249379,1.4593355690519667,0
actual,1745424103.080958,394662.75407048274,4438794.194304739,1.4593643146247468,0
actual,1745424103.1809561,394662.7540546777,4438794.194412548,1.45937340779015,0
actual,1745424103.2809863,394662.75404683733,4438794.194552177,1.4593723954991837,0
actual,1745424103.3809547,394662.75451159815,4438794.195549052,1.459327226378142,0
actual,1745424103.480957,394662.7545650854,4438794.195704166,1.4593308741162787,0
actual,1745424103.5809605,394662.7545522025,4438794.195896147,1.4592788283979843,0
actual,1745424103.6809652,394662.7546065479,4438794.196105388,1.4592637312999543,0
actual,1745424103.7809544,394662.75478478114,4438794.196298947,1.459328186309231,0
actual,1745424103.8809624,394662.7538762371,4438794.196453054,1.4593519926002279,0
actual,1745424103.9809616,394662.75372244156,4438794.196502463,1.4593764097564632,0
actual,1745424104.0809228,394662.7535953847,4438794.196559649,1.459387614770261,0
actual,1745424104.180978,394662.7534558212,4438794.196630696,1.459364785863645,0
actual,1745424104.2809567,394662.7533765092,4438794.196700126,1.4594034798131617,0
actual,1745424104.3809748,394662.75431283074,4438794.196208487,1.459327121658387,0
actual,1745424104.4810388,394662.75434913306,4438794.196193748,1.4593473674777102,0
actual,1745424104.5811906,394662.7543408378,4438794.196204822,1.4593481179692884,0
actual,1745424104.680995,394662.75436337816,4438794.196192124,1.4593586248513855,0
actual,1745424104.7809572,394662.7543878766,4438794.196172882,1.4593819948100697,0
actual,1745424104.8809538,394662.75355661014,4438794.194610399,1.4593098254454997,0
actual,1745424104.9809575,394662.7534920241,4438794.194553374,1.4593167718559226,0
actual,1745424105.0809572,394662.75341872673,4438794.194474661,1.459333980802347,0
actual,1745424105.1809022,394662.7533680087,4438794.194374193,1.4593598465818618,0
actual,1745424105.2809558,394662.75332877686,4438794.194284794,1.4593633896002434,0
actual,1745424105.3809993,394662.75415431487,4438794.194733171,1.4593542615282555,0
actual,1745424105.4809716,394662.75421290664,4438794.194774032,1.4593641051852366,0
actual,1745424105.5809603,394662.75431732927,4438794.194852559,1.4593622202296446,0
actual,1745424105.6809547,394662.75448420364,4438794.194948554,1.4593855203751587,0
actual,1745424105.7809582,394662.75464590424,4438794.195056371,1.4594228006079815,0
actual,1745424105.8809576,394662.7544531793,4438794.195190024,1.4593290938804417,0
actual,1745424105.9809773,394662.75444939797,4438794.195242659,1.459321152632345,0
actual,1745424106.0809627,394662.7544408077,4438794.195289186,1.4593764272097558,0
actual,1745424106.1811721,394662.75442200986,4438794.195359909,1.4593961145237182,0
actual,1745424106.2809737,394662.7544385744,4438794.195438734,1.4594365538024872,0
actual,1745424106.3809655,394662.7546946499,4438794.194077925,1.4593516260810848,0
actual,1745424106.4809823,394662.7547095327,4438794.194020155,1.459366775538992,0
actual,1745424106.5809543,394662.75472321454,4438794.19396143,1.4593767413690213,0
actual,1745424106.6809533,394662.7547968408,4438794.193906631,1.4594074242572712,0
actual,1745424106.780994,394662.75485210493,4438794.193913631,1.4593786612311983,0
actual,1745424106.8810086,394662.75479355466,4438794.194136168,1.459295199586368,0
actual,1745424106.9809403,394662.7547905055,4438794.194174902,1.45933399825564,0
actual,1745424107.080983,394662.75478362304,4438794.194283297,1.4593245560243866,0
actual,1745424107.181007,394662.7547871126,4438794.194412368,1.4593312580887143,0
actual,1745424107.2809858,394662.7548168047,4438794.194564512,1.45933399825564,0
actual,1745424107.3809612,394662.7561007543,4438794.193727097,1.459296473676722,0
actual,1745424107.4809945,394662.75617076684,4438794.193699984,1.4592729989982827,0
actual,1745424107.5809636,394662.7562999183,4438794.193646226,1.4593082371958803,0
actual,1745424107.6809766,394662.75644630066,4438794.193585263,1.459335953024402,0
actual,1745424107.7810285,394662.75661784015,4438794.193507261,1.4593977725865077,0
actual,1745424107.881018,394662.75589097897,4438794.194103327,1.4593348709202658,0
actual,1745424107.9809942,394662.75593640754,4438794.194112343,1.4593513991882823,0
actual,1745424108.0809567,394662.75594094576,4438794.194117239,1.4593473849310026,0
actual,1745424108.1809835,394662.75597392727,4438794.194146899,1.4593584677717528,0
actual,1745424108.2814925,394662.75605810113,4438794.194196627,1.4593726922051566,0
actual,1745424108.3809705,394662.7575175797,4438794.19490347,1.4593198785419912,0
actual,1745424108.480998,394662.75764026423,4438794.194994427,1.459331589701272,0
actual,1745424108.5809948,394662.75777760637,4438794.195068945,1.4593648207702299,0
actual,1745424108.6809561,394662.7579330132,4438794.195190421,1.4594000415145354,0
actual,1745424108.7809718,394662.75804162765,4438794.195341049,1.4594100422511493,0
actual,1745424108.8809614,394662.75634842645,4438794.195057566,1.4593334921101568,0
actual,1745424108.9809585,394662.756350853,4438794.195069903,1.4593457966813834,0
actual,1745424109.080956,394662.7563344082,4438794.19507669,1.4593489557273294,0
actual,1745424109.1809568,394662.7563236506,4438794.195140077,1.4593438942724986,0
actual,1745424109.280989,394662.7562783276,4438794.195154984,1.459334644027463,0
actual,1745424109.3810954,394662.756356588,4438794.195222394,1.459320105434794,0
actual,1745424109.480985,394662.75642480317,4438794.195265646,1.4593529176247313,0
actual,1745424109.5809746,394662.75637408474,4438794.195335212,1.4593705803567616,0
actual,1745424109.680966,394662.7563171965,4438794.195441341,1.4593919955466836,0
actual,1745424109.7809756,394662.7562786661,4438794.195551266,1.4593997797151474,0
actual,1745424109.8810365,394662.75596790237,4438794.194154061,1.459362970721223,0
actual,1745424109.9810445,394662.75585044257,4438794.1941252295,1.459340351254117,0
actual,1745424110.0810795,394662.75581026473,4438794.194134447,1.4593495840458601,0
actual,1745424110.18132,394662.7557936096,4438794.194176148,1.4593630928942707,0
actual,1745424110.281057,394662.7556727523,4438794.194224062,1.4593630579876853,0
actual,1745424110.3809624,394662.75516648544,4438794.194895436,1.4593479259830706,0
actual,1745424110.480955,394662.7551832907,4438794.194981121,1.4593441560718865,0
actual,1745424110.5809565,394662.7551949621,4438794.19506831,1.4593758163445174,0
actual,1745424110.680931,394662.7552148375,4438794.195150976,1.4593690619203126,0
actual,1745424110.7809756,394662.75526715454,4438794.195234436,1.45938885395403,0
actual,1745424110.8809676,394662.75549926254,4438794.196542631,1.4594424181087735,0
actual,1745424110.9809592,394662.7555821735,4438794.196890934,1.4594851786754477,0
actual,1745424111.0809753,394662.75563488086,4438794.197209334,1.4594977101394768,0
actual,1745424111.1809585,394662.7557437967,4438794.197574209,1.4595194220353715,0
actual,1745424111.2809618,394662.75583202194,4438794.197958205,1.4595361946494834,0
actual,1745424111.3810062,394662.75534844253,4438794.194630633,1.459576529208497,0
actual,1745424111.4809725,394662.7553231721,4438794.194489519,1.4595439788179472,0
actual,1745424111.580971,394662.7552995583,4438794.194356463,1.4595554630844254,0
actual,1745424111.6814637,394662.7553597699,4438794.194180277,1.4595682738011349,0
actual,1745424111.7810159,394662.7553924436,4438794.194008574,1.4595806830921167,0
actual,1745424111.8810132,394662.7562224826,4438794.195421787,1.4595880832881452,0
actual,1745424111.9809897,394662.75633639673,4438794.195479151,1.4595908060017784,0
actual,1745424112.0809975,394662.75654881063,4438794.195573413,1.4596326415439487,0
actual,1745424112.181005,394662.7566987259,4438794.195686415,1.4596131113096187,0
actual,1745424112.2809575,394662.75693699426,4438794.195855757,1.459616043462762,0
actual,1745424112.3811047,394662.75714188727,4438794.196020114,1.4596223964612391,0
actual,1745424112.48111,394662.7575051598,4438794.195838956,1.4596135476419316,0
actual,1745424112.5809994,394662.7577580969,4438794.195994852,1.459636481268303,0
actual,1745424112.6810057,394662.7579426568,4438794.196133389,1.459626847050832,0
actual,1745424112.7809787,394662.7581198571,4438794.196288045,1.4596376331856094,0
actual,1745424112.8810053,394662.75496737595,4438794.195842206,1.45961859164347,0
actual,1745424112.9809918,394662.75466050016,4438794.195921284,1.459624665389267,0
actual,1745424113.0809822,394662.7544217384,4438794.195916239,1.459691232246938,0
actual,1745424113.181257,394662.7541476063,4438794.1959507065,1.4597106926680976,0
actual,1745424113.2809758,394662.75381263404,4438794.1959636165,1.4597131361290505,0
actual,1745424113.381067,394662.75648939254,4438794.19521937,1.4597468733434917,0
actual,1745424113.4809809,394662.756640475,4438794.195110457,1.4597625464001744,0
actual,1745424113.5809467,394662.75689431466,4438794.195057325,1.4598235107509467,0
actual,1745424113.6810281,394662.75706091983,4438794.195014624,1.4598272457555461,0
actual,1745424113.7809756,394662.7573216942,4438794.194986552,1.459855816795401,0
actual,1745424113.8809583,394662.75436387985,4438794.197233422,1.459843023531984,0
actual,1745424113.981064,394662.7541742015,4438794.197579589,1.4598715422119617,0
actual,1745424114.0809765,394662.7538916017,4438794.197941682,1.4598742300190097,0
actual,1745424114.180992,394662.75370983704,4438794.198372916,1.459884946340617,0
actual,1745424114.280968,394662.7534749978,4438794.19878204,1.4598931319348087,0
actual,1745424114.380959,394662.7561580889,4438794.19447353,1.459923657743426,0
actual,1745424114.4809594,394662.7563762502,4438794.194164981,1.4599296442227605,0
actual,1745424114.5809817,394662.75667991216,4438794.1938109845,1.4599481447128315,0
actual,1745424114.6809535,394662.75693271717,4438794.193445056,1.4599439908292118,0
actual,1745424114.780978,394662.7572467325,4438794.193021917,1.4599728062151622,0
actual,1745424114.8810074,394662.7545802933,4438794.196516625,1.4593995702756373,0
actual,1745424114.9816089,394662.75458688027,4438794.196561941,1.4594415628974402,0
actual,1745424115.0810337,394662.7545388905,4438794.196588131,1.4594572534074155,0
actual,1745424115.180969,394662.75456535,4438794.196643287,1.459476836001623,0
actual,1745424115.2809675,394662.7545864191,4438794.196713254,1.4595041329511242,0
actual,1745424115.3809683,394662.75536782667,4438794.196820028,1.459348676474649,0
actual,1745424115.480913,394662.755366078,4438794.196852508,1.4593316420611497,0
actual,1745424115.5809798,394662.7554174676,4438794.19686569,1.459333230310769,0
actual,1745424115.6809907,394662.7554341485,4438794.196875506,1.459352097319983,0
actual,1745424115.781833,394662.7554474467,4438794.19687584,1.4593357784914769,0
actual,1745424115.8809886,394662.75492304674,4438794.196429634,1.459296351503674,0
actual,1745424115.9809537,394662.75490007806,4438794.196387602,1.4593145901943576,0
actual,1745424116.0809968,394662.75485915854,4438794.196409102,1.45932991418519,0
actual,1745424116.1810248,394662.7548370889,4438794.196367916,1.4593371049417083,0
actual,1745424116.2809618,394662.75483751023,4438794.196369821,1.4593394262296135,0
actual,1745424116.3809805,394662.75555011525,4438794.196253007,1.4593224092694066,0
actual,1745424116.4809835,394662.75562679983,4438794.196216513,1.4593615395512363,0
actual,1745424116.5809977,394662.7556394296,4438794.196129215,1.4593770031684088,0
actual,1745424116.6810296,394662.75568896794,4438794.196064423,1.4594229053277366,0
actual,1745424116.7809784,394662.75570176134,4438794.19598774,1.4594437445590052,0
actual,1745424116.8809578,394662.7566012218,4438794.197159588,1.459357228587984,0
actual,1745424116.9810522,394662.75665210205,4438794.197231055,1.4593190931438278,0
actual,1745424117.0809639,394662.756820931,4438794.19725801,1.4593547327671537,0
actual,1745424117.180985,394662.75693780236,4438794.197269087,1.4593463028268663,0
actual,1745424117.2809956,394662.757026183,4438794.197271737,1.4593777187534023,0
actual,1745424117.3809693,394662.7570038892,4438794.196224302,1.4593121292801123,0
actual,1745424117.4809551,394662.7571367641,4438794.196155913,1.4593463551867438,0
actual,1745424117.5809636,394662.7572030948,4438794.196097543,1.4593484670351389,0
actual,1745424117.6809502,394662.7573390396,4438794.1960878,1.4593596022357664,0
actual,1745424117.780994,394662.75745526946,4438794.196023882,1.4593916290275406,0
actual,1745424117.8809915,394662.7567684508,4438794.195535607,1.4593426201821444,0
actual,1745424117.9809332,394662.7567218412,4438794.195515753,1.4593531968774118,0
actual,1745424118.080975,394662.75666052254,4438794.195526128,1.4593759734241503,0
actual,1745424118.1809962,394662.7565632014,4438794.195506843,1.4593603876339298,0
actual,1745424118.280966,394662.7565268841,4438794.195516679,1.4593633896002434,0
actual,1745424118.3810096,394662.75633533375,4438794.195402165,1.4593072074516218,0
actual,1745424118.4809604,394662.7563833181,4438794.195386909,1.4593264584332712,0
actual,1745424118.5809858,394662.7563762437,4438794.195309549,1.4593372445680486,0
actual,1745424118.680959,394662.7563509426,4438794.195262662,1.4593596022357664,0
actual,1745424118.7812188,394662.75631842687,4438794.195190939,1.459381907543607,0
actual,1745424118.8809888,394662.757314438,4438794.195815159,1.4593551690994664,0
actual,1745424118.9809606,394662.75737593166,4438794.195843075,1.4593257603015704,0
actual,1745424119.0810056,394662.757568881,4438794.195868159,1.4593768635420687,0
actual,1745424119.1809578,394662.75770128303,4438794.195881992,1.4593830769142058,0
actual,1745424119.2813914,394662.75787430623,4438794.1959110275,1.4593996575420998,0
actual,1745424119.3809638,394662.75650820707,4438794.196198055,1.459321309711978,0
actual,1745424119.4809575,394662.7565513368,4438794.196159263,1.4593393913230286,0
actual,1745424119.5813003,394662.75657715136,4438794.196159171,1.4593696553322582,0
actual,1745424119.6809638,394662.75655509974,4438794.196154111,1.4593822915160424,0
actual,1745424119.781233,394662.75656286685,4438794.196170059,1.4594051204226586,0
actual,1745424119.8810115,394662.75485429313,4438794.196439059,1.4593526558253438,0
actual,1745424119.9809933,394662.7546590615,4438794.196463328,1.4593372794746335,0
actual,1745424120.0810053,394662.7545895325,4438794.1965043945,1.4593489208207444,0
actual,1745424120.180952,394662.75440210005,4438794.196568554,1.4593571587748138,0
actual,1745424120.2809556,394662.7542276112,4438794.196605956,1.459350980309262,0
actual,1745424120.3817616,394662.7550611598,4438794.195927236,1.4593720638866257,0
actual,1745424120.480896,394662.755059383,4438794.195922711,1.4593551690994664,0
actual,1745424120.5813973,394662.7550516969,4438794.195905096,1.459315270872766,0
actual,1745424120.6809912,394662.7551621975,4438794.195870872,1.4593123736262077,0
actual,1745424120.781007,394662.75516665814,4438794.195859021,1.4593416078911785,0
actual,1745424120.880987,394662.7549963286,4438794.195475733,1.4593479783429484,0
actual,1745424120.9809585,394662.75512434455,4438794.195453775,1.4593579616262697,0
actual,1745424121.0809555,394662.75518289907,4438794.1954094935,1.4593984707182084,0
actual,1745424121.181477,394662.75526897534,4438794.195399547,1.4594105309433398,0
actual,1745424121.2809608,394662.75538811117,4438794.195397311,1.4593942295681261,0
actual,1745424121.3814774,394662.7554439442,4438794.195438079,1.459286874365836,0
actual,1745424121.4809668,394662.75543448573,4438794.195405319,1.4593030710212944,0
actual,1745424121.5809572,394662.75546447176,4438794.195383407,1.4592828950151413,0
actual,1745424121.68096,394662.75550324505,4438794.195352186,1.459298393538899,0
actual,1745424121.7809591,394662.7555049648,4438794.195354869,1.4593025997823965,0
actual,1745424121.8809566,394662.7553279414,4438794.193786191,1.4593082895557579,0
actual,1745424121.980998,394662.7553531842,4438794.193667402,1.4593139793291194,0
actual,1745424122.0809717,394662.75540226634,4438794.193562034,1.459327994323013,0
actual,1745424122.181004,394662.75546182017,4438794.193441098,1.4593557276048272,0
actual,1745424122.2810962,394662.75551892776,4438794.193335764,1.459374856413429,0
actual,1745424122.3811326,394662.7560361542,4438794.193708493,1.4592836978665975,0
actual,1745424122.4809558,394662.75605686766,4438794.193687271,1.4592831917211144,0
actual,1745424122.5809367,394662.7561150659,4438794.193679185,1.4593169289355554,0
actual,1745424122.6810815,394662.75615412265,4438794.1936816415,1.459329408039707,0
actual,1745424122.7809627,394662.75618948805,4438794.193675516,1.4593364242633,0
actual,1745424122.881661,394662.75553155836,4438794.195246562,1.4593356737717218,0
actual,1745424122.9809883,394662.7555472983,4438794.195322171,1.4593801796676475,0
actual,1745424123.0810523,394662.75555719854,4438794.195448887,1.4593794466293617,0
actual,1745424123.1809716,394662.7555524147,4438794.195548592,1.459387544957091,0
actual,1745424123.28099,394662.75555273297,4438794.195633264,1.4594069006584958,0
actual,1745424123.3809571,394662.7564002429,4438794.196062617,1.4593429517947025,0
actual,1745424123.4809606,394662.75645016227,4438794.196213509,1.4593233168406177,0
actual,1745424123.580966,394662.75652438495,4438794.196345086,1.459335987930987,0
actual,1745424123.6809638,394662.7566310788,4438794.19647591,1.4593293556798295,0
actual,1745424123.780998,394662.7567816761,4438794.1966146575,1.4593435626599407,0
actual,1745424123.8809557,394662.75551738805,4438794.195658598,1.4593258650213254,0
actual,1745424123.9809854,394662.75553511747,4438794.195616298,1.4593755370918373,0
actual,1745424124.0809944,394662.75555427873,4438794.195560023,1.4593944041010514,0
actual,1745424124.1809878,394662.75554011867,4438794.195517482,1.4594039685053524,0
actual,1745424124.2809634,394662.7555110996,4438794.1954710195,1.4594120493797889,0
actual,1745424124.3809776,394662.7567816222,4438794.195515644,1.4593499680182955,0
actual,1745424124.480916,394662.7568903883,4438794.195543818,1.4593521845864457,0
actual,1745424124.5810323,394662.7570406677,4438794.195555447,1.4593796037089943,0
actual,1745424124.6809888,394662.7572146151,4438794.195585653,1.4594047713568081,0
actual,1745424124.7809515,394662.7573919076,4438794.195620837,1.4594050855160734,0
actual,1745424124.8809536,394662.7565778327,4438794.196532269,1.4593158642847115,0
actual,1745424124.9811249,394662.75656958856,4438794.196593947,1.4593433357671382,0
actual,1745424125.0809562,394662.7565699382,4438794.196641451,1.4593915941209556,0
actual,1745424125.1815062,394662.7565310294,4438794.196713286,1.4593880161959891,0
actual,1745424125.2813668,394662.7565105752,4438794.196762069,1.4593855552817439,0
actual,1745424125.3809605,394662.75707634754,4438794.19607981,1.4593663043000944,0
actual,1745424125.480966,394662.757120303,4438794.196042677,1.459357228587984,0
actual,1745424125.581005,394662.7571720226,4438794.195981539,1.4593562686568953,0
actual,1745424125.6809902,394662.7572497013,4438794.19590268,1.4593785739647356,0
actual,1745424125.7809882,394662.7573189402,4438794.19575718,1.4594038812388896,0
actual,1745424125.8809924,394662.75549737504,4438794.195022865,1.4593045894577437,0
actual,1745424125.9813087,394662.755441935,4438794.194938633,1.459313630263269,0
actual,1745424126.0817409,394662.7553454908,4438794.194864567,1.4593063696935806,0
actual,1745424126.1809697,394662.7552708754,4438794.194814897,1.459312827411813,0
actual,1745424126.2813575,394662.7552288803,4438794.1947632665,1.4593332826706464,0
actual,1745424126.380957,394662.7554934833,4438794.193756126,1.4593316071545646,0
actual,1745424126.4813418,394662.7555575321,4438794.193668516,1.459337523820729,0
actual,1745424126.5809696,394662.7556016097,4438794.193586532,1.4593243814914614,0
actual,1745424126.6809506,394662.7557190296,4438794.193490994,1.4593296872923873,0
actual,1745424126.781941,394662.7558568505,4438794.193355105,1.459344679670662,0
actual,1745424126.880865,394662.75650878384,4438794.194233346,1.4593153581392286,0
actual,1745424126.9816725,394662.7566504788,4438794.19422851,1.4593394960427837,0
actual,1745424127.080991,394662.75676689856,4438794.194246041,1.4593402988942397,0
actual,1745424127.1809614,394662.7569144594,4438794.194250236,1.4593465646262542,0
actual,1745424127.280955,394662.75710973307,4438794.194259607,1.459366932618625,0
actual,1745424127.3809884,394662.75527283543,4438794.195207266,1.4593094763796493,0
actual,1745424127.4809337,394662.7551792662,4438794.195320475,1.459302983754832,0
actual,1745424127.5816538,394662.7551500632,4438794.195428813,1.459304938523594,0
actual,1745424127.6809533,394662.75511255907,4438794.195607772,1.459271899440854,0
actual,1745424127.7813892,394662.75512245944,4438794.195721381,1.459292040540422,0
actual,1745424127.8815215,394662.755190187,4438794.196165712,1.4593279768697203,0
actual,1745424127.9814086,394662.7552312393,4438794.196233805,1.459333806269422,0
actual,1745424128.0815988,394662.75534784724,4438794.196308849,1.4593637386660936,0
actual,1745424128.1809535,394662.7554788368,4438794.196407629,1.4593873180642882,0
actual,1745424128.2809567,394662.75567523064,4438794.19650044,1.459429171059751,0
actual,1745424128.3814487,394662.75623468694,4438794.195422483,1.459355151646174,0
actual,1745424128.4810638,394662.7563453084,4438794.1953491755,1.4593975631469975,0
actual,1745424128.5817323,394662.7564525552,4438794.195302569,1.459422922781029,0
actual,1745424128.6810212,394662.756539978,4438794.19527852,1.459435750951031,0
actual,1745424128.7809591,394662.7566912747,4438794.195230006,1.4594821243492564,0
actual,1745424128.8810964,394662.7550794277,4438794.196043717,1.459360928685998,0
actual,1745424128.981001,394662.75503787945,4438794.196088905,1.4593789055772937,0
actual,1745424129.080957,394662.755060024,4438794.196115262,1.4594263785329478,0
actual,1745424129.1810386,394662.75509615755,4438794.196172859,1.4594405331531815,0
actual,1745424129.281158,394662.7551652715,4438794.196256056,1.4594725250383707,0
actual,1745424129.3810298,394662.75430865237,4438794.196326087,1.459364419344502,0
actual,1745424129.4809964,394662.754306643,4438794.196365101,1.4593715228345578,0
actual,1745424129.5811791,394662.7543012384,4438794.196431757,1.459384019392002,0
actual,1745424129.68096,394662.75435541425,4438794.196448341,1.4594111243552854,0
actual,1745424129.7809584,394662.7544426261,4438794.196478126,1.4594339532619014,0
actual,1745424129.881462,394662.7542086238,4438794.197042448,1.459325236702795,0
actual,1745424129.9809604,394662.7542634539,4438794.197060678,1.4593563384700654,0
actual,1745424130.0812352,394662.75430796854,4438794.197110575,1.4593875624103836,0
actual,1745424130.1819465,394662.75437502866,4438794.197153447,1.459394892793242,0
actual,1745424130.281646,394662.7545201557,4438794.197227946,1.4594349830061604,0
actual,1745424130.3811305,394662.7542107759,4438794.197565612,1.4593134731836364,0
actual,1745424130.480954,394662.7542049615,4438794.197564663,1.4593169463888478,0
actual,1745424130.5809598,394662.7541988707,4438794.197575754,1.459304572004451,0
actual,1745424130.6809556,394662.7541958904,4438794.197554088,1.4593150265266708,0
actual,1745424130.7810128,394662.7541727925,4438794.197559757,1.4593276452571626,0
actual,1745424130.8815286,394662.75473983225,4438794.196538255,1.45932970474568,0
actual,1745424130.9809937,394662.7547422232,4438794.196446906,1.4593474721974653,0
actual,1745424131.0809824,394662.7547418166,4438794.196386797,1.4593350105466059,0
actual,1745424131.1812103,394662.75473225414,4438794.196272837,1.459302285623131,0
actual,1745424131.280955,394662.7547827958,4438794.196203356,1.459305497028955,0
actual,1745424131.3809834,394662.75359649665,4438794.196281284,1.4593123910795003,0
actual,1745424131.4809628,394662.7534010089,4438794.196182249,1.4592753202861877,0
actual,1745424131.581365,394662.7533711894,4438794.196115887,1.4592847625174412,0
actual,1745424131.6810508,394662.7533218424,4438794.196077952,1.4593077659569824,0
actual,1745424131.7816837,394662.75321022014,4438794.196039863,1.4593168765756777,0
actual,1745424131.8815384,394662.7540625706,4438794.196060936,1.4592965609431847,0
actual,1745424131.9810996,394662.75424304284,4438794.196111062,1.459283959665985,0
actual,1745424132.0809894,394662.7544167585,4438794.19608218,1.4592875201376594,0
actual,1745424132.1815655,394662.7546014526,4438794.196188844,1.4593126005190105,0
actual,1745424132.2810102,394662.75486760633,4438794.196350286,1.459328029229598,0
actual,1745424132.3813322,394662.75512418797,4438794.196410981,1.4593288320810538,0
actual,1745424132.4816294,394662.7535580115,4438794.195075229,1.459334172788565,0
actual,1745424132.5812519,394662.7536760249,4438794.1949759545,1.4593403861607022,0
actual,1745424132.6810422,394662.7537192532,4438794.194921691,1.459342096583369,0
actual,1745424132.7813134,394662.7536744167,4438794.194807404,1.4593642273582843,0
actual,1745424132.8809564,394662.75413238147,4438794.196065463,1.4592699970319691,0
actual,1745424132.9809527,394662.75426327955,4438794.196107213,1.459307451797717,0
actual,1745424133.0809746,394662.75438852794,4438794.1962029785,1.4593249050902368,0
actual,1745424133.182027,394662.7545897219,4438794.19620124,1.4593286750014212,0
actual,1745424133.2815735,394662.75477567024,4438794.196221244,1.4593532143307042,0
actual,1745424133.3809628,394662.7557515002,4438794.197220852,1.4593358133980618,0
actual,1745424133.48121,394662.755924745,4438794.197241317,1.4593865326661248,0
actual,1745424133.5809731,394662.75615801674,4438794.197370973,1.45938663738588,0
actual,1745424133.6815035,394662.75637893146,4438794.197467631,1.4593685383215367,0
actual,1745424133.7809858,394662.7566028348,4438794.197560081,1.4593683114287341,0
actual,1745424133.8809547,394662.75495675317,4438794.197070716,1.4593333175772316,0
actual,1745424133.982103,394662.75497095415,4438794.197018052,1.459342096583369,0
actual,1745424134.0823164,394662.75496653846,4438794.196979812,1.4593532841438743,0
actual,1745424134.1815977,394662.7549678,4438794.196913989,1.4593708072495644,0
actual,1745424134.2812452,394662.75498931075,4438794.196846462,1.4593776314869398,0
actual,1745424134.3810399,394662.75529856875,4438794.197163354,1.459325777754863,0
actual,1745424134.4810472,394662.75530519383,4438794.197192211,1.4593279419631353,0
actual,1745424134.5810475,394662.7553275852,4438794.197218526,1.4593350454531908,0
actual,1745424134.6812057,394662.75536320556,4438794.197245111,1.4593352374394086,0
actual,1745424134.781701,394662.7554479046,4438794.197263151,1.4593559544976298,0
actual,1745424134.881293,394662.7545239311,4438794.197098752,1.4593285179217885,0
actual,1745424134.981759,394662.75448876515,4438794.19712291,1.459329442946292,0
actual,1745424135.0815825,394662.7544831481,4438794.197132652,1.4593411017456954,0
actual,1745424135.181223,394662.7545216093,4438794.1971105905,1.4593907738162073,0
actual,1745424135.2815013,394662.7545291098,4438794.197112113,1.4594084016416524,0
actual,1745424135.3809805,394662.7535230863,4438794.197072034,1.4593045545511587,0
actual,1745424135.481055,394662.75352842663,4438794.1971273245,1.4593378728865791,0
actual,1745424135.5820057,394662.7535342439,4438794.197194072,1.4593381870458446,0
actual,1745424135.6813745,394662.7535565846,4438794.197266638,1.4593534237702144,0
actual,1745424135.7819426,394662.7536020472,4438794.197353613,1.4593660774072914,0
actual,1745424135.8811646,394662.7532681669,4438794.1979155885,1.4593313977150544,0
actual,1745424135.9818199,394662.7533071379,4438794.197975037,1.459323369200495,0
actual,1745424136.081225,394662.7533722493,4438794.198032557,1.4593108202831735,0
actual,1745424136.1809838,394662.7534637451,4438794.198072438,1.4592988822310897,0
actual,1745424136.2812736,394662.7536094083,4438794.198098151,1.459323369200495,0
actual,1745424136.3813431,394662.75274406816,4438794.197245018,1.4593419744103215,0
actual,1745424136.4820025,394662.75278100156,4438794.197161701,1.4593844731776073,0
actual,1745424136.5819857,394662.7528344944,4438794.197117797,1.4594037241592568,0
actual,1745424136.6814113,394662.75288966694,4438794.197118125,1.4593996051822222,0
actual,1745424136.781297,394662.75296282687,4438794.197118073,1.4594095710122512,0
actual,1745424136.8811777,394662.75463829713,4438794.19754315,1.4593381521392597,0
actual,1745424136.9810328,394662.7548821991,4438794.197517789,1.4593829547411583,0
actual,1745424137.0814142,394662.75513367937,4438794.197526333,1.45941302676417,0
actual,1745424137.1810272,394662.75546393293,4438794.197536377,1.4594308640291256,0
actual,1745424137.2818382,394662.7558331953,4438794.197497479,1.4594704830031457,0
actual,1745424137.3811047,394662.7546949386,4438794.196337394,1.459324241865121,0
actual,1745424137.481566,394662.7547169609,4438794.196211039,1.4593385186584025,0
actual,1745424137.5812824,394662.7547771257,4438794.196143299,1.4593266504194888,0
actual,1745424137.6817155,394662.7549115976,4438794.1960283015,1.459334504401123,0
actual,1745424137.7811873,394662.7550871736,4438794.195898387,1.4593744026278235,0
actual,1745424137.8811233,394662.75418806565,4438794.196808189,1.459302687048859,0
actual,1745424137.9810905,394662.75419234263,4438794.196860266,1.4593046941774988,0
actual,1745424138.0811276,394662.75424093695,4438794.196940994,1.459341834783981,0
actual,1745424138.1813445,394662.7542692187,4438794.197019257,1.459333736456252,0
actual,1745424138.2813566,394662.7543721729,4438794.197073513,1.4593707025298093,0
actual,1745424138.3812785,394662.7552562552,4438794.197063888,1.4593104014041527,0
actual,1745424138.481213,394662.7553759754,4438794.1971222265,1.4593007148268042,0
actual,1745424138.5814507,394662.7555599938,4438794.19719883,1.4593113264286564,0
actual,1745424138.68101,394662.755761503,4438794.197274992,1.4593408050397225,0
actual,1745424138.7814605,394662.75601358636,4438794.197375909,1.4593575078406642,0
actual,1745424138.881449,394662.7539884303,4438794.19709555,1.4593471754914924,0
actual,1745424138.982101,394662.7539276986,4438794.197054938,1.4593444876844441,0
actual,1745424139.0815842,394662.7539180192,4438794.197009243,1.4593699171316459,0
actual,1745424139.1815214,394662.7539644119,4438794.196973346,1.4594088379739651,0
actual,1745424139.2813456,394662.75405114837,4438794.196943379,1.459435576418106,0
actual,1745424139.3820202,394662.7534539586,4438794.196672385,1.4593407875864302,0
actual,1745424139.481225,394662.7535120894,4438794.196597528,1.4593703011040813,0
actual,1745424139.5813053,394662.753614784,4438794.196528237,1.4593911403353501,0
actual,1745424139.6815493,394662.7537763032,4438794.196446527,1.4594145277473267,0
actual,1745424139.782016,394662.75398310134,4438794.196345493,1.4594493296126116,0
actual,1745424139.8816128,394662.7537986127,4438794.1970483735,1.4593673864042305,0
actual,1745424139.981263,394662.75390416814,4438794.197062037,1.4593673514976453,0
actual,1745424140.0814853,394662.7540360427,4438794.19707913,1.4593637910259714,0
actual,1745424140.181444,394662.754204395,4438794.197102069,1.4593844382710224,0
actual,1745424140.2812405,394662.7543931848,4438794.1971232025,1.4594286823675604,0
actual,1745424140.3815057,394662.7542914972,4438794.196532859,1.4593559021377525,0
actual,1745424140.4817495,394662.7544012273,4438794.196472694,1.459350858136214,0
actual,1745424140.5813046,394662.7545315126,4438794.196450976,1.4593592880765012,0
actual,1745424140.6814547,394662.75471845776,4438794.196359235,1.4594011585252564,0
actual,1745424140.7811706,394662.7549215889,4438794.196314381,1.4594181405788784,0
actual,1745424140.8815522,394662.75375335617,4438794.196230134,1.4593802669341103,0
actual,1745424140.9812875,394662.753760188,4438794.196251535,1.4593567049892082,0
actual,1745424141.0810332,394662.75386195414,4438794.196266114,1.4593685732281219,0
actual,1745424141.1816006,394662.75402470864,4438794.196274183,1.4594171981010824,0
actual,1745424141.282084,394662.75410820585,4438794.196291834,1.4593837924991993,0
actual,1745424141.3815558,394662.75413347984,4438794.196939819,1.4593539997288676,0
actual,1745424141.4814568,394662.7542464379,4438794.196997699,1.4593877543966012,0
actual,1745424141.5812004,394662.7543618797,4438794.197071641,1.45941288713783,0
actual,1745424141.6812763,394662.7544846891,4438794.197148863,1.4594427497213316,0
actual,1745424141.7812939,394662.754628161,4438794.197241727,1.4594762774962624,0
actual,1745424141.8809943,394662.75367448083,4438794.196461636,1.4593858868943017,0
actual,1745424141.981457,394662.75367437414,4438794.196448882,1.4594084190949448,0
actual,1745424142.0814395,394662.7536720334,4438794.196424446,1.459419100509967,0
actual,1745424142.1817794,394662.753686024,4438794.196423712,1.4594326093583774,0
actual,1745424142.2817736,394662.75375121617,4438794.196437852,1.4594524537519726,0
actual,1745424142.3817503,394662.7538401766,4438794.196440152,1.4594349655528676,0
actual,1745424142.4814281,394662.7543071026,4438794.197219558,1.4593307693965236,0
actual,1745424142.5813057,394662.7543565477,4438794.197249564,1.4593518355205952,0
actual,1745424142.6811604,394662.7544867532,4438794.197291826,1.459383111820791,0
actual,1745424142.7820296,394662.754626286,4438794.197318825,1.459392711131677,0
actual,1745424142.8813162,394662.7545115607,4438794.1964228535,1.4593262140871759,0
actual,1745424142.9821157,394662.75461878115,4438794.196389031,1.459321414431733,0
actual,1745424143.081254,394662.75470977934,4438794.196320473,1.4592970496353752,0
actual,1745424143.1816082,394662.7549184704,4438794.196277615,1.4593466344394241,0
actual,1745424143.281291,394662.7551548014,4438794.196212554,1.4593508755895064,0
actual,1745424143.3810422,394662.7544974987,4438794.19634575,1.4593101046981798,0
actual,1745424143.4811819,394662.7546122242,4438794.196337441,1.4593393738697358,0
actual,1745424143.5813239,394662.75471732754,4438794.196336207,1.4593121990932825,0
actual,1745424143.6814265,394662.7549453839,4438794.196281662,1.4593661472204615,0
actual,1745424143.782202,394662.755147601,4438794.19624442,1.4593666184593597,0
actual,1745424143.8816187,394662.75430460146,4438794.196567024,1.4592931051912654,0
actual,1745424143.9810188,394662.754385812,4438794.196526814,1.4593100174317175,0
actual,1745424144.081239,394662.75452607684,4438794.196461666,1.4593458315879684,0
actual,1745424144.181154,394662.7546738749,4438794.196422499,1.459334242601735,0
actual,1745424144.2816446,394662.75486112357,4438794.196343234,1.4593859567074718,0
actual,1745424144.3811295,394662.75434914214,4438794.195978341,1.4593885572480572,0
actual,1745424144.4817436,394662.75458488247,4438794.195868338,1.459405905820822,0
actual,1745424144.5813138,394662.75474721706,4438794.195771296,1.4594189783369196,0
actual,1745424144.681948,394662.75500443374,4438794.195686319,1.4594204095069059,0
actual,1745424144.7811804,394662.7553206235,4438794.195561896,1.4594281936753701,0
actual,1745424144.8815122,394662.7527917333,4438794.196065732,1.4593469835052746,0
actual,1745424144.981292,394662.7527033294,4438794.196060547,1.4593284830152033,0
actual,1745424145.0816896,394662.7527415228,4438794.19596455,1.459337663447069,0
actual,1745424145.1814525,394662.7528124047,4438794.1960428115,1.4593685732281219,0
actual,1745424145.2816267,394662.75280906114,4438794.195975947,1.4594026595084133,0
actual,1745424145.381563,394662.7539720774,4438794.195754733,1.4593047988972538,0
actual,1745424145.4814606,394662.7541665084,4438794.195763644,1.4593474547441727,0
actual,1745424145.5811942,394662.75438399374,4438794.195745563,1.4593600385680796,0
actual,1745424145.680977,394662.754676554,4438794.195745022,1.4593463028268663,0
actual,1745424145.7810144,394662.754941455,4438794.195746556,1.4593508406829214,0
actual,1745424145.881064,394662.75445629953,4438794.194995239,1.4592860191545025,0
actual,1745424145.9814384,394662.7546130586,4438794.1948900055,1.459300645013634,0
actual,1745424146.0813532,394662.75475658546,4438794.194790282,1.4593356039585517,0
actual,1745424146.181736,394662.75489612104,4438794.19468162,1.4593547676737386,0
actual,1745424146.2816145,394662.75521362433,4438794.194550395,1.459354750220446,0
actual,1745424146.3813705,394662.7542148932,4438794.194087383,1.459292476872735,0
actual,1745424146.4812045,394662.7543577926,4438794.193926801,1.4593612079386784,0
actual,1745424146.5818257,394662.7545799767,4438794.193811709,1.459369218999945,0
actual,1745424146.6810632,394662.75485824945,4438794.193655053,1.4594198160949603,0
actual,1745424146.7816422,394662.755107282,4438794.1935188705,1.4594311083752207,0
actual,1745424146.8818927,394662.7534663219,4438794.194111166,1.4593703883705438,0
actual,1745424146.9818401,394662.75358352996,4438794.194067691,1.4594270243047711,0
actual,1745424147.0818472,394662.753670978,4438794.194048104,1.45945901618996,0
actual,1745424147.1815188,394662.75380604644,4438794.194007287,1.459477411960276,0
actual,1745424147.2814126,394662.7540146108,4438794.193952032,1.459498722430443,0
actual,1745424147.3810146,394662.75438677677,4438794.194213976,1.4593417824241037,0
actual,1745424147.4810822,394662.7544767989,4438794.194162529,1.4593716973674828,0
actual,1745424147.58188,394662.75467820617,4438794.194113218,1.4594072671776384,0
actual,1745424147.6812334,394662.754914238,4438794.194013574,1.4594074766171488,0
actual,1745424147.78145,394662.75519408064,4438794.1939483015,1.4594238128989474,0
actual,1745424147.881807,394662.75483037834,4438794.1957468875,1.4592992312969402,0
actual,1745424147.981176,394662.7550645687,4438794.195851931,1.4593328114317485,0
actual,1745424148.0815144,394662.7552854519,4438794.195999105,1.4593233517472026,0
actual,1745424148.181378,394662.75555234065,4438794.196156141,1.4593510326691392,0
actual,1745424148.2815576,394662.7558477138,4438794.196273758,1.459365798154611,0
actual,1745424148.3812935,394662.75565539015,4438794.195436111,1.4593274707242372,0
actual,1745424148.4812977,394662.75575767993,4438794.195601994,1.4592665761866352,0
actual,1745424148.581734,394662.7559500348,4438794.195696965,1.4592588269247564,0
actual,1745424148.6820529,394662.75623068423,4438794.195758795,1.459297852486831,0
actual,1745424148.7814279,394662.75655504275,4438794.195808305,1.4593000690549809,0
actual,1745424148.8819797,394662.7540138591,4438794.196716305,1.4593046941774988,0
actual,1745424148.9810526,394662.7540941334,4438794.196770721,1.4593312929952993,0
actual,1745424149.0811534,394662.75417577784,4438794.196838189,1.4593257603015704,0
actual,1745424149.1815135,394662.7542693313,4438794.1968765,1.4593377856201166,0
actual,1745424149.2810931,394662.7544247204,4438794.196868329,1.4593807032664232,0
actual,1745424149.3813715,394662.754460464,4438794.196168308,1.459359218263331,0
actual,1745424149.48125,394662.7545831294,4438794.196085484,1.4593906516431594,0
actual,1745424149.5817082,394662.7547683453,4438794.196004037,1.4593907040030372,0
actual,1745424149.6815462,394662.75493707514,4438794.195913373,1.4594259072940499,0
actual,1745424149.781314,394662.7550988315,4438794.195851152,1.4594045095574202,0
actual,1745424149.8811805,394662.7551920636,4438794.195840795,1.4593461806538188,0
actual,1745424149.9821427,394662.7553857025,4438794.1957876915,1.4593619060703793,0
actual,1745424150.0810442,394662.75554644194,4438794.195736373,1.4593466693460093,0
actual,1745424150.1812472,394662.75574875035,4438794.195667824,1.4593539997288676,0
actual,1745424150.2814112,394662.75605330244,4438794.195615202,1.4593497411254928,0
actual,1745424150.3817782,394662.7563354878,4438794.195549357,1.459311448601704,0
actual,1745424150.4814937,394662.7546202268,4438794.195398276,1.459367805283251,0
actual,1745424150.5813084,394662.7546309887,4438794.195378294,1.4593597593153993,0
actual,1745424150.681165,394662.7546595896,4438794.195368179,1.4593545756875208,0
actual,1745424150.7822702,394662.7547642759,4438794.195338564,1.4593873878774584,0
actual,1745424150.8811705,394662.7557339753,4438794.195521986,1.4593569842418888,0
actual,1745424150.9814742,394662.75589663786,4438794.195487751,1.4593826056753076,0
actual,1745424151.081472,394662.7560467616,4438794.195461151,1.459411037088823,0
actual,1745424151.1811967,394662.7562630795,4438794.195453197,1.4594318414135068,0
actual,1745424151.2810316,394662.7564256668,4438794.195527316,1.4593907563629145,0
actual,1745424151.3814034,394662.75493142055,4438794.1956067495,1.459327226378142,0
actual,1745424151.4818985,394662.7549944594,4438794.195635245,1.459351364281697,0
actual,1745424151.5814703,394662.7550531004,4438794.195687072,1.4593556054317796,0
actual,1745424151.681619,394662.755155929,4438794.195721674,1.459363075440978,0
actual,1745424151.7816792,394662.7553329076,4438794.195723719,1.459375659264885,0
actual,1745424151.881354,394662.7553825773,4438794.197129262,1.4593019540105732,0
actual,1745424151.981397,394662.75546893117,4438794.197257833,1.4592893352800813,0
actual,1745424152.0812101,394662.7556170154,4438794.197337883,1.4593006799202193,0
actual,1745424152.1809876,394662.7558151231,4438794.197433974,1.4593430565144576,0
actual,1745424152.2811563,394662.7559711869,4438794.19748101,1.4593789230305863,0
actual,1745424152.3811252,394662.7562195862,4438794.197527797,1.4594074242572712,0
actual,1745424152.4811635,394662.754908699,4438794.196009085,1.4593508755895064,0
actual,1745424152.5818694,394662.7550535054,4438794.195942431,1.4593584677717528,0
actual,1745424152.6812818,394662.7553049839,4438794.195790158,1.459394124848371,0
actual,1745424152.7810674,394662.7556127597,4438794.1956843445,1.4594001811408754,0
actual,1745424152.881162,394662.75304025225,4438794.196062024,1.4593154628589837,0
actual,1745424152.9812975,394662.7529748464,4438794.195957772,1.4593548549402011,0
actual,1745424153.0810454,394662.753002856,4438794.195861601,1.45937147047468,0
actual,1745424153.1810226,394662.75312002667,4438794.195735713,1.4594170410214498,0
actual,1745424153.2811542,394662.7532019953,4438794.195631457,1.4593869515451454,0
actual,1745424153.3812516,394662.75401177077,4438794.196645156,1.459312932131568,0
actual,1745424153.4813764,394662.7542158497,4438794.196625587,1.4593501600045131,0
actual,1745424153.5811367,394662.75442940916,4438794.196615684,1.4593299316384827,0
actual,1745424153.6810236,394662.75471377495,4438794.196599663,1.45934300415458,0
actual,1745424153.7814116,394662.7550083754,4438794.196583492,1.45934071777326,0
actual,1745424153.8811266,394662.7541188082,4438794.197426642,1.4593107504700031,0
actual,1745424153.9815075,394662.75417489104,4438794.197459,1.4592716550947586,0
actual,1745424154.0812502,394662.75430966425,4438794.197463924,1.4592699097655064,0
actual,1745424154.181129,394662.7544368389,4438794.1974402815,1.4592691767272208,0
actual,1745424154.2813535,394662.75461186864,4438794.197402999,1.4592907489967752,0
actual,1745424154.3813317,394662.75482950895,4438794.197379908,1.4593268947655842,0
actual,1745424154.4813228,394662.75437319576,4438794.196674188,1.459329949091775,0
actual,1745424154.5813942,394662.75455412915,4438794.196577054,1.459352568558881,0
actual,1745424154.6810055,394662.7547901958,4438794.196450948,1.459330717036646,0
actual,1745424154.7811987,394662.755018232,4438794.196355448,1.4593385535649874,0
actual,1745424154.8820846,394662.75415508676,4438794.196175672,1.4593479783429484,0
actual,1745424154.9809787,394662.75426372775,4438794.196047886,1.4593448891101723,0
actual,1745424155.0820587,394662.7544883237,4438794.196009657,1.4593555705251944,0
actual,1745424155.181497,394662.75469433225,4438794.1958848145,1.4593493222464724,0
actual,1745424155.281738,394662.7549456804,4438794.195778127,1.4593605796201476,0
actual,1745424155.381492,394662.75389671355,4438794.195337522,1.4593281339493531,0
actual,1745424155.4810216,394662.7540328943,4438794.195164382,1.459360562166855,0
actual,1745424155.5814931,394662.75426868524,4438794.195038731,1.4593892553797578,0
actual,1745424155.682558,394662.75452626374,4438794.194953722,1.459386672292465,0
actual,1745424155.781159,394662.7547999571,4438794.19482247,1.4594197811883753,0
actual,1745424155.8810782,394662.7518191355,4438794.196126875,1.459287991376557,0
actual,1745424155.980968,394662.75178050593,4438794.196150016,1.4592756693520381,0
actual,1745424156.0811176,394662.75181227154,4438794.19611776,1.4592984109921916,0
actual,1745424156.1810277,394662.75192838116,4438794.196065729,1.4593115358681665,0
actual,1745424156.2813122,394662.7520045624,4438794.196052812,1.4593126354255954,0
actual,1745424156.3817823,394662.75349394634,4438794.19476546,1.4593290066139792,0
actual,1745424156.48142,394662.75373497483,4438794.194628909,1.459350020378173,0
actual,1745424156.58121,394662.7540404806,4438794.194482128,1.45935831069212,0
actual,1745424156.6811917,394662.7544599255,4438794.194309555,1.4593541568085004,0
actual,1745424156.781434,394662.7549390732,4438794.194216664,1.4593976155068749,0
actual,1745424156.8810027,394662.75390457286,4438794.195111961,1.4593477863567306,0
actual,1745424156.9809287,394662.7539537406,4438794.1950584315,1.4593291462403193,0
actual,1745424157.081019,394662.754151733,4438794.195017775,1.459380493826913,0
actual,1745424157.1812208,394662.75439844973,4438794.194954841,1.459443535119495,0
actual,1745424157.2814124,394662.75466300343,4438794.194915454,1.4594583878714296,0
actual,1745424157.3811252,394662.75405809016,4438794.195742864,1.459356792255671,0
actual,1745424157.4810495,394662.7541671349,4438794.195757129,1.459356792255671,0
actual,1745424157.5821831,394662.7542967464,4438794.195710093,1.459351154842187,0
actual,1745424157.681069,394662.75452903897,4438794.195649487,1.4593755719984223,0
actual,1745424157.7809587,394662.7548215494,4438794.195578599,1.4594129045911226,0
actual,1745424157.8809648,394662.7549229756,4438794.194422112,1.4593650476630329,0
actual,1745424157.9811254,394662.75510705024,4438794.194311611,1.45936475095706,0
actual,1745424158.0810204,394662.75534741,4438794.194168852,1.4594110196355303,0
actual,1745424158.1817865,394662.755635131,4438794.193961607,1.4594237605390699,0
actual,1745424158.2812564,394662.7558844785,4438794.193751819,1.4594354891516432,0
actual,1745424158.3814495,394662.7559334623,4438794.196257161,1.4593390422571781,0
actual,1745424158.481208,394662.7561672379,4438794.196350078,1.4593403687074098,0
actual,1745424158.5811353,394662.7564494661,4438794.196450281,1.4593729016446668,0
actual,1745424158.681215,394662.75673434057,4438794.19660307,1.4594054869418014,0
actual,1745424158.7817638,394662.75718765485,4438794.196699216,1.4594455247948424,0
actual,1745424158.8811486,394662.7561208182,4438794.195867033,1.4592940825756466,0
actual,1745424158.9810097,394662.75611995277,4438794.195852135,1.4592888291345982,0
actual,1745424159.0817332,394662.75632074027,4438794.195834336,1.459300540293879,0
actual,1745424159.1812057,394662.7565030855,4438794.195770821,1.4593102617778126,0
actual,1745424159.2811406,394662.75667827146,4438794.1957451,1.4593392516966883,0
actual,1745424159.3812168,394662.7561646301,4438794.196289636,1.4592953217594156,0
actual,1745424159.4817834,394662.7563618894,4438794.196278358,1.4593151836063032,0
actual,1745424159.581039,394662.75654513034,4438794.196278298,1.4593223743628214,0
actual,1745424159.681188,394662.7567573881,4438794.196305408,1.4593003483076614,0
actual,1745424159.7809477,394662.75706110283,4438794.196286052,1.459338937537423,0
actual,1745424159.8810408,394662.75452632265,4438794.197590347,1.4593219729370934,0
actual,1745424159.9809997,394662.7544832753,4438794.197675127,1.4593231772142774,0
actual,1745424160.0809574,394662.75449750765,4438794.197737704,1.4593401418146068,0
actual,1745424160.1812057,394662.7545557212,4438794.197821224,1.4593499680182955,0
actual,1745424160.2811534,394662.75470280275,4438794.197894072,1.459356827162256,0
actual,1745424160.3811831,394662.7546493554,4438794.197708166,1.4592988647777971,0
actual,1745424160.4810271,394662.75478163495,4438794.197740048,1.459255685332103,0
actual,1745424160.5811493,394662.7550583733,4438794.197719144,1.4592733306108405,0
actual,1745424160.680956,394662.7555050014,4438794.197690206,1.4593039785925055,0
actual,1745424160.7809806,394662.75587096333,4438794.197673048,1.4592769783489772,0
actual,1745424160.8814964,394662.75394305016,4438794.197879062,1.4593033328206821,0
actual,1745424160.9814343,394662.7540784608,4438794.1978835715,1.459308900420996,0
actual,1745424161.0812051,394662.7542977768,4438794.1978451535,1.459325114529747,0
actual,1745424161.1810856,394662.75459043856,4438794.1977923475,1.459330612316891,0
actual,1745424161.281465,394662.7549147391,4438794.197744531,1.45939993679478,0
actual,1745424161.3816197,394662.7547547098,4438794.197150766,1.4593070678252813,0
actual,1745424161.4811764,394662.75493577286,4438794.197082957,1.4593000865082735,0
actual,1745424161.5811656,394662.75529383606,4438794.197054038,1.4593429517947025,0
actual,1745424161.6810033,394662.7555645274,4438794.197003416,1.4593497760320777,0
actual,1745424161.7819538,394662.755935608,4438794.196883092,1.459347803810023,0
actual,1745424161.8810072,394662.755935608,4438794.196883092,1.459347803810023,0
