type,timestamp,x,y,yaw,target_waypoint_idx
actual,1745422094.0895147,394651.0819388603,4438791.371203079,0.19102295305190817,0
actual,1745422094.2430801,394651.0819388603,4438791.371203079,0.19102295305190817,0
actual,1745422095.428126,394651.0819388603,4438791.371203079,0.19126131266785296,0
actual,1745422095.4281776,394651.0819388603,4438791.371203079,0.19126131266785296,0
actual,1745422095.8686016,394651.0819388603,4438791.371203079,0.19201765109920468,0
actual,1745422095.8686464,394651.0819388603,4438791.371203079,0.19201765109920468,0
actual,1745422096.2856224,394651.08359522524,4438791.372114726,0.19201765109920468,0
actual,1745422096.2857025,394651.08359522524,4438791.372114726,0.19201765109920468,0
actual,1745422096.3910627,394651.08359522524,4438791.372114726,0.19201765109920468,0
actual,1745422096.557199,394651.0832171715,4438791.371501415,0.19226039149157206,0
actual,1745422096.611495,394651.0832171715,4438791.371501415,0.19226039149157206,0
actual,1745422096.8350732,394651.0832171715,4438791.371501415,0.19226039149157206,0
actual,1745422096.8351204,394651.0832171715,4438791.371501415,0.19226039149157206,0
actual,1745422099.770397,394651.08335382154,4438791.372127215,0.19079578099646846,0
actual,1745422099.770453,394651.08335382154,4438791.372127215,0.19079578099646846,0
actual,1745422099.946574,394651.08333981264,4438791.371720403,0.19083267725685574,0
actual,1745422100.2011762,394651.081330309,4438791.371394117,0.19083267725685574,0
actual,1745422100.2012239,394651.081330309,4438791.371394117,0.19083267725685574,0
actual,1745422100.2012532,394651.081330309,4438791.371394117,0.19083267725685574,0
actual,1745422100.6608875,394651.081330309,4438791.371394117,0.19083267725685574,0
actual,1745422100.6609373,394651.081330309,4438791.371394117,0.19083267725685574,0
actual,1745422100.9124262,394651.0820377356,4438791.371075639,0.19136184363276773,0
actual,1745422100.9124715,394651.0820377356,4438791.371075639,0.19136184363276773,0
actual,1745422100.9642959,394651.0820377356,4438791.371075639,0.19136184363276773,0
actual,1745422101.2256186,394651.0820377356,4438791.371075639,0.19136184363276773,0
actual,1745422101.2257495,394651.0820377356,4438791.371075639,0.19136184363276773,0
actual,1745422101.4100978,394651.0820377356,4438791.371075639,0.19136184363276773,0
actual,1745422101.4101481,394651.0820377356,4438791.371075639,0.19136184363276773,0
actual,1745422101.6190271,394651.0820377356,4438791.371075639,0.19136184363276773,0
actual,1745422101.6190794,394651.0820377356,4438791.371075639,0.19136184363276773,0
actual,1745422102.9574025,394651.0820377356,4438791.371075639,0.19154386402045825,0
actual,1745422102.9574494,394651.0820377356,4438791.371075639,0.19154386402045825,0
actual,1745422103.289841,394651.0820377356,4438791.371075639,0.1924942132514617,0
actual,1745422103.2899568,394651.0820377356,4438791.371075639,0.1924942132514617,0
actual,1745422103.289987,394651.0820377356,4438791.371075639,0.1924942132514617,0
actual,1745422103.8407834,394651.0820377356,4438791.371075639,0.1924942132514617,0
actual,1745422103.8408341,394651.0820377356,4438791.371075639,0.1924942132514617,0
actual,1745422104.028664,394651.0820377356,4438791.371075639,0.1924942132514617,0
actual,1745422104.1165638,394651.08313135675,4438791.371685793,0.19197450656009543,0
actual,1745422104.1953857,394651.08480941027,4438791.372321923,0.19197450656009543,0
actual,1745422104.2586865,394651.08480941027,4438791.372321923,0.19197450656009543,0
actual,1745422104.532335,394651.08480941027,4438791.372321923,0.19197450656009543,0
actual,1745422104.5323808,394651.08480941027,4438791.372321923,0.19197450656009543,0
actual,1745422104.6617436,394651.0835421755,4438791.369887822,0.19251992195134365,0
actual,1745422104.661787,394651.0835421755,4438791.369887822,0.19251992195134365,0
actual,1745422104.761134,394651.0835421755,4438791.369887822,0.19251992195134365,0
actual,1745422104.865254,394651.0835421755,4438791.369887822,0.19251992195134365,0
actual,1745422105.0550673,394651.084124419,4438791.369254212,0.19251992195134365,0
actual,1745422105.055109,394651.084124419,4438791.369254212,0.19251992195134365,0
actual,1745422105.4115765,394651.084124419,4438791.369254212,0.19344229355443757,0
actual,1745422105.4116576,394651.084124419,4438791.369254212,0.19344229355443757,0
actual,1745422105.4116857,394651.084124419,4438791.369254212,0.19344229355443757,0
actual,1745422105.6249201,394651.084124419,4438791.369254212,0.19344229355443757,0
actual,1745422105.624983,394651.084124419,4438791.369254212,0.19344229355443757,0
actual,1745422105.8241625,394651.084124419,4438791.369254212,0.1931818380701625,0
actual,1745422105.824227,394651.084124419,4438791.369254212,0.1931818380701625,0
actual,1745422106.032257,394651.084124419,4438791.369254212,0.19212470959552205,0
actual,1745422106.0323029,394651.084124419,4438791.369254212,0.19212470959552205,0
actual,1745422106.060012,394651.0842332967,4438791.371042983,0.19212470959552205,0
actual,1745422106.3828053,394651.0842332967,4438791.371042983,0.19212470959552205,0
actual,1745422106.382882,394651.0842332967,4438791.371042983,0.19212470959552205,0
actual,1745422106.3829136,394651.0842332967,4438791.371042983,0.19212470959552205,0
actual,1745422106.7960472,394651.08368061704,4438791.372012177,0.19272897748914752,0
actual,1745422106.7960994,394651.08368061704,4438791.372012177,0.19272897748914752,0
actual,1745422107.2137825,394651.08368061704,4438791.372012177,0.19201190896596573,0
actual,1745422107.2138283,394651.08368061704,4438791.372012177,0.19201190896596573,0
actual,1745422107.565717,394651.08368061704,4438791.372012177,0.19201190896596573,0
actual,1745422107.56576,394651.08368061704,4438791.372012177,0.19201190896596573,0
actual,1745422107.5657864,394651.08368061704,4438791.372012177,0.19201190896596573,0
actual,1745422108.1646552,394651.0845530756,4438791.372205938,0.19173228976650356,0
actual,1745422108.1647005,394651.0845530756,4438791.372205938,0.19173228976650356,0
actual,1745422108.4694135,394651.0845530756,4438791.372205938,0.19173228976650356,0
actual,1745422108.469459,394651.0845530756,4438791.372205938,0.19173228976650356,0
actual,1745422108.469485,394651.0845530756,4438791.372205938,0.19173228976650356,0
actual,1745422108.6586506,394651.0843032647,4438791.371169914,0.19173228976650356,0
actual,1745422108.6713214,394651.08378022833,4438791.372539982,0.19194001885407602,0
actual,1745422108.787946,394651.08378022833,4438791.372539982,0.19194001885407602,0
actual,1745422109.1528652,394651.08344749385,4438791.372361767,0.19194001885407602,0
actual,1745422109.152909,394651.08344749385,4438791.372361767,0.19194001885407602,0
actual,1745422109.1529374,394651.08344749385,4438791.372361767,0.19194001885407602,0
actual,1745422109.1763728,394651.08344749385,4438791.372361767,0.19194001885407602,0
actual,1745422109.6791131,394651.08344749385,4438791.372361767,0.19130803513192893,0
actual,1745422109.6791663,394651.08344749385,4438791.372361767,0.19130803513192893,0
actual,1745422110.1107955,394651.08344749385,4438791.372361767,0.19130803513192893,0
actual,1745422110.1108444,394651.08344749385,4438791.372361767,0.19130803513192893,0
actual,1745422110.3916538,394651.08344749385,4438791.372361767,0.19130803513192893,0
actual,1745422110.3917289,394651.08344749385,4438791.372361767,0.19130803513192893,0
actual,1745422110.5888412,394651.08344749385,4438791.372361767,0.19219248073037704,0
actual,1745422110.5889597,394651.08344749385,4438791.372361767,0.19219248073037704,0
actual,1745422110.7054324,394651.08344749385,4438791.372361767,0.19219248073037704,0
actual,1745422111.2134058,394651.08344749385,4438791.372361767,0.19209128654034643,0
actual,1745422111.2134528,394651.08344749385,4438791.372361767,0.19209128654034643,0
actual,1745422111.4767342,394651.08735290566,4438791.3702928545,0.19289675599014175,0
actual,1745422111.476781,394651.08735290566,4438791.3702928545,0.19289675599014175,0
actual,1745422111.9505525,394651.08735290566,4438791.3702928545,0.19289675599014175,0
actual,1745422111.9506137,394651.08735290566,4438791.3702928545,0.19289675599014175,0
actual,1745422112.2331321,394651.08735290566,4438791.3702928545,0.19289675599014175,0
actual,1745422112.2331772,394651.08735290566,4438791.3702928545,0.19289675599014175,0
actual,1745422112.2587428,394651.08534104377,4438791.372703915,0.19257385262523027,0
actual,1745422112.5615525,394651.08534104377,4438791.372703915,0.19257385262523027,0
actual,1745422112.5616057,394651.08534104377,4438791.372703915,0.19257385262523027,0
actual,1745422112.5616336,394651.08534104377,4438791.372703915,0.19257385262523027,0
actual,1745422112.6529295,394651.08534104377,4438791.372703915,0.19200246673471222,0
actual,1745422112.7704043,394651.08534104377,4438791.372703915,0.19200246673471222,0
actual,1745422112.8783245,394651.08534104377,4438791.372703915,0.19200246673471222,0
actual,1745422114.222765,394651.08534104377,4438791.372703915,0.19333457183300437,0
actual,1745422114.2228224,394651.08534104377,4438791.372703915,0.19333457183300437,0
actual,1745422116.5305593,394651.0849755595,4438791.371304498,0.1940529668064178,0
actual,1745422116.5306044,394651.0849755595,4438791.371304498,0.1940529668064178,0
actual,1745422118.2176602,394651.0856438865,4438791.370015842,0.19415056561818944,0
actual,1745422118.217707,394651.0856438865,4438791.370015842,0.19415056561818944,0
actual,1745422118.5356004,394651.0841330383,4438791.371333444,0.19187423739456827,0
actual,1745422118.5356452,394651.0841330383,4438791.371333444,0.19187423739456827,0
actual,1745422118.535673,394651.0841330383,4438791.371333444,0.19187423739456827,0
actual,1745422118.6427693,394651.0841330383,4438791.371333444,0.19187423739456827,0
actual,1745422119.4632096,394651.08384218893,4438791.371964869,0.19187423739456827,0
actual,1745422119.4632576,394651.08384218893,4438791.371964869,0.19187423739456827,0
actual,1745422120.6414773,394651.0846570738,4438791.373664734,0.19027792435410934,0
actual,1745422120.6415262,394651.0846570738,4438791.373664734,0.19027792435410934,0
actual,1745422121.455209,394651.0846570738,4438791.373664734,0.19062613499317457,0
actual,1745422121.4552627,394651.0846570738,4438791.373664734,0.19062613499317457,0
actual,1745422123.5729744,394651.0846570738,4438791.373664734,0.19062613499317457,0
actual,1745422123.5730236,394651.0846570738,4438791.373664734,0.19062613499317457,0
actual,1745422124.498718,394651.0837567339,4438791.370960745,0.1918768902950313,0
actual,1745422124.498777,394651.0837567339,4438791.370960745,0.1918768902950313,0
actual,1745422126.1815338,394651.0849025932,4438791.371506183,0.1918768902950313,0
actual,1745422126.1816,394651.0849025932,4438791.371506183,0.1918768902950313,0
actual,1745422126.630933,394651.085897985,4438791.369472668,0.19507641042649473,0
actual,1745422126.6309786,394651.085897985,4438791.369472668,0.19507641042649473,0
actual,1745422127.732293,394651.085897985,4438791.369472668,0.192851482149345,0
actual,1745422127.732339,394651.085897985,4438791.369472668,0.192851482149345,0
actual,1745422127.9006402,394651.085897985,4438791.369472668,0.19095544371644083,0
actual,1745422128.3272755,394651.085897985,4438791.369472668,0.1894771149334167,0
actual,1745422128.327367,394651.085897985,4438791.369472668,0.1894771149334167,0
actual,1745422128.4528658,394651.086570414,4438791.370897989,0.1894771149334167,0
actual,1745422128.6648085,394651.086570414,4438791.370897989,0.1894771149334167,0
actual,1745422128.6648633,394651.086570414,4438791.370897989,0.1894771149334167,0
actual,1745422128.937807,394651.086570414,4438791.370897989,0.1894771149334167,0
actual,1745422128.9378545,394651.086570414,4438791.370897989,0.1894771149334167,0
actual,1745422128.937883,394651.086570414,4438791.370897989,0.1894771149334167,0
actual,1745422129.1135511,394651.0837434122,4438791.372978782,0.19254374569563323,0
actual,1745422129.40951,394651.0837434122,4438791.372978782,0.19254374569563323,0
actual,1745422129.4095588,394651.0837434122,4438791.372978782,0.19254374569563323,0
actual,1745422129.4095879,394651.0837434122,4438791.372978782,0.19254374569563323,0
actual,1745422129.6111887,394651.08253749716,4438791.377106432,0.1879934803494663,0
actual,1745422129.6112387,394651.08253749716,4438791.377106432,0.1879934803494663,0
actual,1745422129.8307693,394651.08253749716,4438791.377106432,0.1879934803494663,0
actual,1745422129.8308136,394651.08253749716,4438791.377106432,0.1879934803494663,0
actual,1745422129.8308406,394651.08253749716,4438791.377106432,0.1879934803494663,0
actual,1745422130.2670095,394651.08253749716,4438791.377106432,0.1879934803494663,0
actual,1745422130.2670584,394651.08253749716,4438791.377106432,0.1879934803494663,0
actual,1745422130.6162703,394651.08253749716,4438791.377106432,0.1889075965451983,0
actual,1745422130.6163483,394651.08253749716,4438791.377106432,0.1889075965451983,0
actual,1745422130.6163785,394651.08253749716,4438791.377106432,0.1889075965451983,0
actual,1745422131.2686322,394651.0849618626,4438791.371187237,0.19111735791114856,0
actual,1745422131.268679,394651.0849618626,4438791.371187237,0.19111735791114856,0
actual,1745422131.3888376,394651.0833686332,4438791.372456028,0.19111735791114856,0
actual,1745422131.7801461,394651.0837966672,4438791.371964217,0.19025795778746635,0
actual,1745422131.7801988,394651.0837966672,4438791.371964217,0.19025795778746635,0
actual,1745422131.996397,394651.0837966672,4438791.371964217,0.19025795778746635,0
actual,1745422131.9964635,394651.0837966672,4438791.371964217,0.19025795778746635,0
actual,1745422132.1869574,394651.0837966672,4438791.371964217,0.19025795778746635,0
actual,1745422132.187073,394651.0837966672,4438791.371964217,0.19025795778746635,0
actual,1745422133.084319,394651.0851880666,4438791.374543947,0.18866206362602783,0
actual,1745422133.0844471,394651.0851880666,4438791.374543947,0.18866206362602783,0
actual,1745422133.7575247,394651.0851880666,4438791.374543947,0.18866206362602783,0
actual,1745422133.7575765,394651.0851880666,4438791.374543947,0.18866206362602783,0
actual,1745422134.5469058,394651.0841810331,4438791.374183004,0.18952411665017282,0
actual,1745422134.5469637,394651.0841810331,4438791.374183004,0.18952411665017282,0
actual,1745422134.6816852,394651.0841810331,4438791.374183004,0.18952411665017282,0
actual,1745422136.6277192,394651.08450410265,4438791.373218976,0.18952411665017282,0
actual,1745422136.627799,394651.08450410265,4438791.373218976,0.18952411665017282,0
actual,1745422136.9575603,394651.08561544423,4438791.3721497245,0.18903584333863496,0
actual,1745422136.957609,394651.08561544423,4438791.3721497245,0.18903584333863496,0
actual,1745422136.957638,394651.08561544423,4438791.3721497245,0.18903584333863496,0
actual,1745422138.0821352,394651.0860544389,4438791.373531919,0.18903584333863496,0
actual,1745422138.082192,394651.0860544389,4438791.373531919,0.18903584333863496,0
actual,1745422138.362152,394651.0860544389,4438791.373531919,0.19180192840365815,0
actual,1745422138.3622305,394651.0860544389,4438791.373531919,0.19180192840365815,0
actual,1745422139.9932845,394651.0891869443,4438791.372001185,0.19018285626975315,0
actual,1745422139.9933715,394651.0891869443,4438791.372001185,0.19018285626975315,0
actual,1745422143.4187584,394651.0858329754,4438791.369605657,0.1907292141387973,0
actual,1745422143.418803,394651.0858329754,4438791.369605657,0.1907292141387973,0
actual,1745422145.0583823,394651.0858329754,4438791.369605657,0.19113440977794038,0
actual,1745422145.0584288,394651.0858329754,4438791.369605657,0.19113440977794038,0
actual,1745422145.5587232,394651.0858329754,4438791.369605657,0.19113440977794038,0
actual,1745422145.5587697,394651.0858329754,4438791.369605657,0.19113440977794038,0
actual,1745422148.892852,394651.08581222815,4438791.368988519,0.19109166666455907,0
actual,1745422148.892917,394651.08581222815,4438791.368988519,0.19109166666455907,0
actual,1745422152.1342115,394651.0853987433,4438791.371809926,0.19109166666455907,0
actual,1745422152.134261,394651.0853987433,4438791.371809926,0.19109166666455907,0
actual,1745422152.4498684,394651.0853987433,4438791.371809926,0.19259807779524782,0
actual,1745422152.4499943,394651.0853987433,4438791.371809926,0.19259807779524782,0
actual,1745422152.450033,394651.0853987433,4438791.371809926,0.19259807779524782,0
actual,1745422160.7028058,394651.0870375738,4438791.37231795,0.19259807779524782,0
actual,1745422160.702861,394651.0870375738,4438791.37231795,0.19259807779524782,0
actual,1745422160.8406024,394651.0857989713,4438791.373394882,0.1897684627454522,0
actual,1745422161.1118083,394651.0857989713,4438791.373394882,0.18974889760453714,0
actual,1745422161.1118648,394651.0857989713,4438791.373394882,0.18974889760453714,0
actual,1745422161.1118944,394651.0857989713,4438791.373394882,0.18974889760453714,0
actual,1745422161.2407036,394651.0855111183,4438791.372021405,0.18974889760453714,0
actual,1745422161.3180575,394651.0853621712,4438791.370828906,0.18974889760453714,0
actual,1745422161.569484,394651.0854201201,4438791.371464889,0.1906153488583972,0
actual,1745422161.5695257,394651.0854201201,4438791.371464889,0.1906153488583972,0
actual,1745422163.5989852,394651.08517656,4438791.37245583,0.1891728516849166,0
actual,1745422163.5990329,394651.08517656,4438791.37245583,0.1891728516849166,0
actual,1745422164.0711339,394651.08359039674,4438791.373247269,0.18930867320730665,0
actual,1745422164.0711782,394651.08359039674,4438791.373247269,0.18930867320730665,0
actual,1745422164.2436988,394651.08359039674,4438791.373247269,0.1894539544142427,0
actual,1745422164.298159,394651.086167076,4438791.372758992,0.1894539544142427,0
actual,1745422165.5312922,394651.086167076,4438791.372758992,0.1894539544142427,0
actual,1745422165.5313416,394651.086167076,4438791.372758992,0.1894539544142427,0
actual,1745422166.053411,394651.0857779052,4438791.371992537,0.19055316277714865,0
actual,1745422166.0534544,394651.0857779052,4438791.371992537,0.19055316277714865,0
actual,1745422171.2133918,394651.0866643848,4438791.372765047,0.19009883611956221,0
actual,1745422171.2134497,394651.0866643848,4438791.372765047,0.19009883611956221,0
actual,1745422171.625321,394651.0866643848,4438791.372765047,0.1901711451104723,0
actual,1745422171.62537,394651.0866643848,4438791.372765047,0.1901711451104723,0
actual,1745422182.0471926,394651.0866643848,4438791.372765047,0.19038152709850756,0
actual,1745422182.0472407,394651.0866643848,4438791.372765047,0.19038152709850756,0
actual,1745422182.1787465,394651.0866643848,4438791.372765047,0.19046088721959578,0
actual,1745422182.3143268,394651.0866643848,4438791.372765047,0.19046088721959578,0
actual,1745422187.8702183,394651.0864877498,4438791.374317558,0.19046088721959578,0
actual,1745422187.8702607,394651.0864877498,4438791.374317558,0.19046088721959578,0
actual,1745422188.084839,394651.0879070115,4438791.370848624,0.19346719940286364,0
actual,1745422188.0849266,394651.0879070115,4438791.370848624,0.19346719940286364,0
actual,1745422188.2336574,394651.0882092472,4438791.3749861475,0.19346719940286364,0
actual,1745422188.2935789,394651.08654153626,4438791.375659241,0.19346719940286364,0
actual,1745422188.3863866,394651.08843394683,4438791.372892925,0.19161776126098765,0
actual,1745422188.4704762,394651.0869159493,4438791.374245053,0.19161776126098765,0
actual,1745422188.5704646,394651.0869159493,4438791.374245053,0.19161776126098765,0
actual,1745422188.670436,394651.0869159493,4438791.374245053,0.19161776126098765,0
actual,1745422188.770419,394651.0869159493,4438791.374245053,0.19161776126098765,0
actual,1745422188.8704002,394651.08801495185,4438791.373449609,0.19428986034579113,0
actual,1745422188.9828863,394651.08801495185,4438791.373449609,0.19428986034579113,0
actual,1745422189.0704076,394651.08801495185,4438791.373449609,0.19428986034579113,0
actual,1745422189.17142,394651.08801495185,4438791.373449609,0.19428986034579113,0
actual,1745422189.2723966,394651.08801495185,4438791.373449609,0.19428986034579113,0
actual,1745422189.4631026,394651.08780590986,4438791.373885934,0.19389597444020093,0
actual,1745422189.4707937,394651.08780590986,4438791.373885934,0.19389597444020093,0
actual,1745422189.5709984,394651.08780590986,4438791.373885934,0.19389597444020093,0
actual,1745422189.6703436,394651.08780590986,4438791.373885934,0.19389597444020093,0
actual,1745422189.7703428,394651.08780590986,4438791.373885934,0.19389597444020093,0
actual,1745422189.87045,394651.08578818536,4438791.374207865,0.1918678320362135,0
actual,1745422189.9704626,394651.08578818536,4438791.374207865,0.1918678320362135,0
actual,1745422190.0703533,394651.08578818536,4438791.374207865,0.1918678320362135,0
actual,1745422190.170398,394651.08578818536,4438791.374207865,0.1918678320362135,0
actual,1745422190.2703984,394651.08578818536,4438791.374207865,0.1918678320362135,0
actual,1745422190.3703973,394651.0866280162,4438791.374807571,0.19173881729790615,0
actual,1745422190.470394,394651.0866280162,4438791.374807571,0.19173881729790615,0
actual,1745422190.5703936,394651.0866280162,4438791.374807571,0.19173881729790615,0
actual,1745422190.6703925,394651.0866280162,4438791.374807571,0.19173881729790615,0
actual,1745422190.7704427,394651.0866280162,4438791.374807571,0.19173881729790615,0
actual,1745422190.8704405,394651.08728970843,4438791.372364763,0.19291033465172222,0
actual,1745422190.9703,394651.08728970843,4438791.372364763,0.19291033465172222,0
actual,1745422191.070327,394651.08728970843,4438791.372364763,0.19291033465172222,0
actual,1745422191.1703157,394651.08728970843,4438791.372364763,0.19291033465172222,0
actual,1745422191.2703629,394651.08728970843,4438791.372364763,0.19291033465172222,0
actual,1745422191.3704028,394651.08835760446,4438791.373443747,0.19163961278322275,0
actual,1745422191.470399,394651.08835760446,4438791.373443747,0.19163961278322275,0
actual,1745422191.5704973,394651.08835760446,4438791.373443747,0.19163961278322275,0
actual,1745422191.6704104,394651.08835760446,4438791.373443747,0.19163961278322275,0
actual,1745422191.7704005,394651.08835760446,4438791.373443747,0.19163961278322275,0
actual,1745422191.8703961,394651.08640547347,4438791.372961651,0.19021362642446574,0
actual,1745422191.9704227,394651.08640547347,4438791.372961651,0.19021362642446574,0
actual,1745422192.0704298,394651.08640547347,4438791.372961651,0.19021362642446574,0
actual,1745422192.1704257,394651.08640547347,4438791.372961651,0.19021362642446574,0
actual,1745422192.270398,394651.08640547347,4438791.372961651,0.19021362642446574,0
actual,1745422192.3704574,394651.0876829233,4438791.371794647,0.19187968282183462,0
actual,1745422192.4704385,394651.0876829233,4438791.371794647,0.19187968282183462,0
actual,1745422192.570431,394651.0876829233,4438791.371794647,0.19187968282183462,0
actual,1745422192.6703975,394651.0876829233,4438791.371794647,0.19187968282183462,0
actual,1745422192.7703953,394651.0876829233,4438791.371794647,0.19187968282183462,0
actual,1745422192.8703969,394651.0853530351,4438791.373370801,0.19103187168438568,0
actual,1745422192.9703958,394651.0853530351,4438791.373370801,0.19103187168438568,0
actual,1745422193.070395,394651.0853530351,4438791.373370801,0.19103187168438568,0
actual,1745422193.170412,394651.0853530351,4438791.373370801,0.19103187168438568,0
actual,1745422193.2704144,394651.0853530351,4438791.373370801,0.19103187168438568,0
actual,1745422193.3704312,394651.08715076034,4438791.372972294,0.19222803308724018,0
actual,1745422193.4703956,394651.08715076034,4438791.372972294,0.19222803308724018,0
actual,1745422193.5703995,394651.08715076034,4438791.372972294,0.19222803308724018,0
actual,1745422193.6704035,394651.08715076034,4438791.372972294,0.19222803308724018,0
actual,1745422193.7703419,394651.08715076034,4438791.372972294,0.19222803308724018,0
actual,1745422193.8703952,394651.0873612067,4438791.3754803445,0.18981986269192339,0
actual,1745422193.970404,394651.0873612067,4438791.3754803445,0.18981986269192339,0
actual,1745422194.0704124,394651.0873612067,4438791.3754803445,0.18981986269192339,0
actual,1745422194.1703982,394651.0873612067,4438791.3754803445,0.18981986269192339,0
actual,1745422194.2704415,394651.0873612067,4438791.3754803445,0.18981986269192339,0
actual,1745422194.3704064,394651.0864037343,4438791.374059531,0.18996594675031528,0
actual,1745422194.470398,394651.0864037343,4438791.374059531,0.18996594675031528,0
actual,1745422194.5704103,394651.0864037343,4438791.374059531,0.18996594675031528,0
actual,1745422194.670396,394651.0864037343,4438791.374059531,0.18996594675031528,0
actual,1745422194.77042,394651.0864037343,4438791.374059531,0.18996594675031528,0
actual,1745422194.8704076,394651.0877527899,4438791.373810278,0.19095343658780115,0
actual,1745422194.970402,394651.0877527899,4438791.373810278,0.19095343658780115,0
actual,1745422195.070398,394651.0877527899,4438791.373810278,0.19095343658780115,0
actual,1745422195.1703992,394651.0877527899,4438791.373810278,0.19095343658780115,0
actual,1745422195.2703986,394651.0877527899,4438791.373810278,0.19095343658780115,0
actual,1745422195.3703938,394651.0862906885,4438791.376362375,0.19015716502316365,0
actual,1745422195.4703934,394651.0862906885,4438791.376362375,0.19015716502316365,0
actual,1745422195.570403,394651.0862906885,4438791.376362375,0.19015716502316365,0
actual,1745422195.6704059,394651.0862906885,4438791.376362375,0.19015716502316365,0
actual,1745422195.7704096,394651.0862906885,4438791.376362375,0.19015716502316365,0
actual,1745422195.8704064,394651.08787291276,4438791.372882056,0.19113320550075658,0
actual,1745422195.9703941,394651.08787291276,4438791.372882056,0.19113320550075658,0
actual,1745422196.070397,394651.08787291276,4438791.372882056,0.19113320550075658,0
actual,1745422196.1703963,394651.08787291276,4438791.372882056,0.19113320550075658,0
actual,1745422196.2703962,394651.08787291276,4438791.372882056,0.19113320550075658,0
actual,1745422196.3703737,394651.08777651464,4438791.374503067,0.19061922348933677,0
actual,1745422196.4704084,394651.08777651464,4438791.374503067,0.19061922348933677,0
actual,1745422196.5703988,394651.08777651464,4438791.374503067,0.19061922348933677,0
actual,1745422196.6704018,394651.08777651464,4438791.374503067,0.19061922348933677,0
actual,1745422196.770405,394651.08777651464,4438791.374503067,0.19061922348933677,0
actual,1745422196.8704388,394651.08586406487,4438791.37303691,0.19137315336632063,0
actual,1745422196.9703958,394651.08586406487,4438791.37303691,0.19137315336632063,0
actual,1745422197.0704393,394651.08586406487,4438791.37303691,0.19137315336632063,0
actual,1745422197.1704113,394651.08586406487,4438791.37303691,0.19137315336632063,0
actual,1745422197.270437,394651.08586406487,4438791.37303691,0.19137315336632063,0
actual,1745422197.3704295,394651.0864324081,4438791.372955196,0.19186917593973762,0
actual,1745422197.4704435,394651.0864324081,4438791.372955196,0.19186917593973762,0
actual,1745422197.5703976,394651.0864324081,4438791.372955196,0.19186917593973762,0
actual,1745422197.6704118,394651.0864324081,4438791.372955196,0.19186917593973762,0
actual,1745422197.7704043,394651.0864324081,4438791.372955196,0.19186917593973762,0
actual,1745422197.870406,394651.0865058319,4438791.3746655015,0.19140364426835313,0
actual,1745422197.9704218,394651.0865058319,4438791.3746655015,0.19140364426835313,0
actual,1745422198.070422,394651.0865058319,4438791.3746655015,0.19140364426835313,0
actual,1745422198.1703603,394651.0865058319,4438791.3746655015,0.19140364426835313,0
actual,1745422198.2704365,394651.0865058319,4438791.3746655015,0.19140364426835313,0
actual,1745422198.3704026,394651.0864400451,4438791.375638387,0.1910696929692764,0
actual,1745422198.4704072,394651.0864400451,4438791.375638387,0.1910696929692764,0
actual,1745422198.5704112,394651.0864400451,4438791.375638387,0.1910696929692764,0
actual,1745422198.670433,394651.0864400451,4438791.375638387,0.1910696929692764,0
actual,1745422198.77041,394651.0864400451,4438791.375638387,0.1910696929692764,0
actual,1745422198.8704107,394651.08845602965,4438791.373822234,0.1912349407428552,0
actual,1745422198.970428,394651.08845602965,4438791.373822234,0.1912349407428552,0
actual,1745422199.0704334,394651.08845602965,4438791.373822234,0.1912349407428552,0
actual,1745422199.170403,394651.08845602965,4438791.373822234,0.1912349407428552,0
actual,1745422199.2703996,394651.08845602965,4438791.373822234,0.1912349407428552,0
actual,1745422199.370423,394651.08777699096,4438791.37283974,0.1908764850210808,0
actual,1745422199.4704216,394651.08777699096,4438791.37283974,0.1908764850210808,0
actual,1745422199.5704448,394651.08777699096,4438791.37283974,0.1908764850210808,0
actual,1745422199.6704113,394651.08777699096,4438791.37283974,0.1908764850210808,0
actual,1745422199.7704282,394651.08777699096,4438791.37283974,0.1908764850210808,0
actual,1745422199.8704,394651.08743662515,4438791.374578129,0.19067647028880225,0
actual,1745422199.970423,394651.08743662515,4438791.374578129,0.19067647028880225,0
actual,1745422200.0704162,394651.08743662515,4438791.374578129,0.19067647028880225,0
actual,1745422200.1703963,394651.08743662515,4438791.374578129,0.19067647028880225,0
actual,1745422200.2703166,394651.08743662515,4438791.374578129,0.19067647028880225,0
actual,1745422200.3704138,394651.08592184394,4438791.3735790765,0.19087967897361183,0
actual,1745422200.4705129,394651.08592184394,4438791.3735790765,0.19087967897361183,0
actual,1745422200.5704234,394651.08592184394,4438791.3735790765,0.19087967897361183,0
actual,1745422200.6704292,394651.08592184394,4438791.3735790765,0.19087967897361183,0
actual,1745422200.770394,394651.08592184394,4438791.3735790765,0.19087967897361183,0
actual,1745422200.8703985,394651.08715742023,4438791.374873804,0.18952279019994142,0
actual,1745422200.9704025,394651.08715742023,4438791.374873804,0.18952279019994142,0
actual,1745422201.070423,394651.08715742023,4438791.374873804,0.18952279019994142,0
actual,1745422201.1704507,394651.08715742023,4438791.374873804,0.18952279019994142,0
actual,1745422201.270422,394651.08715742023,4438791.374873804,0.18952279019994142,0
actual,1745422201.3704119,394651.0871105592,4438791.374395428,0.19014623926204624,0
actual,1745422201.4703984,394651.0871105592,4438791.374395428,0.19014623926204624,0
actual,1745422201.5704231,394651.0871105592,4438791.374395428,0.19014623926204624,0
actual,1745422201.670404,394651.0871105592,4438791.374395428,0.19014623926204624,0
actual,1745422201.7704313,394651.0871105592,4438791.374395428,0.19014623926204624,0
actual,1745422201.8704443,394651.0862090411,4438791.372291127,0.1915630451889376,0
actual,1745422201.9703977,394651.0862090411,4438791.372291127,0.1915630451889376,0
actual,1745422202.070429,394651.0862090411,4438791.372291127,0.1915630451889376,0
actual,1745422202.170395,394651.0862090411,4438791.372291127,0.1915630451889376,0
actual,1745422202.2704155,394651.0862090411,4438791.372291127,0.1915630451889376,0
actual,1745422202.3703961,394651.08792862314,4438791.373544686,0.1922771641056838,0
actual,1745422202.470445,394651.08792862314,4438791.373544686,0.1922771641056838,0
actual,1745422202.5704145,394651.08792862314,4438791.373544686,0.1922771641056838,0
actual,1745422202.670396,394651.08792862314,4438791.373544686,0.1922771641056838,0
actual,1745422202.7704377,394651.08792862314,4438791.373544686,0.1922771641056838,0
actual,1745422202.8704038,394651.0865499992,4438791.375237847,0.19061269595793418,0
actual,1745422202.970423,394651.0865499992,4438791.375237847,0.19061269595793418,0
actual,1745422203.0703986,394651.0865499992,4438791.375237847,0.19061269595793418,0
actual,1745422203.170412,394651.0865499992,4438791.375237847,0.19061269595793418,0
actual,1745422203.270346,394651.0865499992,4438791.375237847,0.19061269595793418,0
actual,1745422203.3704112,394651.08640651626,4438791.374520231,0.19112974974883767,0
actual,1745422203.4703941,394651.08640651626,4438791.374520231,0.19112974974883767,0
actual,1745422203.570403,394651.08640651626,4438791.374520231,0.19112974974883767,0
actual,1745422203.6704295,394651.08640651626,4438791.374520231,0.19112974974883767,0
actual,1745422203.7703953,394651.08640651626,4438791.374520231,0.19112974974883767,0
actual,1745422203.8704667,394651.08674116933,4438791.3752506515,0.19087514111755668,0
actual,1745422203.9704869,394651.08674116933,4438791.3752506515,0.19087514111755668,0
actual,1745422204.07043,394651.08674116933,4438791.3752506515,0.19087514111755668,0
actual,1745422204.1703966,394651.08674116933,4438791.3752506515,0.19087514111755668,0
actual,1745422204.270395,394651.08674116933,4438791.3752506515,0.19087514111755668,0
actual,1745422204.3704526,394651.0879287049,4438791.375090775,0.19375428861152408,0
actual,1745422204.470423,394651.0879287049,4438791.375090775,0.19375428861152408,0
actual,1745422204.570395,394651.0879287049,4438791.375090775,0.19375428861152408,0
actual,1745422204.6703947,394651.0879287049,4438791.375090775,0.19375428861152408,0
actual,1745422204.7704113,394651.0879287049,4438791.375090775,0.19375428861152408,0
actual,1745422204.8703918,394651.08843374293,4438791.373764414,0.19354922987770737,0
actual,1745422204.970407,394651.08843374293,4438791.373764414,0.19354922987770737,0
actual,1745422205.070395,394651.08843374293,4438791.373764414,0.19354922987770737,0
actual,1745422205.1704233,394651.08843374293,4438791.373764414,0.19354922987770737,0
actual,1745422205.2704067,394651.08843374293,4438791.373764414,0.19354922987770737,0
actual,1745422205.3703978,394651.08653771185,4438791.375126096,0.19314775178987106,0
actual,1745422205.4704247,394651.08653771185,4438791.375126096,0.19314775178987106,0
actual,1745422205.570449,394651.08653771185,4438791.375126096,0.19314775178987106,0
actual,1745422205.6703963,394651.08653771185,4438791.375126096,0.19314775178987106,0
actual,1745422205.7704368,394651.08653771185,4438791.375126096,0.19314775178987106,0
actual,1745422205.8704565,394651.08844894334,4438791.373587012,0.19306359201333984,0
actual,1745422205.9704263,394651.08844894334,4438791.373587012,0.19306359201333984,0
actual,1745422206.0704875,394651.08844894334,4438791.373587012,0.19306359201333984,0
actual,1745422206.170467,394651.08844894334,4438791.373587012,0.19306359201333984,0
actual,1745422206.2704859,394651.08844894334,4438791.373587012,0.19306359201333984,0
actual,1745422206.3704178,394651.0905718946,4438791.373090579,0.19455789055901979,0
actual,1745422206.4704695,394651.0905718946,4438791.373090579,0.19455789055901979,0
actual,1745422206.5704231,394651.0905718946,4438791.373090579,0.19455789055901979,0
actual,1745422206.6704783,394651.0905718946,4438791.373090579,0.19455789055901979,0
actual,1745422206.7705073,394651.0905718946,4438791.373090579,0.19455789055901979,0
actual,1745422206.870435,394651.0902356913,4438791.373269496,0.192778370306979,0
actual,1745422206.97045,394651.0902356913,4438791.373269496,0.192778370306979,0
actual,1745422207.0704381,394651.0902356913,4438791.373269496,0.192778370306979,0
actual,1745422207.1704373,394651.0902356913,4438791.373269496,0.192778370306979,0
actual,1745422207.2703967,394651.0902356913,4438791.373269496,0.192778370306979,0
actual,1745422207.3704154,394651.0875476557,4438791.374458302,0.1928421620911393,0
actual,1745422207.4704185,394651.0875476557,4438791.374458302,0.1928421620911393,0
actual,1745422207.5704298,394651.0875476557,4438791.374458302,0.1928421620911393,0
actual,1745422207.6704335,394651.0875476557,4438791.374458302,0.1928421620911393,0
actual,1745422207.7704306,394651.0875476557,4438791.374458302,0.1928421620911393,0
actual,1745422207.8703983,394651.08806923754,4438791.374182322,0.19285266897323633,0
actual,1745422207.9703972,394651.08806923754,4438791.374182322,0.19285266897323633,0
actual,1745422208.0704267,394651.08806923754,4438791.374182322,0.19285266897323633,0
actual,1745422208.1704147,394651.08806923754,4438791.374182322,0.19285266897323633,0
actual,1745422208.270356,394651.08806923754,4438791.374182322,0.19285266897323633,0
actual,1745422208.3704133,394651.08678592823,4438791.373902134,0.19237144679187634,0
actual,1745422208.4704058,394651.08678592823,4438791.373902134,0.19237144679187634,0
actual,1745422208.5703247,394651.08678592823,4438791.373902134,0.19237144679187634,0
actual,1745422208.6703951,394651.08678592823,4438791.373902134,0.19237144679187634,0
actual,1745422208.7703927,394651.08678592823,4438791.373902134,0.19237144679187634,0
actual,1745422208.870396,394651.08813403524,4438791.37330798,0.19299023582487843,0
actual,1745422208.970429,394651.08813403524,4438791.37330798,0.19299023582487843,0
actual,1745422209.0703979,394651.08813403524,4438791.37330798,0.19299023582487843,0
actual,1745422209.1704483,394651.08813403524,4438791.37330798,0.19299023582487843,0
actual,1745422209.2704651,394651.08813403524,4438791.37330798,0.19299023582487843,0
actual,1745422209.3704205,394651.0873000344,4438791.374540765,0.19369051428065626,0
actual,1745422209.4704318,394651.0873000344,4438791.374540765,0.19369051428065626,0
actual,1745422209.5704508,394651.0873000344,4438791.374540765,0.19369051428065626,0
actual,1745422209.6704462,394651.0873000344,4438791.374540765,0.19369051428065626,0
actual,1745422209.770417,394651.0873000344,4438791.374540765,0.19369051428065626,0
actual,1745422209.8705,394651.08660013846,4438791.375446947,0.1916561235979466,0
actual,1745422209.970435,394651.08660013846,4438791.375446947,0.1916561235979466,0
actual,1745422210.0705202,394651.08660013846,4438791.375446947,0.1916561235979466,0
actual,1745422210.170459,394651.08660013846,4438791.375446947,0.1916561235979466,0
actual,1745422210.2704577,394651.08660013846,4438791.375446947,0.1916561235979466,0
actual,1745422210.3704412,394651.0870254331,4438791.375700027,0.19214640403812439,0
actual,1745422210.4704258,394651.0870254331,4438791.375700027,0.19214640403812439,0
actual,1745422210.5704257,394651.0870254331,4438791.375700027,0.19214640403812439,0
actual,1745422210.670441,394651.0870254331,4438791.375700027,0.19214640403812439,0
actual,1745422210.7704659,394651.0870254331,4438791.375700027,0.19214640403812439,0
actual,1745422210.8703642,394651.08889993443,4438791.372294728,0.19359795947042305,0
actual,1745422210.9703984,394651.08889993443,4438791.372294728,0.19359795947042305,0
actual,1745422211.070452,394651.08889993443,4438791.372294728,0.19359795947042305,0
actual,1745422211.1703465,394651.08889993443,4438791.372294728,0.19359795947042305,0
actual,1745422211.2703347,394651.08889993443,4438791.372294728,0.19359795947042305,0
actual,1745422211.370397,394651.0889052488,4438791.374521474,0.19387667109867399,0
actual,1745422211.4703937,394651.0889052488,4438791.374521474,0.19387667109867399,0
actual,1745422211.570466,394651.0889052488,4438791.374521474,0.19387667109867399,0
actual,1745422211.6704242,394651.0889052488,4438791.374521474,0.19387667109867399,0
actual,1745422211.7703977,394651.0889052488,4438791.374521474,0.19387667109867399,0
actual,1745422211.8704169,394651.0878185105,4438791.374115723,0.19356441424219958,0
actual,1745422211.9704008,394651.0878185105,4438791.374115723,0.19356441424219958,0
actual,1745422212.0703928,394651.0878185105,4438791.374115723,0.19356441424219958,0
actual,1745422212.170397,394651.0878185105,4438791.374115723,0.19356441424219958,0
actual,1745422212.2704031,394651.0878185105,4438791.374115723,0.19356441424219958,0
actual,1745422212.3703554,394651.0885240354,4438791.37499219,0.1939874471462979,0
actual,1745422212.4704037,394651.0885240354,4438791.37499219,0.1939874471462979,0
actual,1745422212.5703957,394651.0885240354,4438791.37499219,0.1939874471462979,0
actual,1745422212.6704047,394651.0885240354,4438791.37499219,0.1939874471462979,0
actual,1745422212.7704554,394651.0885240354,4438791.37499219,0.1939874471462979,0
actual,1745422212.8704004,394651.087064783,4438791.375503644,0.19347199905830642,0
actual,1745422212.9703991,394651.087064783,4438791.375503644,0.19347199905830642,0
actual,1745422213.0703778,394651.087064783,4438791.375503644,0.19347199905830642,0
actual,1745422213.1704464,394651.087064783,4438791.375503644,0.19347199905830642,0
actual,1745422213.2704546,394651.087064783,4438791.375503644,0.19347199905830642,0
actual,1745422213.3704994,394651.08769506565,4438791.375344902,0.19309994722165885,0
actual,1745422213.4703298,394651.08769506565,4438791.375344902,0.19309994722165885,0
actual,1745422213.5704322,394651.08769506565,4438791.375344902,0.19309994722165885,0
actual,1745422213.6704373,394651.08769506565,4438791.375344902,0.19309994722165885,0
actual,1745422213.7703967,394651.08769506565,4438791.375344902,0.19309994722165885,0
actual,1745422213.87042,394651.0888667206,4438791.373812374,0.19598642509848474,0
actual,1745422213.9704347,394651.0888667206,4438791.373812374,0.19598642509848474,0
actual,1745422214.0704217,394651.0888667206,4438791.373812374,0.19598642509848474,0
actual,1745422214.170398,394651.0888667206,4438791.373812374,0.19598642509848474,0
actual,1745422214.2703953,394651.0888667206,4438791.373812374,0.19598642509848474,0
actual,1745422214.370362,394651.088696786,4438791.374107935,0.19538308222936274,0
actual,1745422214.4703922,394651.088696786,4438791.374107935,0.19538308222936274,0
actual,1745422214.5703955,394651.088696786,4438791.374107935,0.19538308222936274,0
actual,1745422214.6703932,394651.088696786,4438791.374107935,0.19538308222936274,0
actual,1745422214.770407,394651.088696786,4438791.374107935,0.19538308222936274,0
actual,1745422214.8704221,394651.0877203788,4438791.375782175,0.193614208485759,0
actual,1745422214.9703953,394651.0877203788,4438791.375782175,0.193614208485759,0
actual,1745422215.0703988,394651.0877203788,4438791.375782175,0.193614208485759,0
actual,1745422215.1703973,394651.0877203788,4438791.375782175,0.193614208485759,0
actual,1745422215.2704396,394651.0877203788,4438791.375782175,0.193614208485759,0
actual,1745422215.3704398,394651.08705301175,4438791.375131796,0.1911625095788975,0
actual,1745422215.4704025,394651.08705301175,4438791.375131796,0.1911625095788975,0
actual,1745422215.5704293,394651.08705301175,4438791.375131796,0.1911625095788975,0
actual,1745422215.6704295,394651.08705301175,4438791.375131796,0.1911625095788975,0
actual,1745422215.7704277,394651.08705301175,4438791.375131796,0.1911625095788975,0
actual,1745422215.8704007,394651.0880054377,4438791.374507786,0.19273110679083502,0
actual,1745422215.970489,394651.0880054377,4438791.374507786,0.19273110679083502,0
actual,1745422216.0704043,394651.0880054377,4438791.374507786,0.19273110679083502,0
actual,1745422216.1704595,394651.0880054377,4438791.374507786,0.19273110679083502,0
actual,1745422216.2704642,394651.0880054377,4438791.374507786,0.19273110679083502,0
actual,1745422216.3704078,394651.0879293629,4438791.375060372,0.19406027973598378,0
actual,1745422216.4704177,394651.0879293629,4438791.375060372,0.19406027973598378,0
actual,1745422216.5704021,394651.0879293629,4438791.375060372,0.19406027973598378,0
actual,1745422216.6704268,394651.0879293629,4438791.375060372,0.19406027973598378,0
actual,1745422216.7703943,394651.0879293629,4438791.375060372,0.19406027973598378,0
actual,1745422216.870396,394651.08599941985,4438791.3748808615,0.1924623958991978,0
actual,1745422216.9704561,394651.08599941985,4438791.3748808615,0.1924623958991978,0
actual,1745422217.070467,394651.08599941985,4438791.3748808615,0.1924623958991978,0
actual,1745422217.1703978,394651.08599941985,4438791.3748808615,0.1924623958991978,0
actual,1745422217.2704391,394651.08599941985,4438791.3748808615,0.1924623958991978,0
actual,1745422217.3703964,394651.0869263195,4438791.37391472,0.1927839728138779,0
actual,1745422217.470395,394651.0869263195,4438791.37391472,0.1927839728138779,0
actual,1745422217.570414,394651.0869263195,4438791.37391472,0.1927839728138779,0
actual,1745422217.6703975,394651.0869263195,4438791.37391472,0.1927839728138779,0
actual,1745422217.7703233,394651.0869263195,4438791.37391472,0.1927839728138779,0
actual,1745422217.870321,394651.0857971556,4438791.377628175,0.19305867018484923,0
actual,1745422217.9703674,394651.0857971556,4438791.377628175,0.19305867018484923,0
actual,1745422218.0703034,394651.0857971556,4438791.377628175,0.19305867018484923,0
actual,1745422218.1704023,394651.0857971556,4438791.377628175,0.19305867018484923,0
actual,1745422218.2704055,394651.0857971556,4438791.377628175,0.19305867018484923,0
actual,1745422218.3703964,394651.0880545998,4438791.3746164935,0.19323363944236163,0
actual,1745422218.4704018,394651.0880545998,4438791.3746164935,0.19323363944236163,0
actual,1745422218.5703938,394651.0880545998,4438791.3746164935,0.19323363944236163,0
actual,1745422218.670399,394651.0880545998,4438791.3746164935,0.19323363944236163,0
actual,1745422218.7705405,394651.0880545998,4438791.3746164935,0.19323363944236163,0
actual,1745422218.87042,394651.0857420818,4438791.375114351,0.195501991511301,0
actual,1745422218.9704025,394651.0857420818,4438791.375114351,0.195501991511301,0
actual,1745422219.0703974,394651.0857420818,4438791.375114351,0.195501991511301,0
actual,1745422219.1704063,394651.0857420818,4438791.375114351,0.195501991511301,0
actual,1745422219.2703946,394651.0857420818,4438791.375114351,0.195501991511301,0
actual,1745422219.3704147,394651.08685196616,4438791.37517131,0.19571411882858855,0
actual,1745422219.4704182,394651.08685196616,4438791.37517131,0.19571411882858855,0
actual,1745422219.5704925,394651.08685196616,4438791.37517131,0.19571411882858855,0
actual,1745422219.6704242,394651.08685196616,4438791.37517131,0.19571411882858855,0
actual,1745422219.7704048,394651.08685196616,4438791.37517131,0.19571411882858855,0
actual,1745422219.8704002,394651.0860715527,4438791.375565629,0.19333603790957607,0
actual,1745422219.9704022,394651.0860715527,4438791.375565629,0.19333603790957607,0
actual,1745422220.070393,394651.0860715527,4438791.375565629,0.19333603790957607,0
actual,1745422220.1704314,394651.0860715527,4438791.375565629,0.19333603790957607,0
actual,1745422220.2704694,394651.0860715527,4438791.375565629,0.19333603790957607,0
actual,1745422220.3704588,394651.0877192588,4438791.373700391,0.19442939941948797,0
actual,1745422220.470403,394651.0877192588,4438791.373700391,0.19442939941948797,0
actual,1745422220.570414,394651.0877192588,4438791.373700391,0.19442939941948797,0
actual,1745422220.670397,394651.0877192588,4438791.373700391,0.19442939941948797,0
actual,1745422220.7703934,394651.0877192588,4438791.373700391,0.19442939941948797,0
actual,1745422220.8703961,394651.0873478678,4438791.373600442,0.19430450365821533,0
actual,1745422220.970394,394651.0873478678,4438791.373600442,0.19430450365821533,0
actual,1745422221.0703988,394651.0873478678,4438791.373600442,0.19430450365821533,0
actual,1745422221.1704013,394651.0873478678,4438791.373600442,0.19430450365821533,0
actual,1745422221.2704103,394651.0873478678,4438791.373600442,0.19430450365821533,0
actual,1745422221.3703969,394651.08830599394,4438791.374807227,0.19353257943664323,0
actual,1745422221.470454,394651.08830599394,4438791.374807227,0.19353257943664323,0
actual,1745422221.5704362,394651.08830599394,4438791.374807227,0.19353257943664323,0
actual,1745422221.6704042,394651.08830599394,4438791.374807227,0.19353257943664323,0
actual,1745422221.7703996,394651.08830599394,4438791.374807227,0.19353257943664323,0
actual,1745422221.8704302,394651.0878150642,4438791.375512657,0.19210460340253901,0
actual,1745422221.9704597,394651.0878150642,4438791.375512657,0.19210460340253901,0
actual,1745422222.0704162,394651.0878150642,4438791.375512657,0.19210460340253901,0
actual,1745422222.1703162,394651.0878150642,4438791.375512657,0.19210460340253901,0
actual,1745422222.2703996,394651.0878150642,4438791.375512657,0.19210460340253901,0
actual,1745422222.3704305,394651.0893985087,4438791.374773112,0.19485683055330139,0
actual,1745422222.4704802,394651.0893985087,4438791.374773112,0.19485683055330139,0
actual,1745422222.5704083,394651.0893985087,4438791.374773112,0.19485683055330139,0
actual,1745422222.6704154,394651.0893985087,4438791.374773112,0.19485683055330139,0
actual,1745422222.7704191,394651.0893985087,4438791.374773112,0.19485683055330139,0
actual,1745422222.870411,394651.0881570223,4438791.374069316,0.19410888715565164,0
actual,1745422222.9703405,394651.0881570223,4438791.374069316,0.19410888715565164,0
actual,1745422223.0704148,394651.0881570223,4438791.374069316,0.19410888715565164,0
actual,1745422223.1704328,394651.0881570223,4438791.374069316,0.19410888715565164,0
actual,1745422223.2703958,394651.0881570223,4438791.374069316,0.19410888715565164,0
actual,1745422223.3703425,394651.08938734507,4438791.374723727,0.1924963425531492,0
actual,1745422223.470393,394651.08938734507,4438791.374723727,0.1924963425531492,0
actual,1745422223.570484,394651.08938734507,4438791.374723727,0.1924963425531492,0
actual,1745422223.6704075,394651.08938734507,4438791.374723727,0.1924963425531492,0
actual,1745422223.770453,394651.08938734507,4438791.374723727,0.1924963425531492,0
actual,1745422223.8704627,394651.0889102722,4438791.375288492,0.1918707641893569,0
actual,1745422223.9704046,394651.0889102722,4438791.375288492,0.1918707641893569,0
actual,1745422224.070399,394651.0889102722,4438791.375288492,0.1918707641893569,0
actual,1745422224.1703973,394651.0889102722,4438791.375288492,0.1918707641893569,0
actual,1745422224.2704115,394651.0889102722,4438791.375288492,0.1918707641893569,0
actual,1745422224.3704474,394651.0884394232,4438791.374409203,0.19254508959915737,0
actual,1745422224.4704301,394651.0884394232,4438791.374409203,0.19254508959915737,0
actual,1745422224.5704048,394651.0884394232,4438791.374409203,0.19254508959915737,0
actual,1745422224.6704314,394651.0884394232,4438791.374409203,0.19254508959915737,0
actual,1745422224.7704012,394651.0884394232,4438791.374409203,0.19254508959915737,0
actual,1745422224.8704076,394651.08731658326,4438791.372606345,0.19514871941740486,0
actual,1745422224.9704044,394651.08731658326,4438791.372606345,0.19514871941740486,0
actual,1745422225.0704033,394651.08731658326,4438791.372606345,0.19514871941740486,0
actual,1745422225.1704786,394651.08731658326,4438791.372606345,0.19514871941740486,0
actual,1745422225.2704155,394651.08731658326,4438791.372606345,0.19514871941740486,0
actual,1745422225.3704317,394651.0857634014,4438791.376382305,0.191902057942845,0
actual,1745422225.470405,394651.0857634014,4438791.376382305,0.191902057942845,0
actual,1745422225.5704563,394651.0857634014,4438791.376382305,0.191902057942845,0
actual,1745422225.6703954,394651.0857634014,4438791.376382305,0.191902057942845,0
actual,1745422225.7704153,394651.0857634014,4438791.376382305,0.191902057942845,0
actual,1745422225.8703969,394651.08721436374,4438791.372816714,0.19350660893737362,0
actual,1745422225.9704628,394651.08721436374,4438791.372816714,0.19350660893737362,0
actual,1745422226.0704303,394651.08721436374,4438791.372816714,0.19350660893737362,0
actual,1745422226.1704278,394651.08721436374,4438791.372816714,0.19350660893737362,0
actual,1745422226.2703984,394651.08721436374,4438791.372816714,0.19350660893737362,0
actual,1745422226.3703969,394651.0874267326,4438791.3741388945,0.1932628038941625,0
actual,1745422226.4704418,394651.0874267326,4438791.3741388945,0.1932628038941625,0
actual,1745422226.5703964,394651.0874267326,4438791.3741388945,0.1932628038941625,0
actual,1745422226.6703951,394651.0874267326,4438791.3741388945,0.1932628038941625,0
actual,1745422226.7704258,394651.0874267326,4438791.3741388945,0.1932628038941625,0
actual,1745422226.8704486,394651.08810118923,4438791.375858807,0.19262324544306178,0
actual,1745422226.9704,394651.08810118923,4438791.375858807,0.19262324544306178,0
actual,1745422227.070396,394651.08810118923,4438791.375858807,0.19262324544306178,0
actual,1745422227.1703992,394651.08810118923,4438791.375858807,0.19262324544306178,0
actual,1745422227.2703996,394651.08810118923,4438791.375858807,0.19262324544306178,0
actual,1745422227.3703957,394651.08808236057,4438791.375271861,0.1928963545644138,0
actual,1745422227.4703984,394651.08808236057,4438791.375271861,0.1928963545644138,0
actual,1745422227.5704243,394651.08808236057,4438791.375271861,0.1928963545644138,0
actual,1745422227.6704063,394651.08808236057,4438791.375271861,0.1928963545644138,0
actual,1745422227.7704074,394651.08808236057,4438791.375271861,0.1928963545644138,0
actual,1745422227.8704298,394651.08636721224,4438791.376242557,0.19367492849043588,0
actual,1745422227.9703972,394651.08636721224,4438791.376242557,0.19367492849043588,0
actual,1745422228.0704331,394651.08636721224,4438791.376242557,0.19367492849043588,0
actual,1745422228.1704242,394651.08636721224,4438791.376242557,0.19367492849043588,0
actual,1745422228.2704227,394651.08636721224,4438791.376242557,0.19367492849043588,0
actual,1745422228.3703647,394651.0877111226,4438791.377494213,0.19290900820149057,0
actual,1745422228.4704304,394651.0877111226,4438791.377494213,0.19290900820149057,0
actual,1745422228.570405,394651.0877111226,4438791.377494213,0.19290900820149057,0
actual,1745422228.670416,394651.0877111226,4438791.377494213,0.19290900820149057,0
actual,1745422228.7704546,394651.0877111226,4438791.377494213,0.19290900820149057,0
actual,1745422228.8704073,394651.0891290214,4438791.37582865,0.19476788857461985,0
actual,1745422228.9704297,394651.0891290214,4438791.37582865,0.19476788857461985,0
actual,1745422229.0704377,394651.0891290214,4438791.37582865,0.19476788857461985,0
actual,1745422229.170463,394651.0891290214,4438791.37582865,0.19476788857461985,0
actual,1745422229.2704298,394651.0891290214,4438791.37582865,0.19476788857461985,0
actual,1745422229.3703969,394651.0885419863,4438791.375990196,0.19256957656856277,0
actual,1745422229.470396,394651.0885419863,4438791.375990196,0.19256957656856277,0
actual,1745422229.5703974,394651.0885419863,4438791.375990196,0.19256957656856277,0
actual,1745422229.6704645,394651.0885419863,4438791.375990196,0.19256957656856277,0
actual,1745422229.770399,394651.0885419863,4438791.375990196,0.19256957656856277,0
actual,1745422229.8704178,394651.0858863767,4438791.378215516,0.1921320225250878,0
actual,1745422229.970434,394651.0858863767,4438791.378215516,0.1921320225250878,0
actual,1745422230.070421,394651.0858863767,4438791.378215516,0.1921320225250878,0
actual,1745422230.1703975,394651.0858863767,4438791.378215516,0.1921320225250878,0
actual,1745422230.2704327,394651.0858863767,4438791.378215516,0.1921320225250878,0
actual,1745422230.3703985,394651.0865256814,4438791.3759835595,0.1909678181008375,0
actual,1745422230.470398,394651.0865256814,4438791.3759835595,0.1909678181008375,0
actual,1745422230.5703955,394651.0865256814,4438791.3759835595,0.1909678181008375,0
actual,1745422230.6703963,394651.0865256814,4438791.3759835595,0.1909678181008375,0
actual,1745422230.770409,394651.0865256814,4438791.3759835595,0.1909678181008375,0
actual,1745422230.8704097,394651.0888448522,4438791.375914105,0.19148886869572787,0
actual,1745422230.9704046,394651.0888448522,4438791.375914105,0.19148886869572787,0
actual,1745422231.0703955,394651.0888448522,4438791.375914105,0.19148886869572787,0
actual,1745422231.1704023,394651.0888448522,4438791.375914105,0.19148886869572787,0
actual,1745422231.2703946,394651.0888448522,4438791.375914105,0.19148886869572787,0
actual,1745422231.3703983,394651.08742639335,4438791.377328248,0.1923920765836349,0
actual,1745422231.4703941,394651.08742639335,4438791.377328248,0.1923920765836349,0
actual,1745422231.570436,394651.08742639335,4438791.377328248,0.1923920765836349,0
actual,1745422231.6704047,394651.08742639335,4438791.377328248,0.1923920765836349,0
actual,1745422231.7704008,394651.08742639335,4438791.377328248,0.1923920765836349,0
actual,1745422231.8703997,394651.08851785236,4438791.37776826,0.1916710287097587,0
actual,1745422231.9703941,394651.08851785236,4438791.37776826,0.1916710287097587,0
actual,1745422232.0703964,394651.08851785236,4438791.37776826,0.1916710287097587,0
actual,1745422232.170395,394651.08851785236,4438791.37776826,0.1916710287097587,0
actual,1745422232.2703962,394651.08851785236,4438791.37776826,0.1916710287097587,0
actual,1745422232.370407,394651.0877307269,4438791.377569227,0.19181817741899412,0
actual,1745422232.4704127,394651.0877307269,4438791.377569227,0.19181817741899412,0
actual,1745422232.5704026,394651.0877307269,4438791.377569227,0.19181817741899412,0
actual,1745422232.6704025,394651.0877307269,4438791.377569227,0.19181817741899412,0
actual,1745422232.7703996,394651.0877307269,4438791.377569227,0.19181817741899412,0
actual,1745422232.8703969,394651.0868916487,4438791.375815627,0.19296559177584025,0
actual,1745422232.9703965,394651.0868916487,4438791.375815627,0.19296559177584025,0
actual,1745422233.0703928,394651.0868916487,4438791.375815627,0.19296559177584025,0
actual,1745422233.1704218,394651.0868916487,4438791.375815627,0.19296559177584025,0
actual,1745422233.2704122,394651.0868916487,4438791.375815627,0.19296559177584025,0
actual,1745422233.3703954,394651.086934722,4438791.377214373,0.1915099173665071,0
actual,1745422233.4703991,394651.086934722,4438791.377214373,0.1915099173665071,0
actual,1745422233.5704281,394651.086934722,4438791.377214373,0.1915099173665071,0
actual,1745422233.6704051,394651.086934722,4438791.377214373,0.1915099173665071,0
actual,1745422233.7704227,394651.086934722,4438791.377214373,0.1915099173665071,0
actual,1745422233.8704274,394651.08556703565,4438791.375671915,0.19203828089096325,0
actual,1745422233.9704506,394651.08556703565,4438791.375671915,0.19203828089096325,0
actual,1745422234.0704055,394651.08556703565,4438791.375671915,0.19203828089096325,0
actual,1745422234.1704314,394651.08556703565,4438791.375671915,0.19203828089096325,0
actual,1745422234.2704287,394651.08556703565,4438791.375671915,0.19203828089096325,0
actual,1745422234.3703969,394651.08757415204,4438791.374124241,0.19296293887537722,0
actual,1745422234.4704206,394651.08757415204,4438791.374124241,0.19296293887537722,0
actual,1745422234.5704074,394651.08757415204,4438791.374124241,0.19296293887537722,0
actual,1745422234.6704435,394651.08757415204,4438791.374124241,0.19296293887537722,0
actual,1745422234.7704072,394651.08757415204,4438791.374124241,0.19296293887537722,0
actual,1745422234.87045,394651.0852253743,4438791.376212436,0.19117994541812505,0
actual,1745422234.9704368,394651.0852253743,4438791.376212436,0.19117994541812505,0
actual,1745422235.070438,394651.0852253743,4438791.376212436,0.19117994541812505,0
actual,1745422235.170394,394651.0852253743,4438791.376212436,0.19117994541812505,0
actual,1745422235.2703357,394651.0852253743,4438791.376212436,0.19117994541812505,0
actual,1745422235.3704154,394651.0860992678,4438791.37741321,0.19139552848733127,0
actual,1745422235.470419,394651.0860992678,4438791.37741321,0.19139552848733127,0
actual,1745422235.5704024,394651.0860992678,4438791.37741321,0.19139552848733127,0
actual,1745422235.6704297,394651.0860992678,4438791.37741321,0.19139552848733127,0
actual,1745422235.7703981,394651.0860992678,4438791.37741321,0.19139552848733127,0
actual,1745422235.870421,394651.0879097157,4438791.37527014,0.1935586895622531,0
actual,1745422235.9703953,394651.0879097157,4438791.37527014,0.1935586895622531,0
actual,1745422236.0703936,394651.0879097157,4438791.37527014,0.1935586895622531,0
actual,1745422236.1703951,394651.0879097157,4438791.37527014,0.1935586895622531,0
actual,1745422236.270397,394651.0879097157,4438791.37527014,0.1935586895622531,0
actual,1745422236.3704596,394651.0880436981,4438791.375976186,0.19206664249130823,0
actual,1745422236.470413,394651.0880436981,4438791.375976186,0.19206664249130823,0
actual,1745422236.5703962,394651.0880436981,4438791.375976186,0.19206664249130823,0
actual,1745422236.670408,394651.0880436981,4438791.375976186,0.19206664249130823,0
actual,1745422236.7703996,394651.0880436981,4438791.375976186,0.19206664249130823,0
actual,1745422236.870424,394651.08742684,4438791.375409271,0.19166184827789307,0
actual,1745422236.9703317,394651.08742684,4438791.375409271,0.19166184827789307,0
actual,1745422237.0703976,394651.08742684,4438791.375409271,0.19166184827789307,0
actual,1745422237.1704369,394651.08742684,4438791.375409271,0.19166184827789307,0
actual,1745422237.2704172,394651.08742684,4438791.375409271,0.19166184827789307,0
actual,1745422237.3704247,394651.08728281345,4438791.376941555,0.19214148220963354,0
actual,1745422237.470413,394651.08728281345,4438791.376941555,0.19214148220963354,0
actual,1745422237.570404,394651.08728281345,4438791.376941555,0.19214148220963354,0
actual,1745422237.670396,394651.08728281345,4438791.376941555,0.19214148220963354,0
actual,1745422237.7703974,394651.08728281345,4438791.376941555,0.19214148220963354,0
actual,1745422237.8703969,394651.08547026746,4438791.373737258,0.19276386662089484,0
actual,1745422237.9704475,394651.08547026746,4438791.373737258,0.19276386662089484,0
actual,1745422238.070417,394651.08547026746,4438791.373737258,0.19276386662089484,0
actual,1745422238.170415,394651.08547026746,4438791.373737258,0.19276386662089484,0
actual,1745422238.2704182,394651.08547026746,4438791.373737258,0.19276386662089484,0
actual,1745422238.3704169,394651.0860898811,4438791.372796852,0.19315321467042965,0
actual,1745422238.4704158,394651.0860898811,4438791.372796852,0.19315321467042965,0
actual,1745422238.570417,394651.0860898811,4438791.372796852,0.19315321467042965,0
actual,1745422238.6704323,394651.0860898811,4438791.372796852,0.19315321467042965,0
actual,1745422238.7703187,394651.0860898811,4438791.372796852,0.19315321467042965,0
actual,1745422238.8704314,394651.08706168435,4438791.372737992,0.1925655797645759,0
actual,1745422238.9704223,394651.08706168435,4438791.372737992,0.1925655797645759,0
actual,1745422239.070396,394651.08706168435,4438791.372737992,0.1925655797645759,0
actual,1745422239.170397,394651.08706168435,4438791.372737992,0.1925655797645759,0
actual,1745422239.2703967,394651.08706168435,4438791.372737992,0.1925655797645759,0
actual,1745422239.3703077,394651.08718781045,4438791.372896445,0.19200805178831865,0
actual,1745422239.4703994,394651.08718781045,4438791.372896445,0.19200805178831865,0
actual,1745422239.5704212,394651.08718781045,4438791.372896445,0.19200805178831865,0
actual,1745422239.670404,394651.08718781045,4438791.372896445,0.19200805178831865,0
actual,1745422239.7703967,394651.08718781045,4438791.372896445,0.19200805178831865,0
actual,1745422239.870396,394651.0888616827,4438791.373237161,0.19139247416114027,0
actual,1745422239.9703956,394651.0888616827,4438791.373237161,0.19139247416114027,0
actual,1745422240.0703928,394651.0888616827,4438791.373237161,0.19139247416114027,0
actual,1745422240.1703928,394651.0888616827,4438791.373237161,0.19139247416114027,0
actual,1745422240.2703948,394651.0888616827,4438791.373237161,0.19139247416114027,0
actual,1745422240.3704524,394651.08760654007,4438791.373226504,0.19159940039725665,0
actual,1745422240.4704013,394651.08760654007,4438791.373226504,0.19159940039725665,0
actual,1745422240.5704188,394651.08760654007,4438791.373226504,0.19159940039725665,0
actual,1745422240.6703959,394651.08760654007,4438791.373226504,0.19159940039725665,0
actual,1745422240.7703984,394651.08760654007,4438791.373226504,0.19159940039725665,0
actual,1745422240.8703926,394651.0878800296,4438791.3763298765,0.1910911256124911,0
actual,1745422240.9703968,394651.0878800296,4438791.3763298765,0.1910911256124911,0
actual,1745422241.0703974,394651.0878800296,4438791.3763298765,0.1910911256124911,0
actual,1745422241.170477,394651.0878800296,4438791.3763298765,0.1910911256124911,0
actual,1745422241.2704053,394651.0878800296,4438791.3763298765,0.1910911256124911,0
actual,1745422241.3704703,394651.0884635574,4438791.374466492,0.19152588712916271,0
actual,1745422241.4704328,394651.0884635574,4438791.374466492,0.19152588712916271,0
actual,1745422241.5703964,394651.0884635574,4438791.374466492,0.19152588712916271,0
actual,1745422241.670427,394651.0884635574,4438791.374466492,0.19152588712916271,0
actual,1745422241.7704465,394651.0884635574,4438791.374466492,0.19152588712916271,0
actual,1745422241.8703966,394651.0891139982,4438791.372551915,0.19392885644330857,0
actual,1745422241.970452,394651.0891139982,4438791.372551915,0.19392885644330857,0
actual,1745422242.070443,394651.0891139982,4438791.372551915,0.19392885644330857,0
actual,1745422242.170514,394651.0891139982,4438791.372551915,0.19392885644330857,0
actual,1745422242.2704082,394651.0891139982,4438791.372551915,0.19392885644330857,0
actual,1745422242.3704002,394651.0891139982,4438791.372551915,0.19392885644330857,0
actual,1745422242.4703982,394651.0892232043,4438791.374651488,0.19265094381829093,0
actual,1745422242.5703971,394651.0892232043,4438791.374651488,0.19265094381829093,0
actual,1745422242.6703978,394651.0892232043,4438791.374651488,0.19265094381829093,0
actual,1745422242.7704642,394651.0892232043,4438791.374651488,0.19265094381829093,0
actual,1745422242.8704112,394651.08627438394,4438791.373598578,0.19080510105467413,0
actual,1745422242.9704554,394651.08627438394,4438791.373598578,0.19080510105467413,0
actual,1745422243.070437,394651.08627438394,4438791.373598578,0.19080510105467413,0
actual,1745422243.1704507,394651.08627438394,4438791.373598578,0.19080510105467413,0
actual,1745422243.2703927,394651.08627438394,4438791.373598578,0.19080510105467413,0
actual,1745422243.3704033,394651.08569126367,4438791.373389656,0.19161936696389964,0
actual,1745422243.470393,394651.08569126367,4438791.373389656,0.19161936696389964,0
actual,1745422243.570479,394651.08569126367,4438791.373389656,0.19161936696389964,0
actual,1745422243.670423,394651.08569126367,4438791.373389656,0.19161936696389964,0
actual,1745422243.7704592,394651.08569126367,4438791.373389656,0.19161936696389964,0
actual,1745422243.8704782,394651.0864231268,4438791.372453547,0.19265094381829093,0
actual,1745422243.9704185,394651.0864231268,4438791.372453547,0.19265094381829093,0
actual,1745422244.0704076,394651.0864231268,4438791.372453547,0.19265094381829093,0
actual,1745422244.1704028,394651.0864231268,4438791.372453547,0.19265094381829093,0
actual,1745422244.2704816,394651.0864231268,4438791.372453547,0.19265094381829093,0
actual,1745422244.370543,394651.0866376398,4438791.37227172,0.1918859485538491,0
actual,1745422244.470431,394651.0866376398,4438791.37227172,0.1918859485538491,0
actual,1745422244.5705516,394651.0866376398,4438791.37227172,0.1918859485538491,0
actual,1745422244.67043,394651.0866376398,4438791.37227172,0.1918859485538491,0
actual,1745422244.7704532,394651.0866376398,4438791.37227172,0.1918859485538491,0
actual,1745422244.8704424,394651.08543693693,4438791.374242523,0.19344510353453337,0
actual,1745422244.970478,394651.08543693693,4438791.374242523,0.19344510353453337,0
actual,1745422245.070456,394651.08543693693,4438791.374242523,0.19344510353453337,0
actual,1745422245.1704981,394651.08543693693,4438791.374242523,0.19344510353453337,0
actual,1745422245.2704217,394651.08543693693,4438791.374242523,0.19344510353453337,0
actual,1745422245.3704746,394651.08693935524,4438791.3743849145,0.19021788502784054,0
actual,1745422245.470446,394651.08693935524,4438791.3743849145,0.19021788502784054,0
actual,1745422245.5703974,394651.08693935524,4438791.3743849145,0.19021788502784054,0
actual,1745422245.670427,394651.08693935524,4438791.3743849145,0.19021788502784054,0
actual,1745422245.7704055,394651.08693935524,4438791.3743849145,0.19021788502784054,0
actual,1745422245.87042,394651.0874357412,4438791.372610774,0.19373685277229655,0
actual,1745422245.970426,394651.0874357412,4438791.372610774,0.19373685277229655,0
actual,1745422246.0705485,394651.0874357412,4438791.372610774,0.19373685277229655,0
actual,1745422246.1704688,394651.0874357412,4438791.372610774,0.19373685277229655,0
actual,1745422246.2704525,394651.0874357412,4438791.372610774,0.19373685277229655,0
actual,1745422246.370469,394651.0879369515,4438791.372955731,0.1911899287014463,0
actual,1745422246.470438,394651.0879369515,4438791.372955731,0.1911899287014463,0
actual,1745422246.5704901,394651.0879369515,4438791.372955731,0.1911899287014463,0
actual,1745422246.6704557,394651.0879369515,4438791.372955731,0.1911899287014463,0
actual,1745422246.7705522,394651.0879369515,4438791.372955731,0.1911899287014463,0
actual,1745422246.8705058,394651.08730993536,4438791.37551659,0.1928449546179424,0
actual,1745422246.9704473,394651.08730993536,4438791.37551659,0.1928449546179424,0
actual,1745422247.0704937,394651.08730993536,4438791.37551659,0.1928449546179424,0
actual,1745422247.170506,394651.08730993536,4438791.37551659,0.1928449546179424,0
actual,1745422247.2704506,394651.08730993536,4438791.37551659,0.1928449546179424,0
actual,1745422247.3704631,394651.08617387415,4438791.375899524,0.18862970522169595,0
actual,1745422247.470475,394651.08617387415,4438791.375899524,0.18862970522169595,0
actual,1745422247.5704863,394651.08617387415,4438791.375899524,0.18862970522169595,0
actual,1745422247.6705153,394651.08617387415,4438791.375899524,0.18862970522169595,0
actual,1745422247.7704635,394651.08617387415,4438791.375899524,0.18862970522169595,0
actual,1745422247.8705485,394651.0873035,4438791.374375073,0.19093427287261427,0
actual,1745422247.97052,394651.0873035,4438791.374375073,0.19093427287261427,0
actual,1745422248.0704577,394651.0873035,4438791.374375073,0.19093427287261427,0
actual,1745422248.1704545,394651.0873035,4438791.374375073,0.19093427287261427,0
actual,1745422248.2704833,394651.0873035,4438791.374375073,0.19093427287261427,0
actual,1745422248.3704977,394651.0872491351,4438791.3759168675,0.18899561349937638,0
actual,1745422248.4706128,394651.0872491351,4438791.3759168675,0.18899561349937638,0
actual,1745422248.5705075,394651.0872491351,4438791.3759168675,0.18899561349937638,0
actual,1745422248.6705272,394651.0872491351,4438791.3759168675,0.18899561349937638,0
actual,1745422248.7704859,394651.0872491351,4438791.3759168675,0.18899561349937638,0
actual,1745422248.8704596,394651.08539644454,4438791.375288904,0.19069484860582572,0
actual,1745422248.970519,394651.08539644454,4438791.375288904,0.19069484860582572,0
actual,1745422249.0704513,394651.08539644454,4438791.375288904,0.19069484860582572,0
actual,1745422249.170518,394651.08539644454,4438791.375288904,0.19069484860582572,0
actual,1745422249.2704675,394651.08539644454,4438791.375288904,0.19069484860582572,0
actual,1745422249.3705041,394651.08633141115,4438791.37463504,0.19031654849045593,0
actual,1745422249.4704661,394651.08633141115,4438791.37463504,0.19031654849045593,0
actual,1745422249.5705273,394651.08633141115,4438791.37463504,0.19031654849045593,0
actual,1745422249.6704469,394651.08633141115,4438791.37463504,0.19031654849045593,0
actual,1745422249.7704785,394651.08633141115,4438791.37463504,0.19031654849045593,0
actual,1745422249.870455,394651.0868346007,4438791.372899159,0.19050390958565747,0
actual,1745422249.9705234,394651.0868346007,4438791.372899159,0.19050390958565747,0
actual,1745422250.0705414,394651.0868346007,4438791.372899159,0.19050390958565747,0
actual,1745422250.1705294,394651.0868346007,4438791.372899159,0.19050390958565747,0
actual,1745422250.2704918,394651.0868346007,4438791.372899159,0.19050390958565747,0
actual,1745422250.3705134,394651.08781386167,4438791.372201717,0.19350927929112913,0
actual,1745422250.4704921,394651.08781386167,4438791.372201717,0.19350927929112913,0
actual,1745422250.570567,394651.08781386167,4438791.372201717,0.19350927929112913,0
actual,1745422250.6704888,394651.08781386167,4438791.372201717,0.19350927929112913,0
actual,1745422250.7706082,394651.08781386167,4438791.372201717,0.19350927929112913,0
actual,1745422250.8705287,394651.0880405959,4438791.373186614,0.19332378569822722,0
actual,1745422250.9704986,394651.0880405959,4438791.373186614,0.19332378569822722,0
actual,1745422251.0705907,394651.0880405959,4438791.373186614,0.19332378569822722,0
actual,1745422251.1705387,394651.0880405959,4438791.373186614,0.19332378569822722,0
actual,1745422251.27049,394651.0880405959,4438791.373186614,0.19332378569822722,0
actual,1745422251.3704996,394651.08755753754,4438791.37178614,0.1942218099582558,0
actual,1745422251.4705775,394651.08755753754,4438791.37178614,0.1942218099582558,0
actual,1745422251.57044,394651.08755753754,4438791.37178614,0.1942218099582558,0
actual,1745422251.6704862,394651.08755753754,4438791.37178614,0.1942218099582558,0
actual,1745422251.770474,394651.08755753754,4438791.37178614,0.1942218099582558,0
actual,1745422251.8704882,394651.0863922317,4438791.373424935,0.1921377472050343,0
actual,1745422251.970504,394651.0863922317,4438791.373424935,0.1921377472050343,0
actual,1745422252.0704703,394651.0863922317,4438791.373424935,0.1921377472050343,0
actual,1745422252.1704493,394651.0863922317,4438791.373424935,0.1921377472050343,0
actual,1745422252.2704732,394651.0863922317,4438791.373424935,0.1921377472050343,0
actual,1745422252.370514,394651.08710429113,4438791.373802642,0.19206850999360786,0
actual,1745422252.4705882,394651.08710429113,4438791.373802642,0.19206850999360786,0
actual,1745422252.570473,394651.08710429113,4438791.373802642,0.19206850999360786,0
actual,1745422252.6705225,394651.08710429113,4438791.373802642,0.19206850999360786,0
actual,1745422252.770477,394651.08710429113,4438791.373802642,0.19206850999360786,0
actual,1745422252.8704824,394651.0877650574,4438791.373042098,0.1934877070215744,0
actual,1745422252.9705076,394651.0877650574,4438791.373042098,0.1934877070215744,0
actual,1745422253.0703926,394651.0877650574,4438791.373042098,0.1934877070215744,0
actual,1745422253.1705523,394651.0877650574,4438791.373042098,0.1934877070215744,0
actual,1745422253.2704709,394651.0877650574,4438791.373042098,0.1934877070215744,0
actual,1745422253.3704627,394651.0852091198,4438791.374591604,0.18886139767989807,0
actual,1745422253.470475,394651.0852091198,4438791.374591604,0.18886139767989807,0
actual,1745422253.5704753,394651.0852091198,4438791.374591604,0.18886139767989807,0
actual,1745422253.6704812,394651.0852091198,4438791.374591604,0.18886139767989807,0
actual,1745422253.7705216,394651.0852091198,4438791.374591604,0.18886139767989807,0
actual,1745422253.8704875,394651.0919355917,4438791.373500491,0.19307078276985798,0
actual,1745422253.9705138,394651.0919355917,4438791.373500491,0.19307078276985798,0
actual,1745422254.0705082,394651.0919355917,4438791.373500491,0.19307078276985798,0
actual,1745422254.1705172,394651.0919355917,4438791.373500491,0.19307078276985798,0
actual,1745422254.2705207,394651.0919355917,4438791.373500491,0.19307078276985798,0
actual,1745422254.3704665,394651.09184395673,4438791.374988933,0.19152162852578794,0
actual,1745422254.4704623,394651.09184395673,4438791.374988933,0.19152162852578794,0
actual,1745422254.570494,394651.09184395673,4438791.374988933,0.19152162852578794,0
actual,1745422254.6705215,394651.09184395673,4438791.374988933,0.19152162852578794,0
actual,1745422254.7704618,394651.09184395673,4438791.374988933,0.19152162852578794,0
actual,1745422254.8705575,394651.09062611265,4438791.373659381,0.194618889816377,0
actual,1745422254.9705234,394651.09062611265,4438791.373659381,0.194618889816377,0
actual,1745422255.0705092,394651.09062611265,4438791.373659381,0.194618889816377,0
actual,1745422255.1705465,394651.09062611265,4438791.373659381,0.194618889816377,0
actual,1745422255.2705417,394651.09062611265,4438791.373659381,0.194618889816377,0
actual,1745422255.3704832,394651.0875058698,4438791.372125287,0.192557463983554,0
actual,1745422255.4704752,394651.0875058698,4438791.372125287,0.192557463983554,0
actual,1745422255.5705726,394651.0875058698,4438791.372125287,0.192557463983554,0
actual,1745422255.670486,394651.0875058698,4438791.372125287,0.192557463983554,0
actual,1745422255.7705398,394651.0875058698,4438791.372125287,0.192557463983554,0
actual,1745422255.8704882,394651.08814398944,4438791.374691603,0.19135557790075303,0
actual,1745422255.9705765,394651.08814398944,4438791.374691603,0.19135557790075303,0
actual,1745422256.0704973,394651.08814398944,4438791.374691603,0.19135557790075303,0
actual,1745422256.170525,394651.08814398944,4438791.374691603,0.19135557790075303,0
actual,1745422256.27048,394651.08814398944,4438791.374691603,0.19135557790075303,0
actual,1745422256.3704565,394651.08843755326,4438791.374331063,0.19282577344946303,0
actual,1745422256.470509,394651.08843755326,4438791.374331063,0.19282577344946303,0
actual,1745422256.570502,394651.08843755326,4438791.374331063,0.19282577344946303,0
actual,1745422256.6704893,394651.08843755326,4438791.374331063,0.19282577344946303,0
actual,1745422256.7704606,394651.08843755326,4438791.374331063,0.19282577344946303,0
actual,1745422256.8704607,394651.0884417344,4438791.374283628,0.19291698435617238,0
actual,1745422256.9704983,394651.0884417344,4438791.374283628,0.19291698435617238,0
actual,1745422257.0704799,394651.0884417344,4438791.374283628,0.19291698435617238,0
actual,1745422257.1704898,394651.0884417344,4438791.374283628,0.19291698435617238,0
actual,1745422257.2705042,394651.0884417344,4438791.374283628,0.19291698435617238,0
actual,1745422257.370494,394651.08773356443,4438791.374891982,0.1914509252377896,0
actual,1745422257.4705508,394651.08773356443,4438791.374891982,0.1914509252377896,0
actual,1745422257.5705566,394651.08773356443,4438791.374891982,0.1914509252377896,0
actual,1745422257.6705549,394651.08773356443,4438791.374891982,0.1914509252377896,0
actual,1745422257.77053,394651.08773356443,4438791.374891982,0.1914509252377896,0
actual,1745422257.870543,394651.08832716255,4438791.371827598,0.19423538861983625,0
actual,1745422257.9704373,394651.08832716255,4438791.371827598,0.19423538861983625,0
actual,1745422258.0704956,394651.08832716255,4438791.371827598,0.19423538861983625,0
actual,1745422258.170541,394651.08832716255,4438791.371827598,0.19423538861983625,0
actual,1745422258.2704675,394651.08832716255,4438791.371827598,0.19423538861983625,0
actual,1745422258.370464,394651.0869609102,4438791.375964782,0.1916605218276617,0
actual,1745422258.4704905,394651.0869609102,4438791.375964782,0.1916605218276617,0
actual,1745422258.5704696,394651.0869609102,4438791.375964782,0.1916605218276617,0
actual,1745422258.670461,394651.0869609102,4438791.375964782,0.1916605218276617,0
actual,1745422258.7704883,394651.0869609102,4438791.375964782,0.1916605218276617,0
actual,1745422258.8705518,394651.08691070596,4438791.376218294,0.19101961947303683,0
actual,1745422258.9704583,394651.08691070596,4438791.376218294,0.19101961947303683,0
actual,1745422259.0704727,394651.08691070596,4438791.376218294,0.19101961947303683,0
actual,1745422259.1704485,394651.08691070596,4438791.376218294,0.19101961947303683,0
actual,1745422259.270371,394651.08691070596,4438791.376218294,0.19101961947303683,0
actual,1745422259.370489,394651.08721864515,4438791.376118936,0.19102148697533647,0
actual,1745422259.4704273,394651.08721864515,4438791.376118936,0.19102148697533647,0
actual,1745422259.5705185,394651.08721864515,4438791.376118936,0.19102148697533647,0
actual,1745422259.6705317,394651.08721864515,4438791.376118936,0.19102148697533647,0
actual,1745422259.7705832,394651.08721864515,4438791.376118936,0.19102148697533647,0
actual,1745422259.870456,394651.0869214894,4438791.374508429,0.18827950490728323,0
actual,1745422259.970458,394651.0869214894,4438791.374508429,0.18827950490728323,0
actual,1745422260.0703595,394651.0869214894,4438791.374508429,0.18827950490728323,0
actual,1745422260.1705153,394651.0869214894,4438791.374508429,0.18827950490728323,0
actual,1745422260.2704794,394651.0869214894,4438791.374508429,0.18827950490728323,0
actual,1745422260.3705103,394651.0871495333,4438791.3756892495,0.19049350742331556,0
actual,1745422260.4705167,394651.0871495333,4438791.3756892495,0.19049350742331556,0
actual,1745422260.5704787,394651.0871495333,4438791.3756892495,0.19049350742331556,0
actual,1745422260.6704192,394651.0871495333,4438791.3756892495,0.19049350742331556,0
actual,1745422260.7704377,394651.0871495333,4438791.3756892495,0.19049350742331556,0
actual,1745422260.8703895,394651.0904258183,4438791.372661146,0.19054558804819502,0
actual,1745422260.9704523,394651.0904258183,4438791.372661146,0.19054558804819502,0
actual,1745422261.0704758,394651.0904258183,4438791.372661146,0.19054558804819502,0
actual,1745422261.170466,394651.0904258183,4438791.372661146,0.19054558804819502,0
actual,1745422261.2704391,394651.0904258183,4438791.372661146,0.19054558804819502,0
actual,1745422261.3704085,394651.0885281656,4438791.374599896,0.19109325491417833,0
actual,1745422261.4703228,394651.0885281656,4438791.374599896,0.19109325491417833,0
actual,1745422261.5704265,394651.0885281656,4438791.374599896,0.19109325491417833,0
actual,1745422261.6703975,394651.0885281656,4438791.374599896,0.19109325491417833,0
actual,1745422261.770397,394651.0885281656,4438791.374599896,0.19109325491417833,0
actual,1745422261.8704033,394651.08988808026,4438791.371102733,0.19339263893721845,0
actual,1745422261.9704103,394651.08988808026,4438791.371102733,0.19339263893721845,0
actual,1745422262.0704026,394651.08988808026,4438791.371102733,0.19339263893721845,0
actual,1745422262.1703985,394651.08988808026,4438791.371102733,0.19339263893721845,0
actual,1745422262.2703972,394651.08988808026,4438791.371102733,0.19339263893721845,0
actual,1745422262.3703985,394651.0895123109,4438791.374409779,0.19279488112170284,0
actual,1745422262.4703999,394651.0895123109,4438791.374409779,0.19279488112170284,0
actual,1745422262.5702984,394651.0895123109,4438791.374409779,0.19279488112170284,0
actual,1745422262.6704068,394651.0895123109,4438791.374409779,0.19279488112170284,0
actual,1745422262.7704291,394651.0895123109,4438791.374409779,0.19279488112170284,0
actual,1745422262.8704023,394651.08982941834,4438791.376674794,0.18868216981901087,0
actual,1745422262.970401,394651.08982941834,4438791.376674794,0.18868216981901087,0
actual,1745422263.070401,394651.08982941834,4438791.376674794,0.18868216981901087,0
actual,1745422263.170397,394651.08982941834,4438791.376674794,0.18868216981901087,0
actual,1745422263.270414,394651.08982941834,4438791.376674794,0.18868216981901087,0
actual,1745422263.3703947,394651.0872687832,4438791.375978713,0.19127728243050857,0
actual,1745422263.4704008,394651.0872687832,4438791.375978713,0.19127728243050857,0
actual,1745422263.5704033,394651.0872687832,4438791.375978713,0.19127728243050857,0
actual,1745422263.6704228,394651.0872687832,4438791.375978713,0.19127728243050857,0
actual,1745422263.7703986,394651.0872687832,4438791.375978713,0.19127728243050857,0
actual,1745422263.8703272,394651.0872676927,4438791.378967051,0.18829920967453811,0
actual,1745422263.9703934,394651.0872676927,4438791.378967051,0.18829920967453811,0
actual,1745422264.0704038,394651.0872676927,4438791.378967051,0.18829920967453811,0
actual,1745422264.1704173,394651.0872676927,4438791.378967051,0.18829920967453811,0
actual,1745422264.2704067,394651.0872676927,4438791.378967051,0.18829920967453811,0
actual,1745422264.3704188,394651.08782217605,4438791.371993007,0.19341208190508544,0
actual,1745422264.4704072,394651.08782217605,4438791.371993007,0.19341208190508544,0
actual,1745422264.5704079,394651.08782217605,4438791.371993007,0.19341208190508544,0
actual,1745422264.6703987,394651.08782217605,4438791.371993007,0.19341208190508544,0
actual,1745422264.7703996,394651.08782217605,4438791.371993007,0.19341208190508544,0
actual,1745422264.8703983,394651.08597570617,4438791.375948861,0.18878589473645693,0
actual,1745422264.9704015,394651.08597570617,4438791.375948861,0.18878589473645693,0
actual,1745422265.0703962,394651.08597570617,4438791.375948861,0.18878589473645693,0
actual,1745422265.1704032,394651.08597570617,4438791.375948861,0.18878589473645693,0
actual,1745422265.2704043,394651.08597570617,4438791.375948861,0.18878589473645693,0
actual,1745422265.370401,394651.088793986,4438791.371939394,0.19268703722722208,0
actual,1745422265.4703975,394651.088793986,4438791.371939394,0.19268703722722208,0
actual,1745422265.5703974,394651.088793986,4438791.371939394,0.19268703722722208,0
actual,1745422265.6703966,394651.088793986,4438791.371939394,0.19268703722722208,0
actual,1745422265.7704208,394651.088793986,4438791.371939394,0.19268703722722208,0
actual,1745422265.8704093,394651.087292088,4438791.374901428,0.19241511492976135,0
actual,1745422265.9704337,394651.087292088,4438791.374901428,0.19241511492976135,0
actual,1745422266.0704224,394651.087292088,4438791.374901428,0.19241511492976135,0
actual,1745422266.1703556,394651.087292088,4438791.374901428,0.19241511492976135,0
actual,1745422266.2704053,394651.087292088,4438791.374901428,0.19241511492976135,0
actual,1745422266.3704016,394651.0884704957,4438791.3736970695,0.192494352877802,0
actual,1745422266.4704123,394651.0884704957,4438791.3736970695,0.192494352877802,0
actual,1745422266.570393,394651.0884704957,4438791.3736970695,0.192494352877802,0
actual,1745422266.6703982,394651.0884704957,4438791.3736970695,0.192494352877802,0
actual,1745422266.7704103,394651.0884704957,4438791.3736970695,0.192494352877802,0
actual,1745422266.8704002,394651.08837055025,4438791.372175583,0.19490210439409814,0
actual,1745422266.970397,394651.08837055025,4438791.372175583,0.19490210439409814,0
actual,1745422267.0703971,394651.08837055025,4438791.372175583,0.19490210439409814,0
actual,1745422267.1704,394651.08837055025,4438791.372175583,0.19490210439409814,0
actual,1745422267.2704067,394651.08837055025,4438791.372175583,0.19490210439409814,0
actual,1745422267.3704212,394651.0877127124,4438791.374738411,0.1911744825375662,0
actual,1745422267.4704247,394651.0877127124,4438791.374738411,0.1911744825375662,0
actual,1745422267.5704064,394651.0877127124,4438791.374738411,0.1911744825375662,0
actual,1745422267.670476,394651.0877127124,4438791.374738411,0.1911744825375662,0
actual,1745422267.770399,394651.0877127124,4438791.374738411,0.1911744825375662,0
actual,1745422267.8704019,394651.0890479956,4438791.37477879,0.1918235006732129,0
actual,1745422267.9703956,394651.0890479956,4438791.37477879,0.1918235006732129,0
actual,1745422268.070393,394651.0890479956,4438791.37477879,0.1918235006732129,0
actual,1745422268.1703937,394651.0890479956,4438791.37477879,0.1918235006732129,0
actual,1745422268.2703023,394651.0890479956,4438791.37477879,0.1918235006732129,0
actual,1745422268.3704078,394651.0880663776,4438791.374165263,0.19364962121628185,0
actual,1745422268.4704027,394651.0880663776,4438791.374165263,0.19364962121628185,0
actual,1745422268.5704303,394651.0880663776,4438791.374165263,0.19364962121628185,0
actual,1745422268.6704009,394651.0880663776,4438791.374165263,0.19364962121628185,0
actual,1745422268.7704005,394651.0880663776,4438791.374165263,0.19364962121628185,0
actual,1745422268.870373,394651.08711064723,4438791.375854373,0.19040962689946467,0
actual,1745422268.9704502,394651.08711064723,4438791.375854373,0.19040962689946467,0
actual,1745422269.0704489,394651.08711064723,4438791.375854373,0.19040962689946467,0
actual,1745422269.170423,394651.08711064723,4438791.375854373,0.19040962689946467,0
actual,1745422269.270427,394651.08711064723,4438791.375854373,0.19040962689946467,0
actual,1745422269.3704205,394651.0880681169,4438791.373004622,0.19338490712863204,0
actual,1745422269.4704232,394651.0880681169,4438791.373004622,0.19338490712863204,0
actual,1745422269.5703964,394651.0880681169,4438791.373004622,0.19338490712863204,0
actual,1745422269.6704185,394651.0880681169,4438791.373004622,0.19338490712863204,0
actual,1745422269.7703257,394651.0880681169,4438791.373004622,0.19338490712863204,0
actual,1745422269.8703952,394651.0866396973,4438791.373273807,0.19153295571263332,0
actual,1745422269.9704082,394651.0866396973,4438791.373273807,0.19153295571263332,0
actual,1745422270.070408,394651.0866396973,4438791.373273807,0.19153295571263332,0
actual,1745422270.1704295,394651.0866396973,4438791.373273807,0.19153295571263332,0
actual,1745422270.2704332,394651.0866396973,4438791.373273807,0.19153295571263332,0
actual,1745422270.3703454,394651.08739528764,4438791.372365529,0.192570117620631,0
actual,1745422270.4703944,394651.08739528764,4438791.372365529,0.192570117620631,0
actual,1745422270.5703957,394651.08739528764,4438791.372365529,0.192570117620631,0
actual,1745422270.6703944,394651.08739528764,4438791.372365529,0.192570117620631,0
actual,1745422270.7704022,394651.08739528764,4438791.372365529,0.192570117620631,0
actual,1745422270.8704069,394651.08855688793,4438791.374832827,0.19129073891904144,0
actual,1745422270.9703999,394651.08855688793,4438791.374832827,0.19129073891904144,0
actual,1745422271.0703933,394651.08855688793,4438791.374832827,0.19129073891904144,0
actual,1745422271.170402,394651.08855688793,4438791.374832827,0.19129073891904144,0
actual,1745422271.270399,394651.08855688793,4438791.374832827,0.19129073891904144,0
actual,1745422271.3703928,394651.09076662106,4438791.374025023,0.19302046492752303,0
actual,1745422271.4704056,394651.09076662106,4438791.374025023,0.19302046492752303,0
actual,1745422271.5704088,394651.09076662106,4438791.374025023,0.19302046492752303,0
actual,1745422271.6704335,394651.09076662106,4438791.374025023,0.19302046492752303,0
actual,1745422271.7704191,394651.09076662106,4438791.374025023,0.19302046492752303,0
actual,1745422271.8704019,394651.09263369115,4438791.372477258,0.19374070994994363,0
actual,1745422271.97042,394651.09263369115,4438791.372477258,0.19374070994994363,0
actual,1745422272.0703988,394651.09263369115,4438791.372477258,0.19374070994994363,0
actual,1745422272.1704023,394651.09263369115,4438791.372477258,0.19374070994994363,0
actual,1745422272.2703998,394651.09263369115,4438791.372477258,0.19374070994994363,0
actual,1745422272.370434,394651.09263369115,4438791.372477258,0.19374070994994363,0
actual,1745422272.4704075,394651.08982686716,4438791.371092052,0.19233882658815657,0
actual,1745422272.570401,394651.08982686716,4438791.371092052,0.19233882658815657,0
actual,1745422272.6703994,394651.08982686716,4438791.371092052,0.19233882658815657,0
actual,1745422272.7704034,394651.08982686716,4438791.371092052,0.19233882658815657,0
actual,1745422272.8703942,394651.08696637396,4438791.372550825,0.19145251348740885,0
actual,1745422272.9704168,394651.08696637396,4438791.372550825,0.19145251348740885,0
actual,1745422273.0704098,394651.08696637396,4438791.372550825,0.19145251348740885,0
actual,1745422273.1704736,394651.08696637396,4438791.372550825,0.19145251348740885,0
actual,1745422273.2704058,394651.08696637396,4438791.372550825,0.19145251348740885,0
actual,1745422273.3704336,394651.08992196305,4438791.370078668,0.1947890594184464,0
actual,1745422273.4704237,394651.08992196305,4438791.370078668,0.1947890594184464,0
actual,1745422273.5704186,394651.08992196305,4438791.370078668,0.1947890594184464,0
actual,1745422273.6703944,394651.08992196305,4438791.370078668,0.1947890594184464,0
actual,1745422273.7703936,394651.08992196305,4438791.370078668,0.1947890594184464,0
actual,1745422273.8703942,394651.0892416609,4438791.371617344,0.19507028432082033,0
actual,1745422273.970411,394651.0892416609,4438791.371617344,0.19507028432082033,0
actual,1745422274.0703986,394651.0892416609,4438791.371617344,0.19507028432082033,0
actual,1745422274.170398,394651.0892416609,4438791.371617344,0.19507028432082033,0
actual,1745422274.270429,394651.0892416609,4438791.371617344,0.19507028432082033,0
actual,1745422274.3704233,394651.09114789695,4438791.371930611,0.19461529443811781,0
actual,1745422274.4704006,394651.09114789695,4438791.371930611,0.19461529443811781,0
actual,1745422274.5703971,394651.09114789695,4438791.371930611,0.19461529443811781,0
actual,1745422274.6703951,394651.09114789695,4438791.371930611,0.19461529443811781,0
actual,1745422274.7704139,394651.09114789695,4438791.371930611,0.19461529443811781,0
actual,1745422274.8704164,394651.0869758298,4438791.372247038,0.1926960780327474,0
actual,1745422274.9704056,394651.0869758298,4438791.372247038,0.1926960780327474,0
actual,1745422275.0704594,394651.0869758298,4438791.372247038,0.1926960780327474,0
actual,1745422275.1704032,394651.0869758298,4438791.372247038,0.1926960780327474,0
actual,1745422275.2704017,394651.0869758298,4438791.372247038,0.1926960780327474,0
actual,1745422275.3704429,394651.08870757284,4438791.370324456,0.19380223280607636,0
actual,1745422275.4703853,394651.08870757284,4438791.370324456,0.19380223280607636,0
actual,1745422275.5704758,394651.08870757284,4438791.370324456,0.19380223280607636,0
actual,1745422275.6704328,394651.08870757284,4438791.370324456,0.19380223280607636,0
actual,1745422275.770476,394651.08870757284,4438791.370324456,0.19380223280607636,0
actual,1745422275.870518,394651.08968694636,4438791.373789463,0.19328889656647966,0
actual,1745422275.9704154,394651.08968694636,4438791.373789463,0.19328889656647966,0
actual,1745422276.0704658,394651.08968694636,4438791.373789463,0.19328889656647966,0
actual,1745422276.1704311,394651.08968694636,4438791.373789463,0.19328889656647966,0
actual,1745422276.2704237,394651.08968694636,4438791.373789463,0.19328889656647966,0
actual,1745422276.3704638,394651.0910119772,4438791.372949967,0.19443006264460377,0
actual,1745422276.4704075,394651.0910119772,4438791.372949967,0.19443006264460377,0
actual,1745422276.5704458,394651.0910119772,4438791.372949967,0.19443006264460377,0
actual,1745422276.6704576,394651.0910119772,4438791.372949967,0.19443006264460377,0
actual,1745422276.770412,394651.0910119772,4438791.372949967,0.19443006264460377,0
actual,1745422276.870396,394651.0870733057,4438791.373126843,0.19476443282270092,0
actual,1745422276.9704645,394651.0870733057,4438791.373126843,0.19476443282270092,0
actual,1745422277.0704134,394651.0870733057,4438791.373126843,0.19476443282270092,0
actual,1745422277.1705291,394651.0870733057,4438791.373126843,0.19476443282270092,0
actual,1745422277.2703454,394651.0870733057,4438791.373126843,0.19476443282270092,0
actual,1745422277.3704498,394651.0885574898,4438791.372196032,0.19389822591493602,0
actual,1745422277.4703977,394651.0885574898,4438791.372196032,0.19389822591493602,0
actual,1745422277.570399,394651.0885574898,4438791.372196032,0.19389822591493602,0
actual,1745422277.6704154,394651.0885574898,4438791.372196032,0.19389822591493602,0
actual,1745422277.7704499,394651.0885574898,4438791.372196032,0.19389822591493602,0
actual,1745422277.8704386,394651.08692905604,4438791.375702716,0.19148181756555002,0
actual,1745422277.970569,394651.08692905604,4438791.375702716,0.19148181756555002,0
actual,1745422278.0704682,394651.08692905604,4438791.375702716,0.19148181756555002,0
actual,1745422278.170438,394651.08692905604,4438791.375702716,0.19148181756555002,0
actual,1745422278.2704256,394651.08692905604,4438791.375702716,0.19148181756555002,0
actual,1745422278.3704138,394651.0907648541,4438791.372939773,0.19560850895555038,0
actual,1745422278.4704094,394651.0907648541,4438791.372939773,0.19560850895555038,0
actual,1745422278.570405,394651.0907648541,4438791.372939773,0.19560850895555038,0
actual,1745422278.6704102,394651.0907648541,4438791.372939773,0.19560850895555038,0
actual,1745422278.770459,394651.0907648541,4438791.372939773,0.19560850895555038,0
actual,1745422278.8704586,394651.08694237913,4438791.3738006465,0.19149300512605508,0
actual,1745422278.970419,394651.08694237913,4438791.3738006465,0.19149300512605508,0
actual,1745422279.0704281,394651.08694237913,4438791.3738006465,0.19149300512605508,0
actual,1745422279.1704075,394651.08694237913,4438791.3738006465,0.19149300512605508,0
actual,1745422279.2704568,394651.08694237913,4438791.3738006465,0.19149300512605508,0
actual,1745422279.3704014,394651.0869537693,4438791.374838226,0.19203215478528884,0
actual,1745422279.470426,394651.0869537693,4438791.374838226,0.19203215478528884,0
actual,1745422279.5704238,394651.0869537693,4438791.374838226,0.19203215478528884,0
actual,1745422279.6704304,394651.0869537693,4438791.374838226,0.19203215478528884,0
actual,1745422279.7703998,394651.0869537693,4438791.374838226,0.19203215478528884,0
actual,1745422279.870487,394651.0881208302,4438791.374223859,0.1937042151152843,0
actual,1745422279.9704072,394651.0881208302,4438791.374223859,0.1937042151152843,0
actual,1745422280.0704346,394651.0881208302,4438791.374223859,0.1937042151152843,0
actual,1745422280.1704373,394651.0881208302,4438791.374223859,0.1937042151152843,0
actual,1745422280.2704136,394651.0881208302,4438791.374223859,0.1937042151152843,0
actual,1745422280.370385,394651.08760611794,4438791.376199855,0.18974982262904083,0
actual,1745422280.4704432,394651.08760611794,4438791.376199855,0.18974982262904083,0
actual,1745422280.5704596,394651.08760611794,4438791.376199855,0.18974982262904083,0
actual,1745422280.6704159,394651.08760611794,4438791.376199855,0.18974982262904083,0
actual,1745422280.7704055,394651.08760611794,4438791.376199855,0.18974982262904083,0
actual,1745422280.8704488,394651.087254884,4438791.374161626,0.1933593380550904,0
actual,1745422280.970403,394651.087254884,4438791.374161626,0.1933593380550904,0
actual,1745422281.070407,394651.087254884,4438791.374161626,0.1933593380550904,0
actual,1745422281.1704326,394651.087254884,4438791.374161626,0.1933593380550904,0
actual,1745422281.2704186,394651.087254884,4438791.374161626,0.1933593380550904,0
actual,1745422281.3704565,394651.0891231585,4438791.375290404,0.19277172060252884,0
actual,1745422281.4704497,394651.0891231585,4438791.375290404,0.19277172060252884,0
actual,1745422281.570504,394651.0891231585,4438791.375290404,0.19277172060252884,0
actual,1745422281.6704395,394651.0891231585,4438791.375290404,0.19277172060252884,0
actual,1745422281.7704015,394651.0891231585,4438791.375290404,0.19277172060252884,0
actual,1745422281.8705,394651.0863612511,4438791.372374476,0.19267651289183257,0
actual,1745422281.9705365,394651.0863612511,4438791.372374476,0.19267651289183257,0
actual,1745422282.0705132,394651.0863612511,4438791.372374476,0.19267651289183257,0
actual,1745422282.1704319,394651.0863612511,4438791.372374476,0.19267651289183257,0
actual,1745422282.2704208,394651.0863612511,4438791.372374476,0.19267651289183257,0
actual,1745422282.370409,394651.0863612511,4438791.372374476,0.19267651289183257,0
actual,1745422282.4705422,394651.08744404203,4438791.374409281,0.19206611889253247,0
actual,1745422282.5704045,394651.08744404203,4438791.374409281,0.19206611889253247,0
actual,1745422282.6703708,394651.08744404203,4438791.374409281,0.19206611889253247,0
actual,1745422282.7704995,394651.08744404203,4438791.374409281,0.19206611889253247,0
actual,1745422282.870479,394651.0866517783,4438791.372954485,0.19295108808975633,0
actual,1745422282.9704535,394651.0866517783,4438791.372954485,0.19295108808975633,0
actual,1745422283.0704083,394651.0866517783,4438791.372954485,0.19295108808975633,0
actual,1745422283.1704063,394651.0866517783,4438791.372954485,0.19295108808975633,0
actual,1745422283.27042,394651.0866517783,4438791.372954485,0.19295108808975633,0
actual,1745422283.3704,394651.08683487884,4438791.371771854,0.19410729890603234,0
actual,1745422283.4704003,394651.08683487884,4438791.371771854,0.19410729890603234,0
actual,1745422283.5704143,394651.08683487884,4438791.371771854,0.19410729890603234,0
actual,1745422283.6704266,394651.08683487884,4438791.371771854,0.19410729890603234,0
actual,1745422283.770363,394651.08683487884,4438791.371771854,0.19410729890603234,0
actual,1745422283.870429,394651.0856319688,4438791.371332628,0.19499333275409997,0
actual,1745422283.970398,394651.0856319688,4438791.371332628,0.19499333275409997,0
actual,1745422284.0703998,394651.0856319688,4438791.371332628,0.19499333275409997,0
actual,1745422284.1704369,394651.0856319688,4438791.371332628,0.19499333275409997,0
actual,1745422284.2703938,394651.0856319688,4438791.371332628,0.19499333275409997,0
actual,1745422284.3704283,394651.08631828584,4438791.369796051,0.19293110406982084,0
actual,1745422284.4704707,394651.08631828584,4438791.369796051,0.19293110406982084,0
actual,1745422284.5703301,394651.08631828584,4438791.369796051,0.19293110406982084,0
actual,1745422284.6704485,394651.08631828584,4438791.369796051,0.19293110406982084,0
actual,1745422284.770428,394651.08631828584,4438791.369796051,0.19293110406982084,0
actual,1745422284.8704488,394651.0864337904,4438791.372023695,0.19247211738313144,0
actual,1745422284.9704053,394651.0864337904,4438791.372023695,0.19247211738313144,0
actual,1745422285.0704353,394651.0864337904,4438791.372023695,0.19247211738313144,0
actual,1745422285.170424,394651.0864337904,4438791.372023695,0.19247211738313144,0
actual,1745422285.2704222,394651.0864337904,4438791.372023695,0.19247211738313144,0
actual,1745422285.3704088,394651.08792574005,4438791.372896511,0.19425922981741858,0
actual,1745422285.4704022,394651.08792574005,4438791.372896511,0.19425922981741858,0
actual,1745422285.5704095,394651.08792574005,4438791.372896511,0.19425922981741858,0
actual,1745422285.6703346,394651.08792574005,4438791.372896511,0.19425922981741858,0
actual,1745422285.7705061,394651.08792574005,4438791.372896511,0.19425922981741858,0
actual,1745422285.8704374,394651.08814616775,4438791.372959266,0.19382340364990294,0
actual,1745422285.9704735,394651.08814616775,4438791.372959266,0.19382340364990294,0
actual,1745422286.0703528,394651.08814616775,4438791.372959266,0.19382340364990294,0
actual,1745422286.1704242,394651.08814616775,4438791.372959266,0.19382340364990294,0
actual,1745422286.2704167,394651.08814616775,4438791.372959266,0.19382340364990294,0
actual,1745422286.3704102,394651.08982232626,4438791.37409633,0.19285441430248837,0
actual,1745422286.4704149,394651.08982232626,4438791.37409633,0.19285441430248837,0
actual,1745422286.5704162,394651.08982232626,4438791.37409633,0.19285441430248837,0
actual,1745422286.6704044,394651.08982232626,4438791.37409633,0.19285441430248837,0
actual,1745422286.770419,394651.08982232626,4438791.37409633,0.19285441430248837,0
actual,1745422286.87044,394651.08824804216,4438791.373684314,0.19252418055471843,0
actual,1745422286.9704278,394651.08824804216,4438791.373684314,0.19252418055471843,0
actual,1745422287.0703955,394651.08824804216,4438791.373684314,0.19252418055471843,0
actual,1745422287.170412,394651.08824804216,4438791.373684314,0.19252418055471843,0
actual,1745422287.2703958,394651.08824804216,4438791.373684314,0.19252418055471843,0
actual,1745422287.3704376,394651.0877562342,4438791.373906255,0.19450104518528225,0
actual,1745422287.4704015,394651.0877562342,4438791.373906255,0.19450104518528225,0
actual,1745422287.5704224,394651.0877562342,4438791.373906255,0.19450104518528225,0
actual,1745422287.670408,394651.0877562342,4438791.373906255,0.19450104518528225,0
actual,1745422287.7704015,394651.0877562342,4438791.373906255,0.19450104518528225,0
actual,1745422287.8703573,394651.0886643457,4438791.37400246,0.19385136382451998,0
actual,1745422287.9704545,394651.0886643457,4438791.37400246,0.19385136382451998,0
actual,1745422288.0703988,394651.0886643457,4438791.37400246,0.19385136382451998,0
actual,1745422288.1704276,394651.0886643457,4438791.37400246,0.19385136382451998,0
actual,1745422288.2704358,394651.0886643457,4438791.37400246,0.19385136382451998,0
actual,1745422288.370432,394651.0872662783,4438791.374097765,0.1922561328881973,0
actual,1745422288.4704785,394651.0872662783,4438791.374097765,0.1922561328881973,0
actual,1745422288.5704541,394651.0872662783,4438791.374097765,0.1922561328881973,0
actual,1745422288.67048,394651.0872662783,4438791.374097765,0.1922561328881973,0
actual,1745422288.7704637,394651.0872662783,4438791.374097765,0.1922561328881973,0
actual,1745422288.870433,394651.08767288923,4438791.376006916,0.19161310123188494,0
actual,1745422288.9704287,394651.08767288923,4438791.376006916,0.19161310123188494,0
actual,1745422289.0704272,394651.08767288923,4438791.376006916,0.19161310123188494,0
actual,1745422289.1704266,394651.08767288923,4438791.376006916,0.19161310123188494,0
actual,1745422289.2704513,394651.08767288923,4438791.376006916,0.19161310123188494,0
actual,1745422289.3704445,394651.0880066468,4438791.375045934,0.1917874072642815,0
actual,1745422289.4704294,394651.0880066468,4438791.375045934,0.1917874072642815,0
actual,1745422289.5704255,394651.0880066468,4438791.375045934,0.1917874072642815,0
actual,1745422289.6704311,394651.0880066468,4438791.375045934,0.1917874072642815,0
actual,1745422289.770426,394651.0880066468,4438791.375045934,0.1917874072642815,0
actual,1745422289.8703985,394651.0865482583,4438791.375136287,0.19127607815332476,0
actual,1745422289.9704092,394651.0865482583,4438791.375136287,0.19127607815332476,0
actual,1745422290.0704067,394651.0865482583,4438791.375136287,0.19127607815332476,0
actual,1745422290.1704118,394651.0865482583,4438791.375136287,0.19127607815332476,0
actual,1745422290.2704022,394651.0865482583,4438791.375136287,0.19127607815332476,0
actual,1745422290.3704064,394651.0879109253,4438791.374652569,0.19364564186558744,0
actual,1745422290.470431,394651.0879109253,4438791.374652569,0.19364564186558744,0
actual,1745422290.5703955,394651.0879109253,4438791.374652569,0.19364564186558744,0
actual,1745422290.6703982,394651.0879109253,4438791.374652569,0.19364564186558744,0
actual,1745422290.770456,394651.0879109253,4438791.374652569,0.19364564186558744,0
actual,1745422290.8704512,394651.0897139814,4438791.375795776,0.1916202919884031,0
actual,1745422290.970405,394651.0897139814,4438791.375795776,0.1916202919884031,0
actual,1745422291.0704014,394651.0897139814,4438791.375795776,0.1916202919884031,0
actual,1745422291.1704009,394651.0897139814,4438791.375795776,0.1916202919884031,0
actual,1745422291.2704058,394651.0897139814,4438791.375795776,0.1916202919884031,0
actual,1745422291.370338,394651.08897772385,4438791.376556595,0.19065584049704368,0
actual,1745422291.4704278,394651.08897772385,4438791.376556595,0.19065584049704368,0
actual,1745422291.5704358,394651.08897772385,4438791.376556595,0.19065584049704368,0
actual,1745422291.6704082,394651.08897772385,4438791.376556595,0.19065584049704368,0
actual,1745422291.7704046,394651.08897772385,4438791.376556595,0.19065584049704368,0
actual,1745422291.8704305,394651.0874095637,4438791.374954438,0.19005516798167718,0
actual,1745422291.9704819,394651.0874095637,4438791.374954438,0.19005516798167718,0
actual,1745422292.0704288,394651.0874095637,4438791.374954438,0.19005516798167718,0
actual,1745422292.1704295,394651.0874095637,4438791.374954438,0.19005516798167718,0
actual,1745422292.2704127,394651.0874095637,4438791.374954438,0.19005516798167718,0
actual,1745422292.3704145,394651.0884985054,4438791.373658459,0.19039803791323143,0
actual,1745422292.4704323,394651.0884985054,4438791.373658459,0.19039803791323143,0
actual,1745422292.57048,394651.0884985054,4438791.373658459,0.19039803791323143,0
actual,1745422292.6704314,394651.0884985054,4438791.373658459,0.19039803791323143,0
actual,1745422292.7704291,394651.0884985054,4438791.373658459,0.19039803791323143,0
actual,1745422292.8704004,394651.08766953833,4438791.371555949,0.19188914250638037,0
actual,1745422292.9703956,394651.08766953833,4438791.371555949,0.19188914250638037,0
actual,1745422293.0703952,394651.08766953833,4438791.371555949,0.19188914250638037,0
actual,1745422293.1704273,394651.08766953833,4438791.371555949,0.19188914250638037,0
actual,1745422293.2703166,394651.08766953833,4438791.371555949,0.19188914250638037,0
actual,1745422293.370398,394651.0858820635,4438791.375210355,0.18842051005755178,0
actual,1745422293.4704034,394651.0858820635,4438791.375210355,0.18842051005755178,0
actual,1745422293.5704029,394651.0858820635,4438791.375210355,0.18842051005755178,0
actual,1745422293.670401,394651.0858820635,4438791.375210355,0.18842051005755178,0
actual,1745422293.7703965,394651.0858820635,4438791.375210355,0.18842051005755178,0
actual,1745422293.8704095,394651.0855343359,4438791.37697649,0.1904628943482355,0
actual,1745422293.970414,394651.0855343359,4438791.37697649,0.1904628943482355,0
actual,1745422294.0704153,394651.0855343359,4438791.37697649,0.1904628943482355,0
actual,1745422294.170418,394651.0855343359,4438791.37697649,0.1904628943482355,0
actual,1745422294.2704098,394651.0855343359,4438791.37697649,0.1904628943482355,0
actual,1745422294.3703983,394651.087890999,4438791.374938751,0.19240579487155568,0
actual,1745422294.470398,394651.087890999,4438791.374938751,0.19240579487155568,0
actual,1745422294.5703955,394651.087890999,4438791.374938751,0.19240579487155568,0
actual,1745422294.670398,394651.087890999,4438791.374938751,0.19240579487155568,0
actual,1745422294.7703786,394651.087890999,4438791.374938751,0.19240579487155568,0
actual,1745422294.8704398,394651.0870789757,4438791.376171499,0.19128073818242772,0
actual,1745422294.970406,394651.0870789757,4438791.376171499,0.19128073818242772,0
actual,1745422295.0704272,394651.0870789757,4438791.376171499,0.19128073818242772,0
actual,1745422295.1704295,394651.0870789757,4438791.376171499,0.19128073818242772,0
actual,1745422295.270425,394651.0870789757,4438791.376171499,0.19128073818242772,0
actual,1745422295.3704221,394651.08514893585,4438791.376050453,0.18869375880524414,0
actual,1745422295.470396,394651.08514893585,4438791.376050453,0.18869375880524414,0
actual,1745422295.5704305,394651.08514893585,4438791.376050453,0.18869375880524414,0
actual,1745422295.6704273,394651.08514893585,4438791.376050453,0.18869375880524414,0
actual,1745422295.7704089,394651.08514893585,4438791.376050453,0.18869375880524414,0
actual,1745422295.8703961,394651.0876196709,4438791.375259367,0.1922598504395038,0
actual,1745422295.9704146,394651.0876196709,4438791.375259367,0.1922598504395038,0
actual,1745422296.0704322,394651.0876196709,4438791.375259367,0.1922598504395038,0
actual,1745422296.1703653,394651.0876196709,4438791.375259367,0.1922598504395038,0
actual,1745422296.2704134,394651.0876196709,4438791.375259367,0.1922598504395038,0
actual,1745422296.3704126,394651.0873946851,4438791.377032565,0.19286385653374163,0
actual,1745422296.4704053,394651.0873946851,4438791.377032565,0.19286385653374163,0
actual,1745422296.570317,394651.0873946851,4438791.377032565,0.19286385653374163,0
actual,1745422296.6703951,394651.0873946851,4438791.377032565,0.19286385653374163,0
actual,1745422296.7704346,394651.0873946851,4438791.377032565,0.19286385653374163,0
actual,1745422296.8704271,394651.0871527513,4438791.37415744,0.1915261489285506,0
actual,1745422296.970398,394651.0871527513,4438791.37415744,0.1915261489285506,0
actual,1745422297.070459,394651.0871527513,4438791.37415744,0.1915261489285506,0
actual,1745422297.1704216,394651.0871527513,4438791.37415744,0.1915261489285506,0
actual,1745422297.2705584,394651.0871527513,4438791.37415744,0.1915261489285506,0
actual,1745422297.3703966,394651.08679490007,4438791.3749262495,0.19227623908118008,0
actual,1745422297.470395,394651.08679490007,4438791.3749262495,0.19227623908118008,0
actual,1745422297.570397,394651.08679490007,4438791.3749262495,0.19227623908118008,0
actual,1745422297.6704743,394651.08679490007,4438791.3749262495,0.19227623908118008,0
actual,1745422297.7704287,394651.08679490007,4438791.3749262495,0.19227623908118008,0
actual,1745422297.870429,394651.0868851146,4438791.375962043,0.19233256085614212,0
actual,1745422297.970435,394651.0868851146,4438791.375962043,0.19233256085614212,0
actual,1745422298.0704048,394651.0868851146,4438791.375962043,0.19233256085614212,0
actual,1745422298.1704001,394651.0868851146,4438791.375962043,0.19233256085614212,0
actual,1745422298.2704577,394651.0868851146,4438791.375962043,0.19233256085614212,0
actual,1745422298.37045,394651.087365338,4438791.374992101,0.19218368427094687,0
actual,1745422298.4705215,394651.087365338,4438791.374992101,0.19218368427094687,0
actual,1745422298.570428,394651.087365338,4438791.374992101,0.19218368427094687,0
actual,1745422298.6704314,394651.087365338,4438791.374992101,0.19218368427094687,0
actual,1745422298.770434,394651.087365338,4438791.374992101,0.19218368427094687,0
actual,1745422298.870435,394651.08624114783,4438791.375842366,0.1908582288771049,0
actual,1745422298.9703987,394651.08624114783,4438791.375842366,0.1908582288771049,0
actual,1745422299.0703974,394651.08624114783,4438791.375842366,0.1908582288771049,0
actual,1745422299.1703029,394651.08624114783,4438791.375842366,0.1908582288771049,0
actual,1745422299.2704365,394651.08624114783,4438791.375842366,0.1908582288771049,0
actual,1745422299.3704267,394651.0866803453,4438791.377004389,0.18896552402307207,0
actual,1745422299.4704294,394651.0866803453,4438791.377004389,0.18896552402307207,0
actual,1745422299.5704153,394651.0866803453,4438791.377004389,0.18896552402307207,0
actual,1745422299.6704292,394651.0866803453,4438791.377004389,0.18896552402307207,0
actual,1745422299.7704067,394651.0866803453,4438791.377004389,0.18896552402307207,0
actual,1745422299.8704033,394651.0856529091,4438791.37613652,0.1897156141757018,0
actual,1745422299.970408,394651.0856529091,4438791.37613652,0.1897156141757018,0
actual,1745422300.070397,394651.0856529091,4438791.37613652,0.1897156141757018,0
actual,1745422300.170404,394651.0856529091,4438791.37613652,0.1897156141757018,0
actual,1745422300.2704058,394651.0856529091,4438791.37613652,0.1897156141757018,0
actual,1745422300.3704555,394651.0845372863,4438791.37749834,0.18979350822021832,0
actual,1745422300.4703343,394651.0845372863,4438791.37749834,0.18979350822021832,0
actual,1745422300.5703988,394651.0845372863,4438791.37749834,0.18979350822021832,0
actual,1745422300.6703959,394651.0845372863,4438791.37749834,0.18979350822021832,0
actual,1745422300.7703998,394651.0845372863,4438791.37749834,0.18979350822021832,0
actual,1745422300.870395,394651.08588041144,4438791.375793427,0.1905917869134955,0
actual,1745422300.9703956,394651.08588041144,4438791.375793427,0.1905917869134955,0
actual,1745422301.0703943,394651.08588041144,4438791.375793427,0.1905917869134955,0
actual,1745422301.170421,394651.08588041144,4438791.375793427,0.1905917869134955,0
actual,1745422301.2704296,394651.08588041144,4438791.375793427,0.1905917869134955,0
actual,1745422301.3704007,394651.08695111086,4438791.3771361755,0.1896508973670378,0
actual,1745422301.4703958,394651.08695111086,4438791.3771361755,0.1896508973670378,0
actual,1745422301.5704055,394651.08695111086,4438791.3771361755,0.1896508973670378,0
actual,1745422301.6704273,394651.08695111086,4438791.3771361755,0.1896508973670378,0
actual,1745422301.770399,394651.08695111086,4438791.3771361755,0.1896508973670378,0
actual,1745422301.870425,394651.0848226572,4438791.375610565,0.19055237737898525,0
actual,1745422301.9704149,394651.0848226572,4438791.375610565,0.19055237737898525,0
actual,1745422302.0704615,394651.0848226572,4438791.375610565,0.19055237737898525,0
actual,1745422302.1704006,394651.0848226572,4438791.375610565,0.19055237737898525,0
actual,1745422302.2703948,394651.0848226572,4438791.375610565,0.19055237737898525,0
actual,1745422302.3703933,394651.086438061,4438791.376692094,0.1893852408015918,0
actual,1745422302.4703991,394651.086438061,4438791.376692094,0.1893852408015918,0
actual,1745422302.5704355,394651.086438061,4438791.376692094,0.1893852408015918,0
actual,1745422302.670395,394651.086438061,4438791.376692094,0.1893852408015918,0
actual,1745422302.770424,394651.086438061,4438791.376692094,0.1893852408015918,0
actual,1745422302.87041,394651.0853295729,4438791.37522189,0.1909024380670579,0
actual,1745422302.9704018,394651.0853295729,4438791.37522189,0.1909024380670579,0
actual,1745422303.0703986,394651.0853295729,4438791.37522189,0.1909024380670579,0
actual,1745422303.1704106,394651.0853295729,4438791.37522189,0.1909024380670579,0
actual,1745422303.2703958,394651.0853295729,4438791.37522189,0.1909024380670579,0
actual,1745422303.3704004,394651.0846910234,4438791.377447153,0.19098993142246024,0
actual,1745422303.470398,394651.0846910234,4438791.377447153,0.19098993142246024,0
actual,1745422303.5704346,394651.0846910234,4438791.377447153,0.19098993142246024,0
actual,1745422303.6704092,394651.0846910234,4438791.377447153,0.19098993142246024,0
actual,1745422303.7703986,394651.0846910234,4438791.377447153,0.19098993142246024,0
actual,1745422303.8704019,394651.0862582399,4438791.377223049,0.190951586538794,0
actual,1745422303.9704423,394651.0862582399,4438791.377223049,0.190951586538794,0
actual,1745422304.0704026,394651.0862582399,4438791.377223049,0.190951586538794,0
actual,1745422304.1704383,394651.0862582399,4438791.377223049,0.190951586538794,0
actual,1745422304.270399,394651.0862582399,4438791.377223049,0.190951586538794,0
actual,1745422304.3704097,394651.0861996081,4438791.375395584,0.1912610334151726,0
actual,1745422304.470436,394651.0861996081,4438791.375395584,0.1912610334151726,0
actual,1745422304.5704293,394651.0861996081,4438791.375395584,0.1912610334151726,0
actual,1745422304.6704266,394651.0861996081,4438791.375395584,0.1912610334151726,0
actual,1745422304.7703996,394651.0861996081,4438791.375395584,0.1912610334151726,0
actual,1745422304.8704271,394651.08638792724,4438791.375105583,0.19111364035984177,0
actual,1745422304.9704266,394651.08638792724,4438791.375105583,0.19111364035984177,0
actual,1745422305.0704293,394651.08638792724,4438791.375105583,0.19111364035984177,0
actual,1745422305.1704476,394651.08638792724,4438791.375105583,0.19111364035984177,0
actual,1745422305.2704494,394651.08638792724,4438791.375105583,0.19111364035984177,0
actual,1745422305.370435,394651.0861737406,4438791.377462525,0.1886824316183985,0
actual,1745422305.4704337,394651.0861737406,4438791.377462525,0.1886824316183985,0
actual,1745422305.5704277,394651.0861737406,4438791.377462525,0.1886824316183985,0
actual,1745422305.6703987,394651.0861737406,4438791.377462525,0.1886824316183985,0
actual,1745422305.77047,394651.0861737406,4438791.377462525,0.1886824316183985,0
actual,1745422305.8704407,394651.08534663054,4438791.376267019,0.18897803803380903,0
actual,1745422305.970426,394651.08534663054,4438791.376267019,0.18897803803380903,0
actual,1745422306.0704334,394651.08534663054,4438791.376267019,0.18897803803380903,0
actual,1745422306.17043,394651.08534663054,4438791.376267019,0.18897803803380903,0
actual,1745422306.2704265,394651.08534663054,4438791.376267019,0.18897803803380903,0
actual,1745422306.370431,394651.0862056739,4438791.3765432155,0.18902132219925832,0
actual,1745422306.4704356,394651.0862056739,4438791.3765432155,0.18902132219925832,0
actual,1745422306.570429,394651.0862056739,4438791.3765432155,0.18902132219925832,0
actual,1745422306.6703951,394651.0862056739,4438791.3765432155,0.18902132219925832,0
actual,1745422306.7704036,394651.0862056739,4438791.3765432155,0.18902132219925832,0
actual,1745422306.8704336,394651.08555246267,4438791.375044385,0.18922292518115613,0
actual,1745422306.9704263,394651.08555246267,4438791.375044385,0.18922292518115613,0
actual,1745422307.07043,394651.08555246267,4438791.375044385,0.18922292518115613,0
actual,1745422307.1704266,394651.08555246267,4438791.375044385,0.18922292518115613,0
actual,1745422307.2703948,394651.08555246267,4438791.375044385,0.18922292518115613,0
actual,1745422307.3704374,394651.08617134736,4438791.374852884,0.18972160065503615,0
actual,1745422307.4704266,394651.08617134736,4438791.374852884,0.18972160065503615,0
actual,1745422307.5704114,394651.08617134736,4438791.374852884,0.18972160065503615,0
actual,1745422307.6704452,394651.08617134736,4438791.374852884,0.18972160065503615,0
actual,1745422307.7703986,394651.08617134736,4438791.374852884,0.18972160065503615,0
actual,1745422307.870431,394651.08500475367,4438791.375484089,0.18922571770795948,0
actual,1745422307.9704232,394651.08500475367,4438791.375484089,0.18922571770795948,0
actual,1745422308.0703971,394651.08500475367,4438791.375484089,0.18922571770795948,0
actual,1745422308.1703975,394651.08500475367,4438791.375484089,0.18922571770795948,0
actual,1745422308.2703953,394651.08500475367,4438791.375484089,0.18922571770795948,0
actual,1745422308.3704033,394651.0856194037,4438791.375629504,0.18980309007781165,0
actual,1745422308.4704387,394651.0856194037,4438791.375629504,0.18980309007781165,0
actual,1745422308.5704336,394651.0856194037,4438791.375629504,0.18980309007781165,0
actual,1745422308.6704395,394651.0856194037,4438791.375629504,0.18980309007781165,0
actual,1745422308.7704477,394651.0856194037,4438791.375629504,0.18980309007781165,0
actual,1745422308.8704493,394651.0870117381,4438791.374758585,0.1907526364573592,0
actual,1745422308.970436,394651.0870117381,4438791.374758585,0.1907526364573592,0
actual,1745422309.0704496,394651.0870117381,4438791.374758585,0.1907526364573592,0
actual,1745422309.170499,394651.0870117381,4438791.374758585,0.1907526364573592,0
actual,1745422309.2704582,394651.0870117381,4438791.374758585,0.1907526364573592,0
actual,1745422309.370435,394651.08612117876,4438791.374392381,0.1905168250221221,0
actual,1745422309.4704216,394651.08612117876,4438791.374392381,0.1905168250221221,0
actual,1745422309.5703523,394651.08612117876,4438791.374392381,0.1905168250221221,0
actual,1745422309.6704166,394651.08612117876,4438791.374392381,0.1905168250221221,0
actual,1745422309.7704017,394651.08612117876,4438791.374392381,0.1905168250221221,0
actual,1745422309.8704302,394651.08522391086,4438791.375336182,0.18993744552363026,0
actual,1745422309.9704463,394651.08522391086,4438791.375336182,0.18993744552363026,0
actual,1745422310.0703924,394651.08522391086,4438791.375336182,0.18993744552363026,0
actual,1745422310.1704392,394651.08522391086,4438791.375336182,0.18993744552363026,0
actual,1745422310.270439,394651.08522391086,4438791.375336182,0.18993744552363026,0
actual,1745422310.370407,394651.0862007474,4438791.374419887,0.18959096276052434,0
actual,1745422310.4704325,394651.0862007474,4438791.374419887,0.18959096276052434,0
actual,1745422310.5703452,394651.0862007474,4438791.374419887,0.18959096276052434,0
actual,1745422310.6703262,394651.0862007474,4438791.374419887,0.18959096276052434,0
actual,1745422310.7704341,394651.0862007474,4438791.374419887,0.18959096276052434,0
actual,1745422310.8704538,394651.0883666113,4438791.375033072,0.18925968181520336,0
actual,1745422310.9704423,394651.0883666113,4438791.375033072,0.18925968181520336,0
actual,1745422311.0703738,394651.0883666113,4438791.375033072,0.18925968181520336,0
actual,1745422311.1704276,394651.0883666113,4438791.375033072,0.18925968181520336,0
actual,1745422311.2703674,394651.0883666113,4438791.375033072,0.18925968181520336,0
actual,1745422311.3704448,394651.08555298665,4438791.373108801,0.19060456272362009,0
actual,1745422311.470432,394651.08555298665,4438791.373108801,0.19060456272362009,0
actual,1745422311.5704393,394651.08555298665,4438791.373108801,0.19060456272362009,0
actual,1745422311.6704578,394651.08555298665,4438791.373108801,0.19060456272362009,0
actual,1745422311.7704132,394651.08555298665,4438791.373108801,0.19060456272362009,0
actual,1745422311.870417,394651.086705141,4438791.3743792735,0.19089018585570883,0
actual,1745422311.9704297,394651.086705141,4438791.3743792735,0.19089018585570883,0
actual,1745422312.0704284,394651.086705141,4438791.3743792735,0.19089018585570883,0
actual,1745422312.170437,394651.086705141,4438791.3743792735,0.19089018585570883,0
actual,1745422312.2704244,394651.086705141,4438791.3743792735,0.19089018585570883,0
actual,1745422312.3704057,394651.0872942419,4438791.373973307,0.19075076895505957,0
actual,1745422312.470456,394651.0872942419,4438791.373973307,0.19075076895505957,0
actual,1745422312.5705185,394651.0872942419,4438791.373973307,0.19075076895505957,0
actual,1745422312.6704438,394651.0872942419,4438791.373973307,0.19075076895505957,0
actual,1745422312.7704148,394651.0872942419,4438791.373973307,0.19075076895505957,0
actual,1745422312.870491,394651.085324482,4438791.375372799,0.18889801468760498,0
actual,1745422312.9704359,394651.085324482,4438791.375372799,0.18889801468760498,0
actual,1745422313.070338,394651.085324482,4438791.375372799,0.18889801468760498,0
actual,1745422313.1704311,394651.085324482,4438791.375372799,0.18889801468760498,0
actual,1745422313.2704208,394651.085324482,4438791.375372799,0.18889801468760498,0
actual,1745422313.3704867,394651.0869770851,4438791.375137277,0.19098394494312587,0
actual,1745422313.4704404,394651.0869770851,4438791.375137277,0.19098394494312587,0
actual,1745422313.5704288,394651.0869770851,4438791.375137277,0.19098394494312587,0
actual,1745422313.6704295,394651.0869770851,4438791.375137277,0.19098394494312587,0
actual,1745422313.7704334,394651.0869770851,4438791.375137277,0.19098394494312587,0
actual,1745422313.8704286,394651.08612809936,4438791.375301104,0.18951760657206296,0
actual,1745422313.9704049,394651.08612809936,4438791.375301104,0.18951760657206296,0
actual,1745422314.0704439,394651.08612809936,4438791.375301104,0.18951760657206296,0
actual,1745422314.170491,394651.08612809936,4438791.375301104,0.18951760657206296,0
actual,1745422314.270387,394651.08612809936,4438791.375301104,0.18951760657206296,0
actual,1745422314.3704083,394651.0857411963,4438791.373602071,0.1913067086816973,0
actual,1745422314.4703991,394651.0857411963,4438791.373602071,0.1913067086816973,0
actual,1745422314.5703964,394651.0857411963,4438791.373602071,0.1913067086816973,0
actual,1745422314.6704042,394651.0857411963,4438791.373602071,0.1913067086816973,0
actual,1745422314.7704756,394651.0857411963,4438791.373602071,0.1913067086816973,0
actual,1745422314.870427,394651.08339357615,4438791.373766171,0.18992306401059367,0
actual,1745422314.9704342,394651.08339357615,4438791.373766171,0.18992306401059367,0
actual,1745422315.0704064,394651.08339357615,4438791.373766171,0.18992306401059367,0
actual,1745422315.1704621,394651.08339357615,4438791.373766171,0.18992306401059367,0
actual,1745422315.2704134,394651.08339357615,4438791.373766171,0.18992306401059367,0
actual,1745422315.3704023,394651.0849476312,4438791.375133939,0.19130803513192893,0
actual,1745422315.4704103,394651.0849476312,4438791.375133939,0.19130803513192893,0
actual,1745422315.5704422,394651.0849476312,4438791.375133939,0.19130803513192893,0
actual,1745422315.6704335,394651.0849476312,4438791.375133939,0.19130803513192893,0
actual,1745422315.7704153,394651.0849476312,4438791.375133939,0.19130803513192893,0
actual,1745422315.8703563,394651.08658232586,4438791.373294397,0.19097088988032118,0
actual,1745422315.970426,394651.08658232586,4438791.373294397,0.19097088988032118,0
actual,1745422316.0704103,394651.08658232586,4438791.373294397,0.19097088988032118,0
actual,1745422316.1704097,394651.08658232586,4438791.373294397,0.19097088988032118,0
actual,1745422316.2704237,394651.08658232586,4438791.373294397,0.19097088988032118,0
actual,1745422316.3704066,394651.0858703463,4438791.37635223,0.18983305738106837,0
actual,1745422316.4704106,394651.0858703463,4438791.37635223,0.18983305738106837,0
actual,1745422316.5704322,394651.0858703463,4438791.37635223,0.18983305738106837,0
actual,1745422316.6704233,394651.0858703463,4438791.37635223,0.18983305738106837,0
actual,1745422316.77041,394651.0858703463,4438791.37635223,0.18983305738106837,0
actual,1745422316.8703966,394651.08388806024,4438791.374756679,0.19082681295056894,0
actual,1745422316.9703739,394651.08388806024,4438791.374756679,0.19082681295056894,0
actual,1745422317.07049,394651.08388806024,4438791.374756679,0.19082681295056894,0
actual,1745422317.170457,394651.08388806024,4438791.374756679,0.19082681295056894,0
actual,1745422317.270443,394651.08388806024,4438791.374756679,0.19082681295056894,0
actual,1745422317.3703306,394651.0833414585,4438791.37399556,0.19110444247468367,0
actual,1745422317.4703965,394651.0833414585,4438791.37399556,0.19110444247468367,0
actual,1745422317.570399,394651.0833414585,4438791.37399556,0.19110444247468367,0
actual,1745422317.6703947,394651.0833414585,4438791.37399556,0.19110444247468367,0
actual,1745422317.7704048,394651.0833414585,4438791.37399556,0.19110444247468367,0
actual,1745422317.8704,394651.08443821676,4438791.375188244,0.1899097471484011,0
actual,1745422317.970407,394651.08443821676,4438791.375188244,0.1899097471484011,0
actual,1745422318.0704298,394651.08443821676,4438791.375188244,0.1899097471484011,0
actual,1745422318.170413,394651.08443821676,4438791.375188244,0.1899097471484011,0
actual,1745422318.2704206,394651.08443821676,4438791.375188244,0.1899097471484011,0
actual,1745422318.3704126,394651.0855886254,4438791.374749766,0.19129977972456677,0
actual,1745422318.4704027,394651.0855886254,4438791.374749766,0.19129977972456677,0
actual,1745422318.5703533,394651.0855886254,4438791.374749766,0.19129977972456677,0
actual,1745422318.6703126,394651.0855886254,4438791.374749766,0.19129977972456677,0
actual,1745422318.7704363,394651.0855886254,4438791.374749766,0.19129977972456677,0
actual,1745422318.8704698,394651.0856986905,4438791.375576379,0.1905077667633043,0
actual,1745422318.97055,394651.0856986905,4438791.375576379,0.1905077667633043,0
actual,1745422319.0704758,394651.0856986905,4438791.375576379,0.1905077667633043,0
actual,1745422319.170417,394651.0856986905,4438791.375576379,0.1905077667633043,0
actual,1745422319.2704117,394651.0856986905,4438791.375576379,0.1905077667633043,0
actual,1745422319.370396,394651.0864445712,4438791.37543504,0.18955502643122574,0
actual,1745422319.4704192,394651.0864445712,4438791.37543504,0.18955502643122574,0
actual,1745422319.5704057,394651.0864445712,4438791.37543504,0.18955502643122574,0
actual,1745422319.670411,394651.0864445712,4438791.37543504,0.18955502643122574,0
actual,1745422319.7704003,394651.0864445712,4438791.37543504,0.18955502643122574,0
actual,1745422319.8704062,394651.0837397035,4438791.375642038,0.19047940516295958,0
actual,1745422319.9703994,394651.0837397035,4438791.375642038,0.19047940516295958,0
actual,1745422320.0704367,394651.0837397035,4438791.375642038,0.19047940516295958,0
actual,1745422320.1704006,394651.0837397035,4438791.375642038,0.19047940516295958,0
actual,1745422320.2703972,394651.0837397035,4438791.375642038,0.19047940516295958,0
actual,1745422320.3703985,394651.08561076503,4438791.37418137,0.19137887804626735,0
actual,1745422320.4704585,394651.08561076503,4438791.37418137,0.19137887804626735,0
actual,1745422320.570589,394651.08561076503,4438791.37418137,0.19137887804626735,0
actual,1745422320.670436,394651.08561076503,4438791.37418137,0.19137887804626735,0
actual,1745422320.7704031,394651.08561076503,4438791.37418137,0.19137887804626735,0
actual,1745422320.8704674,394651.0849241968,4438791.375163094,0.190296180498085,0
actual,1745422320.9704115,394651.0849241968,4438791.375163094,0.190296180498085,0
actual,1745422321.0702953,394651.0849241968,4438791.375163094,0.190296180498085,0
actual,1745422321.1704097,394651.0849241968,4438791.375163094,0.190296180498085,0
actual,1745422321.2704375,394651.0849241968,4438791.375163094,0.190296180498085,0
actual,1745422321.3704543,394651.08562476054,4438791.37556379,0.19027420680280255,0
actual,1745422321.4704416,394651.08562476054,4438791.37556379,0.19027420680280255,0
actual,1745422321.5704062,394651.08562476054,4438791.37556379,0.19027420680280255,0
actual,1745422321.6703362,394651.08562476054,4438791.37556379,0.19027420680280255,0
actual,1745422321.7704253,394651.08562476054,4438791.37556379,0.19027420680280255,0
actual,1745422321.8704145,394651.0833977406,4438791.374589489,0.19063746218001995,0
actual,1745422321.9704492,394651.0833977406,4438791.374589489,0.19063746218001995,0
actual,1745422322.0704136,394651.0833977406,4438791.374589489,0.19063746218001995,0
actual,1745422322.1704323,394651.0833977406,4438791.374589489,0.19063746218001995,0
actual,1745422322.2704387,394651.0833977406,4438791.374589489,0.19063746218001995,0
actual,1745422322.3704457,394651.0833977406,4438791.374589489,0.19063746218001995,0
actual,1745422322.4704306,394651.084730235,4438791.375893609,0.19016927760817268,0
actual,1745422322.57043,394651.084730235,4438791.375893609,0.19016927760817268,0
actual,1745422322.6704235,394651.084730235,4438791.375893609,0.19016927760817268,0
actual,1745422322.7703552,394651.084730235,4438791.375893609,0.19016927760817268,0
actual,1745422322.8704004,394651.0852907127,4438791.376293854,0.19169153632846944,0
actual,1745422322.9704983,394651.0852907127,4438791.376293854,0.19169153632846944,0
actual,1745422323.0704155,394651.0852907127,4438791.376293854,0.19169153632846944,0
actual,1745422323.170406,394651.0852907127,4438791.376293854,0.19169153632846944,0
actual,1745422323.2704353,394651.0852907127,4438791.376293854,0.19169153632846944,0
actual,1745422323.3704286,394651.08542195696,4438791.376386906,0.18994437448076054,0
actual,1745422323.4704087,394651.08542195696,4438791.376386906,0.18994437448076054,0
actual,1745422323.5704217,394651.08542195696,4438791.376386906,0.18994437448076054,0
actual,1745422323.6704228,394651.08542195696,4438791.376386906,0.18994437448076054,0
actual,1745422323.7704494,394651.08542195696,4438791.376386906,0.18994437448076054,0
actual,1745422323.870459,394651.0865121716,4438791.37546464,0.19145026201267376,0
actual,1745422323.9704025,394651.0865121716,4438791.37546464,0.19145026201267376,0
actual,1745422324.0704265,394651.0865121716,4438791.37546464,0.19145026201267376,0
actual,1745422324.1703155,394651.0865121716,4438791.37546464,0.19145026201267376,0
actual,1745422324.270536,394651.0865121716,4438791.37546464,0.19145026201267376,0
actual,1745422324.370482,394651.0854110452,4438791.3761126,0.19036915271411092,0
actual,1745422324.4704523,394651.0854110452,4438791.3761126,0.19036915271411092,0
actual,1745422324.570406,394651.0854110452,4438791.3761126,0.19036915271411092,0
actual,1745422324.6704025,394651.0854110452,4438791.3761126,0.19036915271411092,0
actual,1745422324.7704012,394651.0854110452,4438791.3761126,0.19036915271411092,0
actual,1745422324.8704019,394651.0843142427,4438791.375015652,0.1911722310628311,0
actual,1745422324.970421,394651.0843142427,4438791.375015652,0.1911722310628311,0
actual,1745422325.0703988,394651.0843142427,4438791.375015652,0.1911722310628311,0
actual,1745422325.1704123,394651.0843142427,4438791.375015652,0.1911722310628311,0
actual,1745422325.2704265,394651.0843142427,4438791.375015652,0.1911722310628311,0
actual,1745422325.3704417,394651.08541810996,4438791.374293965,0.19293736980183557,0
actual,1745422325.470398,394651.08541810996,4438791.374293965,0.19293736980183557,0
actual,1745422325.5704217,394651.08541810996,4438791.374293965,0.19293736980183557,0
actual,1745422325.6704023,394651.08541810996,4438791.374293965,0.19293736980183557,0
actual,1745422325.770407,394651.08541810996,4438791.374293965,0.19293736980183557,0
actual,1745422325.8704178,394651.08610449266,4438791.377095565,0.18991360432604792,0
actual,1745422325.970404,394651.08610449266,4438791.377095565,0.18991360432604792,0
actual,1745422326.070408,394651.08610449266,4438791.377095565,0.18991360432604792,0
actual,1745422326.170499,394651.08610449266,4438791.377095565,0.18991360432604792,0
actual,1745422326.2704792,394651.08610449266,4438791.377095565,0.18991360432604792,0
actual,1745422326.3704133,394651.0863132593,4438791.3774870215,0.19055743883381615,0
actual,1745422326.4704037,394651.0863132593,4438791.3774870215,0.19055743883381615,0
actual,1745422326.570398,394651.0863132593,4438791.3774870215,0.19055743883381615,0
actual,1745422326.670395,394651.0863132593,4438791.3774870215,0.19055743883381615,0
actual,1745422326.7704308,394651.0863132593,4438791.3774870215,0.19055743883381615,0
actual,1745422326.8704336,394651.0862894103,4438791.377154822,0.19075050715567168,0
actual,1745422326.9704268,394651.0862894103,4438791.377154822,0.19075050715567168,0
actual,1745422327.0704587,394651.0862894103,4438791.377154822,0.19075050715567168,0
actual,1745422327.170441,394651.0862894103,4438791.377154822,0.19075050715567168,0
actual,1745422327.2704155,394651.0862894103,4438791.377154822,0.19075050715567168,0
actual,1745422327.370461,394651.0856903251,4438791.375459901,0.1913979195884064,0
actual,1745422327.470408,394651.0856903251,4438791.375459901,0.1913979195884064,0
actual,1745422327.5704448,394651.0856903251,4438791.375459901,0.1913979195884064,0
actual,1745422327.6704369,394651.0856903251,4438791.375459901,0.1913979195884064,0
actual,1745422327.7704592,394651.0856903251,4438791.375459901,0.1913979195884064,0
actual,1745422327.8705506,394651.08757505275,4438791.375287676,0.19222843451296812,0
actual,1745422327.9704227,394651.08757505275,4438791.375287676,0.19222843451296812,0
actual,1745422328.0704682,394651.08757505275,4438791.375287676,0.19222843451296812,0
actual,1745422328.1704094,394651.08757505275,4438791.375287676,0.19222843451296812,0
actual,1745422328.270414,394651.08757505275,4438791.375287676,0.19222843451296812,0
actual,1745422328.3704112,394651.0877113721,4438791.375344551,0.19014637888838654,0
actual,1745422328.4704163,394651.0877113721,4438791.375344551,0.19014637888838654,0
actual,1745422328.5704234,394651.0877113721,4438791.375344551,0.19014637888838654,0
actual,1745422328.6704202,394651.0877113721,4438791.375344551,0.19014637888838654,0
actual,1745422328.770339,394651.0877113721,4438791.375344551,0.19014637888838654,0
actual,1745422328.8704293,394651.0848950186,4438791.374696462,0.1910386610151759,0
actual,1745422328.9704428,394651.0848950186,4438791.374696462,0.1910386610151759,0
actual,1745422329.0703263,394651.0848950186,4438791.374696462,0.1910386610151759,0
actual,1745422329.170523,394651.0848950186,4438791.374696462,0.1910386610151759,0
actual,1745422329.2704158,394651.0848950186,4438791.374696462,0.1910386610151759,0
actual,1745422329.3704329,394651.0860632412,4438791.374526266,0.19173574551842246,0
actual,1745422329.4704132,394651.0860632412,4438791.374526266,0.19173574551842246,0
actual,1745422329.5704715,394651.0860632412,4438791.374526266,0.19173574551842246,0
actual,1745422329.670448,394651.0860632412,4438791.374526266,0.19173574551842246,0
actual,1745422329.7703938,394651.0860632412,4438791.374526266,0.19173574551842246,0
actual,1745422329.8703308,394651.08493038,4438791.374813556,0.1911238854425509,0
actual,1745422329.9706745,394651.08493038,4438791.374813556,0.1911238854425509,0
actual,1745422330.0705225,394651.08493038,4438791.374813556,0.1911238854425509,0
actual,1745422330.1704602,394651.08493038,4438791.374813556,0.1911238854425509,0
actual,1745422330.270424,394651.08493038,4438791.374813556,0.1911238854425509,0
actual,1745422330.3704014,394651.0861469273,4438791.375310238,0.19149260370032714,0
actual,1745422330.4704115,394651.0861469273,4438791.375310238,0.19149260370032714,0
actual,1745422330.5704286,394651.0861469273,4438791.375310238,0.19149260370032714,0
actual,1745422330.6704104,394651.0861469273,4438791.375310238,0.19149260370032714,0
actual,1745422330.7704597,394651.0861469273,4438791.375310238,0.19149260370032714,0
actual,1745422330.8704574,394651.08591821534,4438791.375171194,0.19083173477905954,0
actual,1745422330.97035,394651.08591821534,4438791.375171194,0.19083173477905954,0
actual,1745422331.0704207,394651.08591821534,4438791.375171194,0.19083173477905954,0
actual,1745422331.170402,394651.08591821534,4438791.375171194,0.19083173477905954,0
actual,1745422331.2704113,394651.08591821534,4438791.375171194,0.19083173477905954,0
actual,1745422331.3704066,394651.0850789219,4438791.375522497,0.19089351943458016,0
actual,1745422331.4704502,394651.0850789219,4438791.375522497,0.19089351943458016,0
actual,1745422331.5703874,394651.0850789219,4438791.375522497,0.19089351943458016,0
actual,1745422331.6704495,394651.0850789219,4438791.375522497,0.19089351943458016,0
actual,1745422331.770433,394651.0850789219,4438791.375522497,0.19089351943458016,0
actual,1745422331.8704457,394651.08424095786,4438791.373394212,0.19189512898571473,0
actual,1745422331.9704256,394651.08424095786,4438791.373394212,0.19189512898571473,0
actual,1745422332.070405,394651.08424095786,4438791.373394212,0.19189512898571473,0
actual,1745422332.1704195,394651.08424095786,4438791.373394212,0.19189512898571473,0
actual,1745422332.2704043,394651.08424095786,4438791.373394212,0.19189512898571473,0
actual,1745422332.3704126,394651.08503357164,4438791.3727788795,0.19075104820773994,0
actual,1745422332.4704425,394651.08503357164,4438791.3727788795,0.19075104820773994,0
actual,1745422332.5704405,394651.08503357164,4438791.3727788795,0.19075104820773994,0
actual,1745422332.6703463,394651.08503357164,4438791.3727788795,0.19075104820773994,0
actual,1745422332.7703264,394651.08503357164,4438791.3727788795,0.19075104820773994,0
actual,1745422332.8704042,394651.08535136847,4438791.374394737,0.19154705797298954,0
actual,1745422332.970416,394651.08535136847,4438791.374394737,0.19154705797298954,0
actual,1745422333.0703998,394651.08535136847,4438791.374394737,0.19154705797298954,0
actual,1745422333.1704311,394651.08535136847,4438791.374394737,0.19154705797298954,0
actual,1745422333.2704594,394651.08535136847,4438791.374394737,0.19154705797298954,0
actual,1745422333.370439,394651.0851104156,4438791.374324126,0.19279315324574328,0
actual,1745422333.4704056,394651.0851104156,4438791.374324126,0.19279315324574328,0
actual,1745422333.570406,394651.0851104156,4438791.374324126,0.19279315324574328,0
actual,1745422333.6703994,394651.0851104156,4438791.374324126,0.19279315324574328,0
actual,1745422333.7704022,394651.0851104156,4438791.374324126,0.19279315324574328,0
actual,1745422333.8704333,394651.086692057,4438791.373647406,0.1926151296620399,0
actual,1745422333.9703987,394651.086692057,4438791.373647406,0.1926151296620399,0
actual,1745422334.0704021,394651.086692057,4438791.373647406,0.1926151296620399,0
actual,1745422334.1704009,394651.086692057,4438791.373647406,0.1926151296620399,0
actual,1745422334.2704117,394651.086692057,4438791.373647406,0.1926151296620399,0
actual,1745422334.3704069,394651.0876449862,4438791.373847166,0.1902497023801044,0
actual,1745422334.4704251,394651.0876449862,4438791.373847166,0.1902497023801044,0
actual,1745422334.570407,394651.0876449862,4438791.373847166,0.1902497023801044,0
actual,1745422334.6703272,394651.0876449862,4438791.373847166,0.1902497023801044,0
actual,1745422334.7704175,394651.0876449862,4438791.373847166,0.1902497023801044,0
actual,1745422334.8704667,394651.08774235816,4438791.374604879,0.19017620656530296,0
actual,1745422334.9704123,394651.08774235816,4438791.374604879,0.19017620656530296,0
actual,1745422335.070425,394651.08774235816,4438791.374604879,0.19017620656530296,0
actual,1745422335.1704257,394651.08774235816,4438791.374604879,0.19017620656530296,0
actual,1745422335.2704396,394651.08774235816,4438791.374604879,0.19017620656530296,0
actual,1745422335.370419,394651.08393033105,4438791.375750233,0.19123960077195815,0
actual,1745422335.470414,394651.08393033105,4438791.375750233,0.19123960077195815,0
actual,1745422335.5704107,394651.08393033105,4438791.375750233,0.19123960077195815,0
actual,1745422335.6704187,394651.08393033105,4438791.375750233,0.19123960077195815,0
actual,1745422335.7704334,394651.08393033105,4438791.375750233,0.19123960077195815,0
actual,1745422335.8704464,394651.0862993704,4438791.375817378,0.19146596997594173,0
actual,1745422335.97042,394651.0862993704,4438791.375817378,0.19146596997594173,0
actual,1745422336.0704005,394651.0862993704,4438791.375817378,0.19146596997594173,0
actual,1745422336.1704016,394651.0862993704,4438791.375817378,0.19146596997594173,0
actual,1745422336.2704,394651.0862993704,4438791.375817378,0.19146596997594173,0
actual,1745422336.3704507,394651.08724397945,4438791.37465111,0.1912856774642108,0
actual,1745422336.4704092,394651.08724397945,4438791.37465111,0.1912856774642108,0
actual,1745422336.570423,394651.08724397945,4438791.37465111,0.1912856774642108,0
actual,1745422336.670429,394651.08724397945,4438791.37465111,0.1912856774642108,0
actual,1745422336.7704642,394651.08724397945,4438791.37465111,0.1912856774642108,0
actual,1745422336.8704305,394651.084615767,4438791.37389079,0.19035370655023082,0
actual,1745422336.970422,394651.084615767,4438791.37389079,0.19035370655023082,0
actual,1745422337.0704312,394651.084615767,4438791.37389079,0.19035370655023082,0
actual,1745422337.1704488,394651.084615767,4438791.37389079,0.19035370655023082,0
actual,1745422337.27046,394651.084615767,4438791.37389079,0.19035370655023082,0
actual,1745422337.3704946,394651.0860177972,4438791.373289644,0.1907386563700508,0
actual,1745422337.4704187,394651.0860177972,4438791.373289644,0.1907386563700508,0
actual,1745422337.5704045,394651.0860177972,4438791.373289644,0.1907386563700508,0
actual,1745422337.6703756,394651.0860177972,4438791.373289644,0.1907386563700508,0
actual,1745422337.7703977,394651.0860177972,4438791.373289644,0.1907386563700508,0
actual,1745422337.870399,394651.0853780997,4438791.375683526,0.1886635297025995,0
actual,1745422337.9703617,394651.0853780997,4438791.375683526,0.1886635297025995,0
actual,1745422338.0704982,394651.0853780997,4438791.375683526,0.1886635297025995,0
actual,1745422338.1705172,394651.0853780997,4438791.375683526,0.1886635297025995,0
actual,1745422338.270462,394651.0853780997,4438791.375683526,0.1886635297025995,0
actual,1745422338.370407,394651.08735165594,4438791.373387546,0.1914784839866787,0
actual,1745422338.4704027,394651.08735165594,4438791.373387546,0.1914784839866787,0
actual,1745422338.570431,394651.08735165594,4438791.373387546,0.1914784839866787,0
actual,1745422338.6704364,394651.08735165594,4438791.373387546,0.1914784839866787,0
actual,1745422338.770418,394651.08735165594,4438791.373387546,0.1914784839866787,0
actual,1745422338.8704178,394651.0862302752,4438791.374820497,0.19035796515360562,0
actual,1745422338.9704022,394651.0862302752,4438791.374820497,0.19035796515360562,0
actual,1745422339.0704174,394651.0862302752,4438791.374820497,0.19035796515360562,0
actual,1745422339.1704013,394651.0862302752,4438791.374820497,0.19035796515360562,0
actual,1745422339.270402,394651.0862302752,4438791.374820497,0.19035796515360562,0
actual,1745422339.3704047,394651.0876856275,4438791.375266215,0.19047368048301286,0
actual,1745422339.4703813,394651.0876856275,4438791.375266215,0.19047368048301286,0
actual,1745422339.5704038,394651.0876856275,4438791.375266215,0.19047368048301286,0
actual,1745422339.6704304,394651.0876856275,4438791.375266215,0.19047368048301286,0
actual,1745422339.77041,394651.0876856275,4438791.375266215,0.19047368048301286,0
actual,1745422339.870418,394651.0824221569,4438791.37694495,0.1882774977786433,0
actual,1745422339.970435,394651.0824221569,4438791.37694495,0.1882774977786433,0
actual,1745422340.0704043,394651.0824221569,4438791.37694495,0.1882774977786433,0
actual,1745422340.1704392,394651.0824221569,4438791.37694495,0.1882774977786433,0
actual,1745422340.2704313,394651.0824221569,4438791.37694495,0.1882774977786433,0
actual,1745422340.3704336,394651.08489743527,4438791.373862132,0.18994463628014843,0
actual,1745422340.4704325,394651.08489743527,4438791.373862132,0.18994463628014843,0
actual,1745422340.5704422,394651.08489743527,4438791.373862132,0.18994463628014843,0
actual,1745422340.6704133,394651.08489743527,4438791.373862132,0.18994463628014843,0
actual,1745422340.7704086,394651.08489743527,4438791.373862132,0.18994463628014843,0
actual,1745422340.8703973,394651.0852075679,4438791.375231156,0.1913804837491791,0
actual,1745422340.9704034,394651.0852075679,4438791.375231156,0.1913804837491791,0
actual,1745422341.0703504,394651.0852075679,4438791.375231156,0.1913804837491791,0
actual,1745422341.1704338,394651.0852075679,4438791.375231156,0.1913804837491791,0
actual,1745422341.2704136,394651.0852075679,4438791.375231156,0.1913804837491791,0
actual,1745422341.3704069,394651.0853493854,4438791.376115835,0.19050788893635215,0
actual,1745422341.470401,394651.0853493854,4438791.376115835,0.19050788893635215,0
actual,1745422341.5704315,394651.0853493854,4438791.376115835,0.19050788893635215,0
actual,1745422341.6704307,394651.0853493854,4438791.376115835,0.19050788893635215,0
actual,1745422341.7704308,394651.0853493854,4438791.376115835,0.19050788893635215,0
actual,1745422341.8703988,394651.0836913085,4438791.373850808,0.19096795772717778,0
actual,1745422341.9704113,394651.0836913085,4438791.373850808,0.19096795772717778,0
actual,1745422342.07038,394651.0836913085,4438791.373850808,0.19096795772717778,0
actual,1745422342.1704848,394651.0836913085,4438791.373850808,0.19096795772717778,0
actual,1745422342.2704487,394651.0836913085,4438791.373850808,0.19096795772717778,0
actual,1745422342.3703997,394651.0851538863,4438791.374611173,0.18920854366811982,0
actual,1745422342.4704278,394651.0851538863,4438791.374611173,0.18920854366811982,0
actual,1745422342.5704076,394651.0851538863,4438791.374611173,0.18920854366811982,0
actual,1745422342.6704035,394651.0851538863,4438791.374611173,0.18920854366811982,0
actual,1745422342.7703996,394651.0851538863,4438791.374611173,0.18920854366811982,0
actual,1745422342.8704445,394651.08691337705,4438791.37386207,0.1896658024788499,0
actual,1745422342.970508,394651.08691337705,4438791.37386207,0.1896658024788499,0
actual,1745422343.0703988,394651.08691337705,4438791.37386207,0.1896658024788499,0
actual,1745422343.1704144,394651.08691337705,4438791.37386207,0.1896658024788499,0
actual,1745422343.2704046,394651.08691337705,4438791.37386207,0.1896658024788499,0
actual,1745422343.370423,394651.0837919529,4438791.3711163895,0.18995568421431344,0
actual,1745422343.4703383,394651.0837919529,4438791.3711163895,0.18995568421431344,0
actual,1745422343.5704305,394651.0837919529,4438791.3711163895,0.18995568421431344,0
actual,1745422343.6704078,394651.0837919529,4438791.3711163895,0.18995568421431344,0
actual,1745422343.770429,394651.0837919529,4438791.3711163895,0.18995568421431344,0
actual,1745422343.8704257,394651.0872471024,4438791.37226636,0.1939263257158931,0
actual,1745422343.9704256,394651.0872471024,4438791.37226636,0.1939263257158931,0
actual,1745422344.0704038,394651.0872471024,4438791.37226636,0.1939263257158931,0
actual,1745422344.1704016,394651.0872471024,4438791.37226636,0.1939263257158931,0
actual,1745422344.2704284,394651.0872471024,4438791.37226636,0.1939263257158931,0
actual,1745422344.370402,394651.0840250956,4438791.372856347,0.19040496687036196,0
actual,1745422344.4704175,394651.0840250956,4438791.372856347,0.19040496687036196,0
actual,1745422344.5704322,394651.0840250956,4438791.372856347,0.19040496687036196,0
actual,1745422344.6704087,394651.0840250956,4438791.372856347,0.19040496687036196,0
actual,1745422344.7704344,394651.0840250956,4438791.372856347,0.19040496687036196,0
actual,1745422344.870403,394651.0835658767,4438791.370744043,0.19000415200764148,0
actual,1745422344.970397,394651.0835658767,4438791.370744043,0.19000415200764148,0
actual,1745422345.0703263,394651.0835658767,4438791.370744043,0.19000415200764148,0
actual,1745422345.17045,394651.0835658767,4438791.370744043,0.19000415200764148,0
actual,1745422345.2704494,394651.0835658767,4438791.370744043,0.19000415200764148,0
actual,1745422345.3704698,394651.08337115066,4438791.372476076,0.19171031607122085,0
actual,1745422345.470432,394651.08337115066,4438791.372476076,0.19171031607122085,0
actual,1745422345.5704057,394651.08337115066,4438791.372476076,0.19171031607122085,0
actual,1745422345.6703982,394651.08337115066,4438791.372476076,0.19171031607122085,0
actual,1745422345.7703984,394651.08337115066,4438791.372476076,0.19171031607122085,0
actual,1745422345.870493,394651.08544316643,4438791.374825887,0.19270752739264035,0
actual,1745422345.9704213,394651.08544316643,4438791.374825887,0.19270752739264035,0
actual,1745422346.0704257,394651.08544316643,4438791.374825887,0.19270752739264035,0
actual,1745422346.1704218,394651.08544316643,4438791.374825887,0.19270752739264035,0
actual,1745422346.2704282,394651.08544316643,4438791.374825887,0.19270752739264035,0
actual,1745422346.3704407,394651.08819977095,4438791.374846319,0.19314735036414313,0
actual,1745422346.4703102,394651.08819977095,4438791.374846319,0.19314735036414313,0
actual,1745422346.5704277,394651.08819977095,4438791.374846319,0.19314735036414313,0
actual,1745422346.6704364,394651.08819977095,4438791.374846319,0.19314735036414313,0
actual,1745422346.770435,394651.08819977095,4438791.374846319,0.19314735036414313,0
actual,1745422346.8704715,394651.0848784973,4438791.373105538,0.1924360239742003,0
actual,1745422346.9704351,394651.0848784973,4438791.373105538,0.1924360239742003,0
actual,1745422347.0704467,394651.0848784973,4438791.373105538,0.1924360239742003,0
actual,1745422347.1704025,394651.0848784973,4438791.373105538,0.1924360239742003,0
actual,1745422347.2704425,394651.0848784973,4438791.373105538,0.1924360239742003,0
actual,1745422347.3704083,394651.0841956717,4438791.373261469,0.19251831624843166,0
actual,1745422347.470447,394651.0841956717,4438791.373261469,0.19251831624843166,0
actual,1745422347.570406,394651.0841956717,4438791.373261469,0.19251831624843166,0
actual,1745422347.6704066,394651.0841956717,4438791.373261469,0.19251831624843166,0
actual,1745422347.7704458,394651.0841956717,4438791.373261469,0.19251831624843166,0
actual,1745422347.8704696,394651.08147002803,4438791.375502597,0.18715804359641422,0
actual,1745422347.970413,394651.08147002803,4438791.375502597,0.18715804359641422,0
actual,1745422348.0703962,394651.08147002803,4438791.375502597,0.18715804359641422,0
actual,1745422348.1704328,394651.08147002803,4438791.375502597,0.18715804359641422,0
actual,1745422348.2704046,394651.08147002803,4438791.375502597,0.18715804359641422,0
actual,1745422348.370426,394651.08447638917,4438791.375028832,0.19098127458937036,0
actual,1745422348.4704115,394651.08447638917,4438791.375028832,0.19098127458937036,0
actual,1745422348.570418,394651.08447638917,4438791.375028832,0.19098127458937036,0
actual,1745422348.6703577,394651.08447638917,4438791.375028832,0.19098127458937036,0
actual,1745422348.7704427,394651.08447638917,4438791.375028832,0.19098127458937036,0
actual,1745422348.8704314,394651.0840765529,4438791.37566265,0.19038391819958297,0
actual,1745422348.970431,394651.0840765529,4438791.37566265,0.19038391819958297,0
actual,1745422349.0704281,394651.0840765529,4438791.37566265,0.19038391819958297,0
actual,1745422349.170424,394651.0840765529,4438791.37566265,0.19038391819958297,0
actual,1745422349.27044,394651.0840765529,4438791.37566265,0.19038391819958297,0
actual,1745422349.370424,394651.0842258688,4438791.378134427,0.1905232129271844,0
actual,1745422349.470442,394651.0842258688,4438791.378134427,0.1905232129271844,0
actual,1745422349.5704513,394651.0842258688,4438791.378134427,0.1905232129271844,0
actual,1745422349.6704435,394651.0842258688,4438791.378134427,0.1905232129271844,0
actual,1745422349.7704132,394651.0842258688,4438791.378134427,0.1905232129271844,0
actual,1745422349.870423,394651.0829587972,4438791.377949968,0.18973437646516075,0
actual,1745422349.9704342,394651.0829587972,4438791.377949968,0.18973437646516075,0
actual,1745422350.0705156,394651.0829587972,4438791.377949968,0.18973437646516075,0
actual,1745422350.1705058,394651.0829587972,4438791.377949968,0.18973437646516075,0
actual,1745422350.2704148,394651.0829587972,4438791.377949968,0.18973437646516075,0
actual,1745422350.3704364,394651.0838379902,4438791.378308179,0.19194254958149123,0
actual,1745422350.470402,394651.0838379902,4438791.378308179,0.19194254958149123,0
actual,1745422350.5703406,394651.0838379902,4438791.378308179,0.19194254958149123,0
actual,1745422350.6703963,394651.0838379902,4438791.378308179,0.19194254958149123,0
actual,1745422350.7704353,394651.0838379902,4438791.378308179,0.19194254958149123,0
actual,1745422350.8704016,394651.0845909416,4438791.374130642,0.19082868045286858,0
actual,1745422350.970489,394651.0845909416,4438791.374130642,0.19082868045286858,0
actual,1745422351.0704355,394651.0845909416,4438791.374130642,0.19082868045286858,0
actual,1745422351.1704648,394651.0845909416,4438791.374130642,0.19082868045286858,0
actual,1745422351.270468,394651.0845909416,4438791.374130642,0.19082868045286858,0
actual,1745422351.370432,394651.08366060513,4438791.374558977,0.19112002826490407,0
actual,1745422351.470399,394651.08366060513,4438791.374558977,0.19112002826490407,0
actual,1745422351.5704663,394651.08366060513,4438791.374558977,0.19112002826490407,0
actual,1745422351.6704583,394651.08366060513,4438791.374558977,0.19112002826490407,0
actual,1745422351.77041,394651.08366060513,4438791.374558977,0.19112002826490407,0
actual,1745422351.8704166,394651.0865931603,4438791.373941566,0.19068966497794726,0
actual,1745422351.9704845,394651.0865931603,4438791.373941566,0.19068966497794726,0
actual,1745422352.0704412,394651.0865931603,4438791.373941566,0.19068966497794726,0
actual,1745422352.1703985,394651.0865931603,4438791.373941566,0.19068966497794726,0
actual,1745422352.2703993,394651.0865931603,4438791.373941566,0.19068966497794726,0
actual,1745422352.3704362,394651.08446290344,4438791.374326213,0.18961719505918181,0
actual,1745422352.4704113,394651.08446290344,4438791.374326213,0.18961719505918181,0
actual,1745422352.570501,394651.08446290344,4438791.374326213,0.18961719505918181,0
actual,1745422352.6704273,394651.08446290344,4438791.374326213,0.18961719505918181,0
actual,1745422352.7704399,394651.08446290344,4438791.374326213,0.18961719505918181,0
actual,1745422352.870433,394651.08323449094,4438791.375005027,0.1895996195936142,0
actual,1745422352.9704382,394651.08323449094,4438791.375005027,0.1895996195936142,0
actual,1745422353.0704064,394651.08323449094,4438791.375005027,0.1895996195936142,0
actual,1745422353.1705027,394651.08323449094,4438791.375005027,0.1895996195936142,0
actual,1745422353.270419,394651.08323449094,4438791.375005027,0.1895996195936142,0
actual,1745422353.3704758,394651.08549134375,4438791.371749729,0.1939933114525847,0
actual,1745422353.4704304,394651.08549134375,4438791.371749729,0.1939933114525847,0
actual,1745422353.5704458,394651.08549134375,4438791.371749729,0.1939933114525847,0
actual,1745422353.6704075,394651.08549134375,4438791.371749729,0.1939933114525847,0
actual,1745422353.770437,394651.08549134375,4438791.371749729,0.1939933114525847,0
actual,1745422353.8705015,394651.08389587543,4438791.374211057,0.19063320357664518,0
actual,1745422353.9704463,394651.08389587543,4438791.374211057,0.19063320357664518,0
actual,1745422354.070448,394651.08389587543,4438791.374211057,0.19063320357664518,0
actual,1745422354.170437,394651.08389587543,4438791.374211057,0.19063320357664518,0
actual,1745422354.270428,394651.08389587543,4438791.374211057,0.19063320357664518,0
actual,1745422354.3704267,394651.08362958045,4438791.375516594,0.1888705781117637,0
actual,1745422354.470428,394651.08362958045,4438791.375516594,0.1888705781117637,0
actual,1745422354.570424,394651.08362958045,4438791.375516594,0.1888705781117637,0
actual,1745422354.6704001,394651.08362958045,4438791.375516594,0.1888705781117637,0
actual,1745422354.7703936,394651.08362958045,4438791.375516594,0.1888705781117637,0
actual,1745422354.8704371,394651.0814993366,4438791.3773725,0.18704046076470734,0
actual,1745422354.970486,394651.0814993366,4438791.3773725,0.18704046076470734,0
actual,1745422355.0704386,394651.0814993366,4438791.3773725,0.18704046076470734,0
actual,1745422355.1703396,394651.0814993366,4438791.3773725,0.18704046076470734,0
actual,1745422355.2704053,394651.0814993366,4438791.3773725,0.18704046076470734,0
actual,1745422355.3704116,394651.08306980575,4438791.376375877,0.18807908874927676,0
actual,1745422355.4704084,394651.08306980575,4438791.376375877,0.18807908874927676,0
actual,1745422355.57041,394651.08306980575,4438791.376375877,0.18807908874927676,0
actual,1745422355.6704621,394651.08306980575,4438791.376375877,0.18807908874927676,0
actual,1745422355.7704911,394651.08306980575,4438791.376375877,0.18807908874927676,0
actual,1745422355.8704944,394651.084690531,4438791.375070682,0.19052933903285907,0
actual,1745422355.970407,394651.084690531,4438791.375070682,0.19052933903285907,0
actual,1745422356.0704036,394651.084690531,4438791.375070682,0.19052933903285907,0
actual,1745422356.1703978,394651.084690531,4438791.375070682,0.19052933903285907,0
actual,1745422356.270446,394651.084690531,4438791.375070682,0.19052933903285907,0
actual,1745422356.370345,394651.086312899,4438791.374695404,0.19024371590077005,0
actual,1745422356.4704366,394651.086312899,4438791.374695404,0.19024371590077005,0
actual,1745422356.5704265,394651.086312899,4438791.374695404,0.19024371590077005,0
actual,1745422356.6704953,394651.086312899,4438791.374695404,0.19024371590077005,0
actual,1745422356.770462,394651.086312899,4438791.374695404,0.19024371590077005,0
actual,1745422356.8704064,394651.08738021716,4438791.373468192,0.19307106202253835,0
actual,1745422356.9704006,394651.08738021716,4438791.373468192,0.19307106202253835,0
actual,1745422357.0703967,394651.08738021716,4438791.373468192,0.19307106202253835,0
actual,1745422357.170408,394651.08738021716,4438791.373468192,0.19307106202253835,0
actual,1745422357.2705085,394651.08738021716,4438791.373468192,0.19307106202253835,0
actual,1745422357.3704557,394651.0877942221,4438791.374076544,0.1927333757188626,0
actual,1745422357.4704182,394651.0877942221,4438791.374076544,0.1927333757188626,0
actual,1745422357.5704126,394651.0877942221,4438791.374076544,0.1927333757188626,0
actual,1745422357.6704946,394651.0877942221,4438791.374076544,0.1927333757188626,0
actual,1745422357.770418,394651.0877942221,4438791.374076544,0.1927333757188626,0
actual,1745422357.8704317,394651.0858826855,4438791.37684514,0.19260141137411912,0
actual,1745422357.9704316,394651.0858826855,4438791.37684514,0.19260141137411912,0
actual,1745422358.070436,394651.0858826855,4438791.37684514,0.19260141137411912,0
actual,1745422358.1704626,394651.0858826855,4438791.37684514,0.19260141137411912,0
actual,1745422358.2704413,394651.0858826855,4438791.37684514,0.19260141137411912,0
actual,1745422358.3704066,394651.0859399108,4438791.3743943805,0.19330888058641513,0
actual,1745422358.4704287,394651.0859399108,4438791.3743943805,0.19330888058641513,0
actual,1745422358.5704322,394651.0859399108,4438791.3743943805,0.19330888058641513,0
actual,1745422358.670433,394651.0859399108,4438791.3743943805,0.19330888058641513,0
actual,1745422358.7705526,394651.0859399108,4438791.3743943805,0.19330888058641513,0
actual,1745422358.870484,394651.08564860106,4438791.375694563,0.19230793426039638,0
actual,1745422358.9705148,394651.08564860106,4438791.375694563,0.19230793426039638,0
actual,1745422359.0704334,394651.08564860106,4438791.375694563,0.19230793426039638,0
actual,1745422359.170437,394651.08564860106,4438791.375694563,0.19230793426039638,0
actual,1745422359.2704098,394651.08564860106,4438791.375694563,0.19230793426039638,0
actual,1745422359.3704097,394651.085985337,4438791.375707949,0.1932505516828134,0
actual,1745422359.4704394,394651.085985337,4438791.375707949,0.1932505516828134,0
actual,1745422359.5704062,394651.085985337,4438791.375707949,0.1932505516828134,0
actual,1745422359.6704402,394651.085985337,4438791.375707949,0.1932505516828134,0
actual,1745422359.7705023,394651.085985337,4438791.375707949,0.1932505516828134,0
actual,1745422359.8704605,394651.0859748883,4438791.376106263,0.19265387597143407,0
actual,1745422359.9704015,394651.0859748883,4438791.376106263,0.19265387597143407,0
actual,1745422360.0703957,394651.0859748883,4438791.376106263,0.19265387597143407,0
actual,1745422360.1704235,394651.0859748883,4438791.376106263,0.19265387597143407,0
actual,1745422360.2704294,394651.0859748883,4438791.376106263,0.19265387597143407,0
actual,1745422360.3704062,394651.0850994461,4438791.374248819,0.19416695425986571,0
actual,1745422360.4704206,394651.0850994461,4438791.374248819,0.19416695425986571,0
actual,1745422360.5704443,394651.0850994461,4438791.374248819,0.19416695425986571,0
actual,1745422360.6704397,394651.0850994461,4438791.374248819,0.19416695425986571,0
actual,1745422360.7704053,394651.0850994461,4438791.374248819,0.19416695425986571,0
actual,1745422360.8704007,394651.08423255756,4438791.375527483,0.19239382191288695,0
actual,1745422360.9704025,394651.08423255756,4438791.375527483,0.19239382191288695,0
actual,1745422361.0704126,394651.08423255756,4438791.375527483,0.19239382191288695,0
actual,1745422361.1704154,394651.08423255756,4438791.375527483,0.19239382191288695,0
actual,1745422361.2704403,394651.08423255756,4438791.375527483,0.19239382191288695,0
actual,1745422361.3704062,394651.08455223084,4438791.3764173,0.19000736341346497,0
actual,1745422361.470419,394651.08455223084,4438791.3764173,0.19000736341346497,0
actual,1745422361.570412,394651.08455223084,4438791.3764173,0.19000736341346497,0
actual,1745422361.6704075,394651.08455223084,4438791.3764173,0.19000736341346497,0
actual,1745422361.7704082,394651.08455223084,4438791.3764173,0.19000736341346497,0
actual,1745422361.8704042,394651.08425496356,4438791.3741953885,0.19072415268396664,0
actual,1745422361.9704316,394651.08425496356,4438791.3741953885,0.19072415268396664,0
actual,1745422362.0704696,394651.08425496356,4438791.3741953885,0.19072415268396664,0
actual,1745422362.1704302,394651.08425496356,4438791.3741953885,0.19072415268396664,0
actual,1745422362.2704527,394651.08425496356,4438791.3741953885,0.19072415268396664,0
actual,1745422362.3704352,394651.08425496356,4438791.3741953885,0.19072415268396664,0
actual,1745422362.47046,394651.08569309744,4438791.374121574,0.19204267912067832,0
actual,1745422362.5703595,394651.08569309744,4438791.374121574,0.19204267912067832,0
actual,1745422362.6703594,394651.08569309744,4438791.374121574,0.19204267912067832,0
actual,1745422362.7704015,394651.08569309744,4438791.374121574,0.19204267912067832,0
actual,1745422362.8704245,394651.0860762526,4438791.371710289,0.19397585816006466,0
actual,1745422362.9704227,394651.0860762526,4438791.371710289,0.19397585816006466,0
actual,1745422363.0704362,394651.0860762526,4438791.371710289,0.19397585816006466,0
actual,1745422363.1704,394651.0860762526,4438791.371710289,0.19397585816006466,0
actual,1745422363.270403,394651.0860762526,4438791.371710289,0.19397585816006466,0
actual,1745422363.370406,394651.0862004762,4438791.372667395,0.19152721357939437,0
actual,1745422363.470402,394651.0862004762,4438791.372667395,0.19152721357939437,0
actual,1745422363.5704043,394651.0862004762,4438791.372667395,0.19152721357939437,0
actual,1745422363.6704254,394651.0862004762,4438791.372667395,0.19152721357939437,0
actual,1745422363.770428,394651.0862004762,4438791.372667395,0.19152721357939437,0
actual,1745422363.870439,394651.0821764305,4438791.374010928,0.191763182094264,0
actual,1745422363.9703991,394651.0821764305,4438791.374010928,0.191763182094264,0
actual,1745422364.0704012,394651.0821764305,4438791.374010928,0.191763182094264,0
actual,1745422364.1704276,394651.0821764305,4438791.374010928,0.191763182094264,0
actual,1745422364.270423,394651.0821764305,4438791.374010928,0.191763182094264,0
actual,1745422364.3704076,394651.0856129721,4438791.372913154,0.19436215188340875,0
actual,1745422364.4704707,394651.0856129721,4438791.372913154,0.19436215188340875,0
actual,1745422364.570459,394651.0856129721,4438791.372913154,0.19436215188340875,0
actual,1745422364.6704724,394651.0856129721,4438791.372913154,0.19436215188340875,0
actual,1745422364.7704377,394651.0856129721,4438791.372913154,0.19436215188340875,0
actual,1745422364.8704486,394651.08419565595,4438791.376237609,0.19106463151444572,0
actual,1745422364.9704053,394651.08419565595,4438791.376237609,0.19106463151444572,0
actual,1745422365.0704055,394651.08419565595,4438791.376237609,0.19106463151444572,0
actual,1745422365.17041,394651.08419565595,4438791.376237609,0.19106463151444572,0
actual,1745422365.2704332,394651.08419565595,4438791.376237609,0.19106463151444572,0
actual,1745422365.370456,394651.0859063941,4438791.373324254,0.19125199260964726,0
actual,1745422365.4704714,394651.0859063941,4438791.373324254,0.19125199260964726,0
actual,1745422365.5703971,394651.0859063941,4438791.373324254,0.19125199260964726,0
actual,1745422365.670445,394651.0859063941,4438791.373324254,0.19125199260964726,0
actual,1745422365.7704296,394651.0859063941,4438791.373324254,0.19125199260964726,0
actual,1745422365.8704243,394651.0842755579,4438791.375721498,0.19061494743266927,0
actual,1745422365.970447,394651.0842755579,4438791.375721498,0.19061494743266927,0
actual,1745422366.0704381,394651.0842755579,4438791.375721498,0.19061494743266927,0
actual,1745422366.1704555,394651.0842755579,4438791.375721498,0.19061494743266927,0
actual,1745422366.2704358,394651.0842755579,4438791.375721498,0.19061494743266927,0
actual,1745422366.3704748,394651.0849066797,4438791.375485735,0.19390103589503183,0
actual,1745422366.4704018,394651.0849066797,4438791.375485735,0.19390103589503183,0
actual,1745422366.5704305,394651.0849066797,4438791.375485735,0.19390103589503183,0
actual,1745422366.6704252,394651.0849066797,4438791.375485735,0.19390103589503183,0
actual,1745422366.7706797,394651.0849066797,4438791.375485735,0.19390103589503183,0
actual,1745422366.8705049,394651.08536039793,4438791.375367802,0.19349955780719552,0
actual,1745422366.9704707,394651.08536039793,4438791.375367802,0.19349955780719552,0
actual,1745422367.0704107,394651.08536039793,4438791.375367802,0.19349955780719552,0
actual,1745422367.1704357,394651.08536039793,4438791.375367802,0.19349955780719552,0
actual,1745422367.270398,394651.08536039793,4438791.375367802,0.19349955780719552,0
actual,1745422367.3704102,394651.0868429729,4438791.374103728,0.19246558985172907,0
actual,1745422367.4704049,394651.0868429729,4438791.374103728,0.19246558985172907,0
actual,1745422367.5704324,394651.0868429729,4438791.374103728,0.19246558985172907,0
actual,1745422367.670414,394651.0868429729,4438791.374103728,0.19246558985172907,0
actual,1745422367.770457,394651.0868429729,4438791.374103728,0.19246558985172907,0
actual,1745422367.8704607,394651.0859969385,4438791.376529481,0.19113001154822531,0
actual,1745422367.9704363,394651.0859969385,4438791.376529481,0.19113001154822531,0
actual,1745422368.070432,394651.0859969385,4438791.376529481,0.19113001154822531,0
actual,1745422368.1704416,394651.0859969385,4438791.376529481,0.19113001154822531,0
actual,1745422368.2704246,394651.0859969385,4438791.376529481,0.19113001154822531,0
actual,1745422368.3704863,394651.0851182068,4438791.373140529,0.19285626435149553,0
actual,1745422368.4704547,394651.0851182068,4438791.373140529,0.19285626435149553,0
actual,1745422368.5704308,394651.0851182068,4438791.373140529,0.19285626435149553,0
actual,1745422368.670466,394651.0851182068,4438791.373140529,0.19285626435149553,0
actual,1745422368.7704508,394651.0851182068,4438791.373140529,0.19285626435149553,0
actual,1745422368.870399,394651.0843718782,4438791.375101356,0.19035555659923797,0
actual,1745422368.970397,394651.0843718782,4438791.375101356,0.19035555659923797,0
actual,1745422369.0704,394651.0843718782,4438791.375101356,0.19035555659923797,0
actual,1745422369.170427,394651.0843718782,4438791.375101356,0.19035555659923797,0
actual,1745422369.2704449,394651.0843718782,4438791.375101356,0.19035555659923797,0
actual,1745422369.3704143,394651.0839529905,4438791.374030698,0.19093453467200214,0
actual,1745422369.4704003,394651.0839529905,4438791.374030698,0.19093453467200214,0
actual,1745422369.5704076,394651.0839529905,4438791.374030698,0.19093453467200214,0
actual,1745422369.6703982,394651.0839529905,4438791.374030698,0.19093453467200214,0
actual,1745422369.770408,394651.0839529905,4438791.374030698,0.19093453467200214,0
actual,1745422369.8703966,394651.08381370635,4438791.372377083,0.1902321269145368,0
actual,1745422369.9704218,394651.08381370635,4438791.372377083,0.1902321269145368,0
actual,1745422370.0704331,394651.08381370635,4438791.372377083,0.1902321269145368,0
actual,1745422370.170425,394651.08381370635,4438791.372377083,0.1902321269145368,0
actual,1745422370.2704139,394651.08381370635,4438791.372377083,0.1902321269145368,0
actual,1745422370.370339,394651.0850685787,4438791.371417244,0.1921962157349763,0
actual,1745422370.4704287,394651.0850685787,4438791.371417244,0.1921962157349763,0
actual,1745422370.5704174,394651.0850685787,4438791.371417244,0.1921962157349763,0
actual,1745422370.6704307,394651.0850685787,4438791.371417244,0.1921962157349763,0
actual,1745422370.7704072,394651.0850685787,4438791.371417244,0.1921962157349763,0
actual,1745422370.8704383,394651.08497523284,4438791.373566738,0.19164772856424436,0
actual,1745422370.9704351,394651.08497523284,4438791.373566738,0.19164772856424436,0
actual,1745422371.0704231,394651.08497523284,4438791.373566738,0.19164772856424436,0
actual,1745422371.170409,394651.08497523284,4438791.373566738,0.19164772856424436,0
actual,1745422371.2703998,394651.08497523284,4438791.373566738,0.19164772856424436,0
actual,1745422371.3703268,394651.085620604,4438791.374132988,0.18999936980549093,0
actual,1745422371.4704046,394651.085620604,4438791.374132988,0.18999936980549093,0
actual,1745422371.570405,394651.085620604,4438791.374132988,0.18999936980549093,0
actual,1745422371.6704674,394651.085620604,4438791.374132988,0.18999936980549093,0
actual,1745422371.770462,394651.085620604,4438791.374132988,0.18999936980549093,0
actual,1745422371.8704255,394651.0845652673,4438791.375164805,0.1908242822231535,0
actual,1745422371.9704022,394651.0845652673,4438791.375164805,0.1908242822231535,0
actual,1745422372.0704346,394651.0845652673,4438791.375164805,0.1908242822231535,0
actual,1745422372.170406,394651.0845652673,4438791.375164805,0.1908242822231535,0
actual,1745422372.270402,394651.0845652673,4438791.375164805,0.1908242822231535,0
actual,1745422372.3704042,394651.0848500555,4438791.375452134,0.1918563826763203,0
actual,1745422372.4705067,394651.0848500555,4438791.375452134,0.1918563826763203,0
actual,1745422372.570524,394651.0848500555,4438791.375452134,0.1918563826763203,0
actual,1745422372.670351,394651.0848500555,4438791.375452134,0.1918563826763203,0
actual,1745422372.7704313,394651.0848500555,4438791.375452134,0.1918563826763203,0
actual,1745422372.870403,394651.0851865838,4438791.377138027,0.19023039903857747,0
actual,1745422372.9704046,394651.0851865838,4438791.377138027,0.19023039903857747,0
actual,1745422373.070398,394651.0851865838,4438791.377138027,0.19023039903857747,0
actual,1745422373.1704214,394651.0851865838,4438791.377138027,0.19023039903857747,0
actual,1745422373.2704089,394651.0851865838,4438791.377138027,0.19023039903857747,0
actual,1745422373.3704221,394651.08586599375,4438791.37792113,0.1908132342889885,0
actual,1745422373.470463,394651.08586599375,4438791.37792113,0.1908132342889885,0
actual,1745422373.5704715,394651.08586599375,4438791.37792113,0.1908132342889885,0
actual,1745422373.6704404,394651.08586599375,4438791.37792113,0.1908132342889885,0
actual,1745422373.7704027,394651.08586599375,4438791.37792113,0.1908132342889885,0
actual,1745422373.8704002,394651.0856333389,4438791.374972147,0.19300021910819992,0
actual,1745422373.9704666,394651.0856333389,4438791.374972147,0.19300021910819992,0
actual,1745422374.0704439,394651.0856333389,4438791.374972147,0.19300021910819992,0
actual,1745422374.17043,394651.0856333389,4438791.374972147,0.19300021910819992,0
actual,1745422374.2704039,394651.0856333389,4438791.374972147,0.19300021910819992,0
actual,1745422374.3704245,394651.08563309547,4438791.376682525,0.19152122710006,0
actual,1745422374.4704037,394651.08563309547,4438791.376682525,0.19152122710006,0
actual,1745422374.5704043,394651.08563309547,4438791.376682525,0.19152122710006,0
actual,1745422374.6704085,394651.08563309547,4438791.376682525,0.19152122710006,0
actual,1745422374.7704096,394651.08563309547,4438791.376682525,0.19152122710006,0
actual,1745422374.87047,394651.0873561579,4438791.376223756,0.19134412854086008,0
actual,1745422374.9704852,394651.0873561579,4438791.376223756,0.19134412854086008,0
actual,1745422375.0704134,394651.0873561579,4438791.376223756,0.19134412854086008,0
actual,1745422375.1704006,394651.0873561579,4438791.376223756,0.19134412854086008,0
actual,1745422375.2704062,394651.0873561579,4438791.376223756,0.19134412854086008,0
actual,1745422375.3704033,394651.0881867829,4438791.374370731,0.19492582341863263,0
actual,1745422375.4703965,394651.0881867829,4438791.374370731,0.19492582341863263,0
actual,1745422375.5704298,394651.0881867829,4438791.374370731,0.19492582341863263,0
actual,1745422375.6704297,394651.0881867829,4438791.374370731,0.19492582341863263,0
actual,1745422375.7704065,394651.0881867829,4438791.374370731,0.19492582341863263,0
actual,1745422375.870411,394651.08771760063,4438791.377861789,0.1913775515960357,0
actual,1745422375.9704022,394651.08771760063,4438791.377861789,0.1913775515960357,0
actual,1745422376.0703971,394651.08771760063,4438791.377861789,0.1913775515960357,0
actual,1745422376.1703963,394651.08771760063,4438791.377861789,0.1913775515960357,0
actual,1745422376.2704015,394651.08771760063,4438791.377861789,0.1913775515960357,0
actual,1745422376.3703704,394651.08855681657,4438791.37634674,0.19244454118094984,0
actual,1745422376.4704514,394651.08855681657,4438791.37634674,0.19244454118094984,0
actual,1745422376.5704048,394651.08855681657,4438791.37634674,0.19244454118094984,0
actual,1745422376.6703985,394651.08855681657,4438791.37634674,0.19244454118094984,0
actual,1745422376.770402,394651.08855681657,4438791.37634674,0.19244454118094984,0
actual,1745422376.8704057,394651.0859802186,4438791.377718915,0.1923846240277291,0
actual,1745422376.9704082,394651.0859802186,4438791.377718915,0.1923846240277291,0
actual,1745422377.0704107,394651.0859802186,4438791.377718915,0.1923846240277291,0
actual,1745422377.170418,394651.0859802186,4438791.377718915,0.1923846240277291,0
actual,1745422377.270478,394651.0859802186,4438791.377718915,0.1923846240277291,0
actual,1745422377.3704445,394651.0882515127,4438791.378182695,0.19247784206307791,0
actual,1745422377.4704273,394651.0882515127,4438791.378182695,0.19247784206307791,0
actual,1745422377.5704062,394651.0882515127,4438791.378182695,0.19247784206307791,0
actual,1745422377.6704059,394651.0882515127,4438791.378182695,0.19247784206307791,0
actual,1745422377.7704284,394651.0882515127,4438791.378182695,0.19247784206307791,0
actual,1745422377.8704205,394651.0858814925,4438791.374979922,0.19384843167137658,0
actual,1745422377.9704158,394651.0858814925,4438791.374979922,0.19384843167137658,0
actual,1745422378.0703454,394651.0858814925,4438791.374979922,0.19384843167137658,0
actual,1745422378.1704133,394651.0858814925,4438791.374979922,0.19384843167137658,0
actual,1745422378.2704065,394651.0858814925,4438791.374979922,0.19384843167137658,0
actual,1745422378.3704977,394651.08873571345,4438791.374110296,0.19514032438370288,0
actual,1745422378.470332,394651.08873571345,4438791.374110296,0.19514032438370288,0
actual,1745422378.5704012,394651.08873571345,4438791.374110296,0.19514032438370288,0
actual,1745422378.6703994,394651.08873571345,4438791.374110296,0.19514032438370288,0
actual,1745422378.7703686,394651.08873571345,4438791.374110296,0.19514032438370288,0
actual,1745422378.8704708,394651.08743328514,4438791.373349051,0.19404816715097478,0
actual,1745422378.9704053,394651.08743328514,4438791.373349051,0.19404816715097478,0
actual,1745422379.0704012,394651.08743328514,4438791.373349051,0.19404816715097478,0
actual,1745422379.1703565,394651.08743328514,4438791.373349051,0.19404816715097478,0
actual,1745422379.2704349,394651.08743328514,4438791.373349051,0.19404816715097478,0
actual,1745422379.37044,394651.0874272423,4438791.374737809,0.19364323331121958,0
actual,1745422379.470423,394651.0874272423,4438791.374737809,0.19364323331121958,0
actual,1745422379.5704103,394651.0874272423,4438791.374737809,0.19364323331121958,0
actual,1745422379.6705942,394651.0874272423,4438791.374737809,0.19364323331121958,0
actual,1745422379.7705662,394651.0874272423,4438791.374737809,0.19364323331121958,0
actual,1745422379.8704364,394651.0865595038,4438791.37527393,0.19209008226316238,0
actual,1745422379.9704168,394651.0865595038,4438791.37527393,0.19209008226316238,0
actual,1745422380.0704448,394651.0865595038,4438791.37527393,0.19209008226316238,0
actual,1745422380.1704261,394651.0865595038,4438791.37527393,0.19209008226316238,0
actual,1745422380.2704518,394651.0865595038,4438791.37527393,0.19209008226316238,0
actual,1745422380.3704937,394651.08729033277,4438791.376438112,0.1931352377791341,0
actual,1745422380.4704373,394651.08729033277,4438791.376438112,0.1931352377791341,0
actual,1745422380.5704246,394651.08729033277,4438791.376438112,0.1931352377791341,0
actual,1745422380.6704216,394651.08729033277,4438791.376438112,0.1931352377791341,0
actual,1745422380.7703624,394651.08729033277,4438791.376438112,0.1931352377791341,0
actual,1745422380.8704002,394651.08625552803,4438791.377714769,0.19243628577358793,0
actual,1745422380.9704053,394651.08625552803,4438791.377714769,0.19243628577358793,0
actual,1745422381.0704324,394651.08625552803,4438791.377714769,0.19243628577358793,0
actual,1745422381.170441,394651.08625552803,4438791.377714769,0.19243628577358793,0
actual,1745422381.2704022,394651.08625552803,4438791.377714769,0.19243628577358793,0
actual,1745422381.3704681,394651.0854802489,4438791.378672727,0.19016248827738244,0
actual,1745422381.4705184,394651.0854802489,4438791.378672727,0.19016248827738244,0
actual,1745422381.5704694,394651.0854802489,4438791.378672727,0.19016248827738244,0
actual,1745422381.6704001,394651.0854802489,4438791.378672727,0.19016248827738244,0
actual,1745422381.770397,394651.0854802489,4438791.378672727,0.19016248827738244,0
actual,1745422381.8703792,394651.0849146074,4438791.378984586,0.1905109607158356,0
actual,1745422381.9703393,394651.0849146074,4438791.378984586,0.1905109607158356,0
actual,1745422382.0704446,394651.0849146074,4438791.378984586,0.1905109607158356,0
actual,1745422382.1704457,394651.0849146074,4438791.378984586,0.1905109607158356,0
actual,1745422382.2704124,394651.0849146074,4438791.378984586,0.1905109607158356,0
actual,1745422382.3703425,394651.086655062,4438791.37641264,0.19120698056823837,0
actual,1745422382.4704323,394651.086655062,4438791.37641264,0.19120698056823837,0
actual,1745422382.570404,394651.086655062,4438791.37641264,0.19120698056823837,0
actual,1745422382.6704159,394651.086655062,4438791.37641264,0.19120698056823837,0
actual,1745422382.7704077,394651.086655062,4438791.37641264,0.19120698056823837,0
actual,1745422382.8704596,394651.0842247984,4438791.378172005,0.19043666204957801,0
actual,1745422382.970503,394651.0842247984,4438791.378172005,0.19043666204957801,0
actual,1745422383.0704598,394651.0842247984,4438791.378172005,0.19043666204957801,0
actual,1745422383.1704469,394651.0842247984,4438791.378172005,0.19043666204957801,0
actual,1745422383.270404,394651.0842247984,4438791.378172005,0.19043666204957801,0
actual,1745422383.3704078,394651.0860711232,4438791.377348027,0.19185678410204823,0
actual,1745422383.4705157,394651.0860711232,4438791.377348027,0.19185678410204823,0
actual,1745422383.570477,394651.0860711232,4438791.377348027,0.19185678410204823,0
actual,1745422383.6704786,394651.0860711232,4438791.377348027,0.19185678410204823,0
actual,1745422383.7704053,394651.0860711232,4438791.377348027,0.19185678410204823,0
actual,1745422383.8704104,394651.08672961715,4438791.376084062,0.19176065136684853,0
actual,1745422383.9704437,394651.08672961715,4438791.376084062,0.19176065136684853,0
actual,1745422384.0704188,394651.08672961715,4438791.376084062,0.19176065136684853,0
actual,1745422384.170408,394651.08672961715,4438791.376084062,0.19176065136684853,0
actual,1745422384.2704103,394651.08672961715,4438791.376084062,0.19176065136684853,0
actual,1745422384.370402,394651.0860206097,4438791.377271426,0.19170418996554645,0
actual,1745422384.4704304,394651.0860206097,4438791.377271426,0.19170418996554645,0
actual,1745422384.5704913,394651.0860206097,4438791.377271426,0.19170418996554645,0
actual,1745422384.670411,394651.0860206097,4438791.377271426,0.19170418996554645,0
actual,1745422384.7703981,394651.0860206097,4438791.377271426,0.19170418996554645,0
actual,1745422384.8703961,394651.08569789794,4438791.376102797,0.19307984102867579,0
actual,1745422384.9704058,394651.08569789794,4438791.376102797,0.19307984102867579,0
actual,1745422385.0703995,394651.08569789794,4438791.376102797,0.19307984102867579,0
actual,1745422385.170355,394651.08569789794,4438791.376102797,0.19307984102867579,0
actual,1745422385.2704127,394651.08569789794,4438791.376102797,0.19307984102867579,0
actual,1745422385.370439,394651.0864372693,4438791.37453549,0.19319635920953915,0
actual,1745422385.4704356,394651.0864372693,4438791.37453549,0.19319635920953915,0
actual,1745422385.5704072,394651.0864372693,4438791.37453549,0.19319635920953915,0
actual,1745422385.6704292,394651.0864372693,4438791.37453549,0.19319635920953915,0
actual,1745422385.770398,394651.0864372693,4438791.37453549,0.19319635920953915,0
actual,1745422385.8703997,394651.08719474863,4438791.374973981,0.19321885650359735,0
actual,1745422385.9704978,394651.08719474863,4438791.374973981,0.19321885650359735,0
actual,1745422386.0704598,394651.08719474863,4438791.374973981,0.19321885650359735,0
actual,1745422386.170503,394651.08719474863,4438791.374973981,0.19321885650359735,0
actual,1745422386.2704577,394651.08719474863,4438791.374973981,0.19321885650359735,0
actual,1745422386.370435,394651.08737503155,4438791.37551039,0.19381914504652814,0
actual,1745422386.470463,394651.08737503155,4438791.37551039,0.19381914504652814,0
actual,1745422386.5704305,394651.08737503155,4438791.37551039,0.19381914504652814,0
actual,1745422386.6704028,394651.08737503155,4438791.37551039,0.19381914504652814,0
actual,1745422386.7704046,394651.08737503155,4438791.37551039,0.19381914504652814,0
actual,1745422386.8704684,394651.0869580741,4438791.378118002,0.19219834503666355,0
actual,1745422386.9705064,394651.0869580741,4438791.378118002,0.19219834503666355,0
actual,1745422387.0704324,394651.0869580741,4438791.378118002,0.19219834503666355,0
actual,1745422387.1703997,394651.0869580741,4438791.378118002,0.19219834503666355,0
actual,1745422387.2704394,394651.0869580741,4438791.378118002,0.19219834503666355,0
actual,1745422387.3704433,394651.0868764266,4438791.377140193,0.19314029923396503,0
actual,1745422387.470405,394651.0868764266,4438791.377140193,0.19314029923396503,0
actual,1745422387.5704348,394651.0868764266,4438791.377140193,0.19314029923396503,0
actual,1745422387.6704564,394651.0868764266,4438791.377140193,0.19314029923396503,0
actual,1745422387.7704818,394651.0868764266,4438791.377140193,0.19314029923396503,0
actual,1745422387.8704271,394651.08540866396,4438791.376972516,0.19133786280884535,0
actual,1745422387.9704242,394651.08540866396,4438791.376972516,0.19133786280884535,0
actual,1745422388.070431,394651.08540866396,4438791.376972516,0.19133786280884535,0
actual,1745422388.1704295,394651.08540866396,4438791.376972516,0.19133786280884535,0
actual,1745422388.2704597,394651.08540866396,4438791.376972516,0.19133786280884535,0
actual,1745422388.370524,394651.0840331722,4438791.377799545,0.19036834986265505,0
actual,1745422388.4704618,394651.0840331722,4438791.377799545,0.19036834986265505,0
actual,1745422388.5704322,394651.0840331722,4438791.377799545,0.19036834986265505,0
actual,1745422388.670432,394651.0840331722,4438791.377799545,0.19036834986265505,0
actual,1745422388.7704453,394651.0840331722,4438791.377799545,0.19036834986265505,0
actual,1745422388.870435,394651.0839889514,4438791.376202186,0.1904039022195182,0
actual,1745422388.970399,394651.0839889514,4438791.376202186,0.1904039022195182,0
actual,1745422389.070413,394651.0839889514,4438791.376202186,0.1904039022195182,0
actual,1745422389.1704712,394651.0839889514,4438791.376202186,0.1904039022195182,0
actual,1745422389.2704887,394651.0839889514,4438791.376202186,0.1904039022195182,0
actual,1745422389.3704867,394651.08419190487,4438791.376107537,0.19138887878288108,0
actual,1745422389.470451,394651.08419190487,4438791.376107537,0.19138887878288108,0
actual,1745422389.5704117,394651.08419190487,4438791.376107537,0.19138887878288108,0
actual,1745422389.6703727,394651.08419190487,4438791.376107537,0.19138887878288108,0
actual,1745422389.7703402,394651.08419190487,4438791.376107537,0.19138887878288108,0
actual,1745422389.8704083,394651.08467558026,4438791.376078348,0.19261978969114263,0
actual,1745422389.9704192,394651.08467558026,4438791.376078348,0.19261978969114263,0
actual,1745422390.0703356,394651.08467558026,4438791.376078348,0.19261978969114263,0
actual,1745422390.1705077,394651.08467558026,4438791.376078348,0.19261978969114263,0
actual,1745422390.270472,394651.08467558026,4438791.376078348,0.19261978969114263,0
actual,1745422390.3704064,394651.08409721893,4438791.377108576,0.19030869450882196,0
actual,1745422390.470406,394651.08409721893,4438791.377108576,0.19030869450882196,0
actual,1745422390.5703962,394651.08409721893,4438791.377108576,0.19030869450882196,0
actual,1745422390.6704469,394651.08409721893,4438791.377108576,0.19030869450882196,0
actual,1745422390.7704115,394651.08409721893,4438791.377108576,0.19030869450882196,0
actual,1745422390.870407,394651.0859412742,4438791.377349939,0.19117821754216546,0
actual,1745422390.9704332,394651.0859412742,4438791.377349939,0.19117821754216546,0
actual,1745422391.0703964,394651.0859412742,4438791.377349939,0.19117821754216546,0
actual,1745422391.170433,394651.0859412742,4438791.377349939,0.19117821754216546,0
actual,1745422391.2704272,394651.0859412742,4438791.377349939,0.19117821754216546,0
actual,1745422391.370397,394651.086702463,4438791.376663331,0.1916300134723367,0
actual,1745422391.470428,394651.086702463,4438791.376663331,0.1916300134723367,0
actual,1745422391.5704005,394651.086702463,4438791.376663331,0.1916300134723367,0
actual,1745422391.6704433,394651.086702463,4438791.376663331,0.1916300134723367,0
actual,1745422391.7704115,394651.086702463,4438791.376663331,0.1916300134723367,0
actual,1745422391.8704112,394651.0849917724,4438791.376846589,0.1898511564454115,0
actual,1745422391.970396,394651.0849917724,4438791.376846589,0.1898511564454115,0
actual,1745422392.070418,394651.0849917724,4438791.376846589,0.1898511564454115,0
actual,1745422392.1704574,394651.0849917724,4438791.376846589,0.1898511564454115,0
actual,1745422392.270436,394651.0849917724,4438791.376846589,0.1898511564454115,0
actual,1745422392.370435,394651.0849917724,4438791.376846589,0.1898511564454115,0
actual,1745422392.4704456,394651.0851130126,4438791.376611449,0.18959363311427985,0
actual,1745422392.5704982,394651.0851130126,4438791.376611449,0.18959363311427985,0
actual,1745422392.6705868,394651.0851130126,4438791.376611449,0.18959363311427985,0
actual,1745422392.7704654,394651.0851130126,4438791.376611449,0.18959363311427985,0
actual,1745422392.870441,394651.0855647578,4438791.3763504075,0.19071362834857716,0
actual,1745422392.970431,394651.0855647578,4438791.3763504075,0.19071362834857716,0
actual,1745422393.0704184,394651.0855647578,4438791.3763504075,0.19071362834857716,0
actual,1745422393.170436,394651.0855647578,4438791.3763504075,0.19071362834857716,0
actual,1745422393.270444,394651.0855647578,4438791.3763504075,0.19071362834857716,0
actual,1745422393.3703363,394651.0851334274,4438791.3761853,0.19054677487208635,0
actual,1745422393.4704492,394651.0851334274,4438791.3761853,0.19054677487208635,0
actual,1745422393.5704014,394651.0851334274,4438791.3761853,0.19054677487208635,0
actual,1745422393.6703565,394651.0851334274,4438791.3761853,0.19054677487208635,0
actual,1745422393.7704315,394651.0851334274,4438791.3761853,0.19054677487208635,0
actual,1745422393.8704257,394651.08471537847,4438791.376512845,0.19106796509331705,0
actual,1745422393.9704332,394651.08471537847,4438791.376512845,0.19106796509331705,0
actual,1745422394.0704498,394651.08471537847,4438791.376512845,0.19106796509331705,0
actual,1745422394.1705155,394651.08471537847,4438791.376512845,0.19106796509331705,0
actual,1745422394.2703304,394651.08471537847,4438791.376512845,0.19106796509331705,0
actual,1745422394.3703942,394651.08435350383,4438791.37573277,0.1930231178279861,0
actual,1745422394.4704373,394651.08435350383,4438791.37573277,0.1930231178279861,0
actual,1745422394.570434,394651.08435350383,4438791.37573277,0.1930231178279861,0
actual,1745422394.6704264,394651.08435350383,4438791.37573277,0.1930231178279861,0
actual,1745422394.7703993,394651.08435350383,4438791.37573277,0.1930231178279861,0
actual,1745422394.8704019,394651.08568568627,4438791.375288099,0.1916104483314219,0
actual,1745422394.9705024,394651.08568568627,4438791.375288099,0.1916104483314219,0
actual,1745422395.0704024,394651.08568568627,4438791.375288099,0.1916104483314219,0
actual,1745422395.170425,394651.08568568627,4438791.375288099,0.1916104483314219,0
actual,1745422395.2704253,394651.08568568627,4438791.375288099,0.1916104483314219,0
actual,1745422395.3703978,394651.0844286217,4438791.38042032,0.18975022405476877,0
actual,1745422395.4704342,394651.0844286217,4438791.38042032,0.18975022405476877,0
actual,1745422395.5705273,394651.0844286217,4438791.38042032,0.18975022405476877,0
actual,1745422395.6704164,394651.0844286217,4438791.38042032,0.18975022405476877,0
actual,1745422395.7704084,394651.0844286217,4438791.38042032,0.18975022405476877,0
actual,1745422395.8704057,394651.08512064186,4438791.379005746,0.1907356020438596,0
actual,1745422395.9704359,394651.08512064186,4438791.379005746,0.1907356020438596,0
actual,1745422396.0703516,394651.08512064186,4438791.379005746,0.1907356020438596,0
actual,1745422396.170436,394651.08512064186,4438791.379005746,0.1907356020438596,0
actual,1745422396.2703454,394651.08512064186,4438791.379005746,0.1907356020438596,0
actual,1745422396.3705273,394651.0861264048,4438791.38077258,0.18870599356330048,0
actual,1745422396.4704955,394651.0861264048,4438791.38077258,0.18870599356330048,0
actual,1745422396.5704865,394651.0861264048,4438791.38077258,0.18870599356330048,0
actual,1745422396.670439,394651.0861264048,4438791.38077258,0.18870599356330048,0
actual,1745422396.7704709,394651.0861264048,4438791.38077258,0.18870599356330048,0
actual,1745422396.8704228,394651.08307352103,4438791.377455044,0.1926980851613871,0
actual,1745422396.9704316,394651.08307352103,4438791.377455044,0.1926980851613871,0
actual,1745422397.0704215,394651.08307352103,4438791.377455044,0.1926980851613871,0
actual,1745422397.1704187,394651.08307352103,4438791.377455044,0.1926980851613871,0
actual,1745422397.270444,394651.08307352103,4438791.377455044,0.1926980851613871,0
actual,1745422397.3704422,394651.0826134645,4438791.377889879,0.192102456647559,0
actual,1745422397.470356,394651.0826134645,4438791.377889879,0.192102456647559,0
actual,1745422397.5704072,394651.0826134645,4438791.377889879,0.192102456647559,0
actual,1745422397.6704292,394651.0826134645,4438791.377889879,0.192102456647559,0
actual,1745422397.7703962,394651.0826134645,4438791.377889879,0.192102456647559,0
actual,1745422397.8704388,394651.0820035147,4438791.378441142,0.189865939384176,0
actual,1745422397.9703279,394651.0820035147,4438791.378441142,0.189865939384176,0
actual,1745422398.0704498,394651.0820035147,4438791.378441142,0.189865939384176,0
actual,1745422398.1704443,394651.0820035147,4438791.378441142,0.189865939384176,0
actual,1745422398.2704213,394651.0820035147,4438791.378441142,0.189865939384176,0
actual,1745422398.3704002,394651.08256901545,4438791.377380787,0.18957885017551532,0
actual,1745422398.470431,394651.08256901545,4438791.377380787,0.18957885017551532,0
actual,1745422398.5703275,394651.08256901545,4438791.377380787,0.18957885017551532,0
actual,1745422398.6704097,394651.08256901545,4438791.377380787,0.18957885017551532,0
actual,1745422398.7704127,394651.08256901545,4438791.377380787,0.18957885017551532,0
actual,1745422398.8704207,394651.08440740453,4438791.3766563125,0.19013199737534994,0
actual,1745422398.9704115,394651.08440740453,4438791.3766563125,0.19013199737534994,0
actual,1745422399.0704374,394651.08440740453,4438791.3766563125,0.19013199737534994,0
actual,1745422399.1704361,394651.08440740453,4438791.3766563125,0.19013199737534994,0
actual,1745422399.2704341,394651.08440740453,4438791.3766563125,0.19013199737534994,0
actual,1745422399.3703668,394651.0835277287,4438791.375434567,0.19276665914769792,0
actual,1745422399.4704287,394651.0835277287,4438791.375434567,0.19276665914769792,0
actual,1745422399.570408,394651.0835277287,4438791.375434567,0.19276665914769792,0
actual,1745422399.6704676,394651.0835277287,4438791.375434567,0.19276665914769792,0
actual,1745422399.7704315,394651.0835277287,4438791.375434567,0.19276665914769792,0
actual,1745422399.8704479,394651.0836975042,4438791.376541981,0.19033798113367037,0
actual,1745422399.9704041,394651.0836975042,4438791.376541981,0.19033798113367037,0
actual,1745422400.0703988,394651.0836975042,4438791.376541981,0.19033798113367037,0
actual,1745422400.170433,394651.0836975042,4438791.376541981,0.19033798113367037,0
actual,1745422400.2703502,394651.0836975042,4438791.376541981,0.19033798113367037,0
actual,1745422400.3703997,394651.0818002721,4438791.379680578,0.19066596340670525,0
actual,1745422400.4704218,394651.0818002721,4438791.379680578,0.19066596340670525,0
actual,1745422400.5703943,394651.0818002721,4438791.379680578,0.19066596340670525,0
actual,1745422400.6704366,394651.0818002721,4438791.379680578,0.19066596340670525,0
actual,1745422400.7704039,394651.0818002721,4438791.379680578,0.19066596340670525,0
actual,1745422400.870413,394651.0837966547,4438791.378324645,0.1914811543404342,0
actual,1745422400.9704013,394651.0837966547,4438791.378324645,0.1914811543404342,0
actual,1745422401.0703995,394651.0837966547,4438791.378324645,0.1914811543404342,0
actual,1745422401.1704016,394651.0837966547,4438791.378324645,0.1914811543404342,0
actual,1745422401.2703545,394651.0837966547,4438791.378324645,0.1914811543404342,0
actual,1745422401.3704557,394651.08330066997,4438791.37869262,0.1923014067289938,0
actual,1745422401.470413,394651.08330066997,4438791.37869262,0.1923014067289938,0
actual,1745422401.570438,394651.08330066997,4438791.37869262,0.1923014067289938,0
actual,1745422401.670424,394651.08330066997,4438791.37869262,0.1923014067289938,0
actual,1745422401.7704527,394651.08330066997,4438791.37869262,0.1923014067289938,0
actual,1745422401.870403,394651.08297519205,4438791.376595814,0.19409050883862816,0
actual,1745422401.9704306,394651.08297519205,4438791.376595814,0.19409050883862816,0
actual,1745422402.0704033,394651.08297519205,4438791.376595814,0.19409050883862816,0
actual,1745422402.1704228,394651.08297519205,4438791.376595814,0.19409050883862816,0
actual,1745422402.2704282,394651.08297519205,4438791.376595814,0.19409050883862816,0
actual,1745422402.3703961,394651.0825565262,4438791.376473348,0.19338131175037282,0
actual,1745422402.4704013,394651.0825565262,4438791.376473348,0.19338131175037282,0
actual,1745422402.570436,394651.0825565262,4438791.376473348,0.19338131175037282,0
actual,1745422402.6704009,394651.0825565262,4438791.376473348,0.19338131175037282,0
actual,1745422402.7704291,394651.0825565262,4438791.376473348,0.19338131175037282,0
actual,1745422402.8704073,394651.0833394711,4438791.376273417,0.19194520248195426,0
actual,1745422402.970465,394651.0833394711,4438791.376273417,0.19194520248195426,0
actual,1745422403.070413,394651.0833394711,4438791.376273417,0.19194520248195426,0
actual,1745422403.1703796,394651.0833394711,4438791.376273417,0.19194520248195426,0
actual,1745422403.2704349,394651.0833394711,4438791.376273417,0.19194520248195426,0
actual,1745422403.3703988,394651.0845026512,4438791.375381056,0.1925792980524964,0
actual,1745422403.4704235,394651.0845026512,4438791.375381056,0.1925792980524964,0
actual,1745422403.5704951,394651.0845026512,4438791.375381056,0.1925792980524964,0
actual,1745422403.6704717,394651.0845026512,4438791.375381056,0.1925792980524964,0
actual,1745422403.7704878,394651.0845026512,4438791.375381056,0.1925792980524964,0
actual,1745422403.8704321,394651.08327151084,4438791.375108066,0.19153508501432082,0
actual,1745422403.9703953,394651.08327151084,4438791.375108066,0.19153508501432082,0
actual,1745422404.0704274,394651.08327151084,4438791.375108066,0.19153508501432082,0
actual,1745422404.170433,394651.08327151084,4438791.375108066,0.19153508501432082,0
actual,1745422404.270396,394651.08327151084,4438791.375108066,0.19153508501432082,0
actual,1745422404.370453,394651.08434715256,4438791.374866434,0.19110657177637116,0
actual,1745422404.4703872,394651.08434715256,4438791.374866434,0.19110657177637116,0
actual,1745422404.57037,394651.08434715256,4438791.374866434,0.19110657177637116,0
actual,1745422404.6704233,394651.08434715256,4438791.374866434,0.19110657177637116,0
actual,1745422404.7704062,394651.08434715256,4438791.374866434,0.19110657177637116,0
actual,1745422404.870398,394651.08204395045,4438791.377435576,0.19017620656530296,0
actual,1745422404.9704025,394651.08204395045,4438791.377435576,0.19017620656530296,0
actual,1745422405.070409,394651.08204395045,4438791.377435576,0.19017620656530296,0
actual,1745422405.1704092,394651.08204395045,4438791.377435576,0.19017620656530296,0
actual,1745422405.2704244,394651.08204395045,4438791.377435576,0.19017620656530296,0
actual,1745422405.3704112,394651.082369661,4438791.378817402,0.19008140028033466,0
actual,1745422405.4703653,394651.082369661,4438791.378817402,0.19008140028033466,0
actual,1745422405.5704217,394651.082369661,4438791.378817402,0.19008140028033466,0
actual,1745422405.6703827,394651.082369661,4438791.378817402,0.19008140028033466,0
actual,1745422405.7704315,394651.082369661,4438791.378817402,0.19008140028033466,0
actual,1745422405.8704078,394651.08377714985,4438791.378011711,0.18954582854606764,0
actual,1745422405.9704366,394651.08377714985,4438791.378011711,0.18954582854606764,0
actual,1745422406.0704768,394651.08377714985,4438791.378011711,0.18954582854606764,0
actual,1745422406.1704319,394651.08377714985,4438791.378011711,0.18954582854606764,0
actual,1745422406.2704346,394651.08377714985,4438791.378011711,0.18954582854606764,0
actual,1745422406.3703408,394651.0838879052,4438791.378195152,0.18953277348326267,0
actual,1745422406.4703968,394651.0838879052,4438791.378195152,0.18953277348326267,0
actual,1745422406.5703135,394651.0838879052,4438791.378195152,0.18953277348326267,0
actual,1745422406.670417,394651.0838879052,4438791.378195152,0.18953277348326267,0
actual,1745422406.7703986,394651.0838879052,4438791.378195152,0.18953277348326267,0
actual,1745422406.870428,394651.084729763,4438791.379962138,0.1884323608431729,0
actual,1745422406.9704995,394651.084729763,4438791.379962138,0.1884323608431729,0
actual,1745422407.0704327,394651.084729763,4438791.379962138,0.1884323608431729,0
actual,1745422407.1704283,394651.084729763,4438791.379962138,0.1884323608431729,0
actual,1745422407.2704022,394651.084729763,4438791.379962138,0.1884323608431729,0
actual,1745422407.3704627,394651.08461657696,4438791.380698134,0.18876805747150144,0
actual,1745422407.4704459,394651.08461657696,4438791.380698134,0.18876805747150144,0
actual,1745422407.5704246,394651.08461657696,4438791.380698134,0.18876805747150144,0
actual,1745422407.6704502,394651.08461657696,4438791.380698134,0.18876805747150144,0
actual,1745422407.7704015,394651.08461657696,4438791.380698134,0.18876805747150144,0
actual,1745422407.8704188,394651.0851021452,4438791.37968043,0.1916527900190753,0
actual,1745422407.9704087,394651.0851021452,4438791.37968043,0.1916527900190753,0
actual,1745422408.0703974,394651.0851021452,4438791.37968043,0.1916527900190753,0
actual,1745422408.170411,394651.0851021452,4438791.37968043,0.1916527900190753,0
actual,1745422408.2703624,394651.0851021452,4438791.37968043,0.1916527900190753,0
actual,1745422408.370343,394651.08331559313,4438791.380122997,0.1903594312301773,0
actual,1745422408.4705503,394651.08331559313,4438791.380122997,0.1903594312301773,0
actual,1745422408.5704403,394651.08331559313,4438791.380122997,0.1903594312301773,0
actual,1745422408.6704283,394651.08331559313,4438791.380122997,0.1903594312301773,0
actual,1745422408.7703671,394651.08331559313,4438791.380122997,0.1903594312301773,0
actual,1745422408.8704214,394651.0831502861,4438791.377536696,0.18814087340479738,0
actual,1745422408.9704082,394651.0831502861,4438791.377536696,0.18814087340479738,0
actual,1745422409.0704007,394651.0831502861,4438791.377536696,0.18814087340479738,0
actual,1745422409.1703324,394651.0831502861,4438791.377536696,0.18814087340479738,0
actual,1745422409.2704625,394651.0831502861,4438791.377536696,0.18814087340479738,0
actual,1745422409.3704472,394651.0826969078,4438791.377695339,0.18920414543840472,0
actual,1745422409.4703448,394651.0826969078,4438791.377695339,0.18920414543840472,0
actual,1745422409.5704002,394651.0826969078,4438791.377695339,0.18920414543840472,0
actual,1745422409.6704354,394651.0826969078,4438791.377695339,0.18920414543840472,0
actual,1745422409.770397,394651.0826969078,4438791.377695339,0.18920414543840472,0
actual,1745422409.8703988,394651.0823653892,4438791.377032734,0.19038391819958297,0
actual,1745422409.9704008,394651.0823653892,4438791.377032734,0.19038391819958297,0
actual,1745422410.0703993,394651.0823653892,4438791.377032734,0.19038391819958297,0
actual,1745422410.1704087,394651.0823653892,4438791.377032734,0.19038391819958297,0
actual,1745422410.2704227,394651.0823653892,4438791.377032734,0.19038391819958297,0
actual,1745422410.3703587,394651.08201291825,4438791.375697464,0.19078419201023522,0
actual,1745422410.4704022,394651.08201291825,4438791.375697464,0.19078419201023522,0
actual,1745422410.5703712,394651.08201291825,4438791.375697464,0.19078419201023522,0
actual,1745422410.6704295,394651.08201291825,4438791.375697464,0.19078419201023522,0
actual,1745422410.7703323,394651.08201291825,4438791.375697464,0.19078419201023522,0
actual,1745422410.8704472,394651.0827017637,4438791.375288688,0.19312218271632917,0
actual,1745422410.9704242,394651.0827017637,4438791.375288688,0.19312218271632917,0
actual,1745422411.0703943,394651.0827017637,4438791.375288688,0.19312218271632917,0
actual,1745422411.170495,394651.0827017637,4438791.375288688,0.19312218271632917,0
actual,1745422411.270437,394651.0827017637,4438791.375288688,0.19312218271632917,0
actual,1745422411.3704236,394651.084389201,4438791.377246846,0.1935353719634463,0
actual,1745422411.4704075,394651.084389201,4438791.377246846,0.1935353719634463,0
actual,1745422411.5704136,394651.084389201,4438791.377246846,0.1935353719634463,0
actual,1745422411.6704152,394651.084389201,4438791.377246846,0.1935353719634463,0
actual,1745422411.7704117,394651.084389201,4438791.377246846,0.1935353719634463,0
actual,1745422411.8704343,394651.08546487277,4438791.375660331,0.19481089348738878,0
actual,1745422411.970379,394651.08546487277,4438791.375660331,0.19481089348738878,0
actual,1745422412.0704284,394651.08546487277,4438791.375660331,0.19481089348738878,0
actual,1745422412.1704268,394651.08546487277,4438791.375660331,0.19481089348738878,0
actual,1745422412.2704103,394651.08546487277,4438791.375660331,0.19481089348738878,0
actual,1745422412.3703485,394651.0835762372,4438791.378223581,0.19275480836207703,0
actual,1745422412.4704099,394651.0835762372,4438791.378223581,0.19275480836207703,0
actual,1745422412.5704029,394651.0835762372,4438791.378223581,0.19275480836207703,0
actual,1745422412.6704125,394651.0835762372,4438791.378223581,0.19275480836207703,0
actual,1745422412.7704053,394651.0835762372,4438791.378223581,0.19275480836207703,0
actual,1745422412.8704016,394651.0829423836,4438791.379034812,0.19132854275063968,0
actual,1745422412.9704072,394651.0829423836,4438791.379034812,0.19132854275063968,0
actual,1745422413.0704138,394651.0829423836,4438791.379034812,0.19132854275063968,0
actual,1745422413.1704125,394651.0829423836,4438791.379034812,0.19132854275063968,0
actual,1745422413.270431,394651.0829423836,4438791.379034812,0.19132854275063968,0
actual,1745422413.3704054,394651.08570667077,4438791.377002655,0.19458014350698283,0
actual,1745422413.4704156,394651.08570667077,4438791.377002655,0.19458014350698283,0
actual,1745422413.5704362,394651.08570667077,4438791.377002655,0.19458014350698283,0
actual,1745422413.670413,394651.08570667077,4438791.377002655,0.19458014350698283,0
actual,1745422413.7704134,394651.08570667077,4438791.377002655,0.19458014350698283,0
actual,1745422413.8704066,394651.0843936888,4438791.3753025355,0.19304776187702427,0
actual,1745422413.970414,394651.0843936888,4438791.3753025355,0.19304776187702427,0
actual,1745422414.0704138,394651.0843936888,4438791.3753025355,0.19304776187702427,0
actual,1745422414.1704493,394651.0843936888,4438791.3753025355,0.19304776187702427,0
actual,1745422414.270407,394651.0843936888,4438791.3753025355,0.19304776187702427,0
actual,1745422414.3704035,394651.08635148837,4438791.375904764,0.19309143001490905,0
actual,1745422414.4703586,394651.08635148837,4438791.375904764,0.19309143001490905,0
actual,1745422414.5704267,394651.08635148837,4438791.375904764,0.19309143001490905,0
actual,1745422414.6704035,394651.08635148837,4438791.375904764,0.19309143001490905,0
actual,1745422414.7704048,394651.08635148837,4438791.375904764,0.19309143001490905,0
actual,1745422414.8704028,394651.08453154814,4438791.378721644,0.19095690979301252,0
actual,1745422414.970396,394651.08453154814,4438791.378721644,0.19095690979301252,0
actual,1745422415.0703971,394651.08453154814,4438791.378721644,0.19095690979301252,0
actual,1745422415.1704035,394651.08453154814,4438791.378721644,0.19095690979301252,0
actual,1745422415.2703397,394651.08453154814,4438791.378721644,0.19095690979301252,0
actual,1745422415.3703947,394651.0837425308,4438791.376391442,0.1931320438266031,0
actual,1745422415.470397,394651.0837425308,4438791.376391442,0.1931320438266031,0
actual,1745422415.5704014,394651.0837425308,4438791.376391442,0.1931320438266031,0
actual,1745422415.670432,394651.0837425308,4438791.376391442,0.1931320438266031,0
actual,1745422415.7704582,394651.0837425308,4438791.376391442,0.1931320438266031,0
actual,1745422415.8704221,394651.08304215316,4438791.376346966,0.19313111880209938,0
actual,1745422415.9704368,394651.08304215316,4438791.376346966,0.19313111880209938,0
actual,1745422416.0704348,394651.08304215316,4438791.376346966,0.19313111880209938,0
actual,1745422416.170425,394651.08304215316,4438791.376346966,0.19313111880209938,0
actual,1745422416.2703984,394651.08304215316,4438791.376346966,0.19313111880209938,0
actual,1745422416.3704233,394651.0857798962,4438791.375968436,0.19445856387128882,0
actual,1745422416.4704714,394651.0857798962,4438791.375968436,0.19445856387128882,0
actual,1745422416.5705,394651.0857798962,4438791.375968436,0.19445856387128882,0
actual,1745422416.6704364,394651.0857798962,4438791.375968436,0.19445856387128882,0
actual,1745422416.7704258,394651.0857798962,4438791.375968436,0.19445856387128882,0
actual,1745422416.8703187,394651.08482412406,4438791.376157661,0.193167055131398,0
actual,1745422416.970412,394651.08482412406,4438791.376157661,0.193167055131398,0
actual,1745422417.070403,394651.08482412406,4438791.376157661,0.193167055131398,0
actual,1745422417.1704128,394651.08482412406,4438791.376157661,0.193167055131398,0
actual,1745422417.270399,394651.08482412406,4438791.376157661,0.193167055131398,0
actual,1745422417.3704157,394651.0848005844,4438791.37906907,0.19299674590298854,0
actual,1745422417.4704027,394651.0848005844,4438791.37906907,0.19299674590298854,0
actual,1745422417.570415,394651.0848005844,4438791.37906907,0.19299674590298854,0
actual,1745422417.670352,394651.0848005844,4438791.37906907,0.19299674590298854,0
actual,1745422417.770398,394651.0848005844,4438791.37906907,0.19299674590298854,0
actual,1745422417.870404,394651.08555759053,4438791.3771651015,0.19493592887500172,0
actual,1745422417.970423,394651.08555759053,4438791.3771651015,0.19493592887500172,0
actual,1745422418.0704358,394651.08555759053,4438791.3771651015,0.19493592887500172,0
actual,1745422418.170474,394651.08555759053,4438791.3771651015,0.19493592887500172,0
actual,1745422418.2704,394651.08555759053,4438791.3771651015,0.19493592887500172,0
actual,1745422418.3705313,394651.08454727766,4438791.378583661,0.19181590849096655,0
actual,1745422418.4704278,394651.08454727766,4438791.378583661,0.19181590849096655,0
actual,1745422418.5703964,394651.08454727766,4438791.378583661,0.19181590849096655,0
actual,1745422418.6704233,394651.08454727766,4438791.378583661,0.19181590849096655,0
actual,1745422418.7703993,394651.08454727766,4438791.378583661,0.19181590849096655,0
actual,1745422418.8704126,394651.0858234317,4438791.377295364,0.19308889928749384,0
actual,1745422418.9704292,394651.0858234317,4438791.377295364,0.19308889928749384,0
actual,1745422419.0703533,394651.0858234317,4438791.377295364,0.19308889928749384,0
actual,1745422419.1704023,394651.0858234317,4438791.377295364,0.19308889928749384,0
actual,1745422419.2703373,394651.0858234317,4438791.377295364,0.19308889928749384,0
actual,1745422419.3704038,394651.0875534787,4438791.378626325,0.1930139373961207,0
actual,1745422419.470412,394651.0875534787,4438791.378626325,0.1930139373961207,0
actual,1745422419.5704103,394651.0875534787,4438791.378626325,0.1930139373961207,0
actual,1745422419.6704152,394651.0875534787,4438791.378626325,0.1930139373961207,0
actual,1745422419.770404,394651.0875534787,4438791.378626325,0.1930139373961207,0
actual,1745422419.8704262,394651.0854370042,4438791.374630246,0.19416241640381032,0
actual,1745422419.9704146,394651.0854370042,4438791.374630246,0.19416241640381032,0
actual,1745422420.0704076,394651.0854370042,4438791.374630246,0.19416241640381032,0
actual,1745422420.170414,394651.0854370042,4438791.374630246,0.19416241640381032,0
actual,1745422420.2704513,394651.0854370042,4438791.374630246,0.19416241640381032,0
actual,1745422420.370448,394651.08529922576,4438791.3762998665,0.1931860966735373,0
actual,1745422420.4704127,394651.08529922576,4438791.3762998665,0.1931860966735373,0
actual,1745422420.5704036,394651.08529922576,4438791.3762998665,0.1931860966735373,0
actual,1745422420.6704128,394651.08529922576,4438791.3762998665,0.1931860966735373,0
actual,1745422420.770402,394651.08529922576,4438791.3762998665,0.1931860966735373,0
actual,1745422420.8704164,394651.08460368245,4438791.37867666,0.19171604075116758,0
actual,1745422420.9704025,394651.08460368245,4438791.37867666,0.19171604075116758,0
actual,1745422421.0704007,394651.08460368245,4438791.37867666,0.19171604075116758,0
actual,1745422421.1704104,394651.08460368245,4438791.37867666,0.19171604075116758,0
actual,1745422421.270412,394651.08460368245,4438791.37867666,0.19171604075116758,0
actual,1745422421.3704066,394651.08769678604,4438791.377245346,0.19370156221482127,0
actual,1745422421.4704247,394651.08769678604,4438791.377245346,0.19370156221482127,0
actual,1745422421.5703995,394651.08769678604,4438791.377245346,0.19370156221482127,0
actual,1745422421.670396,394651.08769678604,4438791.377245346,0.19370156221482127,0
actual,1745422421.7703218,394651.08769678604,4438791.377245346,0.19370156221482127,0
actual,1745422421.870399,394651.08538267703,4438791.377165619,0.19160805723034674,0
actual,1745422421.9704041,394651.08538267703,4438791.377165619,0.19160805723034674,0
actual,1745422422.0704768,394651.08538267703,4438791.377165619,0.19160805723034674,0
actual,1745422422.1705377,394651.08538267703,4438791.377165619,0.19160805723034674,0
actual,1745422422.2704298,394651.08538267703,4438791.377165619,0.19160805723034674,0
actual,1745422422.3704052,394651.08538267703,4438791.377165619,0.19160805723034674,0
actual,1745422422.4702961,394651.0845974088,4438791.379117983,0.18896819437682758,0
actual,1745422422.5704,394651.0845974088,4438791.379117983,0.18896819437682758,0
actual,1745422422.670401,394651.0845974088,4438791.379117983,0.18896819437682758,0
actual,1745422422.7704012,394651.0845974088,4438791.379117983,0.18896819437682758,0
actual,1745422422.8704102,394651.08472028666,4438791.379349165,0.190592851564339,0
actual,1745422422.9704025,394651.08472028666,4438791.379349165,0.190592851564339,0
actual,1745422423.0704346,394651.08472028666,4438791.379349165,0.190592851564339,0
actual,1745422423.1704235,394651.08472028666,4438791.379349165,0.190592851564339,0
actual,1745422423.2704206,394651.08472028666,4438791.379349165,0.190592851564339,0
actual,1745422423.3704102,394651.08514786937,4438791.378204711,0.1924850328195963,0
actual,1745422423.470412,394651.08514786937,4438791.378204711,0.1924850328195963,0
actual,1745422423.5704215,394651.08514786937,4438791.378204711,0.1924850328195963,0
actual,1745422423.6704862,394651.08514786937,4438791.378204711,0.1924850328195963,0
actual,1745422423.770363,394651.08514786937,4438791.378204711,0.1924850328195963,0
actual,1745422423.8704193,394651.0859171818,4438791.376631628,0.19253456526376786,0
actual,1745422423.9704077,394651.0859171818,4438791.376631628,0.19253456526376786,0
actual,1745422424.0704114,394651.0859171818,4438791.376631628,0.19253456526376786,0
actual,1745422424.1704042,394651.0859171818,4438791.376631628,0.19253456526376786,0
actual,1745422424.270398,394651.0859171818,4438791.376631628,0.19253456526376786,0
actual,1745422424.370412,394651.0858620744,4438791.374480074,0.19249622038010164,0
actual,1745422424.4703984,394651.0858620744,4438791.374480074,0.19249622038010164,0
actual,1745422424.5704458,394651.0858620744,4438791.374480074,0.19249622038010164,0
actual,1745422424.670412,394651.0858620744,4438791.374480074,0.19249622038010164,0
actual,1745422424.7703328,394651.0858620744,4438791.374480074,0.19249622038010164,0
actual,1745422424.8704214,394651.0827279637,4438791.376036347,0.1921586562494732,0
actual,1745422424.9703953,394651.0827279637,4438791.376036347,0.1921586562494732,0
actual,1745422425.0703993,394651.0827279637,4438791.376036347,0.1921586562494732,0
actual,1745422425.1704223,394651.0827279637,4438791.376036347,0.1921586562494732,0
actual,1745422425.2703984,394651.0827279637,4438791.376036347,0.1921586562494732,0
actual,1745422425.3704412,394651.08348890144,4438791.374968696,0.1933717298927795,0
actual,1745422425.4703593,394651.08348890144,4438791.374968696,0.1933717298927795,0
actual,1745422425.570413,394651.08348890144,4438791.374968696,0.1933717298927795,0
actual,1745422425.6704035,394651.08348890144,4438791.374968696,0.1933717298927795,0
actual,1745422425.7703993,394651.08348890144,4438791.374968696,0.1933717298927795,0
actual,1745422425.8702984,394651.0845548138,4438791.373973452,0.19402512880484857,0
actual,1745422425.9704113,394651.0845548138,4438791.373973452,0.19402512880484857,0
actual,1745422426.0704336,394651.0845548138,4438791.373973452,0.19402512880484857,0
actual,1745422426.170436,394651.0845548138,4438791.373973452,0.19402512880484857,0
actual,1745422426.2704117,394651.0845548138,4438791.373973452,0.19402512880484857,0
actual,1745422426.3704014,394651.0844068342,4438791.374093327,0.19356973749641812,0
actual,1745422426.4704008,394651.0844068342,4438791.374093327,0.19356973749641812,0
actual,1745422426.570399,394651.0844068342,4438791.374093327,0.19356973749641812,0
actual,1745422426.6704035,394651.0844068342,4438791.374093327,0.19356973749641812,0
actual,1745422426.7704387,394651.0844068342,4438791.374093327,0.19356973749641812,0
actual,1745422426.8704243,394651.0873047113,4438791.375235674,0.19354376699714854,0
actual,1745422426.9704297,394651.0873047113,4438791.375235674,0.19354376699714854,0
actual,1745422427.0703743,394651.0873047113,4438791.375235674,0.19354376699714854,0
actual,1745422427.170405,394651.0873047113,4438791.375235674,0.19354376699714854,0
actual,1745422427.2703984,394651.0873047113,4438791.375235674,0.19354376699714854,0
actual,1745422427.3704317,394651.0883070295,4438791.37582094,0.19352832083326843,0
actual,1745422427.4704142,394651.0883070295,4438791.37582094,0.19352832083326843,0
actual,1745422427.5704854,394651.0883070295,4438791.37582094,0.19352832083326843,0
actual,1745422427.6704435,394651.0883070295,4438791.37582094,0.19352832083326843,0
actual,1745422427.770433,394651.0883070295,4438791.37582094,0.19352832083326843,0
actual,1745422427.870427,394651.0844716445,4438791.378785301,0.19225426538589765,0
actual,1745422427.9703357,394651.0844716445,4438791.378785301,0.19225426538589765,0
actual,1745422428.0703998,394651.0844716445,4438791.378785301,0.19225426538589765,0
actual,1745422428.1703978,394651.0844716445,4438791.378785301,0.19225426538589765,0
actual,1745422428.2704089,394651.0844716445,4438791.378785301,0.19225426538589765,0
actual,1745422428.3704152,394651.08498337655,4438791.37876672,0.19207584037646608,0
actual,1745422428.4704297,394651.08498337655,4438791.37876672,0.19207584037646608,0
actual,1745422428.5704076,394651.08498337655,4438791.37876672,0.19207584037646608,0
actual,1745422428.6704159,394651.08498337655,4438791.37876672,0.19207584037646608,0
actual,1745422428.7704124,394651.08498337655,4438791.37876672,0.19207584037646608,0
actual,1745422428.8703136,394651.0859493521,4438791.378566039,0.19260978895452888,0
actual,1745422428.9704354,394651.0859493521,4438791.378566039,0.19260978895452888,0
actual,1745422429.0704036,394651.0859493521,4438791.378566039,0.19260978895452888,0
actual,1745422429.1704054,394651.0859493521,4438791.378566039,0.19260978895452888,0
actual,1745422429.270429,394651.0859493521,4438791.378566039,0.19260978895452888,0
actual,1745422429.370452,394651.087941126,4438791.375975824,0.19607683315373797,0
actual,1745422429.4704227,394651.087941126,4438791.375975824,0.19607683315373797,0
actual,1745422429.570418,394651.087941126,4438791.375975824,0.19607683315373797,0
actual,1745422429.6704,394651.087941126,4438791.375975824,0.19607683315373797,0
actual,1745422429.7704113,394651.087941126,4438791.375975824,0.19607683315373797,0
actual,1745422429.8703985,394651.0856808737,4438791.375745345,0.1946208794917242,0
actual,1745422429.9704351,394651.0856808737,4438791.375745345,0.1946208794917242,0
actual,1745422430.070418,394651.0856808737,4438791.375745345,0.1946208794917242,0
actual,1745422430.1704075,394651.0856808737,4438791.375745345,0.1946208794917242,0
actual,1745422430.2704175,394651.0856808737,4438791.375745345,0.1946208794917242,0
actual,1745422430.3704257,394651.0841144666,4438791.375931055,0.19367026846133314,0
actual,1745422430.4704287,394651.0841144666,4438791.375931055,0.19367026846133314,0
actual,1745422430.5704277,394651.0841144666,4438791.375931055,0.19367026846133314,0
actual,1745422430.670427,394651.0841144666,4438791.375931055,0.19367026846133314,0
actual,1745422430.7704222,394651.0841144666,4438791.375931055,0.19367026846133314,0
actual,1745422430.8704658,394651.08645719883,4438791.375702613,0.19412234364418451,0
actual,1745422430.9703712,394651.08645719883,4438791.375702613,0.19412234364418451,0
actual,1745422431.0704262,394651.08645719883,4438791.375702613,0.19412234364418451,0
actual,1745422431.1703637,394651.08645719883,4438791.375702613,0.19412234364418451,0
actual,1745422431.2705061,394651.08645719883,4438791.375702613,0.19412234364418451,0
actual,1745422431.3704293,394651.0878817202,4438791.375694307,0.1936958375348748,0
actual,1745422431.4703987,394651.0878817202,4438791.375694307,0.1936958375348748,0
actual,1745422431.5704303,394651.0878817202,4438791.375694307,0.1936958375348748,0
actual,1745422431.6703827,394651.0878817202,4438791.375694307,0.1936958375348748,0
actual,1745422431.770424,394651.0878817202,4438791.375694307,0.1936958375348748,0
actual,1745422431.8704507,394651.0878247596,4438791.374807,0.1944155589585196,0
actual,1745422431.9704337,394651.0878247596,4438791.374807,0.1944155589585196,0
actual,1745422432.0704005,394651.0878247596,4438791.374807,0.1944155589585196,0
actual,1745422432.170404,394651.0878247596,4438791.374807,0.1944155589585196,0
actual,1745422432.2704017,394651.0878247596,4438791.374807,0.1944155589585196,0
actual,1745422432.3704307,394651.08626353776,4438791.3750809515,0.19513393647864058,0
actual,1745422432.4704092,394651.08626353776,4438791.3750809515,0.19513393647864058,0
actual,1745422432.5704749,394651.08626353776,4438791.3750809515,0.19513393647864058,0
actual,1745422432.6704128,394651.08626353776,4438791.3750809515,0.19513393647864058,0
actual,1745422432.770367,394651.08626353776,4438791.3750809515,0.19513393647864058,0
actual,1745422432.870444,394651.086251503,4438791.37317999,0.19591385430818672,0
actual,1745422432.9704375,394651.086251503,4438791.37317999,0.19591385430818672,0
actual,1745422433.0704467,394651.086251503,4438791.37317999,0.19591385430818672,0
actual,1745422433.1705055,394651.086251503,4438791.37317999,0.19591385430818672,0
actual,1745422433.2704504,394651.086251503,4438791.37317999,0.19591385430818672,0
actual,1745422433.370463,394651.0872903359,4438791.372552261,0.19526563902399616,0
actual,1745422433.4704092,394651.0872903359,4438791.372552261,0.19526563902399616,0
actual,1745422433.5704362,394651.0872903359,4438791.372552261,0.19526563902399616,0
actual,1745422433.6704366,394651.0872903359,4438791.372552261,0.19526563902399616,0
actual,1745422433.7704296,394651.0872903359,4438791.372552261,0.19526563902399616,0
actual,1745422433.870402,394651.0874118859,4438791.374525158,0.19517828529493364,0
actual,1745422433.9704096,394651.0874118859,4438791.374525158,0.19517828529493364,0
actual,1745422434.070416,394651.0874118859,4438791.374525158,0.19517828529493364,0
actual,1745422434.1704674,394651.0874118859,4438791.374525158,0.19517828529493364,0
actual,1745422434.2704463,394651.0874118859,4438791.374525158,0.19517828529493364,0
actual,1745422434.3703985,394651.0873383731,4438791.3751464365,0.1927509511844302,0
actual,1745422434.4704285,394651.0873383731,4438791.3751464365,0.1927509511844302,0
actual,1745422434.5703971,394651.0873383731,4438791.3751464365,0.1927509511844302,0
actual,1745422434.6704087,394651.0873383731,4438791.3751464365,0.1927509511844302,0
actual,1745422434.770443,394651.0873383731,4438791.3751464365,0.1927509511844302,0
actual,1745422434.870423,394651.0839191197,4438791.374048836,0.1940395103178849,0
actual,1745422434.9704387,394651.0839191197,4438791.374048836,0.1940395103178849,0
actual,1745422435.0705,394651.0839191197,4438791.374048836,0.1940395103178849,0
actual,1745422435.1704516,394651.0839191197,4438791.374048836,0.1940395103178849,0
actual,1745422435.2704296,394651.0839191197,4438791.374048836,0.1940395103178849,0
actual,1745422435.3704073,394651.08701850317,4438791.373409629,0.19685874065863132,0
actual,1745422435.470398,394651.08701850317,4438791.373409629,0.19685874065863132,0
actual,1745422435.5704007,394651.08701850317,4438791.373409629,0.19685874065863132,0
actual,1745422435.6704166,394651.08701850317,4438791.373409629,0.19685874065863132,0
actual,1745422435.7704086,394651.08701850317,4438791.373409629,0.19685874065863132,0
actual,1745422435.870397,394651.08744569373,4438791.377568683,0.19495151466522212,0
actual,1745422435.9704015,394651.08744569373,4438791.377568683,0.19495151466522212,0
actual,1745422436.0704322,394651.08744569373,4438791.377568683,0.19495151466522212,0
actual,1745422436.1704323,394651.08744569373,4438791.377568683,0.19495151466522212,0
actual,1745422436.270429,394651.08744569373,4438791.377568683,0.19495151466522212,0
actual,1745422436.3704054,394651.08818517486,4438791.375422614,0.1959725671842239,0
actual,1745422436.47046,394651.08818517486,4438791.375422614,0.1959725671842239,0
actual,1745422436.5704234,394651.08818517486,4438791.375422614,0.1959725671842239,0
actual,1745422436.6704137,394651.08818517486,4438791.375422614,0.1959725671842239,0
actual,1745422436.7704413,394651.08818517486,4438791.375422614,0.1959725671842239,0
actual,1745422436.870414,394651.08520822925,4438791.375444979,0.19382939012923728,0
actual,1745422436.9704375,394651.08520822925,4438791.375444979,0.19382939012923728,0
actual,1745422437.0704207,394651.08520822925,4438791.375444979,0.19382939012923728,0
actual,1745422437.1703987,394651.08520822925,4438791.375444979,0.19382939012923728,0
actual,1745422437.2704256,394651.08520822925,4438791.375444979,0.19382939012923728,0
actual,1745422437.3704007,394651.08612778527,4438791.3745967345,0.1948137034674846,0
actual,1745422437.4704592,394651.08612778527,4438791.3745967345,0.1948137034674846,0
actual,1745422437.5704286,394651.08612778527,4438791.3745967345,0.1948137034674846,0
actual,1745422437.6703987,394651.08612778527,4438791.3745967345,0.1948137034674846,0
actual,1745422437.7704217,394651.08612778527,4438791.3745967345,0.1948137034674846,0
actual,1745422437.8703964,394651.0850431409,4438791.376003396,0.19406827334395782,0
actual,1745422437.9703991,394651.0850431409,4438791.376003396,0.19406827334395782,0
actual,1745422438.0704718,394651.0850431409,4438791.376003396,0.19406827334395782,0
actual,1745422438.17042,394651.0850431409,4438791.376003396,0.19406827334395782,0
actual,1745422438.2704241,394651.0850431409,4438791.376003396,0.19406827334395782,0
actual,1745422438.3704033,394651.08639445883,4438791.374627864,0.19609561289648939,0
actual,1745422438.4704428,394651.08639445883,4438791.374627864,0.19609561289648939,0
actual,1745422438.570405,394651.08639445883,4438791.374627864,0.19609561289648939,0
actual,1745422438.6703951,394651.08639445883,4438791.374627864,0.19609561289648939,0
actual,1745422438.7703974,394651.08639445883,4438791.374627864,0.19609561289648939,0
actual,1745422438.8704946,394651.0856540314,4438791.376441689,0.1949809409164106,0
actual,1745422438.9705293,394651.0856540314,4438791.376441689,0.1949809409164106,0
actual,1745422439.070417,394651.0856540314,4438791.376441689,0.1949809409164106,0
actual,1745422439.1704512,394651.0856540314,4438791.376441689,0.1949809409164106,0
actual,1745422439.2704186,394651.0856540314,4438791.376441689,0.1949809409164106,0
actual,1745422439.3703964,394651.0849689766,4438791.374799524,0.19595179776612504,0
actual,1745422439.4704082,394651.0849689766,4438791.374799524,0.19595179776612504,0
actual,1745422439.5704107,394651.0849689766,4438791.374799524,0.19595179776612504,0
actual,1745422439.6704016,394651.0849689766,4438791.374799524,0.19595179776612504,0
actual,1745422439.7704632,394651.0849689766,4438791.374799524,0.19595179776612504,0
actual,1745422439.870403,394651.0860111475,4438791.376896196,0.19541104240397977,0
actual,1745422439.9704053,394651.0860111475,4438791.376896196,0.19541104240397977,0
actual,1745422440.0704036,394651.0860111475,4438791.376896196,0.19541104240397977,0
actual,1745422440.1704,394651.0860111475,4438791.376896196,0.19541104240397977,0
actual,1745422440.2704146,394651.0860111475,4438791.376896196,0.19541104240397977,0
actual,1745422440.370463,394651.0844211528,4438791.375608152,0.19366215268031128,0
actual,1745422440.4704304,394651.0844211528,4438791.375608152,0.19366215268031128,0
actual,1745422440.5704694,394651.0844211528,4438791.375608152,0.19366215268031128,0
actual,1745422440.6704252,394651.0844211528,4438791.375608152,0.19366215268031128,0
actual,1745422440.770429,394651.0844211528,4438791.375608152,0.19366215268031128,0
actual,1745422440.8704214,394651.0844160052,4438791.375085635,0.19443299479774717,0
actual,1745422440.9704254,394651.0844160052,4438791.375085635,0.19443299479774717,0
actual,1745422441.070396,394651.0844160052,4438791.375085635,0.19443299479774717,0
actual,1745422441.1703203,394651.0844160052,4438791.375085635,0.19443299479774717,0
actual,1745422441.2704298,394651.0844160052,4438791.375085635,0.19443299479774717,0
actual,1745422441.370443,394651.085737519,4438791.373394781,0.1954930728788235,0
actual,1745422441.470436,394651.085737519,4438791.373394781,0.1954930728788235,0
actual,1745422441.5704155,394651.085737519,4438791.373394781,0.1954930728788235,0
actual,1745422441.670438,394651.085737519,4438791.373394781,0.1954930728788235,0
actual,1745422441.7703984,394651.085737519,4438791.373394781,0.1954930728788235,0
actual,1745422441.8704195,394651.0833232923,4438791.374148357,0.19395974877106875,0
actual,1745422441.9704156,394651.0833232923,4438791.374148357,0.19395974877106875,0
actual,1745422442.070443,394651.0833232923,4438791.374148357,0.19395974877106875,0
actual,1745422442.1704023,394651.0833232923,4438791.374148357,0.19395974877106875,0
actual,1745422442.2704422,394651.0833232923,4438791.374148357,0.19395974877106875,0
actual,1745422442.3704338,394651.0833232923,4438791.374148357,0.19395974877106875,0
actual,1745422442.4704018,394651.0833315743,4438791.372299907,0.19330888058641513,0
actual,1745422442.570425,394651.0833315743,4438791.372299907,0.19330888058641513,0
actual,1745422442.6704314,394651.0833315743,4438791.372299907,0.19330888058641513,0
actual,1745422442.7704062,394651.0833315743,4438791.372299907,0.19330888058641513,0
actual,1745422442.8704557,394651.08388965996,4438791.373586223,0.19493793600364165,0
actual,1745422442.9704404,394651.08388965996,4438791.373586223,0.19493793600364165,0
actual,1745422443.070409,394651.08388965996,4438791.373586223,0.19493793600364165,0
actual,1745422443.170399,394651.08388965996,4438791.373586223,0.19493793600364165,0
actual,1745422443.2704003,394651.08388965996,4438791.373586223,0.19493793600364165,0
actual,1745422443.3704343,394651.08379746904,4438791.374674331,0.19474951025759635,0
actual,1745422443.470425,394651.08379746904,4438791.374674331,0.19474951025759635,0
actual,1745422443.5704079,394651.08379746904,4438791.374674331,0.19474951025759635,0
actual,1745422443.670461,394651.08379746904,4438791.374674331,0.19474951025759635,0
actual,1745422443.7704554,394651.08379746904,4438791.374674331,0.19474951025759635,0
actual,1745422443.8704336,394651.0835783724,4438791.373556694,0.1931243120180167,0
actual,1745422443.970406,394651.0835783724,4438791.373556694,0.1931243120180167,0
actual,1745422444.0703962,394651.0835783724,4438791.373556694,0.1931243120180167,0
actual,1745422444.170455,394651.0835783724,4438791.373556694,0.1931243120180167,0
actual,1745422444.270421,394651.0835783724,4438791.373556694,0.1931243120180167,0
actual,1745422444.370399,394651.08550741564,4438791.373925263,0.19516617270992487,0
actual,1745422444.470419,394651.08550741564,4438791.373925263,0.19516617270992487,0
actual,1745422444.570405,394651.08550741564,4438791.373925263,0.19516617270992487,0
actual,1745422444.6704097,394651.08550741564,4438791.373925263,0.19516617270992487,0
actual,1745422444.7704077,394651.08550741564,4438791.373925263,0.19516617270992487,0
actual,1745422444.8704371,394651.08380107617,4438791.373769066,0.19420037731504133,0
actual,1745422444.970436,394651.08380107617,4438791.373769066,0.19420037731504133,0
actual,1745422445.0704322,394651.08380107617,4438791.373769066,0.19420037731504133,0
actual,1745422445.1703994,394651.08380107617,4438791.373769066,0.19420037731504133,0
actual,1745422445.2704265,394651.08380107617,4438791.373769066,0.19420037731504133,0
actual,1745422445.3704338,394651.08313035953,4438791.372876271,0.19292777049094953,0
actual,1745422445.4704304,394651.08313035953,4438791.372876271,0.19292777049094953,0
actual,1745422445.5703166,394651.08313035953,4438791.372876271,0.19292777049094953,0
actual,1745422445.670438,394651.08313035953,4438791.372876271,0.19292777049094953,0
actual,1745422445.7704072,394651.08313035953,4438791.372876271,0.19292777049094953,0
actual,1745422445.8703966,394651.08409834275,4438791.374972339,0.19398091961489555,0
actual,1745422445.9703994,394651.08409834275,4438791.374972339,0.19398091961489555,0
actual,1745422446.070452,394651.08409834275,4438791.374972339,0.19398091961489555,0
actual,1745422446.170441,394651.08409834275,4438791.374972339,0.19398091961489555,0
actual,1745422446.2704237,394651.08409834275,4438791.374972339,0.19398091961489555,0
actual,1745422446.3704188,394651.08517365396,4438791.374463089,0.1948643005624999,0
actual,1745422446.4704158,394651.08517365396,4438791.374463089,0.1948643005624999,0
actual,1745422446.5703964,394651.08517365396,4438791.374463089,0.1948643005624999,0
actual,1745422446.6703947,394651.08517365396,4438791.374463089,0.1948643005624999,0
actual,1745422446.7704275,394651.08517365396,4438791.374463089,0.1948643005624999,0
actual,1745422446.870401,394651.08512508165,4438791.376982087,0.193653618020269,0
actual,1745422446.9704735,394651.08512508165,4438791.376982087,0.193653618020269,0
actual,1745422447.0704148,394651.08512508165,4438791.376982087,0.193653618020269,0
actual,1745422447.1704054,394651.08512508165,4438791.376982087,0.193653618020269,0
actual,1745422447.2704306,394651.08512508165,4438791.376982087,0.193653618020269,0
actual,1745422447.370425,394651.0855373626,4438791.375311146,0.1943055683090591,0
actual,1745422447.470399,394651.0855373626,4438791.375311146,0.1943055683090591,0
actual,1745422447.5704339,394651.0855373626,4438791.375311146,0.1943055683090591,0
actual,1745422447.6704433,394651.0855373626,4438791.375311146,0.1943055683090591,0
actual,1745422447.7704282,394651.0855373626,4438791.375311146,0.1943055683090591,0
actual,1745422447.870401,394651.0851578662,4438791.376269585,0.19328558044090105,0
actual,1745422447.9704545,394651.0851578662,4438791.376269585,0.19328558044090105,0
actual,1745422448.0704136,394651.0851578662,4438791.376269585,0.19328558044090105,0
actual,1745422448.1704028,394651.0851578662,4438791.376269585,0.19328558044090105,0
actual,1745422448.270404,394651.0851578662,4438791.376269585,0.19328558044090105,0
actual,1745422448.3704028,394651.0841257668,4438791.376280548,0.19201245001803371,0
actual,1745422448.470447,394651.0841257668,4438791.376280548,0.19201245001803371,0
actual,1745422448.570417,394651.0841257668,4438791.376280548,0.19201245001803371,0
actual,1745422448.670436,394651.0841257668,4438791.376280548,0.19201245001803371,0
actual,1745422448.7704356,394651.0841257668,4438791.376280548,0.19201245001803371,0
actual,1745422448.8703947,394651.08388900594,4438791.377914062,0.19196024722010666,0
actual,1745422448.9703941,394651.08388900594,4438791.377914062,0.19196024722010666,0
actual,1745422449.0704143,394651.08388900594,4438791.377914062,0.19196024722010666,0
actual,1745422449.1704464,394651.08388900594,4438791.377914062,0.19196024722010666,0
actual,1745422449.2704837,394651.08388900594,4438791.377914062,0.19196024722010666,0
actual,1745422449.3704321,394651.0850739175,4438791.376909794,0.1925075301136545,0
actual,1745422449.4704108,394651.0850739175,4438791.376909794,0.1925075301136545,0
actual,1745422449.570399,394651.0850739175,4438791.376909794,0.1925075301136545,0
actual,1745422449.6703959,394651.0850739175,4438791.376909794,0.1925075301136545,0
actual,1745422449.7704344,394651.0850739175,4438791.376909794,0.1925075301136545,0
actual,1745422449.8704002,394651.08323053655,4438791.373640693,0.19235971817930303,0
actual,1745422449.9704008,394651.08323053655,4438791.373640693,0.19235971817930303,0
actual,1745422450.070424,394651.08323053655,4438791.373640693,0.19235971817930303,0
actual,1745422450.170405,394651.08323053655,4438791.373640693,0.19235971817930303,0
actual,1745422450.2703967,394651.08323053655,4438791.373640693,0.19235971817930303,0
actual,1745422450.3703985,394651.08224128745,4438791.374339084,0.19238022579801403,0
actual,1745422450.470428,394651.08224128745,4438791.374339084,0.19238022579801403,0
actual,1745422450.5704062,394651.08224128745,4438791.374339084,0.19238022579801403,0
actual,1745422450.670398,394651.08224128745,4438791.374339084,0.19238022579801403,0
actual,1745422450.7703958,394651.08224128745,4438791.374339084,0.19238022579801403,0
actual,1745422450.8703399,394651.0834920387,4438791.377379231,0.1910776865772507,0
actual,1745422450.97045,394651.0834920387,4438791.377379231,0.1910776865772507,0
actual,1745422451.0704057,394651.0834920387,4438791.377379231,0.1910776865772507,0
actual,1745422451.1704261,394651.0834920387,4438791.377379231,0.1910776865772507,0
actual,1745422451.2704065,394651.0834920387,4438791.377379231,0.1910776865772507,0
actual,1745422451.370443,394651.08388701186,4438791.377410527,0.19187449919395616,0
actual,1745422451.4704297,394651.08388701186,4438791.377410527,0.19187449919395616,0
actual,1745422451.5704079,394651.08388701186,4438791.377410527,0.19187449919395616,0
actual,1745422451.6704254,394651.08388701186,4438791.377410527,0.19187449919395616,0
actual,1745422451.7704039,394651.08388701186,4438791.377410527,0.19187449919395616,0
actual,1745422451.870436,394651.0827838172,4438791.375726311,0.1916045840251351,0
actual,1745422451.970396,394651.0827838172,4438791.375726311,0.1916045840251351,0
actual,1745422452.070424,394651.0827838172,4438791.375726311,0.1916045840251351,0
actual,1745422452.1703963,394651.0827838172,4438791.375726311,0.1916045840251351,0
actual,1745422452.2704105,394651.0827838172,4438791.375726311,0.1916045840251351,0
actual,1745422452.370339,394651.0827838172,4438791.375726311,0.1916045840251351,0
actual,1745422452.4703948,394651.0846441005,4438791.3758439375,0.19304482972388087,0
actual,1745422452.570398,394651.0846441005,4438791.3758439375,0.19304482972388087,0
actual,1745422452.670405,394651.0846441005,4438791.3758439375,0.19304482972388087,0
actual,1745422452.7704008,394651.0846441005,4438791.3758439375,0.19304482972388087,0
actual,1745422452.8704126,394651.08554364933,4438791.376683136,0.1923304315544546,0
actual,1745422452.9704297,394651.08554364933,4438791.376683136,0.1923304315544546,0
actual,1745422453.0703938,394651.08554364933,4438791.376683136,0.1923304315544546,0
actual,1745422453.1704009,394651.08554364933,4438791.376683136,0.1923304315544546,0
actual,1745422453.2704964,394651.08554364933,4438791.376683136,0.1923304315544546,0
actual,1745422453.3704205,394651.0854353584,4438791.376605008,0.1919677172293052,0
actual,1745422453.4704313,394651.0854353584,4438791.376605008,0.1919677172293052,0
actual,1745422453.5703971,394651.0854353584,4438791.376605008,0.1919677172293052,0
actual,1745422453.670408,394651.0854353584,4438791.376605008,0.1919677172293052,0
actual,1745422453.7704,394651.0854353584,4438791.376605008,0.1919677172293052,0
actual,1745422453.87035,394651.0873097201,4438791.3739955565,0.19446908820667833,0
actual,1745422453.9704347,394651.0873097201,4438791.3739955565,0.19446908820667833,0
actual,1745422454.070431,394651.0873097201,4438791.3739955565,0.19446908820667833,0
actual,1745422454.170405,394651.0873097201,4438791.3739955565,0.19446908820667833,0
actual,1745422454.2704382,394651.0873097201,4438791.3739955565,0.19446908820667833,0
actual,1745422454.3704143,394651.08563608443,4438791.376533746,0.1933209931714239,0
actual,1745422454.470361,394651.08563608443,4438791.376533746,0.1933209931714239,0
actual,1745422454.5704513,394651.08563608443,4438791.376533746,0.1933209931714239,0
actual,1745422454.670396,394651.08563608443,4438791.376533746,0.1933209931714239,0
actual,1745422454.7704391,394651.08563608443,4438791.376533746,0.1933209931714239,0
actual,1745422454.870434,394651.08502128185,4438791.375371814,0.19465576862347156,0
actual,1745422454.9704108,394651.08502128185,4438791.375371814,0.19465576862347156,0
actual,1745422455.070404,394651.08502128185,4438791.375371814,0.19465576862347156,0
actual,1745422455.1703753,394651.08502128185,4438791.375371814,0.19465576862347156,0
actual,1745422455.2704155,394651.08502128185,4438791.375371814,0.19465576862347156,0
actual,1745422455.3703933,394651.0851997284,4438791.377729584,0.19259675134501641,0
actual,1745422455.4703948,394651.0851997284,4438791.377729584,0.19259675134501641,0
actual,1745422455.5704045,394651.0851997284,4438791.377729584,0.19259675134501641,0
actual,1745422455.670441,394651.0851997284,4438791.377729584,0.19259675134501641,0
actual,1745422455.7703736,394651.0851997284,4438791.377729584,0.19259675134501641,0
actual,1745422455.8704095,394651.08491496975,4438791.374850773,0.19337892064929768,0
actual,1745422455.9703977,394651.08491496975,4438791.374850773,0.19337892064929768,0
actual,1745422456.0703955,394651.08491496975,4438791.374850773,0.19337892064929768,0
actual,1745422456.1704075,394651.08491496975,4438791.374850773,0.19337892064929768,0
actual,1745422456.2703307,394651.08491496975,4438791.374850773,0.19337892064929768,0
actual,1745422456.3704188,394651.0838027611,4438791.376173671,0.1926486748902631,0
actual,1745422456.4704049,394651.0838027611,4438791.376173671,0.1926486748902631,0
actual,1745422456.5704079,394651.0838027611,4438791.376173671,0.1926486748902631,0
actual,1745422456.6704757,394651.0838027611,4438791.376173671,0.1926486748902631,0
actual,1745422456.7704077,394651.0838027611,4438791.376173671,0.1926486748902631,0
actual,1745422456.8704205,394651.08587981295,4438791.376514717,0.19307891600417235,0
actual,1745422456.9703948,394651.08587981295,4438791.376514717,0.19307891600417235,0
actual,1745422457.0704408,394651.08587981295,4438791.376514717,0.19307891600417235,0
actual,1745422457.1704612,394651.08587981295,4438791.376514717,0.19307891600417235,0
actual,1745422457.2704258,394651.08587981295,4438791.376514717,0.19307891600417235,0
actual,1745422457.3704123,394651.087983779,4438791.374227294,0.19599080587490708,0
actual,1745422457.4704137,394651.087983779,4438791.374227294,0.19599080587490708,0
actual,1745422457.5704002,394651.087983779,4438791.374227294,0.19599080587490708,0
actual,1745422457.6704018,394651.087983779,4438791.374227294,0.19599080587490708,0
actual,1745422457.7703965,394651.087983779,4438791.374227294,0.19599080587490708,0
actual,1745422457.8704138,394651.08478504827,4438791.375509315,0.1927157828000025,0
actual,1745422457.970398,394651.08478504827,4438791.375509315,0.1927157828000025,0
actual,1745422458.0704386,394651.08478504827,4438791.375509315,0.1927157828000025,0
actual,1745422458.1704285,394651.08478504827,4438791.375509315,0.1927157828000025,0
actual,1745422458.2703977,394651.08478504827,4438791.375509315,0.1927157828000025,0
actual,1745422458.370397,394651.0861890426,4438791.377776819,0.1919997963809567,0
actual,1745422458.4704387,394651.0861890426,4438791.377776819,0.1919997963809567,0
actual,1745422458.5704443,394651.0861890426,4438791.377776819,0.1919997963809567,0
actual,1745422458.6704173,394651.0861890426,4438791.377776819,0.1919997963809567,0
actual,1745422458.770402,394651.0861890426,4438791.377776819,0.1919997963809567,0
actual,1745422458.8704345,394651.08486066264,4438791.375268611,0.1929048717711634,0
actual,1745422458.9704885,394651.08486066264,4438791.375268611,0.1929048717711634,0
actual,1745422459.070418,394651.08486066264,4438791.375268611,0.1929048717711634,0
actual,1745422459.1704226,394651.08486066264,4438791.375268611,0.1929048717711634,0
actual,1745422459.2703993,394651.08486066264,4438791.375268611,0.1929048717711634,0
actual,1745422459.3703969,394651.0861169212,4438791.376463508,0.1927143341767233,0
actual,1745422459.4703994,394651.0861169212,4438791.376463508,0.1927143341767233,0
actual,1745422459.5703957,394651.0861169212,4438791.376463508,0.1927143341767233,0
actual,1745422459.670399,394651.0861169212,4438791.376463508,0.1927143341767233,0
actual,1745422459.7704139,394651.0861169212,4438791.376463508,0.1927143341767233,0
actual,1745422459.8703952,394651.08541775733,4438791.374200033,0.19359623159446346,0
actual,1745422459.9703972,394651.08541775733,4438791.374200033,0.19359623159446346,0
actual,1745422460.070395,394651.08541775733,4438791.374200033,0.19359623159446346,0
actual,1745422460.1703975,394651.08541775733,4438791.374200033,0.19359623159446346,0
actual,1745422460.270395,394651.08541775733,4438791.374200033,0.19359623159446346,0
actual,1745422460.3703969,394651.0855284779,4438791.374881367,0.19292937619386152,0
actual,1745422460.470496,394651.0855284779,4438791.374881367,0.19292937619386152,0
actual,1745422460.5704708,394651.0855284779,4438791.374881367,0.19292937619386152,0
actual,1745422460.6704328,394651.0855284779,4438791.374881367,0.19292937619386152,0
actual,1745422460.770375,394651.0855284779,4438791.374881367,0.19292937619386152,0
actual,1745422460.8704555,394651.08520505886,4438791.372677437,0.195891740986564,0
actual,1745422460.9704127,394651.08520505886,4438791.372677437,0.195891740986564,0
actual,1745422461.070398,394651.08520505886,4438791.372677437,0.195891740986564,0
actual,1745422461.1704009,394651.08520505886,4438791.372677437,0.195891740986564,0
actual,1745422461.2703962,394651.08520505886,4438791.372677437,0.195891740986564,0
actual,1745422461.3704078,394651.0850753603,4438791.375920107,0.1920686496199479,0
actual,1745422461.4704027,394651.0850753603,4438791.375920107,0.1920686496199479,0
actual,1745422461.5703976,394651.0850753603,4438791.375920107,0.1920686496199479,0
actual,1745422461.6704068,394651.0850753603,4438791.375920107,0.1920686496199479,0
actual,1745422461.770398,394651.0850753603,4438791.375920107,0.1920686496199479,0
actual,1745422461.8704312,394651.0843319884,4438791.37849912,0.19080682893063372,0
actual,1745422461.9704158,394651.0843319884,4438791.37849912,0.19080682893063372,0
actual,1745422462.0703976,394651.0843319884,4438791.37849912,0.19080682893063372,0
actual,1745422462.1704047,394651.0843319884,4438791.37849912,0.19080682893063372,0
actual,1745422462.2704058,394651.0843319884,4438791.37849912,0.19080682893063372,0
actual,1745422462.37042,394651.08615012857,4438791.3779129945,0.19188261497497777,0
actual,1745422462.4703658,394651.08615012857,4438791.3779129945,0.19188261497497777,0
actual,1745422462.5703967,394651.08615012857,4438791.3779129945,0.19188261497497777,0
actual,1745422462.6703715,394651.08615012857,4438791.3779129945,0.19188261497497777,0
actual,1745422462.7704968,394651.08615012857,4438791.3779129945,0.19188261497497777,0
actual,1745422462.8704338,394651.08575365954,4438791.377945561,0.1916421435106382,0
actual,1745422462.9704227,394651.08575365954,4438791.377945561,0.1916421435106382,0
actual,1745422463.070399,394651.08575365954,4438791.377945561,0.1916421435106382,0
actual,1745422463.1703975,394651.08575365954,4438791.377945561,0.1916421435106382,0
actual,1745422463.2704053,394651.08575365954,4438791.377945561,0.1916421435106382,0
actual,1745422463.3703985,394651.0870421407,4438791.3781907605,0.19199887135645324,0
actual,1745422463.4703972,394651.0870421407,4438791.3781907605,0.19199887135645324,0
actual,1745422463.570403,394651.0870421407,4438791.3781907605,0.19199887135645324,0
actual,1745422463.6704566,394651.0870421407,4438791.3781907605,0.19199887135645324,0
actual,1745422463.770467,394651.0870421407,4438791.3781907605,0.19199887135645324,0
actual,1745422463.8704424,394651.08691140916,4438791.376508599,0.19305840838546134,0
actual,1745422463.9704387,394651.08691140916,4438791.376508599,0.19305840838546134,0
actual,1745422464.0704412,394651.08691140916,4438791.376508599,0.19305840838546134,0
actual,1745422464.170399,394651.08691140916,4438791.376508599,0.19305840838546134,0
actual,1745422464.2703583,394651.08691140916,4438791.376508599,0.19305840838546134,0
actual,1745422464.3704064,394651.0851335932,4438791.376041237,0.19341101725424192,0
actual,1745422464.4704025,394651.0851335932,4438791.376041237,0.19341101725424192,0
actual,1745422464.5703962,394651.0851335932,4438791.376041237,0.19341101725424192,0
actual,1745422464.6704,394651.0851335932,4438791.376041237,0.19341101725424192,0
actual,1745422464.7704248,394651.0851335932,4438791.376041237,0.19341101725424192,0
actual,1745422464.8704205,394651.08421555464,4438791.3767975755,0.1921806299447559,0
actual,1745422464.9704003,394651.08421555464,4438791.3767975755,0.1921806299447559,0
actual,1745422465.07043,394651.08421555464,4438791.3767975755,0.1921806299447559,0
actual,1745422465.1703978,394651.08421555464,4438791.3767975755,0.1921806299447559,0
actual,1745422465.2704124,394651.08421555464,4438791.3767975755,0.1921806299447559,0
actual,1745422465.3703723,394651.08531125804,4438791.376659502,0.19231432216545868,0
actual,1745422465.470333,394651.08531125804,4438791.376659502,0.19231432216545868,0
actual,1745422465.5703995,394651.08531125804,4438791.376659502,0.19231432216545868,0
actual,1745422465.6703959,394651.08531125804,4438791.376659502,0.19231432216545868,0
actual,1745422465.7704067,394651.08531125804,4438791.376659502,0.19231432216545868,0
actual,1745422465.8703997,394651.0852402863,4438791.375619915,0.19261605468654336,0
actual,1745422465.9703994,394651.0852402863,4438791.375619915,0.19261605468654336,0
actual,1745422466.0704281,394651.0852402863,4438791.375619915,0.19261605468654336,0
actual,1745422466.1704106,394651.0852402863,4438791.375619915,0.19261605468654336,0
actual,1745422466.2704356,394651.0852402863,4438791.375619915,0.19261605468654336,0
actual,1745422466.3703983,394651.0852057367,4438791.374646272,0.1939333942993637,0
actual,1745422466.4703975,394651.0852057367,4438791.374646272,0.1939333942993637,0
actual,1745422466.5704508,394651.0852057367,4438791.374646272,0.1939333942993637,0
actual,1745422466.670407,394651.0852057367,4438791.374646272,0.1939333942993637,0
actual,1745422466.770414,394651.0852057367,4438791.374646272,0.1939333942993637,0
actual,1745422466.870407,394651.08707301976,4438791.376888578,0.19349941818085523,0
actual,1745422466.9704263,394651.08707301976,4438791.376888578,0.19349941818085523,0
actual,1745422467.0705192,394651.08707301976,4438791.376888578,0.19349941818085523,0
actual,1745422467.1704285,394651.08707301976,4438791.376888578,0.19349941818085523,0
actual,1745422467.270401,394651.08707301976,4438791.376888578,0.19349941818085523,0
actual,1745422467.3703997,394651.0879437603,4438791.376268492,0.19455590088367258,0
actual,1745422467.470397,394651.0879437603,4438791.376268492,0.19455590088367258,0
actual,1745422467.5703974,394651.0879437603,4438791.376268492,0.19455590088367258,0
actual,1745422467.670469,394651.0879437603,4438791.376268492,0.19455590088367258,0
actual,1745422467.770454,394651.0879437603,4438791.376268492,0.19455590088367258,0
actual,1745422467.8704307,394651.0878170697,4438791.375633349,0.19426322662140572,0
actual,1745422467.9704158,394651.0878170697,4438791.375633349,0.19426322662140572,0
actual,1745422468.0704103,394651.0878170697,4438791.375633349,0.19426322662140572,0
actual,1745422468.1704175,394651.0878170697,4438791.375633349,0.19426322662140572,0
actual,1745422468.2703998,394651.0878170697,4438791.375633349,0.19426322662140572,0
actual,1745422468.3704176,394651.0893284343,4438791.37579412,0.19504485487361872,0
actual,1745422468.470407,394651.0893284343,4438791.37579412,0.19504485487361872,0
actual,1745422468.5705101,394651.0893284343,4438791.37579412,0.19504485487361872,0
actual,1745422468.670352,394651.0893284343,4438791.37579412,0.19504485487361872,0
actual,1745422468.7704096,394651.0893284343,4438791.37579412,0.19504485487361872,0
actual,1745422468.8703964,394651.08473531844,4438791.37501122,0.1930442886718129,0
actual,1745422468.970396,394651.08473531844,4438791.37501122,0.1930442886718129,0
actual,1745422469.0703943,394651.08473531844,4438791.37501122,0.1930442886718129,0
actual,1745422469.1704364,394651.08473531844,4438791.37501122,0.1930442886718129,0
actual,1745422469.2704005,394651.08473531844,4438791.37501122,0.1930442886718129,0
actual,1745422469.3704433,394651.0860074104,4438791.374883311,0.19389436873728919,0
actual,1745422469.4703977,394651.0860074104,4438791.374883311,0.19389436873728919,0
actual,1745422469.5704563,394651.0860074104,4438791.374883311,0.19389436873728919,0
actual,1745422469.670412,394651.0860074104,4438791.374883311,0.19389436873728919,0
actual,1745422469.7703202,394651.0860074104,4438791.374883311,0.19389436873728919,0
actual,1745422469.8704023,394651.08449976525,4438791.378973061,0.19049418810172386,0
actual,1745422469.9705825,394651.08449976525,4438791.378973061,0.19049418810172386,0
actual,1745422470.070484,394651.08449976525,4438791.378973061,0.19049418810172386,0
actual,1745422470.170604,394651.08449976525,4438791.378973061,0.19049418810172386,0
actual,1745422470.2704184,394651.08449976525,4438791.378973061,0.19049418810172386,0
actual,1745422470.3703997,394651.0870144215,4438791.378799313,0.19216624843171956,0
actual,1745422470.4703999,394651.0870144215,4438791.378799313,0.19216624843171956,0
actual,1745422470.570397,394651.0870144215,4438791.378799313,0.19216624843171956,0
actual,1745422470.6703992,394651.0870144215,4438791.378799313,0.19216624843171956,0
actual,1745422470.770412,394651.0870144215,4438791.378799313,0.19216624843171956,0
actual,1745422470.870411,394651.08877742675,4438791.377822767,0.1939131484800406,0
actual,1745422470.9704213,394651.08877742675,4438791.377822767,0.1939131484800406,0
actual,1745422471.070414,394651.08877742675,4438791.377822767,0.1939131484800406,0
actual,1745422471.1703963,394651.08877742675,4438791.377822767,0.1939131484800406,0
actual,1745422471.2704456,394651.08877742675,4438791.377822767,0.1939131484800406,0
actual,1745422471.3703973,394651.08594723995,4438791.374397078,0.1916637157801927,0
actual,1745422471.4704685,394651.08594723995,4438791.374397078,0.1916637157801927,0
actual,1745422471.5704095,394651.08594723995,4438791.374397078,0.1916637157801927,0
actual,1745422471.670436,394651.08594723995,4438791.374397078,0.1916637157801927,0
actual,1745422471.770473,394651.08594723995,4438791.374397078,0.1916637157801927,0
actual,1745422471.870451,394651.0865279898,4438791.376074286,0.19280167045249308,0
actual,1745422471.9703765,394651.0865279898,4438791.376074286,0.19280167045249308,0
actual,1745422472.0703955,394651.0865279898,4438791.376074286,0.19280167045249308,0
actual,1745422472.1704068,394651.0865279898,4438791.376074286,0.19280167045249308,0
actual,1745422472.2703953,394651.0865279898,4438791.376074286,0.19280167045249308,0
actual,1745422472.3704028,394651.08516283374,4438791.375385486,0.19180685023214875,0
actual,1745422472.4704368,394651.08516283374,4438791.375385486,0.19180685023214875,0
actual,1745422472.5704257,394651.08516283374,4438791.375385486,0.19180685023214875,0
actual,1745422472.6704264,394651.08516283374,4438791.375385486,0.19180685023214875,0
actual,1745422472.7704055,394651.08516283374,4438791.375385486,0.19180685023214875,0
actual,1745422472.8704407,394651.08440830535,4438791.376031036,0.191589678913323,0
actual,1745422472.9703999,394651.08440830535,4438791.376031036,0.191589678913323,0
actual,1745422473.0704327,394651.08440830535,4438791.376031036,0.191589678913323,0
actual,1745422473.170407,394651.08440830535,4438791.376031036,0.191589678913323,0
actual,1745422473.270421,394651.08440830535,4438791.376031036,0.191589678913323,0
actual,1745422473.3704147,394651.0861152204,4438791.373546902,0.19377692553192236,0
actual,1745422473.4703982,394651.0861152204,4438791.373546902,0.19377692553192236,0
actual,1745422473.5704515,394651.0861152204,4438791.373546902,0.19377692553192236,0
actual,1745422473.6704233,394651.0861152204,4438791.373546902,0.19377692553192236,0
actual,1745422473.7704809,394651.0861152204,4438791.373546902,0.19377692553192236,0
actual,1745422473.870407,394651.0870373799,4438791.3743243655,0.19223508421741806,0
actual,1745422473.9704578,394651.0870373799,4438791.3743243655,0.19223508421741806,0
actual,1745422474.0703974,394651.0870373799,4438791.3743243655,0.19223508421741806,0
actual,1745422474.170404,394651.0870373799,4438791.3743243655,0.19223508421741806,0
actual,1745422474.2704213,394651.0870373799,4438791.3743243655,0.19223508421741806,0
actual,1745422474.3704169,394651.08876465354,4438791.372875531,0.1943826595021195,0
actual,1745422474.4704301,394651.08876465354,4438791.372875531,0.1943826595021195,0
actual,1745422474.5703917,394651.08876465354,4438791.372875531,0.1943826595021195,0
actual,1745422474.6703994,394651.08876465354,4438791.372875531,0.1943826595021195,0
actual,1745422474.7703965,394651.08876465354,4438791.372875531,0.1943826595021195,0
actual,1745422474.8705313,394651.0862272053,4438791.376263877,0.19165731042183795,0
actual,1745422474.9705133,394651.0862272053,4438791.376263877,0.19165731042183795,0
actual,1745422475.0705378,394651.0862272053,4438791.376263877,0.19165731042183795,0
actual,1745422475.17041,394651.0862272053,4438791.376263877,0.19165731042183795,0
actual,1745422475.2704058,394651.0862272053,4438791.376263877,0.19165731042183795,0
actual,1745422475.3704028,394651.08664564276,4438791.376741079,0.19231578824203038,0
actual,1745422475.470395,394651.08664564276,4438791.376741079,0.19231578824203038,0
actual,1745422475.5703988,394651.08664564276,4438791.376741079,0.19231578824203038,0
actual,1745422475.670408,394651.08664564276,4438791.376741079,0.19231578824203038,0
actual,1745422475.7704089,394651.08664564276,4438791.376741079,0.19231578824203038,0
actual,1745422475.8704116,394651.0851572982,4438791.377290299,0.19126169664028841,0
actual,1745422475.9703119,394651.0851572982,4438791.377290299,0.19126169664028841,0
actual,1745422476.0704298,394651.0851572982,4438791.377290299,0.19126169664028841,0
actual,1745422476.1704168,394651.0851572982,4438791.377290299,0.19126169664028841,0
actual,1745422476.270403,394651.0851572982,4438791.377290299,0.19126169664028841,0
actual,1745422476.370476,394651.0871493133,4438791.376897021,0.1929705136043311,0
actual,1745422476.4703252,394651.0871493133,4438791.376897021,0.1929705136043311,0
actual,1745422476.5704706,394651.0871493133,4438791.376897021,0.1929705136043311,0
actual,1745422476.6704197,394651.0871493133,4438791.376897021,0.1929705136043311,0
actual,1745422476.7703784,394651.0871493133,4438791.376897021,0.1929705136043311,0
actual,1745422476.8703969,394651.0889188453,4438791.374767978,0.19294668986004124,0
actual,1745422476.970452,394651.0889188453,4438791.374767978,0.19294668986004124,0
actual,1745422477.0704033,394651.0889188453,4438791.374767978,0.19294668986004124,0
actual,1745422477.1704485,394651.0889188453,4438791.374767978,0.19294668986004124,0
actual,1745422477.270536,394651.0889188453,4438791.374767978,0.19294668986004124,0
actual,1745422477.370511,394651.0867251914,4438791.379000359,0.18971095414659883,0
actual,1745422477.4704466,394651.0867251914,4438791.379000359,0.18971095414659883,0
actual,1745422477.5703166,394651.0867251914,4438791.379000359,0.18971095414659883,0
actual,1745422477.6704,394651.0867251914,4438791.379000359,0.18971095414659883,0
actual,1745422477.7703967,394651.0867251914,4438791.379000359,0.18971095414659883,0
actual,1745422477.8704002,394651.0850085248,4438791.377952118,0.18990030491714782,0
actual,1745422477.9704034,394651.0850085248,4438791.377952118,0.18990030491714782,0
actual,1745422478.070417,394651.0850085248,4438791.377952118,0.18990030491714782,0
actual,1745422478.170404,394651.0850085248,4438791.377952118,0.18990030491714782,0
actual,1745422478.270419,394651.0850085248,4438791.377952118,0.18990030491714782,0
actual,1745422478.370306,394651.0867814076,4438791.37675484,0.18877071037196447,0
actual,1745422478.4703944,394651.0867814076,4438791.37675484,0.18877071037196447,0
actual,1745422478.5703957,394651.0867814076,4438791.37675484,0.18877071037196447,0
actual,1745422478.6703973,394651.0867814076,4438791.37675484,0.18877071037196447,0
actual,1745422478.7704144,394651.0867814076,4438791.37675484,0.18877071037196447,0
actual,1745422478.870453,394651.08621308906,4438791.377391971,0.19004623189590697,0
actual,1745422478.9704156,394651.08621308906,4438791.377391971,0.19004623189590697,0
actual,1745422479.0704036,394651.08621308906,4438791.377391971,0.19004623189590697,0
actual,1745422479.1704009,394651.08621308906,4438791.377391971,0.19004623189590697,0
actual,1745422479.2704036,394651.08621308906,4438791.377391971,0.19004623189590697,0
actual,1745422479.3703978,394651.0866103841,4438791.378877471,0.19083320085563124,0
actual,1745422479.4703932,394651.0866103841,4438791.378877471,0.19083320085563124,0
actual,1745422479.5703986,394651.0866103841,4438791.378877471,0.19083320085563124,0
actual,1745422479.670365,394651.0866103841,4438791.378877471,0.19083320085563124,0
actual,1745422479.7704146,394651.0866103841,4438791.378877471,0.19083320085563124,0
actual,1745422479.8704019,394651.0868357314,4438791.377446962,0.19216225162773243,0
actual,1745422479.9704382,394651.0868357314,4438791.377446962,0.19216225162773243,0
actual,1745422480.070398,394651.0868357314,4438791.377446962,0.19216225162773243,0
actual,1745422480.170402,394651.0868357314,4438791.377446962,0.19216225162773243,0
actual,1745422480.2703984,394651.0868357314,4438791.377446962,0.19216225162773243,0
actual,1745422480.370397,394651.086212491,4438791.377456039,0.19124080504914195,0
actual,1745422480.4704533,394651.086212491,4438791.377456039,0.19124080504914195,0
actual,1745422480.5704775,394651.086212491,4438791.377456039,0.19124080504914195,0
actual,1745422480.6703494,394651.086212491,4438791.377456039,0.19124080504914195,0
actual,1745422480.770403,394651.086212491,4438791.377456039,0.19124080504914195,0
actual,1745422480.8704746,394651.0868962385,4438791.375729677,0.1924421500798747,0
actual,1745422480.9704165,394651.0868962385,4438791.375729677,0.1924421500798747,0
actual,1745422481.0704126,394651.0868962385,4438791.375729677,0.1924421500798747,0
actual,1745422481.1704383,394651.0868962385,4438791.375729677,0.1924421500798747,0
actual,1745422481.270495,394651.0868962385,4438791.375729677,0.1924421500798747,0
actual,1745422481.3704126,394651.0858073863,4438791.3770143,0.18996341602289984,0
actual,1745422481.4704502,394651.0858073863,4438791.3770143,0.18996341602289984,0
actual,1745422481.5704212,394651.0858073863,4438791.3770143,0.18996341602289984,0
actual,1745422481.6703973,394651.0858073863,4438791.3770143,0.18996341602289984,0
actual,1745422481.7704039,394651.0858073863,4438791.3770143,0.18996341602289984,0
actual,1745422481.87042,394651.0874979232,4438791.377812123,0.1920899426368223,0
actual,1745422481.9703984,394651.0874979232,4438791.377812123,0.1920899426368223,0
actual,1745422482.0704186,394651.0874979232,4438791.377812123,0.1920899426368223,0
actual,1745422482.1704006,394651.0874979232,4438791.377812123,0.1920899426368223,0
actual,1745422482.2704732,394651.0874979232,4438791.377812123,0.1920899426368223,0
actual,1745422482.3704283,394651.088407354,4438791.377969567,0.190223068655719,0
actual,1745422482.4703965,394651.088407354,4438791.377969567,0.190223068655719,0
actual,1745422482.5704055,394651.088407354,4438791.377969567,0.190223068655719,0
actual,1745422482.6703131,394651.088407354,4438791.377969567,0.190223068655719,0
actual,1745422482.7703278,394651.088407354,4438791.377969567,0.190223068655719,0
actual,1745422482.870487,394651.0885160463,4438791.3747268915,0.1929413666058227,0
actual,1745422482.9704874,394651.0885160463,4438791.3747268915,0.1929413666058227,0
actual,1745422483.0704153,394651.0885160463,4438791.3747268915,0.1929413666058227,0
actual,1745422483.1704054,394651.0885160463,4438791.3747268915,0.1929413666058227,0
actual,1745422483.2704191,394651.0885160463,4438791.3747268915,0.1929413666058227,0
actual,1745422483.3704004,394651.08799277135,4438791.376436204,0.1923478673936819,0
actual,1745422483.4703662,394651.08799277135,4438791.376436204,0.1923478673936819,0
actual,1745422483.5704238,394651.08799277135,4438791.376436204,0.1923478673936819,0
actual,1745422483.6705098,394651.08799277135,4438791.376436204,0.1923478673936819,0
actual,1745422483.7703824,394651.08799277135,4438791.376436204,0.1923478673936819,0
actual,1745422483.8703535,394651.0874739496,4438791.376793105,0.19332525177479892,0
actual,1745422483.9704614,394651.0874739496,4438791.376793105,0.19332525177479892,0
actual,1745422484.070395,394651.0874739496,4438791.376793105,0.19332525177479892,0
actual,1745422484.1704,394651.0874739496,4438791.376793105,0.19332525177479892,0
actual,1745422484.2703974,394651.0874739496,4438791.376793105,0.19332525177479892,0
actual,1745422484.3705297,394651.0886908633,4438791.375427184,0.19360541202632883,0
actual,1745422484.4704335,394651.0886908633,4438791.375427184,0.19360541202632883,0
actual,1745422484.5704763,394651.0886908633,4438791.375427184,0.19360541202632883,0
actual,1745422484.6704514,394651.0886908633,4438791.375427184,0.19360541202632883,0
actual,1745422484.770452,394651.0886908633,4438791.375427184,0.19360541202632883,0
actual,1745422484.8704145,394651.0876467954,4438791.37626236,0.19436827798908315,0
actual,1745422484.970359,394651.0876467954,4438791.37626236,0.19436827798908315,0
actual,1745422485.0703974,394651.0876467954,4438791.37626236,0.19436827798908315,0
actual,1745422485.1704018,394651.0876467954,4438791.37626236,0.19436827798908315,0
actual,1745422485.2704387,394651.0876467954,4438791.37626236,0.19436827798908315,0
actual,1745422485.3704686,394651.08781364036,4438791.377877065,0.19208715011001898,0
actual,1745422485.470381,394651.08781364036,4438791.377877065,0.19208715011001898,0
actual,1745422485.5704417,394651.08781364036,4438791.377877065,0.19208715011001898,0
actual,1745422485.670343,394651.08781364036,4438791.377877065,0.19208715011001898,0
actual,1745422485.7704346,394651.08781364036,4438791.377877065,0.19208715011001898,0
actual,1745422485.8704302,394651.0871768485,4438791.376845098,0.19144959878755818,0
actual,1745422485.9704041,394651.0871768485,4438791.376845098,0.19144959878755818,0
actual,1745422486.0704467,394651.0871768485,4438791.376845098,0.19144959878755818,0
actual,1745422486.1704104,394651.0871768485,4438791.376845098,0.19144959878755818,0
actual,1745422486.2703578,394651.0871768485,4438791.376845098,0.19144959878755818,0
actual,1745422486.3704195,394651.0881116018,4438791.376750604,0.19165439572198703,0
actual,1745422486.4704082,394651.0881116018,4438791.376750604,0.19165439572198703,0
actual,1745422486.570444,394651.0881116018,4438791.376750604,0.19165439572198703,0
actual,1745422486.670413,394651.0881116018,4438791.376750604,0.19165439572198703,0
actual,1745422486.7704363,394651.0881116018,4438791.376750604,0.19165439572198703,0
actual,1745422486.8704407,394651.0908032857,4438791.376903473,0.19405883111270456,0
actual,1745422486.9704185,394651.0908032857,4438791.376903473,0.19405883111270456,0
actual,1745422487.0704832,394651.0908032857,4438791.376903473,0.19405883111270456,0
actual,1745422487.1704154,394651.0908032857,4438791.376903473,0.19405883111270456,0
actual,1745422487.2703996,394651.0908032857,4438791.376903473,0.19405883111270456,0
actual,1745422487.3704038,394651.08930309926,4438791.3773081135,0.19179753017394308,0
actual,1745422487.470347,394651.08930309926,4438791.3773081135,0.19179753017394308,0
actual,1745422487.5704107,394651.08930309926,4438791.3773081135,0.19179753017394308,0
actual,1745422487.6704135,394651.08930309926,4438791.3773081135,0.19179753017394308,0
actual,1745422487.7704456,394651.08930309926,4438791.3773081135,0.19179753017394308,0
actual,1745422487.8704174,394651.0895664563,4438791.378820783,0.19066568415402488,0
actual,1745422487.9704058,394651.0895664563,4438791.378820783,0.19066568415402488,0
actual,1745422488.0704095,394651.0895664563,4438791.378820783,0.19066568415402488,0
actual,1745422488.1703641,394651.0895664563,4438791.378820783,0.19066568415402488,0
actual,1745422488.2703278,394651.0895664563,4438791.378820783,0.19066568415402488,0
actual,1745422488.370374,394651.08920551237,4438791.378865038,0.1901590150721708,0
actual,1745422488.470426,394651.08920551237,4438791.378865038,0.1901590150721708,0
actual,1745422488.57044,394651.08920551237,4438791.378865038,0.1901590150721708,0
actual,1745422488.670413,394651.08920551237,4438791.378865038,0.1901590150721708,0
actual,1745422488.770441,394651.08920551237,4438791.378865038,0.1901590150721708,0
actual,1745422488.8703961,394651.08695534087,4438791.37936287,0.19026635282116858,0
actual,1745422488.9704282,394651.08695534087,4438791.37936287,0.19026635282116858,0
actual,1745422489.0704374,394651.08695534087,4438791.37936287,0.19026635282116858,0
actual,1745422489.1704,394651.08695534087,4438791.37936287,0.19026635282116858,0
actual,1745422489.2703977,394651.08695534087,4438791.37936287,0.19026635282116858,0
actual,1745422489.3704,394651.08650877,4438791.37861275,0.1917131085980242,0
actual,1745422489.4704053,394651.08650877,4438791.37861275,0.1917131085980242,0
actual,1745422489.5704012,394651.08650877,4438791.37861275,0.1917131085980242,0
actual,1745422489.6704285,394651.08650877,4438791.37861275,0.1917131085980242,0
actual,1745422489.7703958,394651.08650877,4438791.37861275,0.1917131085980242,0
actual,1745422489.8703978,394651.0882875168,4438791.3753729975,0.19444844096162725,0
actual,1745422489.9704194,394651.0882875168,4438791.3753729975,0.19444844096162725,0
actual,1745422490.070435,394651.0882875168,4438791.3753729975,0.19444844096162725,0
actual,1745422490.1704388,394651.0882875168,4438791.3753729975,0.19444844096162725,0
actual,1745422490.270466,394651.0882875168,4438791.3753729975,0.19444844096162725,0
actual,1745422490.3704128,394651.0868113399,4438791.37879261,0.19222843451296812,0
actual,1745422490.4704244,394651.0868113399,4438791.37879261,0.19222843451296812,0
actual,1745422490.570417,394651.0868113399,4438791.37879261,0.19222843451296812,0
actual,1745422490.6703432,394651.0868113399,4438791.37879261,0.19222843451296812,0
actual,1745422490.7704053,394651.0868113399,4438791.37879261,0.19222843451296812,0
actual,1745422490.8704083,394651.0858701016,4438791.377861551,0.19171124109572457,0
actual,1745422490.970449,394651.0858701016,4438791.377861551,0.19171124109572457,0
actual,1745422491.0704165,394651.0858701016,4438791.377861551,0.19171124109572457,0
actual,1745422491.1703792,394651.0858701016,4438791.377861551,0.19171124109572457,0
actual,1745422491.2704227,394651.0858701016,4438791.377861551,0.19171124109572457,0
actual,1745422491.3703985,394651.08731960366,4438791.3774177395,0.1928512203499571,0
actual,1745422491.4703321,394651.08731960366,4438791.3774177395,0.1928512203499571,0
actual,1745422491.5704143,394651.08731960366,4438791.3774177395,0.1928512203499571,0
actual,1745422491.670434,394651.08731960366,4438791.3774177395,0.1928512203499571,0
actual,1745422491.7704587,394651.08731960366,4438791.3774177395,0.1928512203499571,0
actual,1745422491.870443,394651.0867587534,4438791.3787032,0.19159713146922908,0
actual,1745422491.970408,394651.0867587534,4438791.3787032,0.19159713146922908,0
actual,1745422492.0704267,394651.0867587534,4438791.3787032,0.19159713146922908,0
actual,1745422492.1703975,394651.0867587534,4438791.3787032,0.19159713146922908,0
actual,1745422492.270432,394651.0867587534,4438791.3787032,0.19159713146922908,0
actual,1745422492.3704028,394651.0867587534,4438791.3787032,0.19159713146922908,0
actual,1745422492.4704118,394651.08794563997,4438791.378254338,0.19095397763986913,0
actual,1745422492.570464,394651.08794563997,4438791.378254338,0.19095397763986913,0
actual,1745422492.6704488,394651.08794563997,4438791.378254338,0.19095397763986913,0
actual,1745422492.7703269,394651.08794563997,4438791.378254338,0.19095397763986913,0
actual,1745422492.8704164,394651.0882589874,4438791.377768173,0.1935299265361802,0
actual,1745422492.970396,394651.0882589874,4438791.377768173,0.1935299265361802,0
actual,1745422493.0704136,394651.0882589874,4438791.377768173,0.1935299265361802,0
actual,1745422493.170369,394651.0882589874,4438791.377768173,0.1935299265361802,0
actual,1745422493.2704196,394651.0882589874,4438791.377768173,0.1935299265361802,0
actual,1745422493.3704884,394651.08759790676,4438791.378189263,0.19237184821760428,0
actual,1745422493.4704278,394651.08759790676,4438791.378189263,0.19237184821760428,0
actual,1745422493.5703542,394651.08759790676,4438791.378189263,0.19237184821760428,0
actual,1745422493.670402,394651.08759790676,4438791.378189263,0.19237184821760428,0
actual,1745422493.7704089,394651.08759790676,4438791.378189263,0.19237184821760428,0
actual,1745422493.8704195,394651.0870627255,4438791.377469308,0.19184254221535196,0
actual,1745422493.9704485,394651.0870627255,4438791.377469308,0.19184254221535196,0
actual,1745422494.070424,394651.0870627255,4438791.377469308,0.19184254221535196,0
actual,1745422494.1704266,394651.0870627255,4438791.377469308,0.19184254221535196,0
actual,1745422494.2703972,394651.0870627255,4438791.377469308,0.19184254221535196,0
actual,1745422494.3703947,394651.08745601634,4438791.376020684,0.19513899793347123,0
actual,1745422494.4703972,394651.08745601634,4438791.376020684,0.19513899793347123,0
actual,1745422494.5703962,394651.08745601634,4438791.376020684,0.19513899793347123,0
actual,1745422494.6703954,394651.08745601634,4438791.376020684,0.19513899793347123,0
actual,1745422494.7703397,394651.08745601634,4438791.376020684,0.19513899793347123,0
actual,1745422494.8704064,394651.0889423877,4438791.374733955,0.19358452043518265,0
actual,1745422494.9704244,394651.0889423877,4438791.374733955,0.19358452043518265,0
actual,1745422495.070334,394651.0889423877,4438791.374733955,0.19358452043518265,0
actual,1745422495.1704051,394651.0889423877,4438791.374733955,0.19358452043518265,0
actual,1745422495.2704253,394651.0889423877,4438791.374733955,0.19358452043518265,0
actual,1745422495.3704534,394651.0885535591,4438791.376718618,0.19193895420323226,0
actual,1745422495.4704368,394651.0885535591,4438791.376718618,0.19193895420323226,0
actual,1745422495.5704367,394651.0885535591,4438791.376718618,0.19193895420323226,0
actual,1745422495.6704416,394651.0885535591,4438791.376718618,0.19193895420323226,0
actual,1745422495.7704458,394651.0885535591,4438791.376718618,0.19193895420323226,0
actual,1745422495.8704445,394651.08720021445,4438791.378186096,0.19265214809547473,0
actual,1745422495.9704015,394651.08720021445,4438791.378186096,0.19265214809547473,0
actual,1745422496.070425,394651.08720021445,4438791.378186096,0.19265214809547473,0
actual,1745422496.1704264,394651.08720021445,4438791.378186096,0.19265214809547473,0
actual,1745422496.270398,394651.08720021445,4438791.378186096,0.19265214809547473,0
actual,1745422496.370429,394651.0872583452,4438791.376949702,0.19352113007675004,0
actual,1745422496.4703608,394651.0872583452,4438791.376949702,0.19352113007675004,0
actual,1745422496.5704012,394651.0872583452,4438791.376949702,0.19352113007675004,0
actual,1745422496.6704323,394651.0872583452,4438791.376949702,0.19352113007675004,0
actual,1745422496.770446,394651.0872583452,4438791.376949702,0.19352113007675004,0
actual,1745422496.8704302,394651.0884522468,4438791.377355226,0.19274522650448347,0
actual,1745422496.9704297,394651.0884522468,4438791.377355226,0.19274522650448347,0
actual,1745422497.0703182,394651.0884522468,4438791.377355226,0.19274522650448347,0
actual,1745422497.1703696,394651.0884522468,4438791.377355226,0.19274522650448347,0
actual,1745422497.2704227,394651.0884522468,4438791.377355226,0.19274522650448347,0
actual,1745422497.3704753,394651.08918869245,4438791.378371842,0.19300180735781922,0
actual,1745422497.4703608,394651.08918869245,4438791.378371842,0.19300180735781922,0
actual,1745422497.5704293,394651.08918869245,4438791.378371842,0.19300180735781922,0
actual,1745422497.6704388,394651.08918869245,4438791.378371842,0.19300180735781922,0
actual,1745422497.7704148,394651.08918869245,4438791.378371842,0.19300180735781922,0
actual,1745422497.8704095,394651.08918130584,4438791.377940352,0.19289621493807352,0
actual,1745422497.9704263,394651.08918130584,4438791.377940352,0.19289621493807352,0
actual,1745422498.0704372,394651.08918130584,4438791.377940352,0.19289621493807352,0
actual,1745422498.1704378,394651.08918130584,4438791.377940352,0.19289621493807352,0
actual,1745422498.2704465,394651.08918130584,4438791.377940352,0.19289621493807352,0
actual,1745422498.370398,394651.0900151538,4438791.377663771,0.19258329485648354,0
actual,1745422498.4703696,394651.0900151538,4438791.377663771,0.19258329485648354,0
actual,1745422498.570397,394651.0900151538,4438791.377663771,0.19258329485648354,0
actual,1745422498.6703975,394651.0900151538,4438791.377663771,0.19258329485648354,0
actual,1745422498.7704444,394651.0900151538,4438791.377663771,0.19258329485648354,0
actual,1745422498.8704615,394651.086743619,4438791.379448276,0.19219940968750732,0
actual,1745422498.9704082,394651.086743619,4438791.379448276,0.19219940968750732,0
actual,1745422499.0704458,394651.086743619,4438791.379448276,0.19219940968750732,0
actual,1745422499.1704335,394651.086743619,4438791.379448276,0.19219940968750732,0
actual,1745422499.270433,394651.086743619,4438791.379448276,0.19219940968750732,0
actual,1745422499.3704364,394651.0867526737,4438791.379552608,0.1918177759932662,0
actual,1745422499.470431,394651.0867526737,4438791.379552608,0.1918177759932662,0
actual,1745422499.570554,394651.0867526737,4438791.379552608,0.1918177759932662,0
actual,1745422499.670457,394651.0867526737,4438791.379552608,0.1918177759932662,0
actual,1745422499.7704535,394651.0867526737,4438791.379552608,0.1918177759932662,0
actual,1745422499.8704038,394651.08702898165,4438791.378729254,0.19133814206152572,0
actual,1745422499.9703972,394651.08702898165,4438791.378729254,0.19133814206152572,0
actual,1745422500.0703325,394651.08702898165,4438791.378729254,0.19133814206152572,0
actual,1745422500.1703975,394651.08702898165,4438791.378729254,0.19133814206152572,0
actual,1745422500.2704294,394651.08702898165,4438791.378729254,0.19133814206152572,0
actual,1745422500.370406,394651.0873782959,4438791.377763454,0.1918290857268191,0
actual,1745422500.4704611,394651.0873782959,4438791.377763454,0.1918290857268191,0
actual,1745422500.5704622,394651.0873782959,4438791.377763454,0.1918290857268191,0
actual,1745422500.6704123,394651.0873782959,4438791.377763454,0.1918290857268191,0
actual,1745422500.7704375,394651.0873782959,4438791.377763454,0.1918290857268191,0
actual,1745422500.8703992,394651.08756384277,4438791.3780370345,0.1907413267238063,0
actual,1745422500.9704115,394651.08756384277,4438791.3780370345,0.1907413267238063,0
actual,1745422501.070393,394651.08756384277,4438791.3780370345,0.1907413267238063,0
actual,1745422501.1704235,394651.08756384277,4438791.3780370345,0.1907413267238063,0
actual,1745422501.2704134,394651.08756384277,4438791.3780370345,0.1907413267238063,0
actual,1745422501.3704274,394651.0869468198,4438791.377489018,0.19177796503302827,0
actual,1745422501.4704018,394651.0869468198,4438791.377489018,0.19177796503302827,0
actual,1745422501.5704114,394651.0869468198,4438791.377489018,0.19177796503302827,0
actual,1745422501.6704078,394651.0869468198,4438791.377489018,0.19177796503302827,0
actual,1745422501.7704237,394651.0869468198,4438791.377489018,0.19177796503302827,0
actual,1745422501.8704321,394651.09053061466,4438791.376708314,0.1940135572719078,0
actual,1745422501.9703994,394651.09053061466,4438791.376708314,0.1940135572719078,0
actual,1745422502.0704634,394651.09053061466,4438791.376708314,0.1940135572719078,0
actual,1745422502.1704063,394651.09053061466,4438791.376708314,0.1940135572719078,0
actual,1745422502.2704027,394651.09053061466,4438791.376708314,0.1940135572719078,0
actual,1745422502.3704047,394651.09053061466,4438791.376708314,0.1940135572719078,0
actual,1745422502.470399,394651.0899202961,4438791.377985288,0.1929172636088525,0
actual,1745422502.5703988,394651.0899202961,4438791.377985288,0.1929172636088525,0
actual,1745422502.6704345,394651.0899202961,4438791.377985288,0.1929172636088525,0
actual,1745422502.770424,394651.0899202961,4438791.377985288,0.1929172636088525,0
actual,1745422502.8704677,394651.0890345238,4438791.376189989,0.19350208853461098,0
actual,1745422502.9704125,394651.0890345238,4438791.376189989,0.19350208853461098,0
actual,1745422503.0704312,394651.0890345238,4438791.376189989,0.19350208853461098,0
actual,1745422503.170404,394651.0890345238,4438791.376189989,0.19350208853461098,0
actual,1745422503.2704237,394651.0890345238,4438791.376189989,0.19350208853461098,0
actual,1745422503.3704503,394651.0881706494,4438791.377375406,0.1920014020838687,0
actual,1745422503.470395,394651.0881706494,4438791.377375406,0.1920014020838687,0
actual,1745422503.5704093,394651.0881706494,4438791.377375406,0.1920014020838687,0
actual,1745422503.6704059,394651.0881706494,4438791.377375406,0.1920014020838687,0
actual,1745422503.770421,394651.0881706494,4438791.377375406,0.1920014020838687,0
actual,1745422503.8704057,394651.0894967419,4438791.37694196,0.19424111329978272,0
actual,1745422503.9703517,394651.0894967419,4438791.37694196,0.19424111329978272,0
actual,1745422504.0704298,394651.0894967419,4438791.37694196,0.19424111329978272,0
actual,1745422504.1703954,394651.0894967419,4438791.37694196,0.19424111329978272,0
actual,1745422504.270427,394651.0894967419,4438791.37694196,0.19424111329978272,0
actual,1745422504.3703394,394651.0872129162,4438791.378015681,0.19327385182832751,0
actual,1745422504.4704888,394651.0872129162,4438791.378015681,0.19327385182832751,0
actual,1745422504.57046,394651.0872129162,4438791.378015681,0.19327385182832751,0
actual,1745422504.6704075,394651.0872129162,4438791.378015681,0.19327385182832751,0
actual,1745422504.7704136,394651.0872129162,4438791.378015681,0.19327385182832751,0
actual,1745422504.8704345,394651.0892946532,4438791.374753919,0.19416002530273518,0
actual,1745422504.9704008,394651.0892946532,4438791.374753919,0.19416002530273518,0
actual,1745422505.070396,394651.0892946532,4438791.374753919,0.19416002530273518,0
actual,1745422505.170403,394651.0892946532,4438791.374753919,0.19416002530273518,0
actual,1745422505.2704074,394651.0892946532,4438791.374753919,0.19416002530273518,0
actual,1745422505.3704765,394651.0897181161,4438791.3745659795,0.19593781767881663,0
actual,1745422505.4704452,394651.0897181161,4438791.3745659795,0.19593781767881663,0
actual,1745422505.5704298,394651.0897181161,4438791.3745659795,0.19593781767881663,0
actual,1745422505.6704276,394651.0897181161,4438791.3745659795,0.19593781767881663,0
actual,1745422505.7704298,394651.0897181161,4438791.3745659795,0.19593781767881663,0
actual,1745422505.870398,394651.0879869,4438791.3741556285,0.19390368879549486,0
actual,1745422505.9703715,394651.0879869,4438791.3741556285,0.19390368879549486,0
actual,1745422506.0704257,394651.0879869,4438791.3741556285,0.19390368879549486,0
actual,1745422506.170484,394651.0879869,4438791.3741556285,0.19390368879549486,0
actual,1745422506.2704186,394651.0879869,4438791.3741556285,0.19390368879549486,0
actual,1745422506.3704562,394651.0885990865,4438791.374651056,0.19490065577081891,0
actual,1745422506.4704158,394651.0885990865,4438791.374651056,0.19490065577081891,0
actual,1745422506.5704048,394651.0885990865,4438791.374651056,0.19490065577081891,0
actual,1745422506.6704338,394651.0885990865,4438791.374651056,0.19490065577081891,0
actual,1745422506.7704473,394651.0885990865,4438791.374651056,0.19490065577081891,0
actual,1745422506.8704524,394651.08892038756,4438791.376654124,0.1925819684062519,0
actual,1745422506.9704163,394651.08892038756,4438791.376654124,0.1925819684062519,0
actual,1745422507.070396,394651.08892038756,4438791.376654124,0.1925819684062519,0
actual,1745422507.1704035,394651.08892038756,4438791.376654124,0.1925819684062519,0
actual,1745422507.2704332,394651.08892038756,4438791.376654124,0.1925819684062519,0
actual,1745422507.3703966,394651.08921908773,4438791.376831215,0.19295080883707597,0
actual,1745422507.470393,394651.08921908773,4438791.376831215,0.19295080883707597,0
actual,1745422507.570427,394651.08921908773,4438791.376831215,0.19295080883707597,0
actual,1745422507.6704233,394651.08921908773,4438791.376831215,0.19295080883707597,0
actual,1745422507.770441,394651.08921908773,4438791.376831215,0.19295080883707597,0
actual,1745422507.870405,394651.08824606234,4438791.3781743,0.19184760367018286,0
actual,1745422507.9703977,394651.08824606234,4438791.3781743,0.19184760367018286,0
actual,1745422508.0704257,394651.08824606234,4438791.3781743,0.19184760367018286,0
actual,1745422508.1704202,394651.08824606234,4438791.3781743,0.19184760367018286,0
actual,1745422508.270497,394651.08824606234,4438791.3781743,0.19184760367018286,0
actual,1745422508.370321,394651.08989188186,4438791.379788662,0.19207063929529514,0
actual,1745422508.4704397,394651.08989188186,4438791.379788662,0.19207063929529514,0
actual,1745422508.5704026,394651.08989188186,4438791.379788662,0.19207063929529514,0
actual,1745422508.6704383,394651.08989188186,4438791.379788662,0.19207063929529514,0
actual,1745422508.7704418,394651.08989188186,4438791.379788662,0.19207063929529514,0
actual,1745422508.8704317,394651.09040236106,4438791.376465431,0.19334549759412203,0
actual,1745422508.9704363,394651.09040236106,4438791.376465431,0.19334549759412203,0
actual,1745422509.0704432,394651.09040236106,4438791.376465431,0.19334549759412203,0
actual,1745422509.170419,394651.09040236106,4438791.376465431,0.19334549759412203,0
actual,1745422509.2704222,394651.09040236106,4438791.376465431,0.19334549759412203,0
actual,1745422509.3704326,394651.0886265487,4438791.376776497,0.1932634671192783,0
actual,1745422509.4704242,394651.0886265487,4438791.376776497,0.1932634671192783,0
actual,1745422509.5704358,394651.0886265487,4438791.376776497,0.1932634671192783,0
actual,1745422509.6704264,394651.0886265487,4438791.376776497,0.1932634671192783,0
actual,1745422509.7704434,394651.0886265487,4438791.376776497,0.1932634671192783,0
actual,1745422509.8704321,394651.0880239693,4438791.375102476,0.19449638515617954,0
actual,1745422509.9704242,394651.0880239693,4438791.375102476,0.19449638515617954,0
actual,1745422510.0704286,394651.0880239693,4438791.375102476,0.19449638515617954,0
actual,1745422510.1704361,394651.0880239693,4438791.375102476,0.19449638515617954,0
actual,1745422510.2704136,394651.0880239693,4438791.375102476,0.19449638515617954,0
actual,1745422510.3703969,394651.08831366536,4438791.377189491,0.19246984845510387,0
actual,1745422510.4703956,394651.08831366536,4438791.377189491,0.19246984845510387,0
actual,1745422510.5704587,394651.08831366536,4438791.377189491,0.19246984845510387,0
actual,1745422510.670408,394651.08831366536,4438791.377189491,0.19246984845510387,0
actual,1745422510.770427,394651.08831366536,4438791.377189491,0.19246984845510387,0
actual,1745422510.8703477,394651.0886781012,4438791.377007517,0.19125038690673551,0
actual,1745422510.97043,394651.0886781012,4438791.377007517,0.19125038690673551,0
actual,1745422511.0703852,394651.0886781012,4438791.377007517,0.19125038690673551,0
actual,1745422511.170432,394651.0886781012,4438791.377007517,0.19125038690673551,0
actual,1745422511.2704434,394651.0886781012,4438791.377007517,0.19125038690673551,0
actual,1745422511.3703947,394651.0891350326,4438791.375672231,0.19242644211660673,0
actual,1745422511.4703999,394651.0891350326,4438791.375672231,0.19242644211660673,0
actual,1745422511.5704336,394651.0891350326,4438791.375672231,0.19242644211660673,0
actual,1745422511.6704347,394651.0891350326,4438791.375672231,0.19242644211660673,0
actual,1745422511.7704542,394651.0891350326,4438791.375672231,0.19242644211660673,0
actual,1745422511.8704274,394651.08866993035,4438791.3745594835,0.1937178112301575,0
actual,1745422511.9703968,394651.08866993035,4438791.3745594835,0.1937178112301575,0
actual,1745422512.0704243,394651.08866993035,4438791.3745594835,0.1937178112301575,0
actual,1745422512.1704285,394651.08866993035,4438791.3745594835,0.1937178112301575,0
actual,1745422512.2704241,394651.08866993035,4438791.3745594835,0.1937178112301575,0
actual,1745422512.3703904,394651.0908254947,4438791.376374422,0.19219981111323525,0
actual,1745422512.470442,394651.0908254947,4438791.376374422,0.19219981111323525,0
actual,1745422512.570425,394651.0908254947,4438791.376374422,0.19219981111323525,0
actual,1745422512.6704273,394651.0908254947,4438791.376374422,0.19219981111323525,0
actual,1745422512.7704241,394651.0908254947,4438791.376374422,0.19219981111323525,0
actual,1745422512.8704247,394651.09031404264,4438791.377657458,0.19460902870610333,0
actual,1745422512.9704242,394651.09031404264,4438791.377657458,0.19460902870610333,0
actual,1745422513.0704253,394651.09031404264,4438791.377657458,0.19460902870610333,0
actual,1745422513.1703978,394651.09031404264,4438791.377657458,0.19460902870610333,0
actual,1745422513.2704222,394651.09031404264,4438791.377657458,0.19460902870610333,0
actual,1745422513.3703504,394651.0905170005,4438791.377691871,0.19418159757228992,0
actual,1745422513.4704452,394651.0905170005,4438791.377691871,0.19418159757228992,0
actual,1745422513.5704408,394651.0905170005,4438791.377691871,0.19418159757228992,0
actual,1745422513.6703951,394651.0905170005,4438791.377691871,0.19418159757228992,0
actual,1745422513.7704256,394651.0905170005,4438791.377691871,0.19418159757228992,0
actual,1745422513.8704267,394651.08987681055,4438791.378036881,0.1925018054337078,0
actual,1745422513.9704757,394651.08987681055,4438791.378036881,0.1925018054337078,0
actual,1745422514.0704489,394651.08987681055,4438791.378036881,0.1925018054337078,0
actual,1745422514.1704273,394651.08987681055,4438791.378036881,0.1925018054337078,0
actual,1745422514.2704244,394651.08987681055,4438791.378036881,0.1925018054337078,0
actual,1745422514.3704238,394651.0902428748,4438791.37755472,0.1932464327057787,0
actual,1745422514.4704254,394651.0902428748,4438791.37755472,0.1932464327057787,0
actual,1745422514.570424,394651.0902428748,4438791.37755472,0.1932464327057787,0
actual,1745422514.6704397,394651.0902428748,4438791.37755472,0.1932464327057787,0
actual,1745422514.7705026,394651.0902428748,4438791.37755472,0.1932464327057787,0
actual,1745422514.8704224,394651.08927649277,4438791.37795405,0.19298103793972057,0
actual,1745422514.9704278,394651.08927649277,4438791.37795405,0.19298103793972057,0
actual,1745422515.0703912,394651.08927649277,4438791.37795405,0.19298103793972057,0
actual,1745422515.1703913,394651.08927649277,4438791.37795405,0.19298103793972057,0
actual,1745422515.270424,394651.08927649277,4438791.37795405,0.19298103793972057,0
actual,1745422515.3704226,394651.09027991956,4438791.377465686,0.19424404545292612,0
actual,1745422515.4704242,394651.09027991956,4438791.377465686,0.19424404545292612,0
actual,1745422515.5704272,394651.09027991956,4438791.377465686,0.19424404545292612,0
actual,1745422515.670432,394651.09027991956,4438791.377465686,0.19424404545292612,0
actual,1745422515.770424,394651.09027991956,4438791.377465686,0.19424404545292612,0
actual,1745422515.8704243,394651.0891785043,4438791.377318347,0.19398971607432547,0
actual,1745422515.9704232,394651.0891785043,4438791.377318347,0.19398971607432547,0
actual,1745422516.0704246,394651.0891785043,4438791.377318347,0.19398971607432547,0
actual,1745422516.1703916,394651.0891785043,4438791.377318347,0.19398971607432547,0
actual,1745422516.270425,394651.0891785043,4438791.377318347,0.19398971607432547,0
actual,1745422516.3704,394651.089124488,4438791.376684973,0.19376959514906414,0
actual,1745422516.4704273,394651.089124488,4438791.376684973,0.19376959514906414,0
actual,1745422516.5704358,394651.089124488,4438791.376684973,0.19376959514906414,0
actual,1745422516.6704292,394651.089124488,4438791.376684973,0.19376959514906414,0
actual,1745422516.770425,394651.089124488,4438791.376684973,0.19376959514906414,0
actual,1745422516.8704247,394651.08847538085,4438791.376799537,0.1936215388686175,0
actual,1745422516.9704242,394651.08847538085,4438791.376799537,0.1936215388686175,0
actual,1745422517.0704193,394651.08847538085,4438791.376799537,0.1936215388686175,0
actual,1745422517.1704354,394651.08847538085,4438791.376799537,0.1936215388686175,0
actual,1745422517.270426,394651.08847538085,4438791.376799537,0.1936215388686175,0
actual,1745422517.370435,394651.0909548156,4438791.376234955,0.19441302823110418,0
actual,1745422517.4704251,394651.0909548156,4438791.376234955,0.19441302823110418,0
actual,1745422517.5704234,394651.0909548156,4438791.376234955,0.19441302823110418,0
actual,1745422517.6704426,394651.0909548156,4438791.376234955,0.19441302823110418,0
actual,1745422517.770428,394651.0909548156,4438791.376234955,0.19441302823110418,0
actual,1745422517.8704224,394651.0911535813,4438791.3779967455,0.19370009613824957,0
actual,1745422517.970406,394651.0911535813,4438791.3779967455,0.19370009613824957,0
actual,1745422518.0704243,394651.0911535813,4438791.3779967455,0.19370009613824957,0
actual,1745422518.1703942,394651.0911535813,4438791.3779967455,0.19370009613824957,0
actual,1745422518.270431,394651.0911535813,4438791.3779967455,0.19370009613824957,0
actual,1745422518.3703916,394651.0924490384,4438791.376219306,0.19608269746002474,0
actual,1745422518.4703937,394651.0924490384,4438791.376219306,0.19608269746002474,0
actual,1745422518.5703893,394651.0924490384,4438791.376219306,0.19608269746002474,0
actual,1745422518.6703913,394651.0924490384,4438791.376219306,0.19608269746002474,0
actual,1745422518.7704365,394651.0924490384,4438791.376219306,0.19608269746002474,0
actual,1745422518.8704286,394651.09063009795,4438791.376889386,0.1932156625510661,0
actual,1745422518.9704254,394651.09063009795,4438791.376889386,0.1932156625510661,0
actual,1745422519.0704231,394651.09063009795,4438791.376889386,0.1932156625510661,0
actual,1745422519.1704242,394651.09063009795,4438791.376889386,0.1932156625510661,0
actual,1745422519.2704248,394651.09063009795,4438791.376889386,0.1932156625510661,0
actual,1745422519.3704314,394651.0917229408,4438791.37713356,0.19387279646773442,0
actual,1745422519.4704256,394651.0917229408,4438791.37713356,0.19387279646773442,0
actual,1745422519.5703988,394651.0917229408,4438791.37713356,0.19387279646773442,0
actual,1745422519.6704361,394651.0917229408,4438791.37713356,0.19387279646773442,0
actual,1745422519.7704275,394651.0917229408,4438791.37713356,0.19387279646773442,0
actual,1745422519.8703928,394651.09206925536,4438791.377337862,0.1954608366475392,0
actual,1745422519.9703956,394651.09206925536,4438791.377337862,0.1954608366475392,0
actual,1745422520.0703917,394651.09206925536,4438791.377337862,0.1954608366475392,0
actual,1745422520.1703978,394651.09206925536,4438791.377337862,0.1954608366475392,0
actual,1745422520.2704287,394651.09206925536,4438791.377337862,0.1954608366475392,0
actual,1745422520.3704052,394651.09116118465,4438791.378983035,0.19416321925526644,0
actual,1745422520.470399,394651.09116118465,4438791.378983035,0.19416321925526644,0
actual,1745422520.5703917,394651.09116118465,4438791.378983035,0.19416321925526644,0
actual,1745422520.6704333,394651.09116118465,4438791.378983035,0.19416321925526644,0
actual,1745422520.770394,394651.09116118465,4438791.378983035,0.19416321925526644,0
actual,1745422520.8704317,394651.0927480629,4438791.3775573075,0.1949121051307121,0
actual,1745422520.9704287,394651.0927480629,4438791.3775573075,0.1949121051307121,0
actual,1745422521.0703912,394651.0927480629,4438791.3775573075,0.1949121051307121,0
actual,1745422521.1704006,394651.0927480629,4438791.3775573075,0.1949121051307121,0
actual,1745422521.2703912,394651.0927480629,4438791.3775573075,0.1949121051307121,0
actual,1745422521.3703916,394651.0898794666,4438791.378775371,0.1930854435355747,0
actual,1745422521.4704003,394651.0898794666,4438791.378775371,0.1930854435355747,0
actual,1745422521.5703912,394651.0898794666,4438791.378775371,0.1930854435355747,0
actual,1745422521.6703954,394651.0898794666,4438791.378775371,0.1930854435355747,0
actual,1745422521.7703893,394651.0898794666,4438791.378775371,0.1930854435355747,0
actual,1745422521.8704233,394651.0909876332,4438791.377189336,0.19351633042130725,0
actual,1745422521.9704287,394651.0909876332,4438791.377189336,0.19351633042130725,0
actual,1745422522.070428,394651.0909876332,4438791.377189336,0.19351633042130725,0
actual,1745422522.170426,394651.0909876332,4438791.377189336,0.19351633042130725,0
actual,1745422522.2703905,394651.0909876332,4438791.377189336,0.19351633042130725,0
actual,1745422522.3704214,394651.0909876332,4438791.377189336,0.19351633042130725,0
actual,1745422522.470391,394651.09224547324,4438791.375794365,0.1949228912654895,0
actual,1745422522.5703907,394651.09224547324,4438791.375794365,0.1949228912654895,0
actual,1745422522.670391,394651.09224547324,4438791.375794365,0.1949228912654895,0
actual,1745422522.7704177,394651.09224547324,4438791.375794365,0.1949228912654895,0
actual,1745422522.8703902,394651.09171804215,4438791.375648323,0.195426226768472,0
actual,1745422522.9704268,394651.09171804215,4438791.375648323,0.195426226768472,0
actual,1745422523.070431,394651.09171804215,4438791.375648323,0.195426226768472,0
actual,1745422523.1704268,394651.09171804215,4438791.375648323,0.195426226768472,0
actual,1745422523.270423,394651.09171804215,4438791.375648323,0.195426226768472,0
actual,1745422523.3704247,394651.09279557696,4438791.374950506,0.1956981316126402,0
actual,1745422523.4704177,394651.09279557696,4438791.374950506,0.1956981316126402,0
actual,1745422523.5704224,394651.09279557696,4438791.374950506,0.1956981316126402,0
actual,1745422523.6704047,394651.09279557696,4438791.374950506,0.1956981316126402,0
actual,1745422523.7704282,394651.09279557696,4438791.374950506,0.1956981316126402,0
actual,1745422523.8704352,394651.091096731,4438791.37456095,0.19464952034474955,0
actual,1745422523.97043,394651.091096731,4438791.37456095,0.19464952034474955,0
actual,1745422524.0704281,394651.091096731,4438791.37456095,0.19464952034474955,0
actual,1745422524.170436,394651.091096731,4438791.37456095,0.19464952034474955,0
actual,1745422524.2704937,394651.091096731,4438791.37456095,0.19464952034474955,0
actual,1745422524.3708832,394651.091096731,4438791.37456095,0.19464952034474955,0
actual,1745422524.470737,394651.0916460708,4438791.375838707,0.194497310180683,0
actual,1745422524.5704222,394651.0916460708,4438791.375838707,0.194497310180683,0
actual,1745422524.6704264,394651.0916460708,4438791.375838707,0.194497310180683,0
actual,1745422524.7703414,394651.0916460708,4438791.375838707,0.194497310180683,0
actual,1745422524.8703682,394651.0917262013,4438791.376574445,0.19495257931606588,0
actual,1745422524.9703958,394651.0917262013,4438791.376574445,0.19495257931606588,0
actual,1745422525.0703933,394651.0917262013,4438791.376574445,0.19495257931606588,0
actual,1745422525.1703925,394651.0917262013,4438791.376574445,0.19495257931606588,0
actual,1745422525.270455,394651.0917262013,4438791.376574445,0.19495257931606588,0
actual,1745422525.370426,394651.09043584927,4438791.3775888635,0.19328823334136408,0
actual,1745422525.4704223,394651.09043584927,4438791.3775888635,0.19328823334136408,0
actual,1745422525.5704281,394651.09043584927,4438791.3775888635,0.19328823334136408,0
actual,1745422525.6704175,394651.09043584927,4438791.3775888635,0.19328823334136408,0
actual,1745422525.7704225,394651.09043584927,4438791.3775888635,0.19328823334136408,0
actual,1745422525.8704321,394651.0881455471,4438791.377441832,0.19312617952031633,0
actual,1745422525.9704251,394651.0881455471,4438791.377441832,0.19312617952031633,0
actual,1745422526.070393,394651.0881455471,4438791.377441832,0.19312617952031633,0
actual,1745422526.1703982,394651.0881455471,4438791.377441832,0.19312617952031633,0
actual,1745422526.2704234,394651.0881455471,4438791.377441832,0.19312617952031633,0
actual,1745422526.3704295,394651.08956727816,4438791.375506973,0.1949720222839331,0
actual,1745422526.4704077,394651.08956727816,4438791.375506973,0.1949720222839331,0
actual,1745422526.570425,394651.08956727816,4438791.375506973,0.1949720222839331,0
actual,1745422526.6704397,394651.08956727816,4438791.375506973,0.1949720222839331,0
actual,1745422526.7704394,394651.08956727816,4438791.375506973,0.1949720222839331,0
actual,1745422526.8704329,394651.08802262624,4438791.376513531,0.19383684268514334,0
actual,1745422526.9704232,394651.08802262624,4438791.376513531,0.19383684268514334,0
actual,1745422527.0704257,394651.08802262624,4438791.376513531,0.19383684268514334,0
actual,1745422527.1704245,394651.08802262624,4438791.376513531,0.19383684268514334,0
actual,1745422527.270447,394651.08802262624,4438791.376513531,0.19383684268514334,0
actual,1745422527.3704295,394651.09064672445,4438791.376499745,0.1937760005074189,0
actual,1745422527.4705102,394651.09064672445,4438791.376499745,0.1937760005074189,0
actual,1745422527.5703888,394651.09064672445,4438791.376499745,0.1937760005074189,0
actual,1745422527.6703918,394651.09064672445,4438791.376499745,0.1937760005074189,0
actual,1745422527.7703965,394651.09064672445,4438791.376499745,0.1937760005074189,0
actual,1745422527.87043,394651.08962839155,4438791.3760289,0.19278556106349717,0
actual,1745422527.9703932,394651.08962839155,4438791.3760289,0.19278556106349717,0
actual,1745422528.070423,394651.08962839155,4438791.3760289,0.19278556106349717,0
actual,1745422528.1704233,394651.08962839155,4438791.3760289,0.19278556106349717,0
actual,1745422528.2703447,394651.08962839155,4438791.3760289,0.19278556106349717,0
actual,1745422528.3703916,394651.0894874725,4438791.37490689,0.19296306104842503,0
actual,1745422528.4703166,394651.0894874725,4438791.37490689,0.19296306104842503,0
actual,1745422528.5703933,394651.0894874725,4438791.37490689,0.19296306104842503,0
actual,1745422528.6703913,394651.0894874725,4438791.37490689,0.19296306104842503,0
actual,1745422528.7704282,394651.0894874725,4438791.37490689,0.19296306104842503,0
actual,1745422528.870397,394651.0883256878,4438791.378324499,0.19242523783942292,0
actual,1745422528.9704285,394651.0883256878,4438791.378324499,0.19242523783942292,0
actual,1745422529.070394,394651.0883256878,4438791.378324499,0.19242523783942292,0
actual,1745422529.1703937,394651.0883256878,4438791.378324499,0.19242523783942292,0
actual,1745422529.270426,394651.0883256878,4438791.378324499,0.19242523783942292,0
actual,1745422529.370419,394651.08962754183,4438791.3776090555,0.19212470959552205,0
actual,1745422529.4703443,394651.08962754183,4438791.3776090555,0.19212470959552205,0
actual,1745422529.570423,394651.08962754183,4438791.3776090555,0.19212470959552205,0
actual,1745422529.670436,394651.08962754183,4438791.3776090555,0.19212470959552205,0
actual,1745422529.7704258,394651.08962754183,4438791.3776090555,0.19212470959552205,0
actual,1745422529.870428,394651.08817685384,4438791.376897637,0.19238355937688537,0
actual,1745422529.9704278,394651.08817685384,4438791.376897637,0.19238355937688537,0
actual,1745422530.0704257,394651.08817685384,4438791.376897637,0.19238355937688537,0
actual,1745422530.1703975,394651.08817685384,4438791.376897637,0.19238355937688537,0
actual,1745422530.2704432,394651.08817685384,4438791.376897637,0.19238355937688537,0
actual,1745422530.3704338,394651.0896131907,4438791.3781687105,0.19257025724697108,0
actual,1745422530.4704273,394651.0896131907,4438791.3781687105,0.19257025724697108,0
actual,1745422530.5704331,394651.0896131907,4438791.3781687105,0.19257025724697108,0
actual,1745422530.6704266,394651.0896131907,4438791.3781687105,0.19257025724697108,0
actual,1745422530.7704303,394651.0896131907,4438791.3781687105,0.19257025724697108,0
actual,1745422530.8703992,394651.0880291925,4438791.376856236,0.19359263621620426,0
actual,1745422530.9703953,394651.0880291925,4438791.376856236,0.19359263621620426,0
actual,1745422531.0704262,394651.0880291925,4438791.376856236,0.19359263621620426,0
actual,1745422531.1704237,394651.0880291925,4438791.376856236,0.19359263621620426,0
actual,1745422531.270427,394651.0880291925,4438791.376856236,0.19359263621620426,0
actual,1745422531.3704267,394651.08728085173,4438791.377947139,0.1922657147457906,0
actual,1745422531.4703555,394651.08728085173,4438791.377947139,0.1922657147457906,0
actual,1745422531.5703924,394651.08728085173,4438791.377947139,0.1922657147457906,0
actual,1745422531.6703963,394651.08728085173,4438791.377947139,0.1922657147457906,0
actual,1745422531.7703917,394651.08728085173,4438791.377947139,0.1922657147457906,0
actual,1745422531.8703947,394651.08770810114,4438791.377322572,0.19332153422349213,0
actual,1745422531.9704225,394651.08770810114,4438791.377322572,0.19332153422349213,0
actual,1745422532.0704167,394651.08770810114,4438791.377322572,0.19332153422349213,0
actual,1745422532.1704276,394651.08770810114,4438791.377322572,0.19332153422349213,0
actual,1745422532.2704241,394651.08770810114,4438791.377322572,0.19332153422349213,0
actual,1745422532.3704236,394651.08887818345,4438791.376450354,0.1932197989813933,0
actual,1745422532.4704185,394651.08887818345,4438791.376450354,0.1932197989813933,0
actual,1745422532.5704238,394651.08887818345,4438791.376450354,0.1932197989813933,0
actual,1745422532.6704328,394651.08887818345,4438791.376450354,0.1932197989813933,0
actual,1745422532.7704241,394651.08887818345,4438791.376450354,0.1932197989813933,0
actual,1745422532.8704305,394651.0887775816,4438791.377676353,0.19135784682878085,0
actual,1745422532.9704244,394651.0887775816,4438791.377676353,0.19135784682878085,0
actual,1745422533.0704253,394651.0887775816,4438791.377676353,0.19135784682878085,0
actual,1745422533.1703568,394651.0887775816,4438791.377676353,0.19135784682878085,0
actual,1745422533.2705142,394651.0887775816,4438791.377676353,0.19135784682878085,0
actual,1745422533.3704236,394651.08968968474,4438791.377157154,0.1933681345145203,0
actual,1745422533.4704263,394651.08968968474,4438791.377157154,0.1933681345145203,0
actual,1745422533.570421,394651.08968968474,4438791.377157154,0.1933681345145203,0
actual,1745422533.6704304,394651.08968968474,4438791.377157154,0.1933681345145203,0
actual,1745422533.770428,394651.08968968474,4438791.377157154,0.1933681345145203,0
actual,1745422533.8704271,394651.0876400224,4438791.378183354,0.19262310581672146,0
actual,1745422533.9704297,394651.0876400224,4438791.378183354,0.19262310581672146,0
actual,1745422534.0703917,394651.0876400224,4438791.378183354,0.19262310581672146,0
actual,1745422534.1703928,394651.0876400224,4438791.378183354,0.19262310581672146,0
actual,1745422534.27042,394651.0876400224,4438791.378183354,0.19262310581672146,0
actual,1745422534.3703911,394651.08773082314,4438791.376951701,0.19224388067684822,0
actual,1745422534.4704306,394651.08773082314,4438791.376951701,0.19224388067684822,0
actual,1745422534.5704353,394651.08773082314,4438791.376951701,0.19224388067684822,0
actual,1745422534.6704295,394651.08773082314,4438791.376951701,0.19224388067684822,0
actual,1745422534.7704284,394651.08773082314,4438791.376951701,0.19224388067684822,0
actual,1745422534.8704243,394651.08842993365,4438791.376529111,0.192947754510885,0
actual,1745422534.9704223,394651.08842993365,4438791.376529111,0.192947754510885,0
actual,1745422535.070393,394651.08842993365,4438791.376529111,0.192947754510885,0
actual,1745422535.1703928,394651.08842993365,4438791.376529111,0.192947754510885,0
actual,1745422535.270438,394651.08842993365,4438791.376529111,0.192947754510885,0
actual,1745422535.3704278,394651.08775954664,4438791.37570955,0.19400170648628667,0
actual,1745422535.470396,394651.08775954664,4438791.37570955,0.19400170648628667,0
actual,1745422535.5704234,394651.08775954664,4438791.37570955,0.19400170648628667,0
actual,1745422535.6704237,394651.08775954664,4438791.37570955,0.19400170648628667,0
actual,1745422535.770432,394651.08775954664,4438791.37570955,0.19400170648628667,0
actual,1745422535.8704228,394651.0877671988,4438791.377064194,0.1926741043374647,0
actual,1745422535.9704235,394651.0877671988,4438791.377064194,0.1926741043374647,0
actual,1745422536.0704348,394651.0877671988,4438791.377064194,0.1926741043374647,0
actual,1745422536.1704257,394651.0877671988,4438791.377064194,0.1926741043374647,0
actual,1745422536.2704277,394651.0877671988,4438791.377064194,0.1926741043374647,0
actual,1745422536.3704238,394651.087969698,4438791.3776847385,0.19150551913679204,0
actual,1745422536.4704247,394651.087969698,4438791.3776847385,0.19150551913679204,0
actual,1745422536.5704253,394651.087969698,4438791.3776847385,0.19150551913679204,0
actual,1745422536.6704257,394651.087969698,4438791.3776847385,0.19150551913679204,0
actual,1745422536.7704227,394651.087969698,4438791.3776847385,0.19150551913679204,0
actual,1745422536.8704264,394651.0891408242,4438791.375047087,0.19400277113713044,0
actual,1745422536.9704323,394651.0891408242,4438791.375047087,0.19400277113713044,0
actual,1745422537.0704288,394651.0891408242,4438791.375047087,0.19400277113713044,0
actual,1745422537.1704273,394651.0891408242,4438791.375047087,0.19400277113713044,0
actual,1745422537.270425,394651.0891408242,4438791.375047087,0.19400277113713044,0
actual,1745422537.370426,394651.08955244964,4438791.373877674,0.19600239486114035,0
actual,1745422537.4704232,394651.08955244964,4438791.373877674,0.19600239486114035,0
actual,1745422537.5704336,394651.08955244964,4438791.373877674,0.19600239486114035,0
actual,1745422537.670554,394651.08955244964,4438791.373877674,0.19600239486114035,0
actual,1745422537.7704287,394651.08955244964,4438791.373877674,0.19600239486114035,0
actual,1745422537.8704238,394651.0901145093,4438791.37559189,0.1954354072003376,0
actual,1745422537.9704227,394651.0901145093,4438791.37559189,0.1954354072003376,0
actual,1745422538.0704257,394651.0901145093,4438791.37559189,0.1954354072003376,0
actual,1745422538.1704226,394651.0901145093,4438791.37559189,0.1954354072003376,0
actual,1745422538.2704253,394651.0901145093,4438791.37559189,0.1954354072003376,0
actual,1745422538.3704276,394651.0896324456,4438791.374183056,0.1963865592827969,0
actual,1745422538.470431,394651.0896324456,4438791.374183056,0.1963865592827969,0
actual,1745422538.5704253,394651.0896324456,4438791.374183056,0.1963865592827969,0
actual,1745422538.670426,394651.0896324456,4438791.374183056,0.1963865592827969,0
actual,1745422538.7704256,394651.0896324456,4438791.374183056,0.1963865592827969,0
actual,1745422538.870429,394651.0870500235,4438791.376717616,0.19209859946991217,0
actual,1745422538.970551,394651.0870500235,4438791.376717616,0.19209859946991217,0
actual,1745422539.0704224,394651.0870500235,4438791.376717616,0.19209859946991217,0
actual,1745422539.170419,394651.0870500235,4438791.376717616,0.19209859946991217,0
actual,1745422539.2704432,394651.0870500235,4438791.376717616,0.19209859946991217,0
actual,1745422539.370395,394651.0874766683,4438791.377343251,0.19301926065033922,0
actual,1745422539.470442,394651.0874766683,4438791.377343251,0.19301926065033922,0
actual,1745422539.5704286,394651.0874766683,4438791.377343251,0.19301926065033922,0
actual,1745422539.670392,394651.0874766683,4438791.377343251,0.19301926065033922,0
actual,1745422539.7703938,394651.0874766683,4438791.377343251,0.19301926065033922,0
actual,1745422539.8703947,394651.08758955763,4438791.377286015,0.19368145602183848,0
actual,1745422539.9704173,394651.08758955763,4438791.377286015,0.19368145602183848,0
actual,1745422540.0704298,394651.08758955763,4438791.377286015,0.19368145602183848,0
actual,1745422540.1704273,394651.08758955763,4438791.377286015,0.19368145602183848,0
actual,1745422540.270445,394651.08758955763,4438791.377286015,0.19368145602183848,0
actual,1745422540.3704405,394651.08809641615,4438791.377493783,0.19379450099748996,0
actual,1745422540.4703944,394651.08809641615,4438791.377493783,0.19379450099748996,0
actual,1745422540.5703993,394651.08809641615,4438791.377493783,0.19379450099748996,0
actual,1745422540.6703959,394651.08809641615,4438791.377493783,0.19379450099748996,0
actual,1745422540.7704287,394651.08809641615,4438791.377493783,0.19379450099748996,0
actual,1745422540.870393,394651.08635178354,4438791.376041797,0.19248129781499707,0
actual,1745422540.970444,394651.08635178354,4438791.376041797,0.19248129781499707,0
actual,1745422541.0704305,394651.08635178354,4438791.376041797,0.19248129781499707,0
actual,1745422541.170398,394651.08635178354,4438791.376041797,0.19248129781499707,0
actual,1745422541.2704246,394651.08635178354,4438791.376041797,0.19248129781499707,0
actual,1745422541.370426,394651.0888989461,4438791.375885679,0.19388105187509636,0
actual,1745422541.470348,394651.0888989461,4438791.375885679,0.19388105187509636,0
actual,1745422541.570393,394651.0888989461,4438791.375885679,0.19388105187509636,0
actual,1745422541.670408,394651.0888989461,4438791.375885679,0.19388105187509636,0
actual,1745422541.7704015,394651.0888989461,4438791.375885679,0.19388105187509636,0
actual,1745422541.870426,394651.0881169062,4438791.376269961,0.19459625289597876,0
actual,1745422541.9703934,394651.0881169062,4438791.376269961,0.19459625289597876,0
actual,1745422542.0704267,394651.0881169062,4438791.376269961,0.19459625289597876,0
actual,1745422542.170418,394651.0881169062,4438791.376269961,0.19459625289597876,0
actual,1745422542.2704346,394651.0881169062,4438791.376269961,0.19459625289597876,0
actual,1745422542.3703966,394651.0881169062,4438791.376269961,0.19459625289597876,0
actual,1745422542.4703941,394651.08936360566,4438791.375612404,0.19443500192638685,0
actual,1745422542.57043,394651.08936360566,4438791.375612404,0.19443500192638685,0
actual,1745422542.670396,394651.08936360566,4438791.375612404,0.19443500192638685,0
actual,1745422542.7703946,394651.08936360566,4438791.375612404,0.19443500192638685,0
actual,1745422542.8703952,394651.08760529617,4438791.3772138655,0.19222164518217788,0
actual,1745422542.9703934,394651.08760529617,4438791.3772138655,0.19222164518217788,0
actual,1745422543.0703967,394651.08760529617,4438791.3772138655,0.19222164518217788,0
actual,1745422543.170395,394651.08760529617,4438791.3772138655,0.19222164518217788,0
actual,1745422543.270427,394651.08760529617,4438791.3772138655,0.19222164518217788,0
actual,1745422543.3704221,394651.0896250182,4438791.377301636,0.19377067725320035,0
actual,1745422543.4704206,394651.0896250182,4438791.377301636,0.19377067725320035,0
actual,1745422543.570422,394651.0896250182,4438791.377301636,0.19377067725320035,0
actual,1745422543.670433,394651.0896250182,4438791.377301636,0.19377067725320035,0
actual,1745422543.7704394,394651.0896250182,4438791.377301636,0.19377067725320035,0
actual,1745422543.870429,394651.0895444499,4438791.378001205,0.1940296666609037,0
actual,1745422543.970425,394651.0895444499,4438791.378001205,0.1940296666609037,0
actual,1745422544.0704262,394651.0895444499,4438791.378001205,0.1940296666609037,0
actual,1745422544.1704237,394651.0895444499,4438791.378001205,0.1940296666609037,0
actual,1745422544.270427,394651.0895444499,4438791.378001205,0.1940296666609037,0
actual,1745422544.3704283,394651.0884273328,4438791.375767745,0.19586058685941593,0
actual,1745422544.4704266,394651.0884273328,4438791.375767745,0.19586058685941593,0
actual,1745422544.5704231,394651.0884273328,4438791.375767745,0.19586058685941593,0
actual,1745422544.6704276,394651.0884273328,4438791.375767745,0.19586058685941593,0
actual,1745422544.7704244,394651.0884273328,4438791.375767745,0.19586058685941593,0
actual,1745422544.8704276,394651.08841585706,4438791.375033649,0.19587936660216734,0
actual,1745422544.970438,394651.08841585706,4438791.375033649,0.19587936660216734,0
actual,1745422545.0704374,394651.08841585706,4438791.375033649,0.19587936660216734,0
actual,1745422545.1704237,394651.08841585706,4438791.375033649,0.19587936660216734,0
actual,1745422545.2704256,394651.08841585706,4438791.375033649,0.19587936660216734,0
actual,1745422545.3704264,394651.0895175383,4438791.377230195,0.1936923643296634,0
actual,1745422545.470428,394651.0895175383,4438791.377230195,0.1936923643296634,0
actual,1745422545.570423,394651.0895175383,4438791.377230195,0.1936923643296634,0
actual,1745422545.6704414,394651.0895175383,4438791.377230195,0.1936923643296634,0
actual,1745422545.7704227,394651.0895175383,4438791.377230195,0.1936923643296634,0
actual,1745422545.8704345,394651.08871883084,4438791.376132336,0.1949488443114666,0
actual,1745422545.9704304,394651.08871883084,4438791.376132336,0.1949488443114666,0
actual,1745422546.0704246,394651.08871883084,4438791.376132336,0.1949488443114666,0
actual,1745422546.170426,394651.08871883084,4438791.376132336,0.1949488443114666,0
actual,1745422546.270397,394651.08871883084,4438791.376132336,0.1949488443114666,0
actual,1745422546.3704185,394651.0877811002,4438791.37604166,0.19417693754318696,0
actual,1745422546.4704268,394651.0877811002,4438791.37604166,0.19417693754318696,0
actual,1745422546.570427,394651.0877811002,4438791.37604166,0.19417693754318696,0
actual,1745422546.6704175,394651.0877811002,4438791.37604166,0.19417693754318696,0
actual,1745422546.7704253,394651.0877811002,4438791.37604166,0.19417693754318696,0
actual,1745422546.8704178,394651.0885672051,4438791.376568553,0.19582742560362792,0
actual,1745422546.9704301,394651.0885672051,4438791.376568553,0.19582742560362792,0
actual,1745422547.0704355,394651.0885672051,4438791.376568553,0.19582742560362792,0
actual,1745422547.1704245,394651.0885672051,4438791.376568553,0.19582742560362792,0
actual,1745422547.2703934,394651.0885672051,4438791.376568553,0.19582742560362792,0
actual,1745422547.3703938,394651.08892955945,4438791.376710832,0.1947384623234311,0
actual,1745422547.4704247,394651.08892955945,4438791.376710832,0.1947384623234311,0
actual,1745422547.5704424,394651.08892955945,4438791.376710832,0.1947384623234311,0
actual,1745422547.6704333,394651.08892955945,4438791.376710832,0.1947384623234311,0
actual,1745422547.7704346,394651.08892955945,4438791.376710832,0.1947384623234311,0
actual,1745422547.8704276,394651.0899168516,4438791.375796166,0.1944419134302249,0
actual,1745422547.9703932,394651.0899168516,4438791.375796166,0.1944419134302249,0
actual,1745422548.0704255,394651.0899168516,4438791.375796166,0.1944419134302249,0
actual,1745422548.17043,394651.0899168516,4438791.375796166,0.1944419134302249,0
actual,1745422548.2703922,394651.0899168516,4438791.375796166,0.1944419134302249,0
actual,1745422548.3704522,394651.0905123835,4438791.376473,0.19458279640744588,0
actual,1745422548.4704406,394651.0905123835,4438791.376473,0.19458279640744588,0
actual,1745422548.570397,394651.0905123835,4438791.376473,0.19458279640744588,0
actual,1745422548.670398,394651.0905123835,4438791.376473,0.19458279640744588,0
actual,1745422548.770393,394651.0905123835,4438791.376473,0.19458279640744588,0
actual,1745422548.870391,394651.088782631,4438791.375294479,0.19531209968868402,0
actual,1745422548.9704254,394651.088782631,4438791.375294479,0.19531209968868402,0
actual,1745422549.070425,394651.088782631,4438791.375294479,0.19531209968868402,0
actual,1745422549.1704197,394651.088782631,4438791.375294479,0.19531209968868402,0
actual,1745422549.2704105,394651.088782631,4438791.375294479,0.19531209968868402,0
actual,1745422549.370425,394651.08827863575,4438791.376617747,0.19454071651918012,0
actual,1745422549.4704328,394651.08827863575,4438791.376617747,0.19454071651918012,0
actual,1745422549.5703435,394651.08827863575,4438791.376617747,0.19454071651918012,0
actual,1745422549.6704257,394651.08827863575,4438791.376617747,0.19454071651918012,0
actual,1745422549.7704253,394651.08827863575,4438791.376617747,0.19454071651918012,0
actual,1745422549.8703957,394651.08814793255,4438791.376116656,0.19568162079791637,0
actual,1745422549.970367,394651.08814793255,4438791.376116656,0.19568162079791637,0
actual,1745422550.0703962,394651.08814793255,4438791.376116656,0.19568162079791637,0
actual,1745422550.1704226,394651.08814793255,4438791.376116656,0.19568162079791637,0
actual,1745422550.2704408,394651.08814793255,4438791.376116656,0.19568162079791637,0
actual,1745422550.3704236,394651.0870611287,4438791.378081182,0.19334216401525073,0
actual,1745422550.4704254,394651.0870611287,4438791.378081182,0.19334216401525073,0
actual,1745422550.5704224,394651.0870611287,4438791.378081182,0.19334216401525073,0
actual,1745422550.6704266,394651.0870611287,4438791.378081182,0.19334216401525073,0
actual,1745422550.770428,394651.0870611287,4438791.378081182,0.19334216401525073,0
actual,1745422550.8704314,394651.08751159196,4438791.378991769,0.1932810425848459,0
actual,1745422550.9704363,394651.08751159196,4438791.378991769,0.1932810425848459,0
actual,1745422551.0704281,394651.08751159196,4438791.378991769,0.1932810425848459,0
actual,1745422551.1704242,394651.08751159196,4438791.378991769,0.1932810425848459,0
actual,1745422551.2704303,394651.08751159196,4438791.378991769,0.1932810425848459,0
actual,1745422551.370424,394651.08695049863,4438791.377688849,0.19340674119757442,0
actual,1745422551.4704218,394651.08695049863,4438791.377688849,0.19340674119757442,0
actual,1745422551.57044,394651.08695049863,4438791.377688849,0.19340674119757442,0
actual,1745422551.6704724,394651.08695049863,4438791.377688849,0.19340674119757442,0
actual,1745422551.7705193,394651.08695049863,4438791.377688849,0.19340674119757442,0
actual,1745422551.8704255,394651.0891026545,4438791.378489482,0.19358771438771366,0
actual,1745422551.9704955,394651.0891026545,4438791.378489482,0.19358771438771366,0
actual,1745422552.0704715,394651.0891026545,4438791.378489482,0.19358771438771366,0
actual,1745422552.1703894,394651.0891026545,4438791.378489482,0.19358771438771366,0
actual,1745422552.270526,394651.0891026545,4438791.378489482,0.19358771438771366,0
actual,1745422552.37067,394651.0891026545,4438791.378489482,0.19358771438771366,0
actual,1745422552.4706109,394651.08839700825,4438791.378623804,0.1927227117571328,0
actual,1745422552.5703926,394651.08839700825,4438791.378623804,0.1927227117571328,0
actual,1745422552.6703944,394651.08839700825,4438791.378623804,0.1927227117571328,0
actual,1745422552.770419,394651.08839700825,4438791.378623804,0.1927227117571328,0
actual,1745422552.870424,394651.0896778011,4438791.379511442,0.1928955517129577,0
actual,1745422552.970434,394651.0896778011,4438791.379511442,0.1928955517129577,0
actual,1745422553.0704224,394651.0896778011,4438791.379511442,0.1928955517129577,0
actual,1745422553.1705847,394651.0896778011,4438791.379511442,0.1928955517129577,0
actual,1745422553.2706053,394651.0896778011,4438791.379511442,0.1928955517129577,0
actual,1745422553.3704352,394651.0884619094,4438791.377819601,0.1928789012718938,0
actual,1745422553.4704242,394651.0884619094,4438791.377819601,0.1928789012718938,0
actual,1745422553.5704257,394651.0884619094,4438791.377819601,0.1928789012718938,0
actual,1745422553.6704235,394651.0884619094,4438791.377819601,0.1928789012718938,0
actual,1745422553.7704256,394651.0884619094,4438791.377819601,0.1928789012718938,0
actual,1745422553.8704236,394651.08715556376,4438791.376542873,0.19169193775419738,0
actual,1745422553.970428,394651.08715556376,4438791.376542873,0.19169193775419738,0
actual,1745422554.0704257,394651.08715556376,4438791.376542873,0.19169193775419738,0
actual,1745422554.1705337,394651.08715556376,4438791.376542873,0.19169193775419738,0
actual,1745422554.2704282,394651.08715556376,4438791.376542873,0.19169193775419738,0
actual,1745422554.3704295,394651.0881668292,4438791.376869726,0.19317571196448785,0
actual,1745422554.4704247,394651.0881668292,4438791.376869726,0.19317571196448785,0
actual,1745422554.5703945,394651.0881668292,4438791.376869726,0.19317571196448785,0
actual,1745422554.6703987,394651.0881668292,4438791.376869726,0.19317571196448785,0
actual,1745422554.770415,394651.0881668292,4438791.376869726,0.19317571196448785,0
actual,1745422554.8703954,394651.08755694656,4438791.378346024,0.19228423268915437,0
actual,1745422554.970441,394651.08755694656,4438791.378346024,0.19228423268915437,0
actual,1745422555.0705655,394651.08755694656,4438791.378346024,0.19228423268915437,0
actual,1745422555.1704276,394651.08755694656,4438791.378346024,0.19228423268915437,0
actual,1745422555.270428,394651.08755694656,4438791.378346024,0.19228423268915437,0
actual,1745422555.370425,394651.08836857346,4438791.378763925,0.19228423268915437,0
actual,1745422555.4704242,394651.08836857346,4438791.378763925,0.1922894163170326,0
actual,1745422555.570451,394651.08836857346,4438791.378763925,0.1922894163170326,0
actual,1745422555.6704273,394651.08836857346,4438791.378763925,0.1922894163170326,0
actual,1745422555.7704248,394651.08836857346,4438791.378763925,0.1922894163170326,0
actual,1745422555.8704188,394651.0870676081,4438791.377546223,0.19340728224964265,0
actual,1745422555.9704235,394651.0870676081,4438791.377546223,0.19340728224964265,0
actual,1745422556.070477,394651.0870676081,4438791.377546223,0.19340728224964265,0
actual,1745422556.1704216,394651.0870676081,4438791.377546223,0.19340728224964265,0
actual,1745422556.2704237,394651.0870676081,4438791.377546223,0.19340728224964265,0
actual,1745422556.370614,394651.0868105045,4438791.377911746,0.1923297683293388,0
actual,1745422556.4705963,394651.0868105045,4438791.377911746,0.1923297683293388,0
actual,1745422556.5704358,394651.0868105045,4438791.377911746,0.1923297683293388,0
actual,1745422556.670426,394651.0868105045,4438791.377911746,0.1923297683293388,0
actual,1745422556.77048,394651.0868105045,4438791.377911746,0.1923297683293388,0
actual,1745422556.8704264,394651.0901684721,4438791.376472432,0.1937066236696522,0
actual,1745422556.9704251,394651.0901684721,4438791.376472432,0.1937066236696522,0
actual,1745422557.0704274,394651.0901684721,4438791.376472432,0.1937066236696522,0
actual,1745422557.1705256,394651.0901684721,4438791.376472432,0.1937066236696522,0
actual,1745422557.2706509,394651.0901684721,4438791.376472432,0.1937066236696522,0
actual,1745422557.3704226,394651.0899547827,4438791.376838611,0.19417280111285976,0
actual,1745422557.4704154,394651.0899547827,4438791.376838611,0.19417280111285976,0
actual,1745422557.5704339,394651.0899547827,4438791.376838611,0.19417280111285976,0
actual,1745422557.670431,394651.0899547827,4438791.376838611,0.19417280111285976,0
actual,1745422557.7703936,394651.0899547827,4438791.376838611,0.19417280111285976,0
actual,1745422557.870427,394651.0879651238,4438791.3777162945,0.19323536731832122,0
actual,1745422557.970396,394651.0879651238,4438791.3777162945,0.19323536731832122,0
actual,1745422558.0703373,394651.0879651238,4438791.3777162945,0.19323536731832122,0
actual,1745422558.1703906,394651.0879651238,4438791.3777162945,0.19323536731832122,0
actual,1745422558.2707503,394651.0879651238,4438791.3777162945,0.19323536731832122,0
actual,1745422558.3706522,394651.0885101889,4438791.376617051,0.1938568267050788,0
actual,1745422558.4707022,394651.0885101889,4438791.376617051,0.1938568267050788,0
actual,1745422558.5706906,394651.0885101889,4438791.376617051,0.1938568267050788,0
actual,1745422558.6704538,394651.0885101889,4438791.376617051,0.1938568267050788,0
actual,1745422558.7706218,394651.0885101889,4438791.376617051,0.1938568267050788,0
actual,1745422558.870396,394651.0890783881,4438791.377628886,0.19352380043050577,0
actual,1745422558.9704256,394651.0890783881,4438791.377628886,0.19352380043050577,0
actual,1745422559.0704257,394651.0890783881,4438791.377628886,0.19352380043050577,0
actual,1745422559.1704264,394651.0890783881,4438791.377628886,0.19352380043050577,0
actual,1745422559.2704897,394651.0890783881,4438791.377628886,0.19352380043050577,0
actual,1745422559.370421,394651.0899679142,4438791.378254492,0.19354003199254927,0
actual,1745422559.4704869,394651.0899679142,4438791.378254492,0.19354003199254927,0
