type,timestamp,x,y,yaw,target_waypoint_idx
actual,1745089113.428171,394656.4868701272,4438783.057887869,0.0007166496441613765,0
actual,1745089113.5551655,394656.4870157881,4438783.058141782,0.0007133335185825267,0
actual,1745089113.575758,394656.4871012325,4438783.058282565,0.0007133335185825267,0
actual,1745089113.6749692,394656.48716240074,4438783.0583979925,0.0006865601678570668,0
actual,1745089113.7760985,394656.4873376278,4438783.058757106,0.0006743079565079971,0
actual,1745089113.8925343,394656.4880112836,4438783.057525454,0.0007012034802812843,0
actual,1745089113.975018,394656.4880942919,4438783.057523044,0.0006832265889857411,0
actual,1745089114.0758479,394656.4881352683,4438783.057503682,0.0006922848478035403,0
actual,1745089114.1882575,394656.4881352683,4438783.057503682,0.0006676582520578219,0
actual,1745089114.390694,394656.4881398928,4438783.057491604,0.000639820250488605,0
actual,1745089114.3907433,394656.4881398928,4438783.057491604,0.000639820250488605,0
actual,1745089114.467628,394656.4876762765,4438783.056576981,0.0006390173990327305,0
actual,1745089114.567603,394656.4876417462,4438783.056510722,0.00061053362564017,0
actual,1745089114.6675134,394656.48760417127,4438783.056417392,0.0006119997022118642,0
actual,1745089114.7676582,394656.48748584895,4438783.0561557235,0.0006544635629128226,0
actual,1745089114.8676314,394656.487445639,4438783.056104693,0.0006451435047071412,0
actual,1745089114.96753,394656.48739782337,4438783.056042233,0.0006747093822359344,0
actual,1745089115.0675952,394656.4873813141,4438783.056010027,0.0006745872091883553,0
actual,1745089115.1675043,394656.4873197791,4438783.055994452,0.0006848322918974904,0
actual,1745089115.2674937,394656.4871532451,4438783.056652559,0.0007068059871801787,0
actual,1745089115.3678172,394656.48717573244,4438783.056735363,0.0007102617390990834,0
actual,1745089115.4675422,394656.487185135,4438783.056858574,0.0007165274711137972,0
actual,1745089115.5675535,394656.48721376946,4438783.056991808,0.0007001388294375274,0
actual,1745089115.6754453,394656.4872846659,4438783.057100932,0.0006913598233000865,0
actual,1745089115.7762353,394656.4874422527,4438783.057325349,0.0006205169089614229,0
actual,1745089115.8966675,394656.4875687407,4438783.055029938,0.0006074618461567267,0
actual,1745089115.969989,394656.4876474338,4438783.054940394,0.0005973389364951708,0
actual,1745089116.067598,394656.4876479402,4438783.054908677,0.0005981417879510454,0
actual,1745089116.167579,394656.4877104565,4438783.054884637,0.000563252656203716,0
actual,1745089116.2675555,394656.48641654255,4438783.055610275,0.0006821619381419844,0
actual,1745089116.3676803,394656.48640341393,4438783.055650883,0.0006673964526701877,0
actual,1745089116.4675162,394656.4863611702,4438783.055673495,0.0006823015644820394,0
actual,1745089116.5675788,394656.48636238184,4438783.055733691,0.0006458241831154367,0
actual,1745089116.6675012,394656.4864030351,4438783.055808352,0.0006344969962700688,0
actual,1745089116.767579,394656.48775071895,4438783.0555743985,0.0006644642995267993,0
actual,1745089116.8675764,394656.4878360982,4438783.055549169,0.000655004614981063,0
actual,1745089116.9675083,394656.4878970401,4438783.055554616,0.0006262415889081444,0
actual,1745089117.0675435,394656.4880383995,4438783.055547397,0.0006215815598051797,0
actual,1745089117.1675384,394656.4881107749,4438783.055497032,0.0005862910023299131,0
actual,1745089117.2675095,394656.4869601319,4438783.055880968,0.0006898937467283924,0
actual,1745089117.367574,394656.48706073384,4438783.055958918,0.0006797708370668364,0
actual,1745089117.467538,394656.48699038225,4438783.055997932,0.0006571339166683287,0
actual,1745089117.5674825,394656.48688581365,4438783.056036267,0.0006519502887898475,0
actual,1745089117.6674893,394656.48682980024,4438783.056038738,0.0006271666134115982,0
actual,1745089117.7676544,394656.486747357,4438783.055377301,0.0006978873547024345,0
actual,1745089117.8675525,394656.48681865,4438783.055430407,0.0006825633638699217,0
actual,1745089117.9677289,394656.48682935373,4438783.055397964,0.0006833662153257963,0
actual,1745089118.0674937,394656.4868490497,4438783.055363935,0.000652473887565612,0
actual,1745089118.16749,394656.4869638164,4438783.055366858,0.0006599264434716619,0
actual,1745089118.2674956,394656.4872510888,4438783.05453405,0.000710924964214903,0
actual,1745089118.3675673,394656.48731839086,4438783.054507818,0.0006800326364544706,0
actual,1745089118.4675255,394656.48732769245,4438783.054420828,0.0006539399641373061,0
actual,1745089118.5677066,394656.48734774446,4438783.054329118,0.0006374291494134572,0
actual,1745089118.667672,394656.4873507537,4438783.054286962,0.0006303780192353446,0
actual,1745089118.7675312,394656.4880054246,4438783.054695877,0.0006809751142506483,0
actual,1745089118.8675654,394656.4881434158,4438783.054650468,0.0006511474373339729,0
actual,1745089118.9678442,394656.4881547075,4438783.054554784,0.0006623349978392857,0
actual,1745089119.0676675,394656.4881970473,4438783.054495755,0.0006624571708868649,0
actual,1745089119.1677125,394656.48827301245,4438783.054521158,0.0006390173990327305,0
actual,1745089119.2676656,394656.488783778,4438783.0554045895,0.0006926862735314776,0
actual,1745089119.3681362,394656.4890143055,4438783.0553787695,0.0006969448769062569,0
actual,1745089119.467809,394656.4893062636,4438783.055417857,0.0006871012199250591,0
actual,1745089119.5676935,394656.4896134242,4438783.055426235,0.0006595250177437246,0
actual,1745089119.6675115,394656.4898328963,4438783.055365613,0.0006708522045890924,0
actual,1745089119.7675538,394656.4887038197,4438783.056421627,0.0006765768845355659,0
actual,1745089119.8676543,394656.4885416144,4438783.056463565,0.0006402216762165424,0
actual,1745089119.9675446,394656.4884126824,4438783.056627689,0.0006215815598051797,0
actual,1745089120.0674937,394656.4883262226,4438783.056844983,0.0006102718262522878,0
actual,1745089120.1675596,394656.48823860247,4438783.05696767,0.0006121218752594433,0
actual,1745089120.267458,394656.48856763844,4438783.056719509,0.0007097381403235669,0
actual,1745089120.3675506,394656.4884915921,4438783.056756427,0.000725044677863604,0
actual,1745089120.4675035,394656.48839151324,4438783.056829817,0.0007049384848805472,0
actual,1745089120.5677156,394656.48819207656,4438783.056803156,0.000740490841743696,0
actual,1745089120.6677797,394656.4879498194,4438783.056727369,0.0007877543578876742,0
actual,1745089120.7675643,394656.489639572,4438783.057104728,0.0007380997406683001,0
actual,1745089120.8676698,394656.48981114326,4438783.057178598,0.0007354293869127941,0
actual,1745089120.9676888,394656.49004494026,4438783.05725874,0.0007536680775962195,0
actual,1745089121.067515,394656.49021236534,4438783.057324548,0.0006948155752189912,0
actual,1745089121.167558,394656.4903422791,4438783.057280672,0.0007491476748335579,0
actual,1745089121.2675502,394656.48904052516,4438783.057659281,0.0006974859289744972,0
actual,1745089121.3676798,394656.4890716936,4438783.057666258,0.00070867348947981,0
actual,1745089121.4676447,394656.48916143714,4438783.057700395,0.0006941523501031717,0
actual,1745089121.567659,394656.489220456,4438783.057787685,0.0006554060407090003,0
actual,1745089121.6675868,394656.4891538532,4438783.057798197,0.0006590014189679601,0
actual,1745089121.7676463,394656.48902936303,4438783.057816138,0.0006135879518311375,0
actual,1745089121.8674657,394656.4879052062,4438783.05695968,0.0006354220207735226,0
actual,1745089121.9675741,394656.4877571174,4438783.056841991,0.0006338337711542494,0
actual,1745089122.0675445,394656.48769996915,4438783.056731552,0.0006325073209228583,0
actual,1745089122.1676033,394656.4876053511,4438783.056653089,0.0005933595858005015,0
actual,1745089122.2675445,394656.4872545471,4438783.057125001,0.000630761991670806,0
actual,1745089122.367621,394656.48716426163,4438783.057171238,0.0006072000467688445,0
actual,1745089122.4675093,394656.4871053953,4438783.057140212,0.0006121218752594433,0
actual,1745089122.5676672,394656.4871022984,4438783.057158098,0.0005792398721518005,0
actual,1745089122.6674962,394656.4870882698,4438783.05720888,0.0005692565888305477,0
actual,1745089122.7675788,394656.4872342003,4438783.055855708,0.0006661921754861277,0
actual,1745089122.8675141,394656.48722894315,4438783.055801649,0.0006724404542083657,0
actual,1745089122.967554,394656.4872433196,4438783.055754039,0.000644881705319507,0
actual,1745089123.067584,394656.48722813843,4438783.055685706,0.0006403613025565975,0
actual,1745089123.167519,394656.4872718395,4438783.055662276,0.0006153158277907139,0
actual,1745089123.2675683,394656.4877370076,4438783.055909195,0.0006934891249873521,0
actual,1745089123.3680286,394656.48775555904,4438783.055879064,0.0006732433056642404,0
actual,1745089123.4674873,394656.48779759905,4438783.0558396,0.0006673964526701877,0
actual,1745089123.567545,394656.4877208163,4438783.0558556,0.0006687229029015788,0
actual,1745089123.6675465,394656.48765450413,4438783.0559152225,0.0006372895230731541,0
actual,1745089123.7675207,394656.4889397039,4438783.055729251,0.0006748490085762375,0
actual,1745089123.8675299,394656.4891133613,4438783.055683903,0.0006675186257177669,0
actual,1745089123.9676056,394656.4892777227,4438783.055689723,0.0006214419334651247,0
actual,1745089124.0676095,394656.48943334544,4438783.055669385,0.0005894849548611836,0
actual,1745089124.1675353,394656.48959040793,4438783.055624321,0.0005973389364951708,0
actual,1745089124.2674801,394656.488176769,4438783.056651782,0.0006986727528658333,0
actual,1745089124.367641,394656.48812065204,4438783.056693107,0.0007135953179704089,0
actual,1745089124.4675026,394656.48807429156,4438783.056739447,0.0007145203424738627,0
actual,1745089124.5676553,394656.4880347099,4438783.056817734,0.0007097381403235669,0
actual,1745089124.6675541,394656.48803440866,4438783.056899121,0.0007079928110715146,0
actual,1745089124.7675369,394656.4885441138,4438783.057009202,0.0006875026456529964,0
actual,1745089124.8674634,394656.4885071826,4438783.05706809,0.0006769783102635032,0
actual,1745089124.9675605,394656.4885967026,4438783.057159367,0.0006964212781307405,0
actual,1745089125.0675128,394656.48874967586,4438783.057223559,0.0007050781112206022,0
actual,1745089125.1675503,394656.4887943578,4438783.05741042,0.0006752504343041748,0
actual,1745089125.267431,394656.4883161789,4438783.057579566,0.0006823015644820394,0
actual,1745089125.3675559,394656.4882668914,4438783.057581758,0.0006711140039769747,0
actual,1745089125.467564,394656.48815612553,4438783.05764062,0.0006515488630619102,0
actual,1745089125.5675318,394656.4878704673,4438783.057614233,0.0006420891785161738,0
actual,1745089125.6674933,394656.48776150576,4438783.057522347,0.0007105235384869656,0
actual,1745089125.7675886,394656.48849005235,4438783.057397824,0.0007093367145956296,0
actual,1745089125.8674963,394656.48877290415,4438783.0574565185,0.0007282386303946264,0
actual,1745089125.9676032,394656.48923720384,4438783.057558553,0.0006862983684691845,0
actual,1745089126.06758,394656.48984302813,4438783.057553996,0.0007290414818505011,0
actual,1745089126.167518,394656.49043575063,4438783.057583702,0.0007214492996043961,0
actual,1745089126.2675471,394656.48806836735,4438783.058167351,0.0006510078109939179,0
actual,1745089126.3675585,394656.4875777298,4438783.058249022,0.0006562088921648749,0
actual,1745089126.4675753,394656.4869937376,4438783.058652447,0.0003576703236112306,0
actual,1745089126.567672,394656.4863512526,4438783.058761431,0.00036765360693248345,0
actual,1745089126.6675801,394656.4857441897,4438783.05848405,0.0007796385768658048,0
actual,1745089126.7675982,394656.4881661384,4438783.056249278,0.0007450112445063577,0
actual,1745089126.8675067,394656.488187497,4438783.056157529,0.0008004079949646811,0
actual,1745089126.9675977,394656.4882584628,4438783.0562135475,0.0007878939842277293,0
actual,1745089127.067506,394656.4882766259,4438783.056182092,0.0008325045999086773,0
actual,1745089127.1675625,394656.4883601245,4438783.056190928,0.0008017518984885481,0
actual,1745089127.2675025,394656.48791950895,4438783.056000254,0.0007254461035915413,0
actual,1745089127.367588,394656.48791999544,4438783.056103513,0.0006989520055461914,0
actual,1745089127.4675689,394656.48788274056,4438783.056121841,0.0007358308126407314,0
actual,1745089127.5675833,394656.4879257561,4438783.056198899,0.0007263711280949951,0
actual,1745089127.6675892,394656.4879355612,4438783.056316572,0.0007081324374115696,0
actual,1745089127.7675643,394656.48855401314,4438783.055280501,0.000664062873798862,0
actual,1745089127.8675153,394656.48842284526,4438783.055324597,0.0005853659778264594,0
actual,1745089127.9675865,394656.488121583,4438783.05525996,0.0006310412443511641,0
actual,1745089128.0675578,394656.48811054195,4438783.055358932,0.0006018767925503083,0
actual,1745089128.167637,394656.4881983635,4438783.055430096,0.0005379628353421781,0
actual,1745089128.2675943,394656.4873358208,4438783.055294567,0.0007922922139428117,0
actual,1745089128.3676658,394656.4876370481,4438783.055450468,0.0007187789458488901,0
actual,1745089128.4676082,394656.4878067551,4438783.055458239,0.0007130542659021685,0
actual,1745089128.5675194,394656.4878309034,4438783.055487489,0.0007054795369485395,0
actual,1745089128.667563,394656.4878213725,4438783.0555879595,0.0006900333730684474,0
actual,1745089128.767644,394656.4888358463,4438783.056109922,0.0007502123256773146,0
actual,1745089128.867569,394656.48898921936,4438783.056189459,0.0007338411372935208,0
actual,1745089128.96762,394656.4891005957,4438783.056299001,0.0007072074129081159,0
actual,1745089129.0675952,394656.48922641133,4438783.056406525,0.0006752504343041748,0
actual,1745089129.1676066,394656.48937339993,4438783.056505374,0.0006602056961517719,0
actual,1745089129.267567,394656.4887569046,4438783.056194379,0.0006925466471914225,0
actual,1745089129.3675504,394656.48873625824,4438783.05632436,0.000669124328629516,0
actual,1745089129.4675572,394656.48870945646,4438783.056427512,0.0006494195613746445,0
actual,1745089129.5675812,394656.48867888795,4438783.056536958,0.000626904814023964,0
actual,1745089129.6674378,394656.4886790021,4438783.056653236,0.0006293133683915878,0
actual,1745089129.7674882,394656.490004936,4438783.055792245,0.0007069281602277578,0
actual,1745089129.8675015,394656.49012938485,4438783.055734708,0.0007227757498357871,0
actual,1745089129.9676526,394656.49028148846,4438783.055755974,0.0007000166563899483,0
actual,1745089130.067547,394656.490403689,4438783.055790599,0.0006912201969597834,0
actual,1745089130.1676705,394656.490461836,4438783.055738143,0.0007002784557775825,0
actual,1745089130.2675655,394656.4885539379,4438783.056637039,0.0006671171999898296,0
actual,1745089130.367602,394656.48844920215,4438783.056722841,0.0006804340621824079,0
actual,1745089130.4676013,394656.48831755406,4438783.056757668,0.0006627189702747471,0
actual,1745089130.5675125,394656.4881800598,4438783.056826272,0.000685635143353365,0
actual,1745089130.6674664,394656.4880527507,4438783.056918801,0.0006925466471914225,0
actual,1745089130.7675366,394656.4896652575,4438783.056288387,0.0006882880438163952,0
actual,1745089130.8674858,394656.4897202589,4438783.056310664,0.0006845704925098562,0
actual,1745089130.9676025,394656.48976222984,4438783.056324011,0.0006981491540903168,0
actual,1745089131.06748,394656.4898171326,4438783.0563008515,0.0007117278156707776,0
actual,1745089131.1680539,394656.4898518625,4438783.056306599,0.0006913598233000865,0
actual,1745089131.2674675,394656.48842842696,4438783.055950613,0.000689352694660152,0
actual,1745089131.3674846,394656.48824920517,4438783.055902216,0.0006791076119510169,0
actual,1745089131.4675117,394656.48809564667,4438783.055883038,0.0006796312107265333,0
actual,1745089131.5677056,394656.4880273969,4438783.055819037,0.0007131938922424716,0
actual,1745089131.6675658,394656.4878495789,4438783.0558240535,0.0006850940912853726,0
actual,1745089131.7676966,394656.4876164702,4438783.055840851,0.0006676582520578219,0
actual,1745089131.8675828,394656.4882192826,4438783.056458938,0.0006747093822359344,0
actual,1745089131.9675913,394656.48816212703,4438783.056484142,0.000712530667126652,0
actual,1745089132.0675292,394656.4881170746,4438783.0565941045,0.0006912201969597834,0
actual,1745089132.1674795,394656.4880580206,4438783.0566674685,0.0007030709825809157,0
actual,1745089132.2674594,394656.48843968834,4438783.05659896,0.0007281164573470473,0
actual,1745089132.3675237,394656.4884776165,4438783.0566467475,0.0007138571173582912,0
actual,1745089132.467576,394656.4885315349,4438783.056725997,0.0006748490085762375,0
actual,1745089132.5675275,394656.4885599906,4438783.056821531,0.0006888290958846355,0
actual,1745089132.667528,394656.48860664683,4438783.056928436,0.0006660525491460727,0
actual,1745089132.7675438,394656.4894434988,4438783.055991554,0.0006783047604951422,0
actual,1745089132.8674831,394656.4895552312,4438783.0560208475,0.0006663143485339549,0
actual,1745089132.9675224,394656.48963179655,4438783.056025502,0.0006590014189679601,0
actual,1745089133.067514,394656.4897147295,4438783.056022435,0.0006512696103818001,0
actual,1745089133.167601,394656.4898392556,4438783.056036129,0.0006296973408270492,0
actual,1745089133.267561,394656.4887215954,4438783.056062996,0.0006821619381419844,0
actual,1745089133.367606,394656.4886985421,4438783.056091249,0.0006653893240302531,0
actual,1745089133.4675515,394656.48865785444,4438783.056140993,0.0006567324909403914,0
actual,1745089133.5675788,394656.4885696692,4438783.056238619,0.0006222447849209993,0
actual,1745089133.667466,394656.48840048275,4438783.05631923,0.0005968153377194063,0
actual,1745089133.7676117,394656.48833706236,4438783.055691184,0.0006452831310474443,0
actual,1745089133.8676324,394656.4882923952,4438783.055654527,0.0007106631648270207,0
actual,1745089133.9676416,394656.4884259653,4438783.05570128,0.000669124328629516,0
actual,1745089134.0675783,394656.48865876434,4438783.055820462,0.0006864379948094876,0
actual,1745089134.167569,394656.4890265211,4438783.055957913,0.0006591410453082631,0
actual,1745089134.2675095,394656.4891803195,4438783.05595008,0.0006724404542083657,0
actual,1745089134.3674958,394656.48937289,4438783.055929369,0.0006697875537453355,0
actual,1745089134.4676385,394656.48926636006,4438783.056002988,0.0006801722627947737,0
actual,1745089134.5675313,394656.48892638914,4438783.056126796,0.0006695257543574533,0
actual,1745089134.6675324,394656.4885171542,4438783.056225718,0.0006520724618376747,0
actual,1745089134.7675657,394656.4881180637,4438783.056301215,0.000689352694660152,0
actual,1745089134.8675814,394656.4903458188,4438783.056562969,0.0007087956625273892,0
actual,1745089134.96761,394656.49055868114,4438783.05678669,0.0005752430681649034,0
actual,1745089135.0674982,394656.4907669534,4438783.057212679,0.00026591836483388367,0
actual,1745089135.1676884,394656.4908981061,4438783.0567601435,0.0008693834070034653,0
actual,1745089135.2675688,394656.48849958484,4438783.056976092,0.0008640601527849291,0
actual,1745089135.3677108,394656.4881400331,4438783.05702236,0.0009440834989887228,0
actual,1745089135.467492,394656.4878609249,4438783.057199718,0.0009117250946568445,0
actual,1745089135.5676694,394656.48756453866,4438783.057309595,0.000901078586219524,0
actual,1745089135.6675358,394656.4872514237,4438783.057409492,0.0008836427469922214,0
actual,1745089135.7676077,394656.48967214674,4438783.058384842,0.0006482152841905846,0
actual,1745089135.8675504,394656.4896681081,4438783.058497033,0.0006233094357647562,0
actual,1745089135.9675086,394656.4896686531,4438783.058553285,0.0006251769380643875,0
actual,1745089136.0674462,394656.4896966324,4438783.058600314,0.0006189112060496737,0
actual,1745089136.1676078,394656.48971470393,4438783.058662133,0.0006370277236855199,0
actual,1745089136.2674284,394656.489303906,4438783.058648314,0.0006832265889857411,0
actual,1745089136.3675346,394656.48929431627,4438783.058600573,0.000703612034648908,0
actual,1745089136.4674532,394656.4892796448,4438783.058575021,0.0006795090376789542,0
actual,1745089136.5676432,394656.48925097845,4438783.058537247,0.0006609910943151707,0
actual,1745089136.667456,394656.48925734044,4438783.058477979,0.0006407627282847828,0
actual,1745089136.7674851,394656.48863425094,4438783.057810944,0.0006954788003348108,0
actual,1745089136.8674757,394656.4885574182,4438783.057766273,0.0006946934021714121,0
actual,1745089136.9674861,394656.4884994172,4438783.057750604,0.0006675186257177669,0
actual,1745089137.0674908,394656.48843061656,4438783.057701222,0.0006484770835784669,0
actual,1745089137.1675117,394656.488376827,4438783.0576232,0.0006214419334651247,0
actual,1745089137.2674837,394656.4885308498,4438783.056076322,0.0007115881893307224,0
actual,1745089137.3675222,394656.488483423,4438783.055982037,0.0007024077574650962,0
actual,1745089137.4675446,394656.48839485,4438783.055881144,0.0006889512689322146,0
actual,1745089137.5674713,394656.4882734299,4438783.05578792,0.0006792472382910719,0
actual,1745089137.6674755,394656.48814364604,4438783.055721522,0.0006548649886407599,0
actual,1745089137.7675598,394656.4880020642,4438783.055646277,0.0006649878983023158,0
actual,1745089137.8675072,394656.4885515709,4438783.055588107,0.0006990741785937706,0
actual,1745089137.967627,394656.4885422655,4438783.055594943,0.0006832265889857411,0
actual,1745089138.0674398,394656.48855880403,4438783.055587791,0.0006584603668999677,0
actual,1745089138.1676059,394656.4885757575,4438783.055559289,0.0006442184802036875,0
actual,1745089138.267654,394656.48915657727,4438783.056087634,0.0006607292949275365,0
actual,1745089138.3675275,394656.4891870088,4438783.056090604,0.0006484770835784669,0
actual,1745089138.4674392,394656.4892193053,4438783.056088829,0.0006321058951946729,0
actual,1745089138.567498,394656.48929528176,4438783.0560748335,0.0006122615015994984,0
actual,1745089138.667479,394656.4893684493,4438783.056028316,0.0006335719717663671,0
actual,1745089138.7675803,394656.4891475729,4438783.056208433,0.0006725800805484208,0
actual,1745089138.8674855,394656.48920162785,4438783.056184761,0.0006723182811607866,0
actual,1745089138.967531,394656.48923485784,4438783.056131577,0.0006620557451589276,0
actual,1745089139.0675614,394656.489224265,4438783.0560451215,0.0006466095812788354,0
actual,1745089139.167484,394656.48936305963,4438783.055993913,0.0006458241831154367,0
actual,1745089139.2674844,394656.48922447726,4438783.057053034,0.0006446199059316248,0
actual,1745089139.3674831,394656.48917978356,4438783.0570506975,0.0006605896685872334,0
actual,1745089139.4675934,394656.4890901337,4438783.057082955,0.0006317044694667356,0
actual,1745089139.5675664,394656.4890418122,4438783.05716655,0.0006321058951946729,0
actual,1745089139.6674504,394656.489069968,4438783.057212155,0.0006378305751413945,0
actual,1745089139.7675736,394656.4889046169,4438783.057271122,0.0007138571173582912,0
actual,1745089139.8675365,394656.48911393713,4438783.056171894,0.0008230449153629409,0
actual,1745089139.967586,394656.48904721404,4438783.055899529,0.0009286373351086308,0
actual,1745089140.0675087,394656.4889354592,4438783.055934749,0.000902282863403584,0
actual,1745089140.1676376,394656.4888441679,4438783.055860957,0.0009379573933143121,0
actual,1745089140.2675302,394656.4900227111,4438783.0573833175,0.0007072074129081159,0
actual,1745089140.367534,394656.490045877,4438783.057564155,0.0006428920299720484,0
actual,1745089140.4674716,394656.490091418,4438783.057778251,0.0005518032963105211,0
actual,1745089140.5675037,394656.4900849315,4438783.058067794,0.00043556436812775874,0
actual,1745089140.6675596,394656.49016629404,4438783.0583162485,0.00030506609995599237,0
actual,1745089140.7675421,394656.48997273797,4438783.0580503605,0.0006496813607622788,0
actual,1745089140.8675168,394656.49008836393,4438783.058147227,0.0006423509779040561,0
actual,1745089140.9675512,394656.48985379544,4438783.058220263,0.0005231798965779055,0
actual,1745089141.0675619,394656.4898459112,4438783.058151296,0.0005322381553957046,0
actual,1745089141.1675668,394656.49021492223,4438783.058060853,0.0005382246347300603,0
actual,1745089141.2675395,394656.48865762725,4438783.058061895,0.0006303780192353446,0
actual,1745089141.3676744,394656.48840261623,4438783.058113657,0.0006408849013323619,0
actual,1745089141.4675636,394656.4880819671,4438783.058056339,0.0006611307206554738,0
actual,1745089141.5675583,394656.48779748275,4438783.05822494,0.0006082646976126013,0
actual,1745089141.6674833,394656.48761965486,4438783.058357913,0.0006361026991818181,0
actual,1745089141.767602,394656.4873900194,4438783.058376035,0.0006442184802036875,0
actual,1745089141.8677251,394656.48970891506,4438783.057061985,0.0006535385384093688,0
actual,1745089141.9675233,394656.49409621,4438783.056824464,0.0006623349978392857,0
actual,1745089142.067504,394656.50106410566,4438783.056663907,0.0004227711047106968,0
actual,1745089142.1676664,394656.5099505938,4438783.056168804,0.000508536584153688,0
actual,1745089142.2674878,394656.52253947966,4438783.055340467,0.0002990796206216366,0
actual,1745089142.367566,394656.5380724192,4438783.05470885,0.00020174260823811925,0
actual,1745089142.4674747,394656.5565049075,4438783.053969524,9.65341609278908e-05,0
actual,1745089142.5675812,394656.57890270883,4438783.053169286,-0.00010253809355472241,0
actual,1745089142.6674247,394656.60547189135,4438783.052165158,-0.00023088960674625121,0
actual,1745089142.7675064,394656.6360329246,4438783.05117284,-0.0004933522196612301,0
actual,1745089142.8674493,394656.67158628703,4438783.056158942,-0.0006603278691995992,0
actual,1745089142.9676108,394656.7123867408,4438783.055645124,-0.000855001893966882,0
actual,1745089143.0675468,394656.7585384437,4438783.055060826,-0.0011000112143618342,0
actual,1745089143.1675994,394656.8100666181,4438783.054196467,-0.0012135972420818143,0
actual,1745089143.2675102,394656.8655165214,4438783.0522349,-0.0014158634490954501,0
actual,1745089143.3675747,394656.9255497776,4438783.051121271,-0.0015016289285384413,0
actual,1745089143.4675007,394656.986469285,4438783.0498457765,-0.0016104153008151536,0
actual,1745089143.5675848,394657.0471591409,4438783.048566398,-0.0017644755138886336,0
actual,1745089143.6675587,394657.10797371116,4438783.0473058345,-0.001948363403878789,0
actual,1745089143.767558,394657.17239847034,4438783.04756333,-0.0021582217931385298,0
actual,1745089143.867552,394657.2370966678,4438783.046724234,-0.002357555847008777,0
actual,1745089143.9676394,394657.30368416,4438783.04577673,-0.002620158086264059,0
actual,1745089144.067541,394657.37248083233,4438783.044916888,-0.002981284161794194,0
actual,1745089144.167653,394657.443046271,4438783.043904373,-0.0031495862615639543,0
actual,1745089144.267504,394657.51528583776,4438783.042834639,-0.0034238996600998175,0
actual,1745089144.3674543,394657.5845601182,4438783.038742748,-0.0035894092330664928,0
actual,1745089144.4675176,394657.6600168692,4438783.037195182,-0.003550261497944384,0
actual,1745089144.5675473,394657.7372686322,4438783.03556196,-0.003269036595570463,0
actual,1745089144.6675453,394657.81654182635,4438783.033905751,-0.0025688803128404596,0
actual,1745089144.7676728,394657.8972801957,4438783.032421639,-0.001326380418345672,0
actual,1745089144.8674927,394657.9805104499,4438783.047845727,0.0008278445708059605,0
actual,1745089144.967451,394658.062966791,4438783.048793116,0.0035128416387816036,0
actual,1745089145.0674686,394658.1458336442,4438783.049941214,0.006708766391985834,0
actual,1745089145.1675577,394658.22900278686,4438783.051559663,0.010561161836742822,0
actual,1745089145.2674797,394658.3134553658,4438783.053682642,0.014542327673712,0
actual,1745089145.3675282,394658.3976380573,4438783.044104364,0.019254123242150954,0
actual,1745089145.4675298,394658.48358873284,4438783.045122586,0.024496149837345924,0
actual,1745089145.5675156,394658.56952066673,4438783.046713671,0.030078533089972152,0
actual,1745089145.6674478,394658.65527643147,4438783.0485005295,0.036207274211642784,0
actual,1745089145.767548,394658.7418272794,4438783.053397677,0.042270757472581424,0
actual,1745089145.867461,394658.8278855657,4438783.056920532,0.04835422475345529,0
actual,1745089145.967558,394658.91350349854,4438783.0610621665,0.05443194990108996,0
actual,1745089146.0675693,394658.9981240566,4438783.065882901,0.060231382299494346,0
actual,1745089146.1675832,394659.0813358207,4438783.071040221,0.06605331199195694,0
actual,1745089146.2674532,394659.1583143878,4438783.070993894,0.07172399145144161,0
actual,1745089146.3675885,394659.2293188083,4438783.075492407,0.07726509766725821,0
actual,1745089146.467465,394659.3147188555,4438783.0812032195,0.08273043914024582,0
actual,1745089146.567485,394659.3908467509,4438783.087062904,0.08756845692018903,0
actual,1745089146.6675742,394659.4660456669,4438783.093007402,0.09222007353601935,0
actual,1745089146.767596,394659.54475469224,4438783.096697557,0.09572094221613225,0
actual,1745089146.8675086,394659.61799051607,4438783.102788353,0.09814667062372394,0
actual,1745089146.967582,394659.6902546226,4438783.108901812,0.09928371772481309,0
actual,1745089147.0675635,394659.7617282102,4438783.115085253,0.09854455333330103,0
actual,1745089147.1676352,394659.83236213797,4438783.120996468,0.09687741483179617,0
actual,1745089147.2674851,394659.89849971014,4438783.127448155,0.09401463852621231,0
actual,1745089147.3675392,394659.9664710291,4438783.1331741875,0.090503542216683,0
actual,1745089147.4674573,394660.0337656013,4438783.1389380805,0.08627164237937215,0
actual,1745089147.5675604,394660.09998328984,4438783.144227395,0.08123586134188548,0
actual,1745089147.6675436,394660.1646266676,4438783.1487344615,0.07583724380620158,0
actual,1745089147.7676294,394660.22735940496,4438783.152860825,0.06967867500761452,0
actual,1745089147.8684077,394660.2848989549,4438783.1594916005,0.06287243197690462,0
actual,1745089147.9675784,394660.3418641146,4438783.163109589,0.05549309263301005,0
actual,1745089148.067531,394660.3958280413,4438783.166036796,0.047886040181607775,0
actual,1745089148.1675124,394660.44664418383,4438783.168456676,0.03963408857159352,0
actual,1745089148.2674665,394660.49484848994,4438783.1702489145,0.03145339875493834,0
actual,1745089148.3675258,394660.54570612736,4438783.173136912,0.023038206499984976,0
actual,1745089148.46751,394660.58909451286,4438783.174658357,0.014575087503772064,0
actual,1745089148.567631,394660.62993909384,4438783.175396926,0.006592928889531009,0
actual,1745089148.667653,394660.6687499766,4438783.176244064,-0.0016691281768523268,0
actual,1745089148.7675738,394660.70602297003,4438783.176661023,-0.01005290450526974,0
actual,1745089148.8674712,394660.7382867134,4438783.1765289465,-0.018740123777438673,0
actual,1745089148.967496,394660.7722569194,4438783.176456027,-0.02748356010481453,0
actual,1745089149.0675035,394660.8044334202,4438783.17635911,-0.03635227616589847,0
actual,1745089149.1674788,394660.8346672032,4438783.175985313,-0.04506494233856172,0
actual,1745089149.2674854,394660.85935095925,4438783.177308768,-0.05358186983561368,0
actual,1745089149.3676164,394660.8854273704,4438783.176865856,-0.062225420969897846,0
actual,1745089149.467632,394660.91004758625,4438783.176678004,-0.070839022254218,0
actual,1745089149.5676935,394660.93342787336,4438783.175852198,-0.07812009956122534,0
actual,1745089149.6674635,394660.9548211957,4438783.175683842,-0.08559452444276859,0
actual,1745089149.7674804,394660.97400159284,4438783.171951259,-0.09211102536435477,0
actual,1745089149.8675036,394660.991764754,4438783.170737737,-0.09776891156042238,0
actual,1745089149.9676776,394661.0075316494,4438783.1703328015,-0.10316513799503088,0
actual,1745089150.0674603,394661.02066582895,4438783.1697425535,-0.1073237863636352,0
actual,1745089150.1681728,394661.0309914776,4438783.169476766,-0.1107811090789109,0
actual,1745089150.2675571,394661.0393677549,4438783.169651309,-0.11381578286252347,0
actual,1745089150.3675325,394661.0435013316,4438783.169785765,-0.11624990630381739,0
actual,1745089150.4674873,394661.05031439615,4438783.170063603,-0.1185041386591083,0
actual,1745089150.5676243,394661.0564284847,4438783.170659405,-0.12056423804169966,0
actual,1745089150.6675,394661.0620353661,4438783.170802859,-0.12198130576797893,0
actual,1745089150.7675464,394661.0672130764,4438783.1710936185,-0.12317493644341798,0
actual,1745089150.867479,394661.0726521231,4438783.164969727,-0.12432940193044197,0
actual,1745089150.9674644,394661.07709265524,4438783.164769617,-0.12538202745561225,0
actual,1745089151.0675738,394661.0807189088,4438783.164445251,-0.1262833678412199,0
actual,1745089151.1675322,394661.08395828825,4438783.1640597265,-0.12706328567076605,0
actual,1745089151.267453,394661.0870688755,4438783.163648267,-0.12777766638689986,0
actual,1745089151.3675268,394661.0888711701,4438783.162863259,-0.12833453113804105,0
actual,1745089151.4674063,394661.09160333534,4438783.162845546,-0.12896864416187565,0
actual,1745089151.5675216,394661.0940254754,4438783.162512355,-0.12937090764787534,0
actual,1745089151.6674366,394661.0959035108,4438783.162264367,-0.1298022134126281,0
actual,1745089151.7675583,394661.09766222636,4438783.162137806,-0.1301721184942959,0
actual,1745089151.8677082,394661.09918611473,4438783.161842341,-0.13033310766449968,0
actual,1745089151.9675128,394661.1052281299,4438783.160388798,-0.13072072783807515,0
actual,1745089152.0674295,394661.10762434953,4438783.160150608,-0.13098851370520867,0
actual,1745089152.167511,394661.11011898797,4438783.15964645,-0.1311937120653657,0
actual,1745089152.2674577,394661.1125740469,4438783.158957907,-0.13140929513457192,0
actual,1745089152.367697,394661.11167564534,4438783.157072807,-0.13150277496930884,0
actual,1745089152.467495,394661.113553649,4438783.156499574,-0.13167893105071257,0
actual,1745089152.5675983,394661.11558120546,4438783.155608997,-0.13184231132199176,0
actual,1745089152.6675513,394661.1177669394,4438783.154748696,-0.13195896912919516,0
actual,1745089152.7676055,394661.11995120696,4438783.154053945,-0.13220305342508643,0
actual,1745089152.8675437,394661.1232947241,4438783.155524151,-0.13221450278497962,0
actual,1745089152.9675615,394661.12577578967,4438783.154966311,-0.132469896814424,0
actual,1745089153.0674627,394661.1284426293,4438783.154260756,-0.1325296743413047,0
actual,1745089153.167574,394661.13076768664,4438783.153318981,-0.1322428643853246,0
actual,1745089153.2675364,394661.1328299823,4438783.152741148,-0.13232515665955596,0
actual,1745089153.367643,394661.1338894185,4438783.158146314,-0.1321134307679966,0
actual,1745089153.467651,394661.1359625835,4438783.158387667,-0.13221689388605476,0
actual,1745089153.5675735,394661.1381418451,4438783.158557396,-0.13224206153386847,0
actual,1745089153.6675313,394661.14025626396,4438783.1586844195,-0.13214671419683216,0
actual,1745089153.7675426,394661.1422727914,4438783.159025119,-0.13226190592746365,0
actual,1745089153.8674612,394661.1403367949,4438783.156786074,-0.13217628007436097,0
actual,1745089153.9675686,394661.141629991,4438783.15677521,-0.13224525548639973,0
actual,1745089154.067531,394661.14297697815,4438783.156961241,-0.13252702144084166,0
actual,1745089154.1675563,394661.144338493,4438783.156951104,-0.13263287565997522,0
actual,1745089154.267516,394661.14741014794,4438783.155095432,-0.13210597821209052,0
actual,1745089154.367538,394661.14908538957,4438783.155026385,-0.1323528550347851,0
actual,1745089154.4675071,394661.15066987125,4438783.154608983,-0.13219612446795614,0
actual,1745089154.567556,394661.15230811585,4438783.154419484,-0.13226708955534214,0
actual,1745089154.667555,394661.15386543673,4438783.154223389,-0.1322842635951818,0
actual,1745089154.76754,394661.15353427024,4438783.1549961995,-0.1325444572800692,0
actual,1745089154.8675754,394661.1538748129,4438783.1550472975,-0.1326173073230473,0
actual,1745089154.9675686,394661.1540414153,4438783.154997128,-0.13251250030146502,0
actual,1745089155.0675876,394661.15413488063,4438783.155114037,-0.13258547251749095,0
actual,1745089155.1675887,394661.1540806197,4438783.155163643,-0.13254885550978404,0
actual,1745089155.2675614,394661.15965533786,4438783.152994068,-0.13265991081008857,0
actual,1745089155.3675826,394661.15979238955,4438783.152903131,-0.13262475987895336,0
actual,1745089155.4674535,394661.1598254812,4438783.152817809,-0.13259398972424075,0
actual,1745089155.5675628,394661.1597923936,4438783.1528143305,-0.13265577437976137,0
actual,1745089155.6674657,394661.15964473947,4438783.152735345,-0.13262009984985065,0
actual,1745089155.7676404,394661.1594346451,4438783.15269704,-0.1326491246753112,0
actual,1745089155.867648,394661.1635704895,4438783.152250985,-0.13271743686223442,0
actual,1745089155.9676375,394661.16353693145,4438783.1522636935,-0.1327316787489307,0
actual,1745089156.0676086,394661.1634921503,4438783.152232804,-0.13273087589747457,0
actual,1745089156.1676295,394661.1634757017,4438783.152249005,-0.1327890651747362,0
actual,1745089156.2675934,394661.1650265225,4438783.152241455,-0.132730212672359,0
actual,1745089156.3675911,394661.1651029204,4438783.152214305,-0.13273181837527073,0
actual,1745089156.467578,394661.16521952,4438783.152235865,-0.13275632279796865,0
actual,1745089156.5675833,394661.1653286164,4438783.152231268,-0.13274766596487877,0
actual,1745089156.6676445,394661.1654209126,4438783.152217252,-0.13275871389904403,0
actual,1745089156.7675667,394661.16553339094,4438783.152160161,-0.1327673707321339,0
actual,1745089156.8675315,394661.1664097932,4438783.151342971,-0.13272701871982773,0
actual,1745089156.9675415,394661.16648911795,4438783.15133153,-0.13272555264325603,0
actual,1745089157.0675387,394661.16667073534,4438783.151322498,-0.13276536360349395,0
actual,1745089157.1675215,394661.16693491745,4438783.151270693,-0.13275218636764144,0
actual,1745089157.2675261,394661.1682427447,4438783.152466628,-0.13267628199847237,0
actual,1745089157.367576,394661.1683314409,4438783.152584202,-0.13268214630475889,0
actual,1745089157.467511,394661.16852864437,4438783.15271216,-0.1326808198545275,0
actual,1745089157.5675578,394661.1687898693,4438783.152816516,-0.13271717506284653,0
actual,1745089157.6675134,394661.1688198205,4438783.152912655,-0.13276031960195578,0
actual,1745089157.7676015,394661.1683098027,4438783.151738185,-0.132606119762542,0
actual,1745089157.8675165,394661.1690922709,4438783.151599122,-0.13265645505816967,0
actual,1745089157.9675632,394661.16956436844,4438783.151589711,-0.13266909124195395,0
actual,1745089158.0675201,394661.16953212355,4438783.151758315,-0.13271104895717212,0
actual,1745089158.1675754,394661.1697227774,4438783.151792816,-0.1327375430552172,0
actual,1745089158.2675421,394661.1698662001,4438783.152131208,-0.13273874733240104,0
actual,1745089158.36754,394661.17020726355,4438783.15207659,-0.1327343491026862,0
actual,1745089158.467597,394661.1704014707,4438783.152066945,-0.1327568463967444,0
actual,1745089158.5676298,394661.17058986455,4438783.152118512,-0.13275072029106974,0
actual,1745089158.6679256,394661.17088682915,4438783.152171053,-0.1327343491026862,0
actual,1745089158.7678516,394661.169864224,4438783.151322745,-0.1327243658193647,0
actual,1745089158.8677363,394661.16980846797,4438783.151157989,-0.13272408656668433,0
actual,1745089158.9675872,394661.16977061075,4438783.151083449,-0.1327407370077485,0
actual,1745089159.0675147,394661.1698063025,4438783.15105271,-0.13276630608129014,0
actual,1745089159.167556,394661.16979558754,4438783.150987367,-0.1327808097673743,0
actual,1745089159.2674987,394661.17115951946,4438783.151971407,-0.13271289900617902,0
actual,1745089159.367539,394661.1713266654,4438783.151998383,-0.13268827241043354,0
actual,1745089159.4675124,394661.17153885175,4438783.152034779,-0.1326687072695185,0
actual,1745089159.5675554,394661.1717669625,4438783.152096027,-0.13269172816235245,0
actual,1745089159.6674974,394661.17201692396,4438783.152111405,-0.13265991081008857,0
actual,1745089159.7676983,394661.1723162952,4438783.1521389345,-0.13265073037822295,0
actual,1745089159.8676891,394661.1693282771,4438783.152833788,-0.13267469374885285,0
actual,1745089159.967529,394661.169311964,4438783.152893314,-0.13268841203677362,0
actual,1745089160.0675511,394661.1693177129,4438783.152953966,-0.13269293243953628,0
actual,1745089160.167581,394661.1693072788,4438783.152997232,-0.13267362909800934,0
actual,1745089160.267674,394661.1688214287,4438783.150996214,-0.13267656125115249,0
actual,1745089160.3676026,394661.1688100317,4438783.150911755,-0.13269998356971438,0
actual,1745089160.4675846,394661.1687834144,4438783.150805579,-0.13268240810414678,0
actual,1745089160.5675557,394661.16878380626,4438783.150767333,-0.13270185107201402,0
actual,1745089160.6675136,394661.16884722555,4438783.150754654,-0.13275565957285307,0
actual,1745089160.7675142,394661.16966354277,4438783.150956236,-0.13273834590667308,0
actual,1745089160.8674936,394661.1697657794,4438783.15098351,-0.1327734968378083,0
actual,1745089160.967519,394661.1697716529,4438783.1510503255,-0.13276564285617432,0
actual,1745089161.0675974,394661.1698109824,4438783.151053981,-0.13274180165859226,0
actual,1745089161.1676028,394661.16996008664,4438783.151143879,-0.13276031960195578,0
actual,1745089161.2676053,394661.17021356383,4438783.151242816,-0.13277335721146824,0
actual,1745089161.3680367,394661.1696154343,4438783.152004596,-0.1327167736371186,0
actual,1745089161.4676995,394661.1697995168,4438783.152036597,-0.13273354625123032,0
actual,1745089161.5676222,394661.1699070338,4438783.152200427,-0.13274752633853873,0
actual,1745089161.6676152,394661.1700950997,4438783.152391817,-0.13275497889444476,0
actual,1745089161.7675068,394661.17026497616,4438783.152476201,-0.13278374192051745,0
actual,1745089161.867527,394661.1691602742,4438783.151622199,-0.13272968907358323,0
actual,1745089161.9676824,394661.16913315124,4438783.151590654,-0.1327138414839752,0
actual,1745089162.0675755,394661.16908395244,4438783.1516004065,-0.1327440705866198,0
actual,1745089162.1676073,394661.16922530445,4438783.151521213,-0.13271450470909102,0
actual,1745089162.2676013,394661.16848503635,4438783.152100912,-0.13274525741051116,0
actual,1745089162.3677044,394661.1684995636,4438783.152095857,-0.13267415269678484,0
actual,1745089162.4674819,394661.16847339907,4438783.152252073,-0.1327455366631915,0
actual,1745089162.5677547,394661.1685913727,4438783.152269008,-0.1326997217703265,0
actual,1745089162.6676033,394661.1690910036,4438783.152337382,-0.13271197398167556,0
actual,1745089162.7676075,394661.1685516923,4438783.151086161,-0.13293034957768513,0
actual,1745089162.8674855,394661.16800735274,4438783.151125868,-0.13275750962185998,0
actual,1745089162.9676056,394661.16784961364,4438783.150933347,-0.13267403052373727,0
actual,1745089163.0675285,394661.1679108791,4438783.150834656,-0.1326870681332495,0
actual,1745089163.1676066,394661.16753553523,4438783.151081809,-0.13263900176564963,0
actual,1745089163.2675343,394661.1690611962,4438783.149794222,-0.1326571182832855,0
actual,1745089163.367743,394661.1676040488,4438783.149714,-0.13265778150840105,0
actual,1745089163.4676645,394661.1647823735,4438783.150072324,-0.13268547988363022,0
actual,1745089163.5676675,394661.160570042,4438783.150647648,-0.13270823897707631,0
actual,1745089163.6675894,394661.1546274278,4438783.151476539,-0.13282622323451113,0
actual,1745089163.767555,394661.14716788864,4438783.155104292,-0.13286669741986487,0
actual,1745089163.8675373,394661.13726455695,4438783.157014366,-0.13295804795291427,0
actual,1745089163.9675038,394661.1246833901,4438783.1592697585,-0.1330499220847392,0
actual,1745089164.067509,394661.1087938708,4438783.162112877,-0.13316258308795548,0
actual,1745089164.167486,394661.0887337566,4438783.165605096,-0.13327163125962008,0
actual,1745089164.2676134,394661.0635958983,4438783.169903344,-0.13337310470233105,0
actual,1745089164.3674963,394661.0309046531,4438783.171884299,-0.13348016319864842,0
actual,1745089164.4674892,394660.993652332,4438783.177516419,-0.13362331510389694,0
actual,1745089164.5675023,394660.9495544381,4438783.184196525,-0.1337515444440409,0
actual,1745089164.6675553,394660.89814440126,4438783.191977867,-0.13387005230025123,0
actual,1745089164.7675457,394660.8367851501,4438783.197333764,-0.13387563735385766,0
actual,1745089164.8675323,394660.76923023444,4438783.206998138,-0.13385900436608622,0
actual,1745089164.967558,394660.69342153857,4438783.218013147,-0.1337285060979147,0
actual,1745089165.067512,394660.6088666223,4438783.230412774,-0.13343049112813657,0
actual,1745089165.1677754,394660.5160087635,4438783.243779443,-0.13273941055751684,0
actual,1745089165.2676258,394660.4162409219,4438783.258327832,-0.13192687252425092,0
actual,1745089165.3675425,394660.3090874986,4438783.273732308,-0.1305552182651085,0
actual,1745089165.467971,394660.20725703076,4438783.289027715,-0.12900178796437092,0
actual,1745089165.5675452,394660.0770125125,4438783.308384421,-0.12741455063602228,0
actual,1745089165.6675627,394659.95345349505,4438783.3255651975,-0.1253334200359444,0
actual,1745089165.7675292,394659.8257438032,4438783.342962622,-0.12316214318000068,0
actual,1745089165.8674664,394659.69110803585,4438783.352620221,-0.12078779726558769,0
actual,1745089165.9675403,394659.55374732486,4438783.370118708,-0.11868324434694791,0
actual,1745089166.0675025,394659.41076062573,4438783.387311208,-0.11640277969299954,0
actual,1745089166.167698,394659.26319350314,4438783.404883816,-0.1138474780417398,0
actual,1745089166.2674975,394659.1103927352,4438783.420706428,-0.11101493083880054,0
actual,1745089166.3676274,394658.955683256,4438783.437936249,-0.10709143068031725,0
actual,1745089166.4675567,394658.8007341124,4438783.454419153,-0.1021322346904082,0
actual,1745089166.5675561,394658.6469644208,4438783.47081567,-0.09762349072714603,0
actual,1745089166.6675313,394658.4944711105,4438783.48615834,-0.09301222612362187,0
actual,1745089166.7676194,394658.3434705633,4438783.500124121,-0.08821189000222932,0
actual,1745089166.867564,394658.1865930849,4438783.51140377,-0.08375575026262239,0
actual,1745089166.9676878,394658.0382426463,4438783.5226179315,-0.07883303165407994,0
actual,1745089167.0676153,394657.89225347736,4438783.533217431,-0.07436851433406351,0
actual,1745089167.167643,394657.74755548406,4438783.543235156,-0.07034141143118174,0
actual,1745089167.267631,394657.6113292018,4438783.557379638,-0.06640606048707758,0
actual,1745089167.3676605,394657.47054938046,4438783.566549593,-0.0634596654570307,0
actual,1745089167.467643,394657.3314689334,4438783.575295397,-0.06127906854288155,0
actual,1745089167.5675678,394657.19438542705,4438783.583358042,-0.059371441123744144,0
actual,1745089167.667559,394657.0587582123,4438783.590833936,-0.05783600516759486,0
actual,1745089167.7675803,394656.92488563294,4438783.598095935,-0.05642186959445898,0
actual,1745089167.8675616,394656.787734668,4438783.605885548,-0.05529733650410653,0
actual,1745089167.967547,394656.65701789653,4438783.612538377,-0.0539698914349171,0
actual,1745089168.0674796,394656.52793246193,4438783.6190677555,-0.05270182246688067,0
actual,1745089168.1675477,394656.40056725184,4438783.625248994,-0.05178370946716153,0
actual,1745089168.2675066,394656.27407167084,4438783.6375714205,-0.05049846645928543,0
actual,1745089168.3675935,394656.1510425596,4438783.643683687,-0.049839465040317464,0
actual,1745089168.4674726,394656.03064545046,4438783.650069025,-0.049580877058341806,0
actual,1745089168.5675402,394655.9136273942,4438783.655883913,-0.04961562656374908,0
actual,1745089168.6675143,394655.800329553,4438783.660919694,-0.04960429937690371,0
actual,1745089168.7675636,394655.69081172015,4438783.6663334975,-0.050046251650093763,0
actual,1745089168.867526,394655.5824867889,4438783.672820807,-0.0503567806306086,0
actual,1745089168.9675689,394655.48035690456,4438783.677887374,-0.05064973414555582,0
actual,1745089169.0674875,394655.38242391637,4438783.682650642,-0.050981817942332676,0
actual,1745089169.1675334,394655.2885971625,4438783.687026701,-0.051296204100494354,0
actual,1745089169.267478,394655.20180952153,4438783.691469855,-0.051492082402445696,0
actual,1745089169.3676066,394655.11730329134,4438783.695363905,-0.05173164629557453,0
actual,1745089169.4675255,394655.03863504523,4438783.699064945,-0.05213549803119351,0
actual,1745089169.5675182,394654.9666182328,4438783.701948412,-0.05228943607121941,0
actual,1745089169.667547,394654.90190136066,4438783.704615244,-0.05254509190005143,0
actual,1745089169.7675674,394654.84515690827,4438783.706972949,-0.052875866699889376,0
actual,1745089169.8674943,394654.79271450534,4438783.714024588,-0.05280249305813576,0
actual,1745089169.9676359,394654.7519933849,4438783.715690566,-0.0530453730768432,0
actual,1745089170.0674875,394654.7194102135,4438783.716955922,-0.05314696869260174,0
actual,1745089170.1675577,394654.694879559,4438783.717617668,-0.05327107905571097,0
actual,1745089170.2675152,394654.68247151346,4438783.720805859,-0.053281725564148286,0
actual,1745089170.3675368,394654.6739836013,4438783.7208891,-0.05323458422105189,0
actual,1745089170.4675813,394654.6729991537,4438783.720743356,-0.053257500394130505,0
actual,1745089170.5675802,394654.6747236928,4438783.72051613,-0.053392117639336996,0
actual,1745089170.667518,394654.67494328006,4438783.720065281,-0.05325842541863421,0
actual,1745089170.767537,394654.67459096597,4438783.719880377,-0.053299178856668315,0
actual,1745089170.8675234,394654.6780823802,4438783.722025764,-0.05322114518581148,0
actual,1745089170.9675488,394654.6787302898,4438783.722484556,-0.05331342074336434,0
actual,1745089171.0675437,394654.67937011184,4438783.722796667,-0.05323486347373225,0
actual,1745089171.1675901,394654.67974377284,4438783.723209579,-0.05326282364834904,0
actual,1745089171.2675095,394654.6738949842,4438783.725270205,-0.05324245565597835,0
actual,1745089171.3676035,394654.67353951285,4438783.726192178,-0.053237254574807394,0
actual,1745089171.4676166,394654.6731341924,4438783.727262766,-0.05327867123795732,0
actual,1745089171.5675728,394654.67263114115,4438783.728294429,-0.053246836432400954,0
actual,1745089171.6674767,394654.6721030193,4438783.7294931915,-0.053252700738687486,0
actual,1745089171.7676015,394654.6716443756,4438783.730881145,-0.05328013731452901,0
actual,1745089171.8675098,394654.6757295886,4438783.724105752,-0.05335909600988905,0
actual,1745089171.9674933,394654.6760011945,4438783.72416005,-0.05318292247519283,0
actual,1745089172.0675163,394654.67628900334,4438783.72439245,-0.053141523265335625,0
actual,1745089172.167635,394654.67656152183,4438783.724760886,-0.053171211315912,0
actual,1745089172.2675848,394654.67589096504,4438783.723754376,-0.05316681308619692,0
actual,1745089172.3675659,394654.67595196527,4438783.723937589,-0.05321128407553781,0
actual,1745089172.467506,394654.6760461267,4438783.724087108,-0.05320583864827144,0
actual,1745089172.568252,394654.67611178925,4438783.724246281,-0.05321009725164647,0
actual,1745089172.6675231,394654.67627953086,4438783.724476351,-0.05321554267891259,0
actual,1745089172.7689772,394654.6760217786,4438783.722733932,-0.05323486347373225,0
actual,1745089172.8675241,394654.6760951393,4438783.7227773685,-0.05325577251817118,0
actual,1745089172.967543,394654.67617177183,4438783.722813952,-0.053239383876494906,0
actual,1745089173.0674827,394654.67628866574,4438783.722922598,-0.05325762256717833,0
actual,1745089173.1676037,394654.6764237081,4438783.723107957,-0.05329238952587784,0
actual,1745089173.2675116,394654.67535815353,4438783.722017501,-0.05337094679551018,0
actual,1745089173.3675847,394654.6754567426,4438783.722225946,-0.05350716974362842,0
actual,1745089173.4676063,394654.6754735663,4438783.72229484,-0.05347001168385328,0
actual,1745089173.567646,394654.6754706284,4438783.7221702775,-0.05327533765908599,0
actual,1745089173.6674874,394654.67548260104,4438783.722241816,-0.05324165280452248,0
actual,1745089173.7676342,394654.6750964563,4438783.722657369,-0.05319650113677329,0
actual,1745089173.8676121,394654.67508171045,4438783.722756228,-0.05319877006480086,0
actual,1745089173.967919,394654.6751280433,4438783.722919338,-0.05318931038025512,0
actual,1745089174.067476,394654.6752820413,4438783.723081963,-0.05318067100045774,0
actual,1745089174.1677244,394654.67547177547,4438783.723209385,-0.05316601023474104,0
actual,1745089174.2675908,394654.67390747747,4438783.722833298,-0.05325563289183088,0
actual,1745089174.367527,394654.6739053887,4438783.7230646815,-0.05329451882756535,0
actual,1745089174.4675589,394654.67400186404,4438783.723213354,-0.05327587871115399,0
actual,1745089174.5676272,394654.6742091307,4438783.723499728,-0.0533259347541013,0
actual,1745089174.6675382,394654.6744336916,4438783.723836705,-0.05335164345398325,0
actual,1745089174.7676387,394654.67464441975,4438783.724228491,-0.053366426392747524,0
actual,1745089174.8675897,394654.67314815207,4438783.723158861,-0.05322700949209826,0
actual,1745089174.967567,394654.6729007681,4438783.723234141,-0.05322287306177106,0
actual,1745089175.0675402,394654.6726020569,4438783.72337779,-0.05318985143232336,0
actual,1745089175.1676006,394654.67239409673,4438783.72370166,-0.05324830250897265,0
actual,1745089175.2676828,394654.674658346,4438783.724082813,-0.0533286051078568,0
actual,1745089175.3677027,394654.6747310702,4438783.724132985,-0.05331328111702429,0
actual,1745089175.4674842,394654.6748743819,4438783.724211479,-0.053294920253293285,0
actual,1745089175.5675435,394654.6750137493,4438783.724329313,-0.05328825309555064,0
actual,1745089175.667503,394654.6751668831,4438783.7244975045,-0.05330396105881861,0
actual,1745089175.767581,394654.6753052324,4438783.724684785,-0.05329598490413704,0
actual,1745089175.8676138,394654.6744695586,4438783.725221967,-0.0532259448412545,0
actual,1745089175.9677472,394654.6746561794,4438783.725326742,-0.053180932799845614,0
actual,1745089176.0676208,394654.67508038227,4438783.725490369,-0.05317999032204944,0
actual,1745089176.167744,394654.6756037883,4438783.725617665,-0.05318665747979209,0
actual,1745089176.2679443,394654.6759383454,4438783.725882469,-0.053298515631552495,0
actual,1745089176.3675878,394654.67430288554,4438783.724876975,-0.05338838263473773,0
actual,1745089176.4675255,394654.67327760346,4438783.724857146,-0.053246312833625194,0
actual,1745089176.567783,394654.67274801707,4438783.724872531,-0.0531951746865419,0
actual,1745089176.6689744,394654.67261998955,4438783.72515539,-0.05334031626713763,0
actual,1745089176.7675638,394654.6724521619,4438783.725348643,-0.053296909928640494,0
actual,1745089176.867555,394654.67398323026,4438783.72371766,-0.05329970245544383,0
actual,1745089176.9675643,394654.6739297602,4438783.723661549,-0.053287328071047184,0
actual,1745089177.0675397,394654.67390582047,4438783.723710397,-0.05328505914301961,0
actual,1745089177.1676445,394654.6739508606,4438783.723687545,-0.0532648133236965,0
actual,1745089177.2680516,394654.6740034231,4438783.7238463545,-0.05329265132526572,0
actual,1745089177.3676486,394654.6739103129,4438783.723487201,-0.05323685314907946,0
actual,1745089177.4676821,394654.6739415256,4438783.723462231,-0.053231791694248805,0
actual,1745089177.567697,394654.6739593936,4438783.72356483,-0.05325296253807537,0
actual,1745089177.667504,394654.6740300572,4438783.723760728,-0.05327441263458229,0
actual,1745089177.7675834,394654.67423140525,4438783.723806759,-0.053270677629983026,0
actual,1745089177.867627,394654.6756440243,4438783.723309927,-0.053231791694248805,0
actual,1745089177.9678469,394654.6760506877,4438783.723352591,-0.05325097286272816,0
actual,1745089178.0675733,394654.67649669945,4438783.723341947,-0.05328572236813543,0
actual,1745089178.1675122,394654.6767647095,4438783.723317864,-0.053266558652948305,0
actual,1745089178.2677133,394654.67703148536,4438783.723417939,-0.05330436248454655,0
actual,1745089178.3675106,394654.67590682243,4438783.724828705,-0.053277606587113564,0
actual,1745089178.4674933,394654.6760072242,4438783.7249765685,-0.053254568240987114,0
actual,1745089178.567534,394654.6761137375,4438783.725230235,-0.05326935117975164,0
actual,1745089178.6675482,394654.6762693473,4438783.725512852,-0.053294379201225296,0
actual,1745089178.7675977,394654.676431017,4438783.72581659,-0.053298236378872134,0
actual,1745089178.8675103,394654.67606206494,4438783.723252841,-0.05325643574328675,0
actual,1745089178.9675298,394654.67610842217,4438783.723262483,-0.053270817256323336,0
actual,1745089179.068868,394654.67619087634,4438783.723352225,-0.05327519803274569,0
actual,1745089179.1676123,394654.6762959013,4438783.723456291,-0.05329598490413704,0
actual,1745089179.2674847,394654.67527672293,4438783.723791629,-0.05327559945847363,0
actual,1745089179.3675318,394654.67532917974,4438783.723847032,-0.05327734478772568,0
actual,1745089179.4676023,394654.6753249704,4438783.72390743,-0.05330703283830205,0
actual,1745089179.5676093,394654.6753611075,4438783.724059983,-0.053297573153756314,0
actual,1745089179.6674879,394654.67549492023,4438783.72424046,-0.05334310879394097,0
actual,1745089179.7675781,394654.6749395635,4438783.7227522,-0.05321501908013707,0
actual,1745089179.8675323,394654.6749727146,4438783.72269545,-0.05322540378918651,0
actual,1745089179.9675026,394654.6750318093,4438783.722620796,-0.05319184110767057,0
actual,1745089180.0675397,394654.6750890132,4438783.722516701,-0.053181997450689376,0
actual,1745089180.167568,394654.67519419506,4438783.722460048,-0.05318145639862113,0
actual,1745089180.267498,394654.67401401594,4438783.7241056785,-0.053228196315989594,0
actual,1745089180.3675203,394654.6740473953,4438783.724234944,-0.053269874778527154,0
actual,1745089180.4674554,394654.6740750462,4438783.724391933,-0.05329038239723815,0
actual,1745089180.5674913,394654.67420408945,4438783.7245655535,-0.053284535544243845,0
actual,1745089180.6675317,394654.67437169154,4438783.724693915,-0.05329518205268117,0
actual,1745089180.7675838,394654.6748041463,4438783.724188728,-0.053246976058741013,0
actual,1745089180.8675485,394654.6748620208,4438783.724268058,-0.053246836432400954,0
actual,1745089180.9675143,394654.674961422,4438783.724322897,-0.0532472378581289,0
actual,1745089181.0675452,394654.6750540472,4438783.724409238,-0.05324737748446895,0
actual,1745089181.1675386,394654.67518815154,4438783.72448773,-0.053228859541105414,0
actual,1745089181.267527,394654.6755230821,4438783.724371297,-0.05326828652890788,2
actual,1745089181.367548,394654.6756346748,4438783.724473066,-0.053251374288456096,2
actual,1745089181.4675908,394654.6757908877,4438783.7245479915,-0.05325563289183088,2
actual,1745089181.567773,394654.6760279732,4438783.724687048,-0.053320611499882764,2
actual,1745089181.6676748,394654.67632396496,4438783.724770761,-0.053320611499882764,2
actual,1745089181.7675319,394654.6798901442,4438783.7247514045,-0.05341035633002018,2
actual,1745089181.8676405,394654.6834972267,4438783.723516792,-0.053315148619323925,2
actual,1745089181.9675822,394654.6963899939,4438783.722679428,-0.05336122531157656,2
actual,1745089182.0675416,394654.7150167069,4438783.7214328395,-0.05320569902193139,2
actual,1745089182.1676025,394654.7408715254,4438783.719718072,-0.053220743760083546,2
actual,1745089182.267668,394654.77334799647,4438783.716999414,-0.052952696093562394,2
actual,1745089182.3675344,394654.81738417526,4438783.713959882,-0.05278598224341166,2
actual,1745089182.4675734,394654.8715101626,4438783.71014078,-0.05251313492144749,2
actual,1745089182.5675292,394654.93699040887,4438783.70541444,-0.05213830801128932,2
actual,1745089182.6675644,394655.0145126895,4438783.699814849,-0.05178702559274038,2
actual,1745089182.7675707,394655.1047087411,4438783.697492669,-0.05109753327173992,2
actual,1745089182.8674705,394655.2067756534,4438783.691043782,-0.05056862869521554,3
actual,1745089182.9677286,394655.32277338597,4438783.68366774,-0.049994188478506764,3
actual,1745089183.0676699,394655.4525523002,4438783.675367587,-0.04915023451870489,3
actual,1745089183.1676219,394655.5965529081,4438783.666286803,-0.04828004826024555,3
actual,1745089183.2676373,394655.7521021545,4438783.66044959,-0.04714980794323911,3
actual,1745089183.3675013,394655.9240691348,4438783.650306091,-0.046065626865192576,3
actual,1745089183.4675972,394656.11036439904,4438783.639716575,-0.04501275699392714,3
actual,1745089183.5675697,394656.3108722353,4438783.628604932,-0.043454806290426924,4
actual,1745089183.6675212,394656.5260271872,4438783.61665817,-0.042070882366642935,4
actual,1745089183.7675502,394656.7320203846,4438783.605732314,-0.03993063746479995,4
actual,1745089183.8676045,394656.9994122722,4438783.596894122,-0.037926475884734905,4
actual,1745089183.9676282,394657.25797127816,4438783.584438175,-0.03595947236444475,4
actual,1745089184.0674658,394657.5288404242,4438783.571524293,-0.03387713748718282,5
actual,1745089184.1676295,394657.8027168393,4438783.559301573,-0.031218512344204943,5
actual,1745089184.267656,394658.07952306094,4438783.547502626,-0.027391284547261665,5
actual,1745089184.3676,394658.35476599436,4438783.537239213,-0.023475236944684428,6
actual,1745089184.4675255,394658.62944290304,4438783.528773814,-0.01981311729497989,6
actual,1745089184.5676124,394658.90321098,4438783.521230056,-0.015032485940842208,6
actual,1745089184.6675088,394659.176016166,4438783.514799186,-0.010613504261010178,6
actual,1745089184.767577,394659.45061556034,4438783.519306746,-0.006114621408021934,6
actual,1745089184.8675208,394659.72246645356,4438783.517218418,-0.0014410310969091608,6
actual,1745089184.9675672,394659.9928733702,4438783.516939872,0.0035382710859829486,6
actual,1745089185.0675128,394660.26310157694,4438783.517948484,0.008503610634859384,6
actual,1745089185.1675346,394660.5326093327,4438783.520721645,0.01360463207978557,0
actual,1745089185.2675138,394660.8005338032,4438783.52518072,0.01902588653586773,0
actual,1745089185.367652,394661.06580942124,4438783.519847339,0.026335203270172237,0
actual,1745089185.4676251,394661.3314467763,4438783.525725792,0.03476849458946872,0
actual,1745089185.5686543,394661.59739209706,4438783.533933525,0.04442458103600487,1
actual,1745089185.6676097,394661.8622039259,4438783.545008447,0.05578976369926406,9
actual,1745089185.7676086,394662.1252375576,4438783.559494508,0.06883791500034367,9
actual,1745089185.8676012,394662.3763973599,4438783.564468135,0.08388478245422246,9
actual,1745089185.967618,394662.6343476208,4438783.584201785,0.09987053232591876,9
actual,1745089186.0675254,394662.8916173136,4438783.608450353,0.1163601587526658,2
actual,1745089186.1675541,394663.14679851755,4438783.636820345,0.1345093489519643,2
actual,1745089186.2675927,394663.4065859016,4438783.665213475,0.15368077849415598,3
actual,1745089186.3680284,394663.63346446404,4438783.698465954,0.17405981879909482,3
actual,1745089186.4674878,394663.9084119755,4438783.744697711,0.19547734746226306,11
actual,1745089186.567509,394664.1554911272,4438783.791966712,0.2178396577561205,11
actual,1745089186.6675463,394664.40013506304,4438783.844589584,0.24092607025004564,4
actual,1745089186.7674882,394664.64123576425,4438783.902030556,0.2649322014466017,4
actual,1745089186.8675025,394664.8758251373,4438783.964809883,0.2896595201433742,12
actual,1745089186.9675267,394665.1100079174,4438784.033119968,0.3156202804758237,12
actual,1745089187.0677621,394665.3177156809,4438784.099289669,0.34261860414199885,12
actual,1745089187.1675704,394665.56696658063,4438784.185757022,0.37098872169365654,5
actual,1745089187.267607,394665.7855482631,4438784.26387563,0.40032437284080985,13
actual,1745089187.3675945,394666.0014708518,4438784.353477481,0.4304636433887513,13
actual,1745089187.467529,394666.2129081624,4438784.448826954,0.461801780599888,6
actual,1745089187.5675344,394666.4193934145,4438784.549917428,0.4938739683878283,6
actual,1745089187.6676087,394666.62034837075,4438784.655922834,0.527409684566736,6
actual,1745089187.7677538,394666.79585432087,4438784.755519658,0.5621729955283263,6
actual,1745089187.86768,394667.0083703993,4438784.866676772,0.59713178336614,6
actual,1745089187.9684372,394667.1724888136,4438784.973511762,0.6333154258197109,14
actual,1745089188.067509,394667.36575858376,4438785.11001013,0.6695846766730921,14
actual,1745089188.1675272,394667.5337812137,4438785.238145051,0.7066381039593943,7
actual,1745089188.2675097,394667.6942367313,4438785.370970113,0.7437335413207921,15
actual,1745089188.3675342,394667.8342694811,4438785.49679677,0.7814871074365318,15
actual,1745089188.4675071,394667.99564936355,4438785.649696118,0.8196147150642664,8
actual,1745089188.5675743,394668.13414803095,4438785.791867252,0.8581278310171815,8
actual,1745089188.6678982,394668.25157631,4438785.921888796,0.8969491895692914,8
actual,1745089188.7680874,394668.3858505726,4438786.08309017,0.9361083740514173,8
actual,1745089188.8675435,394668.5014113022,4438786.231286251,0.9755199680499667,16
actual,1745089188.9675508,394668.6064644277,4438786.380553826,1.0150434027469837,9
actual,1745089189.0675464,394668.7040825833,4438786.530369729,1.0553030871356621,9
actual,1745089189.1676586,394668.79402907216,4438786.6803201595,1.096008092282987,17
actual,1745089189.2676146,394668.87548880314,4438786.829804269,1.1370424236068706,9
actual,1745089189.36758,394668.9374818492,4438786.976316699,1.1779525049413047,17
actual,1745089189.4679768,394669.00093181815,4438787.123232786,1.2192626331935883,17
actual,1745089189.5681028,394669.0507688638,4438787.253389506,1.2603377179555058,17
actual,1745089189.667546,394669.10320165835,4438787.41085283,1.2997597315696896,17
actual,1745089189.7676797,394669.1395815322,4438787.5375580285,1.3399662881359373,17
actual,1745089189.8675468,394669.1823963972,4438787.693469659,1.380368007419143,10
actual,1745089189.967518,394669.2106409739,4438787.829086141,1.41977757683576,18
actual,1745089190.0675025,394669.23351620225,4438787.961217787,1.4590902804788914,10
actual,1745089190.1675408,394669.2500133648,4438788.089378446,1.497562433554262,18
actual,1745089190.2675092,394669.26130279986,4438788.213839402,1.5360543437567657,18
actual,1745089190.3676171,394669.2633927189,4438788.335689222,1.5735670718890225,10
actual,1745089190.467503,394669.2648954234,4438788.452315449,1.611092087139214,10
actual,1745089190.5675454,394669.2621176082,4438788.563745137,1.6481031029246924,10
actual,1745089190.6675367,394669.2556435325,4438788.670715102,1.6845681622668547,10
actual,1745089190.7675607,394669.2455133288,4438788.772922755,1.7199924643227609,10
actual,1745089190.8675103,394669.22844127566,4438788.8754027,1.7534977070529278,10
actual,1745089190.967649,394669.2119757152,4438788.969808873,1.7860250243499116,10
actual,1745089191.0677822,394669.1934201169,4438789.060372529,1.8171685573494503,10
actual,1745089191.1678686,394669.1748714737,4438789.138330678,1.8469208534956396,10
actual,1745089191.2676976,394669.1503579457,4438789.229641803,1.8743514254043638,10
actual,1745089191.3676214,394669.13418289216,4438789.29912706,1.8988125464836225,10
actual,1745089191.4676602,394669.1112549831,4438789.372686034,1.9211506141541699,10
actual,1745089191.5676308,394669.08837705955,4438789.44191018,1.9413000913025937,10
actual,1745089191.6676347,394669.0657960733,4438789.505456655,1.9592183744418539,10
actual,1745089191.7676244,394669.044299981,4438789.56298907,1.9753517966215615,10
actual,1745089191.867592,394669.0191129594,4438789.605112877,1.9893339259652605,11
actual,1745089191.967556,394669.00018390093,4438789.649199661,2.0015210888930395,11
actual,1745089192.067585,394668.9832341721,4438789.68742193,2.0118126148136413,11
actual,1745089192.167567,394668.9682842512,4438789.720153855,2.020384781981519,11
actual,1745089192.2675376,394668.95771458687,4438789.748096034,2.027656818483001,18
actual,1745089192.3678133,394668.94823358685,4438789.76862974,2.033477421725232,18
actual,1745089192.4675472,394668.9390049696,4438789.788238496,2.03805699114954,18
actual,1745089192.5678308,394668.9333669483,4438789.800045277,2.0413294834970293,18
actual,1745089192.6677024,394668.9289153515,4438789.80969367,2.043502627855272,18
actual,1745089192.7675362,394668.924031742,4438789.819411269,2.0449194337821637,18
actual,1745089192.8675053,394668.9230380626,4438789.8212134885,2.0451772189126833,18
actual,1745089192.9676304,394668.9234245905,4438789.820435043,2.045022233675106,18
actual,1745089193.0675368,394668.92429542507,4438789.818957244,2.0447580431862318,18
actual,1745089193.1675534,394668.9247696106,4438789.817501244,2.044140720229801,18
actual,1745089193.267508,394668.92541070457,4438789.816561394,2.043873876840464,18
actual,1745089193.3675792,394668.92975751794,4438789.811181743,2.0434200737816526,18
actual,1745089193.4676476,394668.93024888664,4438789.810802969,2.0433689356345694,18
actual,1745089193.5676095,394668.93041824584,4438789.811058165,2.043388640401824,18
actual,1745089193.6676745,394668.93038217607,4438789.811567941,2.0433668063328825,18
actual,1745089193.767689,394668.93049612216,4438789.81193247,2.043392375406424,18
actual,1745089193.8677216,394668.93031052704,4438789.808057713,2.0433716059883253,18
actual,1745089193.9675503,394668.9302990985,4438789.80801245,2.0433652006299705,18
actual,1745089194.067625,394668.93028834276,4438789.80795088,2.0433742588887887,18
actual,1745089194.1676292,394668.93022397516,4438789.8077591825,2.0433854464492933,18
actual,1745089194.2675297,394668.93066952867,4438789.810284635,2.043394504708111,18
actual,1745089194.367609,394668.93069406383,4438789.81051526,2.043389181453893,18
actual,1745089194.467518,394668.93066473515,4438789.810702253,2.043357748074065,18
actual,1745089194.567586,394668.9306413666,4438789.810933174,2.0433449722639394,18
actual,1745089194.6674647,394668.93059342226,4438789.8112629745,2.043332179000523,18
actual,1745089194.7675426,394668.9313832793,4438789.810111259,2.0433225971429287,18
actual,1745089194.867536,394668.93137922534,4438789.810161682,2.043306086328205,18
actual,1745089194.9675453,394668.9313412493,4438789.810264755,2.0432799936558883,18
actual,1745089195.0675218,394668.9312379859,4438789.810354951,2.043249624926903,18
actual,1745089195.1675487,394668.93113845197,4438789.810429694,2.0432645474920075,18
actual,1745089195.267585,394668.9306966038,4438789.809679903,2.043341237259341,18
actual,1745089195.3676255,394668.9305976378,4438789.809723612,2.043336437603897,18
actual,1745089195.467554,394668.9304517121,4438789.809790906,2.0433263321475286,18
actual,1745089195.567549,394668.9302699319,4438789.809891288,2.04331034493158,18
actual,1745089195.6674845,394668.930046691,4438789.810004263,2.043297569121455,18
actual,1745089195.7676675,394668.9306372288,4438789.80880973,2.0433263321475286,18
actual,1745089195.867694,394668.93056071317,4438789.808751404,2.0433012866727625,18
actual,1745089195.96756,394668.93082679366,4438789.807947553,2.0430898400338835,18
actual,1745089196.067549,394668.93169626966,4438789.805874206,2.042718067449916,18
actual,1745089196.16752,394668.9333232407,4438789.802570148,2.0421731756574433,18
actual,1745089196.267515,394668.9337419533,4438789.799844564,2.0412836860574566,18
actual,1745089196.3676116,394668.9360510133,4438789.794591212,2.0403393233057874,18
actual,1745089196.4674911,394668.938626006,4438789.788443403,2.0391297228676932,18
actual,1745089196.5676992,394668.94166867924,4438789.781438477,2.0378961416056764,18
actual,1745089196.667625,394668.9450293896,4438789.773517748,2.0363941112514095,18
actual,1745089196.7676718,394668.9540331491,4438789.759642331,2.034806332870993,18
actual,1745089196.8678923,394668.9586401791,4438789.750260374,2.0331642398442544,18
actual,1745089196.9675648,394668.9645090403,4438789.737622517,2.031232369801806,18
actual,1745089197.0675106,394668.970320363,4438789.725205942,2.029215833837345,18
actual,1745089197.167523,394668.97654230404,4438789.711995018,2.0270932865741167,18
actual,1745089197.2674766,394668.97943735233,4438789.702620568,2.024875950479213,18
actual,1745089197.3675823,394668.98532783764,4438789.6891092565,2.0226580733322415,18
actual,1745089197.4675305,394668.99108790123,4438789.675822405,2.0204630949050557,18
actual,1745089197.5675023,394668.99642352306,4438789.663211492,2.018382086478025,18
actual,1745089197.6675515,394669.00125646836,4438789.651664857,2.016472609009881,18
actual,1745089197.7675948,394669.01201150456,4438789.642181942,2.0148134641163504,18
actual,1745089197.8675559,394669.01643881033,4438789.633820666,2.013438738077724,18
actual,1745089197.9675484,394669.01987229835,4438789.627486853,2.01236281240704,18
actual,1745089198.067487,394669.0222624105,4438789.623330482,2.011607538626532,18
actual,1745089198.1674957,394669.0235238477,4438789.621665328,2.0112783695296055,18
actual,1745089198.2674692,394669.02303399565,4438789.61827068,2.01126239976695,18
actual,1745089198.3674874,394669.0221495368,4438789.620341742,2.0115521418760736,18
actual,1745089198.4675813,394669.02029579546,4438789.624626542,2.01233192007928,18
actual,1745089198.5674858,394669.0174176592,4438789.631056861,2.0133343324818704,18
actual,1745089198.6674907,394669.01353949733,4438789.639784841,2.014780966085678,18
actual,1745089198.7675931,394669.0095529984,4438789.652591024,2.0165248118078085,18
actual,1745089198.8675115,394669.0035292565,4438789.666323029,2.0186249664967324,18
actual,1745089198.9675195,394668.99633113755,4438789.682660281,2.021208769374678,18
actual,1745089199.0676074,394668.98768636596,4438789.701991886,2.024221870888736,18
actual,1745089199.167609,394668.97758360766,4438789.724235025,2.02769144581536,18
actual,1745089199.2675853,394668.96333344973,4438789.744593136,2.0317703326371483,18
actual,1745089199.3676121,394668.94961073145,4438789.772349055,2.0363397966050876,18
actual,1745089199.46747,394668.93402733497,4438789.803679238,2.0414749043303053,18
actual,1745089199.567546,394668.9165076891,4438789.838776385,2.0473232059477655,18
actual,1745089199.6674938,394668.8967613837,4438789.877575927,2.053713187951875,18
actual,1745089199.767614,394668.8781181094,4438789.927020023,2.0605628373210814,18
actual,1745089199.8675256,394668.85425561224,4438789.974621773,2.068182141983833,18
actual,1745089199.9675508,394668.82788657537,4438790.026270626,2.076600388564977,18
actual,1745089200.067528,394668.7986657413,4438790.081984061,2.085553404028932,18
actual,1745089200.167635,394668.7666288274,4438790.1419731295,2.0953533056058324,18
actual,1745089200.2675312,394668.72865497513,4438790.199781251,2.1061114103953704,18
actual,1745089200.3675702,394668.6894454752,4438790.267503321,2.1174996314047565,18
actual,1745089200.4675167,394668.6464395225,4438790.33940173,2.1295408324471907,18
actual,1745089200.5675395,394668.5996346461,4438790.415761887,2.1425040385735756,18
actual,1745089200.6676602,394668.548775175,4438790.496473309,2.156247022903167,18
actual,1745089200.7674937,394668.4937393749,4438790.587315513,2.1690701314504945,18
actual,1745089200.8674788,394668.4343632046,4438790.676672555,2.184522857768632,18
actual,1745089200.9690063,394668.37039382535,4438790.77002355,2.200872002643886,18
actual,1745089201.067539,394668.3086198759,4438790.857427414,2.2179897381618408,18
actual,1745089201.168032,394668.22761629976,4438790.968284962,2.236112015384073,18
actual,1745089201.2674823,394668.1482641385,4438791.072685814,2.2555078244549014,18
actual,1745089201.3675697,394668.06189710967,4438791.165007822,2.275726015215976,18
actual,1745089201.4674642,394667.9695881921,4438791.2730303295,2.2957061081604944,18
actual,1745089201.5675547,394667.87096364296,4438791.384437219,2.317018864708665,18
actual,1745089201.667534,394667.7659430535,4438791.498747385,2.338507375912512,18
actual,1745089201.7675533,394667.6539799767,4438791.615096823,2.360531720650014,18
actual,1745089201.8674657,394667.53876661777,4438791.738445361,2.383151536821711,18
actual,1745089201.9675202,394667.41362604033,4438791.858188176,2.406372165135114,18
actual,1745089202.0674741,394667.2814468811,4438791.97834423,2.4298165097520377,18
actual,1745089202.1674938,394667.14223818376,4438792.09941999,2.4543064113106614,18
actual,1745089202.26746,394666.9976638827,4438792.2168967705,2.478297759568453,18
actual,1745089202.3677018,394666.84392392816,4438792.337373579,2.5026694150702546,18
actual,1745089202.467465,394666.6832813679,4438792.457689578,2.528547359529697,18
actual,1745089202.567491,394666.515005106,4438792.57646353,2.554248449776034,18
actual,1745089202.667462,394666.33963643387,4438792.693803263,2.58106115767626,18
actual,1745089202.767525,394666.1621146255,4438792.8112022,2.6082456381604526,18
actual,1745089202.8674655,394665.9749878972,4438792.922420965,2.635698567736895,18
actual,1745089202.9675312,394665.78168519295,4438793.030106822,2.6635893306094927,18
actual,1745089203.0674665,394665.582762285,4438793.133575103,2.69183533779804,18
actual,1745089203.167532,394665.3787084337,4438793.233252612,2.720158069660506,18
actual,1745089203.2675512,394665.1614746211,4438793.331127181,2.7485351161692946,18
actual,1745089203.3675766,394664.94790032925,4438793.420346344,2.777076206174478,18
actual,1745089203.4674888,394664.7305700555,4438793.503363334,2.805333941975599,18
actual,1745089203.5674908,394664.50992777,4438793.580386844,2.8334643909143726,18
actual,1745089203.667444,394664.28578386834,4438793.651223206,2.861492563558979,18
actual,1745089203.7679145,394664.0708391961,4438793.719343974,2.888468250304757,18
actual,1745089203.867481,394663.8427090351,4438793.779418591,2.912846817310395,18
actual,1745089203.967636,394663.6132634371,4438793.834484121,2.9353947433702023,18
actual,1745089204.0674338,394663.38263731485,4438793.883814233,2.9549641777950195,18
actual,1745089204.1674953,394663.151355713,4438793.928561784,2.971798559108913,18
actual,1745089204.2674901,394662.91607747984,4438793.966947367,2.9859069281174087,18
actual,1745089204.3675792,394662.68214738683,4438794.004523007,2.998049340803166,18
actual,1745089204.4674573,394662.4474007702,4438794.039652041,3.009052454913099,18
actual,1745089204.5675251,394662.2120666357,4438794.072820393,3.018938645568218,18
actual,1745089204.6676884,394661.9768398631,4438794.103053068,3.027676461935402,18
actual,1745089204.7676034,394661.7422833465,4438794.12756088,3.0353437107927057,18
actual,1745089204.8674376,394661.50633544114,4438794.152846476,3.0402647015252895,18
actual,1745089204.9676685,394661.27058735164,4438794.177016427,3.0423685912188136,18
actual,1745089205.0675604,394661.0356749521,4438794.200537344,3.0430061599945666,18
actual,1745089205.167513,394660.80152556254,4438794.224651702,3.041929710725107,18
actual,1745089205.2674742,394660.5716584044,4438794.241098588,3.0398236742766023,18
actual,1745089205.3675177,394660.3396710615,4438794.264867473,3.0364659749550307,18
actual,1745089205.4674938,394660.1093217557,4438794.288598802,3.0305505479745394,18
actual,1745089205.5675573,394659.87992069725,4438794.313488398,3.0222803751271337,18
actual,1745089205.6678462,394659.6744042568,4438794.337477454,3.0114700675396695,18
actual,1745089205.7676313,394659.42570322903,4438794.36917617,2.9981452117389784,18
actual,1745089205.8674421,394659.20102964144,4438794.396105222,2.9831191137031987,18
actual,1745089205.9674997,394658.9786034181,4438794.431128669,2.9667342942980337,18
actual,1745089206.0674448,394658.7581011483,4438794.470007773,2.9481805716847074,18
actual,1745089206.1674736,394658.5393031908,4438794.511719722,2.927673703465353,18
actual,1745089206.2674432,394658.3210216938,4438794.548609085,2.905664281292956,18
actual,1745089206.3675601,394658.10683221,4438794.598058925,2.8829549646372166,18
actual,1745089206.4674914,394657.89554469736,4438794.651730494,2.859089314992154,18
actual,1745089206.567477,394657.6867975822,4438794.709766488,2.8333919422971228,18
actual,1745089206.6675107,394657.4812077042,4438794.772489875,2.8068306490756467,18
actual,1745089206.7675366,394657.27547316166,4438794.843058193,2.7788882244571904,18
actual,1745089206.8675482,394657.0758510742,4438794.915885903,2.7489106237578604,18
actual,1745089206.9675918,394656.8805095748,4438794.9939444885,2.7172488326902347,18
actual,1745089207.067511,394656.6893255124,4438795.077423435,2.685119380649536,18
actual,1745089207.167557,394656.5026372543,4438795.166213131,2.6512871155774222,18
actual,1745089207.26749,394656.3205026986,4438795.262313167,2.616537121478025,18
actual,1745089207.3675106,394656.14305765263,4438795.3625789,2.5816997911028574,18
actual,1745089207.4674845,394655.9707084034,4438795.467672983,2.5465652311560754,18
actual,1745089207.5674977,394655.80366255995,4438795.578351652,2.5113145719074503,18
actual,1745089207.6674514,394655.64168954035,4438795.693789306,2.475663359595493,18
actual,1745089207.7675874,394655.4846097573,4438795.814069774,2.4391327805932104,18
actual,1745089207.867654,394655.3215064671,4438795.946118439,2.4023385521541223,18
actual,1745089207.9675386,394655.17551935674,4438796.07600037,2.3661126378260677,18
actual,1745089208.067538,394655.0351343471,4438796.209426007,2.330005493153612,18
actual,1745089208.1675093,394654.90046718507,4438796.346992739,2.293039227610154,18
actual,1745089208.2674766,394654.7681904477,4438796.502553124,2.256401049059487,18
actual,1745089208.3675778,394654.646230489,4438796.647877311,2.2184126488928912,18
actual,1745089208.46745,394654.5318975291,4438796.797165768,2.18137128183172,18
actual,1745089208.5675797,394654.4226799847,4438796.94865563,2.144173306376768,18
actual,1745089208.6675534,394654.3198618862,4438797.102962897,2.1078797605401984,18
actual,1745089208.7675214,394654.2181949413,4438797.260433231,2.0718999201833834,18
actual,1745089208.867553,394654.1275831084,4438797.418170914,2.0359791941283327,18
actual,1745089208.9675307,394654.04377201525,4438797.578147744,2.0011136243258685,18
actual,1745089209.067454,394653.96598995005,4438797.7392941285,1.966611833499397,18
actual,1745089209.1675487,394653.89493002085,4438797.90259648,1.9339407185253423,18
actual,1745089209.267552,394653.83723052713,4438798.083052453,1.9029335306469686,18
actual,1745089209.367561,394653.77804303286,4438798.251391884,1.8729750936628258,18
actual,1745089209.4674392,394653.7238516629,4438798.421163083,1.8436840531313536,18
actual,1745089209.5675588,394653.67517577583,4438798.590861987,1.8167632220839676,18
actual,1745089209.6674552,394653.6299247415,4438798.760030505,1.7905902122611823,18
actual,1745089209.7676296,394653.59451892157,4438798.925683,1.7664188332910482,18
actual,1745089209.8677363,394653.5549362738,4438799.111998153,1.7423300083945321,18
actual,1745089209.96747,394653.5232128273,4438799.280588563,1.7174065321431282,18
actual,1745089210.0674915,394653.496243867,4438799.448144286,1.6934578048256703,18
actual,1745089210.1675928,394653.4741515023,4438799.614625278,1.670138635222699,18
actual,1745089210.2675853,394653.4667513389,4438799.775531183,1.6457312877376946,18
actual,1745089210.3676126,394653.45644116565,4438799.936895425,1.6233745799507362,18
actual,1745089210.4675875,394653.4480654218,4438800.098622695,1.6003819090909357,18
actual,1745089210.5675626,394653.4435169251,4438800.26031428,1.577354628352068,18
actual,1745089210.667456,394653.4420943707,4438800.421865021,1.5545569282230078,18
actual,1745089210.767519,394653.4395998035,4438800.578837277,1.5314950201517807,18
actual,1745089210.8674893,394653.44504179,4438800.739732858,1.5089019424242243,18
actual,1745089210.9675372,394653.4540037371,4438800.901199613,1.487356812739443,18
actual,1745089211.0676663,394653.4670586858,4438801.062796826,1.4670259958817369,18
actual,1745089211.1675692,394653.47861016786,4438801.218703072,1.4470849110460007,18
actual,1745089211.2675228,394653.49616702116,4438801.372849448,1.4285199659655845,18
actual,1745089211.3675282,394653.5148963162,4438801.513346455,1.4108074396918426,18
actual,1745089211.4674485,394653.53884659894,4438801.688491974,1.3908850124258103,18
actual,1745089211.567633,394653.5657003374,4438801.848498322,1.3718551639925407,18
actual,1745089211.6674614,394653.59600937297,4438802.008360793,1.353176371085017,18
actual,1745089211.7675817,394653.6210722671,4438802.147972898,1.3346972438439217,18
actual,1745089211.867569,394653.66080646584,4438802.323076999,1.3176915235573599,18
actual,1745089211.9675076,394653.6989848119,4438802.481286347,1.30199387518529,18
actual,1745089212.0674922,394653.7393486692,4438802.636538925,1.2883330085970053,18
actual,1745089212.1674652,394653.7839014384,4438802.782910503,1.2764053412224132,18
actual,1745089212.2674687,394653.8276000976,4438802.934247244,1.2665208260833762,18
actual,1745089212.3675644,394653.87239782355,4438803.084389178,1.2591561824117832,18
actual,1745089212.467455,394653.91741424426,4438803.233118693,1.2541611199057454,18
actual,1745089212.5676296,394653.96217593906,4438803.37938217,1.251296161938597,18
actual,1745089212.6675005,394654.00682152214,4438803.5240517575,1.2502568009157418,18
actual,1745089212.767568,394654.0511604826,4438803.667535129,1.2507542721124378,18
actual,1745089212.8675308,394654.0951883438,4438803.810198638,1.253307043036282,18
actual,1745089212.9675407,394654.13845116866,4438803.951415856,1.2578149492415032,18
actual,1745089213.0674653,394654.18001583946,4438804.091168726,1.264306195248813,18
actual,1745089213.1675658,394654.21994465543,4438804.229296344,1.2722156958062933,18
actual,1745089213.2674813,394654.2583714331,4438804.366231661,1.2805800815267212,18
actual,1745089213.3674936,394654.29539771035,4438804.500985912,1.2899850674537727,18
actual,1745089213.4674964,394654.3300693647,4438804.633511311,1.2999676177368946,18
actual,1745089213.567516,394654.3623440124,4438804.763910156,1.3102588993114017,18
actual,1745089213.6675549,394654.3925940904,4438804.892242773,1.3205312091569394,18
actual,1745089213.7675142,394654.4204085795,4438805.018417349,1.3301267675850166,18
actual,1745089213.8674982,394654.44647002016,4438805.141922382,1.340104308773185,18
actual,1745089213.967542,394654.47080156417,4438805.262129973,1.3503443474808536,18
actual,1745089214.0674446,394654.49300387246,4438805.379212552,1.3611317563485323,18
actual,1745089214.1674984,394654.51314484805,4438805.493807656,1.3717855777152634,18
actual,1745089214.267493,394654.5316322704,4438805.606374456,1.3818131051332094,18
actual,1745089214.367489,394654.5487820436,4438805.716864686,1.3914232370605404,18
actual,1745089214.467528,394654.56407096767,4438805.826162883,1.3995776073120758,18
actual,1745089214.567546,394654.5783247465,4438805.934227604,1.4066127502741845,18
actual,1745089214.667479,394654.59183784877,4438806.041265428,1.4124148879329292,18
actual,1745089214.7675545,394654.6044820834,4438806.147230495,1.417039661384864,18
actual,1745089214.8675573,394654.61670148536,4438806.2520221835,1.4210353658145023,18
actual,1745089214.9676566,394654.6281869002,4438806.355767522,1.4239961423575855,18
actual,1745089215.0675917,394654.639355199,4438806.458314846,1.4266502820043856,18
actual,1745089215.16762,394654.6498515114,4438806.559752022,1.4287485517377183,18
actual,1745089215.267551,394654.6596464059,4438806.660067159,1.4302966936908224,18
actual,1745089215.3675008,394654.6693685991,4438806.759203511,1.4320853420148512,18
actual,1745089215.467557,394654.67866306147,4438806.857196418,1.4337947174842545,18
actual,1745089215.5674999,394654.68746675865,4438806.954248797,1.4353289317099276,18
actual,1745089215.6676128,394654.69610877347,4438807.049926684,1.4371051881962673,18
actual,1745089215.7676957,394654.7044705797,4438807.144483003,1.4384390735303965,18
actual,1745089215.8675973,394654.7124333352,4438807.238194557,1.4388765403074086,18
actual,1745089215.9675455,394654.71998787846,4438807.331147551,1.437863271956871,18
actual,1745089216.0675495,394654.7275156167,4438807.4229981,1.43562870946225,18
actual,1745089216.1675632,394654.7351151672,4438807.513464495,1.4328546482425453,18
actual,1745089216.267544,394654.74283035274,4438807.602705013,1.4303285634029639,18
actual,1745089216.3678887,394654.7495018852,4438807.682246302,1.42773264794001,18
actual,1745089216.4675536,394654.7576661012,4438807.77843844,1.4253135692368681,18
actual,1745089216.5676496,394654.7646175028,4438807.856241016,1.4235863041426322,18
actual,1745089216.667483,394654.7728293156,4438807.950372724,1.4220240424758794,18
actual,1745089216.7675285,394654.78020790947,4438808.035027742,1.4210184186674653,18
actual,1745089216.8674839,394654.7878077114,4438808.118582315,1.4209191617929045,18
actual,1745089216.9675794,394654.7950402354,4438808.201134747,1.4212537937703893,18
actual,1745089217.0675144,394654.8020837004,4438808.282619618,1.4226922068734205,18
actual,1745089217.1675,394654.80897194723,4438808.362690732,1.4255713369140952,18
actual,1745089217.26796,394654.81496482284,4438808.441159832,1.4290614543660158,18
actual,1745089217.3682666,394654.8207557471,4438808.517689445,1.4337379593769795,18
actual,1745089217.4675457,394654.8257268539,4438808.592014774,1.4387269830438054,18
actual,1745089217.5675712,394654.8296093268,4438808.664039241,1.4431880620651953,18
actual,1745089217.6674464,394654.8330178636,4438808.73263048,1.4476965442290695,18
actual,1745089217.7674713,394654.835626579,4438808.797663137,1.4516370089878823,18
actual,1745089217.8675418,394654.83744560246,4438808.858974289,1.4550368754641823,18
actual,1745089217.9675653,394654.83849659597,4438808.916783305,1.458048563261546,18
actual,1745089218.0674992,394654.83877394407,4438808.970861349,1.4605090935344225,18
actual,1745089218.1678412,394654.83857013076,4438809.01606997,1.4624699884023307,18
actual,1745089218.2675247,394654.83768111735,4438809.066840312,1.46390035553751,18
actual,1745089218.3675222,394654.8361536092,4438809.108707184,1.464741359890876,18
actual,1745089218.467453,394654.83398365916,4438809.146437276,1.465189124110475,18
actual,1745089218.5674918,394654.83135949814,4438809.179963581,1.4655699025933828,18
actual,1745089218.667449,394654.82818359113,4438809.209453631,1.46574248074982,18
actual,1745089218.7675664,394654.8243601559,4438809.234792771,1.4659112540884878,18
actual,1745089218.8674612,394654.8199268435,4438809.256184368,1.4659212024652242,18
actual,1745089218.967529,394654.8151812091,4438809.273594406,1.4660052749752928,18
actual,1745089219.0674582,394654.80996721017,4438809.287060819,1.466051735639981,18
actual,1745089219.1675491,394654.84472950705,4438809.161849871,1.4660201975403975,18
actual,1745089219.2674701,394654.8449347416,4438809.163185948,1.4660123784653485,18
actual,1745089219.3675714,394654.8455683808,4438809.1655068565,1.4662893447643475,18
actual,1745089219.4675891,394654.846070727,4438809.167782639,1.466232865909753,18
actual,1745089219.5675335,394654.8464260418,4438809.169641729,1.466099575114778,18
actual,1745089219.6675131,394654.83185900695,4438809.19023459,1.4659511523151885,18
actual,1745089219.7676535,394654.83210971096,4438809.190532249,1.4659163155433188,18
actual,1745089219.8676062,394654.83258591185,4438809.190750143,1.4658852835892182,18
actual,1745089219.967542,394654.8329055011,4438809.190962362,1.4659180783258634,18
actual,1745089220.0675623,394654.83324421017,4438809.19118958,1.4658775343273394,18
actual,1745089220.1675212,394654.83057220734,4438809.1921280585,1.4660101095373208,18
actual,1745089220.2674882,394654.83046457346,4438809.192063783,1.4659671918910144,18
actual,1745089220.3675537,394654.83037035365,4438809.191957115,1.465933681569376,18
actual,1745089220.467597,394654.8303956847,4438809.191749361,1.465947312590834,18
actual,1745089220.5675213,394654.83045123506,4438809.191533597,1.4659460035938952,18
actual,1745089220.6675146,394654.830340303,4438809.192231327,1.4659872108175347,18
actual,1745089220.7676747,394654.83037239476,4438809.192166026,1.465972654771573,18
actual,1745089220.8675013,394654.8304345255,4438809.192117612,1.4659552712922232,18
actual,1745089220.9675477,394654.83055920695,4438809.1920307875,1.4659966355954954,18
actual,1745089221.067499,394654.8306727225,4438809.191891372,1.4660007545725302,18
actual,1745089221.1676311,394654.83036814694,4438809.192254726,1.4659737194224167,18
actual,1745089221.2675874,394654.8303924862,4438809.191888289,1.4659087233610724,18
actual,1745089221.3675897,394654.83059628593,4438809.191213095,1.4659631776337347,18
actual,1745089221.4675765,394654.830642734,4438809.1901665665,1.465985744740963,18
actual,1745089221.5674975,394654.8305859483,4438809.188553361,1.4660330606169847,18
actual,1745089221.667544,394654.83065349096,4438809.186901538,1.4659749236996007,18
actual,1745089221.7676313,394654.8303204141,4438809.192133797,1.4660571985205397,18
actual,1745089221.867477,394654.83026654343,4438809.192181649,1.466057879198948,18
actual,1745089221.9675329,394654.83035168407,4438809.192380529,1.4661169760474204,18
actual,1745089222.0674665,394654.830329903,4438809.19266376,1.4661731581960422,18
actual,1745089222.1675906,394654.8303837334,4438809.192246353,1.4659986252708428,18
actual,1745089222.2674916,394654.83046814194,4438809.192574543,1.4659632125403197,18
actual,1745089222.3675199,394654.8304929524,4438809.193388365,1.4660314200074875,18
actual,1745089222.467493,394654.8304676978,4438809.194616566,1.4660033725664081,18
actual,1745089222.567546,394654.83060448675,4438809.19659488,1.4659912425281068,18
actual,1745089222.6674569,394654.83033398644,4438809.192364286,1.4660129718772943,18
actual,1745089222.7680335,394654.83026518987,4438809.192196031,1.466076536768652,18
actual,1745089222.867547,394654.8300193421,4438809.192169055,1.4660354691713524,18
actual,1745089222.967589,394654.8298243211,4438809.192205175,1.4660568843612745,18
actual,1745089223.0674684,394654.82968653133,4438809.192172833,1.4660585424240635,18
actual,1745089223.1675098,394654.8303064468,4438809.192238495,1.466028243508249,18
actual,1745089223.2675173,394654.830279745,4438809.192279496,1.4660278071759363,18
actual,1745089223.3675783,394654.83031435387,4438809.192152474,1.4660721385389368,18
actual,1745089223.4676144,394654.8301211576,4438809.191973579,1.4660654888344866,18
actual,1745089223.5675392,394654.82997349557,4438809.191880021,1.4660915640535115,18
actual,1745089223.667563,394654.83043499116,4438809.192294323,1.465989375025807,18
actual,1745089223.7676,394654.8305741795,4438809.192373851,1.465996146903305,18
actual,1745089223.8674772,394654.8306516363,4438809.192438471,1.4659690768466065,18
actual,1745089223.9675825,394654.8308105672,4438809.192348742,1.4659784492646897,18
actual,1745089224.0675027,394654.83100389974,4438809.1923100045,1.4660121515725457,18
actual,1745089224.167496,394654.83043888316,4438809.192231471,1.4659735099829065,18
actual,1745089224.267442,394654.8305459699,4438809.192153842,1.4659236633794697,18
actual,1745089224.3675313,394654.83088144596,4438809.192198715,1.4659234190333743,18
actual,1745089224.4675303,394654.83122658235,4438809.191785631,1.4660573032402948,18
actual,1745089224.5676126,394654.8313098323,4438809.192023316,1.4659259497607897,18
actual,1745089224.6676545,394654.8305055718,4438809.192022978,1.4660404433597205,18
actual,1745089224.7676988,394654.8305809956,4438809.1913968325,1.4660165148956759,18
actual,1745089224.8675845,394654.830717405,4438809.191069816,1.4660349281192842,18
actual,1745089224.9676058,394654.8307950605,4438809.190739141,1.4660392216292442,18
actual,1745089225.0674765,394654.8308668679,4438809.190235188,1.46602700432448,18
actual,1745089225.1674893,394654.83045536384,4438809.192135214,1.4660108076690217,18
actual,1745089225.2674737,394654.8304491415,4438809.192176182,1.4659872980839972,18
actual,1745089225.367484,394654.83056361537,4438809.192217401,1.4660069330380823,18
actual,1745089225.4674823,394654.83050313947,4438809.192255391,1.4660004578665573,18
actual,1745089225.5674887,394654.83044673817,4438809.192230789,1.4660543012739813,18
actual,1745089225.667604,394654.8304167001,4438809.192264883,1.466013268583267,18
actual,1745089225.7674978,394654.8303841632,4438809.19227214,1.4660421537823876,18
actual,1745089225.8675125,394654.8302773375,4438809.1922708,1.4660141587011857,18
actual,1745089225.9680204,394654.8302405244,4438809.192280391,1.4660159040304375,18
actual,1745089226.0675347,394654.83020608727,4438809.192290868,1.4660085561942866,18
actual,1745089226.1674883,394654.8303866857,4438809.192260853,1.4659966879553732,18
actual,1745089226.2675123,394654.830424535,4438809.19230578,1.4660269868711875,18
actual,1745089226.3675044,394654.8304610785,4438809.192389922,1.4660047164699324,18
actual,1745089226.4675348,394654.8304877094,4438809.192441874,1.465993127483699,18
actual,1745089226.5674896,394654.8304658123,4438809.192547009,1.4659534037899236,18
actual,1745089226.6674743,394654.83043162763,4438809.192247574,1.4660129544240015,18
actual,1745089226.7675,394654.83040482044,4438809.192295441,1.4659765992156826,18
actual,1745089226.8675096,394654.8303933327,4438809.192369051,1.4659543288144272,18
actual,1745089226.967507,394654.83040641027,4438809.192471168,1.465978693610785,18
actual,1745089227.067553,394654.830493158,4438809.192558988,1.4659696702585523,18
actual,1745089227.167572,394654.8304053591,4438809.192325703,1.4659515886475016,18
actual,1745089227.2675526,394654.8304374859,4438809.192449144,1.4658957904713152,18
actual,1745089227.3675146,394654.8306923645,4438809.192476213,1.46592636863981,18
actual,1745089227.4674432,394654.8308184764,4438809.192566834,1.4659395633289551,18
actual,1745089227.5674841,394654.83094610693,4438809.192681123,1.4659404709001664,18
actual,1745089227.6675413,394654.8304478736,4438809.192281212,1.4659984681912102,18
actual,1745089227.7675464,394654.83043685963,4438809.192358857,1.465987193364242,18
actual,1745089227.8674955,394654.830458871,4438809.192462604,1.4659930402172365,18
actual,1745089227.9674852,394654.83048900747,4438809.192575826,1.4660033202065306,18
actual,1745089228.0674417,394654.8305098467,4438809.192785012,1.465999777188149,18
actual,1745089228.1675758,394654.8304249581,4438809.192272831,1.465997996952312,18
actual,1745089228.2674937,394654.8304243903,4438809.192344319,1.4659798106215063,18
actual,1745089228.3675966,394654.8304150782,4438809.192431331,1.465976180336662,18
actual,1745089228.4674826,394654.83041129983,4438809.192534142,1.465972654771573,18
actual,1745089228.567752,394654.83042678307,4438809.192657791,1.4659654640150548,18
actual,1745089228.6675215,394654.8304069546,4438809.192267055,1.4659942095878353,18
actual,1745089228.7675624,394654.8304115657,4438809.192294844,1.4660090448864773,18
actual,1745089228.8674946,394654.8303833466,4438809.192346252,1.4660266378053373,18
actual,1745089228.967566,394654.8303662952,4438809.192482862,1.4660381046185227,18
actual,1745089229.067511,394654.83034272713,4438809.192639967,1.4660474944898987,18
actual,1745089229.1675055,394654.83043822285,4438809.192264983,1.466000981465333,18
actual,1745089229.2674541,394654.83049250057,4438809.192326228,1.4660069504913746,18
actual,1745089229.3675947,394654.83055295446,4438809.192413289,1.4660389598298562,18
actual,1745089229.467736,394654.8305095497,4438809.192537289,1.4660017668634964,18
actual,1745089229.5675647,394654.83050016535,4438809.192663842,1.4659963039829376,18
actual,1745089229.6675315,394654.83041605144,4438809.192247079,1.465980840365765,18
actual,1745089229.7677612,394654.83044791594,4438809.192227416,1.465991783580175,18
actual,1745089229.8675694,394654.8304166221,4438809.192281442,1.4659571911544005,18
actual,1745089229.9675741,394654.8303452055,4438809.19231975,1.4659212722783943,18
actual,1745089230.0675025,394654.8303563852,4438809.192335079,1.4658887742477222,18
actual,1745089230.167532,394654.8304492154,4438809.192223665,1.4659813639645405,18
actual,1745089230.2674432,394654.8303898178,4438809.19232585,1.465979025223343,18
actual,1745089230.3674788,394654.83023075416,4438809.192433272,1.4659689197669739,18
actual,1745089230.46745,394654.830166686,4438809.192552501,1.4659408548726016,18
actual,1745089230.5674584,394654.83013617666,4438809.192698438,1.465943245973677,18
actual,1745089230.6674674,394654.83043587435,4438809.192220399,1.4659789554101728,18
actual,1745089230.7674985,394654.8303867475,4438809.192256401,1.4659730736505934,18
actual,1745089230.8674529,394654.83041580033,4438809.19232145,1.4659572609675706,18
actual,1745089230.9674954,394654.8304772462,4438809.192466333,1.4659439266520853,18
actual,1745089231.0675268,394654.83055153,4438809.192669451,1.4659313428281784,18
actual,1745089231.1675284,394654.83048327884,4438809.192200191,1.4660027093412924,18
actual,1745089231.2674892,394654.8304337472,4438809.192298402,1.4659538401222367,18
actual,1745089231.367729,394654.83036818635,4438809.19243519,1.46590205620333,18
actual,1745089231.4675238,394654.83035239275,4438809.192549675,1.4659031208541735,18
actual,1745089231.5675538,394654.8303036299,4438809.1926732445,1.4658840793120345,18
actual,1745089231.6675186,394654.83023692557,4438809.192850701,1.4658556828051046,18
actual,1745089231.7675192,394654.8305169824,4438809.192235911,1.4659706476429333,18
actual,1745089231.8674586,394654.83048495057,4438809.192267578,1.4659536132294337,18
actual,1745089231.9674873,394654.8304520197,4438809.1923237,1.4659824286153844,18
actual,1745089232.0676343,394654.830430523,4438809.192436579,1.4659609261589996,18
actual,1745089232.1675358,394654.8304689323,4438809.192214731,1.4660009640120404,18
actual,1745089232.2676444,394654.83042579924,4438809.192290749,1.4659945586536856,18
actual,1745089232.3677256,394654.8304393604,4438809.19240425,1.466030686969202,18
actual,1745089232.4675612,394654.830460827,4438809.192608781,1.4660330257103997,18
actual,1745089232.5675292,394654.8303809735,4438809.192843869,1.4659923071789505,18
actual,1745089232.667455,394654.8304807192,4438809.192216455,1.4660086260074565,18
actual,1745089232.76755,394654.83044197183,4438809.192290911,1.466019778661377,18
actual,1745089232.8675454,394654.83029358165,4438809.192419313,1.4659759010839817,18
actual,1745089232.9675279,394654.8302092448,4438809.192597863,1.4659841913979288,18
actual,1745089233.0675523,394654.8301376023,4438809.192857658,1.465962409688864,18
actual,1745089233.1675396,394654.8304656308,4438809.192243648,1.4659835456261054,18
actual,1745089233.2675464,394654.83046655497,4438809.192364359,1.4659817653902685,18
actual,1745089233.3676517,394654.83044148854,4438809.192525419,1.4659665112126061,18
actual,1745089233.467549,394654.8303914082,4438809.192759818,1.4659311333886682,18
actual,1745089233.5675795,394654.83045788365,4438809.193003126,1.465923977538735,18
actual,1745089233.6675844,394654.83043016616,4438809.192246069,1.4659838946919561,18
actual,1745089233.7675128,394654.8302607235,4438809.19233404,1.4659549571329578,18
actual,1745089233.8675146,394654.8301648063,4438809.19243586,1.4659016547776018,18
actual,1745089233.9675677,394654.8301182352,4438809.192541671,1.4658877270501711,18
actual,1745089234.0675905,394654.83000710304,4438809.192683136,1.465868894947542,18
actual,1745089234.1676214,394654.83042658784,4438809.192215872,1.465955637811366,18
actual,1745089234.2675467,394654.83040200244,4438809.192169748,1.4659671046245517,18
actual,1745089234.3676705,394654.8304416299,4438809.192124121,1.4660175446399344,18
actual,1745089234.4675915,394654.8304236064,4438809.192172965,1.4660171955740842,18
actual,1745089234.5676363,394654.83041027875,4438809.192248898,1.4660285227609295,18
actual,1745089234.6676035,394654.83046895586,4438809.19216021,1.4660059905602862,18
actual,1745089234.7675188,394654.83044659806,4438809.192200484,1.466023374039636,18
actual,1745089234.8675642,394654.8304982385,4438809.192308945,1.465987821682773,18
actual,1745089234.9685504,394654.8305220541,4438809.192429739,1.4659859192738882,18
actual,1745089235.0674927,394654.8305528555,4438809.192673511,1.465955637811366,18
actual,1745089235.167603,394654.830465893,4438809.192222632,1.4659739463152195,18
actual,1745089235.2675426,394654.83036072017,4438809.192360946,1.465950227290685,18
actual,1745089235.3674984,394654.8303250463,4438809.192480025,1.4659852909553575,18
actual,1745089235.4674604,394654.83026742685,4438809.192502584,1.4659774020671383,18
actual,1745089235.5674758,394654.8302066407,4438809.192717191,1.4659717122937772,18
actual,1745089235.6674662,394654.83052428276,4438809.192151512,1.4660417698099522,18
actual,1745089235.7675946,394654.8306405554,4438809.192095382,1.4660674261499564,18
actual,1745089235.8674202,394654.83059615205,4438809.192170147,1.4660796609080127,18
actual,1745089235.9676933,394654.83043497545,4438809.192276952,1.4660484195144021,18
actual,1745089236.0675824,394654.8303840714,4438809.192471892,1.4660473374102658,18
actual,1745089236.1675463,394654.8304836439,4438809.192180085,1.466011191641457,18
actual,1745089236.2675226,394654.8304390601,4438809.192234758,1.4659866174055889,18
actual,1745089236.3675025,394654.83063359035,4438809.192308153,1.4660568843612745,18
actual,1745089236.4675002,394654.83077559614,4438809.19242237,1.4660329558972294,18
actual,1745089236.5675414,394654.8308207431,4438809.192611937,1.4660194994086966,18
actual,1745089236.6674438,394654.8305141075,4438809.192224334,1.465964032845068,18
actual,1745089236.7675364,394654.8306317837,4438809.192192477,1.4660298317578684,18
actual,1745089236.8674726,394654.8306264256,4438809.192210319,1.4659832663734251,18
actual,1745089236.967506,394654.8306745107,4438809.192439046,1.4659942444944203,18
actual,1745089237.067524,394654.8306787303,4438809.192616751,1.465967348970647,18
actual,1745089237.1675205,394654.83052203315,4438809.1922285855,1.466006514159062,18
actual,1745089237.2674975,394654.83051903767,4438809.192351678,1.4659820097363636,18
actual,1745089237.3676453,394654.83046375756,4438809.1924922615,1.4660028489676327,18
actual,1745089237.4677212,394654.83046978863,4438809.192552919,1.4660006323994825,18
actual,1745089237.5675504,394654.8307334657,4438809.1928016655,1.4659641026582382,18
actual,1745089237.6675527,394654.830443537,4438809.192160042,1.4659672267975994,18
actual,1745089237.7676766,394654.830239786,4438809.192017683,1.4658783197255028,18
actual,1745089237.8674908,394654.83030301426,4438809.19173533,1.4659058784743917,18
actual,1745089237.9675605,394654.8303287995,4438809.191573298,1.4658930153978047,18
actual,1745089238.0674658,394654.830313676,4438809.191500682,1.465855804978152,18
actual,1745089238.1675615,394654.8304363815,4438809.19215595,1.4659509777822635,18
actual,1745089238.267457,394654.8304476022,4438809.191939287,1.4659806832861322,18
actual,1745089238.367534,394654.83067225665,4438809.190854612,1.4661978720582505,18
actual,1745089238.4675856,394654.83082564326,4438809.189538575,1.4662594298209681,18
actual,1745089238.5675924,394654.83095126285,4438809.188630511,1.466421954880914,18
actual,1745089238.6675134,394654.8302754848,4438809.191824821,1.4659868093918067,18
actual,1745089238.7678936,394654.8302724194,4438809.191842624,1.4660672516170312,18
actual,1745089238.8674648,394654.83005458873,4438809.191427243,1.4661294726048646,18
actual,1745089238.9674978,394654.83001840033,4438809.190906597,1.4662098624702116,18
actual,1745089239.0674434,394654.8300377175,4438809.190330304,1.4662249421149487,18
actual,1745089239.1675858,394654.83018832986,4438809.192075674,1.466047477036606,18
actual,1745089239.2674613,394654.83010891516,4438809.192405039,1.466000178613877,18
actual,1745089239.3675098,394654.8300650199,4438809.192748191,1.4659838248787858,18
actual,1745089239.4674997,394654.8300511368,4438809.193068814,1.4659662319599258,18
actual,1745089239.5675764,394654.83005381475,4438809.193427176,1.4659876122432625,18
actual,1745089239.667539,394654.83015421487,4438809.192283531,1.4659754123917912,18
actual,1745089239.767557,394654.8301672848,4438809.192407821,1.4659590761099925,18
actual,1745089239.867476,394654.8302049078,4438809.192560134,1.4659443804376906,18
actual,1745089239.9675238,394654.8302499905,4438809.192753592,1.465918409938421,18
actual,1745089240.067514,394654.8303075868,4438809.192935569,1.465935723604601,18
actual,1745089240.1676836,394654.83018840745,4438809.192230935,1.4659833710931802,18
actual,1745089240.2674937,394654.83019543247,4438809.192302863,1.4659426176551462,18
actual,1745089240.367572,394654.830259556,4438809.192374539,1.4659535957761411,18
actual,1745089240.4674687,394654.8303275659,4438809.1924729,1.4659511348618959,18
actual,1745089240.5675602,394654.8303921953,4438809.192629708,1.4659486390410656,18
actual,1745089240.6674836,394654.8301899419,4438809.19221255,1.4659991663229108,18
actual,1745089240.7675364,394654.83018760366,4438809.192278561,1.4659818002968534,18
actual,1745089240.8674529,394654.8301603271,4438809.192359792,1.4659767562953152,18
actual,1745089240.9675295,394654.8301345457,4438809.192493907,1.465959599708768,18
actual,1745089241.0674763,394654.8301198189,4438809.192662226,1.465955567998196,18
actual,1745089241.167598,394654.8301612133,4438809.192214561,1.4659841390380512,18
actual,1745089241.2676075,394654.83017430967,4438809.192246125,1.4659945062938082,18
actual,1745089241.3676648,394654.83014051645,4438809.192324661,1.4659192651497546,18
actual,1745089241.467557,394654.8301707458,4438809.1923710955,1.46590219582967,18
actual,1745089241.5681496,394654.83020667033,4438809.192440896,1.4658828401282655,18
actual,1745089241.6674778,394654.8302789944,4438809.192542784,1.4658946734605938,18
actual,1745089241.7675493,394654.83020704245,4438809.192232202,1.466020249900275,18
actual,1745089241.8674982,394654.8302180225,4438809.1923169345,1.4660330955235696,18
actual,1745089241.9675534,394654.83024887735,4438809.192437437,1.4660338285618555,18
actual,1745089242.067538,394654.83027291636,4438809.192607023,1.4660113836276747,18
actual,1745089242.1675107,394654.830167019,4438809.192212544,1.4660018715832515,18
actual,1745089242.2674506,394654.83019884746,4438809.192270162,1.4659884325480113,18
actual,1745089242.3675013,394654.83026483975,4438809.192332062,1.4659808229124722,18
actual,1745089242.4674695,394654.8303683934,4438809.192419097,1.4659812243382002,18
actual,1745089242.5674958,394654.830469346,4438809.192525277,1.4659693037394093,18
actual,1745089242.6678038,394654.8302025817,4438809.192198213,1.466016096016655,18
actual,1745089242.767512,394654.8302444482,4438809.192249102,1.4660302506368887,18
actual,1745089242.8674674,394654.83029502496,4438809.192311766,1.46604875112696,18
actual,1745089242.9675133,394654.8303171968,4438809.192400591,1.4660368828880466,18
actual,1745089243.0675576,394654.8303568971,4438809.192514259,1.46605103750828,18
actual,1745089243.1675491,394654.8301531555,4438809.192220398,1.46597228825243,18
actual,1745089243.2675297,394654.83016398014,4438809.192240384,1.465992289725658,18
actual,1745089243.3677263,394654.8301876481,4438809.19224858,1.4660222744822071,18
actual,1745089243.467588,394654.8302224371,4438809.192322688,1.4660081547685588,18
actual,1745089243.5675607,394654.83024138986,4438809.192444888,1.4659612403182651,18
actual,1745089243.66747,394654.8301796054,4438809.192198966,1.4660109996552393,18
actual,1745089243.7675428,394654.8301946938,4438809.192238062,1.4660371272341417,18
actual,1745089243.867479,394654.8301943844,4438809.192310417,1.466054353633859,18
actual,1745089243.967485,394654.83016648877,4438809.192413535,1.4660563782157912,18
actual,1745089244.0674913,394654.8301899153,4438809.1925475495,1.4660648081560783,18
actual,1745089244.16752,394654.8301553733,4438809.192207085,1.4660037390855511,18
actual,1745089244.267457,394654.8301568726,4438809.192247151,1.466025520794616,18
actual,1745089244.3678932,394654.83018530137,4438809.192303279,1.4660467090917353,18
actual,1745089244.4674814,394654.8301713933,4438809.19238608,1.466041333477639,18
actual,1745089244.56757,394654.8301665909,4438809.192477103,1.4660397452280196,18
actual,1745089244.6674466,394654.8301482837,4438809.192207498,1.465974330287655,18
actual,1745089244.7675288,394654.8301321882,4438809.192268239,1.4659564581161144,18
actual,1745089244.8674839,394654.8301367656,4438809.192351768,1.4659336641160834,18
actual,1745089244.9675796,394654.8301563163,4438809.192445565,1.4659281837822324,18
actual,1745089245.067489,394654.83019735944,4438809.192549464,1.4659222671160679,18
actual,1745089245.1676176,394654.8301707255,4438809.192207855,1.4659855353014528,18
actual,1745089245.2674417,394654.8302246351,4438809.192284844,1.4659768610150703,18
actual,1745089245.3675005,394654.8302766064,4438809.1923941625,1.4659610308787547,18
actual,1745089245.4676194,394654.8303281468,4438809.192495503,1.4659694259124567,18
actual,1745089245.5676625,394654.8303670399,4438809.192692859,1.4659595473488907,18
actual,1745089245.6674466,394654.83017791936,4438809.192206048,1.4660050480824902,18
actual,1745089245.7676282,394654.83014084876,4438809.192311178,1.4659823762555066,18
actual,1745089245.867534,394654.8301285703,4438809.19242289,1.4659928307777261,18
actual,1745089245.9675477,394654.8301427488,4438809.192535855,1.4660018715832515,18
actual,1745089246.0676146,394654.83013280795,4438809.192696913,1.4659604374668092,18
actual,1745089246.167659,394654.830151727,4438809.192239767,1.4659549920395427,18
actual,1745089246.2674675,394654.830174345,4438809.192271232,1.4659610832386323,18
actual,1745089246.3675418,394654.83018842875,4438809.192312734,1.4659730736505934,18
actual,1745089246.467523,394654.83021168766,4438809.192349728,1.465980840365765,18
actual,1745089246.5675044,394654.830204209,4438809.192409665,1.465960332747054,18
actual,1745089246.667465,394654.8301791303,4438809.192193352,1.46598316165367,18
actual,1745089246.7674773,394654.83019643574,4438809.192179721,1.4660072471973475,18
actual,1745089246.8674645,394654.830170713,4438809.192195166,1.4659860414469357,18
actual,1745089246.9675324,394654.83015104255,4438809.192226265,1.46597221843926,18
actual,1745089247.067457,394654.8301246749,4438809.192287967,1.465945567261582,18
actual,1745089247.1674695,394654.83016772696,4438809.192198154,1.465978763423955,18
actual,1745089247.2674623,394654.83015304245,4438809.192237244,1.4659533339767536,18
actual,1745089247.367506,394654.8301202327,4438809.192310518,1.4659323900257295,18
actual,1745089247.467572,394654.8301075909,4438809.192417855,1.465952304232495,18
actual,1745089247.5674975,394654.83007783326,4438809.192507423,1.4659684310747831,18
actual,1745089247.6674416,394654.83017739886,4438809.192209811,1.4659969846613459,18
actual,1745089247.7675135,394654.8301712242,4438809.192262256,1.4659811894316153,18
actual,1745089247.867488,394654.8301621537,4438809.192309035,1.465958587417802,18
actual,1745089247.9682407,394654.83016432147,4438809.192407683,1.465957348234033,18
actual,1745089248.0674453,394654.8301819461,4438809.192509785,1.465945288008902,18
actual,1745089248.1674855,394654.8301511372,4438809.192223239,1.4659774195204311,18
actual,1745089248.2674818,394654.8301411877,4438809.192296067,1.4659355141650907,18
actual,1745089248.3675706,394654.83013478876,4438809.19237906,1.4658944116612063,18
actual,1745089248.4674647,394654.8301438584,4438809.1924591,1.4658724728725085,18
actual,1745089248.5675564,394654.83015765145,4438809.192547675,1.4658564507499752,18
actual,1745089248.6675215,394654.83016589953,4438809.192205599,1.4659809450855201,18
actual,1745089248.7675538,394654.83017070417,4438809.192216395,1.4659634743397076,18
actual,1745089248.8675003,394654.83016600786,4438809.192193248,1.4659519377133519,18
actual,1745089248.9680364,394654.8301407623,4438809.1921431795,1.4659484121482629,18
actual,1745089249.0674632,394654.83009886625,4438809.192142162,1.4659479060027798,18
actual,1745089249.1675096,394654.8301857803,4438809.192174181,1.466007892969171,18
actual,1745089249.2674553,394654.8301853141,4438809.192205661,1.465999742281564,18
actual,1745089249.3675244,394654.83015837095,4438809.19229785,1.4659404185402887,18
actual,1745089249.4674497,394654.8301465177,4438809.192326566,1.4659345716872945,18
actual,1745089249.5675545,394654.8300712284,4438809.192376419,1.465893067757682,18
actual,1745089249.6675265,394654.8301660678,4438809.192189756,1.4659891830395892,18
actual,1745089249.767647,394654.8301209758,4438809.192179739,1.4659786063443225,18
actual,1745089249.867452,394654.8300834817,4438809.192210425,1.46596563854798,18
actual,1745089249.9674704,394654.8300236053,4438809.192245976,1.4659381321589686,18
actual,1745089250.0674531,394654.82993921696,4438809.192269194,1.4659247629368983,18
actual,1745089250.167508,394654.8301744426,4438809.192187298,1.4659835456261054,18
actual,1745089250.2674506,394654.83020157134,4438809.192178742,1.465962549315204,18
actual,1745089250.3675187,394654.83023941144,4438809.192153042,1.4659758138175192,18
actual,1745089250.4674895,394654.83023673645,4438809.192189582,1.4659597916949858,18
actual,1745089250.567713,394654.8302104637,4438809.192210883,1.4659520249798144,18
actual,1745089250.6674848,394654.8301817922,4438809.192186862,1.4659940176016175,18
actual,1745089250.7683833,394654.8302174932,4438809.1921968525,1.466014315780818,18
actual,1745089250.8675623,394654.8301756574,4438809.19220111,1.465985046609262,18
actual,1745089250.9680395,394654.830173785,4438809.1922346745,1.465981241791493,18
actual,1745089251.0674915,394654.830195144,4438809.192249537,1.4659973686337813,18
actual,1745089251.1677248,394654.83016577957,4438809.192189155,1.4659924118987055,18
actual,1745089251.2675164,394654.8301602545,4438809.19224401,1.4659798804346764,18
actual,1745089251.3675241,394654.8302152929,4438809.192301602,1.4659852560487723,18
actual,1745089251.4675055,394654.83020563313,4438809.192390914,1.4659843833841466,18
actual,1745089251.5675209,394654.83014460345,4438809.192530764,1.4659637361390954,18
actual,1745089251.6674905,394654.83010681916,4438809.192685946,1.4659642422845787,18
actual,1745089251.7683227,394654.83010830934,4438809.192227761,1.4659876646031402,18
actual,1745089251.867961,394654.8300589998,4438809.192243978,1.4659806832861322,18
actual,1745089251.9685133,394654.83000830025,4438809.192266794,1.465948918293746,18
actual,1745089252.06756,394654.82993954956,4438809.192321554,1.4659356014315532,18
actual,1745089252.1680496,394654.83017911,4438809.192187906,1.4659937907088147,18
actual,1745089252.2674785,394654.8301939524,4438809.192210307,1.4659909981820116,18
actual,1745089252.3675206,394654.8301608276,4438809.192234977,1.4659927086046785,18
actual,1745089252.4674983,394654.83016115346,4438809.19228443,1.4660089401667222,18
actual,1745089252.5675876,394654.830140813,4438809.192377237,1.46597658176239,18
actual,1745089252.6674516,394654.8301650264,4438809.192206151,1.465985203688895,18
actual,1745089252.7680655,394654.8301653104,4438809.192255244,1.46599188829993,18
actual,1745089252.8674688,394654.83019933134,4438809.19232131,1.4660031456736056,18
actual,1745089252.9678545,394654.8302313443,4438809.192401417,1.4660070552111297,18
actual,1745089253.0674872,394654.8302732574,4438809.192469559,1.4660288718267798,18
actual,1745089253.167538,394654.8301796368,4438809.192207394,1.4659960072769649,18
actual,1745089253.267436,394654.83011176216,4438809.192286093,1.4659643120977486,18
actual,1745089253.3675218,394654.8300148541,4438809.192349546,1.4659416577240578,18
actual,1745089253.4674516,394654.8299134815,4438809.192404271,1.4659461083136502,18
actual,1745089253.5676262,394654.8297442711,4438809.192483198,1.4659248676566536,18
actual,1745089253.6677034,394654.83017164806,4438809.192180097,1.4660280689753238,18
actual,1745089253.768215,394654.83010195394,4438809.1921746805,1.4660185220243154,18
actual,1745089253.8674722,394654.83000903396,4438809.192195931,1.4660073170105177,18
actual,1745089253.9675,394654.8298744501,4438809.192256692,1.4659824809752617,18
actual,1745089254.0675244,394654.82976055564,4438809.192289662,1.4660103189768312,18
actual,1745089254.1675673,394654.8301565222,4438809.192180946,1.4660132162233894,18
actual,1745089254.267513,394654.8301210626,4438809.192214802,1.4660268821514324,18
actual,1745089254.367546,394654.8300644636,4438809.1922751255,1.4660246655832827,18
actual,1745089254.4676316,394654.8299867962,4438809.192391867,1.465997525713414,18
actual,1745089254.567676,394654.82992649754,4438809.192517657,1.4659655512815175,18
actual,1745089254.6676147,394654.83015210147,4438809.192203405,1.4660002658803395,18
actual,1745089254.767797,394654.8301421167,4438809.1922416035,1.4659832838267177,18
actual,1745089254.8676867,394654.8301059048,4438809.192297903,1.465945567261582,18
actual,1745089254.967576,394654.83008533897,4438809.192361757,1.4659247629368983,18
actual,1745089255.0676289,394654.83006359567,4438809.192447281,1.4659122663794542,18
actual,1745089255.1674755,394654.83015199954,4438809.192208323,1.4659823588022143,18
actual,1745089255.267468,394654.83012638637,4438809.192221813,1.4659549920395427,18
actual,1745089255.367499,394654.830090509,4438809.192210683,1.4659531594438284,18
actual,1745089255.4676533,394654.8300546549,4438809.192202482,1.465956039237094,18
actual,1745089255.5677197,394654.83001926105,4438809.192216241,1.4659381147056763,18
actual,1745089255.6674979,394654.8301352666,4438809.192205845,1.4659681692753954,18
actual,1745089255.7675436,394654.83009205956,4438809.192224769,1.4659319711467091,18
actual,1745089255.8674703,394654.8300826091,4438809.19220438,1.4659566501023322,18
actual,1745089255.967586,394654.83004170505,4438809.192218005,1.4659436997592823,18
actual,1745089256.0674293,394654.8299719464,4438809.192202321,1.4659467540854736,18
actual,1745089256.1676352,394654.8301696129,4438809.192175325,1.466010615682804,18
actual,1745089256.2676108,394654.8301111497,4438809.192188685,1.466001155998258,18
actual,1745089256.3678088,394654.8300402615,4438809.192210763,1.4660074042769804,18
actual,1745089256.4676728,394654.82997734775,4438809.192271994,1.4659901080640931,18
actual,1745089256.5683963,394654.8299291277,4438809.192318612,1.4660263760059495,18
actual,1745089256.66752,394654.8301558251,4438809.192194871,1.4659991488696185,18
actual,1745089256.7678802,394654.830175414,4438809.192244414,1.4659854829415753,18
actual,1745089256.8674984,394654.8302023784,4438809.192317642,1.4659901604239705,18
actual,1745089256.9676406,394654.8302277154,4438809.19237375,1.4659922548190731,18
actual,1745089257.0676389,394654.83026129653,4438809.192439153,1.4659963214362302,18
actual,1745089257.1675277,394654.83016825485,4438809.192205306,1.4660032503933607,18
actual,1745089257.2675385,394654.83015256963,4438809.192210706,1.466021052751731,18
actual,1745089257.3675625,394654.83011073514,4438809.192225754,1.4659978224193868,18
actual,1745089257.4677274,394654.8300715576,4438809.192222642,1.466004175417864,18
actual,1745089257.5677886,394654.83001448715,4438809.192241852,1.4659908061957938,18
actual,1745089257.6675022,394654.8301465651,4438809.192193963,1.465981416324418,18
actual,1745089257.7676637,394654.83014302934,4438809.192217895,1.4659564755694072,18
actual,1745089257.8675303,394654.8301550447,4438809.192243396,1.465971310868049,18
actual,1745089257.9677417,394654.8301751318,4438809.192280707,1.46597443500741,18
actual,1745089258.0674396,394654.8302339646,4438809.192365157,1.4659938954285698,18
actual,1745089258.1676493,394654.83013650466,4438809.192212744,1.465966336679681,18
actual,1745089258.2675648,394654.8301099001,4438809.192255673,1.4659382368787237,18
actual,1745089258.3687584,394654.83011407655,4438809.192313387,1.4659219529568026,18
actual,1745089258.4679315,394654.8301158295,4438809.192383583,1.4659232968603266,18
actual,1745089258.568682,394654.8301032991,4438809.192506827,1.465916559889414,18
actual,1745089258.667598,394654.8301641703,4438809.192194184,1.4659949600794135,18
actual,1745089258.7678535,394654.8301994646,4438809.192205973,1.4659903873167734,18
actual,1745089258.8676195,394654.8302675517,4438809.19221909,1.466021052751731,18
actual,1745089258.9679508,394654.83028360165,4438809.192277267,1.46599625162306,18
actual,1745089259.0674899,394654.8303181109,4438809.192332722,1.4660022031958093,18
actual,1745089259.1682649,394654.8301772457,4438809.192181687,1.4660124133719334,18
actual,1745089259.2679217,394654.8301281323,4438809.192175713,1.4659974733535366,18
actual,1745089259.3687203,394654.8300628534,4438809.192193267,1.4659823762555066,18
actual,1745089259.4675827,394654.8300407727,4438809.192206874,1.465983126747085,18
actual,1745089259.5674698,394654.8300101458,4438809.19223754,1.4659934067363791,18
actual,1745089259.6674714,394654.8301481464,4438809.192212369,1.465972584958403,18
actual,1745089259.7687383,394654.83017547056,4438809.192226778,1.4659699495112326,18
actual,1745089259.8675117,394654.8302132486,4438809.192238312,1.4660066014255244,18
actual,1745089259.9675848,394654.8302307125,4438809.192259983,1.4660020112095917,18
actual,1745089260.0676165,394654.83024062024,4438809.192260038,1.4659814337777106,18
actual,1745089260.1676955,394654.8301807166,4438809.19219314,1.46602257118818,18
actual,1745089260.2680879,394654.83017688023,4438809.192217139,1.4660116977869402,18
actual,1745089260.3677623,394654.8301984975,4438809.192238568,1.4660026395281223,18
actual,1745089260.467573,394654.83024973073,4438809.192268688,1.4660102317103685,18
actual,1745089260.5675979,394654.830267644,4438809.192312164,1.4659893924790999,18
actual,1745089260.667634,394654.8301689278,4438809.192194329,1.4659962341697674,18
actual,1745089260.7683253,394654.8301339856,4438809.1922366945,1.465970769815981,18
actual,1745089260.8676615,394654.8301273229,4438809.19225424,1.4659824809752617,18
actual,1745089260.967886,394654.8301254413,4438809.192275436,1.4659764944959275,18
actual,1745089261.0678256,394654.8301415012,4438809.192313325,1.465974033581682,18
actual,1745089261.1680148,394654.8301684527,4438809.192176137,1.4659955360380668,18
actual,1745089261.2677402,394654.8301452401,4438809.192196348,1.4659706476429333,18
actual,1745089261.3675654,394654.8301276931,4438809.1922602,1.465937137321295,18
actual,1745089261.4675086,394654.83011762984,4438809.192342955,1.4659316220808585,18
actual,1745089261.5678751,394654.830111798,4438809.192466458,1.4659155650517404,18
actual,1745089261.6677194,394654.8300624364,4438809.192655462,1.4658835208066738,18
actual,1745089261.7676277,394654.8302084026,4438809.192273417,1.465958517604632,18
actual,1745089261.8675532,394654.8302251705,4438809.192379669,1.465919212789877,18
actual,1745089261.9675539,394654.83023558196,4438809.192474082,1.4659350778327778,18
actual,1745089262.0675457,394654.8301900702,4438809.192590394,1.4659576100334208,18
actual,1745089262.1685634,394654.8301940592,4438809.192209401,1.466002325368857,18
actual,1745089262.2675066,394654.8301866712,4438809.192234405,1.4660047164699324,18
actual,1745089262.36842,394654.83013582305,4438809.192274632,1.4659671220778443,18
actual,1745089262.4676452,394654.83012993296,4438809.192262613,1.465991050541889,18
actual,1745089262.56749,394654.83012396813,4438809.192253176,1.465972253345845,18
actual,1745089262.6675458,394654.83017316717,4438809.192201603,1.4659775067868936,18
actual,1745089262.767539,394654.830183048,4438809.192185431,1.4659863032463236,18
actual,1745089262.8674781,394654.8301196631,4438809.192205959,1.4659599138680335,18
actual,1745089262.9676962,394654.83006079576,4438809.192227707,1.4659593379093805,18
actual,1745089263.0675356,394654.83002390794,4438809.192273148,1.4659686056077084,18
actual,1745089263.167736,394654.8301644499,4438809.1921837,1.4659997597348566,18
actual,1745089263.2675292,394654.83013041446,4438809.1921853805,1.4660117850534027,18
actual,1745089263.3676705,394654.83005217265,4438809.192207923,1.4660013130778908,18
actual,1745089263.4674551,394654.82991314575,4438809.192233553,1.465968483434661,18
actual,1745089263.567517,394654.8297403241,4438809.192272489,1.4659361075770363,18
actual,1745089263.6674747,394654.8301663456,4438809.19217524,1.4660131813168045,18
actual,1745089263.7679698,394654.8301467071,4438809.192191224,1.465996722861958,18
actual,1745089263.8675618,394654.8301180195,4438809.192178618,1.466006653785402,18
actual,1745089263.9680045,394654.8300938669,4438809.192188946,1.4660064617991841,18
actual,1745089264.0678756,394654.83004558156,4438809.192255145,1.465974260474485,18
actual,1745089264.168202,394654.83015885565,4438809.192184156,1.4659905443964059,18
actual,1745089264.2675445,394654.83014223387,4438809.192193192,1.465992760964556,18
actual,1745089264.367494,394654.8301732692,4438809.192298658,1.4660104236965863,18
actual,1745089264.46751,394654.8301417085,4438809.192302246,1.4660248401162077,18
actual,1745089264.5675058,394654.8300856834,4438809.192335324,1.4660074042769804,18
actual,1745089264.6674826,394654.83016149094,4438809.192169274,1.4659795662754112,18
actual,1745089264.7680795,394654.8300904219,4438809.19205474,1.4659405058067514,18
actual,1745089264.867652,394654.82997987384,4438809.191935771,1.4659145353074818,18
actual,1745089264.9676569,394654.8299059698,4438809.191965952,1.4659203123473057,18
actual,1745089265.0675106,394654.82975046616,4438809.1918966,1.46585419927524,18
actual,1745089265.167465,394654.8301611071,4438809.192204423,1.4659868617516845,18
actual,1745089265.2676601,394654.830212428,4438809.192321741,1.4660054669615106,18
actual,1745089265.368201,394654.8302379139,4438809.192323755,1.4660206687792954,18
actual,1745089265.467476,394654.83018177695,4438809.192392129,1.4660180158788325,18
actual,1745089265.567843,394654.83016199246,4438809.192520265,1.4660212098313634,18
actual,1745089265.6675775,394654.8301565621,4438809.192216607,1.4659761105234919,18
actual,1745089265.7685778,394654.8301280364,4438809.192272729,1.4659811894316153,18
actual,1745089265.8681386,394654.83007147256,4438809.19236284,1.4659602803871763,18
actual,1745089265.968175,394654.8299225434,4438809.192442681,1.4659344495142468,18
actual,1745089266.0675507,394654.82979596255,4438809.192566128,1.465919177883292,18
actual,1745089266.1678967,394654.83014509967,4438809.192197869,1.4659874726169224,18
actual,1745089266.2674358,394654.8301116789,4438809.19219695,1.4659464573795007,18
actual,1745089266.3680599,394654.83014073246,4438809.1921949815,1.4659835456261054,18
actual,1745089266.4674482,394654.83014983527,4438809.192237351,1.4659962865296452,18
actual,1745