type,timestamp,x,y,yaw,target_waypoint_idx
actual,1745427867.9766896,394655.5395170039,4438783.447995758,0.002636668900987908,0
actual,1745427867.9768002,394655.5395170039,4438783.447995758,0.002636668900987908,0
actual,1745427867.9768443,394655.5395170039,4438783.447995758,0.002636668900987908,0
actual,1745427869.3890357,394655.5382106153,4438783.447966497,0.002611222000493839,0
actual,1745427869.389086,394655.5382106153,4438783.447966497,0.002611222000493839,0
actual,1745427870.6992393,394655.5382106153,4438783.447966497,0.0026128277034055884,0
actual,1745427870.6993349,394655.5382106153,4438783.447966497,0.0026128277034055884,0
actual,1745427870.8427463,394655.5382106153,4438783.447966497,0.0026128277034055884,0
actual,1745427871.660707,394655.53814413043,4438783.447970895,0.0026871263696629085,0
actual,1745427871.6607764,394655.53814413043,4438783.447970895,0.0026871263696629085,0
actual,1745427871.8829465,394655.54138667777,4438783.446914409,0.0026903203221941793,0
actual,1745427871.883053,394655.54138667777,4438783.446914409,0.0026903203221941793,0
actual,1745427872.2150471,394655.54139537323,4438783.446899429,0.0026297399438573745,0
actual,1745427872.2151234,394655.54139537323,4438783.446899429,0.0026297399438573745,0
actual,1745427872.2151597,394655.54139537323,4438783.446899429,0.0026297399438573745,0
actual,1745427872.6285756,394655.53890355525,4438783.446328568,0.002618814182739944,0
actual,1745427872.6287036,394655.53890355525,4438783.446328568,0.002618814182739944,0
actual,1745427872.8455477,394655.53890355525,4438783.446328568,0.002618814182739944,0
actual,1745427872.8456297,394655.53890355525,4438783.446328568,0.002618814182739944,0
actual,1745427873.1693268,394655.5411360899,4438783.447612178,0.0027174950986475765,0
actual,1745427873.169405,394655.5411360899,4438783.447612178,0.0027174950986475765,0
actual,1745427873.169437,394655.5411360899,4438783.447612178,0.0027174950986475765,0
actual,1745427874.46819,394655.5411360899,4438783.447612178,0.002657438319086536,0
actual,1745427874.4682465,394655.5411360899,4438783.447612178,0.002657438319086536,0
actual,1745427875.8723135,394655.54217107384,4438783.447572492,0.0026643672762170696,0
actual,1745427875.8723755,394655.54217107384,4438783.447572492,0.0026643672762170696,0
actual,1745427876.6071582,394655.5421457547,4438783.447585138,0.0026981743038281664,0
actual,1745427876.6072114,394655.5421457547,4438783.447585138,0.0026981743038281664,0
actual,1745427877.3343468,394655.5421457547,4438783.447585138,0.0026981743038281664,0
actual,1745427877.3343968,394655.5421457547,4438783.447585138,0.0026981743038281664,0
actual,1745427878.8464308,394655.54102489364,4438783.4474174455,0.0026968478535965273,0
actual,1745427878.8464887,394655.54102489364,4438783.4474174455,0.0026968478535965273,0
actual,1745427878.9505246,394655.54102489364,4438783.4474174455,0.0026691494783673657,0
actual,1745427880.20129,394655.54852600157,4438783.448176343,0.002548774119857403,0
actual,1745427880.2013419,394655.54852600157,4438783.448176343,0.002548774119857403,0
actual,1745427880.9557273,394655.54743700486,4438783.448488991,0.0026387982026751734,0
actual,1745427880.9557772,394655.54743700486,4438783.448488991,0.0026387982026751734,0
actual,1745427882.5795557,394655.54808592785,4438783.4471979635,0.0026387982026751734,0
actual,1745427882.5797224,394655.54808592785,4438783.4471979635,0.0026387982026751734,0
actual,1745427883.0004163,394655.5460693542,4438783.449047761,0.0026397232271788756,0
actual,1745427883.000536,394655.5460693542,4438783.449047761,0.0026397232271788756,0
actual,1745427883.2709942,394655.5464823991,4438783.448236926,0.0026185523833520616,0
actual,1745427883.2710435,394655.5464823991,4438783.448236926,0.0026185523833520616,0
actual,1745427884.0044847,394655.54644545616,4438783.447805093,0.0026185523833520616,0
actual,1745427884.0045757,394655.54644545616,4438783.447805093,0.0026185523833520616,0
actual,1745427884.622817,394655.54613489157,4438783.44858367,0.0026361278489196675,0
actual,1745427884.6228695,394655.54613489157,4438783.44858367,0.0026361278489196675,0
actual,1745427884.8536518,394655.5460674423,4438783.448578923,0.002631607446157006,0
actual,1745427884.8537009,394655.5460674423,4438783.448578923,0.002631607446157006,0
actual,1745427884.9375234,394655.5460674423,4438783.448578923,0.002675816636110017,0
actual,1745427885.1735623,394655.5460674423,4438783.448578923,0.0026805988382605605,0
actual,1745427885.173659,394655.5460674423,4438783.448578923,0.0026805988382605605,0
actual,1745427885.2891757,394655.5457869021,4438783.447156568,0.0026222873879513248,0
actual,1745427885.521734,394655.5457869021,4438783.447156568,0.0026222873879513248,0
actual,1745427885.52179,394655.5457869021,4438783.447156568,0.0026222873879513248,0
actual,1745427885.5289493,394655.5457869021,4438783.447156568,0.0027201479991106063,0
actual,1745427885.7728565,394655.5471445076,4438783.448405001,0.0026754152103820794,0
actual,1745427885.772906,394655.5471445076,4438783.448405001,0.0026754152103820794,0
actual,1745427885.8402927,394655.5471445076,4438783.448405001,0.0026754152103820794,0
actual,1745427886.2143195,394655.5468898058,4438783.447709475,0.0026754152103820794,0
actual,1745427886.214377,394655.5468898058,4438783.447709475,0.0026754152103820794,0
actual,1745427886.21441,394655.5468898058,4438783.447709475,0.0026754152103820794,0
actual,1745427886.8262467,394655.5468898058,4438783.447709475,0.0026453257340777695,0
actual,1745427886.8263147,394655.5468898058,4438783.447709475,0.0026453257340777695,0
actual,1745427887.9853187,394655.5468898058,4438783.447709475,0.0026615572961212605,0
actual,1745427887.9854274,394655.5468898058,4438783.447709475,0.0026615572961212605,0
actual,1745427888.1084423,394655.5468622626,4438783.447644096,0.0026415907294785068,0
actual,1745427888.3663852,394655.5468622626,4438783.447644096,0.002633858920892099,0
actual,1745427888.366436,394655.5468622626,4438783.447644096,0.002633858920892099,0
actual,1745427890.048827,394655.5484529446,4438783.445790281,0.0026791327616888664,0
actual,1745427890.0488868,394655.5484529446,4438783.445790281,0.0026791327616888664,0
actual,1745427890.3057816,394655.54797618743,4438783.446864179,0.0026089705257587464,0
actual,1745427890.3058295,394655.54797618743,4438783.446864179,0.0026089705257587464,0
actual,1745427891.2455575,394655.54801631044,4438783.447054965,0.0026094941245342626,0
actual,1745427891.2456028,394655.54801631044,4438783.447054965,0.0026094941245342626,0
actual,1745427894.2212927,394655.5483991074,4438783.446992388,0.0025848675287885444,0
actual,1745427894.2213602,394655.5483991074,4438783.446992388,0.0025848675287885444,0
actual,1745427894.8489356,394655.54840575764,4438783.446995721,0.002673949133810385,0
actual,1745427894.8489835,394655.54840575764,4438783.446995721,0.002673949133810385,0
actual,1745427895.1170335,394655.54840575764,4438783.446995721,0.002673949133810385,0
actual,1745427895.1171713,394655.54840575764,4438783.446995721,0.002673949133810385,0
actual,1745427896.2328026,394655.5481632858,4438783.444744726,0.002635464623803848,0
actual,1745427896.232882,394655.5481632858,4438783.444744726,0.002635464623803848,0
actual,1745427897.2191017,394655.5481711202,4438783.444760992,0.0026662173252239773,0
actual,1745427897.2191515,394655.5481711202,4438783.444760992,0.0026662173252239773,0
actual,1745427897.7072644,394655.5470274747,4438783.445825285,0.0026832691920160665,0
actual,1745427897.70734,394655.5470274747,4438783.445825285,0.0026832691920160665,0
actual,1745427897.8496096,394655.5481611058,4438783.446810501,0.0026870041966153293,0
actual,1745427903.775528,394655.5481930885,4438783.446879758,0.0027040386101146946,0
actual,1745427903.7756293,394655.5481930885,4438783.446879758,0.0027040386101146946,0
actual,1745427906.4379783,394655.5487780273,4438783.444560472,0.0027407952441619037,0
actual,1745427906.4380798,394655.5487780273,4438783.444560472,0.0027407952441619037,0
actual,1745427906.9101317,394655.5493259649,4438783.444638502,0.0027407952441619037,0
actual,1745427906.910198,394655.5493259649,4438783.444638502,0.0027407952441619037,0
actual,1745427909.9295113,394655.54962158506,4438783.444691959,0.002782211907311581,0
actual,1745427909.9295626,394655.54962158506,4438783.444691959,0.002782211907311581,0
actual,1745427910.301887,394655.550058351,4438783.446043138,0.0026264063649860487,0
actual,1745427910.301978,394655.550058351,4438783.446043138,0.0026264063649860487,0
actual,1745427910.3020108,394655.550058351,4438783.446043138,0.0026264063649860487,0
actual,1745427910.9594042,394655.550058351,4438783.446043138,0.0026129673297456434,0
actual,1745427910.9594734,394655.550058351,4438783.446043138,0.0026129673297456434,0
actual,1745427911.4621696,394655.54995317396,4438783.445454578,0.0026245388626864176,0
actual,1745427911.4622173,394655.54995317396,4438783.445454578,0.0026245388626864176,0
actual,1745427916.0719821,394655.5474326579,4438783.446626765,0.0026245388626864176,0
actual,1745427916.0720506,394655.5474326579,4438783.446626765,0.0026245388626864176,0
actual,1745427916.3791823,394655.54710838466,4438783.446609344,0.002586996830476058,0
actual,1745427916.3793063,394655.54710838466,4438783.446609344,0.002586996830476058,0
actual,1745427916.3793385,394655.54710838466,4438783.446609344,0.002586996830476058,0
actual,1745427919.0007498,394655.54710838466,4438783.446609344,0.002741598095617778,0
actual,1745427919.0009382,394655.54710838466,4438783.446609344,0.002741598095617778,0
actual,1745427919.65983,394655.5486008048,4438783.4446445,0.002673949133810385,0
actual,1745427919.6598825,394655.5486008048,4438783.4446445,0.002673949133810385,0
actual,1745427919.7977364,394655.55004322034,4438783.44619496,0.002673949133810385,0
actual,1745427919.9169,394655.54888359463,4438783.444945466,0.0027100250894490506,0
actual,1745427921.5685818,394655.54888359463,4438783.444945466,0.0027278798076970146,0
actual,1745427921.5686274,394655.54888359463,4438783.444945466,0.0027278798076970146,0
actual,1745427926.6330376,394655.548958334,4438783.444170624,0.002622810986727089,0
actual,1745427926.6332004,394655.548958334,4438783.444170624,0.002622810986727089,0
actual,1745427927.4962456,394655.548958334,4438783.444170624,0.0026208213113796306,0
actual,1745427927.4964533,394655.548958334,4438783.444170624,0.0026208213113796306,0
actual,1745427930.312885,394655.549232097,4438783.444675254,0.002628814919353921,0
actual,1745427930.31305,394655.549232097,4438783.444675254,0.002628814919353921,0
actual,1745427932.4937084,394655.5492347891,4438783.445610239,0.0027550371308581838,0
actual,1745427932.4938352,394655.5492347891,4438783.445610239,0.0027550371308581838,0
actual,1745427933.782725,394655.5492347891,4438783.445610239,0.0026152188044807363,0
actual,1745427933.7828362,394655.5492347891,4438783.445610239,0.0026152188044807363,0
actual,1745427935.7871218,394655.54923495767,4438783.4456197955,0.0026655541001084056,0
actual,1745427935.7871814,394655.54923495767,4438783.4456197955,0.0026655541001084056,0
actual,1745427936.920281,394655.54923114413,4438783.4456242,0.002660894071005441,0
actual,1745427936.9203386,394655.54923114413,4438783.4456242,0.002660894071005441,0
actual,1745427939.8964791,394655.54871289176,4438783.445501585,0.0026971096529844097,0
actual,1745427939.8966498,394655.54871289176,4438783.445501585,0.0026971096529844097,0
actual,1745427940.4107487,394655.54871289176,4438783.445501585,0.0027217537020226036,0
actual,1745427940.410821,394655.54871289176,4438783.445501585,0.0027217537020226036,0
actual,1745427941.7782905,394655.5520221015,4438783.444286775,0.0026960450021406525,0
actual,1745427941.7784042,394655.5520221015,4438783.444286775,0.0026960450021406525,0
actual,1745427942.5635679,394655.55270153633,4438783.444118386,0.00271482474489207,0
actual,1745427942.5637758,394655.55270153633,4438783.444118386,0.00271482474489207,0
actual,1745427942.9863439,394655.5527186937,4438783.444116662,0.0026818031154443723,0
actual,1745427942.9864888,394655.5527186937,4438783.444116662,0.0026818031154443723,0
actual,1745427944.7591307,394655.5527331389,4438783.444113591,0.0026498461368404313,0
actual,1745427944.759179,394655.5527331389,4438783.444113591,0.0026498461368404313,0
actual,1745427944.9458756,394655.550289919,4438783.443368404,0.0026981743038281664,0
actual,1745427945.068474,394655.5521647242,4438783.445204461,0.0026981743038281664,0
actual,1745427945.0685802,394655.5521647242,4438783.445204461,0.0026981743038281664,0
actual,1745427945.1839483,394655.5521647242,4438783.445204461,0.002664751248652531,0
actual,1745427945.9047992,394655.5521647242,4438783.445204461,0.002664751248652531,0
actual,1745427945.9048736,394655.5521647242,4438783.445204461,0.002664751248652531,0
actual,1745427946.198823,394655.5464890851,4438783.445129725,0.0027776740512564435,0
actual,1745427946.198872,394655.5464890851,4438783.445129725,0.0027776740512564435,0
actual,1745427946.2567437,394655.5464890851,4438783.445129725,0.0026870041966153293,0
actual,1745427946.5147336,394655.54799722036,4438783.445010865,0.0026983139301682215,0
actual,1745427946.514904,394655.54799722036,4438783.445010865,0.0026983139301682215,0
actual,1745427946.5149388,394655.54799722036,4438783.445010865,0.0026983139301682215,0
actual,1745427946.7678912,394655.54799722036,4438783.445010865,0.0026367910740354873,0
actual,1745427946.768069,394655.54799722036,4438783.445010865,0.0026367910740354873,0
actual,1745427948.1439931,394655.54799722036,4438783.445010865,0.0026616969224613155,0
actual,1745427948.1440423,394655.54799722036,4438783.445010865,0.0026616969224613155,0
actual,1745427948.4525874,394655.54799722036,4438783.445010865,0.0026616969224613155,0
actual,1745427948.4526336,394655.54799722036,4438783.445010865,0.0026616969224613155,0
actual,1745427948.452666,394655.54799722036,4438783.445010865,0.0026616969224613155,0
actual,1745427949.0609446,394655.5489269278,4438783.4437058475,0.0025561045027158737,0
actual,1745427949.0609915,394655.5489269278,4438783.4437058475,0.0025561045027158737,0
actual,1745427950.0968785,394655.54899363115,4438783.443520108,0.002632672097000763,0
actual,1745427950.0970922,394655.54899363115,4438783.443520108,0.002632672097000763,0
actual,1745427954.1524804,394655.54652875883,4438783.443123093,0.002649444711112494,0
actual,1745427954.152585,394655.54652875883,4438783.443123093,0.002649444711112494,0
actual,1745427955.7476826,394655.54652875883,4438783.443123093,0.0026783473635254677,0
actual,1745427955.7478077,394655.54652875883,4438783.443123093,0.0026783473635254677,0
actual,1745427955.9665146,394655.54849938035,4438783.445338117,0.0026783473635254677,0
actual,1745427955.966566,394655.54849938035,4438783.445338117,0.0026783473635254677,0
actual,1745427956.0480106,394655.54623953067,4438783.44547829,0.002635866049532033,0
actual,1745427956.1479883,394655.54601666995,4438783.445464118,0.002600715118396822,0
actual,1745427956.247996,394655.5457125226,4438783.445506009,0.002617627358848608,0
actual,1745427956.3480003,394655.54541232705,4438783.445591935,0.002626545991326352,0
actual,1745427956.4479587,394655.54717142036,4438783.446312563,0.002573278542555294,0
actual,1745427956.5479467,394655.5473425357,4438783.446320117,0.0025848675287885444,0
actual,1745427956.6479626,394655.54746486887,4438783.446433554,0.0026028444200840873,0
actual,1745427956.7479153,394655.54750909447,4438783.446434527,0.0026383967769472365,0
actual,1745427956.848088,394655.54752925463,4438783.446362544,0.002765823265635311,0
actual,1745427956.9480073,394655.5472325124,4438783.444965311,0.002632672097000763,0
actual,1745427957.0530293,394655.5473404376,4438783.4448495535,0.002625079914754658,0
actual,1745427957.14794,394655.54746729374,4438783.444669298,0.002679010588641287,0
actual,1745427957.261918,394655.5475886297,4438783.44456502,0.0026603704722299244,0
actual,1745427957.3530817,394655.54766980954,4438783.444350271,0.0026638262241488295,0
actual,1745427957.543035,394655.5477297453,4438783.4442024,0.002561288130594107,0
actual,1745427957.5491307,394655.54807320854,4438783.443944569,0.002561288130594107,0
actual,1745427957.648593,394655.5482110982,4438783.443894435,0.0025940479606541707,0
actual,1745427957.747945,394655.548348825,4438783.443774804,0.002626668164373931,0
actual,1745427957.8480036,394655.54847849533,4438783.44366023,0.0026860617188191518,0
actual,1745427957.947984,394655.5491220118,4438783.444254505,0.002625219541094713,0
actual,1745427958.047942,394655.5491513789,4438783.444298369,0.0026371924997634242,0
actual,1745427958.1479778,394655.54916098976,4438783.444286502,0.002641852528866141,0
actual,1745427958.2479396,394655.54918481456,4438783.444297312,0.002682728139948074,0
actual,1745427958.3479862,394655.54925737425,4438783.444334705,0.0026866027708873923,0
actual,1745427958.4479375,394655.54865280876,4438783.444369197,0.002581795749305101,0
actual,1745427958.547937,394655.54858427576,4438783.444379207,0.002602582620696453,0
actual,1745427958.6480134,394655.5485558361,4438783.444366261,0.002618953809079999,0
actual,1745427958.7480268,394655.5485436119,4438783.444343841,0.0026382571506071814,0
actual,1745427958.847976,394655.5485575327,4438783.444334726,0.0026506489882963057,0
actual,1745427958.9478652,394655.5485797432,4438783.444338805,0.0026511725870718224,0
actual,1745427959.0479443,394655.54947151605,4438783.44384497,0.0026226888136792617,0
actual,1745427959.1480315,394655.54949273757,4438783.443812609,0.0026778063114572272,0
actual,1745427959.2479458,394655.5494730171,4438783.443821451,0.002671016980666997,0
actual,1745427959.347943,394655.5494542646,4438783.443731314,0.002738788115521969,0
actual,1745427959.4480295,394655.5480059131,4438783.445335413,0.0026362674752599706,0
actual,1745427959.5479746,394655.5480030618,4438783.445520572,0.0026337367478445196,0
actual,1745427959.6479552,394655.5479227152,4438783.445694032,0.002624015263910901,0
actual,1745427959.7479467,394655.54789276415,4438783.445862361,0.002628814919353921,0
actual,1745427959.8479383,394655.5478914234,4438783.445903041,0.00264052607863475,0
actual,1745427959.9479358,394655.5481773481,4438783.445676579,0.0027839397832711576,0
actual,1745427960.0479412,394655.54801695235,4438783.445511071,0.0026666187509521624,0
actual,1745427960.147919,394655.548190434,4438783.445493212,0.0027394687939302645,0
actual,1745427960.2480195,394655.548352601,4438783.445573521,0.0027212126499543635,0
actual,1745427960.3479452,394655.5486372445,4438783.445535298,0.002733063435575496,0
actual,1745427960.4480345,394655.55048489483,4438783.445273011,0.002725872679057328,0
actual,1745427960.5479362,394655.55075487436,4438783.445498284,0.0027188215488792153,0
actual,1745427960.6480317,394655.5511522158,4438783.445208816,0.0028383940559333033,0
actual,1745427960.7479508,394655.5512238681,4438783.445316209,0.0028004505979950063,0
actual,1745427960.8479352,394655.551335639,4438783.445402232,0.00285050664094207,0
actual,1745427960.9479363,394655.55083608895,4438783.444693563,0.0028031034984580365,0
actual,1745427961.0480084,394655.5509242255,4438783.444437132,0.002914699850830558,0
actual,1745427961.1479757,394655.55124334566,4438783.444377447,0.0028810149962670405,0
actual,1745427961.2479482,394655.5516375759,4438783.444207206,0.0028410644096888093,0
actual,1745427961.3478928,394655.5520832743,4438783.4438960375,0.0029625044190427765,0
actual,1745427961.447962,394655.55237931694,4438783.445461459,0.00288499434696171,0
actual,1745427961.5479386,394655.5526313685,4438783.44546496,0.0029864677896724273,0
actual,1745427961.6479416,394655.5528990785,4438783.445467761,0.0030274830270944158,0
actual,1745427961.7479284,394655.55310892814,4438783.4455367755,0.0030402588372190017,0
actual,1745427961.8479517,394655.5531289123,4438783.445471803,0.0030710289919316067,0
actual,1745427961.9479885,394655.5494674081,4438783.445282259,0.003119758584647279,0
actual,1745427962.047967,394655.5490499842,4438783.445371019,0.003116163206388319,0
actual,1745427962.1479769,394655.54857701214,4438783.445323888,0.003199921557191376,0
actual,1745427962.2479563,394655.5481411309,4438783.445335861,0.0031954011544287142,0
actual,1745427962.3479543,394655.54772629275,4438783.445358386,0.0031879311452301887,0
actual,1745427962.4479458,394655.5472823766,4438783.445317806,0.0032261538558488435,0
actual,1745427962.547975,394655.5529756834,4438783.446493416,0.00268953492403078,0
actual,1745427962.6479614,394655.55305304204,4438783.446641996,0.0026969874799368304,0
actual,1745427962.7480373,394655.5530471448,4438783.446744708,0.002709501490673534,0
actual,1745427962.847976,394655.5530725844,4438783.446778993,0.0027506389011431017,0
actual,1745427962.9479928,394655.55196556746,4438783.444198607,0.0026652923007205232,0
actual,1745427963.0479727,394655.55198727583,4438783.444028419,0.002689918896466242,0
actual,1745427963.1479754,394655.55197541753,4438783.44393388,0.0026975110787123466,0
actual,1745427963.2479804,394655.5518871621,4438783.443745443,0.002683932417131886,0
actual,1745427963.3479464,394655.5518471476,4438783.443508288,0.002702834332930883,0
actual,1745427963.4480217,394655.55200932326,4438783.443384885,0.0026465125579691056,0
actual,1745427963.5479782,394655.5519050354,4438783.443425781,0.0026285356666735627,0
actual,1745427963.6479764,394655.5518478306,4438783.443376852,0.0026648908749925863,0
actual,1745427963.747943,394655.5518777271,4438783.44306858,0.0027001814324678526,0
actual,1745427963.8480885,394655.55196082604,4438783.443064502,0.00265956762077405,0
actual,1745427963.9479702,394655.551973024,4438783.4434751235,0.0026538429408275764,0
actual,1745427964.0479214,394655.5518580778,4438783.443385025,0.0027401320190460843,0
actual,1745427964.1479406,394655.5515460888,4438783.443604385,0.0026273488427822267,0
actual,1745427964.248027,394655.55124432454,4438783.443521572,0.002635202824416214,0
actual,1745427964.3480098,394655.55109383585,4438783.443592576,0.002663302625373313,0
actual,1745427964.4479742,394655.5533254702,4438783.4437583955,0.002631869245544888,0
actual,1745427964.54802,394655.5536169222,4438783.4437092785,0.0026744727325861495,0
actual,1745427964.6479738,394655.55390482105,4438783.443837059,0.0026285356666735627,0
actual,1745427964.7479396,394655.55416409805,4438783.4437777735,0.0026949803512968957,0
actual,1745427964.8479483,394655.5544457089,4438783.44389019,0.002653441515099391,0
actual,1745427964.9479403,394655.5527152833,4438783.444955549,0.0026350631980759107,0
actual,1745427965.0480788,394655.5527077187,4438783.444992902,0.00262947814446974,0
actual,1745427965.1479883,394655.55276102154,4438783.445023708,0.0026834088183561216,0
actual,1745427965.2479537,394655.5528108225,4438783.445118512,0.002654366539603093,0
actual,1745427965.3480265,394655.5528053642,4438783.445158658,0.0026971096529844097,0
actual,1745427965.4479454,394655.5531812202,4438783.445233605,0.0026446450556694744,0
actual,1745427965.5479624,394655.55320105224,4438783.445275274,0.0026881910205066653,0
actual,1745427965.6479483,394655.55325517815,4438783.445365707,0.0026676834017956715,0
actual,1745427965.7479386,394655.5532484148,4438783.445454255,0.002671016980666997,0
actual,1745427965.8480508,394655.55325487634,4438783.445348671,0.002742784919509114,0
actual,1745427965.9480321,394655.5534040595,4438783.445320332,0.0027660850650231936,0
actual,1745427966.0479498,394655.55197453476,4438783.444549476,0.002702973959271186,0
actual,1745427966.1479557,394655.5520972943,4438783.444506908,0.002709239691285652,0
actual,1745427966.247953,394655.55220065813,4438783.4444641555,0.0027602382120291407,0
actual,1745427966.347975,394655.5522972048,4438783.444629123,0.0027507785274831567,0
actual,1745427966.4479573,394655.552352953,4438783.444734675,0.002759173561185384,0
actual,1745427966.5479572,394655.55250258825,4438783.4443010865,0.0026321310449327704,0
actual,1745427966.648028,394655.5523630057,4438783.444282385,0.0026342603466200363,0
actual,1745427966.7479775,394655.55225963745,4438783.444188497,0.0026944567525213794,0
actual,1745427966.8479464,394655.5522313275,4438783.44418434,0.002655832616174787,0
actual,1745427966.9480166,394655.5524130254,4438783.4452604,0.002607103023459115,0
actual,1745427967.0479457,394655.5523654026,4438783.445301294,0.002602303368016095,0
actual,1745427967.1479378,394655.5523377486,4438783.4453335805,0.0026503697356159476,0
actual,1745427967.2479455,394655.5523277211,4438783.4454104025,0.0026248181153667757,0
actual,1745427967.3479376,394655.55232785107,4438783.445447789,0.0026537033144872733,0
actual,1745427967.4480753,394655.5535691384,4438783.44504213,0.0026439818305536546,0
actual,1745427967.5479634,394655.5536102017,4438783.444974137,0.002667421602408037,0
actual,1745427967.6479638,394655.5536613662,4438783.4449885255,0.002656897267018544,0
actual,1745427967.747971,394655.5536499969,4438783.44486921,0.0026984535565085246,0
actual,1745427967.8480115,394655.5536316863,4438783.44476177,0.0027153657969603106,0
actual,1745427967.9479673,394655.55361635564,4438783.445784463,0.0026371924997634242,0
actual,1745427968.047939,394655.553620458,4438783.4457454095,0.0026879292211187834,0
actual,1745427968.1479514,394655.5536141784,4438783.445764382,0.002738386689794032,0
actual,1745427968.2479515,394655.55359088816,4438783.445797126,0.002770884720466213,0
actual,1745427968.347969,394655.55353512755,4438783.445805302,0.002801113823110826,0
actual,1745427968.4480858,394655.553981547,4438783.446027244,0.0026426553803222635,0
actual,1745427968.5479534,394655.5540626539,4438783.446028052,0.0026778063114572272,0
actual,1745427968.6479452,394655.5541015081,4438783.446128048,0.0026759388091575956,0
actual,1745427968.7479742,394655.55411869765,4438783.446175408,0.0026832691920160665,0
actual,1745427968.8479385,394655.5541014026,4438783.446166206,0.0027100250894490506,0
actual,1745427968.947943,394655.5517908118,4438783.446982251,0.002699116781624096,0
actual,1745427969.0479426,394655.55164425913,4438783.446982319,0.002758632509117144,0
actual,1745427969.1479633,394655.5515481027,4438783.447227477,0.0027328016361876134,0
actual,1745427969.2479472,394655.55142008583,4438783.447289675,0.00275025492870764,0
actual,1745427969.3479412,394655.55124071427,4438783.447357915,0.002747724201292189,0
actual,1745427969.4479504,394655.55291246006,4438783.447847867,0.0026831295656760115,0
actual,1745427969.5479465,394655.5529864115,4438783.447918912,0.002710705767857346,0
actual,1745427969.647959,394655.55311968905,4438783.44795554,0.002742261320733598,0
actual,1745427969.7479584,394655.5533062257,4438783.448097825,0.00278353835754322,0
actual,1745427969.8479462,394655.5535288212,4438783.448269369,0.0027861912580062504,0
actual,1745427969.9479482,394655.55156094255,4438783.446343282,0.002802318100294638,0
actual,1745427970.0479577,394655.55138843734,4438783.446143394,0.0028110971064320787,0
actual,1745427970.1479905,394655.55117357237,4438783.446010626,0.002768214366710707,0
actual,1745427970.247962,394655.5508154413,4438783.445813338,0.002797117019123681,0
actual,1745427970.3479393,394655.5505704256,4438783.445559377,0.0028411865827366366,0
actual,1745427970.4479365,394655.55429875205,4438783.44705103,0.0025969801137975587,0
actual,1745427970.5479362,394655.554398634,4438783.447153755,0.002598044764641316,0
actual,1745427970.6479452,394655.5544533919,4438783.447167091,0.0026145555793651645,0
actual,1745427970.7479844,394655.5543970772,4438783.447251022,0.0026166848810524304,0
actual,1745427970.847971,394655.55426871026,4438783.447284589,0.0026631629990330097,0
actual,1745427970.9479797,394655.5536623934,4438783.447217223,0.0026048340954315462,0
actual,1745427971.0479386,394655.5536196813,4438783.447307701,0.002626545991326352,0
actual,1745427971.147937,394655.55373956036,4438783.447295005,0.0026779459377975303,0
actual,1745427971.2479854,394655.55402751395,4438783.447111045,0.0027326620098475584,0
actual,1745427971.3479369,394655.5544206469,4438783.447164144,0.002764235016016038,0
actual,1745427971.4480178,394655.5540701715,4438783.44635179,0.0026206816850395756,0
actual,1745427971.5480056,394655.55418308737,4438783.4461604385,0.0026577001184744185,0
actual,1745427971.6479933,394655.55433347233,4438783.446004664,0.0026437200311657727,0
actual,1745427971.747969,394655.55435486557,4438783.445910175,0.002602582620696453,0
actual,1745427971.847945,394655.55414336285,4438783.445774953,0.0026194774078557637,0
actual,1745427971.947962,394655.55528687616,4438783.447134261,0.0025916568595790225,0
actual,1745427972.048038,394655.5550639546,4438783.446933314,0.002663424798420892,0
actual,1745427972.1479409,394655.5548431511,4438783.446772158,0.0026949803512968957,0
actual,1745427972.2479963,394655.5546882413,4438783.446708342,0.0027558399823140586,0
actual,1745427972.3479617,394655.55462095345,4438783.446696717,0.0027401320190460843,0
actual,1745427972.4479425,394655.55464262096,4438783.4465904245,0.0027913923391772073,0
actual,1745427972.547959,394655.55656086176,4438783.447409815,0.0026348013986882764,0
actual,1745427972.6479425,394655.5566616466,4438783.447416056,0.002624015263910901,0
actual,1745427972.747963,394655.5566879945,4438783.447371902,0.0026170863067803674,0
actual,1745427972.847969,394655.5567256309,4438783.447200284,0.002656897267018544,0
actual,1745427972.9478686,394655.5559253978,4438783.447906582,0.0026130895027934703,0
actual,1745427973.047998,394655.5559680611,4438783.447943844,0.0026497065105001282,0
actual,1745427973.1480246,394655.55607874336,4438783.448072762,0.0026505093619562507,0
actual,1745427973.2479906,394655.55611008656,4438783.448070382,0.0026931303022897403,0
actual,1745427973.3478854,394655.55615025025,4438783.448146106,0.0027188215488792153,0
actual,1745427973.447936,394655.5557178046,4438783.447937985,0.0025619688090024024,0
actual,1745427973.5479512,394655.55567704013,4438783.447836902,0.002623613838182964,0
actual,1745427973.6479416,394655.55566487747,4438783.44781157,0.0026166848810524304,0
actual,1745427973.7479336,394655.5556773287,4438783.447768819,0.0026501079362283137,0
actual,1745427973.8480103,394655.55567775195,4438783.447606506,0.002694194953133497,0
actual,1745427973.9479914,394655.5572610771,4438783.448086323,0.0025684788871125227,0
actual,1745427974.047979,394655.55733693636,4438783.448127839,0.002654506165943148,0
actual,1745427974.147972,394655.55754645256,4438783.44803575,0.0026640880235367114,0
actual,1745427974.247985,394655.5578190616,4438783.448158505,0.002665152674380468,0
actual,1745427974.3479404,394655.55807151,4438783.448290587,0.0026917863987658735,0
actual,1745427974.4479353,394655.5558220476,4438783.446605085,0.002633998547232402,0
actual,1745427974.5479748,394655.55561244953,4438783.446458762,0.0026716802057828166,0
actual,1745427974.6480162,394655.55545765714,4438783.446278707,0.002706708963870449,0
actual,1745427974.7480235,394655.55537912314,4438783.446109786,0.0027185597494913333,0
actual,1745427974.8479521,394655.55531292653,4438783.445943946,0.0027511799532110937,0
actual,1745427974.9479773,394655.555517478,4438783.446168869,0.0025712888672080837,0
actual,1745427975.0479488,394655.55549565936,4438783.446017001,0.0026184127570120065,0
actual,1745427975.1479437,394655.5555120841,4438783.445900241,0.0026309442210411863,0
actual,1745427975.2479386,394655.5555601034,4438783.4458746845,0.0026232124124550265,0
actual,1745427975.3479617,394655.55558871233,4438783.4458608525,0.002657438319086536,0
actual,1745427975.4479718,394655.5533408807,4438783.446564464,0.0026027047937440323,0
actual,1745427975.547948,394655.5531901647,4438783.446620117,0.002601238717172338,0
actual,1745427975.647977,394655.5530054553,4438783.446667374,0.0026397232271788756,0
actual,1745427975.7479522,394655.55283648055,4438783.446759551,0.00264052607863475,0
actual,1745427975.847944,394655.55264617427,4438783.446797934,0.002663302625373313,0
actual,1745427975.947936,394655.55431145336,4438783.445773886,0.0025882011076598698,0
actual,1745427976.0479631,394655.55434260494,4438783.4457280375,0.002613630554861463,0
actual,1745427976.1479394,394655.5543946484,4438783.445642972,0.00263572642319173,0
actual,1745427976.2479384,394655.55444736284,4438783.445552247,0.002655832616174787,0
actual,1745427976.3479698,394655.55452181026,4438783.445479877,0.002651713639140063,0
actual,1745427976.4479613,394655.55544338573,4438783.446180058,0.0026284134936259834,0
actual,1745427976.5479162,394655.555503052,4438783.446252498,0.0026296003175173195,0
actual,1745427976.6479561,394655.55555463664,4438783.446263393,0.002661155870393323,0
actual,1745427976.747876,394655.5555653315,4438783.446223826,0.0026716802057828166,0
actual,1745427976.8478947,394655.55561683816,4438783.4462208375,0.0026959228290930736,0
actual,1745427976.947964,394655.5545168313,4438783.446355622,0.002598044764641316,0
actual,1745427977.0479524,394655.55441834626,4438783.446316833,0.0026343999729603394,0
actual,1745427977.1479864,394655.554346152,4438783.446343847,0.0026222873879513248,0
actual,1745427977.2479575,394655.55420642113,4438783.44641855,0.002628814919353921,0
actual,1745427977.347989,394655.5539902409,4438783.4465224,0.002627872441557743,0
actual,1745427977.4479835,394655.5550149898,4438783.446141715,0.002641992155206444,0
actual,1745427977.547969,394655.555105751,4438783.445806469,0.0027503771017552193,0
actual,1745427977.6478438,394655.55525620293,4438783.445993137,0.0027023107341553666,0
actual,1745427977.7479017,394655.55541617173,4438783.445869776,0.0027702214953503937,0
actual,1745427977.8479548,394655.55566383887,4438783.445635061,0.002852513769582004,0
actual,1745427977.947982,394655.55596349924,4438783.44568996,0.002834397251946158,0
actual,1745427978.0479867,394655.55512364156,4438783.446081689,0.002643056806050201,0
actual,1745427978.1479793,394655.55497783725,4438783.446131022,0.002612426277677651,0
actual,1745427978.2479427,394655.55478355015,4438783.446181516,0.0026501079362283137,0
actual,1745427978.347942,394655.5545439444,4438783.446390516,0.0026387982026751734,0
actual,1745427978.4479475,394655.55582020583,4438783.445638237,0.0025976433389131304,0
actual,1745427978.547939,394655.5559634807,4438783.445532624,0.002645587533465404,0
actual,1745427978.6480556,394655.55607617914,4438783.44557086,0.0026126880770655334,0
actual,1745427978.7480361,394655.55617124715,4438783.445445992,0.002669952329823488,0
actual,1745427978.8479726,394655.5562613049,4438783.445444424,0.002723219778594298,0
actual,1745427978.9480271,394655.5540522858,4438783.445713463,0.0026017797692405786,0
actual,1745427979.047939,394655.55386239255,4438783.445575136,0.0026792723880289214,0
actual,1745427979.1479342,394655.55365322065,4438783.445603386,0.0026832691920160665,0
actual,1745427979.2479458,394655.55348012585,4438783.445519948,0.002705504686686389,0
actual,1745427979.3478665,394655.5532537473,4438783.445498594,0.0027712861461941505,0
actual,1745427979.4480124,394655.55417593964,4438783.446018307,0.0026343999729603394,0
actual,1745427979.5479865,394655.5541618456,4438783.445962714,0.0026687480526394283,0
actual,1745427979.6479726,394655.55415543873,4438783.4460000945,0.002651713639140063,0
actual,1745427979.747953,394655.55416337523,4438783.445906511,0.0027164304478040674,0
actual,1745427979.8479912,394655.5541889067,4438783.445896654,0.00271548797000789,0
actual,1745427979.9479823,394655.55417531164,4438783.446443453,0.002582860400148858,0
actual,1745427980.0479386,394655.5542205897,4438783.446444597,0.002610035176602503,0
actual,1745427980.1479378,394655.55421051825,4438783.446473829,0.002637855724879244,0
actual,1745427980.2480273,394655.5542497545,4438783.446567596,0.0026305427953132493,0
actual,1745427980.3479667,394655.55434492865,4438783.4466668,0.002668346626911491,0
actual,1745427980.447946,394655.55510385,4438783.446886195,0.0025812721505295844,0
actual,1745427980.5480108,394655.5551190666,4438783.446963401,0.0025711492408680287,0
actual,1745427980.647959,394655.55514996056,4438783.447116383,0.002550118023381518,0
actual,1745427980.7480032,394655.5552092175,4438783.44716896,0.0025848675287885444,0
actual,1745427980.847949,394655.555302566,4438783.447238346,0.0026133513021811047,0
actual,1745427980.9479332,394655.55416540947,4438783.447013546,0.002612286651337596,0
actual,1745427981.0480046,394655.5541129068,4438783.447040813,0.0026342603466200363,0
actual,1745427981.148043,394655.55404376396,4438783.447034797,0.0026362674752599706,0
actual,1745427981.2479663,394655.55396642134,4438783.447031822,0.002659707247114105,0
actual,1745427981.3479767,394655.5539017238,4438783.4470925685,0.002660894071005441,0
actual,1745427981.447934,394655.555475823,4438783.447137473,0.002584326476720552,0
actual,1745427981.5479443,394655.55551553296,4438783.44712815,0.0026121644782897686,0
actual,1745427981.6479344,394655.5555458114,4438783.447143374,0.0025957758366134988,0
actual,1745427981.7479346,394655.55561258463,4438783.447207899,0.0025786017967740784,0
actual,1745427981.8480537,394655.55573319044,4438783.447265787,0.0025880614813198147,0
actual,1745427981.9479806,394655.55527342774,4438783.447091177,0.002628814919353921,0
actual,1745427982.0479872,394655.5552899875,4438783.447016851,0.0026679626544760296,0
actual,1745427982.148059,394655.55523062905,4438783.446953916,0.0027021711078150635,0
actual,1745427982.2479496,394655.5550995507,4438783.446912554,0.0027457170726525025,0
actual,1745427982.34797,394655.554852025,4438783.44694281,0.0027479860006800715,0
actual,1745427982.4479659,394655.5545092176,4438783.446953021,0.0028064370773293623,0
actual,1745427982.5479376,394655.5551521905,4438783.446283409,0.0026309442210411863,0
actual,1745427982.6479423,394655.5552626405,4438783.446100313,0.0027047018352305144,0
actual,1745427982.7479558,394655.55534269806,4438783.44597882,0.0027269373299010848,0
actual,1745427982.8479743,394655.5554104756,4438783.445900144,0.002747584574952134,0
actual,1745427982.9479377,394655.55450892646,4438783.446810022,0.002641730355818562,0
actual,1745427983.0480118,394655.5543653864,4438783.446709938,0.0026585029699302933,0
actual,1745427983.1479514,394655.55424422404,4438783.446624877,0.002740254192093663,0
actual,1745427983.2479348,394655.55418652395,4438783.446681699,0.002736257388106518,0
actual,1745427983.3479366,394655.5541699586,4438783.446633276,0.002741057043549538,0
actual,1745427983.4479723,394655.55546149815,4438783.44612215,0.0026563736682427793,0
actual,1745427983.5479624,394655.55549634795,4438783.446177283,0.002689255671350422,0
actual,1745427983.6479912,394655.55555025244,4438783.446235775,0.0026716802057828166,0
actual,1745427983.7479782,394655.55552444595,4438783.446208425,0.0026703537555514256,0
actual,1745427983.8479524,394655.5553823203,4438783.446170325,0.002685538120043635,0
actual,1745427983.9479587,394655.5551790867,4438783.446189626,0.002659427994433747,0
actual,1745427984.047978,394655.55368477775,4438783.445481243,0.0026113616268338942,0
actual,1745427984.1479578,394655.55340151594,4438783.445345331,0.0026688876789797314,0
actual,1745427984.247981,394655.5532664767,4438783.445314011,0.002673687334422751,0
actual,1745427984.3479989,394655.5531554539,4438783.445220153,0.0026857999194315175,0
actual,1745427984.4479825,394655.55288829043,4438783.445992746,0.0026463903849215267,0
actual,1745427984.5479918,394655.5527539413,4438783.446038814,0.0026767416606137185,0
actual,1745427984.6479073,394655.5526854717,4438783.446160983,0.002730672334500348,0
actual,1745427984.7479336,394655.55267785897,4438783.446344471,0.002709361864333479,0
actual,1745427984.8479357,394655.55255664745,4438783.446444906,0.0027173554723075215,0
actual,1745427984.9479887,394655.5533247428,4438783.445773508,0.0026690273053197864,0
actual,1745427985.0479503,394655.55341268296,4438783.445828297,0.0026779459377975303,0
actual,1745427985.1479645,394655.5535174754,4438783.445799363,0.002755438556586121,0
actual,1745427985.2479527,394655.55377357954,4438783.445771627,0.002835461902789915,0
actual,1745427985.3478901,394655.55413063086,4438783.445819827,0.0027915319655172624,0
actual,1745427985.4479597,394655.553030905,4438783.445873417,0.002660632271617807,0
actual,1745427985.5479345,394655.55306071416,4438783.445829089,0.0026692891047076684,0
actual,1745427985.6479404,394655.55301237386,4438783.445668507,0.002702712159883304,0
actual,1745427985.7479367,394655.5529330403,4438783.445580936,0.0027197465733826694,0
actual,1745427985.8480525,394655.55279243866,4438783.44555673,0.0027355941629909467,0
actual,1745427985.948,394655.55379898846,4438783.447415972,0.0026463903849215267,0
actual,1745427986.0480156,394655.553892275,4438783.447403746,0.0027126954432048047,0
actual,1745427986.1479683,394655.55405313626,4438783.447536466,0.002688732072574906,0
actual,1745427986.2479827,394655.5542247511,4438783.447670237,0.0026956435764127155,0
actual,1745427986.347951,394655.55432586605,4438783.447825558,0.002704300409502577,0
actual,1745427986.447952,394655.5542472997,4438783.447193634,0.0025687581397926327,0
actual,1745427986.5479703,394655.55403466837,4438783.447175342,0.0025606249054785355,0
actual,1745427986.6480014,394655.55370742164,4438783.447188599,0.002556226675763453,0
actual,1745427986.7479928,394655.55334384943,4438783.447151528,0.0025875204292515747,0
actual,1745427986.848026,394655.55304336053,4438783.4470671285,0.0026146952057052196,0
actual,1745427986.9479659,394655.5527159414,4438783.4474138655,0.002625341714142292,0
actual,1745427987.0479627,394655.55293054186,4438783.447329665,0.002677666685117172,0
actual,1745427987.147951,394655.5532633733,4438783.4472566405,0.0027507785274831567,0
actual,1745427987.2479477,394655.5536688689,4438783.447275365,0.0027328016361876134,0
actual,1745427987.347973,394655.55402511946,4438783.447296611,0.002705504686686389,0
actual,1745427987.4480443,394655.5544944055,4438783.447115509,0.0025897893572791432,0
actual,1745427987.5479608,394655.55429939675,4438783.447118908,0.0026350631980759107,0
actual,1745427987.647944,394655.55401491193,4438783.447126705,0.00268953492403078,0
actual,1745427987.7479978,394655.55381425895,4438783.447167713,0.002741196669889841,0
actual,1745427987.8479478,394655.55374025507,4438783.447242808,0.002764095389675983,0
actual,1745427987.9478688,394655.55456320004,4438783.446240388,0.0026370703267158454,0
actual,1745427988.0479667,394655.5547165931,4438783.446151307,0.0026856602930912144,0
actual,1745427988.1479695,394655.55489434267,4438783.4461414395,0.002706429711190091,0
actual,1745427988.2480216,394655.55505205086,4438783.446182989,0.0026976507050524017,0
actual,1745427988.3479946,394655.5551384907,4438783.446209662,0.0026880688474590865,0
actual,1745427988.44798,394655.55436153663,4438783.446135898,0.002585670380244667,0
actual,1745427988.5479484,394655.5542979543,4438783.446080859,0.0026090926988063252,0
actual,1745427988.6479356,394655.5543174449,4438783.446051729,0.00260509589481918,0
actual,1745427988.7478495,394655.55436165596,4438783.44603291,0.0026256035135301743,0
actual,1745427988.847932,394655.55442389345,4438783.446057513,0.0026096337508743177,0
actual,1745427988.9479697,394655.55317518744,4438783.445599845,0.0026133513021811047,0
actual,1745427989.047976,394655.55309487163,4438783.445515667,0.0026273488427822267,0
actual,1745427989.1479537,394655.5530034995,4438783.445372424,0.002647716835152918,0
actual,1745427989.2479858,394655.55291608104,4438783.44523931,0.0026766020342734154,0
actual,1745427989.3479457,394655.5528480687,4438783.445140949,0.002665152674380468,0
actual,1745427989.4479654,394655.5544165189,4438783.445627576,0.0025867350310881756,0
actual,1745427989.5479755,394655.5545361848,4438783.4456518525,0.0026383967769472365,0
actual,1745427989.6479406,394655.5546670067,4438783.445668587,0.002662098348189501,0
actual,1745427989.747932,394655.5548373406,4438783.445679625,0.0026791327616888664,0
actual,1745427989.847871,394655.5550058047,4438783.445680692,0.002701385709651665,0
actual,1745427989.947975,394655.55502517306,4438783.444697218,0.0025708874414801463,0
actual,1745427990.047986,394655.555046126,4438783.444670277,0.002589527557891509,0
actual,1745427990.1480863,394655.55513261823,4438783.444581183,0.0026410496774102662,0
actual,1745427990.2479613,394655.55529933656,4438783.444662876,0.0026119026789021343,0
actual,1745427990.347982,394655.555448923,4438783.444760853,0.002652900463031399,0
actual,1745427990.447966,394655.55567478074,4438783.444388835,0.0025838028779450353,0
actual,1745427990.547942,394655.5557275165,4438783.444224064,0.0026161612822769137,0
actual,1745427990.6479707,394655.5556540623,4438783.444133533,0.0026370703267158454,0
actual,1745427990.7479925,394655.5555222578,4438783.444049039,0.002630403168973194,0
actual,1745427990.8479655,394655.5554249384,4438783.443918001,0.0026587647693181752,0
actual,1745427990.947993,394655.5573370332,4438783.445395545,0.0025825986007609754,0
actual,1745427991.0479465,394655.5575586395,4438783.4455176685,0.0026513122134121255,0
actual,1745427991.147932,394655.55781413324,4438783.445771817,0.0026142937799772826,0
actual,1745427991.2479577,394655.55801586935,4438783.445974219,0.002657176519698654,0
actual,1745427991.3479714,394655.558222317,4438783.44621484,0.002682344167512613,0
actual,1745427991.4479744,394655.5550792768,4438783.445391404,0.0026142937799772826,0
actual,1745427991.5479555,394655.5549722995,4438783.445395113,0.00265476796533103,0
actual,1745427991.6479485,394655.55488901987,4438783.445402813,0.002686323518207034,0
actual,1745427991.7480292,394655.55482056714,4438783.445418991,0.0027222773007981203,0
actual,1745427991.8479471,394655.55474329053,4438783.44550142,0.0027288048322007164,0
actual,1745427991.9479306,394655.5546842115,4438783.445593602,0.002763170365172281,0
actual,1745427992.0479352,394655.55298928765,4438783.446166685,0.0026144334063173376,0
actual,1745427992.1479475,394655.55289839214,4438783.446338288,0.002613892354249345,0
actual,1745427992.247969,394655.552806351,4438783.446494733,0.002606439798343295,0
actual,1745427992.3479552,394655.552718589,4438783.446607757,0.0026373321261034793,0
actual,1745427992.4479427,394655.55264777486,4438783.446857083,0.0026132291291335254,0
actual,1745427992.5479724,394655.5548546681,4438783.446188298,0.0026192156084678814,0
actual,1745427992.647936,394655.5549981226,4438783.446290815,0.0026309442210411863,0
actual,1745427992.747946,394655.5551476699,4438783.446421658,0.0026511725870718224,0
actual,1745427992.8479605,394655.55531056534,4438783.446548384,0.0026513122134121255,0
actual,1745427992.9478433,394655.5539316687,4438783.446539173,0.00262947814446974,0
actual,1745427993.0480003,394655.55393969466,4438783.446621151,0.002629076718741555,0
actual,1745427993.1479797,394655.5539846187,4438783.446653111,0.0026541047402152108,0
actual,1745427993.247874,394655.55402568664,4438783.446710453,0.002649043285384557,0
actual,1745427993.3479486,394655.5540445172,4438783.446809651,0.002657298692746481,0
actual,1745427993.4479926,394655.5540148106,4438783.446348449,0.002607103023459115,0
actual,1745427993.5479517,394655.55405653885,4438783.446303023,0.002629076718741555,0
actual,1745427993.6480742,394655.55411835044,4438783.446284089,0.0026226888136792617,0
actual,1745427993.7479177,394655.55412312434,4438783.446291192,0.0026382571506071814,0
actual,1745427993.8480375,394655.55414357776,4438783.44632082,0.002645709706513231,0
actual,1745427993.9479856,394655.55295407615,4438783.446967116,0.0026142937799772826,0
actual,1745427994.0479658,394655.55287742394,4438783.446983616,0.0026553090173990226,0
actual,1745427994.1479754,394655.55281112774,4438783.4470110405,0.002678870962300984,0
actual,1745427994.2479436,394655.55275272584,4438783.447059904,0.0027023107341553666,0
actual,1745427994.3479633,394655.55271532154,4438783.447128374,0.0026907217479221163,0
actual,1745427994.447933,394655.553308401,4438783.446626986,0.002605235521159483,0
actual,1745427994.547971,394655.5532895888,4438783.4465851,0.0026270695901018685,0
actual,1745427994.6480236,394655.5532923962,4438783.446534666,0.002638134977559602,0
actual,1745427994.7479594,394655.553304002,4438783.4465168705,0.0026663569515642804,0
actual,1745427994.847943,394655.55332052684,4438783.446502802,0.0026972492793244647,0
actual,1745427994.947946,394655.55359136045,4438783.446498703,0.002607626622234631,0
actual,1745427995.047963,394655.5536654567,4438783.44650459,0.0026285356666735627,0
actual,1745427995.1479373,394655.5537775802,4438783.446520967,0.0026337367478445196,0
actual,1745427995.247934,394655.55390237,4438783.446520689,0.002632672097000763,0
actual,1745427995.3479648,394655.55403161433,4438783.446515767,0.0026466521843091606,0
actual,1745427995.4480042,394655.5538725342,4438783.445497547,0.0026192156084678814,0
actual,1745427995.5480635,394655.55388051306,4438783.445461825,0.0026435804048257176,0
actual,1745427995.6480181,394655.5539118601,4438783.445467757,0.002651713639140063,0
actual,1745427995.7479544,394655.5539453639,4438783.445464035,0.002657438319086536,0
actual,1745427995.8479419,394655.5540045233,4438783.445401302,0.0027165526208516467,0
actual,1745427995.9480405,394655.5536476955,4438783.445923168,0.0026335971215042165,0
actual,1745427996.048009,394655.55365581706,4438783.44594753,0.0026466521843091606,0
actual,1745427996.1479366,394655.5536811541,4438783.445991373,0.0026502475625683687,0
actual,1745427996.2480395,394655.5537040284,4438783.446005762,0.0026805988382605605,0
actual,1745427996.3478763,394655.55376694445,4438783.446069525,0.0026411893037505694,0
actual,1745427996.4479856,394655.55353671423,4438783.446323964,0.002547308043285709,0
actual,1745427996.5479832,394655.55349355674,4438783.446362557,0.002562754207165801,0
actual,1745427996.6479745,394655.553456592,4438783.446424487,0.0025879218549795116,0
actual,1745427996.7479722,394655.55343974684,4438783.446490918,0.0025969801137975587,0
actual,1745427996.8479354,394655.5534408095,4438783.446565611,0.002616423081664796,0
actual,1745427996.947904,394655.5530974492,4438783.447757506,0.002635324997463793,0
actual,1745427997.0480692,394655.5530729065,4438783.447836423,0.002700443231855735,0
actual,1745427997.1479616,394655.55308639724,4438783.44793681,0.002727216582581195,0
actual,1745427997.247951,394655.55309701804,4438783.448068148,0.0027229405259139397,0
actual,1745427997.347955,394655.5531152925,4438783.448156978,0.0027632925382201083,0
actual,1745427997.4479764,394655.55510971876,4438783.4469413385,0.002612286651337596,0
actual,1745427997.5479462,394655.55524035497,4438783.446878731,0.0026394614277909932,0
actual,1745427997.647934,394655.555382292,4438783.446831026,0.002663965850489132,0
actual,1745427997.7479336,394655.5555058911,4438783.446775658,0.002720689051178847,0
actual,1745427997.8480144,394655.55564954074,4438783.446740819,0.0027281416070848966,0
actual,1745427997.94795,394655.5571774228,4438783.447070061,0.002649182911724612,0
actual,1745427998.0479553,394655.557336058,4438783.447034045,0.002700443231855735,0
actual,1745427998.1479414,394655.5575119077,4438783.446999789,0.002736536640786876,0
actual,1745427998.247935,394655.55775220576,4438783.446984919,0.0027289444585407714,0
actual,1745427998.3478684,394655.5579279747,4438783.446905338,0.0027491728245714075,0
actual,1745427998.4479637,394655.55557076447,4438783.446933691,0.0026281342409456253,0
actual,1745427998.5479772,394655.555337061,4438783.446930088,0.002632532470660708,0
actual,1745427998.6478791,394655.5550536386,4438783.446860226,0.002669812703483185,0
actual,1745427998.7479525,394655.5547418888,4438783.446781206,0.0026783473635254677,0
actual,1745427998.8479872,394655.55439705634,4438783.446698907,0.002713358668320376,0
actual,1745427998.94796,394655.5561089487,4438783.444874427,0.002624940288414355,0
actual,1745427999.0479813,394655.5561995062,4438783.444716829,0.0026230727861147234,0
actual,1745427999.1479402,394655.55630609684,4438783.444536945,0.0026616969224613155,0
actual,1745427999.247974,394655.55643664097,4438783.444344809,0.0026503697356159476,0
actual,1745427999.3479736,394655.55652893375,4438783.444127304,0.0026715580327352374,0
actual,1745427999.447974,394655.5556991531,4438783.445211034,0.0025951126114979275,0
actual,1745427999.5479813,394655.5555622677,4438783.445218287,0.002612426277677651,0
actual,1745427999.6479976,394655.5554417538,4438783.445202783,0.0026395836008385725,0
actual,1745427999.7480373,394655.555272665,4438783.445161431,0.002661295496733378,0
actual,1745427999.8479948,394655.55512293207,4438783.445101704,0.00267380950747033,0
actual,1745427999.9479585,394655.55334315274,4438783.44675455,0.0025750064185148707,0
actual,1745428000.0479481,394655.553166961,4438783.446894189,0.002616283455324493,0
actual,1745428000.1479664,394655.55305551836,4438783.446994674,0.0025882011076598698,0
actual,1745428000.2479424,394655.55295057606,4438783.447088091,0.002654366539603093,0
actual,1745428000.3479302,394655.5528400913,4438783.447223006,0.002696586054208893,0
actual,1745428000.447948,394655.5554303329,4438783.446835919,0.0026330735227287003,0
actual,1745428000.5479326,394655.55553466256,4438783.446801159,0.002682728139948074,0
actual,1745428000.6478412,394655.5555732224,4438783.446812584,0.0026959228290930736,0
actual,1745428000.7479405,394655.5555110006,4438783.446830803,0.0027503771017552193,0
actual,1745428000.8479414,394655.55535657343,4438783.446916501,0.0027503771017552193,0
actual,1745428000.9478595,394655.5544129794,4438783.446805413,0.0026505093619562507,0
actual,1745428001.048028,394655.5544357978,4438783.4467369085,0.002683792790791583,0
actual,1745428001.1478944,394655.5545785342,4438783.446736441,0.002715767222688248,0
actual,1745428001.2479782,394655.55477152986,4438783.446695658,0.002706970763258083,0
actual,1745428001.3479517,394655.55491248844,4438783.4466210175,0.0027609014371447124,0
actual,1745428001.447943,394655.55545659066,4438783.446226146,0.00260724264979917,0
actual,1745428001.5479355,394655.5553963093,4438783.446198208,0.0026600912195495663,0
actual,1745428001.6479337,394655.5553261995,4438783.446153281,0.002702973959271186,0
actual,1745428001.7479305,394655.5552853508,4438783.446123268,0.0027074943620338477,0
actual,1745428001.8480213,394655.5552530705,4438783.446063274,0.002708960438605542,0
actual,1745428001.947967,394655.5544703428,4438783.44551724,0.0025885850800953314,0
actual,1745428002.0479426,394655.55438378337,4438783.445422226,0.0026407878780226324,0
actual,1745428002.1479604,394655.5543061608,4438783.445247622,0.002695521403365136,0
actual,1745428002.2479758,394655.55425929354,4438783.44516558,0.0026928510496096302,0
actual,1745428002.3479674,394655.5541882665,4438783.44504042,0.002695521403365136,0
actual,1745428002.4479682,394655.5541154781,4438783.444909662,0.002698052130780587,0
actual,1745428002.5479603,394655.5550998769,4438783.445800128,0.002590993634463203,0
actual,1745428002.6480417,394655.5550367415,4438783.445917336,0.002621624162835753,0
actual,1745428002.7480159,394655.55493514845,4438783.446091381,0.002642917179709898,0
actual,1745428002.8479772,394655.55486936355,4438783.446374772,0.002632008871884943,0
actual,1745428002.9479597,394655.5545989547,4438783.445886553,0.0025957758366134988,0
actual,1745428003.0479732,394655.5546270261,4438783.445895319,0.002624015263910901,0
actual,1745428003.1479828,394655.5546365703,4438783.445939632,0.0026487814859966746,0
actual,1745428003.247962,394655.55462063587,4438783.445967625,0.0026583633435902383,0
actual,1745428003.347937,394655.55457364104,4438783.446034903,0.0026819427417846754,0
actual,1745428003.4480023,394655.55492611736,4438783.446273811,0.002613892354249345,0
actual,1745428003.5478554,394655.5549667195,4438783.446372815,0.0025882011076598698,0
actual,1745428003.647911,394655.55497900053,4438783.446466559,0.0026093719514866834,0
actual,1745428003.7479444,394655.55500229937,4438783.44652118,0.002638134977559602,0
actual,1745428003.8479695,394655.55500439956,4438783.446601846,0.0026692891047076684,0
actual,1745428003.9479632,394655.5538933732,4438783.446054245,0.0026322706712728254,0
actual,1745428004.047845,394655.5537906443,4438783.446048227,0.002655570816786905,0
actual,1745428004.1478815,394655.5536222442,4438783.446008593,0.0027037768107270608,0
actual,1745428004.2480164,394655.5534426631,4438783.44598625,0.0027466595504484323,0
actual,1745428004.3479679,394655.55330247135,4438783.44599334,0.0027296076836565908,0
actual,1745428004.4479775,394655.5555070392,4438783.445231422,0.0025912554338508374,0
actual,1745428004.5479875,394655.55558417435,4438783.445212602,0.0026011165441247592,0
actual,1745428004.6479669,394655.5556608052,4438783.445187066,0.0026242770632987833,0
actual,1745428004.7479646,394655.55573320756,4438783.44519541,0.0026511725870718224,0
actual,1745428004.8479576,394655.5558055425,4438783.445237238,0.0026648908749925863,0
actual,1745428004.9479356,394655.5543134762,4438783.44482645,0.0026081676743028716,0
actual,1745428005.0479598,394655.55421865516,4438783.444768668,0.0026497065105001282,0
actual,1745428005.14798,394655.55415250204,4438783.4446868505,0.002687388169050791,0
actual,1745428005.2480118,394655.5540878319,4438783.444653612,0.0027015078826994918,0
actual,1745428005.3479617,394655.55399208533,4438783.4446124425,0.0027457170726525025,0
actual,1745428005.447962,394655.55520975124,4438783.445055043,0.00269644642786859,0
actual,1745428005.5479677,394655.55528950004,4438783.445083173,0.0027158893957358273,0
actual,1745428005.6479807,394655.55535095854,4438783.445123227,0.0027469213498363143,0
actual,1745428005.7479606,394655.555431166,4438783.445193907,0.0027485095994555877,0
actual,1745428005.847984,394655.55552328686,4438783.445265101,0.0027622278873763516,0
actual,1745428005.9479814,394655.5556465971,4438783.44531652,0.0027523842303951536,0
actual,1745428006.0480092,394655.55341024045,4438783.4452057155,0.0026106984017180744,0
actual,1745428006.1479695,394655.5532802,4438783.44515536,0.002625219541094713,0
actual,1745428006.2479396,394655.5531395172,4438783.445096815,0.0026506489882963057,0
actual,1745428006.3479986,394655.5529865142,4438783.44501893,0.002705103260958452,0
actual,1745428006.447936,394655.55505225126,4438783.444912927,0.0026096337508743177,0
actual,1745428006.5480397,394655.55512910796,4438783.444868511,0.0026421143282540234,0
actual,1745428006.6479406,394655.55523157184,4438783.444849446,0.002649584337452549,0
actual,1745428006.7479463,394655.5553768286,4438783.444851508,0.0026527782899838197,0
actual,1745428006.8479571,394655.5555560184,4438783.444847947,0.0026413289300906244,0
actual,1745428006.9479444,394655.5560262713,4438783.443563454,0.0026106984017180744,0
actual,1745428007.047961,394655.55604109477,4438783.443495633,0.0026410496774102662,0
actual,1745428007.14794,394655.55608452857,4438783.443427119,0.002660771897957862,0
actual,1745428007.247933,394655.55612594547,4438783.443400506,0.002664489449264649,0
actual,1745428007.3478744,394655.5561417115,4438783.44339998,0.002668346626911491,0
actual,1745428007.4479656,394655.55573746597,4438783.443758958,0.0026232124124550265,0
actual,1745428007.5479522,394655.55565041676,4438783.443800779,0.0026525164905959373,0
actual,1745428007.6479921,394655.5555488037,4438783.4438486835,0.0026742109331982676,0
actual,1745428007.7478805,394655.55542519706,4438783.443896485,0.0027173554723075215,0
actual,1745428007.8479645,394655.5552896911,4438783.444000455,0.0027543739057423644,0
actual,1745428007.9479473,394655.5548661685,4438783.444963372,0.002626807790713986,0
actual,1745428008.047946,394655.55479345785,4438783.445073072,0.0026567750939707167,0
actual,1745428008.147948,394655.5547195568,4438783.445268785,0.002654244366555514,0
actual,1745428008.2480268,394655.5546551905,4438783.4454769725,0.0026585029699302933,0
actual,1745428008.3479764,394655.5546233201,4438783.44560569,0.0026963242548210106,0
actual,1745428008.4479253,394655.5546742365,4438783.445062919,0.0026598294201616844,0
actual,1745428008.5480072,394655.55454852246,4438783.445247302,0.0026730066560144558,0
actual,1745428008.6479843,394655.55444639403,4438783.445344081,0.0027280019807445935,0
actual,1745428008.7479613,394655.5543532472,4438783.445434604,0.002770622921078331,0
actual,1745428008.848056,394655.5542378759,4438783.445658473,0.0027816708552435886,0
actual,1745428008.9479744,394655.55446767784,4438783.44556246,0.0026154980571610944,0
actual,1745428009.048068,394655.5544330268,4438783.44551641,0.002644522882621895,0
actual,1745428009.1480248,394655.5543997206,4438783.445568714,0.0026537033144872733,0
actual,1745428009.247969,394655.55433710397,4438783.445499946,0.0027121718444290403,0
actual,1745428009.3479853,394655.5542351185,4438783.445394254,0.0027509181538234594,0
actual,1745428009.447954,394655.5554522205,4438783.446015819,0.00264052607863475,0
actual,1745428009.5480082,394655.555473861,4438783.445967163,0.0026794120143692245,0
actual,1745428009.647947,394655.55552872154,4438783.44594815,0.0026963242548210106,0
actual,1745428009.747934,394655.5556148308,4438783.445885525,0.002760639637757078,0
actual,1745428009.8480234,394655.55566602596,4438783.445868305,0.002770884720466213,0
actual,1745428009.9480295,394655.55569957866,4438783.44584249,0.002811498532160016,0
actual,1745428010.0479538,394655.55325096997,4438783.446745969,0.0026447846820095294,0
actual,1745428010.1479561,394655.5529784352,4438783.446747629,0.0026719420051706986,0
actual,1745428010.2479389,394655.55272536416,4438783.446811219,0.0026505093619562507,0
actual,1745428010.347951,394655.55242679594,4438783.446808071,0.0026843338428598233,0
actual,1745428010.4479628,394655.553559966,4438783.4466971215,0.002571672839643545,0
actual,1745428010.5479367,394655.553489677,4438783.446652499,0.0026096337508743177,0
actual,1745428010.6480377,394655.5534618282,4438783.446614459,0.0026409275043626874,0
actual,1745428010.74821,394655.55341102806,4438783.446656674,0.0026324102976128805,0
actual,1745428010.8480437,394655.5533974917,4438783.446629128,0.0026626219469650172,0
actual,1745428010.94796,394655.55199900013,4438783.445065036,0.002552770923844548,0
actual,1745428011.0479386,394655.5517943433,4438783.444971975,0.002565284934581252,0
actual,1745428011.1479502,394655.55161014374,4438783.444857687,0.002576472495086565,0
actual,1745428011.2479658,394655.5514688686,4438783.444731286,0.0025813943235771636,0
actual,1745428011.347934,394655.5513641123,4438783.44457972,0.0026193552348079364,0
actual,1745428011.448032,394655.5528081517,4438783.444876846,0.0026101573496500824,0
actual,1745428011.5479755,394655.5528472089,4438783.444805468,0.002630263542632891,0
actual,1745428011.6479955,394655.5529303332,4438783.444757773,0.002633195695776279,0
actual,1745428011.74795,394655.55302727746,4438783.444708298,0.0026656937264484606,0
actual,1745428011.8479846,394655.55315180635,4438783.444674491,0.002701385709651665,0
actual,1745428011.9478655,394655.5539092348,4438783.444537898,0.0026305427953132493,0
actual,1745428012.0479348,394655.5539573771,4438783.444532047,0.002649584337452549,0
actual,1745428012.1479697,394655.55398295337,4438783.444573127,0.002653040089371454,0
actual,1745428012.2479784,394655.5539774964,4438783.444579638,0.002680337038872678,0
actual,1745428012.347988,394655.5539587187,4438783.444584658,0.0027011064569715548,0
actual,1745428012.4479609,394655.5539329932,4438783.444541355,0.002767027542819371,0
actual,1745428012.5479443,394655.55609169084,4438783.444351402,0.0026752755840420243,0
actual,1745428012.64794,394655.55621830095,4438783.444305149,0.0026715580327352374,0
actual,1745428012.747934,394655.5563643004,4438783.444259635,0.0026688876789797314,0
actual,1745428012.8479621,394655.55651162285,4438783.444191525,0.0026678230281359746,0
actual,1745428012.947934,394655.5566538348,4438783.444156119,0.002672483057238691,0
actual,1745428013.0479639,394655.55380327784,4438783.445128651,0.0026180287845765453,0
actual,1745428013.1479516,394655.55360684555,4438783.445282086,0.0025767342944744472,0
actual,1745428013.2479985,394655.55321955134,4438783.44539277,0.002579404648229953,0
actual,1745428013.347979,394655.55278010573,4438783.445468548,0.002640665704974805,0
actual,1745428013.4479396,394655.55267286464,4438783.445624022,0.0026222873879513248,0
actual,1745428013.5479345,394655.5548918668,4438783.444791726,0.002599650467553065,0
actual,1745428013.6479313,394655.55535945453,4438783.44479024,0.002602303368016095,0
actual,1745428013.7479568,394655.55592647416,4438783.444952541,0.002600715118396822,0
actual,1745428013.8479357,394655.55646911066,4438783.445076883,0.002582860400148858,0
actual,1745428013.9479516,394655.55532396364,4438783.4449217925,0.0026081676743028716,0
actual,1745428014.0479908,394655.5553738261,4438783.444925851,0.0025847279024484894,0
actual,1745428014.1479738,394655.55527043424,4438783.4449746255,0.0026015005165602205,0
actual,1745428014.2480118,394655.5549943447,4438783.44505569,0.0026285356666735627,0
actual,1745428014.3479464,394655.55468019703,4438783.445059471,0.0026350631980759107,0
actual,1745428014.4479454,394655.5549438427,4438783.444559532,0.00262148453649545,0
actual,1745428014.5479484,394655.55468769144,4438783.444615034,0.002643056806050201,0
actual,1745428014.6479638,394655.55427304935,4438783.444716788,0.0025842043036729727,0
actual,1745428014.7479446,394655.553764605,4438783.444908191,0.002517881792097219,0
actual,1745428014.8479755,394655.55352080485,4438783.444921152,0.0025146878395659483,0
actual,1745428014.9479105,394655.55425149226,4438783.4446722865,0.00250430313051651,0
actual,1745428015.0479727,394655.55437590927,4438783.443479842,0.002664751248652531,0
actual,1745428015.1479318,394655.55607951246,4438783.443176546,0.0026382571506071814,0
actual,1745428015.247941,394655.55814430653,4438783.442946834,0.0027074943620338477,0
actual,1745428015.3479373,394655.56037852843,4438783.442972139,0.00268419421651952,0
actual,1745428015.4479916,394655.56355691224,4438783.445309956,0.0028294754234555594,0
actual,1745428015.5480082,394655.5636209259,4438783.445580933,0.002804971000757668,0
actual,1745428015.6479928,394655.56309142645,4438783.446163581,0.002706708963870449,0
actual,1745428015.747955,394655.5626439592,4438783.446538485,0.0027776740512564435,0
actual,1745428015.8479383,394655.5624043365,4438783.446871894,0.002770622921078331,0
actual,1745428015.947932,394655.5595232687,4438783.446937517,0.002821743614869399,0
actual,1745428016.0479584,394655.5594129062,4438783.447363332,0.002818165689902667,0
actual,1745428016.1479716,394655.55954156886,4438783.447628709,0.0028607691769439287,0
actual,1745428016.2479832,394655.5589281812,4438783.448123332,0.0026929906759496853,0
actual,1745428016.3479598,394655.5578787952,4438783.448333006,0.0030917984100304833,0
actual,1745428016.447945,394655.56018905214,4438783.445040369,0.0029216288079608435,0
actual,1745428016.5479624,394655.5593882075,4438783.444599463,0.003065164685645078,0
actual,1745428016.647906,394655.55856515345,4438783.444315869,0.002985001713100981,0
actual,1745428016.7479355,394655.55908456666,4438783.44400976,0.0028935290070037445,0
actual,1745428016.8479326,394655.56055850774,4438783.443234117,0.003212836993656265,0
actual,1745428016.9479454,394655.5600891479,4438783.443199166,0.0028975258109908896,0
actual,1745428017.0479918,394655.56324656657,4438783.442948468,0.0031724849813500964,0
actual,1745428017.1479824,394655.56493400596,4438783.442295997,0.003146531935372987,0
actual,1745428017.247942,394655.5648379292,4438783.441589327,0.0031815432401678953,0
actual,1745428017.3479836,394655.5638082082,4438783.441269275,0.0031521169889794053,0
actual,1745428017.447943,394655.56665921386,4438783.443746977,0.003120683609150981,0
actual,1745428017.5479465,394655.5658018991,4438783.443854479,0.0031891354224140005,0
actual,1745428017.6479406,394655.5649750785,4438783.443949702,0.0030786211741779595,0
actual,1745428017.7479086,394655.5645608118,4438783.443871255,0.003144786606120935,0
actual,1745428017.8479974,394655.5646396395,4438783.444063583,0.0030465245692337154,0
actual,1745428017.9480693,394655.5598626288,4438783.4453942105,0.0030959173870652073,0
actual,1745428018.0480042,394655.5598823601,4438783.44568676,0.0030772772706538446,0
actual,1745428018.1479583,394655.5600463052,4438783.445991247,0.0031176292829600133,0
actual,1745428018.2479396,394655.56038720754,4438783.446270852,0.003202591910946882,0
actual,1745428018.3479393,394655.56077117455,4438783.446658221,0.003161838472913024,0
actual,1745428018.447934,394655.56466819684,4438783.442719461,0.003191002924713632,0
actual,1745428018.5479324,394655.56529799633,4438783.442447027,0.0031955233274765416,0
actual,1745428018.6480012,394655.5656875814,4438783.44212427,0.003240936794613364,0
actual,1745428018.7479506,394655.5659157215,4438783.441804256,0.003247062900287775,0
actual,1745428018.8479571,394655.56598247995,4438783.441523158,0.0032468011008998927,0
actual,1745428018.9479437,394655.5628839981,4438783.444819457,0.0032848841851784924,0
actual,1745428019.0479488,394655.56243365037,4438783.445094618,0.003303122875861918,0
actual,1745428019.1479633,394655.56203936355,4438783.44533887,0.0033077829049646345,0
actual,1745428019.247935,394655.5617010158,4438783.445559989,0.003336144505309616,0
actual,1745428019.3479319,394655.5613948488,4438783.445793808,0.0033370695298130695,0
actual,1745428019.4479673,394655.56295163406,4438783.444579196,0.002838935108001544,0
actual,1745428019.5479507,394655.5628992955,4438783.444577894,0.0028410644096888093,0
actual,1745428019.6479552,394655.56283162313,4438783.444550152,0.002849843415826498,0
actual,1745428019.7479382,394655.56258939556,4438783.444579404,0.0027812694295156516,0
actual,1745428019.8479478,394655.5622445159,4438783.444448263,0.00288499434696171,0
actual,1745428019.9479368,394655.56225674757,4438783.445647808,0.002805110627097723,0
actual,1745428020.047939,394655.5624346012,4438783.445723591,0.0028007123973828887,0
actual,1745428020.147939,394655.5627254676,4438783.445791927,0.0028347986776743436,0
actual,1745428020.2479577,394655.56301649794,4438783.445865186,0.002844380535267659,0
actual,1745428020.347983,394655.5633077753,4438783.445885182,0.002873946412796452,0
actual,1745428020.4479785,394655.5622186277,4438783.445905568,0.002761163236532595,0
actual,1745428020.5479474,394655.56215367024,4438783.445899354,0.0028015152488387635,0
actual,1745428020.6479425,394655.5621149853,4438783.445966763,0.002786871936414546,0
actual,1745428020.7479339,394655.5620028662,4438783.44605877,0.0027973788185115633,0
actual,1745428020.8479333,394655.5618126258,4438783.446195585,0.0027863308843463054,0
actual,1745428020.9479446,394655.5619131969,4438783.445550172,0.00278833801298624,0
actual,1745428021.0479739,394655.5618242362,4438783.445499452,0.0028057738522135425,0
actual,1745428021.1479478,394655.56184906245,4438783.445425724,0.002818828915018487,0
actual,1745428021.2480066,394655.56197809917,4438783.445408514,0.002874086039136507,0
actual,1745428021.3479521,394655.56223929476,4438783.445464452,0.0028477141141389846,0
actual,1745428021.447941,394655.5614767377,4438783.445532654,0.002788460186033819,0
actual,1745428021.5479357,394655.56147557055,4438783.445512196,0.002821743614869399,0
actual,1745428021.647934,394655.56143304944,4438783.4455232,0.002808967804744813,0
actual,1745428021.7479637,394655.5613644444,4438783.44542035,0.002825077193740725,0
actual,1745428021.847954,394655.56126503914,4438783.44534648,0.002842792285648386,0
actual,1745428021.94795,394655.5632872341,4438783.445782319,0.0027975184448516184,0
actual,1745428022.0479453,394655.56345280714,4438783.445787116,0.0027758065489568123,0
actual,1745428022.1479344,394655.5636002537,4438783.44575465,0.0028003109716547036,0
actual,1745428022.2479618,394655.5637284813,4438783.445664912,0.002845462639403892,0
actual,1745428022.3479564,394655.56386741286,4438783.445593033,0.0028475919410914053,0
actual,1745428022.4479363,394655.56402580114,4438783.445551652,0.0028630381049714977,0
actual,1745428022.5479333,394655.56356254243,4438783.4449508935,0.0028182878629502465,0
actual,1745428022.6479867,394655.5636105292,4438783.444895825,0.0028438569364921426,0
actual,1745428022.747996,394655.5636662068,4438783.444852707,0.002853316621037879,0
actual,1745428022.8479674,394655.5637390141,4438783.444792052,0.0028667556562782847,0
actual,1745428022.9480112,394655.56328161363,4438783.444604769,0.002821481815481517,0
actual,1745428023.0479782,394655.56324987666,4438783.444569204,0.0028465272902476486,0
actual,1745428023.147912,394655.5632152359,4438783.444536535,0.002862497052903257,0
actual,1745428023.2479975,394655.56318931945,4438783.444523366,0.0028822018201583766,0
actual,1745428023.3479764,394655.5631542826,4438783.444523632,0.002908032693087907,0
actual,1745428023.4480155,394655.5648077212,4438783.444629514,0.0028229478920532114,0
actual,1745428023.5479774,394655.5649695277,4438783.444586898,0.00285584734845333,0
actual,1745428023.6480386,394655.5651368849,4438783.444561469,0.0028795489196953464,0
actual,1745428023.747958,394655.5653908885,4438783.444583352,0.002873824239748873,0
actual,1745428023.84798,394655.56569070835,4438783.444562431,0.002906845869196571,0
actual,1745428023.9479613,394655.56422163756,4438783.44489426,0.002831604725143073,0
actual,1745428024.0479326,394655.5642034286,4438783.4448841605,0.0028450612136759544,0
actual,1745428024.1479335,394655.5640685858,4438783.444847455,0.0028462480375672904,0
actual,1745428024.2480264,394655.5637190894,4438783.444848576,0.0028627588522911395,0
actual,1745428024.3480196,394655.56323992315,4438783.444850845,0.0028908586532482385,0
actual,1745428024.4479938,394655.56599178526,4438783.446077024,0.0028118999578879535,0
actual,1745428024.5479465,394655.5662289743,4438783.446100635,0.0028221450405973366,0
actual,1745428024.6479325,394655.56660199736,4438783.446109326,0.002835601529130218,0
actual,1745428024.7479424,394655.56696901406,4438783.44614049,0.0028771403653277228,0
actual,1745428024.8479671,394655.56730718317,4438783.446221092,0.0028908586532482385,0
actual,1745428024.9479344,394655.5636248565,4438783.447151314,0.002784742634727032,0
actual,1745428025.0480287,394655.56363260304,4438783.447207556,0.002770483294738276,0
actual,1745428025.1479993,394655.563735599,4438783.447326806,0.0027700818690103387,0
actual,1745428025.2479973,394655.56392369774,4438783.447408349,0.002754635705130247,0
actual,1745428025.3479517,394655.56409879785,4438783.447466457,0.002798844895083257,0
actual,1745428025.44793,394655.5644824332,4438783.447044238,0.0027621057143287723,0
actual,1745428025.5480082,394655.56440183794,4438783.44687452,0.0028072399287852367,0
actual,1745428025.6479468,394655.5642648031,4438783.4467603,0.00282786972054381,0
actual,1745428025.7479405,394655.5641282162,4438783.446624137,0.0028806135705391036,0
actual,1745428025.8480227,394655.5640701626,4438783.446446729,0.0029072472949245084,0
actual,1745428025.947975,394655.56357097224,4438783.445526355,0.0028106956807041417,0
actual,1745428026.0479662,394655.5634842314,4438783.445313189,0.002831744351483128,0
actual,1745428026.147896,394655.5634123802,4438783.445065693,0.002853840219813395,0
actual,1745428026.2479706,394655.56332927867,4438783.444834724,0.0028855353990297023,0
actual,1745428026.34798,394655.56319254654,4438783.4446583595,0.0028927261555478697,0
actual,1745428026.4479363,394655.5637768812,4438783.445464996,0.0027787387021002007,0
actual,1745428026.5479321,394655.5635209501,4438783.445425081,0.002810172081928625,0
actual,1745428026.6480117,394655.56333088933,4438783.445330284,0.002838271882885724,0
actual,1745428026.7479503,394655.56320441625,4438783.445270848,0.0028462480375672904,0
actual,1745428026.8479683,394655.5631925156,4438783.445194567,0.0028796710927429256,0
actual,1745428026.947988,394655.56327483687,4438783.44512515,0.002898852261222529,0
actual,1745428027.047966,394655.56243247824,4438783.446018568,0.0028450612136759544,0
actual,1745428027.1479855,394655.56238582946,4438783.446038223,0.0028373294050895465,0
actual,1745428027.2479346,394655.56225396646,4438783.446035098,0.0028719567374492416,0
actual,1745428027.347944,394655.5620833972,4438783.446055753,0.0029117676976871698,0
actual,1745428027.447941,394655.56463649427,4438783.445050777,0.0028019166745667005,0
actual,1745428027.5479705,394655.56474540365,4438783.444924582,0.002843315884423902,0
actual,1745428027.6479673,394655.56487991894,4438783.444850499,0.0028497212427786712,0
actual,1745428027.7479458,394655.56502743636,4438783.444750123,0.00287075246026543,0
actual,1745428027.8479393,394655.56519154605,4438783.44467419,0.0028875250743769128,0
actual,1745428027.947936,394655.5653790268,4438783.444615757,0.002902709438869371,0
actual,1745428028.0479593,394655.56312934926,4438783.445236233,0.002840261558232935,0
actual,1745428028.1479385,394655.56299834244,4438783.44525179,0.0028819400207704946,0
actual,1745428028.2479746,394655.56289216585,4438783.445302816,0.002871153885993367,0
actual,1745428028.3479474,394655.5627600128,4438783.445349393,0.002865167406659011,0
actual,1745428028.4479625,394655.56362986506,4438783.445505646,0.0027955287695044075,0
actual,1745428028.5479722,394655.56367041764,4438783.445495217,0.002802440273342217,0
actual,1745428028.6479554,394655.56368486333,4438783.44547289,0.0028471905153634684,0
actual,1745428028.7479434,394655.56372040487,4438783.445421422,0.002883929696117953,0
actual,1745428028.847929,394655.5638031793,4438783.445386724,0.00290431514178112,0
actual,1745428028.9479644,394655.5619571856,4438783.445858672,0.0028336118537827595,0
actual,1745428029.0479453,394655.5618757147,4438783.445842905,0.0028641027558152544,0
actual,1745428029.1479726,394655.5618034522,4438783.445877028,0.0028819400207704946,0
actual,1745428029.2479615,394655.5617980969,4438783.445945984,0.0028888689779010277,0
actual,1745428029.3479517,394655.5618234451,4438783.445976106,0.002889270403628965,0
actual,1745428029.4479556,394655.56219223095,4438783.447044477,0.0028373294050895465,0
actual,1745428029.5479374,394655.56215911516,4438783.447074962,0.0028487787649827414,0
actual,1745428029.6479354,394655.5621524155,4438783.447196901,0.0028631602780190765,0
actual,1745428029.7479358,394655.56220221927,4438783.447266146,0.0029024476394814884,0
actual,1745428029.847935,394655.5623016439,4438783.447359681,0.0028959201080791404,0
actual,1745428029.9479523,394655.5633661784,4438783.446513201,0.0028149542840791688,0
actual,1745428030.047955,394655.56348065793,4438783.446448367,0.002821481815481517,0
actual,1745428030.1479762,394655.56355952495,4438783.446395778,0.002845846611839353,0
actual,1745428030.2479382,394655.5636031566,4438783.446349861,0.002857976650140596,0
actual,1745428030.347945,394655.56365067523,4438783.446296859,0.0028567723729567836,0
actual,1745428030.4479783,394655.56476424343,4438783.446307831,0.0027657010925877324,0
actual,1745428030.5479708,394655.56488317915,4438783.446316715,0.0027935216408644732,0
actual,1745428030.6479897,394655.56502440065,4438783.4463484455,0.0028221450405973366,0
actual,1745428030.7479753,394655.5651934494,4438783.446408545,0.0028437173101518395,0
actual,1745428030.8479528,394655.5653784595,4438783.446468669,0.00286595280482241,0
actual,1745428030.9479656,394655.56517707824,4438783.447318005,0.0028016374218863423,0
actual,1745428031.0479584,394655.56508263096,4438783.447450466,0.0028254786194686623,0
actual,1745428031.1479347,394655.5649089795,4438783.447396141,0.0028784842688515896,0
actual,1745428031.2479336,394655.56480951677,4438783.447379191,0.002930948866166525,0
actual,1745428031.3479497,394655.5648887634,4438783.447424272,0.00294918755684995,0
actual,1745428031.4480395,394655.56393188424,4438783.448438757,0.002859844152440227,0
actual,1745428031.547963,394655.56398042606,4438783.448539753,0.0028652895797065905,0
actual,1745428031.6479645,394655.56395230937,4438783.448628835,0.002871014259653064,0
actual,1745428031.747941,394655.5637992846,4438783.448634804,0.0028856750253697574,0
actual,1745428031.847931,394655.56355122884,4438783.448643459,0.0028920629304320503,0
actual,1745428031.9479446,394655.56326449726,4438783.448651472,0.0029289417375268382,0
actual,1745428032.0479329,394655.5623632337,4438783.447478521,0.0028198935658622437,0
actual,1745428032.1479304,394655.56223579805,4438783.447353388,0.0028301386485713787,0
actual,1745428032.2479844,394655.56213316147,4438783.447265161,0.002841989434192511,0
actual,1745428032.3480568,394655.5620999341,4438783.447175178,0.002841727634804629,0
actual,1745428032.4479754,394655.562063702,4438783.447088008,0.0028728817619526953,0
actual,1745428032.5480225,394655.5629851965,4438783.447590514,0.0028055120528256605,0
actual,1745428032.647854,394655.5630341703,4438783.447668256,0.0027804665780595287,0
actual,1745428032.747974,394655.5630597461,4438783.447742094,0.0027555781829261762,0
actual,1745428032.8479385,394655.563043579,4438783.447805178,0.0027699596959627594,0
actual,1745428032.9479327,394655.5623123453,4438783.447720596,0.00279512734377647,0
actual,1745428033.0480208,394655.56228849804,4438783.447805064,0.002792456990020964,0
actual,1745428033.1479795,394655.5622276703,4438783.447874198,0.002804848827710089,0
actual,1745428033.248005,394655.5621639618,4438783.447966085,0.002818689288678432,0
actual,1745428033.3479602,394655.56206647295,4438783.448088946,0.0028233493177811484,0
actual,1745428033.447896,394655.56227206567,4438783.4476398025,0.002820294991590181,0
actual,1745428033.54794,394655.56229723303,4438783.447624196,0.002816559986990918,0
actual,1745428033.6479342,394655.5623029915,4438783.447588635,0.0028563709472288466,0
actual,1745428033.7479348,394655.5623295544,4438783.447623589,0.0028345368782864613,0
actual,1745428033.8480146,394655.56235138635,4438783.447642511,0.0028574355980726033,0
actual,1745428033.9479625,394655.5620397774,4438783.445379436,0.0028131042350720134,0
actual,1745428034.0479465,394655.56195423,4438783.445193454,0.002857313425025024,0
actual,1745428034.1479437,394655.56189435086,4438783.445025736,0.002848656591935162,0
actual,1745428034.2479987,394655.56182355946,4438783.444773635,0.0028766167665519584,0
actual,1745428034.3479545,394655.5617432077,4438783.444533292,0.002854782697609573,0
actual,1745428034.4479368,394655.5619094208,4438783.4458732605,0.0027585103360695646,0
actual,1745428034.5479748,394655.56190627464,4438783.445894623,0.0027636939639480457,0
actual,1745428034.6479235,394655.5619070157,4438783.445896899,0.002759958959348783,0
actual,1745428034.7479506,394655.5618658596,4438783.445879276,0.002794725918048533,0
actual,1745428034.8479497,394655.5618343817,4438783.445869152,0.002808706005356931,0
actual,1745428034.9479394,394655.5600432526,4438783.446076583,0.0028324075765989477,0
actual,1745428035.047935,394655.5598404213,4438783.446127422,0.002842129060532566,0
actual,1745428035.147933,394655.55969470984,4438783.4460667055,0.002895658308691258,0
actual,1745428035.247934,394655.5595323375,4438783.446043757,0.002910842673183716,0
actual,1745428035.3479512,394655.5592956485,4438783.44620917,0.0029238802826959363,0
actual,1745428035.4479375,394655.56129588635,4438783.446091454,0.0028169614127188554,0
actual,1745428035.5479648,394655.5613689562,4438783.445920084,0.002831465098803018,0
actual,1745428035.647895,394655.56148440414,4438783.4459538525,0.002821883241209454,0
actual,1745428035.7479699,394655.56163973734,4438783.445823585,0.002815355709807106,0
actual,1745428035.8480003,394655.56181180436,4438783.445645107,0.002845986238179408,0
actual,1745428035.9479356,394655.56097734306,4438783.446363189,0.0027700818690103387,0
actual,1745428036.0479357,394655.56093426887,4438783.446306895,0.002787395535190062,0
actual,1745428036.1478615,394655.56087682117,4438783.4462204175,0.0028350604770619775,0
actual,1745428036.247936,394655.56088024145,4438783.446205901,0.002837067605701912,0
actual,1745428036.3479803,394655.56090188684,4438783.446085294,0.002896845132582594,0
actual,1745428036.4479609,394655.56122504274,4438783.445616034,0.0028134882075074746,0
actual,1745428036.5480764,394655.5612820606,4438783.44561301,0.002809892829248267,0
actual,1745428036.6479802,394655.5613214349,4438783.445571408,0.0028414658354167467,0
actual,1745428036.7479403,394655.56138430286,4438783.445545513,0.002857034172344666,0
actual,1745428036.8479338,394655.5614581643,4438783.445507875,0.002877943216783597,0
actual,1745428036.9479373,394655.56258572533,4438783.445652726,0.0028346765046265163,0
actual,1745428037.0479531,394655.5626768119,4438783.445627609,0.0028555680957729718,0
actual,1745428037.1479673,394655.5627541162,4438783.445604488,0.0028888689779010277,0
actual,1745428037.2479491,394655.5628472869,4438783.44560282,0.0029200231050490943,0
actual,1745428037.3479695,394655.56293380016,4438783.4455771595,0.0029690319504451245,0
actual,1745428037.4479415,394655.5638996348,4438783.447361658,0.0028387954816612407,0
actual,1745428037.547935,394655.5640137357,4438783.44748757,0.0028523741432417015,0
actual,1745428037.6479692,394655.56412435067,4438783.44757534,0.002896583333194712,0
actual,1745428037.7479377,394655.5642505048,4438783.447766103,0.0029134955736467463,0
actual,1745428037.8479981,394655.56436853687,4438783.447959408,0.0029099001953875386,0
actual,1745428037.9479384,394655.5644497951,4438783.448112043,0.0029101619947754205,0
actual,1745428038.0479522,394655.5642601264,4438783.446987877,0.0028470508890231653,0
actual,1745428038.1479743,394655.56420834357,4438783.446995823,0.0028313429257551905,0
actual,1745428038.2479477,394655.5641317191,4438783.446942958,0.002890457227520301,0
actual,1745428038.3479636,394655.5640877929,4438783.446922775,0.0029151012765584955,0
actual,1745428038.4480047,394655.5639053899,4438783.447192106,0.002784603008386977,0
actual,1745428038.54795,394655.5638415263,4438783.447139851,0.0028198935658622437,0
actual,1745428038.6479936,394655.56379419647,4438783.447125086,0.0028372072320419672,0
actual,1745428038.747971,394655.56373967184,4438783.447111125,0.0028414658354167467,0
actual,1745428038.8479831,394655.5636619847,4438783.44709092,0.002869949608809307,0
actual,1745428038.9479954,394655.564219505,4438783.447332298,0.0028000491722670693,0
actual,1745428039.0479722,394655.5642551944,4438783.447299518,0.0028055120528256605,0
actual,1745428039.1479483,394655.5642708842,4438783.447266418,0.002812423556663718,0
actual,1745428039.2479467,394655.56431389856,4438783.447238055,0.0027858072855707888,0
actual,1745428039.3479626,394655.5643341619,4438783.447161875,0.0028106956807041417,0
actual,1745428039.4480176,394655.56429926655,4438783.446061645,0.0027829973054749797,0
actual,1745428039.5480895,394655.56432513264,4438783.445951177,0.002766765743431489,0
actual,1745428039.647966,394655.5643431411,4438783.445783898,0.0027928584157489015,0
actual,1745428039.748008,394655.56436355284,4438783.445630476,0.002773153648493782,0
actual,1745428039.8479326,394655.5643459513,4438783.445455076,0.002815495336147161,0
actual,1745428039.9479675,394655.5629642205,4438783.446391426,0.0028361251279057347,0
actual,1745428040.0479488,394655.5629371892,4438783.446385224,0.002857976650140596,0
actual,1745428040.1479828,394655.56294768665,4438783.446435376,0.0028612927757194454,0
actual,1745428040.2480087,394655.5628706081,4438783.446576648,0.002895396509303376,0
actual,1745428040.3480313,394655.5627872456,4438783.44665514,0.0028782050161712315,0
actual,1745428040.4480078,394655.5634461116,4438783.445085928,0.0028439965628321976,0
actual,1745428040.5479665,394655.563555003,4438783.445136851,0.0028269446960403565,0
actual,1745428040.6479437,394655.5636796118,4438783.445094418,0.002852112343854067,0
actual,1745428040.7479694,394655.56381968036,4438783.444983124,0.002887804327057271,0
actual,1745428040.847967,394655.5640005108,4438783.444926193,0.0029290813638668933,0
actual,1745428040.9479363,394655.5636930864,4438783.446315496,0.00279512734377647,0
actual,1745428041.0480666,394655.56389229716,4438783.446429825,0.0028131042350720134,0
actual,1745428041.1479595,394655.5641558658,4438783.446549529,0.002880212144811166,0
actual,1745428041.2479627,394655.5645415186,4438783.446682201,0.002915764501674315,0
actual,1745428041.3479507,394655.5649835308,4438783.446857459,0.002912029497075052,0
actual,1745428041.4479468,394655.56532077875,4438783.445828849,0.002853316621037879,0
actual,1745428041.5479412,394655.5654605599,4438783.445698428,0.002914560224490255,0
actual,1745428041.6479769,394655.56556009484,4438783.445733847,0.002933479593581976,0
actual,1745428041.7479851,394655.56557292835,4438783.445757263,0.002955435835572188,0
actual,1745428041.8479655,394655.5654635973,4438783.4456894575,0.002996189273606046,0
actual,1745428041.9479778,394655.5662269321,4438783.447281695,0.002840261558232935,0
actual,1745428042.0479627,394655.56607831165,4438783.447463437,0.0028053724264856055,0
actual,1745428042.147932,394655.56579575164,4438783.447554191,0.002857173798684721,0
actual,1745428042.248025,394655.56545753655,4438783.447732934,0.0028712935123334222,0
actual,1745428042.34797,394655.5649477591,4438783.447986806,0.002872358163177179,0
actual,1745428042.447943,394655.56436601747,4438783.448095846,0.002900440510841802,0
actual,1745428042.5479379,394655.56804640533,4438783.446112308,0.0028324075765989477,0
actual,1745428042.6479712,394655.5683922545,4438783.446031446,0.0028768785659398404,0
actual,1745428042.747981,394655.5688337178,4438783.445981277,0.002871694938061359,0
actual,1745428042.8480332,394655.56929079944,4438783.44591067,0.00290337266398519,0
actual,1745428042.9479878,394655.56840167334,4438783.446536462,0.0028398601325049975,0
actual,1745428043.0479832,394655.5684849516,4438783.446557548,0.0028475919410914053,0
actual,1745428043.1479464,394655.5685217203,4438783.446541313,0.0028882057527852083,0
actual,1745428043.2479064,394655.5684811472,4438783.446580407,0.0029190980805456406,0
actual,1745428043.3479812,394655.56834865833,4438783.446687532,0.002929884215322768,0
actual,1745428043.4478815,394655.56975060777,4438783.44670032,0.0028679599334620965,0
actual,1745428043.547955,394655.5697026215,4438783.446705291,0.002891521878364058,0
actual,1745428043.647959,394655.56971129833,4438783.446647432,0.0029407925231477224,0
actual,1745428043.7479544,394655.56975140737,4438783.446669645,0.002946517203094444,0
actual,1745428043.847951,394655.56979147694,4438783.44669901,0.002953184360837095,0
actual,1745428043.9479532,394655.5704273125,4438783.44725363,0.002827607921155928,0
actual,1745428044.0479379,394655.57043325796,4438783.447230049,0.0028477141141389846,0
actual,1745428044.1479368,394655.5704659972,4438783.4472386725,0.002865027780318708,0
actual,1745428044.2479353,394655.5705467799,4438783.447258773,0.0028670174556661666,0
actual,1745428044.3479612,394655.57065880497,4438783.44723738,0.002897787610378772,0
actual,1745428044.447943,394655.57034667605,4438783.448199825,0.002817624637834675,0
actual,1745428044.5479755,394655.5705360103,4438783.448256071,0.002826682896652474,0
actual,1745428044.6478908,394655.57081971527,4438783.448263116,0.002866232057502768,0
actual,1745428044.7479608,394655.5710175006,4438783.448344405,0.002878746068239472,0
actual,1745428044.8479517,394655.57104432164,4438783.448464384,0.00288113716931462,0
actual,1745428044.9479609,394655.5689067895,4438783.44867369,0.002814692484691287,0
actual,1745428045.0480394,394655.5684462092,4438783.44869415,0.0027940626929327133,0
actual,1745428045.14794,394655.56806038873,4438783.4486195175,0.0028256182458087174,0
actual,1745428045.2480159,394655.56779454567,4438783.448569406,0.0028104338813165074,0
actual,1745428045.3480608,394655.56758028234,4438783.448452454,0.002897787610378772,0
actual,1745428045.4479947,394655.5694002409,4438783.448299144,0.0027928584157489015,0
actual,1745428045.5479474,394655.56967769464,4438783.448188379,0.0028272064954279904,0
actual,1745428045.647985,394655.5701264454,4438783.44813651,0.0028236111171690307,0
actual,1745428045.7479386,394655.5706622604,4438783.447971051,0.0028045695750297307,0
actual,1745428045.848112,394655.5711955199,4438783.447764227,0.0028462480375672904,0
actual,1745428045.947967,394655.57201005646,4438783.447439966,0.0027818104815836436,0
actual,1745428046.047948,394655.5723514406,4438783.447366355,0.002815093910419224,0
actual,1745428046.1479692,394655.5727653106,4438783.447300297,0.002822686092665329,0
actual,1745428046.2479496,394655.5731306496,4438783.447187122,0.0028603677512159917,0
actual,1745428046.3479507,394655.5733976557,4438783.447118882,0.002850646267282373,0
actual,1745428046.4479353,394655.57519656525,4438783.44743549,0.002839598333117115,0
actual,1745428046.5479643,394655.57521738374,4438783.447442913,0.0028501226685068563,0
actual,1745428046.6480165,394655.5750815107,4438783.447366561,0.002861170602671866,0
actual,1745428046.7481656,394655.5747673388,4438783.447309414,0.002865027780318708,0
actual,1745428046.8479843,394655.5743424161,4438783.447276916,0.0028293357971155043,0
actual,1745428046.9479487,394655.5768211912,4438783.446795197,0.002816420360650615,0
actual,1745428047.0479429,394655.57683776726,4438783.446753816,0.002815093910419224,0
actual,1745428047.147996,394655.57691736653,4438783.446658676,0.002870892086605485,0
actual,1745428047.2479558,394655.57705406984,4438783.446569606,0.002874609637912272,0
actual,1745428047.3478951,394655.57718626596,4438783.446506217,0.0028630381049714977,0
actual,1745428047.447974,394655.5777677413,4438783.445956926,0.0027774122518685615,0
actual,1745428047.5480642,394655.5779721223,4438783.4457564615,0.0027936612672047763,0
actual,1745428047.6479712,394655.5781956295,4438783.44556911,0.0028576973974604853,0
actual,1745428047.74803,394655.5784542314,4438783.4455266595,0.00281776426417473,0
actual,1745428047.847956,394655.5787104162,4438783.445388858,0.002883929696117953,0
actual,1745428047.9479642,394655.579051362,4438783.445217165,0.002929884215322768,0
actual,1745428048.047995,394655.57697449083,4438783.446113637,0.0028897940024044818,0
actual,1745428048.1479368,394655.576724347,4438783.446145795,0.002950514007081341,0
actual,1745428048.2480159,394655.57657147455,4438783.446084416,0.0030237480224951526,0
actual,1745428048.3479888,394655.5765071009,4438783.4462073585,0.00300924433641099,0
actual,1745428048.4479861,394655.57795588416,4438783.447255081,0.0028142910589633494,0
actual,1745428048.5479646,394655.5780593444,4438783.447350829,0.002804971000757668,0
actual,1745428048.6479492,394655.5782148679,4438783.447362081,0.0028325297496465266,0
actual,1745428048.7479098,394655.5784623717,4438783.447475947,0.0028618338277876854,0
actual,1745428048.8479328,394655.578808937,4438783.4475816265,0.0028463876639075935,0
actual,1745428048.9479022,394655.5786189436,4438783.446552151,0.0028523741432417015,0
actual,1745428049.0479505,394655.5787661838,4438783.446499052,0.002815495336147161,0
actual,1745428049.147893,394655.57878661674,4438783.446407115,0.0028575752244126584,0
actual,1745428049.247963,394655.5786377975,4438783.446305178,0.002872078910496821,0
actual,1745428049.3479373,394655.5782650519,4438783.446239629,0.002857034172344666,0
actual,1745428049.4479904,394655.5790689745,4438783.446882333,0.0028234889441212034,0
actual,1745428049.5479467,394655.578985157,4438783.446790652,0.0028430540850362678,0
actual,1745428049.6479356,394655.57904205925,4438783.446744721,0.002845846611839353,0
actual,1745428049.7479348,394655.57914869406,4438783.446734086,0.0028131042350720134,0
actual,1745428049.8479385,394655.57932472794,4438783.446579262,0.0028692863836937356,0
actual,1745428049.9479468,394655.5765387756,4438783.447579064,0.002786994109462125,0
actual,1745428050.0479698,394655.5765244442,4438783.447579012,0.0028670174556661666,0
actual,1745428050.148008,394655.5765548566,4438783.447677343,0.0028328090023268847,0
actual,1745428050.2479856,394655.5765086026,4438783.447715652,0.002857313425025024,0
actual,1745428050.347939,394655.57643042656,4438783.447715616,0.0028616942014473828,0
actual,1745428050.4479403,394655.57628756657,4438783.447784644,0.002869687809421673,0
actual,1745428050.5480103,394655.57860890456,4438783.447205387,0.002784603008386977,0
actual,1745428050.6479475,394655.57864475826,4438783.447208478,0.002780606204399832,0
actual,1745428050.7479439,394655.5787355027,4438783.447154909,0.002825077193740725,0
actual,1745428050.8479588,394655.5788510315,4438783.447214562,0.002806297450989059,0
actual,1745428050.947964,394655.57839806605,4438783.446492865,0.002808304579628994,0
actual,1745428051.0479543,394655.5783665099,4438783.446377948,0.0028352001034022806,0
actual,1745428051.1479375,394655.57831627707,4438783.44631452,0.0028296150497958625,0
actual,1745428051.2479348,394655.5781742207,4438783.4461881835,0.002853840219813395,0
actual,1745428051.3480296,394655.57799081196,4438783.446035868,0.0028694260100337906,0
actual,1745428051.4479494,394655.5797782248,4438783.447195232,0.0028345368782864613,0
actual,1745428051.547973,394655.579889209,4438783.447256641,0.002838271882885724,0
actual,1745428051.647945,394655.5800594118,4438783.447311413,0.0028509080666702553,0
actual,1745428051.7479916,394655.5802507439,4438783.447386529,0.0028551666700450343,0
actual,1745428051.8480196,394655.5804345705,4438783.447403787,0.0028935290070037445,0
actual,1745428051.9479444,394655.57940528204,4438783.44591978,0.0028059134785538456,0
actual,1745428052.047936,394655.5793081326,4438783.445867112,0.0028242743422846025,0
actual,1745428052.147963,394655.57923178293,4438783.4457701575,0.002859564899760117,0
actual,1745428052.247978,394655.57922107866,4438783.445674742,0.00288499434696171,0
actual,1745428052.3480177,394655.5792922317,4438783.445577236,0.0029358706946571236,0
actual,1745428052.4480188,394655.57939516066,4438783.445495214,0.002951718284265401,0
actual,1745428052.547982,394655.5793801829,4438783.44583887,0.0028414658354167467,0
actual,1745428052.647991,394655.5791866635,4438783.445853202,0.0028378704571577866,0
actual,1745428052.747945,394655.5789009096,4438783.445816414,0.00288499434696171,0
actual,1745428052.8479846,394655.57861429895,4438783.445835005,0.002895518682351203,0
actual,1745428052.9479325,394655.5782037426,4438783.446506945,0.0028142910589633494,0
actual,1745428053.0480223,394655.57817741466,4438783.44654832,0.0028194921401343063,0
actual,1745428053.1479661,394655.57827003405,4438783.446611991,0.0028260196715366543,0
actual,1745428053.2479613,394655.5783782857,4438783.446636609,0.0028549048706571524,0
actual,1745428053.3479948,394655.5785225764,4438783.446683683,0.0028792696670149882,0
actual,1745428053.4479368,394655.5792870122,4438783.446706054,0.0027851266071624936,0
actual,1745428053.5479424,394655.57933490654,4438783.446792682,0.0028168217863788004,0
actual,1745428053.6479354,394655.57943514973,4438783.44686917,0.0028216214418215722,0
actual,1745428053.7479603,394655.5795558319,4438783.446921465,0.0028901954281324188,0
actual,1745428053.848057,394655.5797032799,4438783.44705057,0.002889270403628965,0
actual,1745428053.9479723,394655.5803383739,4438783.44467481,0.00281776426417473,0
actual,1745428054.04798,394655.58029766136,4438783.444524909,0.002815233536759279,0
actual,1745428054.1479557,394655.5801630883,4438783.444368098,0.0028222846669373916,0
actual,1745428054.2479696,394655.5798887477,4438783.444224158,0.0028313429257551905,0
actual,1745428054.3479855,394655.5796148728,4438783.444073689,0.00287075246026543,0
actual,1745428054.4479444,394655.58023601375,4438783.445196607,0.002796453794007861,0
actual,1745428054.5479665,394655.5802573279,4438783.445177078,0.002834397251946158,0
actual,1745428054.6479018,394655.58029498253,4438783.445152008,0.002854643071269518,0
actual,1745428054.7480154,394655.5803091674,4438783.445163217,0.0028808753699269855,0
actual,1745428054.847942,394655.5803158005,4438783.445169694,0.0028807357435866824,0
actual,1745428054.9479742,394655.5806572717,4438783.445824429,0.0027648982411318575,0
actual,1745428055.047963,394655.5807149861,4438783.445854514,0.0027810076301277692,0
actual,1745428055.1479418,394655.5807985584,4438783.445843989,0.002788599812373874,0
actual,1745428055.2479353,394655.58089050686,4438783.445867016,0.0028430540850362678,0
actual,1745428055.3479602,394655.5810063927,4438783.445989299,0.0028537180467658164,0
actual,1745428055.4480042,394655.5804334867,4438783.445833286,0.0027941848659802926,0
actual,1745428055.5478854,394655.5804330601,4438783.44583537,0.002789664463217631,0
actual,1745428055.647995,394655.58045110665,4438783.445809336,0.002809892829248267,0
actual,1745428055.7479672,394655.58045774966,4438783.445819805,0.0028264210972645917,0
actual,1745428055.8479412,394655.5804972656,4438783.445855234,0.0028352001034022806,0
actual,1745428055.9479666,394655.5796219737,4438783.446134142,0.002804971000757668,0
actual,1745428056.0479288,394655.57961998123,4438783.446164685,0.0028059134785538456,0
actual,1745428056.1479354,394655.57964743907,4438783.446215803,0.0027766094004126867,0
actual,1745428056.2479882,394655.57965007646,4438783.446249483,0.002792596616361019,0
actual,1745428056.3479564,394655.57962716545,4438783.4463241985,0.0028286725719996846,0
actual,1745428056.447926,394655.5795352061,4438783.446162653,0.0028399997588450525,0
actual,1745428056.547961,394655.5795145867,4438783.446182296,0.002853176994697824,0
actual,1745428056.6479454,394655.579481604,4438783.4462184515,0.0028732831876806327,0
actual,1745428056.7479544,394655.57943669637,4438783.44631432,0.0028652895797065905,0
actual,1745428056.8479302,394655.57939379057,4438783.446385393,0.0028391969073891777,0
actual,1745428056.9479349,394655.57850374654,4438783.444880373,0.0028093692304727506,0
actual,1745428057.0479448,394655.5784717114,4438783.444797346,0.00280882817840451,0
actual,1745428057.147955,394655.578437416,4438783.444652971,0.0028615720283998035,0
actual,1745428057.2479749,394655.578443193,4438783.444523102,0.002852251970194122,0
actual,1745428057.3479512,394655.5784478829,4438783.444392904,0.0028627588522911395,0
actual,1745428057.4479418,394655.58035327157,4438783.44434631,0.002821220016093635,0
actual,1745428057.547966,394655.5805034748,4438783.444318709,0.0028230875183932664,0
actual,1745428057.647936,394655.5806041019,4438783.4443078935,0.0028373294050895465,0
actual,1745428057.7478776,394655.58069353784,4438783.444297332,0.00290337266398519,0
actual,1745428057.84795,394655.5807955901,4438783.44434264,0.0029052401662848218,0
actual,1745428057.9480097,394655.58033515693,4438783.445399967,0.002817886437222309,0
actual,1745428058.0479882,394655.580364689,4438783.445433996,0.002863422077406959,0
actual,1745428058.1479754,394655.58045674243,4438783.445494562,0.002847312688411047,0
actual,1745428058.2479424,394655.58049678174,4438783.445505191,0.0028768785659398404,0
actual,1745428058.3479657,394655.58060401736,4438783.445544057,0.0028639631294749513,0
actual,1745428058.4479365,394655.5807262331,4438783.445564004,0.0029012433622976766,0
actual,1745428058.5479598,394655.58139500004,4438783.445573597,0.002865830631774583,0
actual,1745428058.647903,394655.58145166334,4438783.445548179,0.002896321533807078,0
actual,1745428058.7479491,394655.5814952231,4438783.44552332,0.002892865781888173,0
actual,1745428058.8479567,394655.5814930261,4438783.445463566,0.0029357310683170686,0
actual,1745428058.947989,394655.58063418267,4438783.446381116,0.002814029259575467,0
actual,1745428059.0479453,394655.5804969713,4438783.4464155855,0.0028804739441988005,0
actual,1745428059.147944,394655.58035173116,4438783.446436421,0.0029265506364516904,0
actual,1745428059.247935,394655.5802579862,4438783.446457892,0.0029535857865650326,0
actual,1745428059.3479333,394655.5801912756,4438783.446538488,0.0029228156318524276,0
actual,1745428059.4479766,394655.58172698173,4438783.446312102,0.0027991241477633676,0
actual,1745428059.5479724,394655.58177105995,4438783.4463479845,0.002842129060532566,0
actual,1745428059.647957,394655.58180815267,4438783.446403094,0.002869949608809307,0
actual,1745428059.7479775,394655.58183887176,4438783.446456275,0.0028900558017923637,0
actual,1745428059.8479693,394655.5818843865,4438783.446501474,0.0029071076685844533,0
actual,1745428059.947974,394655.5819117399,4438783.446527813,0.0029454525522506873,0
actual,1745428060.0479977,394655.581630509,4438783.445171613,0.0028463876639075935,0
actual,1745428060.1479352,394655.5816714385,4438783.445167384,0.0028562487741812673,0
actual,1745428060.2480118,394655.58168987837,4438783.445063713,0.002913373400598919,0
actual,1745428060.3479888,394655.5817024477,4438783.444969578,0.002928418138751322,0
actual,1745428060.4480445,394655.5824329518,4438783.446019025,0.0028132264081195926,0
actual,1745428060.5479934,394655.58248013014,4438783.446024762,0.0028333326011026495,0
actual,1745428060.6479895,394655.5825309783,4438783.446054715,0.0028462480375672904,0
actual,1745428060.747937,394655.58255805966,4438783.446061166,0.0028882057527852083,0
actual,1745428060.8479333,394655.5826182362,4438783.446113961,0.0028810149962670405,0
actual,1745428060.9479365,394655.5816648904,4438783.446483065,0.0027852662335025487,0
actual,1745428061.0479732,394655.58157777396,4438783.446491081,0.0028308018736871985,0
actual,1745428061.1479204,394655.58151978784,4438783.446544806,0.0028425304862605034,0
actual,1745428061.247954,394655.5814716177,4438783.446561682,0.0028692863836937356,0
actual,1745428061.3479898,394655.5814518194,4438783.446597949,0.0028751506899802643,0
actual,1745428061.447934,394655.5822164414,4438783.446743034,0.0028080427802411115,0
actual,1745428061.54798,394655.5822716831,4438783.446750752,0.0028437173101518395,0
actual,1745428061.6479366,394655.58237576036,4438783.446782388,0.002836927979361609,0
actual,1745428061.747971,394655.58247299475,4438783.446780346,0.002874609637912272,0
actual,1745428061.847932,394655.582590043,4438783.446798676,0.002885133973301765,0
actual,1745428061.9480283,394655.5829567595,4438783.445154737,0.0027766094004126867,0
actual,1745428062.0479655,394655.5830903383,4438783.445083122,0.002789926262605513,0
actual,1745428062.1479805,394655.58320650365,4438783.444936007,0.002824413968624905,0
actual,1745428062.2479749,394655.58340325346,4438783.4448566465,0.002844118735879777,0
actual,1745428062.3479943,394655.58359965147,4438783.444822072,0.002862235253515623,0
actual,1745428062.4479666,394655.58382581465,4438783.444711433,0.002897787610378772,0
actual,1745428062.5479617,394655.58267410664,4438783.4451750945,0.0028353397297423357,0
actual,1745428062.6480343,394655.58265101345,4438783.445128323,0.0028565105735691497,0
actual,1745428062.7479844,394655.5826298133,4438783.445024643,0.002906182644080751,0
actual,1745428062.8479571,394655.5826417337,4438783.44494868,0.0029240199090362394,0
actual,1745428062.9479637,394655.58314699127,4438783.445403244,0.0028501226685068563,0
actual,1745428063.0479515,394655.5832604369,4438783.445449124,0.002840401184573238,0
actual,1745428063.1479726,394655.58334756305,4438783.445456958,0.0028554459227253925,0
actual,1745428063.247936,394655.5834515757,4438783.445479804,0.0028526533959220596,0
actual,1745428063.3479328,394655.5835296896,4438783.44546654,0.002872759588905116,0
actual,1745428063.448041,394655.5826717867,4438783.445580667,0.0027740786729972358,0
actual,1745428063.5479803,394655.58260937326,4438783.445586336,0.0027861912580062504,0
actual,1745428063.6480043,394655.5825291229,4438783.445586751,0.0027851266071624936,0
actual,1745428063.7479882,394655.58245366823,4438783.445569201,0.0028053724264856055,0
actual,1745428063.8479857,394655.5823810276,4438783.445580094,0.0028328090023268847,0
actual,1745428063.9479399,394655.58204113017,4438783.445172861,0.0027728918491058997,0
actual,1745428064.047938,394655.58193822304,4438783.445083039,0.0028297372228434413,0
actual,1745428064.147965,394655.5817856102,4438783.445008799,0.0028550444969974555,0
actual,1745428064.248023,394655.5815778211,4438783.444880176,0.002865167406659011,0
actual,1745428064.3479578,394655.58136851876,4438783.444783871,0.0028766167665519584,0
actual,1745428064.447971,394655.5833285816,4438783.446283544,0.0027466595504484323,0
actual,1745428064.5479596,394655.5834532287,4438783.446502947,0.0026908613742621713,0
actual,1745428064.6479483,394655.5834411704,4438783.446614191,0.0027197465733826694,0
actual,1745428064.7479367,394655.5833257446,4438783.446745282,0.0027049810879108726,0
actual,1745428064.847958,394655.5830529974,4438783.4469222445,0.0027699596959627594,0
actual,1745428064.947941,394655.58058480156,4438783.445081083,0.0028393365337294808,0
actual,1745428065.0479405,394655.5803149547,4438783.444928916,0.002808566379016876,0
actual,1745428065.1479888,394655.58010168833,4438783.444720314,0.0029103016211154756,0
actual,1745428065.2479074,394655.5799755986,4438783.444568612,0.002868361359190034,0
actual,1745428065.3479812,394655.5798842143,4438783.44426779,0.002997393550790106,0
actual,1745428065.4479578,394655.5797590028,4438783.446618124,0.0027823340803591603,0
actual,1745428065.5479417,394655.57987645455,4438783.4467660645,0.002793382014524418,0
actual,1745428065.64788,394655.5800829002,4438783.446890278,0.0028490580176630995,0
actual,1745428065.7479496,394655.5803909416,4438783.44706263,0.002844659787948017,0
actual,1745428065.8479464,394655.58069729304,4438783.4471826665,0.002912029497075052,0
actual,1745428065.9478626,394655.5793339434,4438783.446090439,0.0027823340803591603,0
actual,1745428066.0479584,394655.57923653454,4438783.445867395,0.0029012433622976766,0
actual,1745428066.1479716,394655.5791417564,4438783.445739462,0.0028913997053164786,0
actual,1745428066.2479877,394655.579052951,4438783.445686025,0.0029254859856079336,0
actual,1745428066.3479555,394655.57900101005,4438783.445559064,0.0029675658738734308,0
actual,1745428066.447995,394655.58016152226,4438783.445887708,0.002825740418856296,0
actual,1745428066.547896,394655.5804118904,4438783.445985452,0.002846125864519711,0
actual,1745428066.6480398,394655.5807106861,4438783.445800717,0.0028591634740321795,0
actual,1745428066.747995,394655.5810614502,4438783.445774034,0.002899253686950466,0
actual,1745428066.8479104,394655.58126817585,4438783.445816748,0.002853840219813395,0
actual,1745428066.9479449,394655.5806592972,4438783.446549885,0.0028820796471107973,0
actual,1745428067.0479422,394655.58035227854,4438783.44656897,0.0028766167665519584,0
actual,1745428067.1479363,394655.5799389402,4438783.446500347,0.0029574429642118746,0
actual,1745428067.2479389,394655.5795117002,4438783.446517885,0.0029430614511755395,0
actual,1745428067.3479474,394655.5790599185,4438783.446572164,0.0029623647927024734,0
actual,1745428067.4480016,394655.5816723851,4438783.445915049,0.0028268050697000534,0
actual,1745428067.5479648,394655.5816922961,4438783.445768529,0.002848377339254804,0
actual,1745428067.6479678,394655.58170821914,4438783.445640089,0.0028638235031348963,0
actual,1745428067.747991,394655.58168519754,4438783.445547872,0.0028449215873358994,0
actual,1745428067.8479717,394655.5816395027,4438783.445344726,0.0028703510345372443,0
actual,1745428067.9479833,394655.58276458504,4438783.446460024,0.0027726125964257897,0
actual,1745428068.04794,394655.58283632575,4438783.446455016,0.0028039063499139113,0
actual,1745428068.1479383,394655.5829174415,4438783.446406648,0.0028463876639075935,0
actual,1745428068.2479956,394655.58306659106,4438783.446352313,0.00287754179105566,0
actual,1745428068.3479648,394655.58326071186,4438783.446275789,0.0029099001953875386,0
actual,1745428068.4479425,394655.5826388987,4438783.447516909,0.0028047092013697857,0
actual,1745428068.5479617,394655.5824996716,4438783.447567985,0.0028816782213828603,0
actual,1745428068.647945,394655.58235765423,4438783.447648562,0.0028919233040919953,0
actual,1745428068.7478492,394655.58231516316,4438783.447748,0.0028734228140209358,0
actual,1745428068.8479369,394655.58239969466,4438783.447851252,0.0028578370238005403,0
actual,1745428068.947909,394655.58141725487,4438783.447636555,0.002786592683734188,0
actual,1745428069.0480192,394655.5813059223,4438783.44759325,0.00282108038975358,0
actual,1745428069.1480043,394655.5811237233,4438783.447566042,0.002844118735879777,0
actual,1745428069.2479825,394655.58086937305,4438783.447520532,0.0028550444969974555,0
actual,1745428069.3480046,394655.5805960827,4438783.447480689,0.002868762784917971,0
actual,1745428069.4479685,394655.58281237166,4438783.447267385,0.0028272064954279904,0
actual,1745428069.5479856,394655.5828934581,4438783.447203785,0.0028578370238005403,0
actual,1745428069.6479735,394655.5829847404,4438783.447147868,0.0028935290070037445,0
actual,1745428069.7479336,394655.5831182328,4438783.447066049,0.002917230578246009,0
actual,1745428069.8479834,394655.5833489741,4438783.446965753,0.002927475660955144,0
actual,1745428069.9479706,394655.58285776095,4438783.447811388,0.0027763476010250524,0
actual,1745428070.047955,394655.5828761707,4438783.4478373425,0.002810835307044445,0
actual,1745428070.1479955,394655.58284937683,4438783.4478843035,0.0028450612136759544,0
actual,1745428070.247948,394655.58279375295,4438783.4479199685,0.0028794092933552913,0
actual,1745428070.3479075,394655.5827623552,4438783.447957154,0.002924543507811756,0
actual,1745428070.4479392,394655.58269134106,4438783.447680041,0.0028047092013697857,0
actual,1745428070.547851,394655.582758159,4438783.447635047,0.002843315884423902,0
actual,1745428070.6480043,394655.5828669893,4438783.447661031,0.002841989434192511,0
actual,1745428070.748014,394655.5829549457,4438783.447664131,0.0028569119992970867,0
actual,1745428070.847995,394655.5830222324,4438783.447637731,0.0028944540315074463,0
actual,1745428070.9479508,394655.5831435842,4438783.447587066,0.0028350604770619775,0
actual,1745428071.0478976,394655.58325577184,4438783.4476261735,0.0028300164755237995,0
actual,1745428071.1479504,394655.5833822182,4438783.447644411,0.0028221450405973366,0
actual,1745428071.2479346,394655.5834303255,4438783.447615592,0.002857173798684721,0
actual,1745428071.3479328,394655.5834557924,4438783.447625761,0.0028409247833487542,0
actual,1745428071.4479475,394655.5822525965,4438783.447385979,0.0028056342258734874,0
actual,1745428071.5479515,394655.5822694723,4438783.447486412,0.002786592683734188,0
actual,1745428071.6479554,394655.5823930913,4438783.447559978,0.002793259841476839,0
actual,1745428071.7479806,394655.58254855283,4438783.447592924,0.002847975913526867,0
actual,1745428071.8479404,394655.5826987446,4438783.447682786,0.002839598333117115,0
actual,1745428071.9479358,394655.5811857384,4438783.447597515,0.002832931175374712,0
actual,1745428072.047931,394655.58105455036,4438783.447597843,0.0028414658354167467,0
actual,1745428072.1479867,394655.5809458216,4438783.447570727,0.0028671570820062216,0
actual,1745428072.247972,394655.5808638602,4438783.447513254,0.0029000565384063406,0
actual,1745428072.347937,394655.58086180926,4438783.4474323075,0.0029735523532077863,0
actual,1745428072.4479618,394655.58086402906,4438783.447408289,0.0030118972368740203,0
actual,1745428072.5479732,394655.58269555017,4438783.447228994,0.0028874029013293335,0
actual,1745428072.6479433,394655.5826876323,4438783.447260208,0.0029104412474557787,0
actual,1745428072.7479303,394655.5825689092,4438783.447268816,0.002947721480278256,0
actual,1745428072.8479323,394655.582425811,4438783.447341856,0.0029228156318524276,0
actual,1745428072.947988,394655.582445923,4438783.446784191,0.00276395576333568,0
actual,1745428073.0479445,394655.5828087531,4438783.446730287,0.002784341208999095,0
actual,1745428073.147958,394655.58319131576,4438783.44661993,0.002815233536759279,0
actual,1745428073.2479584,394655.58345173125,4438783.446553893,0.002802318100294638,0
actual,1745428073.3479524,394655.58357030666,4438783.44642339,0.002846789089635531,0
actual,1745428073.4479747,394655.5834447205,4438783.446746121,0.0028055120528256605,0
actual,1745428073.5479386,394655.5833848651,4438783.44673276,0.002817624637834675,0
actual,1745428073.6479337,394655.5833870197,4438783.446762529,0.0028293357971155043,0
actual,1745428073.7479599,394655.58345665096,4438783.446826419,0.0028325297496465266,0
actual,1745428073.8480134,394655.5835647987,4438783.446856762,0.0028870014756013965,0
actual,1745428073.9479556,394655.58362802275,4438783.446893274,0.0029340031923574925,0
actual,1745428074.0479434,394655.58156789147,4438783.447839012,0.002887664700717216,0
actual,1745428074.147977,394655.58137009933,4438783.4479239285,0.002876477140211903,0
actual,1745428074.2479637,394655.58121390874,4438783.4479767075,0.0028927261555478697,0
actual,1745428074.3479667,394655.58110301354,4438783.448052492,0.0028972465583105315,0
actual,1745428074.447941,394655.5810017914,4438783.448116666,0.0028895322030168475,0
actual,1745428074.5479345,394655.5831125239,4438783.447910259,0.00280617527794148,0
actual,1745428074.6479893,394655.5831456189,4438783.44791256,0.0028514491187382474,0
actual,1745428074.747958,394655.58321869967,4438783.447934127,0.002876215340824021,0
actual,1745428074.8479824,394655.5833454821,4438783.447973517,0.0028792696670149882,0
actual,1745428074.9479933,394655.58348608343,4438783.448048058,0.0028948554572353837,0
actual,1745428075.0479453,394655.5820442251,4438783.448420522,0.002806297450989059,0
actual,1745428075.1479416,394655.58194530004,4438783.448475141,0.0028609088032839837,0
actual,1745428075.2479894,394655.5818444115,4438783.448575119,0.00287368461340857,0
actual,1745428075.3479776,394655.5817037651,4438783.448630221,0.002916026301061949,0
actual,1745428075.4479918,394655.58158159314,4438783.448719066,0.002955715088252298,0
actual,1745428075.5479288,394655.5833622265,4438783.448451373,0.0028719567374492416,0
actual,1745428075.6479654,394655.58348620706,4438783.448533242,0.0028574355980726033,0
actual,1745428075.747961,394655.5835832351,4438783.448550469,0.0028836678967300708,0
actual,1745428075.8479803,394655.583693761,4438783.448538829,0.002912029497075052,0
actual,1745428075.9479344,394655.5838017503,4438783.448587284,0.0029112266456191773,0
actual,1745428076.0479307,394655.5828825356,4438783.448467182,0.002835461902789915,0
actual,1745428076.1479664,394655.5828484637,4438783.448527381,0.002877419618007833,0
actual,1745428076.2479827,394655.58282323094,4438783.448588017,0.0029169687788581267,0
actual,1745428076.3480752,394655.58274688915,4438783.44867738,0.0029000565384063406,0
actual,1745428076.4479494,394655.5830473823,4438783.44823926,0.00283680580631403,0
actual,1745428076.5479732,394655.58305603283,4438783.448162797,0.0028469112626831102,0
actual,1745428076.6479406,394655.58308834257,4438783.448134025,0.002865027780318708,0
actual,1745428076.747947,394655.58309447154,4438783.4481190415,0.0028807357435866824,0
actual,1745428076.8479683,394655.5830687694,4438783.448064302,0.0029129719748709816,0
actual,1745428076.9479647,394655.5827394808,4438783.448662188,0.0028264210972645917,0
actual,1745428077.0479445,394655.58272042,4438783.448679469,0.002834135452558524,0
actual,1745428077.1481633,394655.5827752813,4438783.448660748,0.00284425836222008,0
actual,1745428077.2480114,394655.5828381275,4438783.448664756,0.0028537180467658164,0
actual,1745428077.3480377,394655.58284256037,4438783.448649567,0.002895658308691258,0
actual,1745428077.4479563,394655.5837031993,4438783.448640096,0.0028016374218863423,0
actual,1745428077.5479314,394655.5836098842,4438783.4486007625,0.00279512734377647,0
actual,1745428077.6479383,394655.58351405174,4438783.448556376,0.002816559986990918,0
actual,1745428077.7479603,394655.58346489444,4438783.448491189,0.0028352001034022806,0
actual,1745428077.8480117,394655.58341406006,4438783.448359087,0.0028874029013293335,0
actual,1745428077.9479704,394655.58444166154,4438783.44813821,0.0028066988767172446,0
actual,1745428078.0479696,394655.5844724419,4438783.448065877,0.0028334722274427045,0
actual,1745428078.1480303,394655.58445648145,4438783.447988537,0.00285850024891636,0
actual,1745428078.2479932,394655.58438332664,4438783.447890428,0.002895117256623266,0
actual,1745428078.3479495,394655.58432820323,4438783.447824937,0.0029075090943123903,0
actual,1745428078.447961,394655.58336363564,4438783.448475431,0.002769017218166582,0
actual,1745428078.547936,394655.58330533846,4438783.448399722,0.0028336118537827595,0
actual,1745428078.6479502,394655.5833319853,4438783.448385046,0.0028321457772113134,0
actual,1745428078.7479756,394655.58329434565,4438783.448312583,0.002894331858459867,0
actual,1745428078.8479683,394655.5832062819,4438783.448255766,0.002906845869196571,0
actual,1745428078.9479363,394655.585145112,4438783.447576479,0.0027943244923205957,0
actual,1745428079.0479977,394655.58521348244,4438783.447460451,0.002854782697609573,0
actual,1745428079.14796,394655.5853197038,4438783.447391715,0.00282786972054381,0
actual,1745428079.247937,394655.5854311338,4438783.447268855,0.0028857971984175843,0
actual,1745428079.347932,394655.585635883,4438783.447188425,0.002882742872226617,0
actual,1745428079.4479666,394655.5843284306,4438783.448905136,0.0028300164755237995,0
actual,1745428079.5478966,394655.5842014379,4438783.449005837,0.00285584734845333,0
actual,1745428079.6479576,394655.584024642,4438783.44913064,0.002858378075868781,0
actual,1745428079.7479544,394655.5837613271,4438783.449221048,0.0028804739441988005,0
actual,1745428079.8479903,394655.5834465404,4438783.44927042,0.0029155027022864325,0
actual,1745428079.947952,394655.5831749172,4438783.44937689,0.0029459936043186798,0
actual,1745428080.0479364,394655.5827349769,4438783.447440786,0.002857173798684721,0
actual,1745428080.1479814,394655.58275815286,4438783.44730878,0.002872218536836876,0
actual,1745428080.247997,394655.5826837437,4438783.447130218,0.0029128323485309265,0
actual,1745428080.3479388,394655.5825440903,4438783.44702037,0.002900318337793975,0
actual,1745428080.4479754,394655.5828949704,4438783.447491056,0.0028372072320419672,0
actual,1745428080.5479863,394655.5828591364,4438783.447447693,0.0028563709472288466,0
actual,1745428080.6479726,394655.5828445442,4438783.447347029,0.0028961819074667747,0
actual,1745428080.74796,394655.582757617,4438783.447307607,0.002951177232197161,0
actual,1745428080.8479493,394655.58274751966,4438783.447340909,0.0029330781678540384,0
actual,1745428080.9479375,394655.5818155394,4438783.448069674,0.002849983042166553,0
actual,1745428081.0480008,394655.58182407136,4438783.448010053,0.002864364555203137,0
actual,1745428081.1479628,394655.58166251867,4438783.448001134,0.002884069322458008,0
actual,1745428081.2479403,394655.5814677181,4438783.4479803955,0.002955435835572188,0
actual,1745428081.3479772,394655.5813266253,4438783.447954337,0.0030023153792807047,0
actual,1745428081.4479408,394655.58112257253,4438783.447951607,0.0030348134099528862,0
actual,1745428081.5479376,394655.58143169037,4438783.448619243,0.0028410644096888093,0
actual,1745428081.6479409,394655.58137713943,4438783.448676546,0.0028706128339251267,0
actual,1745428081.7479613,394655.58127088996,4438783.4487221725,0.002896583333194712,0
actual,1745428081.8479843,394655.58118207863,4438783.448727262,0.002927213861567262,0
actual,1745428081.947947,394655.5811554178,4438783.448835016,0.0029367957191608254,0
actual,1745428082.0479543,394655.5815739875,4438783.448228374,0.002855969521500909,0
actual,1745428082.147996,394655.5815886758,4438783.448187913,0.00290431514178112,0
actual,1745428082.2479646,394655.5815739411,4438783.448235889,0.0028973861846508346,0
actual,1745428082.3479722,394655.58158061863,4438783.44825587,0.002935329642589131,0
actual,1745428082.4479494,394655.581601558,4438783.448297913,0.002923478856967999,0
actual,1745428082.5479634,394655.5823169979,4438783.4482604675,0.002844520161607962,0
actual,1745428082.648007,394655.58231811936,4438783.448366647,0.0028565105735691497,0
actual,1745428082.747954,394655.5823238626,4438783.448422436,0.0029113662719592323,0
actual,1745428082.8479884,394655.5823207711,4438783.448442893,0.002941455748263542,0
actual,1745428082.9480402,394655.5823254981,4438783.44849269,0.0029644940943899874,0
actual,1745428083.047936,394655.5825936317,4438783.44737079,0.0028233493177811484,0
actual,1745428083.1479375,394655.58260592836,4438783.447360012,0.0028168217863788004,0
actual,1745428083.2479334,394655.5825708824,4438783.447292402,0.002845846611839353,0
actual,1745428083.3479624,394655.5825417368,4438783.447211853,0.0028646263545907707,0
actual,1745428083.4479775,394655.58253846515,4438783.447115343,0.0029031108645973082,0
actual,1745428083.5479875,394655.5837114376,4438783.44827177,0.0028593031003722345,0
actual,1745428083.6479352,394655.5838824324,4438783.448270573,0.002892464356160236,0
actual,1745428083.747941,394655.58404592896,4438783.448293466,0.0029144380514426757,0
actual,1745428083.847886,394655.5841392475,4438783.448215226,0.002981144535453891,0
actual,1745428083.947982,394655.5841880693,4438783.448252196,0.002970620200064398,0
actual,1745428084.0479405,394655.5821639736,4438783.446940836,0.002843315884423902,0
actual,1745428084.1479747,394655.5821415187,4438783.446814298,0.002864504181543192,0
actual,1745428084.248003,394655.5821633446,4438783.446650153,0.0029559768876401805,0
actual,1745428084.348025,394655.5821587109,4438783.446561717,0.0029497111556254668,0
actual,1745428084.44796,394655.5839327616,4438783.4467182085,0.0028068385030572997,0
actual,1745428084.548033,394655.58392352506,4438783.446691899,0.0028041681493017933,0
actual,1745428084.6478925,394655.583951589,4438783.446596598,0.002853176994697824,0
actual,1745428084.7479584,394655.58402004605,4438783.446523572,0.002892865781888173,0
actual,1745428084.8479586,394655.5840709996,4438783.446489589,0.002957565137259454,0
actual,1745428084.9479692,394655.58300936077,4438783.447831758,0.002854782697609573,0
actual,1745428085.0480323,394655.5829129534,4438783.447982497,0.0028288121983399877,0
actual,1745428085.1479712,394655.58302021807,4438783.44794623,0.002846789089635531,0
actual,1745428085.2479787,394655.58317976864,4438783.447905594,0.0029025872658217915,0
actual,1745428085.3479068,394655.58313736384,4438783.4480149895,0.002863701330087317,0
actual,1745428085.4479718,394655.5856256393,4438783.44793281,0.0028601059518281093,0
actual,1745428085.5479412,394655.5854746006,4438783.44789856,0.0028646263545907707,0
actual,1745428085.6479375,394655.5852197844,4438783.447728081,0.0029571811648239923,0
actual,1745428085.7479353,394655.58500623255,4438783.447692401,0.0029567797390960553,0
actual,1745428085.847974,394655.5847848726,4438783.447706072,0.0029718244772482098,0
actual,1745428085.9479437,394655.5846388545,4438783.447784432,0.002972225902976147,0
actual,1745428086.0479586,394655.581699679,4438783.448928265,0.002975943454282934,0
actual,1745428086.1479723,394655.5812524223,4438783.44900624,0.003053715325751883,0
actual,1745428086.2479854,394655.58087089,4438783.449355901,0.003006573982655484,0
actual,1745428086.347938,394655.5804598425,4438783.44955602,0.0030450584926620216,0
actual,1745428086.4479313,394655.5831406755,4438783.448691152,0.002843455510764205,0
actual,1745428086.5478704,394655.5832280617,4438783.448729024,0.002840401184573238,0
actual,1745428086.6479344,394655.5834068615,4438783.448728632,0.002864888153978653,0
actual,1745428086.7479382,394655.58371112106,4438783.448769229,0.002844520161607962,0
actual,1745428086.8479471,394655.5839651235,4438783.448831088,0.0028808753699269855,0
actual,1745428086.9479668,394655.5833294531,4438783.44930417,0.002804971000757668,0
actual,1745428087.0479379,394655.583324423,4438783.449213195,0.0028193525137940032,0
actual,1745428087.1479352,394655.58327333524,4438783.449211288,0.0028110971064320787,0
actual,1745428087.2479346,394655.5831962856,4438783.449154909,0.0028383940559333033,0
actual,1745428087.34795,394655.5831345436,4438783.449087894,0.0028284107726120502,0
actual,1745428087.4479382,394655.58275788836,4438783.449190745,0.002765299666859795,0
actual,1745428087.5479755,394655.5826393199,4438783.4492559275,0.002786069084958671,0
actual,1745428087.647961,394655.5825273168,4438783.449257273,0.0028391969073891777,0
actual,1745428087.7479708,394655.5825669185,4438783.449236644,0.002889270403628965,0
actual,1745428087.8479655,394655.58268711204,4438783.4493642505,0.002876354967164324,0
actual,1745428087.9479764,394655.583050393,4438783.44829099,0.0028523741432417015,0
actual,1745428088.0478919,394655.5830311178,4438783.448119656,0.0028895322030168475,0
actual,1745428088.1480067,394655.5830931736,4438783.448066615,0.0029285403117989012,0
actual,1745428088.2479482,394655.58314455976,4438783.447883951,0.002956238687028063,0
actual,1745428088.347958,394655.5831594114,4438783.447735937,0.0029939203455784775,0
actual,1745428088.4479752,394655.58421069814,4438783.448126487,0.0028117603315478985,0
actual,1745428088.5479374,394655.58390467963,4438783.448014246,0.0028590413009843526,0
actual,1745428088.6479375,394655.5837287216,4438783.448025163,0.002848255166207225,0
actual,1745428088.74796,394655.5837049153,4438783.447885764,0.002933741392969858,0
actual,1745428088.8478992,394655.5837373815,4438783.447746837,0.0029587694144432657,0
actual,1745428088.9479647,394655.58262002014,4438783.447377178,0.002707110389598386,0
actual,1745428089.0480049,394655.5822212113,4438783.44728766,0.0027198861997229725,0
actual,1745428089.1479552,394655.58196626976,4438783.447156721,0.0026968478535965273,0
actual,1745428089.2480042,394655.58194990817,4438783.447054491,0.002786592683734188,0
actual,1745428089.3479893,394655.58199665544,4438783.447061679,0.002756642833769933,0
actual,1745428089.4479628,394655.5837473195,4438783.445541757,0.0028233493177811484,0
actual,1745428089.5479376,394655.5839554949,4438783.445309907,0.002817886437222309,0
actual,1745428089.6479511,394655.5840581718,4438783.445103392,0.002815355709807106,0
actual,1745428089.7479317,394655.58410264365,4438783.444749491,0.0028792696670149882,0
actual,1745428089.8480074,394655.5841847289,4438783.444495991,0.002801113823110826,0
actual,1745428089.947944,394655.58422052563,4438783.444100362,0.002889270403628965,0
actual,1745428090.048004,394655.5808891903,4438783.447114512,0.0028908586532482385,0
actual,1745428090.1480117,394655.58088269306,4438783.447034823,0.0029802020576579617,0
actual,1745428090.247957,394655.58096664,4438783.447093733,0.003004043255240033,0
actual,1745428090.3479366,394655.5809975745,4438783.44732436,0.0029671644481454934,0
actual,1745428090.4479716,394655.5809013648,4438783.447403045,0.00299086601938751,0
actual,1745428090.5479603,394655.5826370045,4438783.447183181,0.002834135452558524,0
actual,1745428090.6480148,394655.58252114063,4438783.447171013,0.0028216214418215722,0
actual,1745428090.7479775,394655.58245606103,4438783.447153586,0.002841989434192511,0
actual,1745428090.847972,394655.5824509752,4438783.447131135,0.002876075714483966,0
actual,1745428090.9479437,394655.58099429175,4438783.446306024,0.0029039137160531826,0
actual,1745428091.047968,394655.5807590555,4438783.446145635,0.002939989671691848,0
actual,1745428091.147975,394655.5805213968,4438783.4459894495,0.0029957878478781086,0
actual,1745428091.2479353,394655.5802892548,4438783.445847827,0.003016435092929158,0
actual,1745428091.3479583,394655.58001332695,4438783.445689432,0.003060242857154231,0
actual,1745428091.4480355,394655.58244633826,4438783.446016968,0.002849180190710679,0
actual,1745428091.5479987,394655.5824567041,4438783.446023839,0.002893930432731682,0
actual,1745428091.6479042,394655.5825202394,4438783.446080254,0.0028896543760644267,0
actual,1745428091.7479653,394655.58262751927,4438783.446141116,0.0028742082121843344,0
actual,1745428091.8479753,394655.5827517108,4438783.446134787,0.0029306696134861667,0
actual,1745428091.9479728,394655.58285859803,4438783.446138661,0.002951456484877519,0
actual,1745428092.0479543,394655.5808360211,4438783.446612284,0.0028719567374492416,0
actual,1745428092.1479638,394655.5807097689,4438783.446632929,0.0028719567374492416,0
actual,1745428092.2480435,394655.58059768495,4438783.446626267,0.0028731435613405776,0
actual,1745428092.348002,394655.58048771764,4438783.4466236085,0.002878082843123652,0
actual,1745428092.4479606,394655.58034897095,4438783.44658028,0.002901906587413496,0
actual,1745428092.547974,394655.5847570492,4438783.448058701,0.0029679672996013678,0
actual,1745428092.6479447,394655.58546142245,4438783.448317878,0.0029292035369147206,0
actual,1745428092.7479455,394655.58618589013,4438783.448445686,0.002977008105126691,0
actual,1745428092.8479311,394655.58695973596,4438783.448755142,0.0029606369167428973,0
actual,1745428092.9479623,394655.5827423653,4438783.447700572,0.0028469112626831102,0
actual,1745428093.0479672,394655.5827004734,4438783.44759906,0.0028803343178587454,0
actual,1745428093.147961,394655.5827702083,4438783.447552042,0.0029186966548177032,0
actual,1745428093.2479572,394655.58300580585,4438783.4475023225,0.0029535857865650326,0
actual,1745428093.3479476,394655.58339531056,4438783.447378827,0.0029980567759056776,0
actual,1745428093.4479463,394655.5823479296,4438783.448330283,0.0028439965628321976,0
actual,1745428093.5479379,394655.58220248844,4438783.448406218,0.0028718171111089385,0
actual,1745428093.6479342,394655.58193492255,4438783.448488515,0.0028832664710021333,0
actual,1745428093.74788,394655.58149458806,4438783.4486979265,0.002854782697609573,0
actual,1745428093.8479803,394655.58063696086,4438783.4488970125,0.0028539798461536983,0
actual,1745428093.947986,394655.57947306003,4438783.448943397,0.0029137573730343806,0
actual,1745428094.047973,394655.5836067437,4438783.447177673,0.002868884957965798,0
actual,1745428094.1479447,394655.58374169725,4438783.447088436,0.0029141587987623176,0
actual,1745428094.2479365,394655.5842380686,4438783.446950772,0.0029521197099933384,0
actual,1745428094.347965,394655.585127538,4438783.446901014,0.0029573033378718196,0
actual,1745428094.4479322,394655.5862956885,4438783.446802447,0.0029992435997970137,0
actual,1745428094.5479321,394655.5823714637,4438783.447226427,0.002838132256545421,0
actual,1745428094.6479337,394655.5826003925,4438783.447192742,0.0028664938568904023,0
actual,1745428094.7479496,394655.5826473604,4438783.447137105,0.002922152406736608,0
actual,1745428094.847962,394655.5824233902,4438783.447223826,0.0029047165675090574,0
actual,1745428094.9479635,394655.58192053693,4438783.447209278,0.002959170840171451,0
actual,1745428095.0479414,394655.58472153917,4438783.447976813,0.002804971000757668,0
actual,1745428095.147887,394655.5842483585,4438783.448016242,0.002871153885993367,0
actual,1745428095.2479868,394655.5838606142,4438783.448098046,0.002852513769582004,0
actual,1745428095.3479438,394655.5836119986,4438783.448158689,0.0028923247298199327,0
actual,1745428095.4479382,394655.58347073593,4438783.448247514,0.002896722959535015,0
actual,1745428095.5479763,394655.5843613366,4438783.447783376,0.002819230340746424,0
actual,1745428095.6479623,394655.5843381309,4438783.4477046905,0.0028237507435090858,0
actual,1745428095.7479706,394655.58414753375,4438783.447706681,0.002820155365249878,0
actual,1745428095.8479729,394655.5838560706,4438783.447627487,0.002906845869196571,0
actual,1745428095.9479413,394655.58363554545,4438783.447577715,0.0028882057527852083,0
actual,1745428096.047937,394655.58502673707,4438783.4474351,0.002819090714406369,0
actual,1745428096.1478736,394655.58515133,4438783.447416746,0.0028414658354167467,0
actual,1745428096.2480226,394655.58534362214,4438783.447305415,0.0028718171111089385,0
actual,1745428096.3480043,394655.5856334078,4438783.447168375,0.0029099001953875386,0
actual,1745428096.4479482,394655.5860385064,4438783.447062882,0.002893790806391627,0
actual,1745428096.5479655,394655.58689476165,4438783.4456813745,0.002784341208999095,0
actual,1745428096.6479676,394655.5871498077,4438783.44554781,0.002775405123228875,0
actual,1745428096.7479305,394655.5873241769,4438783.445384652,0.002812563183003773,0
actual,1745428096.847987,394655.58747153834,4438783.44528672,0.002816699613330973,0
actual,1745428096.947886,394655.58756857144,4438783.445165559,0.00287075246026543,0
actual,1745428097.0479913,394655.5854942467,4438783.445878188,0.0028426526593080827,0
actual,1745428097.147941,394655.58538753376,4438783.445895919,0.00285050664094207,0
actual,1745428097.2480001,394655.5853002507,4438783.445939019,0.002898049409766406,0
actual,1745428097.347955,394655.585162301,4438783.446020519,0.002919482052981102,0
actual,1745428097.4478765,394655.5860701585,4438783.445863595,0.0028131042350720134,0
actual,1745428097.5479336,394655.5860517372,4438783.445850309,0.002850646267282373,0
actual,1745428097.6479313,394655.5861301637,4438783.445843468,0.0028671570820062216,0
actual,1745428097.7479377,394655.586244683,4438783.445780257,0.0029051179932369944,0
actual,1745428097.8479862,394655.58634846716,4438783.445735744,0.0029286799381389563,0
actual,1745428097.9479582,394655.58508715313,4438783.4458838105,0.0028112367327723818,0
actual,1745428098.047959,394655.5849541731,4438783.445798869,0.0028527755689698865,0
actual,1745428098.1479528,394655.58486516017,4438783.445765714,0.0028594427267122895,0
actual,1745428098.2479775,394655.58484410425,4438783.445729566,0.0028566327466167285,0
actual,1745428098.34798,394655.58492216433,4438783.445671132,0.0028678203071220414,0
actual,1745428098.4479685,394655.58503679646,4438783.445654296,0.002845724438791774,0
actual,1745428098.5479362,394655.58448143676,4438783.4455194725,0.002795912741939869,0
actual,1745428098.6479876,394655.5844667395,4438783.445537431,0.0027778136775964985,0
actual,1745428098.7479634,394655.584348137,4438783.445499054,0.0028013756224984604,0
actual,1745428098.8479362,394655.5841195367,4438783.445450822,0.0028222846669373916,0
actual,1745428098.947958,394655.5850903213,4438783.445896589,0.00281416888591577,0
actual,1745428099.0479443,394655.5851299658,4438783.445889735,0.002840802610301175,0
actual,1745428099.1480029,394655.58528232295,4438783.445873735,0.0028831442979545545,0
actual,1745428099.2479365,394655.5854735719,4438783.44585597,0.002903512290325245,0
actual,1745428099.3479376,394655.5856363216,4438783.445861959,0.002878746068239472,0
actual,1745428099.4480016,394655.58579294366,4438783.447246686,0.002789402663829749,0
actual,1745428099.547898,394655.5857967221,4438783.447375535,0.0027672893422070054,0
actual,1745428099.6479502,394655.5858014379,4438783.447547579,0.002765020414179437,0
actual,1745428099.7478726,394655.58586224285,4438783.447656301,0.00280882817840451,0
actual,1745428099.847954,394655.5859566174,4438783.447757217,0.002835461902789915,0
actual,1745428099.9479403,394655.5839057442,4438783.446279424,0.0028131042350720134,0
actual,1745428100.047958,394655.58365573094,4438783.446183875,0.002816158561262981,0
actual,1745428100.1479301,394655.5833387092,4438783.446099231,0.002852251970194122,0
actual,1745428100.2480297,394655.58300289663,4438783.446103146,0.0028671570820062216,0
actual,1745428100.3479605,394655.58262840554,4438783.446058435,0.002899655112678403,0
actual,1745428100.4479897,394655.58229118155,4438783.446025869,0.0029044373148286993,0
actual,1745428100.5479643,394655.5838658508,4438783.44667672,0.0027991241477633676,0
actual,1745428100.647976,394655.58387247066,4438783.446777335,0.00279872272203543,0
actual,1745428100.7479348,394655.58402009873,4438783.446950397,0.0028374690314298496,0
actual,1745428100.8479328,394655.58417920826,4438783.447167458,0.002877279991667778,0
actual,1745428100.9479043,394655.5851755786,4438783.446981782,0.0028092296041324475,0
actual,1745428101.0480363,394655.58501020155,4438783.447124597,0.002819230340746424,0
actual,1745428101.1479504,394655.5848482874,4438783.447296495,0.002822546466325274,0
actual,1745428101.2479794,394655.58474028617,4438783.447511644,0.0028189510880660663,0
actual,1745428101.347972,394655.5847361503,4438783.447706548,0.002836404380586093,0
actual,1745428101.4479566,394655.58523495786,4438783.447517344,0.002786592683734188,0
actual,1745428101.5479653,394655.5853119696,4438783.447574819,0.002829073997727622,0
actual,1745428101.6479318,394655.5853203576,4438783.447690113,0.0028361251279057347,0
actual,1745428101.7479677,394655.58528887376,4438783.447718686,0.002863422077406959,0
actual,1745428101.8479638,394655.5852440413,4438783.447795674,0.002869949608809307,0
actual,1745428101.9479349,394655.58656182606,4438783.446730716,0.002816420360650615,0
actual,1745428102.047966,394655.58673663705,4438783.446698444,0.0028091074310848682,0
actual,1745428102.1479783,394655.5869883405,4438783.4466045825,0.002846125864519711,0
actual,1745428102.2479384,394655.5871776849,4438783.446537406,0.0028614324020597485,0
actual,1745428102.3479338,394655.5873341791,4438783.446464711,0.0028831442979545545,0
actual,1745428102.4478605,394655.5874808697,4438783.446381184,0.002922414206124242,0
actual,1745428102.547961,394655.5874118344,4438783.4463637825,0.002873544987068515,0
actual,1745428102.64797,394655.5874166662,4438783.446393328,0.002921890607348726,0
actual,1745428102.747949,394655.58734405396,4438783.446341769,0.0029393264465762763,0
actual,1745428102.8479595,394655.58725947316,4438783.44637738,0.0029646337207300424,0
actual,1745428102.948049,394655.58775148337,4438783.446645541,0.0027980420436271346,0
actual,1745428103.047974,394655.5877750161,4438783.446440364,0.0029023080131414334,0
actual,1745428103.1479595,394655.5877630729,4438783.446448633,0.002900318337793975,0
actual,1745428103.2479403,394655.5877516983,4438783.446389916,0.00291922025359322,0
actual,1745428103.3479633,394655.58778863505,4438783.446192691,0.00298048131033832,0
actual,1745428103.4479313,394655.5870607563,4438783.446264482,0.002781932654631223,0
actual,1745428103.5479324,394655.58692422486,4438783.446312757,0.0028031034984580365,0
actual,1745428103.6479652,394655.58671222546,4438783.446358296,0.002803784176866332,0
actual,1745428103.747935,394655.58647677116,4438783.446439016,0.0028209582167060005,0
actual,1745428103.8479383,394655.5862169839,4438783.446507325,0.0028242743422846025,0
actual,1745428103.947933,394655.58404274896,4438783.446695911,0.002788460186033819,0
actual,1745428104.0479593,394655.58383005066,4438783.4467018405,0.00282521682008078,0
actual,1745428104.1479433,394655.58370100195,4438783.446648777,0.0028798107190832287,0
actual,1745428104.247954,394655.5836057023,4438783.446670074,0.0028549048706571524,0
actual,1745428104.3479588,394655.58334793156,4438783.446702152,0.002868884957965798,0
actual,1745428104.4480562,394655.5830444996,4438783.446632966,0.0029330781678540384,0
actual,1745428104.548025,394655.5860998887,4438783.446880703,0.002822825719005632,0
actual,1745428104.647948,394655.5863026283,4438783.446922973,0.0028261418445842336,0
actual,1745428104.747937,394655.58650824224,4438783.446922281,0.0028260196715366543,0
actual,1745428104.8479521,394655.58671149344,4438783.446887769,0.002859844152440227,0
actual,1745428104.947971,394655.5844353348,4438783.44488959,0.0027976580711916734,0
actual,1745428105.04797,394655.5842882902,4438783.444706759,0.002855707722113027,0
actual,1745428105.1479673,394655.5842001006,4438783.444543914,0.002869827435761728,0
actual,1745428105.247944,394655.5841693969,4438783.444413054,0.0028880661264451533,0
actual,1745428105.347988,394655.5841844047,4438783.44428698,0.002898991887562584,0
actual,1745428105.4479413,394655.5854675444,4438783.445702809,0.002806035651601425,0
actual,1745428105.5479383,394655.58546873066,4438783.445805452,0.0028260196715366543,0
actual,1745428105.6479342,394655.58541969955,4438783.445903088,0.002814692484691287,0
actual,1745428105.747944,394655.58533355,4438783.445962816,0.0028654292060466455,0
actual,1745428105.8479905,394655.58531110996,4438783.446069793,0.0028706128339251267,0
actual,1745428105.9481003,394655.58437808556,4438783.445035476,0.002782072280971526,0
actual,1745428106.04794,394655.5843235819,4438783.444996322,0.00278833801298624,0
actual,1745428106.147975,394655.5842432693,4438783.444949383,0.0027919333912451998,0
actual,1745428106.2479453,394655.5841184325,4438783.444837357,0.0028237507435090858,0
actual,1745428106.3478856,394655.58396519086,4438783.444804606,0.002845724438791774,0
actual,1745428106.447936,394655.58383231016,4438783.444758051,0.002902046213753551,0
actual,1745428106.5479405,394655.5852053568,4438783.445234261,0.0028385336822736064,0
actual,1745428106.6479757,394655.5853296502,4438783.4452197235,0.002894052605779509,0
actual,1745428106.7479558,394655.5854595669,4438783.445349011,0.002861030976331811,0
actual,1745428106.8479772,394655.58551080653,4438783.4454162745,0.002880072518470863,0
actual,1745428106.9479651,394655.58459091204,4438783.4460534975,0.0027534488812386627,0
actual,1745428107.0479472,394655.5845896024,4438783.446060579,0.0027875351615301172,0
actual,1745428107.1478984,394655.58467603324,4438783.446071765,0.0027915319655172624,0
actual,1745428107.247945,394655.58474839607,4438783.446094053,0.0028437173101518395,0
actual,1745428107.3479402,394655.58478292526,4438783.446126581,0.0028908586532482385,0
actual,1745428107.4480042,394655.58597914374,4438783.445600768,0.002810032455588322,0
actual,1745428107.5479662,394655.58607853536,4438783.4455072675,0.0028694260100337906,0
actual,1745428107.6479576,394655.5861799668,4438783.445422869,0.002889270403628965,0
actual,1745428107.7481298,394655.5862719796,4438783.445357452,0.0029100398217275936,0
actual,1745428107.8479953,394655.5863692948,4438783.445319378,0.0029611605155186616,0
actual,1745428107.9479425,394655.5853615621,4438783.445258822,0.0028439965628321976,0
actual,1745428108.047936,394655.5853108634,4438783.445278042,0.002842792285648386,0
actual,1745428108.1479416,394655.58519095054,4438783.44529409,0.0028589016746442975,0
actual,1745428108.2480695,394655.5849811835,4438783.445326503,0.0028767389395995373,0
actual,1745428108.3479927,394655.58471497544,4438783.44532672,0.002876215340824021,0
actual,1745428108.4479532,394655.5843882692,4438783.445321486,0.002934666417473312,0
actual,1745428108.5479438,394655.5850228661,4438783.446296105,0.0029174923776336434,0
actual,1745428108.6479468,394655.5850231628,4438783.446461679,0.0029063048171283305,0
actual,1745428108.7478588,394655.5850937833,4438783.446686013,0.0029253463592676305,0
actual,1745428108.847935,394655.58528651664,4438783.446849424,0.002960375117355263,0
actual,1745428108.9479363,394655.5835241344,4438783.445918216,0.0027973788185115633,0
actual,1745428109.0479503,394655.5836403499,4438783.445961241,0.0028425304862605034,0
actual,1745428109.1478562,394655.58373971924,4438783.446048768,0.0027991241477633676,0
actual,1745428109.2479658,394655.58387902356,4438783.446098979,0.002817886437222309,0
actual,1745428109.3479445,394655.58400843054,4438783.446258956,0.0027559796086541136,0
actual,1745428109.4478528,394655.5841236686,4438783.44652021,0.0027518431783269135,0
actual,1745428109.5479324,394655.58420395956,4438783.446589089,0.0027467817234962592,0
actual,1745428109.6479342,394655.5842367251,4438783.446731561,0.0027280019807445935,0
actual,1745428109.7479715,394655.584240818,4438783.446788335,0.0027711465198540955,0
actual,1745428109.847952,394655.58427799476,4438783.446807484,0.00278833801298624,0
actual,1745428109.9480906,394655.5837260036,4438783.446447516,0.002822546466325274,0
actual,1745428110.0479782,394655.58376155695,4438783.446453738,0.002833070801714767,0
actual,1745428110.1480598,394655.5837227544,4438783.446529546,0.0028273461217682935,0
actual,1745428110.248006,394655.583727566,4438783.446496966,0.002854503444929215,0
actual,1745428110.3478932,394655.5838567132,4438783.446333581,0.0029208259565049687,0
actual,1745428110.4479418,394655.58398455236,4438783.446285451,0.002927213861567262,0
actual,1745428110.5479488,394655.5832410268,4438783.446260712,0.0028336118537827595,0
actual,1745428110.6480181,394655.5832156144,4438783.446254929,0.0028487787649827414,0
actual,1745428110.7479715,394655.58323957573,4438783.446321399,0.0028391969073891777,0
actual,1745428110.847962,394655.58326766273,4438783.446375876,0.002842792285648386,0
actual,1745428110.9479437,394655.5847979589,4438783.44544503,0.002773153648493782,0
actual,1745428111.048109,394655.58487094386,4438783.445383966,0.002780606204399832,0
actual,1745428111.1482098,394655.58489416284,4438783.445322829,0.002824413968624905,0
actual,1745428111.2481275,394655.5849090712,4438783.445265646,0.002843193711376323,0
actual,1745428111.3480186,394655.5849606415,4438783.445231629,0.002844520161607962,0
actual,1745428111.4480448,394655.5841288248,4438783.445592105,0.0028338736531706415,0
actual,1745428111.548146,394655.5842304902,4438783.4455970805,0.0028246757680125394,0
actual,1745428111.648197,394655.5843129036,4438783.445559113,0.0028487787649827414,0
actual,1745428111.7481294,394655.58440044115,4438783.445522463,0.002891260078976176,0
actual,1745428111.8481474,394655.58452598087,4438783.445552271,0.00293014601471065,0
actual,1745428111.9480052,394655.58369389805,4438783.4454212915,0.002858378075868781,0
actual,1745428112.0481124,394655.5837164823,4438783.445485071,0.002848255166207225,0
actual,1745428112.1481206,394655.58367532067,4438783.445517175,0.002888991150948607,0
actual,1745428112.2481737,394655.58357627416,4438783.445549313,0.0029288195644792594,0
actual,1745428112.3479693,394655.58342310594,4438783.44568987,0.002959711892239443,0
actual,1745428112.448083,394655.5832989899,4438783.445824219,0.00300245500562076,0
actual,1745428112.5484035,394655.5850066395,4438783.444766609,0.002902849065209426,0
actual,1745428112.648002,394655.58524520067,4438783.444823326,0.002922152406736608,0
actual,1745428112.7480998,394655.58541298786,4438783.444929486,0.0028834060973421884,0
actual,1745428112.8482423,394655.58554376505,4438783.444790669,0.0029523815093809727,0
actual,1745428112.9481812,394655.5845566577,4438783.444855896,0.002804971000757668,0
actual,1745428113.0479815,394655.5844693886,4438783.444862286,0.002867698134074214,0
actual,1745428113.147976,394655.58443555207,4438783.44490648,0.002849581616438616,0
actual,1745428113.2479773,394655.5844531397,4438783.444949391,0.0029166895261777685,0
actual,1745428113.3479395,394655.5845739816,4438783.44505519,0.002952521135721276,0
actual,1745428113.4479938,394655.5840599018,4438783.445060596,0.0028206789640256424,0
actual,1745428113.5480871,394655.58406026615,4438783.4450685475,0.0028309415000272536,0
actual,1745428113.6480045,394655.5839666949,4438783.445098691,0.0028193525137940032,0
actual,1745428113.7479937,394655.5837690269,4438783.445039587,0.0028799503454232838,0
actual,1745428113.847951,394655.58357263607,4438783.445093335,0.0028501226685068563,0
actual,1745428113.9479964,394655.58364301024,4438783.4460792625,0.002793259841476839,0
actual,1745428114.0479481,394655.58349721954,4438783.446195077,0.0027928584157489015,0
actual,1745428114.1479363,394655.58341385785,4438783.446236073,0.0028237507435090858,0
actual,1745428114.248003,394655.58346810396,4438783.4464106625,0.002814029259575467,0
actual,1745428114.3479838,394655.583652863,4438783.4465760775,0.0028194921401343063,0
actual,1745428114.4480917,394655.583912404,4438783.44666994,0.0028743478385243894,0
actual,1745428114.548092,394655.5828020251,4438783.445724359,0.0028766167665519584,0
actual,1745428114.6479745,394655.5827316619,4438783.44561786,0.0029409321494880255,0
actual,1745428114.7479384,394655.5826655345,4438783.445690151,0.0029265506364516904,0
actual,1745428114.8479702,394655.58259380725,4438783.445650993,0.0029912674451154472,0
actual,1745428114.9479508,394655.58238656184,4438783.446256413,0.0029124309228029895,0
actual,1745428115.048079,394655.5824843234,4438783.446382968,0.0028846103745262487,0
actual,1745428115.1479785,394655.5826067919,4438783.446430795,0.0029866074160127304,0
actual,1745428115.2479527,394655.58278041607,4438783.446629396,0.0029280167130231365,0
actual,1745428115.3480155,394655.5828555722,4438783.446689009,0.002975821281235355,0
actual,1745428115.4479754,394655.58338031324,4438783.447005785,0.002849319817050734,0
actual,1745428115.5479367,394655.58322452963,4438783.44706631,0.0028593031003722345,0
actual,1745428115.6479354,394655.58302219055,4438783.447090898,0.0029137573730343806,0
actual,1745428115.7479327,394655.58283249004,4438783.447207782,0.002927213861567262,0
actual,1745428115.8479986,394655.582815856,4438783.447174948,0.0030154926151332285,0
actual,1745428115.9479427,394655.58230161184,4438783.446420365,0.0028039063499139113,0
actual,1745428116.0479994,394655.58244751557,4438783.446348443,0.0028750110636402092,0
actual,1745428116.147942,394655.58265781926,4438783.446276099,0.0029220127803963047,0
actual,1745428116.2480154,394655.58281555836,4438783.446167457,0.002956238687028063,0
actual,1745428116.3479433,394655.582893542,4438783.446040584,0.0030232244237196363,0
actual,1745428116.4479485,394655.58292773616,4438783.44601121,0.003015230815745346,0
actual,1745428116.5479357,394655.58389145206,4438783.447310735,0.002850646267282373,0
actual,1745428116.6479547,394655.58381319,4438783.447362597,0.0028679599334620965,0
actual,1745428116.7479563,394655.58377029904,4438783.447466753,0.002865167406659011,0
actual,1745428116.8480058,394655.5837636984,4438783.447491277,0.0028895322030168475,0
actual,1745428116.9480581,394655.58301759465,4438783.4484037375,0.002825740418856296,0
actual,1745428117.047961,394655.5830091501,4438783.4485221235,0.002802440273342217,0
actual,1745428117.1479807,394655.5830473653,4438783.448534114,0.002824152169237023,0
actual,1745428117.2479386,394655.58316713513,4438783.448603507,0.0028093692304727506,0
actual,1745428117.347977,394655.5832747086,4438783.448694714,0.0028156349624872162,0
actual,1745428117.4479275,394655.583990872,4438783.448071676,0.0028118999578879535,0
actual,1745428117.5479708,394655.5839861798,4438783.447972308,0.0028451833867235337,0
actual,1745428117.6479511,394655.584010585,4438783.447879276,0.0028846103745262487,0
actual,1745428117.7480326,394655.58408894023,4438783.447813192,0.002876075714483966,0
actual,1745428117.8480647,394655.58417553944,4438783.447736565,0.0028907364802006593,0
actual,1745428117.9480212,394655.5851217017,4438783.447951473,0.0028273461217682935,0
actual,1745428118.0481632,394655.5851708915,4438783.447878296,0.0028553062963850894,0
actual,1745428118.1480682,394655.5852281732,4438783.4478436615,0.0028905968538606042,0
actual,1745428118.2480009,394655.5853952677,4438783.447886149,0.00292335668392042,0
actual,1745428118.3479736,394655.58568706835,4438783.447883372,0.002905641592012759,0
actual,1745428118.4479902,394655.5858574348,4438783.447832804,0.002936272120385061,0
actual,1745428118.5478804,394655.5829112682,4438783.445659974,0.0028654292060466455,0
actual,1745428118.6479237,394655.58229290124,4438783.44556796,0.002859704526100172,0
actual,1745428118.748095,394655.58162950183,4438783.44541589,0.002867698134074214,0
actual,1745428118.8480113,394655.5810658779,4438783.44534708,0.0028593031003722345,0
actual,1745428118.9479454,394655.58345489705,4438783.444398076,0.0027993859471512495,0
actual,1745428119.0480409,394655.58373410243,4438783.444158069,0.002817485011494372,0
actual,1745428119.1480033,394655.5840618845,4438783.443900937,0.0028654292060466455,0
actual,1745428119.2480388,394655.58441729075,4438783.443629516,0.0029047165675090574,0
actual,1745428119.3480453,394655.584757222,4438783.443383158,0.0028893925766765444,0
actual,1745428119.4479868,394655.58234411845,4438783.445892524,0.00273121338656834,0
actual,1745428119.5479414,394655.5819794335,4438783.445958222,0.0027537106806265446,0
actual,1745428119.6479735,394655.5815357305,4438783.445818206,0.00284425836222008,0
actual,1745428119.747934,394655.58123480674,4438783.445735848,0.002964232295002105,0
actual,1745428119.8478696,394655.58126170933,4438783.445780961,0.0030387927606473075,0
actual,1745428119.9479892,394655.58051032916,4438783.446374845,0.0027446524218087457,0
actual,1745428120.047989,394655.58056134434,4438783.4463307,0.0028551666700450343,0
actual,1745428120.14801,394655.5803123417,4438783.446398229,0.0028510476930103104,0
actual,1745428120.2480106,394655.57983627636,4438783.446552731,0.0028430540850362678,0
actual,1745428120.3479526,394655.57942881493,4438783.446584739,0.002893651180051572,0
actual,1745428120.4479344,394655.5815470149,4438783.44717459,0.00279392306659241,0
actual,1745428120.5479403,394655.58178682445,4438783.447345288,0.002865691005434528,0
actual,1745428120.6480691,394655.58197236387,4438783.44738807,0.0028254786194686623,0
actual,1745428120.748133,394655.58202853927,4438783.447409748,0.0029200231050490943,0
actual,1745428120.847855,394655.5819258223,4438783.447643043,0.0028806135705391036,0
actual,1745428120.9480836,394655.5821510266,4438783.446124624,0.002827607921155928,0
actual,1745428121.0480168,394655.58210720576,4438783.4459479125,0.0028750110636402092,0
actual,1745428121.1480787,394655.5822800884,4438783.445835008,0.002895518682351203,0
actual,1745428121.2479541,394655.5827033009,4438783.445717154,0.0029312106655544072,0
actual,1745428121.3479338,394655.5831820265,4438783.445601808,0.0028872632749892785,0
actual,1745428121.448024,394655.5815429461,4438783.445417645,0.0028189510880660663,0
actual,1745428121.5480456,394655.58138618624,4438783.445502374,0.0027812694295156516,0
actual,1745428121.648013,394655.5811813929,4438783.445479839,0.0028254786194686623,0
actual,1745428121.7480226,394655.58102568524,4438783.445494762,0.002871153885993367,0
actual,1745428121.847965,394655.58096312894,4438783.445506706,0.002890335054472722,0
actual,1745428121.9479449,394655.58030998934,4438783.4467626605,0.002797117019123681,0
actual,1745428122.047941,394655.58011533925,4438783.446911572,0.002779541553556075,0
actual,1745428122.1479275,394655.5798686973,4438783.4470079355,0.0028430540850362678,0
actual,1745428122.2480729,394655.5796153558,4438783.447198849,0.002821743614869399,0
actual,1745428122.3480363,394655.57939575915,4438783.447349506,0.00287075246026543,0
actual,1745428122.4480202,394655.5792115971,4438783.44753032,0.0029049783668969394,0
actual,1745428122.5480306,394655.58118857397,4438783.447186344,0.0028475919410914053,0
actual,1745428122.648066,394655.58134621,4438783.44720482,0.002872218536836876,0
actual,1745428122.7479374,394655.5815235679,4438783.447256872,0.0028882057527852083,0
actual,1745428122.8479426,394655.58168513235,4438783.4473043475,0.002913094147918809,0
actual,1745428122.9479496,394655.58178520645,4438783.447368429,0.002896321533807078,0
actual,1745428123.0480673,394655.58036256855,4438783.447367966,0.002836666179973975,0
actual,1745428123.1480591,394655.5802034786,4438783.447425053,0.0028490580176630995,0
actual,1745428123.2480276,394655.58009015815,4438783.44747712,0.0028601059518281093,0
actual,1745428123.3479662,394655.5800284209,4438783.447527093,0.002890335054472722,0
actual,1745428123.4479432,394655.58186416194,4438783.4479713645,0.002796314167667806,0
actual,1745428123.5480068,394655.5819879492,4438783.448000349,0.002818689288678432,0
actual,1745428123.647952,394655.5820775514,4438783.448031419,0.0028229478920532114,0
actual,1745428123.7480814,394655.58213054214,4438783.44802172,0.0028832664710021333,0
actual,1745428123.8480496,394655.5821999811,4438783.448073874,0.002892865781888173,0
actual,1745428123.9480286,394655.5803755349,4438783.447522203,0.0028258800451965993,0
actual,1745428124.0479891,394655.5803037608,4438783.447466712,0.0028411865827366366,0
actual,1745428124.148194,394655.58025194367,4438783.447391299,0.0028861986241455217,0
actual,1745428124.2480416,394655.58023087285,4438783.447367591,0.0028819400207704946,0
actual,1745428124.3480573,394655.5802181291,4438783.44730043,0.0029229552581924827,0
actual,1745428124.447961,394655.58068817545,4438783.447282747,0.0027928584157489015,0
actual,1745428124.5479693,394655.5806776758,4438783.447318555,0.00280617527794148,0
actual,1745428124.6480203,394655.5806796625,4438783.447344912,0.002810172081928625,0
actual,1745428124.7479756,394655.58068701543,4438783.447371493,0.002817485011494372,0
actual,1745428124.8480117,394655.5806909413,4438783.447414137,0.0028451833867235337,0
actual,1745428124.9480958,394655.5806527339,4438783.4473399315,0.00281416888591577,0
actual,1745428125.0480244,394655.5807191021,4438783.447356959,0.0028386558553211857,0
actual,1745428125.147946,394655.5807894883,4438783.447370406,0.002881276795654923,0
actual,1745428125.247982,394655.580886371,4438783.447392867,0.002871694938061359,0
actual,1745428125.347938,394655.5809564288,4438783.44745419,0.0028680995598023996,0
actual,1745428125.44796,394655.58111529716,4438783.44735789,0.0027818104815836436,0
actual,1745428125.5479975,394655.5811349351,4438783.447312503,0.0028209582167060005,0
actual,1745428125.6479907,394655.58121348044,4438783.447282357,0.0028044474019821514,0
actual,1745428125.7480319,394655.58133865363,4438783.447210595,0.002816298187603036,0
actual,1745428125.848054,394655.5814740367,4438783.4471281525,0.0028612927757194454,0
actual,1745428125.9480038,394655.58089203626,4438783.447361217,0.0028194921401343063,0
actual,1745428126.0480392,394655.58093920385,4438783.447355952,0.0028106956807041417,0
actual,1745428126.1480083,394655.5809693976,4438783.4473674195,0.0028325297496465266,0
actual,1745428126.2480552,394655.581040322,4438783.447418666,0.0028743478385243894,0
actual,1745428126.34809,394655.5811596328,4438783.447491011,0.002871555311721304,0
actual,1745428126.448012,394655.5806326406,4438783.447853966,0.002807501728173119,0
actual,1745428126.5480251,394655.5806509237,4438783.447866986,0.002821220016093635,0
actual,1745428126.6479962,394655.580682469,4438783.447874155,0.0028501226685068563,0
actual,1745428126.7479973,394655.58072086994,4438783.447906303,0.002859844152440227,0
actual,1745428126.8480814,394655.58078029926,4438783.4479577085,0.0028594427267122895,0
actual,1745428126.9479961,394655.58230405214,4438783.447239702,0.002821359642433938,0
actual,1745428127.0481114,394655.58250069246,4438783.447231786,0.002819230340746424,0
actual,1745428127.1480908,394655.58270755014,4438783.447215683,0.0028237507435090858,0
actual,1745428127.2480273,394655.58296636643,4438783.447182106,0.0028169614127188554,0
actual,1745428127.3480263,394655.5832237675,4438783.44712678,0.002846649463295228,0
actual,1745428127.4480176,394655.5823231432,4438783.448645569,0.0027686157924386445,0
actual,1745428127.5479193,394655.58229646913,4438783.448716457,0.0027851266071624936,0
actual,1745428127.6479435,394655.5822603967,4438783.448798344,0.002784201582658792,0
actual,1745428127.747994,394655.5822401087,4438783.448876737,0.0028216214418215722,0
actual,1745428127.8479998,394655.58228402626,4438783.448976478,0.002833070801714767,0
actual,1745428127.948045,394655.58162303723,4438783.44896121,0.0028391969073891777,0
actual,1745428128.0479968,394655.5816567722,4438783.449025886,0.0028270843223804115,0
actual,1745428128.1480284,394655.581709457,4438783.449068813,0.0028453230130638368,0
actual,1745428128.2479944,394655.5817864708,4438783.449167739,0.002855969521500909,0
actual,1745428128.3479936,394655.58188337705,4438783.449268804,0.0028578370238005403,0
actual,1745428128.4480457,394655.5818195361,4438783.448528586,0.0028254786194686623,0
actual,1745428128.548042,394655.58184092876,4438783.4484884795,0.002853840219813395,0
actual,1745428128.6480124,394655.5819112442,4438783.448467238,0.0028743478385243894,0
actual,1745428128.748105,394655.5820387463,4438783.4484604355,0.0028646263545907707,0
actual,1745428128.848008,394655.582181282,4438783.4484178,0.002885133973301765,0
actual,1745428128.9480236,394655.5808129568,4438783.448038452,0.00284425836222008,0
actual,1745428129.0480583,394655.58081044035,4438783.448026055,0.0028758139150960836,0
actual,1745428129.1480553,394655.5808412748,4438783.448012431,0.0029072472949245084,0
actual,1745428129.2480545,394655.5808155944,4438783.448013042,0.0029286799381389563,0
actual,1745428129.3480413,394655.5807660937,4438783.448074695,0.0029501125813534037,0
actual,1745428129.4480803,394655.5818866774,4438783.447970539,0.0028345368782864613,0
actual,1745428129.5480635,394655.5820380681,4438783.447993814,0.002848255166207225,0
actual,1745428129.6480753,394655.5821825583,4438783.448007849,0.0028590413009843526,0
actual,1745428129.7480588,394655.5823142525,4438783.448024202,0.00287754179105566,0
actual,1745428129.8480165,394655.58247099177,4438783.448034653,0.0029115058982992874,0
actual,1745428129.9479969,394655.57981597615,4438783.447484203,0.0028044474019821514,0
actual,1745428130.047994,394655.57964053075,4438783.447403192,0.0028258800451965993,0
actual,1745428130.1480057,394655.5794703279,4438783.447328892,0.0028274857481083485,0
actual,1745428130.2480292,394655.57932494715,4438783.447274645,0.0028093692304727506,0
actual,1745428130.348029,394655.5791827947,4438783.447181919,0.002831604725143073,0
actual,1745428130.4479866,394655.5790796935,4438783.447134179,0.002852112343854067,0
actual,1745428130.5480437,394655.57995411183,4438783.447375102,0.0028081649532886908,0
actual,1745428130.64809,394655.5799187075,4438783.447306913,0.002894192232119564,0
actual,1745428130.7480414,394655.5798299442,4438783.4473096775,0.002905641592012759,0
actual,1745428130.8479948,394655.5797812418,4438783.447310106,0.0029202849044369767,0
actual,1745428130.9480073,394655.5796518911,4438783.447436982,0.002788599812373874,0
actual,1745428131.0479994,394655.579714366,4438783.447462826,0.0028345368782864613,0
actual,1745428131.1480021,394655.5798092525,4438783.447496046,0.002871694938061359,0
actual,1745428131.2480652,394655.57985785883,4438783.447549442,0.0028836678967300708,0
actual,1745428131.3480015,394655.5798651255,4438783.447680688,0.0028855353990297023,0
actual,1745428131.448046,394655.5805917262,4438783.447659005,0.0027646189884514994,0
actual,1745428131.548051,394655.5807745874,4438783.447676729,0.0027695582702345744,0
actual,1745428131.6480112,394655.58108333027,4438783.447751379,0.0027391895412499064,0
actual,1745428131.7480536,394655.5815078646,4438783.44776568,0.0027623675137164066,0
actual,1745428131.8480523,394655.5819088558,4438783.447737835,0.00279458629170823,0
actual,1745428131.9479418,394655.5816799481,4438783.446752852,0.002837992630205366,0
actual,1745428132.0480325,394655.5815541904,4438783.446764819,0.002810172081928625,0
actual,1745428132.1480083,394655.5813892229,4438783.446787522,0.0027975184448516184,0
actual,1745428132.248083,394655.5812407269,4438783.446762882,0.0028413262090766916,0
actual,1745428132.3480196,394655.5811401893,4438783.44673196,0.0028756742887560286,0
actual,1745428132.4480126,394655.5811463281,4438783.44670481,0.0028857971984175843,0
actual,1745428132.5480425,394655.5806869926,4438783.447529366,0.002810835307044445,0
actual,1745428132.647987,394655.58077708806,4438783.447506386,0.002848516965594859,0
actual,1745428132.7480028,394655.58082872815,4438783.447512212,0.0028893925766765444,0
actual,1745428132.8479493,394655.5808939539,4438783.447586621,0.002891521878364058,0
actual,1745428132.9480069,394655.5808134335,4438783.447627949,0.002790589487721333,0
actual,1745428133.0480425,394655.58078525757,4438783.447629773,0.0028594427267122895,0
actual,1745428133.1479728,394655.58080229274,4438783.447616125,0.002898189036106709,0
actual,1745428133.2480295,394655.5808773766,4438783.447656489,0.0029350678432012492,0
actual,1745428133.3478656,394655.58096997254,4438783.447759453,0.0029587694144432657,0
actual,1745428133.4480917,394655.58109971235,4438783.447826975,0.0029867295890603097,0
actual,1745428133.5480077,394655.58170556376,4438783.446528407,0.0028065767036694173,0
actual,1745428133.6480222,394655.58168702363,4438783.446399368,0.0028490580176630995,0
actual,1745428133.7480376,394655.5816663754,4438783.446265691,0.002863422077406959,0
actual,1745428133.848076,394655.5816562034,4438783.446139179,0.0028712935123334222,0
actual,1745428133.9480007,394655.58170815563,4438783.44605996,0.00290071976352216,0
actual,1745428134.0480673,394655.5824058886,4438783.446783439,0.0027953891431641044,0
actual,1745428134.1479895,394655.5826434699,4438783.446792421,0.0028502448415544356,0
actual,1745428134.2479672,394655.58288765646,4438783.446877698,0.0028513094923981923,0
actual,1745428134.3479962,394655.5830431001,4438783.446960266,0.0028731435613405776,0
actual,1745428134.4480247,394655.58314554143,4438783.4470377965,0.002883929696117953,0
actual,1745428134.548036,394655.5804414112,4438783.446311081,0.0028309415000272536,0
actual,1745428134.6480207,394655.580273212,4438783.446300738,0.0028296150497958625,0
actual,1745428134.7479289,394655.5801479446,4438783.446272491,0.002825077193740725,0
actual,1745428134.847954,394655.58008140366,4438783.446259661,0.002819090714406369,0
actual,1745428134.9480102,394655.5805482452,4438783.446357109,0.0027732758215413614,0
actual,1745428135.0480013,394655.580589667,4438783.446384489,0.002816699613330973,0
actual,1745428135.1480384,394655.5806181622,4438783.446461863,0.0028282711462717476,0
actual,1745428135.2479765,394655.5805808393,4438783.446516522,0.0028796710927429256,0
actual,1745428135.3479943,394655.5806016734,4438783.446612277,0.0028795489196953464,0
actual,1745428135.4480205,394655.57974163827,4438783.446940836,0.0028077635275607533,0
actual,1745428135.5480752,394655.579819333,4438783.44697244,0.0028000491722670693,0
actual,1745428135.6480265,394655.5798954528,4438783.446972818,0.002848656591935162,0
actual,1745428135.7480311,394655.5800238133,4438783.447004688,0.0028615720283998035,0
actual,1745428135.8481236,394655.58012809826,4438783.447054393,0.0028957804817388373,0
actual,1745428135.948062,394655.58029945346,4438783.447148785,0.0028782050161712315,0
actual,1745428136.0479796,394655.58041396475,4438783.446243218,0.0027927187894085984,0
actual,1745428136.148011,394655.58050532057,4438783.446230847,0.002812161757275836,0
actual,1745428136.2480414,394655.58058323467,4438783.4461818915,0.002848377339254804,0
actual,1745428136.3480437,394655.58067630226,4438783.446161167,0.002873544987068515,0
actual,1745428136.448056,394655.580771186,4438783.44615428,0.0028861986241455217,0
actual,1745428136.5479853,394655.58111943136,4438783.4466654975,0.002857976650140596,0
actual,1745428136.6480563,394655.5813045654,4438783.446681137,0.0028808753699269855,0
actual,1745428136.7480962,394655.58149738767,4438783.446749048,0.002898189036106709,0
actual,1745428136.8481088,394655.58164775616,4438783.446847263,0.0029099001953875386,0
actual,1745428136.948117,394655.58179174265,4438783.446962382,0.002936132494045006,0
actual,1745428137.048071,394655.5814602477,4438783.44736874,0.002817624637834675,0
actual,1745428137.1480405,394655.5814964644,4438783.4474347355,0.002843315884423902,0
actual,1745428137.2480278,394655.5815619232,4438783.447543794,0.002863561703747014,0
actual,1745428137.3480325,394655.5816840398,4438783.447743687,0.002850646267282373,0
actual,1745428137.4480348,394655.5824282045,4438783.445510693,0.0028224242932776947,0
actual,1745428137.5480154,394655.5826130296,4438783.445343403,0.0028345368782864613,0
actual,1745428137.6479993,394655.58280722925,4438783.445331507,0.002812423556663718,0
actual,1745428137.747954,394655.58288945706,4438783.445217095,0.002836666179973975,0
actual,1745428137.848078,394655.58293051156,4438783.4451241875,0.0028347986776743436,0
actual,1745428137.9480062,394655.5827738328,4438783.445757485,0.002816420360650615,0
actual,1745428138.04803,394655.58282441134,4438783.4457854405,0.002824152169237023,0
actual,1745428138.1480603,394655.58293132565,4438783.445790946,0.002826682896652474,0
actual,1745428138.247992,394655.58304692595,4438783.445858166,0.002820556790978063,0
actual,1745428138.348035,394655.58319593,4438783.445906573,0.002844520161607962,0
actual,1745428138.4480362,394655.5833924972,4438783.445927126,0.0028449215873358994,0
actual,1745428138.5479577,394655.5825449879,4438783.443687816,0.002817485011494372,0
actual,1745428138.6480014,394655.58245734236,4438783.4436850725,0.002792456990020964,0
actual,1745428138.747994,394655.5823588943,4438783.443566568,0.0028409247833487542,0
actual,1745428138.848033,394655.58233402745,4438783.443455216,0.00286954818308137,0
actual,1745428138.9480133,394655.57989392924,4438783.444869623,0.002782735506087346,0
actual,1745428139.0480342,394655.5797677942,4438783.444979429,0.0027852662335025487,0
actual,1745428139.148035,394655.57956386387,4438783.445100213,0.002848115539866922,0
actual,1745428139.2480185,394655.57930734253,4438783.445333334,0.002836404380586093,0
actual,1745428139.3480654,394655.57894312474,4438783.445476539,0.0028562487741812673,0
actual,1745428139.4480364,394655.58023018186,4438783.445121239,0.002789263037489694,0
actual,1745428139.548037,394655.5800478178,4438783.445227372,0.0027973788185115633,0
actual,1745428139.6480176,394655.5798275375,4438783.445378954,0.0028105735076565624,0
actual,1745428139.748073,394655.57962473796,4438783.445489147,0.002873824239748873,0
actual,1745428139.8480182,394655.57953349326,4438783.445599621,0.002926952062179628,0
actual,1745428139.9480197,394655.57874083996,4438783.445636748,0.0027799429792840125,0
actual,1745428140.0480316,394655.5787946478,4438783.445634338,0.0028526533959220596,0
actual,1745428140.1479943,394655.5788803757,4438783.445749918,0.002857976650140596,0
actual,1745428140.248009,394655.57896720694,4438783.445803046,0.00290431514178112,0
actual,1745428140.3479216,394655.57908123074,4438783.445926615,0.002889933628744785,0
actual,1745428140.4479904,394655.57922318776,4438783.445831239,0.002784463382046674,0
actual,1745428140.548011,394655.5792104653,4438783.4458146505,0.0028462480375672904,0
actual,1745428140.6480553,394655.5792150659,4438783.445854401,0.0028308018736871985,0
actual,1745428140.7480245,394655.57921503694,4438783.445883394,0.002862497052903257,0
actual,1745428140.8480248,394655.57922502613,4438783.445875256,0.002908032693087907,0
actual,1745428140.9480238,394655.58017414267,4438783.445464159,0.002798443469355072,0
actual,1745428141.0480037,394655.5803009048,4438783.44541596,0.0028055120528256605,0
actual,1745428141.1479802,394655.5803656589,4438783.445435803,0.002824012542896968,0
actual,1745428141.2479286,394655.58054951567,4438783.445496686,0.002795912741939869,0
actual,1745428141.3479695,394655.5808563575,4438783.445419425,0.0029290813638668933,0
actual,1745428141.4480152,394655.5813802031,4438783.445496622,0.002659969046501987,0
actual,1745428141.5480204,394655.58122185327,4438783.4454351235,0.00270124608331161,0
actual,1745428141.6480334,394655.5809720406,4438783.4455026025,0.002720549424838792,0
actual,1745428141.7480252,394655.58079173387,4438783.445614171,0.0026880688474590865,0
actual,1745428141.8479846,394655.5806698261,4438783.445542525,0.002830400447959261,0
actual,1745428141.9480236,394655.5807784053,4438783.445357035,0.002691384973037936,0
actual,1745428142.047976,394655.58090338454,4438783.445256007,0.0028766167665519584,0
actual,1745428142.147948,394655.58093566605,4438783.445404472,0.0027724904233779623,0
actual,1745428142.2480497,394655.58095342957,4438783.4453554945,0.002796052368279924,0
actual,1745428142.3478827,394655.58095467824,4438783.445285235,0.002876354967164324,0
actual,1745428142.4479377,394655.5808032346,4438783.445465599,0.0027675511415948878,0
actual,1745428142.5479712,394655.5821566576,4438783.445376159,0.002943986475678993,0
actual,1745428142.6479654,394655.58200458006,4438783.4455611855,0.0028767389395995373,0
actual,1745428142.747971,394655.58197999495,4438783.44563408,0.002902046213753551,0
actual,1745428142.8479414,394655.5819712381,4438783.445698517,0.002918417402137345,0
actual,1745428142.9479322,394655.58093168784,4438783.446771225,0.0028510476930103104,0
actual,1745428143.0480049,394655.58089076565,4438783.446930423,0.0029481229060061933,0
actual,1745428143.148008,394655.580970956,4438783.447194915,0.0029606369167428973,0
actual,1745428143.2479708,394655.58115357655,4438783.447467108,0.002934666417473312,0
actual,1745428143.3479457,394655.5812331905,4438783.447632791,0.003063436809685502,0
actual,1745428143.4479342,394655.58290213055,4438783.4478011755,0.0029893999428158157,0
actual,1745428143.5480015,394655.5830496054,4438783.447962507,0.003057572503398725,0
actual,1745428143.6479805,394655.5830358572,4438783.448248185,0.003090192707118486,0
actual,1745428143.7479308,394655.58301724883,4438783.448734889,0.003004985733036211,0
actual,1745428143.8480172,394655.58315766556,4438783.44896917,0.0031036491956513675,0
actual,1745428143.947952,394655.58007467934,4438783.447098628,0.003058514981194903,0
actual,1745428144.0479488,394655.5799932588,4438783.44705861,0.0030690218632919205,0
actual,1745428144.1479695,394655.5798673452,4438783.446888987,0.0031493244621760724,0
actual,1745428144.2478669,394655.57971080794,4438783.446961236,0.003056909278282906,0
actual,1745428144.3479652,394655.5794880036,4438783.446745616,0.003197931881844165,0
actual,1745428144.4479597,394655.5816609409,4438783.445611076,0.00311748965661971,0
actual,1745428144.5479577,394655.5816341158,4438783.445233529,0.003126146489709572,0
actual,1745428144.6479504,394655.5815865899,4438783.444889056,0.003138538327398697,0
actual,1745428144.7479403,394655.58136765176,4438783.44467251,0.003049578895424683,0
actual,1745428144.8479857,394655.58112876094,4438783.444304191,0.0031257450639816347,0
actual,1745428144.9479384,394655.58147448895,4438783.44681747,0.0027891234111496388,0
actual,1745428145.0478923,394655.5815616221,4438783.446774664,0.0028068385030572997,0
actual,1745428145.147938,394655.5818360005,4438783.446793117,0.002840802610301175,0
actual,1745428145.2479627,394655.58209507505,4438783.446897283,0.0028360029548581554,0
actual,1745428145.3479352,394655.58236542996,4438783.447002939,0.0028269446960403565,0
actual,1745428145.4479487,394655.5814047115,4438783.446874233,0.0027823340803591603,0
actual,1745428145.5479865,394655.58175875916,4438783.446926887,0.0027529078291706702,0
actual,1745428145.6479657,394655.58214489283,4438783.446887734,0.0028511873193503654,0
actual,1745428145.747981,394655.58227880695,4438783.4470295245,0.0028261418445842336,0
actual,1745428145.8479648,394655.58215879597,4438783.447047324,0.0028719567374492416,0
actual,1745428145.9478662,394655.58220957435,4438783.446131237,0.002899655112678403,0
actual,1745428146.0479317,394655.58175829024,4438783.446179171,0.002828934371387567,0
actual,1745428146.1479335,394655.5814680038,4438783.445979716,0.002965698371573799,0
actual,1745428146.2479632,394655.5813496554,4438783.446019042,0.0029292035369147206,0
actual,1745428146.3479412,394655.58150459256,4438783.445955993,0.002942520399107299,0
actual,1745428146.4479656,394655.5824536991,4438783.446460754,0.002845846611839353,0
actual,1745428146.547961,394655.58248108113,4438783.446616503,0.0028172232121067378,0
actual,1745428146.6479352,394655.58242018183,4438783.446554863,0.0029614397681990198,0
actual,1745428146.7479298,394655.5822603308,4438783.4466560865,0.002952643308768855,0
actual,1745428146.8479326,394655.58211128623,4438783.446768344,0.0029608987161307792,0
actual,1745428146.94794,394655.5824528569,4438783.447395412,0.002889270403628965,0
actual,1745428147.0479681,394655.5821927488,4438783.447554703,0.0028469112626831102,0
actual,1745428147.1479335,394655.58195154084,4438783.44754437,0.002947861106618311,0
actual,1745428147.24795,394655.58172517887,4438783.447621495,0.002965558745233744,0
actual,1745428147.3479395,394655.5816338615,4438783.447702534,0.0029288195644792594,0
actual,1745428147.4479585,394655.5832326027,4438783.448080668,0.002876215340824021,0
actual,1745428147.5479348,394655.58313522494,4438783.448308585,0.0028253389931283592,0
actual,1745428147.6479325,394655.582986581,4438783.448346143,0.0028887293515609726,0
actual,1745428147.7479353,394655.58281761874,4438783.448384015,0.0029023080131414334,0
actual,1745428147.847945,394655.5827435118,4438783.448466136,0.002910563420503358,0
actual,1745428147.9479785,394655.5828037242,4438783.446984047,0.002848516965594859,0
actual,1745428148.0479374,394655.58289769373,4438783.446951728,0.002807641354513174,0
actual,1745428148.1479588,394655.58299747354,4438783.4468468195,0.0028770181922798954,0
actual,1745428148.2479737,394655.58310698334,4438783.446786716,0.0028770181922798954,0
actual,1745428148.3479352,394655.5831129558,4438783.446716045,0.002905781218352814,0
actual,1745428148.4479463,394655.5845376258,4438783.446533904,0.002811638158500319,0
actual,1745428148.5479925,394655.58453448536,4438783.446430516,0.002864504181543192,0
actual,1745428148.6479714,394655.5845355177,4438783.446371387,0.002927213861567262,0
actual,1745428148.7479558,394655.58467060956,4438783.446258697,0.0029366735461132465,0
actual,1745428148.8480089,394655.5848089238,4438783.4461897,0.0029392042735284494,0
actual,1745428148.9479418,394655.58348262776,4438783.445464035,0.0028196143131818856,0
actual,1745428149.047936,394655.5833454693,4438783.445387144,0.002842129060532566,0
actual,1745428149.1479368,394655.5832238296,4438783.445184722,0.0029064444434686336,0
actual,1745428149.2479446,394655.58320338244,4438783.445131104,0.0029304078140985324,0
actual,1745428149.3479598,394655.58324971667,4438783.445034463,0.0029422585997194166,0
actual,1745428149.4480014,394655.5845961681,4438783.444511691,0.0028510476930103104,0
actual,1745428149.5479596,394655.5845627939,4438783.444403565,0.002869687809421673,0
actual,1745428149.6479354,394655.5844831309,4438783.444259099,0.0028905968538606042,0
actual,1745428149.7479727,394655.5844274255,4438783.444121335,0.0029216288079608435,0
actual,1745428149.8479452,394655.5843652765,4438783.444039157,0.0029522418830409177,0
actual,1745428149.947964,394655.5851007912,4438783.444132683,0.0028296150497958625,0
actual,1745428150.047966,394655.5851523269,4438783.444077515,0.002870228861489665,0
actual,1745428150.1479623,394655.58522100374,4438783.444094959,0.00288527359964182,0
actual,1745428150.2479877,394655.58525446267,4438783.444110334,0.0029077708937000246,0
actual,1745428150.3480234,394655.5853038389,4438783.44409235,0.002937458944276645,0
actual,1745428150.447974,394655.58535679395,4438783.444080631,0.0029535857865650326,0
actual,1745428150.5478938,394655.5837021642,4438783.446326106,0.002850646267282373,0
actual,1745428150.6479409,394655.5836412339,4438783.44647266,0.0028626366792435603,0
actual,1745428150.7479582,394655.5835789569,4438783.446639239,0.0028860589978052186,0
actual,1745428150.8479695,394655.58353669714,4438783.4468174,0.0029190980805456406,0
actual,1745428150.947961,394655.58346916735,4438783.445450699,0.0028232096914410933,0
actual,1745428151.0480225,394655.583448308,4438783.445366006,0.0028509080666702553,0
actual,1745428151.1478834,394655.5834175447,4438783.4452374205,0.0028856750253697574,0
actual,1745428151.2479851,394655.58342844003,4438783.445108364,0.0028973861846508346,0
actual,1745428151.3479447,394655.58345976257,4438783.444987684,0.0029128323485309265,0
actual,1745428151.4479604,394655.5824095844,4438783.445908401,0.0028578370238005403,0
actual,1745428151.5479403,394655.5823721348,4438783.445934026,0.002877279991667778,0
actual,1745428151.6478765,394655.5823277383,4438783.445982753,0.002906706242856516,0
actual,1745428151.7479374,394655.58232640533,4438783.446039452,0.002927074235227207,0
actual,1745428151.8480654,394655.58252448187,4438783.446136865,0.0029285403117989012,0
actual,1745428151.9479787,394655.5823066696,4438783.447481279,0.0028000491722670693,0
actual,1745428152.047877,394655.58261867636,4438783.447656096,0.002820155365249878,0
actual,1745428152.1479678,394655.5828973617,4438783.447825744,0.0028712935123334222,0
actual,1745428152.2479467,394655.5829073049,4438783.448006608,0.0028874029013293335,0
actual,1745428152.347964,394655.58259500616,4438783.448216709,0.0029000565384063406,0
actual,1745428152.4479632,394655.58214551775,4438783.448515862,0.0029454525522506873,0
actual,1745428152.5478942,394655.58498579555,4438783.447656147,0.0028320061508710103,0
actual,1745428152.6480663,394655.58502546785,4438783.4475880535,0.002987131014788247,0
actual,1745428152.747957,394655.5840570375,4438783.447492027,0.00308541050496819,0
actual,1745428152.847969,394655.58301845856,4438783.447871112,0.002821743614869399,0
actual,1745428152.9480028,394655.5794550768,4438783.446494714,0.0031067035218423347,0
actual,1745428153.0479457,394655.57913044764,4438783.44630099,0.003025615524794784,0
actual,1745428153.1479442,394655.5787836753,4438783.445979814,0.0030588989536303643,0
actual,1745428153.247947,394655.57878769917,4438783.445862191,0.0030301533808499218,0
actual,1745428153.347942,394655.5789946211,4438783.445542604,0.003057048904623209,0
actual,1745428153.4479425,394655.5825467116,4438783.447567833,0.0030951319889018086,0
actual,1745428153.5479493,394655.5832205871,4438783.447811154,0.003032143056197132,0
actual,1745428153.6479611,394655.58379246533,4438783.447851495,0.003116302832728374,0
actual,1745428153.7479525,394655.5841548948,4438783.447948414,0.003101921319692039,0
actual,1745428153.8479495,394655.5843265184,4438783.44804518,0.0031523787883670396,0
actual,1745428153.947939,394655.580991839,4438783.446620986,0.0028670174556661666,0
actual,1745428154.047863,394655.5806523748,4438783.44651353,0.0028944540315074463,0
actual,1745428154.1478949,394655.58033382066,4438783.446340992,0.002939989671691848,0
actual,1745428154.2479808,394655.580099485,4438783.446245889,0.0029352074695415523,0
actual,1745428154.3479788,394655.579911463,4438783.446124979,0.0029507758064692235,0
actual,1745428154.44799,394655.57973900234,4438783.445958204,0.003006312183267602,0
actual,1745428154.5480094,394655.5811510957,4438783.446811704,0.0029329385415139833,0
actual,1745428154.6479795,394655.5811548559,4438783.446775666,0.0029607765430832004,0
actual,1745428154.7479377,394655.58114610304,4438783.446737634,0.0029913896181632746,0
actual,1745428154.8479383,394655.5810948863,4438783.446716055,0.0030225611986038165,0
actual,1745428154.947931,394655.5809047128,4438783.445717574,0.0028347986776743436,0
actual,1745428155.0479329,394655.5809106252,4438783.445659992,0.002851972717513764,0
actual,1745428155.1479764,394655.5809417836,4438783.445594647,0.0028743478385243894,0
actual,1745428155.2479663,394655.5810007781,4438783.445503647,0.0028971243852629522,0
actual,1745428155.3479311,394655.5810936999,4438783.4454401005,0.0029190980805456406,0
actual,1745428155.4479337,394655.5821816231,4438783.446376679,0.0028282711462717476,0
actual,1745428155.5479567,394655.5822165403,4438783.446392708,0.002874749264252327,0
actual,1745428155.6479664,394655.5822347095,4438783.446450538,0.0029005801371818573,0
actual,1745428155.7479103,394655.5822430387,4438783.446470877,0.0029638308692741676,0
actual,1745428155.8479826,394655.5823183848,4438783.44655572,0.0029788756074263225,0
actual,1745428155.9478536,394655.5819218047,4438783.44621538,0.002841989434192511,0
actual,1745428156.0479388,394655.5819210566,4438783.44619534,0.0028281489732241683,0
actual,1745428156.1479478,394655.58188873273,4438783.446143062,0.002871694938061359,0
actual,1745428156.2479646,394655.58186804666,4438783.446109097,0.0028920629304320503,0
actual,1745428156.3479764,394655.5818194542,4438783.446098239,0.0029099001953875386,0
actual,1745428156.4480069,394655.58231750695,4438783.44629546,0.0028360029548581554,0
actual,1745428156.5479815,394655.5823640687,4438783.446286566,0.002873946412796452,0
actual,1745428156.6479893,394655.5824033335,4438783.446353961,0.002891521878364058,0
actual,1745428156.7479527,394655.58245056163,4438783.446398963,0.002950374380741286,0
actual,1745428156.847942,394655.58255474747,4438783.446478387,0.0029679672996013678,0
actual,1745428156.9479644,394655.5821511307,4438783.445874066,0.002832931175374712,0
actual,1745428157.0479565,394655.5821431318,4438783.445877896,0.0028256182458087174,0
actual,1745428157.1479332,394655.58213007473,4438783.445859858,0.002822686092665329,0
actual,1745428157.2478833,394655.5821057643,4438783.445836895,0.0028393365337294808,0
actual,1745428157.3479657,394655.5820550714,4438783.445789232,0.0028995154863381,0
actual,1745428157.448013,394655.58313530113,4438783.445002085,0.0027976580711916734,0
actual,1745428157.5479944,394655.58320303867,4438783.444930521,0.0028469112626831102,0
actual,1745428157.6479568,394655.5832917429,4438783.444907968,0.0028576973974604853,0
actual,1745428157.7479606,394655.58335961855,4438783.444872815,0.0029151012765584955,0
actual,1745428157.8479726,394655.5834401194,4438783.444831404,0.002966623396077253,0
actual,1745428157.9478981,394655.58353019913,4438783.444794877,0.003008965083730632,0
actual,1745428158.0479462,394655.58384762786,4438783.444596342,0.0028870014756013965,0
actual,1745428158.1479003,394655.58391268365,4438783.4445725465,0.002953707959612612,0
actual,1745428158.2479777,394655.5840082484,4438783.44459056,0.0029549122367964237,0
actual,1745428158.347899,394655.5841061971,4438783.444632988,0.0029862059902847934,0
actual,1745428158.4479895,394655.58425210894,4438783.444700395,0.0029977949765180433,0
actual,1745428158.5479562,394655.5833902607,4438783.446191206,0.0028529151953099415,0
actual,1745428158.6479688,394655.5833892118,4438783.446390156,0.0028274857481083485,0
actual,1745428158.7479334,394655.5833244487,4438783.446559245,0.0028823414464984316,0
actual,1745428158.8479335,394655.583313923,4438783.4467676915,0.0029059033914003935,0
actual,1745428158.9479303,394655.58330650476,4438783.445957797,0.0028029813254104577,0
actual,1745428159.048009,394655.5833628769,4438783.445878543,0.0028365265536336717,0
actual,1745428159.1479862,394655.5833801471,4438783.445837938,0.0028632999043593796,0
actual,1745428159.2479486,394655.5833454438,4438783.445806778,0.002870228861489665,0
actual,1745428159.347879,394655.5832406932,4438783.445741751,0.002921750981008671,0
actual,1745428159.447863,394655.5832440021,4438783.445706018,0.0028627588522911395,0
actual,1745428159.5479367,394655.58321488654,4438783.445680421,0.0028462480375672904,0
actual,1745428159.6479723,394655.583137728,4438783.445591056,0.002905641592012759,0
actual,1745428159.7479703,394655.5830472,4438783.445554017,0.0028959201080791404,0
actual,1745428159.8479578,394655.58297127334,4438783.445486809,0.0029124309228029895,0
actual,1745428159.9479432,394655.58226692537,4438783.445753906,0.0028118999578879535,0
actual,1745428160.0479515,394655.5823350521,4438783.445723321,0.0028039063499139113,0
actual,1745428160.1479375,394655.5825189904,4438783.445718709,0.0027967155933957435,0
actual,1745428160.24794,394655.5827408703,4438783.445696952,0.0027775518782088646,0
actual,1745428160.3479686,394655.58294545964,4438783.445585268,0.002863561703747014,0
actual,1745428160.4479706,394655.5831383462,4438783.445600191,0.0028142910589633494,0
actual,1745428160.547963,394655.58183226647,4438783.446002302,0.0028033827511383946,0
actual,1745428160.647968,394655.58171572746,4438783.446069974,0.0028029813254104577,0
actual,1745428160.7479775,394655.58167163265,4438783.44608849,0.0028168217863788004,0
actual,1745428160.847994,394655.58166331565,4438783.44619888,0.0028112367327723818,0
actual,1745428160.9479332,394655.58159599087,4438783.446210047,0.0028333326011026495,0
actual,1745428161.0479662,394655.58097869996,4438783.4455204075,0.0028071003024451816,0
actual,1745428161.1479297,394655.58071662276,4438783.4453448,0.0028438569364921426,0
actual,1745428161.2479594,394655.58044960647,4438783.445364364,0.00286954818308137,0
actual,1745428161.3479757,394655.58032265364,4438783.445240102,0.002849983042166553,0
actual,1745428161.4479325,394655.58030387503,4438783.444974042,0.002889270403628965,0
actual,1745428161.5478761,394655.58194476186,4438783.446259929,0.0028462480375672904,0
actual,1745428161.647958,394655.5821554128,4438783.44618245,0.0029112266456191773,0
actual,1745428161.7479439,394655.5824180137,4438783.446162688,0.00294985078196577,0
actual,1745428161.8479388,394655.5826742045,4438783.446102539,0.0029941995982588356,0
actual,1745428161.94794,394655.5806978117,4438783.4459998505,0.0028093692304727506,0
actual,1745428162.047958,394655.58024441975,4438783.446079552,0.0028015152488387635,0
actual,1745428162.1479135,394655.5796795167,4438783.4460301725,0.0028308018736871985,0
actual,1745428162.2479315,394655.57919434726,4438783.445941233,0.002830540074299316,0
actual,1745428162.347962,394655.57875552913,4438783.44590781,0.0028859368247576398,0
actual,1745428162.4479542,394655.57842568157,4438783.445912584,0.0029084341188158444,0
actual,1745428162.5479345,394655.5806872286,4438783.444142546,0.0028055120528256605,0
actual,1745428162.6479483,394655.5810706924,4438783.443994376,0.0029268124358393247,0
actual,1745428162.747941,394655.5816465019,4438783.443714604,0.0029398674986442688,0
actual,1745428162.8479407,394655.58224595303,4438783.443585104,0.0029658379979138542,0
actual,1745428162.9478872,394655.58163865085,4438783.444818754,0.0028896543760644267,0
actual,1745428163.0480218,394655.58156378375,4438783.444774164,0.0028690245843058532,0
actual,1745428163.1479661,394655.58131310693,4438783.444726584,0.0029128323485309265,0
actual,1745428163.2479696,394655.580951159,4438783.4448022125,0.0029254859856079336,0
actual,1745428163.3479526,394655.5805242049,4438783.444772311,0.0029799402582700793,0
actual,1745428163.4479406,394655.58374504454,4438783.445059367,0.002859844152440227,0
actual,1745428163.5479388,394655.5839288708,4438783.445095253,0.002890457227520301,0
actual,1745428163.6479652,394655.58417706407,4438783.445119843,0.002909236970271719,0
actual,1745428163.7479146,394655.58445445885,4438783.445136324,0.002947320054550319,0
actual,1745428163.8480258,394655.58474707045,4438783.445214248,0.0029662219703493154,0
actual,1745428163.9479678,394655.58301474166,4438783.4458648935,0.0027877969609179996,0
actual,1745428164.047976,394655.58284705004,4438783.445871254,0.002835461902789915,0
actual,1745428164.1479664,394655.5825993612,4438783.445903276,0.0028591634740321795,0
actual,1745428164.2479808,394655.5822781719,4438783.44595941,0.0028782050161712315,0
actual,1745428164.3479564,394655.58196622785,4438783.446032557,0.0029240199090362394,0
actual,1745428164.4479356,394655.5826515348,4438783.445302645,0.0028031034984580365,0
actual,1745428164.5479722,394655.5827689477,4438783.445190749,0.0028513094923981923,0
actual,1745428164.6480281,394655.5828972596,4438783.44519476,0.002820556790978063,0
actual,1745428164.7479482,394655.5829567222,4438783.445100832,0.0028819400207704946,0
actual,1745428164.8479323,394655.58304691094,4438783.445006953,0.0029116280713471147,0
actual,1745428164.9479988,394655.58175495267,4438783.444889076,0.0028133660344596477,0
actual,1745428165.0479374,394655.58180578554,4438783.444946342,0.002821481815481517,0
actual,1745428165.147956,394655.58185167424,4438783.4449756695,0.0028489183913227964,0
actual,1745428165.2479737,394655.5819100094,4438783.445007116,0.002867698134074214,0
actual,1745428165.3479807,394655.58203016536,4438783.4450472165,0.0028603677512159917,0
actual,1745428165.4481132,394655.5835941643,4438783.446033517,0.002804971000757668,0
actual,1745428165.5480328,394655.58365709626,4438783.446079378,0.0028170835857664347,0
actual,1745428165.647894,394655.58362220007,4438783.446086959,0.0028730213882929984,0
actual,1745428165.7479384,394655.5835236287,4438783.446151349,0.0028616942014473828,0
actual,1745428165.8479304,394655.58333084686,4438783.446166059,0.002902971238257005,0
actual,1745428165.9479313,394655.58442732133,4438783.44626548,0.002837992630205366,0
actual,1745428166.0479326,394655.5844038266,4438783.44628952,0.0028399997588450525,0
actual,1745428166.1479325,394655.584374516,4438783.446292894,0.002853316621037879,0
actual,1745428166.2480223,394655.5843917011,4438783.446295123,0.0028449215873358994,0
actual,1745428166.3479838,394655.5844374541,4438783.446270023,0.0028620956271753198,0
actual,1745428166.4479628,394655.5847836944,4438783.445467357,0.0027811472564678243,0
actual,1745428166.5479424,394655.58479985944,4438783.445344074,0.002808967804744813,0
actual,1745428166.6479478,394655.5847794349,4438783.445193471,0.002846649463295228,0
actual,1745428166.7479382,394655.5847469196,4438783.4450262245,0.0028768785659398404,0
actual,1745428166.8479753,394655.5847055478,4438783.444872519,0.002904035889100762,0
actual,1745428166.9479446,394655.5852576379,4438783.445183551,0.0027848648077746113,0
actual,1745428167.0480561,394655.5851961754,4438783.445146491,0.0028346765046265163,0
actual,1745428167.1479826,394655.5851792864,4438783.445214924,0.002812161757275836,0
actual,1745428167.2480135,394655.5851271865,4438783.445221358,0.002869949608809307,0
actual,1745428167.347898,394655.58513022854,4438783.445377631,0.002778215103324684,0
actual,1745428167.4481223,394655.5846449852,4438783.44458596,0.0027382645167464527,0
actual,1745428167.5479982,394655.5850137101,4438783.444408947,0.0028117603315478985,0
actual,1745428167.6479373,394655.58530356514,4438783.444236454,0.0028630381049714977,0
actual,1745428167.747893,394655.5856117892,4438783.444070202,0.002839598333117115,0
actual,1745428167.8479352,394655.58595863025,4438783.443887791,0.0029084341188158444,0
actual,1745428167.9479487,394655.5845808196,4438783.444961321,0.0028553062963850894,0
actual,1745428168.047956,394655.5843590045,4438783.444992898,0.0028373294050895465,0
actual,1745428168.147936,394655.5840021929,4438783.44498889,0.002896984758922897,0
actual,1745428168.247934,394655.5836255229,4438783.444990822,0.002910563420503358,0
actual,1745428168.3479333,394655.5832609889,4438783.444892484,0.0030494567223771037,0
actual,1745428168.4479659,394655.58682884596,4438783.443718767,0.0028013756224984604,0
actual,1745428168.5479386,394655.58710292453,4438783.443546281,0.002883929696117953,0
actual,1745428168.6479325,394655.5875460532,4438783.44346257,0.0028706128339251267,0
actual,1745428168.7479446,394655.58802043326,4438783.443461913,0.0027929980420889565,0
actual,1745428168.8479497,394655.588155275,4438783.44336713,0.002794848091096112,0
actual,1745428168.947941,394655.58709924185,4438783.442924929,0.0028091074310848682,0
actual,1745428169.0479333,394655.5864502649,4438783.442890728,0.002895658308691258,0
actual,1745428169.1479313,394655.5856440937,4438783.443077708,0.002833210428054822,0
actual,1745428169.2479298,394655.5847415952,4438783.443046015,0.0028784842688515896,0
actual,1745428169.3479857,394655.58373180265,4438783.442975238,0.0029166895261777685,0
actual,1745428169.4479465,394655.5869775174,4438783.443289359,0.002796052368279924,0
actual,1745428169.547942,394655.5869520621,4438783.443320465,0.0028093692304727506,0
actual,1745428169.6479433,394655.5870176703,4438783.443468696,0.0028144306853034044,0
actual,1745428169.74794,394655.587203253,4438783.443603611,0.002782875132427401,0
actual,1745428169.847955,394655.58750015905,4438783.44360345,0.0028566327466167285,0
actual,1745428169.9479437,394655.58498630347,4438783.445022305,0.0028072399287852367,0
actual,1745428170.048004,394655.5851407814,4438783.445157477,0.0028908586532482385,0
actual,1745428170.1479464,394655.5854395541,4438783.445344463,0.00288913077728891,0
actual,1745428170.248048,394655.58578708034,4438783.445525012,0.0028830046716142514,0
actual,1745428170.3479629,394655.58609552804,4438783.445642277,0.0029371971448887628,0
actual,1745428170.448021,394655.58631584933,4438783.444751899,0.0028236111171690307,0
actual,1745428170.5479686,394655.5863783538,4438783.444754573,0.0028612927757194454,0
actual,1745428170.6479785,394655.5863770704,4438783.44475862,0.0028770181922798954,0
actual,1745428170.7479346,394655.58635119064,4438783.444704365,0.0029045769411690024,0
actual,1745428170.8479476,394655.58631986013,4438783.444664717,0.0029077708937000246,0
actual,1745428170.947941,394655.5850068934,4438783.445865899,0.0027714257725342055,0
actual,1745428171.0479767,394655.58472635515,4438783.445892533,0.0028262814709245367,0
actual,1745428171.1478624,394655.584462666,4438783.445857852,0.002882742872226617,0
actual,1745428171.2479584,394655.5842788875,4438783.445881776,0.002876215340824021,0
actual,1745428171.3479767,394655.584254793,4438783.445879736,0.0029024476394814884,0
actual,1745428171.4479392,394655.5854760142,4438783.445084265,0.0027788783284402557,0
actual,1745428171.5479324,394655.5855079632,4438783.445017349,0.002797117019123681,0
actual,1745428171.6479778,394655.5854103635,4438783.444966549,0.002784341208999095,0
actual,1745428171.7479303,394655.5851648032,4438783.4448906835,0.0027979198705795553,0
actual,1745428171.8479934,394655.5848273251,4438783.444823123,0.0028156349624872162,0
actual,1745428171.9479394,394655.584747027,4438783.44672204,0.002802318100294638,0
actual,1745428172.0479357,394655.5847471431,4438783.446788562,0.002853037368357521,0
actual,1745428172.1479876,394655.5849343948,4438783.446938594,0.0028893925766765444,0
actual,1745428172.2479358,394655.5851918144,4438783.447138043,0.0028961819074667747,0
actual,1745428172.3479416,394655.585402541,4438783.44729345,0.0029090973439316638,0
actual,1745428172.4479346,394655.5855941267,4438783.447421414,0.0029545108110684863,0
actual,1745428172.547932,394655.58464314346,4438783.444852457,0.002869687809421673,0
actual,1745428172.647989,394655.584572874,4438783.4447147595,0.0028932497543236345,0
actual,1745428172.7479672,394655.5845214234,4438783.444583271,0.0029220127803963047,0
actual,1745428172.8479674,394655.5845055587,4438783.44447379,0.0029264110101113873,0
actual,1745428172.9479995,394655.58453319006,4438783.4450175045,0.002783398731202917,0
actual,1745428173.0479548,394655.5846196578,4438783.444858248,0.002898189036106709,0
actual,1745428173.1479654,394655.5849497481,4438783.444739312,0.0029354692689291862,0
actual,1745428173.2479806,394655.58556000225,4438783.444694683,0.002972889128091967,0
actual,1745428173.347956,394655.5864173157,4438783.44466212,0.0029895395691561188,0
actual,1745428173.4479623,394655.586819486,4438783.444274951,0.002829073997727622,0
actual,1745428173.5479589,394655.5871957477,4438783.44418859,0.0028771403653277228,0
actual,1745428173.6480148,394655.5875052326,4438783.444125427,0.0029086959182037264,0
actual,1745428173.7479713,394655.5875859354,4438783.444204277,0.002881800394430439,0
actual,1745428173.847939,394655.58740733657,4438783.444342503,0.0028345368782864613,0
actual,1745428173.9479597,394655.5915461936,4438783.444071001,0.0027033753849991233,0
actual,1745428174.047937,394655.5909649268,4438783.444095068,0.002699238954671923,0
actual,1745428174.147998,394655.5899547849,4438783.444109311,0.0026943171261813244,0
actual,1745428174.2479875,394655.58863298665,4438783.444117713,0.0027200258260630275,0
actual,1745428174.3479362,394655.58717333677,4438783.444171954,0.002670877354326942,0
actual,1745428174.4479845,394655.5883322564,4438783.444994984,0.0027264137311253205,0
actual,1745428174.5479767,394655.5878880778,4438783.44483611,0.002794848091096112,0
actual,1745428174.6479697,394655.58761059766,4438783.444719563,0.0028362647542457898,0
actual,1745428174.7478724,394655.58760084235,4438783.444744922,0.0028526533959220596,0
actual,1745428174.8479373,394655.5879205763,4438783.444726372,0.00288913077728891,0
actual,1745428174.9479291,394655.5859225271,4438783.444781137,0.00277968117989613,0
actual,1745428175.0479362,394655.5864329956,4438783.444825768,0.002773153648493782,0
actual,1745428175.1479454,394655.58708165144,4438783.444794457,0.002808706005356931,0
actual,1745428175.24794,394655.58779982687,4438783.444703278,0.002821220016093635,0
actual,1745428175.3479297,394655.58848256525,4438783.444685144,0.0028216214418215722,0
actual,1745428175.4479349,394655.58565257496,4438783.445907989,0.0027700818690103387,0
actual,1745428175.5479321,394655.5854057762,4438783.44593334,0.002774218299337539,0
actual,1745428175.6479318,394655.584981508,4438783.446005183,0.002746258124720495,0
actual,1745428175.7478683,394655.58445672435,4438783.445887876,0.002832931175374712,0
actual,1745428175.8479354,394655.583904685,4438783.445868612,0.002865167406659011,0
actual,1745428175.9479687,394655.58590559853,4438783.445259762,0.0028728817619526953,0
actual,1745428176.047967,394655.58610456047,4438783.445150283,0.0028863382504855767,0
actual,1745428176.1479628,394655.5863737421,4438783.445050069,0.0029190980805456406,0
actual,1745428176.2480576,394655.5866896731,4438783.445061981,0.002893127581275807,0
actual,1745428176.3479562,394655.5869871292,4438783.444991638,0.0028971243852629522,0
actual,1745428176.4479814,394655.58594163007,4438783.445294319,0.002858378075868781,0
actual,1745428176.5479805,394655.5858450901,4438783.445275051,0.0029049783668969394,0
actual,1745428176.6479862,394655.5857401471,4438783.445261218,0.0029501125813534037,0
actual,1745428176.747893,394655.58568169625,4438783.445418756,0.0029173527512935883,0
actual,1745428176.8479795,394655.58563711186,4438783.445479097,0.0029437246762911108,0
actual,1745428176.947887,394655.58379204344,4438783.445565326,0.002789263037489694,0
actual,1745428177.048022,394655.58353099035,4438783.445625911,0.0028562487741812673,0
actual,1745428177.1479397,394655.5832620782,4438783.445733025,0.0028503844678944906,0
actual,1745428177.2479358,394655.58291927545,4438783.44581603,0.0028920629304320503,0
actual,1745428177.3480105,394655.5825187958,4438783.445896622,0.0029417350009439003,0
actual,1745428177.4480593,394655.5841870022,4438783.445560659,0.002793783440252355,0
actual,1745428177.5479257,394655.5841758953,4438783.445501776,0.002822686092665329,0
actual,1745428177.6479414,394655.5841496006,4438783.445464807,0.0028373294050895465,0
actual,1745428177.7479708,394655.5841485526,4438783.445403982,0.002861973454127741,0
actual,1745428177.8479347,394655.5841746515,4438783.44530949,0.0028692863836937356,0
actual,1745428177.9479623,394655.5841599911,4438783.445980194,0.0028322679502588927,0
actual,1745428178.048048,394655.58414555434,4438783.446064374,0.0028109749333845,0
actual,1745428178.1479743,394655.5840616128,4438783.446117192,0.002814029259575467,0
actual,1745428178.2480328,394655.5839654782,4438783.446108678,0.002850785893622428,0
actual,1745428178.3480287,394655.5839139243,4438783.446129437,0.0028824810728387347,0
actual,1745428178.448027,394655.5843753061,4438783.445190521,0.0028679599334620965,0
actual,1745428178.5480156,394655.5845453227,4438783.445065114,0.0029137573730343806,0
actual,1745428178.647952,394655.5847204298,4438783.4450611845,0.00292600958438345,0
actual,1745428178.7479618,394655.58489479736,4438783.4450069945,0.002966902648757611,0
actual,1745428178.8479602,394655.5850413609,4438783.4449390685,0.00294864650478171,0
actual,1745428178.947933,394655.5830857597,4438783.446058509,0.002811358905819961,0
actual,1745428179.0479689,394655.58293057844,4438783.446099609,0.0028391969073891777,0
actual,1745428179.1479616,394655.58278230805,4438783.44610721,0.002905501965672456,0
actual,1745428179.2479758,394655.5827178617,4438783.4461676935,0.002924683134152059,0
actual,1745428179.3479621,394655.5826573109,4438783.446214057,0.002961701567586654,0
actual,1745428179.4479854,394655.58276694734,4438783.4453202775,0.0028052328001455505,0
actual,1745428179.5479472,394655.582711925,4438783.445294769,0.0028052328001455505,0
actual,1745428179.6479776,394655.5826174979,4438783.4451483,0.0028414658354167467,0
actual,1745428179.7479591,394655.582556692,4438783.445044426,0.002872358163177179,0
actual,1745428179.8480673,394655.5825569603,4438783.445004707,0.002895117256623266,0
actual,1745428179.9479806,394655.58323249285,4438783.444889221,0.0028232096914410933,0
actual,1745428180.0479689,394655.5833579524,4438783.444837064,0.0028301386485713787,0
actual,1745428180.1479633,394655.58346471254,4438783.444776891,0.0028755521157082012,0
actual,1745428180.2479362,394655.58357349894,4438783.444732569,0.0028900558017923637,0
actual,1745428180.3479705,394655.5837178179,4438783.444732948,0.002889270403628965,0
actual,1745428180.4480836,394655.58455612895,4438783.444907002,0.002807641354513174,0
actual,1745428180.5479538,394655.58468810754,4438783.444880582,0.0028439965628321976,0
actual,1745428180.6480048,394655.584876313,4438783.444903595,0.002821481815481517,0
actual,1745428180.7479665,394655.58505638177,4438783.444869216,0.0028414658354167467,0
actual,1745428180.8479443,394655.58524466044,4438783.4448494,0.0028463876639075935,0
actual,1745428180.947939,394655.58516618016,4438783.446028254,0.002777935850644326,0
actual,1745428181.0479312,394655.58510892425,4438783.446092691,0.0028172232121067378,0
actual,1745428181.1479318,394655.5850708457,4438783.446191253,0.0028040459762539664,0
actual,1745428181.2479312,394655.58501954796,4438783.446292754,0.002829073997727622,0
actual,1745428181.3479419,394655.5849547178,4438783.446418679,0.0028391969073891777,0
actual,1745428181.4480479,394655.5855773485,4438783.445739389,0.002820294991590181,0
actual,1745428181.5479972,394655.58560529724,4438783.445709033,0.0028134882075074746,0
actual,1745428181.6479483,394655.5856452858,4438783.445645825,0.0028320061508710103,0
actual,1745428181.747943,394655.5857087198,4438783.445590164,0.002861170602671866,0
actual,1745428181.8479452,394655.58577566984,4438783.445548743,0.002890457227520301,0
actual,1745428181.94795,394655.58662173536,4438783.445526865,0.0028057738522135425,0
actual,1745428182.0479736,394655.5867016179,4438783.445512551,0.002796453794007861,0
actual,1745428182.1479673,394655.5867923858,4438783.445474643,0.002821883241209454,0
actual,1745428182.2480135,394655.58688518096,4438783.445447978,0.0028230875183932664,0
actual,1745428182.3479514,394655.586976253,4438783.445361542,0.002880072518470863,0
actual,1745428182.4479966,394655.58710767835,4438783.445276093,0.002924683134152059,0
actual,1745428182.5479622,394655.5861323921,4438783.44565306,0.002850646267282373,0
actual,1745428182.6479409,394655.5861693652,4438783.445650291,0.002844118735879777,0
actual,1745428182.7479603,394655.58622061496,4438783.445648246,0.0028638235031348963,0
actual,1745428182.8479366,394655.58627281385,4438783.445637141,0.0028870014756013965,0
actual,1745428182.9479575,394655.58625030547,4438783.445589286,0.0028032431247980915,0
actual,1745428183.0479543,394655.5862744263,4438783.445570814,0.002845846611839353,0
actual,1745428183.1479676,394655.5863244247,4438783.445574732,0.002869827435761728,0
actual,1745428183.247971,394655.5863824385,4438783.445578904,0.002902185840093854,0
actual,1745428183.347944,394655.5864372675,4438783.445580809,0.002910703046843413,0
actual,1745428183.4479568,394655.58716736187,4438783.444363554,0.002816559986990918,0
actual,1745428183.5479527,394655.58722710016,4438783.444250584,0.0028281489732241683,0
actual,1745428183.647931,394655.5872885548,4438783.4441278,0.002838271882885724,0
actual,1745428183.7479734,394655.58733840426,4438783.444005361,0.0028469112626831102,0
actual,1745428183.8479629,394655.5874109625,4438783.443853386,0.002877803590443294,0
actual,1745428183.94794,394655.5872658203,4438783.4461683845,0.00279392306659241,0
actual,1745428184.0479634,394655.58730352396,4438783.44630159,0.0028353397297423357,0
actual,1745428184.147936,394655.58736320236,4438783.446422456,0.002878606441899169,0
actual,1745428184.2479603,394655.58741937985,4438783.44656101,0.0029177541770215257,0
actual,1745428184.3479583,394655.5875019089,4438783.446758191,0.002916026301061949,0
actual,1745428184.447933,394655.5873330792,4438783.446588,0.0028025798996825202,0
actual,1745428184.5479333,394655.58734345634,4438783.446593738,0.0028236111171690307,0
actual,1745428184.6479332,394655.5873929404,4438783.446635357,0.002822686092665329,0
actual,1745428184.7479486,394655.5874440885,4438783.446665422,0.002819230340746424,0
actual,1745428184.847936,394655.58747842396,4438783.446712972,0.002837992630205366,0
actual,1745428184.947962,394655.58620198735,4438783.446808563,0.0028268050697000534,0
actual,1745428185.047953,394655.5861317334,4438783.446807207,0.0028580988231884227,0
actual,1745428185.1479692,394655.58608030074,4438783.446800698,0.0028728817619526953,0
actual,1745428185.2479854,394655.5860400859,4438783.446792812,0.002902971238257005,0
actual,1745428185.3479645,394655.5860366503,4438783.446820826,0.0028921851034798777,0
actual,1745428185.4480174,394655.58693046117,4438783.44726955,0.0028156349624872162,0
actual,1745428185.5479748,394655.58699046186,4438783.4472900145,0.0028576973974604853,0
actual,1745428185.6479707,394655.5870652014,4438783.447313239,0.0029071076685844533,0
actual,1745428185.747967,394655.5871525229,4438783.447358948,0.0029086959182037264,0
actual,1745428185.8479314,394655.58721164847,4438783.447389581,0.0029518404573129803,0
actual,1745428185.9479342,394655.58588557644,4438783.447548683,0.00284012193189288,0
actual,1745428186.0479336,394655.5858723258,4438783.447571838,0.002840662983960872,0
actual,1745428186.1479483,394655.58586713206,4438783.447617362,0.002872358163177179,0
actual,1745428186.2479918,394655.5858424155,4438783.447699142,0.002903512290325245,0
actual,1745428186.3479855,394655.5858165531,4438783.4477860555,0.0029389250208480913,0
actual,1745428186.4479377,394655.5850350457,4438783.447391413,0.0027967155933957435,0
actual,1745428186.5479598,394655.58497459843,4438783.44734474,0.002802318100294638,0
actual,1745428186.6479368,394655.58492928447,4438783.447324459,0.002794848091096112,0
actual,1745428186.747959,394655.5848889247,4438783.447279748,0.0028474523147511022,0
actual,1745428186.8479655,394655.58484668925,4438783.447267741,0.002873544987068515,0
actual,1745428186.9479125,394655.58697305474,4438783.446074769,0.002822546466325274,0
actual,1745428187.0479887,394655.5871270129,4438783.445961009,0.0028630381049714977,0
actual,1745428187.1480668,394655.5872980494,4438783.4458812205,0.0028895322030168475,0
actual,1745428187.2480197,394655.58749459125,4438783.445787979,0.002919482052981102,0
actual,1745428187.3479383,394655.5876841181,4438783.445704343,0.0029470582551624365,0
actual,1745428187.4479358,394655.5879191492,4438783.445619007,0.002972749501751912,0
actual,1745428187.5479388,394655.5874881737,4438783.445987379,0.0028397205061649424,0
actual,1745428187.6479623,394655.58761198603,4438783.445999746,0.0028944540315074463,0
actual,1745428187.7479331,394655.5877691986,4438783.446041299,0.002883807523070126,0
actual,1745428187.8479736,394655.58793128777,4438783.446118739,0.0028614324020597485,0
actual,1745428187.9479444,394655.58804520505,4438783.446172327,0.0029024476394814884,0
actual,1745428188.047983,394655.58591006073,4438783.446003753,0.00280882817840451,0
actual,1745428188.1479337,394655.5857988995,4438783.445978952,0.002813767460187585,0
actual,1745428188.2479568,394655.5857001597,4438783.4459353285,0.0028091074310848682,0
actual,1745428188.3479285,394655.58556849754,4438783.4458429655,0.0028398601325049975,0
actual,1745428188.4479475,394655.5854638239,4438783.445749436,0.0028671570820062216,0
actual,1745428188.5479393,394655.5854040119,4438783.444376159,0.002849843415826498,0
actual,1745428188.648005,394655.58533378376,4438783.444221131,0.0028691642106459083,0
actual,1745428188.7478878,394655.5852656742,4438783.444073062,0.0028831442979545545,0
actual,1745428188.8479598,394655.5852092538,4438783.443922017,0.002880072518470863,0
actual,1745428188.9479501,394655.58537846874,4438783.444940162,0.002770483294738276,0
actual,1745428189.0479586,394655.58542160253,4438783.444920951,0.0027877969609179996,0
actual,1745428189.1479712,394655.5855084175,4438783.444879996,0.0027927187894085984,0
actual,1745428189.2479305,394655.58556866436,4438783.444798245,0.0028149542840791688,0
actual,1745428189.347931,394655.5856282291,4438783.444703939,0.002836404380586093,0
actual,1745428189.4479434,394655.5855756738,4438783.445272015,0.0028308018736871985,0
actual,1745428189.5479698,394655.58565312135,4438783.445255689,0.0028439965628321976,0
actual,1745428189.6479466,394655.5857352469,4438783.4452433055,0.002870228861489665,0
actual,1745428189.747988,394655.58578976523,4438783.44525744,0.0029084341188158444,0
actual,1745428189.8479326,394655.5858820904,4438783.445315626,0.0029398674986442688,0
actual,1745428189.9479523,394655.5865766918,4438783.44470028,0.0028182878629502465,0
actual,1745428190.04793,394655.5866556565,4438783.444729366,0.0028158967618750986,0
actual,1745428190.147932,394655.58672012755,4438783.444724928,0.0028353397297423357,0
actual,1745428190.2479312,394655.58677196514,4438783.444756845,0.002853316621037879,0
actual,1745428190.3479338,394655.58683935297,4438783.444838286,0.002862357426563202,0
actual,1745428190.4479756,394655.58484194905,4438783.44543803,0.0028261418445842336,0
actual,1745428190.547935,394655.58470036136,4438783.445478868,0.0028883279258327876,0
actual,1745428190.6479368,394655.58458795544,4438783.445572088,0.0028944540315074463,0
actual,1745428190.7479339,394655.5844558206,4438783.445676036,0.002928278512411019,0
actual,1745428190.8479314,394655.58428671106,4438783.445790292,0.0029409321494880255,0
actual,1745428190.9479651,394655.5836827463,4438783.445707415,0.002810032455588322,0
actual,1745428191.0479572,394655.58357368916,4438783.44570812,0.002830400447959261,0
actual,1745428191.1479683,394655.58349314646,4438783.445723253,0.0028580988231884227,0
actual,1745428191.247985,394655.5834269563,4438783.445772286,0.002887664700717216,0
actual,1745428191.3479772,394655.58341764007,4438783.445901008,0.0028567723729567836,0
actual,1745428191.44801,394655.5846472593,4438783.445993698,0.0027941848659802926,0
actual,1745428191.5478516,394655.58467142907,4438783.445965618,0.002820155365249878,0
actual,1745428191.6479347,394655.58472018945,4438783.445968429,0.002855969521500909,0
actual,1745428191.7479637,394655.58479427453,4438783.445921197,0.002906845869196571,0
actual,1745428191.8479533,394655.5848915557,4438783.44585881,0.0029479832796661383,0
actual,1745428191.9478738,394655.5842716336,4438783.447091839,0.0028249550206928976,0
actual,1745428192.0479512,394655.58427199925,4438783.447208419,0.0028091074310848682,0
actual,1745428192.1478903,394655.58423357387,4438783.447272415,0.00282455359496496,0
actual,1745428192.2479355,394655.58417723863,4438783.447353225,0.0028539798461536983,0
actual,1745428192.3479378,394655.5841046545,4438783.447438304,0.0028587620483039944,0
actual,1745428192.4479349,394655.58399962296,4438783.447489144,0.002902185840093854,0
actual,1745428192.5479681,394655.5851137574,4438783.446205638,0.002842129060532566,0
actual,1745428192.6480265,394655.58520576236,4438783.4461765895,0.0028566327466167285,0
actual,1745428192.747993,394655.58532599016,4438783.446145661,0.002838271882885724,0
actual,1745428192.8479695,394655.58540573186,4438783.446061713,0.002895396509303376,0
actual,1745428192.9479597,394655.58550457156,4438783.445995326,0.0029089751708840845,0
actual,1745428193.047949,394655.5850096114,4438783.446769958,0.0028326693759868297,0
actual,1745428193.1479638,394655.584943849,4438783.446749606,0.00287008923514961,0
actual,1745428193.248045,394655.5849166942,4438783.44675294,0.002878606441899169,0
actual,1745428193.34795,394655.5849427243,4438783.446713863,0.0029012433622976766,0
actual,1745428193.44803,394655.584975138,4438783.446666807,0.0029113662719592323,0
actual,1745428193.5479715,394655.5865306831,4438783.446779522,0.0028326693759868297,0
actual,1745428193.6479406,394655.586684209,4438783.446748018,0.00282786972054381,0
actual,1745428193.7480648,394655.5868396965,4438783.446689529,0.0028426526593080827,0
actual,1745428193.8479476,394655.5869334307,4438783.446571716,0.0028691642106459083,0
actual,1745428193.9479446,394655.58511905157,4438783.446404083,0.0028032431247980915,0
actual,1745428194.047962,394655.58497678733,4438783.44631861,0.0028413262090766916,0
actual,1745428194.1479352,394655.58479566674,4438783.446240187,0.002865167406659011,0
actual,1745428194.2480123,394655.5846191669,4438783.446185484,0.002883929696117953,0
actual,1745428194.3479931,394655.5844755728,4438783.4461542005,0.002869827435761728,0
actual,1745428194.4479375,394655.5849340438,4438783.445729484,0.0027968552197357986,0
actual,1745428194.547937,394655.58497777174,4438783.445655202,0.0028025798996825202,0
actual,1745428194.6479573,394655.58505374537,4438783.445563315,0.0028120395842282566,0
actual,1745428194.7479382,394655.5851426906,4438783.44550829,0.002824413968624905,0
actual,1745428194.8479357,394655.5852271224,4438783.445461481,0.0028208185903656974,0
actual,1745428194.9479442,394655.58423088206,4438783.44632035,0.0028281489732241683,0
actual,1745428195.0480967,394655.5842055177,4438783.446350431,0.0028256182458087174,0
actual,1745428195.1480765,394655.5842135177,4438783.446383611,0.002848115539866922,0
actual,1745428195.2479734,394655.5842149306,4438783.446423632,0.0028694260100337906,0
actual,1745428195.3479111,394655.58422212955,4438783.446485819,0.0029047165675090574,0
actual,1745428195.4479382,394655.58612906234,4438783.445906768,0.0027967155933957435,0
actual,1745428195.5479314,394655.5862257343,4438783.445851281,0.0028273461217682935,0
actual,1745428195.6479251,394655.5863401165,4438783.445759538,0.002854643071269518,0
actual,1745428195.747928,394655.586503072,4438783.445654556,0.0028642249288628337,0
actual,1745428195.8479526,394655.586708935,4438783.445518832,0.002914560224490255,0
actual,1745428195.947972,394655.58528356435,4438783.4463731665,0.0028197539395219406,0
actual,1745428196.0479746,394655.58520782075,4438783.446352006,0.002840261558232935,0
actual,1745428196.1479526,394655.5851038287,4438783.446374054,0.002865691005434528,0
actual,1745428196.2479806,394655.58502118406,4438783.446447061,0.002869949608809307,0
actual,1745428196.3479342,394655.584977861,4438783.446519495,0.0029047165675090574,0
actual,1745428196.4479694,394655.5849463558,4438783.4466194445,0.002919621679321157,0
actual,1745428196.5479672,394655.5838778735,4438783.444360911,0.002826543270312419,0
actual,1745428196.647961,394655.5837010845,4438783.44421356,0.0028360029548581554,0
actual,1745428196.747953,394655.58350917255,4438783.444025258,0.0028646263545907707,0
actual,1745428196.8478937,394655.5833406096,4438783.443846319,0.002894331858459867,0
actual,1745428196.9479408,394655.5823293365,4438783.444814238,0.00281362783384753,0
actual,1745428197.0479405,394655.5821861025,4438783.444862125,0.0028236111171690307,0
actual,1745428197.147934,394655.58199519326,4438783.444886308,0.002876477140211903,0
actual,1745428197.2479408,394655.5818153039,4438783.444941253,0.002923618483308302,0
actual,1745428197.3478813,394655.5816296822,4438783.4450088795,0.002963028017818293,0
actual,1745428197.447938,394655.5824601763,4438783.444636514,0.0028679599334620965,0
actual,1745428197.5479767,394655.58251837944,4438783.444597079,0.0028908586532482385,0
actual,1745428197.6479516,394655.5826236369,4438783.444514947,0.0029521197099933384,0
actual,1745428197.7479722,394655.58284396696,4438783.444409899,0.0029482450790537726,0
actual,1745428197.847942,394655.5830990221,4438783.4442797145,0.00297861380803844,0
actual,1745428197.9479368,394655.5832871012,4438783.443926342,0.0028616942014473828,0
actual,1745428198.0479696,394655.5833130674,4438783.443778352,0.002886739676213514,0
actual,1745428198.1479921,394655.58333402255,4438783.443665759,0.002925084559879996,0
actual,1745428198.2479446,394655.5833352399,4438783.443537187,0.002950252207693707,0
actual,1745428198.3479714,394655.5833475738,4438783.443349424,0.002988858890747823,0
actual,1745428198.4479454,394655.58454854076,4438783.444989662,0.0028056342258734874,0
actual,1745428198.5479465,394655.58459803107,4438783.44503134,0.00287488889059263,0
actual,1745428198.6479402,394655.58465388295,4438783.445065806,0.002873946412796452,0
actual,1745428198.7479746,394655.5846885959,4438783.445115543,0.0029153630759463775,0
actual,1745428198.847936,394655.5847840539,4438783.445214411,0.002906043017740696,0
actual,1745428198.9479344,394655.5856840329,4438783.444372887,0.0027804665780595287,0
actual,1745428199.047909,394655.58578818105,4438783.444359182,0.0027723507970379073,0
actual,1745428199.1479423,394655.585895601,4438783.444292008,0.0027766094004126867,0
actual,1745428199.2481709,394655.58597067604,4438783.444263721,0.0028144306853034044,0
actual,1745428199.3480563,394655.58610536216,4438783.4442409715,0.0028391969073891777,0
actual,1745428199.447954,394655.58526013687,4438783.44526731,0.0027975184448516184,0
actual,1745428199.5479608,394655.5852431139,4438783.445324389,0.002812563183003773,0
actual,1745428199.647935,394655.58520392596,4438783.445386668,0.0028068385030572997,0
actual,1745428199.7479348,394655.585130514,4438783.445427924,0.0028474523147511022,0
actual,1745428199.8480005,394655.58501593623,4438783.445444219,0.0028920629304320503,0
actual,1745428199.9479578,394655.583813132,4438783.446491353,0.002806035651601425,0
actual,1745428200.0479703,394655.58349493274,4438783.44660764,0.0027904673146735056,0
actual,1745428200.1479435,394655.5831904681,4438783.446669237,0.002849180190710679,0
actual,1745428200.2479408,394655.58289858943,4438783.446768921,0.002859564899760117,0
actual,1745428200.3479323,394655.5826375171,4438783.44688301,0.002891801131044416,0
actual,1745428200.4479477,394655.5842044776,4438783.446097857,0.00283680580631403,0
actual,1745428200.547935,394655.58425355435,4438783.446024505,0.0028523741432417015,0
actual,1745428200.6480174,394655.5846562903,4438783.445978266,0.002794848091096112,0
actual,1745428200.7479842,394655.5856797708,4438783.44603301,0.002759173561185384,0
actual,1745428200.8479366,394655.58739529137,4438783.446008946,0.002733604487643488,0
actual,1745428200.9479296,394655.5849643175,4438783.447304629,0.002798583095695375,0
actual,1745428201.0479677,394655.5855625465,4438783.447363482,0.0029652969458458618,0
actual,1745428201.147978,394655.58519677835,4438783.447568351,0.002902046213753551,0
actual,1745428201.2479348,394655.58430459886,4438783.4475420285,0.002920564157117335,0
actual,1745428201.3479338,394655.5831973339,4438783.44747279,0.003064763259916893,0
actual,1745428201.4479997,394655.5865542443,4438783.444407262,0.0031051152722230617,0
actual,1745428201.547971,394655.5853983184,4438783.444009211,0.00317196138257458,0
actual,1745428201.6479812,394655.5840545362,4438783.443805272,0.0030261565768627766,0
actual,1745428201.7480173,394655.5829487899,4438783.443352037,0.0031368104514393684,0
actual,1745428201.8479524,394655.5821483748,4438783.442959074,0.0031507905387477666,0
actual,1745428201.9479506,394655.57767156407,4438783.446311228,0.0031799549905486223,0
actual,1745428202.0479488,394655.576847426,4438783.44645853,0.003225351004392969,0
actual,1745428202.1479676,394655.5763810625,4438783.446634023,0.00322788173180842,0
actual,1745428202.2479727,394655.5761552292,4438783.446802527,0.0032722305481014857,0
actual,1745428202.3480144,394655.5760259235,4438783.446957551,0.0033052521775491835,0
actual,1745428202.4479666,394655.5759597849,4438783.44712999,0.0033738261638602786,0
actual,1745428202.5479946,394655.5798723484,4438783.442568547,0.0033827447963377744,0
actual,1745428202.6479332,394655.5803306377,4438783.442074385,0.003418960378316743,0
actual,1745428202.7479868,394655.5805480191,4438783.441551035,0.0034390665712997997,0
actual,1745428202.847967,394655.58055570803,4438783.441083357,0.003459975615738483,0
actual,1745428202.9479365,394655.5794097844,4438783.444398912,0.002877419618007833,0
actual,1745428203.047984,394655.57916886994,4438783.444384254,0.002854643071269518,0
actual,1745428203.147957,394655.578964327,4438783.444383174,0.00290071976352216,0
actual,1745428203.2479353,394655.57885806786,4438783.444403978,0.0029052401662848218,0
actual,1745428203.3479881,394655.578766046,4438783.44440081,0.0029375985706167,0
actual,1745428203.447997,394655.5804259258,4438783.444394335,0.002801113823110826,0
actual,1745428203.5479286,394655.58041550056,4438783.444430425,0.002853176994697824,0
actual,1745428203.647937,394655.5803906241,4438783.444500938,0.0028872632749892785,0
actual,1745428203.7479355,394655.5803545695,4438783.4446268175,0.0029013829886377317,0
actual,1745428203.8479998,394655.58026288735,4438783.444750077,0.002923618483308302,0
actual,1745428203.9479609,394655.5788598841,4438783.44418429,0.002842792285648386,0
actual,1745428204.04798,394655.57882349176,4438783.444272583,0.0028242743422846025,0
actual,1745428204.148003,394655.5787972257,4438783.444291483,0.002823890369849389,0
actual,1745428204.2480128,394655.57880645554,4438783.444262964,0.0028514491187382474,0
actual,1745428204.3479927,394655.5788568943,4438783.444337934,0.0028502448415544356,0
actual,1745428204.4479384,394655.5791384957,4438783.444845842,0.002798844895083257,0
actual,1745428204.5479786,394655.5792007742,4438783.444781576,0.002831744351483128,0
actual,1745428204.6478856,394655.5792531974,4438783.444774366,0.002832931175374712,0
actual,1745428204.7478795,394655.5793263726,4438783.444721055,0.0028663542305503473,0
actual,1745428204.8479362,394655.57941373467,4438783.444733615,0.0028960597344191955,0
actual,1745428204.947954,394655.5777372861,4438783.445362672,0.0028234889441212034,0
actual,1745428205.0478516,394655.5775608704,4438783.445385077,0.0028872632749892785,0
actual,1745428205.1479304,394655.5774243755,4438783.445464401,0.002877943216783597,0
actual,1745428205.247948,394655.5773057984,4438783.445512954,0.0029280167130231365,0
actual,1745428205.3479338,394655.5771920584,4438783.445589475,0.0029501125813534037,0
actual,1745428205.4479735,394655.58033666696,4438783.447697778,0.0027816708552435886,0
actual,1745428205.5479512,394655.5804987286,4438783.447929552,0.0028066988767172446,0
actual,1745428205.6479597,394655.5806409355,4438783.448184624,0.0028073795551252917,0
actual,1745428205.7479637,394655.5807339338,4438783.448394321,0.002817362838446793,0
actual,1745428205.8479412,394655.5808173311,4438783.448678753,0.0028562487741812673,0
actual,1745428205.947956,394655.5806538742,4438783.44755459,0.002757969284001324,0
actual,1745428206.0479307,394655.5806522295,4438783.447429565,0.002819090714406369,0
actual,1745428206.1479607,394655.58066909,4438783.447408659,0.0028080427802411115,0
actual,1745428206.2478938,394655.5806994436,4438783.447389781,0.0028260196715366543,0
actual,1745428206.3479693,394655.58076980605,4438783.447339599,0.002838132256545421,0
actual,1745428206.4479325,394655.5808420982,4438783.447299489,0.002846649463295228,0
actual,1745428206.5479374,394655.58060464554,4438783.446916004,0.0028170835857664347,0
actual,1745428206.647943,394655.58056371065,4438783.446850195,0.0028221450405973366,0
actual,1745428206.7479618,394655.58050407574,4438783.446804296,0.002852112343854067,0
actual,1745428206.8483214,394655.5804553782,4438783.44672747,0.002871694938061359,0
actual,1745428206.9479659,394655.5825328053,4438783.446626667,0.0028071003024451816,0
actual,1745428207.0480108,394655.5826352482,4438783.446615304,0.0028264210972645917,0
actual,1745428207.1479564,394655.58273387706,4438783.446619939,0.002829213624067925,0
actual,1745428207.2479432,394655.5829260462,4438783.446548713,0.0028551666700450343,0
actual,1745428207.347975,394655.5831828451,4438783.446506414,0.0028871411019414516,0
actual,1745428207.4479923,394655.5824991339,4438783.44692581,0.0028182878629502465,0
actual,1745428207.5479698,394655.5821006065,4438783.446913858,0.002807501728173119,0
actual,1745428207.6479862,394655.5816060942,4438783.446929081,0.0028322679502588927,0
actual,1745428207.7479544,394655.58107641677,4438783.446950094,0.002840523357620817,0
actual,1745428207.8480144,394655.5805390138,4438783.4468678115,0.002867558507734159,0
actual,1745428207.9479866,394655.58158427174,4438783.447318187,0.002869827435761728,0
actual,1745428208.0479946,394655.58156624343,4438783.44741533,0.00286954818308137,0
actual,1745428208.1479545,394655.58162274654,4438783.447449982,0.0029045769411690024,0
actual,1745428208.247977,394655.5817363943,4438783.447531957,0.0028880661264451533,0
actual,1745428208.3479567,394655.58184421057,4438783.44755866,0.002940129298032151,0
actual,1745428208.4479141,394655.58196597354,4438783.447607,0.0029570415384839372,0
actual,1745428208.5479617,394655.5819899253,4438783.446223155,0.0028471905153634684,0
actual,1745428208.6480436,394655.5819068295,4438783.446105187,0.0028668952826183397,0
actual,1745428208.7479513,394655.58178332064,4438783.445988337,0.002859564899760117,0
actual,1745428208.8479307,394655.5816324132,4438783.445825175,0.0029124309228029895,0
actual,1745428208.9479735,394655.58030232537,4438783.447671804,0.00282786972054381,0
actual,1745428209.0479674,394655.58018949244,4438783.44770782,0.002864504181543192,0
actual,1745428209.1479037,394655.5801063273,4438783.447757025,0.0028868618492613415,0
actual,1745428209.2479324,394655.5799668021,4438783.4478463745,0.002872759588905116,0
actual,1745428209.3479707,394655.5798116618,4438783.4479151815,0.0029096383959996562,0
actual,1745428209.4479082,394655.5801425436,4438783.446991835,0.0028453230130638368,0
actual,1745428209.5480013,394655.58022398426,4438783.446875108,0.0028782050161712315,0
actual,1745428209.6479728,394655.58036619937,4438783.446778716,0.0028846103745262487,0
actual,1745428209.747981,394655.5805023245,4438783.446676994,0.002902185840093854,0
actual,1745428209.8479378,394655.58055869455,4438783.446524278,0.00294985078196577,0
actual,1745428209.9479723,394655.57970300666,4438783.44881877,0.002825740418856296,0
actual,1745428210.0479393,394655.5796222551,4438783.448962144,0.002852112343854067,0
actual,1745428210.1479244,394655.5796018969,4438783.449101068,0.0028549048706571524,0
actual,1745428210.2480085,394655.5796413796,4438783.449230921,0.002869827435761728,0
actual,1745428210.3479793,394655.5797162426,4438783.449394208,0.0028691642106459083,0
actual,1745428210.4479587,394655.57976224436,4438783.449531064,0.002899375859998045,0
actual,1745428210.5479696,394655.57849279745,4438783.445636442,0.0028423908599204484,0
actual,1745428210.6479752,394655.57841516536,4438783.445370582,0.00287368461340857,0
actual,1745428210.7479076,394655.57834963687,4438783.445100896,0.002898991887562584,0
actual,1745428210.8479302,394655.57826875726,4438783.444866669,0.0028927261555478697,0
actual,1745428210.947958,394655.57810874115,4438783.446002283,0.002796453794007861,0
actual,1745428211.0479689,394655.5780474837,4438783.445963894,0.002771687571922088,0
actual,1745428211.147956,394655.5779724745,4438783.445852164,0.002811358905819961,0
actual,1745428211.2479467,394655.5779266539,4438783.445721468,0.002864888153978653,0
actual,1745428211.3480778,394655.5779458551,4438783.445619821,0.0029111044725713504,0
actual,1745428211.4480062,394655.5784754373,4438783.445699856,0.0028064370773293623,0
actual,1745428211.5479405,394655.57859798364,4438783.445653729,0.0028057738522135425,0
actual,1745428211.6479337,394655.5786479812,4438783.445563429,0.0028358633285178523,0
actual,1745428211.747933,394655.57869243936,4438783.445474326,0.0028465272902476486,0
actual,1745428211.8479857,394655.57873652404,4438783.445392774,0.002874086039136507,0
actual,1745428211.9479678,394655.5777319319,4438783.445878161,0.0027993859471512495,0
actual,1745428212.0479355,394655.5776508122,4438783.445845673,0.00285850024891636,0
actual,1745428212.147945,394655.5776132488,4438783.445802045,0.002906566616516213,0
actual,1745428212.2479408,394655.5775813233,4438783.445790075,0.0029162881004498316,0
actual,1745428212.3478878,394655.57752871583,4438783.445773647,0.002976606679398754,0
actual,1745428212.4479327,394655.5774739157,4438783.445756641,0.0030140265385615343,0
actual,1745428212.5479288,394655.57847372995,4438783.445813696,0.002866092431162465,0
actual,1745428212.6479301,394655.57851892675,4438783.445821013,0.002868884957965798,0
actual,1745428212.7479513,394655.5785644127,4438783.445777787,0.0028920629304320503,0
actual,1745428212.8480103,394655.5786116931,4438783.445749878,0.0029189584542053375,0
actual,1745428212.9479737,394655.58069181617,4438783.445526292,0.002795912741939869,0
actual,1745428213.0479393,394655.58090974635,4438783.445430345,0.0028336118537827595,0
actual,1745428213.1479328,394655.5811393367,4438783.445353542,0.002846649463295228,0
actual,1745428213.2479312,394655.5813944351,4438783.44529128,0.0028449215873358994,0
actual,1745428213.347965,394655.5815838707,4438783.445221225,0.002853037368357521,0
actual,1745428213.4479668,394655.5796518148,4438783.445352782,0.0027694186438945194,0
actual,1745428213.5479727,394655.5794372693,4438783.445321087,0.002766887916479068,0
actual,1745428213.6479921,394655.57911272475,4438783.445334264,0.0027482478000679534,0
actual,1745428213.7479427,394655.57872075157,4438783.445322717,0.002776871199800569,0
actual,1745428213.847932,394655.5783182015,4438783.445336731,0.0027941848659802926,0
actual,1745428213.9478946,394655.5804611003,4438783.445178055,0.0028072399287852367,0
actual,1745428214.0479307,394655.58058900665,4438783.445116185,0.0028563709472288466,0
actual,1745428214.147933,394655.58079704264,4438783.445089475,0.002841867261144684,0
actual,1745428214.248021,394655.5810140001,4438783.4450459415,0.0028732831876806327,0
actual,1745428214.3479977,394655.581243276,4438783.445019512,0.0028638235031348963,0
actual,1745428214.4479675,394655.57754599664,4438783.445124004,0.0028347986776743436,0
actual,1745428214.547961,394655.5773550263,4438783.445137152,0.0028594427267122895,0
actual,1745428214.6479652,394655.577159839,4438783.445156662,0.0028921851034798777,0
actual,1745428214.747965,394655.57693147776,4438783.445181859,0.0029189584542053375,0
actual,1745428214.8479912,394655.576686718,4438783.445239508,0.002908032693087907,0
actual,1745428214.9479613,394655.5761861934,4438783.445213771,0.0027852662335025487,0
actual,1745428215.0479746,394655.5760716859,4438783.445208503,0.0028118999578879535,0
actual,1745428215.1479695,394655.576050304,4438783.445241576,0.002800974196770523,0
actual,1745428215.2479703,394655.5760047293,4438783.445192141,0.002845584812451471,0
actual,1745428215.347981,394655.5758295382,4438783.445152472,0.0028453230130638368,0
actual,1745428215.4479487,394655.5769234625,4438783.444489994,0.002814832111031342,0
actual,1745428215.5479624,394655.5769602078,4438783.444483939,0.0028169614127188554,0
actual,1745428215.6479385,394655.5770916137,4438783.444466822,0.0028229478920532114,0
actual,1745428215.7479324,394655.57728497294,4438783.444416757,0.00286954818308137,0
actual,1745428215.847989,394655.5775056403,4438783.444428196,0.0028855353990297023,0
actual,1745428215.947959,394655.57581928925,4438783.445311262,0.002793382014524418,0
actual,1745428216.0479364,394655.5757514389,4438783.445399689,0.0028055120528256605,0
actual,1745428216.1479363,394655.57573511277,4438783.445507075,0.002809631029860385,0
actual,1745428216.2479703,394655.5757901077,4438783.445591044,0.002837992630205366,0
actual,1745428216.3479717,394655.5758986579,4438783.445707743,0.0028374690314298496,0
actual,1745428216.4479442,394655.57594382245,4438783.445777625,0.002872480336224758,0
actual,1745428216.547979,394655.57690701995,4438783.445746062,0.0028523741432417015,0
actual,1745428216.6479,394655.5768778847,4438783.445783847,0.002848377339254804,0
actual,1745428216.7480338,394655.57684645895,4438783.44578661,0.0028509080666702553,0
actual,1745428216.847987,394655.57681281253,4438783.44578929,0.002867418881394104,0
actual,1745428216.947849,394655.5768326198,4438783.445665671,0.0027739564999496565,0
actual,1745428217.0479324,394655.576752041,4438783.445614959,0.0028293357971155043,0
actual,1745428217.1479745,394655.57670194877,4438783.445588749,0.002858639875256415,0
actual,1745428217.247957,394655.57667445054,4438783.44559539,0.0028810149962670405,0
actual,1745428217.3479614,394655.5766852598,4438783.445612003,0.002893790806391627,0
actual,1745428217.447978,394655.57761554036,4438783.445972459,0.002798443469355072,0
actual,1745428217.5479548,394655.57763753925,4438783.446018618,0.0028196143131818856,0
actual,1745428217.6479375,394655.577679053,4438783.446058943,0.0028398601325049975,0
actual,1745428217.7479386,394655.57774462714,4438783.446127349,0.002846789089635531,0
actual,1745428217.8479733,394655.5777983083,4438783.446201856,0.002865027780318708,0
actual,1745428217.9479313,394655.5795087079,4438783.44789017,0.0028221450405973366,0
actual,1745428218.0479286,394655.57966815477,4438783.44804804,0.0028639631294749513,0
actual,1745428218.1479611,394655.5798505045,4438783.448241793,0.002841867261144684,0
actual,1745428218.247994,394655.5800346522,4438783.448376554,0.002882603245886314,0
actual,1745428218.3479776,394655.58024109417,4438783.4485568805,0.0028853957726896473,0
actual,1745428218.4479513,394655.58046234865,4438783.448756508,0.0028627588522911395,0
actual,1745428218.547962,394655.57963317074,4438783.4474114645,0.0028028416990701546,0
actual,1745428218.6479847,394655.5796883452,4438783.447368285,0.0028133660344596477,0
actual,1745428218.7479603,394655.57976452797,4438783.447313852,0.002840523357620817,0
actual,1745428218.8479385,394655.57987724186,4438783.447223437,0.0028554459227253925,0
actual,1745428218.9479358,394655.57705333637,4438783.447742115,0.0027695582702345744,0
actual,1745428219.048018,394655.57692766486,4438783.447735532,0.002782072280971526,0
actual,1745428219.14797,394655.576648715,4438783.447735481,0.002809631029860385,0
actual,1745428219.2479856,394655.57622522675,4438783.44774955,0.0028501226685068563,0
actual,1745428219.3479798,394655.57583336195,4438783.447733392,0.0028270843223804115,0
actual,1745428219.4479666,394655.57908155804,4438783.448359869,0.0027804665780595287,0
actual,1745428219.547884,394655.5792386358,4438783.448447076,0.002788460186033819,0
actual,1745428219.6479707,394655.5794385578,4438783.448485716,0.0027980420436271346,0
actual,1745428219.7479312,394655.57967875694,4438783.448539537,0.0028131042350720134,0
actual,1745428219.8479543,394655.57990236644,4438783.448575519,0.002840662983960872,0
actual,1745428219.947932,394655.57821625366,4438783.447593703,0.0028005727710425856,0
actual,1745428220.0479498,394655.5781648181,4438783.447547861,0.002811498532160016,0
actual,1745428220.1479442,394655.57809543924,4438783.447486529,0.002839598333117115,0
actual,1745428220.24793,394655.57800526347,4438783.447406044,0.0028831442979545545,0
actual,1745428220.347932,394655.5779705986,4438783.447321746,0.0029044373148286993,0
actual,1745428220.4479444,394655.57794768293,4438783.447258475,0.0029264110101113873,0
actual,1745428220.547947,394655.5788379115,4438783.447109312,0.0028145703116437075,0
actual,1745428220.647952,394655.5788640878,4438783.44708435,0.0028325297496465266,0
actual,1745428220.7479491,394655.5789345426,4438783.447034801,0.002848516965594859,0
actual,1745428220.8479495,394655.5789839707,4438783.446980649,0.0028731435613405776,0
actual,1745428220.9479327,394655.57642586733,4438783.4467572635,0.0028057738522135425,0
actual,1745428221.047946,394655.57623691554,4438783.446671475,0.0028422512335801453,0
actual,1745428221.1479075,394655.5761005458,4438783.446653544,0.0028541020192012776,0
actual,1745428221.2479312,394655.5759286056,4438783.446675386,0.0028553062963850894,0
actual,1745428221.3479605,394655.57573885925,4438783.446610171,0.002896321533807078,0
actual,1745428221.4479597,394655.5767394485,4438783.447887647,0.0028413262090766916,0
actual,1745428221.548008,394655.57676255447,4438783.448048944,0.0028470508890231653,0
actual,1745428221.6479363,394655.57676701876,4438783.448170631,0.002878606441899169,0
actual,1745428221.7479625,394655.5767720975,4438783.44830555,0.0029025872658217915,0
actual,1745428221.8479333,394655.57679733424,4438783.448445245,0.0029117676976871698,0
actual,1745428221.9479287,394655.57790850376,4438783.447055684,0.0027750211507934137,0
actual,1745428222.0479898,394655.5779490827,4438783.446971411,0.0027838001569308545,0
actual,1745428222.1479623,394655.5779977916,4438783.446884153,0.0028268050697000534,0
actual,1745428222.2480183,394655.5780397224,4438783.446826681,0.0028221450405973366,0
actual,1745428222.3479493,394655.5780740758,4438783.446697265,0.0028518505444661848,0
actual,1745428222.4479198,394655.5781835244,4438783.446561787,0.002859704526100172,0
actual,1745428222.547948,394655.5777522088,4438783.4450956285,0.002834135452558524,0
actual,1745428222.6478631,394655.5778474951,4438783.444884732,0.002883807523070126,0
actual,1745428222.7479293,394655.5779507926,4438783.444634592,0.0029325371157857983,0
actual,1745428222.8478847,394655.57799718494,4438783.444357943,0.0029889985170878782,0
actual,1745428222.9479737,394655.57846751565,4438783.445969326,0.002800974196770523,0
actual,1745428223.048008,394655.57848150446,4438783.446064656,0.002824413968624905,0
actual,1745428223.1479828,394655.57851447363,4438783.44611255,0.002847975913526867,0
actual,1745428223.2479339,394655.5786121653,4438783.446238597,0.0028391969073891777,0
actual,1745428223.3479548,394655.57872815174,4438783.446327137,0.002876477140211903,0
actual,1745428223.4479356,394655.575913928,4438783.445868048,0.002814832111031342,0
actual,1745428223.547902,394655.57567954157,4438783.445839178,0.00282041716463776,0
actual,1745428223.6479294,394655.57543558587,4438783.44581385,0.002821743614869399,0
actual,1745428223.7479312,394655.57519544504,4438783.445730802,0.002849843415826498,0
actual,1745428223.8480434,394655.57496752206,4438783.445660351,0.0028750110636402092,0
actual,1745428223.9480395,394655.57501211663,4438783.444754752,0.0028193525137940032,0
actual,1745428224.04795,394655.57492803753,4438783.444607234,0.0028350604770619775,0
actual,1745428224.147944,394655.5748222565,4438783.444480372,0.0028664938568904023,0
actual,1745428224.247937,394655.57475791004,4438783.4443327775,0.0029185570284774,0
actual,1745428224.3479614,394655.57470122864,4438783.444183558,0.0029165673531301897,0
actual,1745428224.4479342,394655.5745061081,4438783.444019394,0.002975821281235355,0
actual,1745428224.54793,394655.576647897,4438783.445207805,0.0028616942014473828,0
actual,1745428224.6480393,394655.57670811657,4438783.445298127,0.002893651180051572,0
actual,1745428224.7479818,394655.57686164585,4438783.445426386,0.002886600049873459,0
actual,1745428224.8479447,394655.57702121185,4438783.445503195,0.0029305474404385874,0
actual,1745428224.9479342,394655.5760602191,4438783.445368414,0.002823890369849389,0
actual,1745428225.0479612,394655.5759782912,4438783.445399085,0.00282521682008078,0
actual,1745428225.1479383,394655.5759105125,4438783.445378984,0.0028582384495284777,0
actual,1745428225.2479684,394655.5758038057,4438783.445410433,0.00285850024891636,0
actual,1745428225.347961,394655.5756878164,4438783.445390404,0.002922414206124242,0
actual,1745428225.4480224,394655.5772746823,4438783.446465518,0.0028104338813165074,0
actual,1745428225.5479689,394655.5773254612,4438783.446480407,0.0028422512335801453,0
actual,1745428225.647952,394655.57739958016,4438783.446537979,0.0028168217863788004,0
actual,1745428225.7479298,394655.5774441793,4438783.446569271,0.0028518505444661848,0
actual,1745428225.8479543,394655.5775202259,4438783.446592257,0.0028620956271753198,0
actual,1745428225.9479666,394655.57643842144,4438783.445459135,0.0027815312289032855,0
actual,1745428226.0479357,394655.57639147615,4438783.445350867,0.002799909545926766,0
actual,1745428226.1479366,394655.5763199741,4438783.445199713,0.002834135452558524,0
actual,1745428226.2479377,394655.5762221376,4438783.445004365,0.00288113716931462,0
actual,1745428226.3479629,394655.5760835033,4438783.444838884,0.002900440510841802,0
actual,1745428226.4479756,394655.5768473971,4438783.445047814,0.0028391969073891777,0
actual,1745428226.5479465,394655.5769039106,4438783.444944775,0.0028503844678944906,0
actual,1745428226.647962,394655.57703476,4438783.444834501,0.002840261558232935,0
actual,1745428226.7479613,394655.5771991452,4438783.444631215,0.0028796710927429256,0
actual,1745428226.8478885,394655.5773470668,4438783.444475685,0.002909376596612022,0
actual,1745428226.94793,394655.57673118636,4438783.445369219,0.0027746197250654763,0
actual,1745428227.0479798,394655.5767255753,4438783.445300999,0.0027802047786718944,0
actual,1745428227.1479366,394655.5767173955,4438783.445230439,0.002804971000757668,0
actual,1745428227.2479477,394655.5767901561,4438783.445133466,0.0028430540850362678,0
actual,1745428227.3479345,394655.57696922595,4438783.444991273,0.0028860589978052186,0
actual,1745428227.4479306,394655.5771159887,4438783.444838219,0.002857034172344666,0
actual,1745428227.5479305,394655.57727814995,4438783.444797323,0.002892464356160236,0
actual,1745428227.647933,394655.57746091683,4438783.444757894,0.0029254859856079336,0
actual,1745428227.7479453,394655.5776328173,4438783.444740685,0.002969293749833007,0
actual,1745428227.8479428,394655.5777703788,4438783.4447219735,0.0029623647927024734,0
actual,1745428227.9479434,394655.57965716894,4438783.446328213,0.002812702809344076,0
actual,1745428228.047921,394655.5796652483,4438783.446409897,0.0028361251279057347,0
actual,1745428228.147944,394655.57960098726,4438783.446510658,0.0028449215873358994,0
actual,1745428228.2479532,394655.5794805135,4438783.446674885,0.0028791474939674094,0
actual,1745428228.3479314,394655.5793862747,4438783.446836717,0.002882742872226617,0
actual,1745428228.447969,394655.58040700684,4438783.446314709,0.002822022867549509,0
actual,1745428228.5479379,394655.5804329945,4438783.446345113,0.0028503844678944906,0
actual,1745428228.647969,394655.580472093,4438783.446346434,0.0028771403653277228,0
actual,1745428228.7479734,394655.580531332,4438783.44638648,0.00288113716931462,0
actual,1745428228.847935,394655.58059423685,4438783.446406184,0.0028828650452741964,0
actual,1745428228.947966,394655.57984825934,4438783.447062186,0.0028318665245309553,0
actual,1745428229.0479305,394655.57983019674,4438783.447074566,0.0028614324020597485,0
actual,1745428229.1479287,394655.579803301,4438783.447095922,0.002855707722113027,0
actual,1745428229.2479272,394655.57976728294,4438783.44707842,0.002857034172344666,0
actual,1745428229.3479714,394655.5797136474,4438783.447042415,0.002892987954935752,0
actual,1745428229.448016,394655.5806087595,4438783.446539622,0.0028028416990701546,0
actual,1745428229.5478828,394655.58064774214,4438783.4464607695,0.0028285503989521053,0
actual,1745428229.6479447,394655.5806967139,4438783.446352532,0.0028893925766765444,0
actual,1745428229.7479756,394655.5807823803,4438783.446338607,0.0028759535414361386,0
actual,1745428229.8479319,394655.58083059045,4438783.446293689,0.0029174923776336434,0
actual,1745428229.9479945,394655.58064372826,4438783.446516964,0.0028511873193503654,0
actual,1745428230.0479698,394655.58057849546,4438783.446547851,0.0028474523147511022,0
actual,1745428230.147933,394655.5805270549,4438783.446527339,0.0028663542305503473,0
actual,1745428230.2480154,394655.580426084,4438783.446459218,0.0029415953746038453,0
actual,1745428230.3479946,394655.580357129,4438783.446506627,0.0029278770866830815,0
actual,1745428230.447965,394655.5802654232,4438783.4465403445,0.0029423982260597197,0
actual,1745428230.5479336,394655.57915419055,4438783.446106414,0.0027983212963074927,0
actual,1745428230.6479592,394655.5790631332,4438783.446031192,0.002846125864519711,0
actual,1745428230.7478588,394655.57894345303,4438783.446037278,0.0028293357971155043,0
actual,1745428230.8479002,394655.57882146904,4438783.445977793,0.002822022867549509,0
actual,1745428230.947929,394655.57910577033,4438783.444893892,0.002834135452558524,0
actual,1745428231.0479803,394655.5791321922,4438783.444835608,0.0028230875183932664,0
actual,1745428231.147955,394655.5791510255,4438783.444734571,0.002845724438791774,0
actual,1745428231.247971,394655.57918979623,4438783.444656314,0.0028582384495284777,0
actual,1745428231.3479369,394655.57924735977,4438783.444536876,0.0029155027022864325,0
actual,1745428231.4479628,394655.57824478403,4438783.446052443,0.002842792285648386,0
actual,1745428231.547955,394655.57814154105,4438783.446092884,0.0028844707481859456,0
actual,1745428231.647963,394655.57805230527,4438783.4461478405,0.002887804327057271,0
actual,1745428231.7479424,394655.5780032628,4438783.446258405,0.0028784842688515896,0
actual,1745428231.8479967,394655.5779977515,4438783.446351182,0.0028927261555478697,0
actual,1745428231.9480138,394655.5789309345,4438783.444989642,0.002824413968624905,0
actual,1745428232.0479598,394655.5789280464,4438783.444938076,0.002857173798684721,0
actual,1745428232.1478999,394655.5789516113,4438783.444906288,0.002847975913526867,0
actual,1745428232.247936,394655.57896642573,4438783.444880681,0.0028719567374492416,0
actual,1745428232.3478882,394655.57902149804,4438783.444860278,0.0028767389395995373,0
actual,1745428232.4479637,394655.5790999766,4438783.444812205,0.0029350678432012492,0
actual,1745428232.5479665,394655.5798575843,4438783.446034303,0.0028462480375672904,0
actual,1745428232.648005,394655.57997527893,4438783.4460964985,0.002895256882963321,0
actual,1745428232.7479737,394655.580112327,4438783.446181219,0.002938663221460457,0
actual,1745428232.847944,394655.5802099508,4438783.446279746,0.0029581061893276944,0
actual,1745428232.9478655,394655.5789028024,4438783.446610632,0.0028261418445842336,0
actual,1745428233.0479295,394655.5788239274,4438783.446726987,0.002849441990098561,0
actual,1745428233.1479616,394655.5787747851,4438783.44681139,0.0028678203071220414,0
actual,1745428233.2479608,394655.57870967104,4438783.446922423,0.0028848721739138826,0
actual,1745428233.347961,394655.57865437225,4438783.447029823,0.00288792650010485,0
actual,1745428233.4479945,394655.57963934983,4438783.446756169,0.002818689288678432,0
actual,1745428233.5480416,394655.57971255144,4438783.446715779,0.0028378704571577866,0
actual,1745428233.647975,394655.57978531555,4438783.4466645075,0.002838271882885724,0
actual,1745428233.7478821,394655.57985287916,4438783.446570899,0.0028410644096888093,0
actual,1745428233.8479805,394655.5799333857,4438783.446458146,0.0028453230130638368,0
actual,1745428233.9479408,394655.57965839864,4438783.446678685,0.002810172081928625,0
actual,1745428234.0479307,394655.5796627234,4438783.446674461,0.00282041716463776,0
actual,1745428234.147931,394655.579715528,4438783.446624971,0.0028410644096888093,0
actual,1745428234.247956,394655.5797776671,4438783.446578237,0.0028816782213828603,0
actual,1745428234.3479629,394655.57981458836,4438783.4465343375,0.002898049409766406,0
actual,1745428234.4479685,394655.579831389,4438783.446411212,0.0029493097298975294,0
actual,1745428234.5479362,394655.57877687796,4438783.446276887,0.0028517109181261297,0
actual,1745428234.647936,394655.5787383748,4438783.44617522,0.002848115539866922,0
actual,1745428234.7479367,394655.57873672695,4438783.4460780835,0.0028182878629502465,0
actual,1745428234.8479624,394655.57866411353,4438783.446000126,0.002857173798684721,0
actual,1745428234.9479363,394655.57725296833,4438783.4470114065,0.002808304579628994,0
actual,1745428235.0479553,394655.57717017335,4438783.447039237,0.002810032455588322,0
actual,1745428235.1479821,394655.5770944385,4438783.44707,0.002826682896652474,0
actual,1745428235.2479494,394655.57700830617,4438783.447136282,0.0027965934203481643,0
actual,1745428235.3479717,394655.57698692544,4438783.447153584,0.002817624637834675,0
actual,1745428235.4479418,394655.57671969093,4438783.4472106965,0.0028106956807041417,0
actual,1745428235.5479605,394655.57666534523,4438783.447225152,0.0028322679502588927,0
actual,1745428235.6479585,394655.57661704184,4438783.447245402,0.0028397205061649424,0
actual,1745428235.747952,394655.5765862196,4438783.447235236,0.002852251970194122,0
actual,1745428235.8479433,394655.57648864284,4438783.447136815,0.002882603245886314,0
actual,1745428235.9479327,394655.57652739173,4438783.447333938,0.002810172081928625,0
actual,1745428236.047963,394655.5764944082,4438783.447414305,0.0028029813254104577,0
actual,1745428236.1479306,394655.5764688025,4438783.4473854005,0.0028272064954279904,0
actual,1745428236.2479699,394655.576442429,4438783.447317385,0.0028562487741812673,0
actual,1745428236.3479378,394655.5764319041,4438783.447340607,0.002868361359190034,0
actual,1745428236.4480047,394655.576407969,4438783.44735285,0.0028792696670149882,0
actual,1745428236.5479493,394655.5767200344,4438783.446949028,0.0028092296041324475,0
actual,1745428236.6479769,394655.57669300644,4438783.446904802,0.002868221732849979,0
actual,1745428236.74795,394655.57658407214,4438783.446859931,0.0028844707481859456,0
actual,1745428236.8480237,394655.57641714683,4438783.446837668,0.0028908586532482385,0
actual,1745428236.9479678,394655.5761955984,4438783.4473770615,0.0027459788720401368,0
actual,1745428237.0479348,394655.57635815407,4438783.44739329,0.0027688950451190027,0
actual,1745428237.147931,394655.57652406,4438783.447479129,0.0027567650068175123,0
actual,1745428237.2479537,394655.57656517567,4438783.44753468,0.002755298930245818,0
actual,1745428237.3479724,394655.5766165479,4438783.447493593,0.0027991241477633676,0
actual,1745428237.448004,394655.57701209025,4438783.446887161,0.002817485011494372,0
actual,1745428237.5479507,394655.5771025119,4438783.44689,0.002810172081928625,0
actual,1745428237.6479642,394655.57710937323,4438783.446738004,0.0028706128339251267,0
actual,1745428237.7479327,394655.5771335382,4438783.446797817,0.00288913077728891,0
actual,1745428237.8479307,394655.5771488101,4438783.446882752,0.0029115058982992874,0
actual,1745428237.9479349,394655.57983488054,4438783.446600144,0.002923478856967999,0
actual,1745428238.04796,394655.5802840765,4438783.446544639,0.0030109722123705667,0
actual,1745428238.1479342,394655.5808485226,4438783.446672077,0.0029953864221501716,0
actual,1745428238.2479794,394655.58158963174,4438783.446712069,0.0029798180852225,0
actual,1745428238.3479846,394655.5823326107,4438783.446768207,0.0029830120377535227,0
actual,1745428238.447938,394655.58301848115,4438783.446839666,0.0029751580561195356,0
actual,1745428238.5480013,394655.5790911795,4438783.446144496,0.0028196143131818856,0
actual,1745428238.6479769,394655.57908617845,4438783.446122762,0.0028365265536336717,0
actual,1745428238.7479904,394655.57905377337,4438783.446044967,0.0028639631294749513,0
actual,1745428238.8479424,394655.57908359123,4438783.44592178,0.0028599663254880543,0
actual,1745428238.947973,394655.58029695123,4438783.445228906,0.0027732758215413614,0
actual,1745428239.0480292,394655.5802681534,4438783.445158946,0.002813767460187585,0
actual,1745428239.147999,394655.5801836805,4438783.445103718,0.002787395535190062,0
actual,1745428239.2479572,394655.58020524064,4438783.444963544,0.0028569119992970867,0
actual,1745428239.3479767,394655.5803010708,4438783.444932262,0.002878606441899169,0
actual,1745428239.4479458,394655.57880913955,4438783.444842102,0.0027810076301277692,0
actual,1745428239.5479376,394655.57862621534,4438783.444681181,0.0028230875183932664,0
actual,1745428239.6479313,394655.5785029204,4438783.44458113,0.0028752903163205674,0
actual,1745428239.7479315,394655.57838887477,4438783.444491045,0.0029076312673599696,0
actual,1745428239.847997,394655.57828823524,4438783.44442046,0.0029446497007948125,0
actual,1745428239.947954,394655.57780739845,4438783.446841247,0.002865691005434528,0
actual,1745428240.0479481,394655.5776319471,4438783.4470123155,0.0028352001034022806,0
actual,1745428240.1481318,394655.57744131715,4438783.447105332,0.0028856750253697574,0
actual,1745428240.2479408,394655.5772071765,4438783.44733682,0.0028513094923981923,0
actual,1745428240.3479733,394655.5769934532,4438783.447490328,0.0028694260100337906,0
actual,1745428240.4479327,394655.5767962272,4438783.447624113,0.002928138886070964,0
actual,1745428240.5479352,394655.5787333555,4438783.446427015,0.002826682896652474,0
actual,1745428240.647992,394655.57899984834,4438783.446410217,0.0029037740897131276,0
actual,1745428240.7479436,394655.5792438017,4438783.446482539,0.002837992630205366,0
actual,1745428240.8479767,394655.5794571269,4438783.44642015,0.002877943216783597,0
actual,1745428240.9479458,394655.57860203664,4438783.448105539,0.0027904673146735056,0
actual,1745428241.0479631,394655.5784576592,4438783.44820815,0.0028109749333845,0
actual,1745428241.1479344,394655.57822454546,4438783.448331009,0.002831744351483128,0
actual,1745428241.2479515,394655.57801571564,4438783.448415898,0.0028229478920532114,0
actual,1745428241.347932,394655.5777859243,4438783.4484691,0.0029332003409016177,0
actual,1745428241.4479308,394655.58036944125,4438783.446851375,0.0027381248904061496,0
actual,1745428241.548009,394655.5806206714,4438783.446648565,0.00279512734377647,0
actual,1745428241.647963,394655.5807737115,4438783.446535326,0.002733726660691315,0
actual,1745428241.7479384,394655.5809013047,4438783.446333402,0.0028149542840791688,0
actual,1745428241.8479702,394655.581004936,4438783.446278434,0.0028333326011026495,0
actual,1745428241.947936,394655.57879903563,4438783.445533065,0.0027188215488792153,0
actual,1745428242.0479586,394655.5787393474,4438783.44533037,0.002784341208999095,0
actual,1745428242.147905,394655.5787842189,4438783.445187708,0.0027735550742217195,0
actual,1745428242.2479334,394655.5788361973,4438783.445010354,0.002845724438791774,0
actual,1745428242.347964,394655.5788353996,4438783.444871962,0.002852251970194122,0
actual,1745428242.447937,394655.5787765968,4438783.444651094,0.0028961819074667747,0
actual,1745428242.5479562,394655.57926684694,4438783.4450648315,0.0028184274892905496,0
actual,1745428242.6479318,394655.57918444136,4438783.44502762,0.00285850024891636,0
actual,1745428242.7479324,394655.57918190944,4438783.445023469,0.0028346765046265163,0
actual,1745428242.8479483,394655.57916960504,4438783.445030569,0.0028321457772113134,0
actual,1745428242.9479842,394655.5787664401,4438783.4442157075,0.0028197539395219406,0
actual,1745428243.0479748,394655.57884086773,4438783.44410022,0.00283945870677706,0
actual,1745428243.1479588,394655.57907377544,4438783.444106747,0.0028374690314298496,0
actual,1745428243.2479455,394655.5792876254,4438783.444070108,0.002861973454127741,0
actual,1745428243.347959,394655.57934091566,4438783.443981322,0.0028909982795885416,0
actual,1745428243.4479396,394655.5804947359,4438783.445947515,0.002864888153978653,0
actual,1745428243.5479639,394655.5806382238,4438783.445886203,0.0029566401127560002,0
actual,1745428243.6479738,394655.5809464969,4438783.446029948,0.002947721480278256,0
actual,1745428243.7479367,394655.5812221803,4438783.446245237,0.0029153630759463775,0
actual,1745428243.847937,394655.5814983901,4438783.446381306,0.0029302681877582293,0
actual,1745428243.9479876,394655.5818213753,4438783.446892618,0.0028260196715366543,0
actual,1745428244.047968,394655.58182229975,4438783.446998279,0.002871153885993367,0
actual,1745428244.1479678,394655.58178817,4438783.447067352,0.002899114060610163,0
actual,1745428244.2479658,394655.5817474773,4438783.4471806865,0.0029186966548177032,0
actual,1745428244.3479707,394655.58178062236,4438783.44727044,0.0029407925231477224,0
actual,1745428244.4479692,394655.58198791754,4438783.446251269,0.0028001887986071243,0
actual,1745428244.5478508,394655.58199184865,4438783.446231204,0.002826543270312419,0
actual,1745428244.6479707,394655.581982757,4438783.446267252,0.002812161757275836,0
actual,1745428244.7479615,394655.5820176782,4438783.446248114,0.002863561703747014,0
actual,1745428244.8479788,394655.5820913963,4438783.446236002,0.00283945870677706,0
actual,1745428244.9479585,394655.5829075814,4438783.446928085,0.0028043077756418487,0
actual,1745428245.047936,394655.5828602774,4438783.447092883,0.0027537106806265446,0
actual,1745428245.147932,394655.5826801682,4438783.447095541,0.002761826461648414,0
actual,1745428245.2479348,394655.5824954963,4438783.447090369,0.0027891234111496388,0
actual,1745428245.34793,394655.58240058384,4438783.447296084,0.0027269373299010848,0
actual,1745428245.4480023,394655.582246799,4438783.446354581,0.0028149542840791688,0
actual,1745428245.547982,394655.58230026637,4438783.446202497,0.0028391969073891777,0
actual,1745428245.6482549,394655.58238292707,4438783.446145788,0.002864504181543192,0
actual,1745428245.748029,394655.58247401024,4438783.446083342,0.0029115058982992874,0
actual,1745428245.8480012,394655.582524929,4438783.446056774,0.002895658308691258,0
actual,1745428245.9479718,394655.5820526842,4438783.445397762,0.0028197539395219406,0
actual,1745428246.0479617,394655.582004495,4438783.445357522,0.00282455359496496,0
actual,1745428246.1479301,394655.58200847404,4438783.445322632,0.002828009346883865,0
actual,1745428246.2480092,394655.58205036237,4438783.445241647,0.0028771403653277228,0
actual,1745428246.3480082,394655.5821635165,4438783.445194865,0.0029077708937000246,0
actual,1745428246.4479778,394655.58226477954,4438783.445182043,0.002948925757462068,0
actual,1745428246.5479543,394655.5813752862,4438783.444611214,0.0028566327466167285,0
actual,1745428246.6479623,394655.5813020106,4438783.444542209,0.0029024476394814884,0
actual,1745428246.7480686,394655.5812021268,4438783.444377284,0.002992052843278846,0
actual,1745428246.8480046,394655.581114896,4438783.444273293,0.0030170983180449777,0
actual,1745428246.9479337,394655.5834426364,4438783.442512859,0.0028518505444661848,0
actual,1745428247.047971,394655.5835803334,4438783.442425432,0.0028360029548581554,0
actual,1745428247.1478922,394655.5835901333,4438783.442436697,0.002834135452558524,0
actual,1745428247.247953,394655.58344701544,4438783.442296496,0.0028654292060466455,0
actual,1745428247.347983,394655.58326098265,4438783.442143788,0.0028985904618346464,0
actual,1745428247.4478872,394655.58346827165,4438783.443460784,0.0028336118537827595,0
actual,1745428247.547933,394655.58338417957,4438783.443712959,0.002790065888945568,0
actual,1745428247.64796,394655.58326925803,4438783.44399996,0.0027776740512564435,0
actual,1745428247.7479348,394655.58312653727,4438783.444294667,0.0027393291675902095,0
actual,1745428247.848001,394655.5830216451,4438783.44465115,0.002733342688255854,0
actual,1745428247.9479969,394655.58183761523,4438783.444638786,0.0027852662335025487,0
actual,1745428248.0479817,394655.58170038706,4438783.444685554,0.0028142910589633494,0
actual,1745428248.1479506,394655.581575006,4438783.444605241,0.0029248227604921143,0
actual,1745428248.247968,394655.5815613157,4438783.444549511,0.002977950582922869,0
actual,1745428248.3479292,394655.58162340074,4438783.444766777,0.002950252207693707,0
actual,1745428248.4479344,394655.5817025105,4438783.44484729,0.003037204511028034,0
actual,1745428248.5479603,394655.582234613,4438783.444171162,0.002857034172344666,0
actual,1745428248.6479318,394655.5823131277,4438783.444062294,0.0029071076685844533,0
actual,1745428248.7478485,394655.5823265626,4438783.443883121,0.0029090973439316638,0
actual,1745428248.8479419,394655.58231430704,4438783.443860707,0.002939605699256387,0
actual,1745428248.9479344,394655.58106452576,4438783.444843817,0.0027615646622605318,0
actual,1745428249.047929,394655.5808813289,4438783.444678178,0.002841588008464574,0
actual,1745428249.147941,394655.5807313361,4438783.4445472015,0.0028901954281324188,0
actual,1745428249.24793,394655.5806768702,4438783.4445145065,0.0028985904618346464,0
actual,1745428249.3479292,394655.58069261257,4438783.4444529405,0.002924944933539693,0
actual,1745428249.447937,394655.5815495281,4438783.4456777135,0.002780745830739887,0
actual,1745428249.5479436,394655.5816022028,4438783.445738806,0.0028056342258734874,0
actual,1745428249.6479454,394655.5816129819,4438783.445798145,0.0027876573345779446,0
actual,1745428249.747979,394655.5816110454,4438783.445776733,0.0028529151953099415,0
actual,1745428249.847936,394655.5816724398,4438783.445831462,0.0028397205061649424,0
actual,1745428249.9479692,394655.579749753,4438783.446398397,0.002820015738909823,0
actual,1745428250.0479288,394655.5797228345,4438783.446440833,0.0028132264081195926,0
actual,1745428250.147941,394655.5796893259,4438783.446485518,0.0028033827511383946,0
actual,1745428250.2479348,394655.57961120334,4438783.446550313,0.002818026063562612,0
actual,1745428250.3479376,394655.5794716539,4438783.446649161,0.0028236111171690307,0
actual,1745428250.4479542,394655.57932325697,4438783.44673011,0.0028638235031348963,0
actual,1745428250.5479386,394655.58060351736,4438783.446525052,0.0028527755689698865,0
actual,1745428250.6479685,394655.5807062727,4438783.446743476,0.002830400447959261,0
actual,1745428250.7479305,394655.5807954273,4438783.446917857,0.0028242743422846025,0
actual,1745428250.847962,394655.5808729315,4438783.446886168,0.0028337340268305864,0
actual,1745428250.947937,394655.57891121664,4438783.447499483,0.0029422585997194166,0
actual,1745428251.0479324,394655.5787885173,4438783.447779059,0.0028871411019414516,0
actual,1745428251.1479414,394655.5787384455,4438783.447931011,0.0030045843073082737,0
actual,1745428251.2479348,394655.578750056,4438783.448297084,0.00296409266866205,0
actual,1745428251.3479316,394655.57870417216,4438783.448620246,0.00300990756152681,0
actual,1745428251.4479568,394655.58097187476,4438783.447891928,0.002846649463295228,0
actual,1745428251.547933,394655.58091961185,4438783.448000626,0.0028514491187382474,0
actual,1745428251.6479595,394655.5808336587,4438783.448222296,0.0028875250743769128,0
actual,1745428251.7479455,394655.5807629028,4438783.448363619,0.0028607691769439287,0
actual,1745428251.8480213,394655.58073527477,4438783.448371925,0.0029423982260597197,0
actual,1745428251.9478595,394655.578793896,4438783.447243784,0.002784341208999095,0
actual,1745428252.048052,394655.5787437903,4438783.447343244,0.002849180190710679,0
actual,1745428252.14795,394655.5787219802,4438783.447436934,0.0028320061508710103,0
actual,1745428252.2480035,394655.57867276086,4438783.447433259,0.002886460423533156,0
actual,1745428252.3479674,394655.57861705846,4438783.447495989,0.0029124309228029895,0
actual,1745428252.447933,394655.5786150581,4438783.447618803,0.0029378603700045826,0
actual,1745428252.5479367,394655.5800171554,4438783.445572262,0.0028383940559333033,0
actual,1745428252.6479337,394655.58036654687,4438783.4455001075,0.002852112343854067,0
actual,1745428252.7479746,394655.58066943195,4438783.445444583,0.002852251970194122,0
actual,1745428252.8479576,394655.58090192394,4438783.445365596,0.002840662983960872,0
actual,1745428252.9479547,394655.5807596908,4438783.446721991,0.0028172232121067378,0
actual,1745428253.0480847,394655.58074536547,4438783.446853305,0.0028069781293973547,0
actual,1745428253.1479342,394655.5806272202,4438783.446975732,0.002828009346883865,0
actual,1745428253.2479389,394655.5804176545,4438783.447150616,0.0028447819609955963,0
actual,1745428253.3479333,394655.5802832347,4438783.447298886,0.0028339958262182208,0
actual,1745428253.4479327,394655.5813211717,4438783.446765999,0.002854782697609573,0
actual,1745428253.5480099,394655.5816581409,4438783.4468276175,0.0028474523147511022,0
actual,1745428253.6479414,394655.5822103179,4438783.446853665,0.0028819400207704946,0
actual,1745428253.7479863,394655.58286076714,4438783.446946914,0.00287008923514961,0
actual,1745428253.8479562,394655.5832944537,4438783.4471061425,0.002846125864519711,0
actual,1745428253.9478526,394655.58319507603,4438783.44560392,0.002784201582658792,0
actual,1745428254.047935,394655.582830666,4438783.445505445,0.0029012433622976766,0
actual,1745428254.1479318,394655.5828995801,4438783.4453792805,0.002905641592012759,0
actual,1745428254.24793,394655.5833854409,4438783.445485896,0.0028815385950425572,0
actual,1745428254.3479407,394655.58366028976,4438783.445700771,0.0028411865827366366,0
actual,1745428254.4479878,394655.5837853521,4438783.445651483,0.0029483847053940757,0
actual,1745428254.547977,394655.57780641114,4438783.447207975,0.002915223449606075,0
actual,1745428254.6479363,394655.5772710567,4438783.44764129,0.002890335054472722,0
actual,1745428254.7479377,394655.5765632306,4438783.447994563,0.002920564157117335,0
actual,1745428254.8479342,394655.5757370794,4438783.448251963,0.002985664938216553,0
actual,1745428254.947932,394655.5807751785,4438783.445516419,0.0028236111171690307,0
actual,1745428255.0479333,394655.580694188,4438783.445575134,0.0028080427802411115,0
actual,1745428255.1479971,394655.58056466933,4438783.445495337,0.002878606441899169,0
actual,1745428255.2479715,394655.58053344383,4438783.445610197,0.0028517109181261297,0
actual,1745428255.3479588,394655.5805731507,4438783.4457209725,0.002883929696117953,0
actual,1745428255.447967,394655.58002930065,4438783.445959409,0.0027928584157489015,0
actual,1745428255.5479631,394655.5799645542,4438783.445974712,0.002815093910419224,0
actual,1745428255.6478631,394655.57985210937,4438783.44599501,0.002845846611839353,0
actual,1745428255.7479374,394655.5797817382,4438783.445996469,0.002838271882885724,0
actual,1745428255.8484423,394655.57970545546,4438783.44600255,0.0028846103745262487,0
actual,1745428255.9481378,394655.57962531067,4438783.446024225,0.0028566327466167285,0
actual,1745428256.048245,394655.578391742,4438783.446683076,0.002854503444929215,0
actual,1745428256.1479352,394655.5783496785,4438783.446766753,0.002792195190633082,0
actual,1745428256.2479317,394655.5782911916,4438783.44676702,0.002870892086605485,0
actual,1745428256.348172,394655.5783201105,4438783.446835309,0.0028234889441212034,0
actual,1745428256.4479656,394655.5783572279,4438783.446868225,0.0029190980805456406,0
actual,1745428256.5479317,394655.57845709805,4438783.448225614,0.0028282711462717476,0
actual,1745428256.647932,394655.5784528794,4438783.448254731,0.0028908586532482385,0
actual,1745428256.7479744,394655.5783663271,4438783.448443586,0.0028860589978052186,0
actual,1745428256.8479495,394655.57830039173,4438783.448608557,0.0028900558017923637,0
actual,1745428256.9479573,394655.57734798576,4438783.447829531,0.0029558372613001254,0
actual,1745428257.0479343,394655.5772564305,4438783.447841135,0.0028911204526361205,0
actual,1745428257.148022,394655.5771768632,4438783.447892194,0.002993798172530898,0
actual,1745428257.2479353,394655.577111401,4438783.448022517,0.002890335054472722,0
actual,1745428257.347957,394655.5770811687,4438783.447840408,0.0030951319889018086,0
actual,1745428257.4479675,394655.57957390987,4438783.447198536,0.003034673783612583,0
actual,1745428257.5479658,394655.5800040463,4438783.447126209,0.003157841668925879,0
actual,1745428257.6479504,394655.58035278146,4438783.447170552,0.003132412221724286,0
actual,1745428257.7479537,394655.5808479823,4438783.447072774,0.0031565152186942397,0
actual,1745428257.8479414,394655.5814356272,4438783.447214919,0.0031812814407802615,0
actual,1745428257.948146,394655.57874195045,4438783.447059032,0.0030748861695784487,0
actual,1745428258.0480156,394655.5788474876,4438783.446841962,0.003232803560299019,0
actual,1745428258.1479452,394655.5788647433,4438783.446984347,0.003036942711640152,0
actual,1745428258.247939,394655.578619182,4438783.44688491,0.0031746142830376104,0
actual,1745428258.3479915,394655.5781162761,4438783.446988374,0.0030812740746409897,0
actual,1745428258.4479656,394655.57784035447,4438783.447738796,0.0031943365035849575,0
actual,1745428258.547948,394655.57747475314,4438783.447915854,0.003219504151398916,0
actual,1745428258.6479867,394655.5774160706,4438783.448124178,0.0032109694913566335,0
actual,1745428258.7479296,394655.57758451195,4438783.448377211,0.0032654412173112554,0
actual,1745428258.8479311,394655.57799379504,4438783.448774198,0.003224425979889515,0
actual,1745428258.9479373,394655.57780414,4438783.4463935485,0.0033718364885128196,0
actual,1745428259.0479393,394655.57834331784,4438783.446440011,0.0032706248451897365,0
actual,1745428259.147997,394655.5789382296,4438783.446379081,0.003376758317003419,0
actual,1745428259.2479644,394655.57951434545,4438783.446499345,0.0032947278421596904,0
actual,1745428259.3479455,394655.57994340616,4438783.446507383,0.003336266678357195,0
actual,1745428259.447947,394655.5802227772,4438783.447360389,0.0033257597962601778,0
actual,1745428259.547877,394655.58029354893,4438783.447605999,0.0033092489815363287,0
actual,1745428259.6479683,394655.5801263631,4438783.447768619,0.0033700911592607673,0
actual,1745428259.747946,394655.57974784356,4438783.448088332,0.0032949896415475728,0
actual,1745428259.847979,394655.5794357203,4438783.448395313,0.0033702307856010704,0
actual,1745428259.9480162,394655.57896383136,4438783.447068105,0.0027559796086541136,0
actual,1745428260.0479493,394655.579007234,4438783.446874842,0.0028196143131818856,0
actual,1745428260.1479683,394655.5789770797,4438783.446822018,0.0028293357971155043,0
actual,1745428260.2479398,394655.5790383731,4438783.446861903,0.002837992630205366,0
actual,1745428260.3479383,394655.5791148218,4438783.446839734,0.0028410644096888093,0
actual,1745428260.4479346,394655.5789459597,4438783.446946111,0.0028563709472288466,0
actual,1745428260.547934,394655.5790575048,4438783.44711902,0.0028799503454232838,0
actual,1745428260.6479619,394655.5792802961,4438783.447300519,0.0028667556562782847,0
actual,1745428260.748038,394655.5796031547,4438783.447299107,0.0029069680422441502,0
actual,1745428260.847946,394655.57993255625,4438783.4474803135,0.002922292033076663,0
actual,1745428260.9479423,394655.57669516956,4438783.447271941,0.002840523357620817,0
actual,1745428261.0482032,394655.5765305442,4438783.447182085,0.002866232057502768,0
actual,1745428261.1479518,394655.5763882824,4438783.447159798,0.002919761305661212,0
actual,1745428261.2479684,394655.5762388423,4438783.447249747,0.0029318738906702266,0
actual,1745428261.3479319,394655.5760582072,4438783.447276933,0.002999924278205309,0
actual,1745428261.4479487,394655.5779287885,4438783.446996732,0.0027838001569308545,0
actual,1745428261.5480154,394655.57789020723,4438783.446970177,0.002824012542896968,0
actual,1745428261.6479535,394655.5777474317,4438783.446973613,0.002819090714406369,0
actual,1745428261.7479799,394655.5775389062,4438783.447001777,0.002842792285648386,0
actual,1745428261.8478842,394655.57724881574,4438783.446948852,0.0028857971984175843,0
actual,1745428261.947943,394655.5788180217,4438783.446348277,0.00282521682008078,0
actual,1745428262.047932,394655.57908937556,4438783.446457439,0.0027875351615301172,0
actual,1745428262.147963,394655.579388108,4438783.446414389,0.0028462480375672904,0
actual,1745428262.2479346,394655.5795704804,4438783.446419571,0.002869949608809307,0
actual,1745428262.347937,394655.5796568922,4438783.4464364275,0.0029381396226846926,0
actual,1745428262.4479396,394655.57986079017,4438783.446558794,0.0029672866211930726,0
actual,1745428262.5479567,394655.57992277027,4438783.446741954,0.0028451833867235337,0
actual,1745428262.6480565,394655.580093457,4438783.446742557,0.002931071039214352,0
actual,1745428262.7482362,394655.580389588,4438783.446819344,0.002932414942738219,0
actual,1745428262.8479393,394655.5808261925,4438783.446900655,0.002958909040783569,0
actual,1745428262.9479334,394655.57961309096,4438783.445862597,0.0027491728245714075,0
actual,1745428263.0479412,394655.57953583956,4438783.445699485,0.0028208185903656974,0
actual,1745428263.1479394,394655.5794614338,4438783.445717465,0.002812563183003773,0
actual,1745428263.247969,394655.57940985955,4438783.445786644,0.002789402663829749,0
actual,1745428263.3479853,394655.5792674572,4438783.445815846,0.0028019166745667005,0
actual,1745428263.4479382,394655.58006913995,4438783.446862468,0.002840802610301175,0
actual,1745428263.5479393,394655.58024068316,4438783.447049249,0.00280617527794148,0
actual,1745428263.6478646,394655.58037892345,4438783.44716091,0.002848255166207225,0
actual,1745428263.747936,394655.5804675737,4438783.447352862,0.0028832664710021333,0
actual,1745428263.847929,394655.5804913499,4438783.447565684,0.002887664700717216,0
actual,1745428263.9479017,394655.5791560806,4438783.447898529,0.002826682896652474,0
actual,1745428264.0479467,394655.5790213204,4438783.448007923,0.0028819400207704946,0
actual,1745428264.1479347,394655.5789305883,4438783.4481560765,0.0029125705491430446,0
actual,1745428264.2479646,394655.57887971774,4438783.44827294,0.002971423051520273,0
actual,1745428264.3479452,394655.5788500185,4438783.448436132,0.002996189273606046,0
actual,1745428264.4479654,394655.5788188968,4438783.448559631,0.003056769651942851,0
actual,1745428264.548233,394655.57969419763,4438783.446869755,0.002877803590443294,0
actual,1745428264.6479495,394655.57970461645,4438783.446763636,0.0029683512720368294,0
actual,1745428264.7479975,394655.579739857,4438783.446777717,0.002962905844770714,0
actual,1745428264.847952,394655.57979772193,4438783.446725733,0.0030108325860302636,0
actual,1745428264.9479797,394655.5772718399,4438783.447132993,0.00287075246026543,0
actual,1745428265.047967,394655.5769621038,4438783.44716573,0.002858639875256415,0
actual,1745428265.1479924,394655.57658779656,4438783.447150733,0.0029543711847284312,0
actual,1745428265.2479582,394655.5762191563,4438783.447305189,0.002849180190710679,0
actual,1745428265.3479621,394655.575854895,4438783.447292536,0.0029959274742184117,0
actual,1745428265.4479582,394655.5778068369,4438783.446661225,0.002742383493781177,0
actual,1745428265.548033,394655.577703557,4438783.4464144055,0.0028612927757194454,0
actual,1745428265.6479557,394655.57754112943,4438783.446433947,0.0028550444969974555,0
actual,1745428265.7479384,394655.5774132401,4438783.446392267,0.0028734228140209358,0
actual,1745428265.847936,394655.5772194081,4438783.446342631,0.002955174036184306,0
actual,1745428265.9480846,394655.5789176791,4438783.447047137,0.002852251970194122,0
actual,1745428266.0479202,394655.57897682325,4438783.44702851,0.0030679572124481633,0
actual,1745428266.1479268,394655.5791011852,4438783.44738487,0.0028893925766765444,0
actual,1745428266.2479355,394655.5792448316,4438783.447466138,0.003062494331889324,0
actual,1745428266.3479862,394655.57941304974,4438783.4477909515,0.0029356088952694893,0
actual,1745428266.448415,394655.5786185995,4438783.445687636,0.003025475898454729,0
actual,1745428266.5479395,394655.57861238974,4438783.445614268,0.0030269419750261753,0
actual,1745428266.6479354,394655.5786716407,4438783.445469504,0.0029868692154006128,0
actual,1745428266.747937,394655.57867039053,4438783.44521469,0.0031573180701503626,0
actual,1745428266.8479373,394655.5787710819,4438783.445246218,0.0029619633669745364,0
actual,1745428266.947934,394655.57685804705,4438783.447409484,0.0031739510579217906,0
actual,1745428267.0479348,394655.5765496469,4438783.44796345,0.0030493170960368006,0
actual,1745428267.1479828,394655.5762866823,4438783.448186429,0.003214163443887656,0
actual,1745428267.2479405,394655.5759683426,4438783.448726031,0.0031526580410473977,0
actual,1745428267.347934,394655.5756664261,4438783.449110262,0.003208979816009175,0
actual,1745428267.4479413,394655.5797486213,4438783.4485205775,0.0032550565082620653,0
actual,1745428267.5479312,394655.58024894376,4438783.448946759,0.003124820039478181,0
actual,1745428267.6479368,394655.5807074879,4438783.449236585,0.0032808873811913473,0
actual,1745428267.747929,394655.58121161663,4438783.449800254,0.0031176292829600133,0
actual,1745428267.847931,394655.58171208185,4438783.449989826,0.003310715058108023,0
actual,1745428267.9480224,394655.57778910594,4438783.4494981915,0.0031497258879040094,0
actual,1745428268.047962,394655.57751516625,4438783.4496198455,0.00336410467992666,0
actual,1745428268.1479702,394655.5772726443,4438783.449966781,0.003274883448564516,0
actual,1745428268.2479663,394655.5770385863,4438783.4501510495,0.0033305419984107215,0
actual,1745428268.3479776,394655.57667504693,4438783.450493312,0.003327086246491817,0
actual,1745428268.447964,394655.5792043971,4438783.44822207,0.003250658278546983,0
actual,1745428268.5479305,394655.5792158263,4438783.44792437,0.003408715295607608,0
actual,1745428268.6479833,394655.57938239234,4438783.447846366,0.0032466614745598377,0
actual,1745428268.7480168,394655.57957118563,4438783.447554086,0.0034538495100640723,0
actual,1745428268.8478818,394655.5797950573,4438783.447525776,0.0032851459845663748,0
actual,1745428268.9480174,394655.5805061276,4438783.4480778165,0.003449590906689293,0
actual,1745428269.0478973,394655.58081665076,4438783.448247736,0.0033650297044301135,0
actual,1745428269.1479297,394655.58105106273,4438783.448193497,0.003495527972601632,0
actual,1745428269.2479439,394655.5812505288,4438783.448262646,0.0035036612069159773,0
actual,1745428269.347927,394655.5815369051,4438783.4483765485,0.0034670441992090714,0
actual,1745428269.4479613,394655.5811782317,4438783.445969222,0.003593406037053638,0
actual,1745428269.547953,394655.5814301558,4438783.4457033025,0.0035077801839507017,0
actual,1745428269.647969,394655.58168725175,4438783.445320797,0.003672626531801557,0
actual,1745428269.7479591,394655.5819697042,4438783.445188733,0.0034923340200706094,0
actual,1745428269.8479397,394655.58220242814,4438783.444710506,0.0036796951152721453,0
actual,1745428269.947932,394655.58213696576,4438783.446435594,0.0035296142528930866,0
actual,1745428270.0479295,394655.58247901505,4438783.446379559,0.0036084507752057924,0
actual,1745428270.1479645,394655.5827709878,4438783.446448431,0.003573561643458463,0
actual,1745428270.2479627,394655.5830499345,4438783.446461838,0.00357822167256118,0
actual,1745428270.3479414,394655.58320884296,4438783.446459229,0.0036606535731328453,0
actual,1745428270.4479873,394655.58122886094,4438783.446222028,0.0027790005014880826,0
actual,1745428270.5479438,394655.58129081526,4438783.446143798,0.0029104412474557787,0
actual,1745428270.647972,394655.58141974034,4438783.44625847,0.0027940626929327133,0
actual,1745428270.747939,394655.58157831896,4438783.446163021,0.002934666417473312,0
actual,1745428270.8479688,394655.58171849523,4438783.446352509,0.0028208185903656974,0
actual,1745428270.947932,394655.58018361963,4438783.445545715,0.0028823414464984316,0
actual,1745428271.047933,394655.58010592626,4438783.445516396,0.0028590413009843526,0
actual,1745428271.1479318,394655.5800553948,4438783.445402355,0.0028642249288628337,0
actual,1745428271.2479393,394655.57990387763,4438783.445330149,0.0028925865292078147,0
actual,1745428271.3478858,394655.5797609849,4438783.445272674,0.002859704526100172,0
actual,1745428271.4479299,394655.5793978292,4438783.44574335,0.002925608158655513,0
actual,1745428271.5479312,394655.5793198837,4438783.445956985,0.0028285503989521053,0
actual,1745428271.6479287,394655.5792477198,4438783.445975408,0.0029980567759056776,0
actual,1745428271.7479901,394655.57921493927,4438783.446282771,0.002872358163177179,0
actual,1745428271.8479788,394655.5791495785,4438783.446340831,0.0030109722123705667,0
actual,1745428271.948221,394655.5783753303,4438783.447876714,0.0028068385030572997,0
actual,1745428272.047953,394655.57816841354,4438783.448138655,0.002821743614869399,0
actual,1745428272.147943,394655.5779135903,4438783.44835869,0.002840401184573238,0
actual,1745428272.2479324,394655.5776768008,4438783.448666859,0.002865830631774583,0
actual,1745428272.347936,394655.57742437196,4438783.44904035,0.002895658308691258,0
actual,1745428272.447931,394655.5773066649,4438783.44941754,0.0028948554572353837,0
actual,1745428272.547993,394655.57908443536,4438783.447265781,0.002820556790978063,0
actual,1745428272.6479464,394655.5791440697,4438783.447302424,0.0028033827511383946,0
actual,1745428272.747987,394655.5791735138,4438783.447289992,0.0028767389395995373,0
actual,1745428272.847984,394655.57916574844,4438783.447413459,0.002861030976331811,0
actual,1745428272.9479444,394655.57880144066,4438783.448782676,0.002793382014524418,0
actual,1745428273.0483432,394655.57890244917,4438783.448838823,0.0028438569364921426,0
actual,1745428273.1479728,394655.5789388574,4438783.44893688,0.002873824239748873,0
actual,1745428273.2479284,394655.5790253712,4438783.449104965,0.0028639631294749513,0
actual,1745428273.347962,394655.5790888126,4438783.4492149,0.002896984758922897,0
actual,1745428273.447962,394655.5790497982,4438783.448255197,0.0027764872273651074,0
actual,1745428273.5479715,394655.5792022877,4438783.448214058,0.002785667659230486,0
actual,1745428273.6483383,394655.5793803347,4438783.448166581,0.002818689288678432,0
actual,1745428273.7478878,394655.5796583221,4438783.448113042,0.0028796710927429256,0
actual,1745428273.848093,394655.5798658688,4438783.448093356,0.002899253686950466,0
actual,1745428273.9479575,394655.57962653064,4438783.449419885,0.0028230875183932664,0
actual,1745428274.047938,394655.5793839282,4438783.449559496,0.0028553062963850894,0
actual,1745428274.1479297,394655.57910853036,4438783.449714714,0.002875412489368146,0
actual,1745428274.2479248,394655.57892970066,4438783.449927288,0.0028880661264451533,0
actual,1745428274.348009,394655.5787371228,4438783.4502028655,0.002877681417395715,0
actual,1745428274.4479806,394655.5785032939,4438783.450484515,0.0029229552581924827,0
actual,1745428274.5479708,394655.57973246736,4438783.448309148,0.002862357426563202,0
actual,1745428274.6481864,394655.5799493968,4438783.448286235,0.002894192232119564,0
actual,1745428274.7479317,394655.58024492743,4438783.448260785,0.002939989671691848,0
actual,1745428274.8479314,394655.5806148211,4438783.448292984,0.0029535857865650326,0
actual,1745428274.9479296,394655.5776969936,4438783.447689401,0.0028019166745667005,0
actual,1745428275.047958,394655.57757279335,4438783.447732503,0.0028197539395219406,0
actual,1745428275.1480443,394655.57734952564,4438783.447672482,0.002855969521500909,0
actual,1745428275.247953,394655.5770623906,4438783.447631073,0.0029320135170102816,0
actual,1745428275.347944,394655.57672237296,4438783.447741446,0.0029305474404385874,0
actual,1745428275.4479702,394655.57837117766,4438783.44702024,0.0028016374218863423,0
actual,1745428275.5482662,394655.57836241054,4438783.446942536,0.0028015152488387635,0
actual,1745428275.6479294,394655.57837927283,4438783.447009911,0.002801253449450881,0
actual,1745428275.7479312,394655.57840982475,4438783.447111414,0.002812301383616139,0
actual,1745428275.847927,394655.5784939843,4438783.4470540695,0.002876215340824021,0
actual,1745428275.9479554,394655.57699175744,4438783.446579117,0.002841867261144684,0
actual,1745428276.047945,394655.57693370886,4438783.446767642,0.002834397251946158,0
actual,1745428276.147968,394655.57683402556,4438783.446831239,0.0028630381049714977,0
actual,1745428276.2479317,394655.5766912277,4438783.44697064,0.002857034172344666,0
actual,1745428276.3479319,394655.5764752042,4438783.447131064,0.0028589016746442975,0
actual,1745428276.4479268,394655.5769493614,4438783.446129237,0.002831465098803018,0
actual,1745428276.5479317,394655.5771088721,4438783.446077221,0.002867558507734159,0
actual,1745428276.6479383,394655.57732086274,4438783.446164328,0.002867296708346277,0
actual,1745428276.7479475,394655.5775282999,4438783.446145655,0.0028743478385243894,0
actual,1745428276.8479486,394655.57777014,4438783.446156599,0.0028513094923981923,0
actual,1745428276.9480438,394655.5770177675,4438783.446390398,0.002826543270312419,0
actual,1745428277.047971,394655.57698943815,4438783.4464274,0.0028386558553211857,0
actual,1745428277.147933,394655.5769624935,4438783.446507229,0.0028690245843058532,0
actual,1745428277.2479596,394655.5769640132,4438783.446505278,0.0029077708937000246,0
actual,1745428277.3479316,394655.57694941503,4438783.4465687815,0.002900440510841802,0
actual,1745428277.4480815,394655.57788831566,4438783.446421216,0.0028501226685068563,0
actual,1745428277.547963,394655.5779816271,4438783.4463672945,0.002886460423533156,0
actual,1745428277.6479435,394655.57812224806,4438783.4464239655,0.0029186966548177032,0
actual,1745428277.747947,394655.5783601297,4438783.446579414,0.002925608158655513,0
actual,1745428277.8479545,394655.57867169357,4438783.446636461,0.0029566401127560002,0
actual,1745428277.9479597,394655.5781988629,4438783.445363193,0.002822686092665329,0
actual,1745428278.0479436,394655.57818029984,4438783.445425515,0.0027786165290526214,0
actual,1745428278.1480896,394655.57821278844,4438783.445389943,0.002812563183003773,0
actual,1745428278.2478967,394655.578258125,4438783.445394597,0.0028209582167060005,0
actual,1745428278.3484504,394655.5782685258,4438783.445446922,0.002816420360650615,0
actual,1745428278.4479673,394655.5782198857,4438783.445508685,0.0028345368782864613,0
actual,1745428278.5480268,394655.57970122405,4438783.444702616,0.0028029813254104577,0
actual,1745428278.6480353,394655.57954807754,4438783.444556703,0.002915886674721894,0
actual,1745428278.7479339,394655.5796687415,4438783.444579581,0.002890335054472722,0
actual,1745428278.8479743,394655.5798360279,4438783.4446453145,0.002908311945768265,0
actual,1745428278.947882,394655.5799965996,4438783.444650072,0.0029265506364516904,0
actual,1745428279.0479376,394655.58274114435,4438783.445029497,0.002816158561262981,0
actual,1745428279.148203,394655.58270092244,4438783.445056395,0.0028893925766765444,0
actual,1745428279.247987,394655.5828214023,4438783.445068518,0.0028784842688515896,0
actual,1745428279.348202,394655.58294387447,4438783.445039937,0.0028784842688515896,0
actual,1745428279.4479828,394655.58148788475,4438783.445864526,0.002867698134074214,0
actual,1745428279.5479667,394655.5813457115,4438783.446018197,0.0028260196715366543,0
actual,1745428279.647968,394655.5812853073,4438783.446007419,0.0028933893806636895,0
actual,1745428279.7480538,394655.5812676671,4438783.446364708,0.0028690245843058532,0
actual,1745428279.8479686,394655.5812754914,4438783.446594107,0.0028857971984175843,0
actual,1745428279.9483118,394655.5786719908,4438783.4458929105,0.00298341346348146,0
actual,1745428280.0479562,394655.5780642422,4438783.445922607,0.0029161659274022523,0
actual,1745428280.1479456,394655.5773771463,4438783.445873195,0.0030588989536303643,0
actual,1745428280.2480018,394655.57668755006,4438783.446069029,0.003006172556927547,0
actual,1745428280.3479416,394655.575747705,4438783.44606827,0.003071290791319489,0
actual,1745428280.4479327,394655.57856787305,4438783.447531297,0.002837591204477429,0
actual,1745428280.5479362,394655.57866710704,4438783.447793585,0.0028923247298199327,0
actual,1745428280.6479747,394655.5788415867,4438783.447990213,0.0028997772857259825,0
actual,1745428280.7480185,394655.57911706984,4438783.448374109,0.0028999169120660375,0
actual,1745428280.8480535,394655.5792666071,4438783.448664454,0.0028463876639075935,0
actual,1745428280.9478922,394655.5795493107,4438783.447896705,0.00277554474956893,0
actual,1745428281.047934,394655.5794417457,4438783.447903779,0.0028253389931283592,0
actual,1745428281.1479309,394655.5793261016,4438783.447980116,0.002796453794007861,0
actual,1745428281.24795,394655.57924455067,4438783.44798592,0.0028502448415544356,0
actual,1745428281.3479893,394655.57930651645,4438783.448063425,0.002817362838446793,0
actual,1745428281.4479318,394655.57901666086,4438783.447170322,0.0028815385950425572,0
actual,1745428281.5490031,394655.57909105124,4438783.447068398,0.0028831442979545545,0
actual,1745428281.6487215,394655.57911557716,4438783.446932597,0.002905501965672456,0
actual,1745428281.7479765,394655.5791998724,4438783.446829345,0.0029136351999868013,0
actual,1745428281.8479624,394655.57943012466,4438783.446654179,0.0029521197099933384,0
actual,1745428281.9479551,394655.5781785716,4438783.4470083285,0.002812702809344076,0
actual,1745428282.04795,394655.57806995953,4438783.446951279,0.0027792797541681927,0
actual,1745428282.1479316,394655.577976509,4438783.446917974,0.0028230875183932664,0
actual,1745428282.2479305,394655.5778050413,4438783.447071268,0.002789263037489694,0
actual,1745428282.3479688,394655.5775737916,4438783.447094611,0.0028310811263675567,0
actual,1745428282.447945,394655.5773955374,4438783.447204165,0.002834397251946158,0
actual,1745428282.5479724,394655.5801521101,4438783.44648659,0.00283945870677706,0
actual,1745428282.647939,394655.58030527417,4438783.44658614,0.00285850024891636,0
actual,1745428282.7479393,394655.58046198497,4438783.446693392,0.0029045769411690024,0
actual,1745428282.8479638,394655.5806245887,4438783.446857758,0.0029469186288223815,0
actual,1745428282.9478323,394655.5796452214,4438783.446087329,0.00284359513710426,0
actual,1745428283.0479324,394655.57968195813,4438783.446082771,0.0028861986241455217,0
actual,1745428283.14822,394655.5797087034,4438783.4461756665,0.002905641592012759,0
actual,1745428283.2479768,394655.5797405031,4438783.446272513,0.002914699850830558,0
actual,1745428283.3479855,394655.5797641649,4438783.4463569345,0.0029445275277472337,0
actual,1745428283.4479735,394655.5804997462,4438783.445864272,0.002808444205969049,0
actual,1745428283.5484054,394655.5806427404,4438783.445930609,0.002821743614869399,0
actual,1745428283.647931,394655.5807035293,4438783.446139764,0.0028106956807041417,0
actual,1745428283.7479584,394655.58061394776,4438783.446227614,0.0028015152488387635,0
actual,1745428283.8479278,394655.5807911272,4438783.446181789,0.0028667556562782847,0
actual,1745428283.9479585,394655.5790550759,4438783.446606493,0.002792195190633082,0
actual,1745428284.04794,394655.5789105222,4438783.446710478,0.0027863308843463054,0
actual,1745428284.1479456,394655.57875349483,4438783.446642512,0.0028104338813165074,0
actual,1745428284.2479339,394655.5785383325,4438783.4468272,0.0028630381049714977,0
actual,1745428284.3479528,394655.5782797512,4438783.446852315,0.002846125864519711,0
actual,1745428284.447961,394655.5798802137,4438783.447097862,0.0028233493177811484,0
actual,1745428284.547927,394655.58018897625,4438783.4473870825,0.002834135452558524,0
actual,1745428284.6479242,394655.5803863233,4438783.447535047,0.002853840219813395,0
actual,1745428284.7479277,394655.5804487233,4438783.4476658255,0.0029112266456191773,0
actual,1745428284.8482194,394655.58048771584,4438783.447818571,0.002896984758922897,0
actual,1745428284.94795,394655.578076671,4438783.447374093,0.0028756742887560286,0
actual,1745428285.0479398,394655.57785198576,4438783.447409972,0.00287008923514961,0
actual,1745428285.1479394,394655.57773514563,4438783.447388041,0.0029099001953875386,0
actual,1745428285.247927,394655.57765806414,4438783.447443602,0.002914560224490255,0
actual,1745428285.3479393,394655.5775762652,4438783.447481368,0.0029446497007948125,0
actual,1745428285.448168,394655.57937097544,4438783.4474652605,0.0028502448415544356,0
actual,1745428285.547948,394655.57939300657,4438783.447599785,0.002818549662338129,0
actual,1745428285.6479425,394655.5793512085,4438783.44767236,0.002880212144811166,0
actual,1745428285.7479334,394655.5793003594,4438783.447816303,0.00286954818308137,0
actual,1745428285.8479397,394655.5792687951,4438783.447902556,0.0028949950835754387,0
actual,1745428285.9479337,394655.5789781132,4438783.448367278,0.002784463382046674,0
actual,1745428286.0479352,394655.5789693855,4438783.448374861,0.002833070801714767,0
actual,1745428286.1479278,394655.57903642685,4438783.448400994,0.00288113716931462,0
actual,1745428286.2479424,394655.57911156607,4438783.448477975,0.00290071976352216,0
actual,1745428286.3483438,394655.5791453675,4438783.448533933,0.002945330379203108,0
actual,1745428286.4480557,394655.5791652343,4438783.448676715,0.0029422585997194166,0
actual,1745428286.548373,394655.57918604906,4438783.447064958,0.0028312032994151355,0
actual,1745428286.648426,394655.5790706219,4438783.446988969,0.0028451833867235337,0
actual,1745428286.747986,394655.57896328,4438783.446979462,0.002868884957965798,0
actual,1745428286.8479648,394655.5789110098,4438783.44689463,0.0028872632749892785,0
actual,1745428286.9479375,394655.5807800038,4438783.445801976,0.0028372072320419672,0
actual,1745428287.047966,394655.5809021361,4438783.445727459,0.002834275078898579,0
actual,1745428287.1479745,394655.5810153353,4438783.44559491,0.002919482052981102,0
actual,1745428287.2479515,394655.58117816184,4438783.445644223,0.0028574355980726033,0
actual,1745428287.3481216,394655.5811874658,4438783.445554515,0.0029278770866830815,0
actual,1745428287.4480302,394655.581190816,4438783.444779613,0.0028360029548581554,0
actual,1745428287.5479343,394655.58130398573,4438783.444799856,0.0028378704571577866,0
actual,1745428287.6479568,394655.58142366307,4438783.444757101,0.0029186966548177032,0
actual,1745428287.74793,394655.5815130568,4438783.444799166,0.0028731435613405776,0
actual,1745428287.8479314,394655.5815733147,4438783.444661681,0.002981947386909766,0
actual,1745428287.9479747,394655.5796374172,4438783.445650121,0.0028229478920532114,0
actual,1745428288.0479531,394655.57948898507,4438783.445817078,0.0028193525137940032,0
actual,1745428288.1479347,394655.57947020314,4438783.446041589,0.0028463876639075935,0
actual,1745428288.2479475,394655.57930169255,4438783.446360897,0.0028602281248756886,0
actual,1745428288.3479464,394655.5791207176,4438783.446455131,0.0028868618492613415,0
actual,1745428288.4479332,394655.5805989568,4438783.446783318,0.0027852662335025487,0
actual,1745428288.547939,394655.58088901505,4438783.447173422,0.0027839397832711576,0
actual,1745428288.6479285,394655.58124204015,4438783.447129514,0.0028339958262182208,0
actual,1745428288.747978,394655.58179402124,4438783.447298245,0.002849843415826498,0
actual,1745428288.8479798,394655.5822590156,4438783.447719655,0.0028374690314298496,0
actual,1745428288.9479537,394655.5799491433,4438783.445754763,0.002824012542896968,0
actual,1745428289.0479379,394655.57986425987,4438783.4456603015,0.0027876573345779446,0
actual,1745428289.1479294,394655.5796996326,4438783.445491758,0.002845724438791774,0
actual,1745428289.2479455,394655.5795112148,4438783.445260999,0.0028576973974604853,0
actual,1745428289.347932,394655.5790482258,4438783.445024372,0.0029885970913599413,0
actual,1745428289.4479635,394655.5818950559,4438783.446804488,0.0027122940174768673,0
actual,1745428289.5481408,394655.58154744364,4438783.446941852,0.002682728139948074,0
actual,1745428289.647991,394655.58161679085,4438783.446865284,0.0026879292211187834,0
actual,1745428289.7479756,394655.5820518437,4438783.446697097,0.002777935850644326,0
actual,1745428289.8479729,394655.5825323236,4438783.44677166,0.0027740786729972358,0
actual,1745428289.9479604,394655.57892557536,4438783.445122735,0.0027443906224208633,0
actual,1745428290.0479298,394655.5786765006,4438783.444971685,0.0027481081737276503,0
actual,1745428290.1479301,394655.5785581141,4438783.444866247,0.0026935142747252015,0
actual,1745428290.2479289,394655.5785719998,4438783.444662365,0.002792596616361019,0
actual,1745428290.3482676,394655.57862734393,4438783.444582282,0.0027598367863009557,0
actual,1745428290.4479556,394655.5806890362,4438783.447012861,0.0028015152488387635,0
actual,1745428290.5480373,394655.58076098474,4438783.4473678535,0.0027367984401747585,0
actual,1745428290.647939,394655.58086312946,4438783.447576762,0.0027792797541681927,0
actual,1745428290.747885,394655.5807934022,4438783.447654002,0.002836666179973975,0
actual,1745428290.8479342,394655.5805010496,4438783.447948728,0.0028391969073891777,0
actual,1745428290.9479296,394655.5804958678,4438783.446257684,0.002854503444929215,0
actual,1745428291.0479178,394655.58034048334,4438783.446237471,0.0028281489732241683,0
actual,1745428291.1479616,394655.58044270845,4438783.446289049,0.0028743478385243894,0
actual,1745428291.247926,394655.58075956197,4438783.446272116,0.002900318337793975,0
actual,1745428291.3479476,394655.581039621,4438783.446287117,0.0029109648462312954,0
actual,1745428291.447932,394655.5810934281,4438783.446896946,0.0027776740512564435,0
actual,1745428291.5479293,394655.58094228,4438783.447034249,0.0027941848659802926,0
actual,1745428291.6479652,394655.5808361226,4438783.447201518,0.002786069084958671,0
actual,1745428291.7479331,394655.58076162275,4438783.447455625,0.00281416888591577,0
actual,1745428291.8479621,394655.5806765584,4438783.447702391,0.0028426526593080827,0
actual,1745428291.9479299,394655.58138284856,4438783.446154269,0.00282521682008078,0
actual,1745428292.048047,394655.58151240955,4438783.446069782,0.002834275078898579,0
actual,1745428292.1480577,394655.5816208046,4438783.446116908,0.0028055120528256605,0
actual,1745428292.2481472,394655.5817147903,4438783.446065371,0.002848377339254804,0
actual,1745428292.3479388,394655.58191388706,4438783.445981839,0.0028790078676273543,0
actual,1745428292.4479723,394655.58206562104,4438783.445939803,0.002937458944276645,0
actual,1745428292.5479298,394655.58072242606,4438783.444338345,0.0028410644096888093,0
actual,1745428292.6480439,394655.5806648044,4438783.444221699,0.002835741155470273,0
actual,1745428292.7483976,394655.58063622133,4438783.444089905,0.0028880661264451533,0
actual,1745428292.8481357,394655.5804953221,4438783.443998993,0.002899655112678403,0
actual,1745428292.9482021,394655.57992988115,4438783.445018839,0.0028755521157082012,0
actual,1745428293.0483687,394655.5794746898,4438783.445028987,0.0028489183913227964,0
actual,1745428293.1481783,394655.5797001672,4438783.444916218,0.0028537180467658164,0
actual,1745428293.2479465,394655.5811198209,4438783.444979063,0.002852112343854067,0
actual,1745428293.3479347,394655.58335394727,4438783.445245787,0.0028671570820062216,0
actual,1745428293.447931,394655.58502616,4438783.445528708,0.0029748788034391774,0
actual,1745428293.5481365,394655.5858043821,4438783.445699601,0.0029646337207300424,0
actual,1745428293.6480095,394655.5854222194,4438783.44600834,0.0029944613976467175,0
actual,1745428293.74794,394655.58441802004,4438783.446363109,0.0029144380514426757,0
actual,1745428293.8480256,394655.58348180563,4438783.446435276,0.0029367957191608254,0
actual,1745428293.9482079,394655.58613784425,4438783.444567532,0.002868221732849979,0
actual,1745428294.0479536,394655.5873439935,4438783.44496157,0.0028671570820062216,0
actual,1745428294.1483192,394655.58853866963,4438783.444824139,0.002956238687028063,0
actual,1745428294.247939,394655.58978994074,4438783.444690025,0.002972086276636092,0
actual,1745428294.3481143,394655.5907343655,4438783.444775573,0.003029350529394047,0
actual,1745428294.4479375,394655.59122461604,4438783.44480698,0.003099390592276588,0
actual,1745428294.5486019,394655.5838328557,4438783.444626166,0.0030317416304691948,0
actual,1745428294.6479645,394655.5825420518,4438783.444766901,0.0029980567759056776,0
actual,1745428294.7480376,394655.5815524692,4438783.444738356,0.003062494331889324,0
actual,1745428294.8480494,394655.5809507546,4438783.44476756,0.0031001934437324625,0
actual,1745428294.9479399,394655.5808867436,4438783.445115944,0.002906182644080751,0
actual,1745428295.04796,394655.5813398485,4438783.445080779,0.002953044734496792,0
actual,1745428295.1481829,394655.58210219623,4438783.445005477,0.003009767935186755,0
actual,1745428295.2478926,394655.58296518575,4438783.444979212,0.0030340105584967638,0
actual,1745428295.3479362,394655.58386785886,4438783.444969289,0.0030807504758652254,0
actual,1745428295.4481444,394655.58297048026,4438783.4447817365,0.0030297519551219843,0
actual,1745428295.5479462,394655.5830520816,4438783.444685087,0.0030831415769406213,0
actual,1745428295.6479332,394655.5829382424,4438783.4447113685,0.0030731582936191206,0
actual,1745428295.7479913,394655.58270569495,4438783.444689317,0.0031164250057759534,0
actual,1745428295.8480113,394655.5823215153,4438783.444685234,0.003114435330428743,0
actual,1745428295.94853,394655.5823397907,4438783.445162899,0.002971946650296037,0
actual,1745428296.0486693,394655.5822732498,4438783.44514054,0.0030016521541648853,0
actual,1745428296.1481495,394655.58234222856,4438783.44513927,0.003007376834111359,0
actual,1745428296.2481847,394655.58238097123,4438783.4452289,0.0030185643946166714,0
actual,1745428296.3479447,394655.58228387986,4438783.445264187,0.003031340204741258,0
actual,1745428296.4484015,394655.58217923477,4438783.445218151,0.003087941232383393,0
actual,1745428296.5483916,394655.5833045901,4438783.444584445,0.0030120368632143234,0
actual,1745428296.6481662,394655.583311766,4438783.444495922,0.00305957963203866,0
actual,1745428296.7488701,394655.58311282634,4438783.444491059,0.0030884648311591575,0
actual,1745428296.8482528,394655.5827290745,4438783.4445852395,0.0030919380363705383,0
actual,1745428296.9480522,394655.58255702356,4438783.44563023,0.0030068357820433665,0
actual,1745428297.048327,394655.5819434591,4438783.445662551,0.002936272120385061,0
actual,1745428297.1479316,394655.58176698175,4438783.445670751,0.00298313421080135,0
actual,1745428297.2479334,394655.5820733654,4438783.445652023,0.0030274830270944158,0
actual,1745428297.347964,394655.5825317775,4438783.445642905,0.003032143056197132,0
actual,1745428297.4479587,394655.58142599236,4438783.446394847,0.003020292270576248,0
actual,1745428297.548573,394655.5816094188,4438783.446475663,0.003006312183267602,0
actual,1745428297.6481671,394655.5819238841,4438783.4465683745,0.0030377281098035508,0
actual,1745428297.7484097,394655.5821684061,4438783.446502279,0.003101921319692039,0
actual,1745428297.848611,394655.5823110941,4438783.446553367,0.003076212619810088,0
actual,1745428297.9482465,394655.58307664463,4438783.447304661,0.00296023549101496,0
actual,1745428298.0479317,394655.5829693489,4438783.4473871775,0.0029614397681990198,0
actual,1745428298.1479309,394655.5827389285,4438783.447431638,0.0030057711311996097,0
actual,1745428298.2479315,394655.58244483,4438783.447555021,0.0030517081971121966,0
actual,1745428298.348045,394655.58214266173,4438783.4476997,0.0030730186672788175,0
actual,1745428298.447947,394655.58186272916,4438783.447848709,0.0031132310532449308,0
actual,1745428298.5482004,394655.58338614856,4438783.445488735,0.0029939203455784775,0
actual,1745428298.648079,394655.583507181,4438783.445411022,0.0029933967468029608,0
actual,1745428298.7480617,394655.5837481021,4438783.445301849,0.003007516460451662,0
actual,1745428298.848037,394655.5840489599,4438783.445258598,0.0030160336672012205,0
actual,1745428298.947932,394655.5831087655,4438783.444631948,0.002947721480278256,0
actual,1745428299.047931,394655.5829985305,4438783.44447783,0.0030166968923170403,0
actual,1745428299.1479363,394655.582850876,4438783.444473786,0.002985001713100981,0
actual,1745428299.2479482,394655.582600498,4438783.444390089,0.0030555828280515148,0
actual,1745428299.3485007,394655.5823697428,4438783.444317144,0.0030517081971121966,0
actual,1745428299.4480858,394655.5825274466,4438783.445389804,0.002966902648757611,0
actual,1745428299.5481932,394655.5825743193,4438783.445485434,0.0029992435997970137,0
actual,1745428299.6481907,394655.58266008296,4438783.445606791,0.0030262787499106035,0
actual,1745428299.7479353,394655.5828093626,4438783.44574195,0.003095533414629746,0
actual,1745428299.8481724,394655.58304538904,4438783.445859668,0.003106982774522693,0
actual,1745428299.9479692,394655.58112286567,4438783.446458823,0.002985804564556856,0
actual,1745428300.0480201,394655.5809581126,4438783.44653904,0.002988474918312362,0
actual,1745428300.1481354,394655.5807140805,4438783.446594409,0.003025615524794784,0
actual,1745428300.2481897,394655.5805642669,4438783.446717836,0.003016435092929158,0
actual,1745428300.348254,394655.5805557566,4438783.446889031,0.003022962624331754,0
actual,1745428300.4482296,394655.5800968217,4438783.4453068115,0.0028871411019414516,0
actual,1745428300.5482085,394655.57999048725,4438783.445108335,0.0029113662719592323,0
actual,1745428300.647959,394655.5798709501,4438783.444914606,0.0029599736916273256,0
actual,1745428300.747977,394655.57964552764,4438783.444766325,0.002981004909113836,0
actual,1745428300.8480613,394655.57924660377,4438783.444554139,0.0030425277652465703,0
actual,1745428300.948031,394655.5816591575,4438783.445334123,0.0029327989151736802,0
actual,1745428301.047963,394655.58171117655,4438783.44526463,0.0029788756074263225,0
actual,1745428301.1480482,394655.5818540047,4438783.445202447,0.0029992435997970137,0
actual,1745428301.247984,394655.58206141595,4438783.445141471,0.002996189273606046,0
actual,1745428301.3482854,394655.582298102,4438783.445101937,0.002987131014788247,0
actual,1745428301.4482284,394655.5831655068,4438783.445494208,0.0029032504909373633,0
actual,1745428301.548696,394655.58328971465,4438783.445504046,0.002926952062179628,0
actual,1745428301.6483214,394655.5833606299,4438783.445466094,0.002972889128091967,0
actual,1745428301.7482972,394655.58346089616,4438783.445464834,0.002991127818775392,0
actual,1745428301.8479667,394655.5836367232,4438783.445492585,0.0029931349474150784,0
actual,1745428301.948104,394655.5829628629,4438783.445919421,0.003001111102096893,0
actual,1745428302.0479298,394655.5830512567,4438783.445923476,0.00302149654776006,0
actual,1745428302.1479316,394655.58311750204,4438783.445909173,0.003081012275253108,0
actual,1745428302.2481003,394655.5831382173,4438783.445938207,0.0031186939338035224,0
actual,1745428302.3487663,394655.5831012264,4438783.445951409,0.003148259811332315,0
actual,1745428302.4487715,394655.58306110016,4438783.4459516145,0.003136007599983494,0
actual,1745428302.5482473,394655.581860914,4438783.44551629,0.0030212172950797016,0
actual,1745428302.6483457,394655.5818208228,4438783.445498325,0.003052388875520244,0
actual,1745428302.7479303,394655.5818361455,4438783.445495483,0.003081675500368927,0
actual,1745428302.848236,394655.5818156779,4438783.4454954425,0.003109635674985723,0
actual,1745428302.947932,394655.5829987072,4438783.445432815,0.0029604972904028423,0
actual,1745428303.0479603,394655.58300007123,4438783.44546073,0.0030212172950797016,0
actual,1745428303.1481016,394655.5830490123,4438783.445512537,0.0030232244237196363,0
actual,1745428303.2480998,394655.5831070818,4438783.445536883,0.003083804802056193,0
actual,1745428303.34825,394655.58315702283,4438783.445603037,0.0030654264850327123,0
actual,1745428303.4484718,394655.58276947355,4438783.44786652,0.0029880734925844246,0
actual,1745428303.5481007,394655.5826525767,4438783.44801993,0.002996852498721866,0
actual,1745428303.6480477,394655.5825524642,4438783.448145869,0.003050783172608495,0
actual,1745428303.747964,394655.58253718546,4438783.448407353,0.003029210903053992,0
actual,1745428303.8479328,394655.58261952386,4438783.448623525,0.0030489156703088637,0
actual,1745428303.9485264,394655.58235024824,4438783.447745819,0.00294985078196577,0
actual,1745428304.0479932,394655.58231905446,4438783.447813533,0.0029658379979138542,0
actual,1745428304.1484168,394655.5822621555,4438783.447880705,0.00297861380803844,0
actual,1745428304.2483113,394655.5822137934,4438783.44788533,0.003000849302709011,0
actual,1745428304.3482807,394655.5821266765,4438783.447928445,0.0030558446274393967,0
actual,1745428304.4482045,394655.5825606616,4438783.447863533,0.002924543507811756,0
actual,1745428304.5479693,394655.5825182072,4438783.447867148,0.0029518404573129803,0
actual,1745428304.6479313,394655.58250818937,4438783.44787346,0.0029854031388289186,0
actual,1745428304.74814,394655.58255733544,4438783.447854998,0.0030083018586150607,0
actual,1745428304.8480124,394655.5827488199,4438783.447833953,0.003004846106696156,0
actual,1745428304.9480286,394655.58098237193,4438783.447440944,0.002929744588982713,0
actual,1745428305.0488932,394655.5808537392,4438783.44741063,0.00294918755684995,0
actual,1745428305.1483536,394655.5806706633,4438783.447306794,0.002961701567586654,0
actual,1745428305.2481973,394655.58046627796,4438783.447273259,0.0029979171495656226,0
actual,1745428305.3487,394655.5802763776,4438783.4472822985,0.003024289074563145,0
actual,1745428305.4480538,394655.5812494395,4438783.447808204,0.0030053697054716723,0
actual,1745428305.5480466,394655.58133084135,4438783.447930106,0.0030067136089957872,0
actual,1745428305.647968,394655.58140796056,4438783.44813297,0.0029855427651689736,0
actual,1745428305.748037,394655.58136092813,4438783.448212381,0.0030017743272124646,0
actual,1745428305.8479917,394655.58116509696,4438783.448296184,0.0030260169505227216,0
actual,1745428305.9482403,394655.5812122448,4438783.44840748,0.0029847399137130992,0
actual,1745428306.0485806,394655.58115038037,4438783.448394033,0.0030109722123705667,0
actual,1745428306.1481395,394655.5811436701,4438783.448530825,0.003040799889287242,0
actual,1745428306.2481227,394655.5811376829,4438783.448719431,0.0030284080515978694,0
actual,1745428306.3480852,394655.58122553997,4438783.448848041,0.003057048904623209,0
actual,1745428306.4480605,394655.58149359666,4438783.449033051,0.0030538549520919382,0
actual,1745428306.5483356,394655.58139054384,4438783.4482516525,0.003013625112833597,0
actual,1745428306.6479485,394655.58165552816,4438783.448245882,0.0030782197484497745,0
actual,1745428306.749905,394655.581975125,4438783.448342316,0.0030691614896319755,0
actual,1745428306.8483527,394655.5822665015,4438783.448352731,0.0031550491421225456,0
actual,1745428306.9484503,394655.5795301802,4438783.447250681,0.0029724877023640296,0
actual,1745428307.0487692,394655.5792875177,4438783.447158054,0.0029939203455784775,0
actual,1745428307.148257,394655.5790204938,4438783.447132882,0.0029992435997970137,0
actual,1745428307.2485864,394655.5788059376,4438783.447048497,0.003006312183267602,0
actual,1745428307.3484268,394655.57858919876,4438783.446942154,0.0030272212277065334,0
actual,1745428307.448252,394655.58128577605,4438783.446609505,0.0029096383959996562,0
actual,1745428307.5482605,394655.5814601553,4438783.4465676285,0.0029177541770215257,0
actual,1745428307.6480439,394655.5816686653,4438783.446593467,0.002900440510841802,0
actual,1745428307.7479348,394655.58190105675,4438783.446615387,0.0029546504374087894,0
actual,1745428307.8481877,394655.5821354865,4438783.4466563435,0.002956378313368118,0
actual,1745428307.947965,394655.5807502991,4438783.445100591,0.002978352008650806,0
actual,1745428308.048941,394655.58059396135,4438783.444975374,0.0029925938953470864,0
actual,1745428308.148488,394655.58049310406,4438783.444858278,0.003028146252210235,0
actual,1745428308.2481222,394655.5804260634,4438783.444787612,0.003044395267546202,0
actual,1745428308.348577,394655.5804530029,4438783.444721149,0.003021095122032123,0
actual,1745428308.4479222,394655.58112929336,4438783.444937322,0.0029742155783236057,0
actual,1745428308.547947,394655.58117817354,4438783.444910805,0.0030019139535527677,0
actual,1745428308.6479998,394655.5812015187,4438783.44487491,0.0030145675906295263,0
actual,1745428308.7481742,394655.5811630478,4438783.444801645,0.003058776780582785,0
actual,1745428308.8489044,394655.5811289645,4438783.44482378,0.0030618311067737527,0
actual,1745428308.9485185,394655.5804309195,4438783.446146251,0.002972086276636092,0
actual,1745428309.0482776,394655.5804355459,4438783.44619895,0.0030168365186573434,0
actual,1745428309.1481855,394655.58049835195,4438783.446333348,0.002998720001021497,0
actual,1745428309.2480724,394655.58065592253,4438783.446407073,0.00305064354626844,0
actual,1745428309.3484442,394655.5808174709,4438783.446580824,0.0030194894191203736,0
actual,1745428309.4479303,394655.58142226574,4438783.446302204,0.002999924278205309,0
actual,1745428309.547934,394655.58146292623,4438783.44624769,0.003025755151134839,0
actual,1745428309.6483464,394655.5815263433,4438783.446204791,0.0030338709321567087,0
actual,1745428309.7482338,394655.58165651956,4438783.446212138,0.0030566474788952715,0
actual,1745428309.8480737,394655.58179719327,4438783.446206472,0.003054919602935695,0
actual,1745428309.9479957,394655.58185197704,4438783.446137589,0.0029417350009439003,0
actual,1745428310.0482397,394655.5819250501,4438783.446185464,0.002992052843278846,0
actual,1745428310.1481593,394655.58201518067,4438783.446210218,0.002970620200064398,0
actual,1745428310.2481132,394655.5820732419,4438783.446179618,0.0030684982645161557,0
actual,1745428310.347969,394655.58214343974,4438783.4462759355,0.0030518478234522516,0
actual,1745428310.4485927,394655.5814867368,4438783.446865721,0.0030165572659769852,0
actual,1745428310.5479836,394655.5813541148,4438783.446945849,0.0030236258494475737,0
actual,1745428310.6485944,394655.5812816442,4438783.447004033,0.003040799889287242,0
actual,1745428310.748047,394655.5812418631,4438783.447107008,0.0030533139000239458,0
actual,1745428310.8487465,394655.58120359195,4438783.447150645,0.0031245582400902987,0
actual,1745428310.9483285,394655.58103015635,4438783.447114041,0.002965558745233744,0
actual,1745428311.0481334,394655.5811300792,4438783.447284434,0.002985664938216553,0
actual,1745428311.1480095,394655.5811062668,4438783.447374224,0.003034673783612583,0
actual,1745428311.2486527,394655.58102216286,4438783.447537,0.003058514981194903,0
actual,1745428311.348326,394655.5809139574,4438783.447732837,0.0031036491956513675,0
actual,1745428311.4482443,394655.5815771799,4438783.447696967,0.0030029786043965245,0
actual,1745428311.5482576,394655.581531616,4438783.447670406,0.003039473439055603,0
actual,1745428311.6484685,394655.5815945157,4438783.447787181,0.0030181629688887344,0
actual,1745428311.748005,394655.58176267747,4438783.447846363,0.0030421263395186333,0
actual,1745428311.8481305,394655.58197037433,4438783.447967805,0.0030478510194651065,0
actual,1745428311.9484088,394655.5804044049,4438783.447246385,0.0029979171495656226,0
actual,1745428312.0484807,394655.58025187126,4438783.44721033,0.003008842910683053,0
actual,1745428312.148447,394655.5801397342,4438783.447218743,0.0030527728479557057,0
actual,1745428312.2483282,394655.5800159283,4438783.447257358,0.0030490552966491668,0
actual,1745428312.3481438,394655.5799000525,4438783.447250344,0.003088866256887095,0
actual,1745428312.448564,394655.57983544125,4438783.447284032,0.0030832812032806764,0
actual,1745428312.5483756,394655.58081390546,4438783.447283623,0.0029138969993746837,0
actual,1745428312.6485822,394655.58091580356,4438783.447260216,0.002937336771228818,0
actual,1745428312.7480361,394655.58100933686,4438783.447239051,0.0029329385415139833,0
actual,1745428312.8480856,394655.5810787914,4438783.447195821,0.0029384014220725746,0
actual,1745428312.9487696,394655.57982965844,4438783.447254834,0.002894192232119564,0
actual,1745428313.048417,394655.5796015024,4438783.4471655805,0.0029379999963446376,0
actual,1745428313.1481903,394655.57946763386,4438783.447077974,0.0029546504374087894,0
actual,1745428313.2481024,394655.57946007425,4438783.447051427,0.002969415922880586,0
actual,1745428313.3479831,394655.5794652594,4438783.446969685,0.0029904645936595724,0
actual,1745428313.4479623,394655.5803449545,4438783.448686425,0.0029583679887153283,0
actual,1745428313.5479505,394655.580181048,4438783.448822508,0.0029423982260597197,0
actual,1745428313.6482801,394655.5799768223,4438783.448700834,0.003008842910683053,0
actual,1745428313.7485487,394655.58001663774,4438783.448764842,0.0030525110485680714,0
actual,1745428313.8480039,394655.58005167765,4438783.44895687,0.0030486538709209813,0
actual,1745428313.948341,394655.58082923386,4438783.446520775,0.0029875324405161845,0
actual,1745428314.0480876,394655.5807989043,4438783.446353993,0.002994862823374655,0
actual,1745428314.1479619,394655.5808129473,4438783.446125289,0.003049578895424683,0
actual,1745428314.2483218,394655.58083311474,4438783.445917665,0.003061167881657933,0
actual,1745428314.3483696,394655.58084635966,4438783.44562105,0.003120823235491036,0
actual,1745428314.4488297,394655.58246132894,4438783.447931988,0.0029415953746038453,0
actual,1745428314.5481117,394655.5824886393,4438783.4480723515,0.002951316858537464,0
actual,1745428314.6485384,394655.5824766676,4438783.448087469,0.0030209554956920673,0
actual,1745428314.7483275,394655.58243943885,4438783.448236117,0.0030069754083834215,0
actual,1745428314.8481882,394655.5824155943,4438783.448415022,0.0030365412859122147,0
actual,1745428314.9481409,394655.58030580485,4438783.447323779,0.0029675658738734308,0
actual,1745428315.0482237,394655.5801426721,4438783.447262183,0.002979538832542142,0
actual,1745428315.1479583,394655.57998961513,4438783.447265596,0.0029712834251802178,0
actual,1745428315.248005,394655.5799499714,4438783.447205596,0.0029662219703493154,0
actual,1745428315.3480005,394655.57990212855,4438783.447163582,0.003011373638098504,0
actual,1745428315.4480665,394655.5805075738,4438783.446641249,0.0029647558937776213,0
actual,1745428315.5479743,394655.5802215022,4438783.446531157,0.0029718244772482098,0
actual,1745428315.6483607,394655.5800017293,4438783.446382968,0.003007778259839296,0
actual,1745428315.7480476,394655.5798675631,4438783.446335469,0.003053052100636064,0
actual,1745428315.8480985,394655.57962967874,4438783.446339573,0.0030361398601842773,0
actual,1745428315.9480312,394655.57973445125,4438783.447569102,0.0029690319504451245,0
actual,1745428316.0479732,394655.5799796911,4438783.447589103,0.003006312183267602,0
actual,1745428316.148825,394655.5802843678,4438783.447686197,0.0030792843992935312,0
actual,1745428316.2484872,394655.58040551544,4438783.447864759,0.003030676979625438,0
actual,1745428316.3479521,394655.5804666515,4438783.448020429,0.003039333812715548,0
actual,1745428316.4485197,394655.57998015033,4438783.447600533,0.0029798180852225,0
actual,1745428316.5482213,394655.5799248115,4438783.44765422,0.0029864677896724273,0
actual,1745428316.648341,394655.5798052693,4438783.447704278,0.00301256046198984,0
actual,1745428316.7481747,394655.5797086853,4438783.447794283,0.0030015125278248303,0
actual,1745428316.847973,394655.5796679196,4438783.44790556,0.003003519656464517,0
actual,1745428316.948122,394655.57941416267,4438783.447930162,0.002962626592090356,0
actual,1745428317.048227,394655.5792469931,4438783.448017433,0.002972749501751912,0
actual,1745428317.1486053,394655.5792684698,4438783.448064813,0.0029561165139802355,0
actual,1745428317.2479708,394655.579365391,4438783.448056156,0.0029708819994522804,0
actual,1745428317.347976,394655.5792982758,4438783.448147452,0.002951578657925098,0
actual,1745428317.4483037,394655.58136871975,4438783.446572855,0.002985944190896911,0
actual,1745428317.5484471,394655.58129035635,4438783.446508347,0.0029164277267898866,0
actual,1745428317.648864,394655.5814824674,4438783.446359855,0.0030423881389065152,0
actual,1745428317.7483656,394655.5818997138,4438783.446291579,0.003009767935186755,0
actual,1745428317.8484187,394655.58206872834,4438783.446209061,0.0030718318433874815,0
actual,1745428317.9488208,394655.5816399881,4438783.446922983,0.0029390646471883944,0
actual,1745428318.0484798,394655.5816901383,4438783.446868653,0.002950374380741286,0
actual,1745428318.1479716,394655.5818689163,4438783.446868324,0.0029955260484904747,0
actual,1745428318.24806,394655.5820408127,4438783.446893139,0.0029619633669745364,0
actual,1745428318.34801,394655.58202905615,4438783.446765242,0.0030423881389065152,0
actual,1745428318.4480643,394655.5821049533,4438783.446938934,0.002980603483385899,0
actual,1745428318.548008,394655.58109017636,4438783.447116529,0.0029485243317341307,0
actual,1745428318.6484108,394655.5813446523,4438783.447019225,0.003018965820344609,0
actual,1745428318.7481928,394655.58152254234,4438783.447227712,0.003002716805008642,0
actual,1745428318.84817,394655.58157686715,4438783.447305374,0.0030462627698458335,0
actual,1745428318.948463,394655.5802727276,4438783.44646927,0.002951578657925098,0
actual,1745428319.048166,394655.58026171854,4438783.446629333,0.0030182851419363133,0
actual,1745428319.149102,394655.5803705195,4438783.446749402,0.0029599736916273256,0
actual,1745428319.2481284,394655.5804679389,4438783.446749124,0.003062372158841745,0
actual,1745428319.3480248,394655.5804985592,4438783.446979619,0.0030337313058166537,0
actual,1745428319.4480588,394655.58149143856,4438783.445250128,0.0029417350009439003,0
actual,1745428319.5484781,394655.5814909225,4438783.44499202,0.002971946650296037,0
actual,1745428319.648591,394655.5817313847,4438783.444849901,0.002953847585952667,0
actual,1745428319.7482383,394655.5819372218,4438783.444778138,0.0030057711311996097,0
actual,1745428319.848512,394655.5820736636,4438783.444675237,0.0029647558937776213,0
actual,1745428319.948547,394655.5807618911,4438783.445279267,0.00300990756152681,0
actual,1745428320.0479598,394655.58068080025,4438783.445387445,0.0029943217713064144,0
actual,1745428320.1480868,394655.580603196,4438783.445441212,0.0030402588372190017,0
actual,1745428320.2479951,394655.5805338768,4438783.445477313,0.003080209423797233,0
actual,1745428320.3481495,394655.58046355745,4438783.445624378,0.003054919602935695,0
actual,1745428320.4483995,394655.5824449627,4438783.445871025,0.002961841193926957,0
actual,1745428320.5481715,394655.58260658133,4438783.4458334735,0.002956378313368118,0
actual,1745428320.6481879,394655.5829224983,4438783.445831335,0.002975943454282934,0
actual,1745428320.7481265,394655.5831943655,4438783.445828004,0.002996189273606046,0
actual,1745428320.848172,394655.5834459061,4438783.445778951,0.0030232244237196363,0
actual,1745428320.948332,394655.5807826577,4438783.448118959,0.003035598808116285,0
actual,1745428321.0479543,394655.5804516962,4438783.448549267,0.003056106426827031,0
actual,1745428321.1479583,394655.57990710845,4438783.448993054,0.0031124282017890564,0
actual,1745428321.2480416,394655.57928023755,4438783.44949831,0.003120683609150981,0
actual,1745428321.3480797,394655.578725738,4438783.450035278,0.0031421337056579046,0
actual,1745428321.4492152,394655.58149179636,4438783.447810739,0.0030055093318117274,0
actual,1745428321.548469,394655.5814993128,4438783.447868376,0.0030185643946166714,0
actual,1745428321.6484764,394655.58145834325,4438783.448070313,0.003006172556927547,0
actual,1745428321.7485187,394655.581447039,4438783.448220451,0.0030170983180449777,0
actual,1745428321.8480642,394655.58148974786,4438783.448273167,0.003032003429857077,0
actual,1745428321.9479713,394655.58058254863,4438783.447889379,0.0029449289534751706,0
actual,1745428322.0479627,394655.58057313296,4438783.447964721,0.0029461157773665067,0
actual,1745428322.1480286,394655.58047993924,4438783.4479605155,0.003003781455852399,0
actual,1745428322.2480671,394655.58045162866,4438783.44805118,0.003000849302709011,0
actual,1745428322.3479867,394655.5803773056,4438783.448126331,0.0030117750638264415,0
actual,1745428322.4480605,394655.58033401024,4438783.4481416475,0.0030349355830004655,0
actual,1745428322.548547,394655.58184759185,4438783.446479454,0.002965558745233744,0
actual,1745428322.6484764,394655.5820895423,4438783.446441961,0.0029981789489535045,0
actual,1745428322.748282,394655.5822624242,4438783.446406695,0.0029940599719187806,0
actual,1745428322.8479657,394655.5824434842,4438783.446461,0.00300245500562076,0
actual,1745428322.947948,394655.5819022617,4438783.44629321,0.002976885932079112,0
actual,1745428323.0479488,394655.5818078839,4438783.446170981,0.003001250728436948,0
actual,1745428323.1479557,394655.58164760337,4438783.4461419,0.0030337313058166537,0
actual,1745428323.248265,394655.5815840288,4438783.445903223,0.0030957952140173804,0
actual,1745428323.3479874,394655.58166835684,4438783.445735499,0.00308541050496819,0
actual,1745428323.4482338,394655.5819473482,4438783.44519167,0.0030096457621389275,0
actual,1745428323.5484736,394655.5820698375,4438783.445128168,0.0030079004328871233,0
actual,1745428323.648098,394655.5821874223,4438783.444955247,0.0030221597728758796,0
actual,1745428323.7482033,394655.5822091481,4438783.444837929,0.0030093665094588174,0
actual,1745428323.84795,394655.58213750087,4438783.444723407,0.0030340105584967638,0
actual,1745428323.9479606,394655.5826171458,4438783.445386944,0.002953847585952667,0
actual,1745428324.0480862,394655.58258565987,4438783.4453820195,0.0029671644481454934,0
actual,1745428324.1481419,394655.5825918645,4438783.445381936,0.0029862059902847934,0
actual,1745428324.2479928,394655.58265820367,4438783.445390238,0.002985001713100981,0
actual,1745428324.3486235,394655.5827765361,4438783.445414961,0.0029997846518652537,0
actual,1745428324.448321,394655.58453035646,4438783.444467647,0.002946656829434499,0
actual,1745428324.5483592,394655.5846944088,4438783.444421083,0.0029659601709616816,0
actual,1745428324.6482341,394655.5847766512,4438783.444367916,0.002994862823374655,0
actual,1745428324.7479537,394655.5848330861,4438783.444355417,0.0030262787499106035,0
actual,1745428324.8480377,394655.5849810894,4438783.44437325,0.0030081796855672333,0
actual,1745428324.9479644,394655.58355566976,4438783.445566435,0.002924944933539693,0
actual,1745428325.0479782,394655.58352873207,4438783.445645912,0.002931612091282344,0
actual,1745428325.14869,394655.5834700883,4438783.445660106,0.0029288195644792594,0
actual,1745428325.248085,394655.5832839906,4438783.445658806,0.0029716848509081547,0
actual,1745428325.3482435,394655.5830438457,4438783.445734523,0.003020292270576248,0
actual,1745428325.4481602,394655.5835219499,4438783.445397746,0.002949047930509895,0
actual,1745428325.5481791,394655.5835554064,4438783.445328783,0.0029932571204629057,0
actual,1745428325.6480217,394655.5836572074,4438783.445372165,0.0029700966012888817,0
actual,1745428325.747978,394655.58375828445,4438783.445386561,0.003013904365513955,0
actual,1745428325.8480194,394655.5838656528,4438783.445397888,0.0030479906458054096,0
actual,1745428325.947973,394655.5828387334,4438783.446165619,0.0029790152337666256,0
actual,1745428326.0480478,394655.58279185503,4438783.446215599,0.003019227619732491,0
actual,1745428326.1484299,394655.5828067898,4438783.446392598,0.003034673783612583,0
actual,1745428326.248257,394655.58283572976,4438783.446495976,0.0030808726489128047,0
actual,1745428326.3479533,394655.5828969713,4438783.44659834,0.003096859864861137,0
actual,1745428326.4479637,394655.582864202,4438783.446843966,0.0030774168969938996,0
actual,1745428326.5479796,394655.58225285093,4438783.447178169,0.0029854031388289186,0
actual,1745428326.648048,394655.5818619168,4438783.447276789,0.0030493170960368006,0
actual,1745428326.7479706,394655.5815185916,4438783.447497315,0.003057572503398725,0
actual,1745428326.8479524,394655.5812615454,4438783.447743798,0.003079144772953476,0
actual,1745428326.9479518,394655.5811915642,4438783.446788658,0.0029688923241050695,0
actual,1745428327.0479782,394655.58118892193,4438783.446734796,0.0029674262475333757,0
actual,1745428327.147963,394655.5811175971,4438783.446694158,0.0030324048555850146,0
actual,1745428327.2483165,394655.58110618324,4438783.446652681,0.003038129535531488,0
actual,1745428327.3482645,394655.5810926451,4438783.446540838,0.003073681892394637,0
actual,1745428327.4483929,394655.58079156966,4438783.446724511,0.0029604972904028423,0
actual,1745428327.5479999,394655.5807345323,4438783.446740971,0.0029724877023640296,0
actual,1745428327.6479766,394655.58065838006,4438783.446736458,0.0030193672460725463,0
actual,1745428327.747964,394655.5806001976,4438783.446842419,0.003077818322721837,0
actual,1745428327.8479395,394655.58050024125,4438783.446928763,0.0030350752093405205,0
actual,1745428327.9479268,394655.5800311462,4438783.445776656,0.0030170983180449777,0
actual,1745428328.0479531,394655.5800968971,4438783.445837869,0.0029546504374087894,0
actual,1745428328.148355,394655.5802246308,4438783.445692513,0.0030515860240643696,0
actual,1745428328.2480502,394655.5804172377,4438783.445770854,0.0030312180316936785,0
actual,1745428328.3483093,394655.58066815557,4438783.445827824,0.0030704879398636142,0
actual,1745428328.4479861,394655.58082524076,4438783.445827102,0.0031088328235298487,0
actual,1745428328.5478992,394655.5815360166,4438783.446579541,0.0029953864221501716,0
actual,1745428328.6479888,394655.5813953125,4438783.446682959,0.003025353725406902,0
actual,1745428328.7479515,394655.5812000578,4438783.44679288,0.003024952299678965,0
actual,1745428328.848041,394655.5810627651,4438783.446844208,0.0030897912813905486,0
actual,1745428328.9479914,394655.5803222138,4438783.447029573,0.0029398674986442688,0
actual,1745428329.0481253,394655.5802101813,4438783.446907935,0.003033347333381192,0
actual,1745428329.1484067,394655.58018774865,4438783.446872952,0.003053715325751883,0
actual,1745428329.24837,394655.58012574015,4438783.447060182,0.0029852635124886155,0
actual,1745428329.3479416,394655.5799186699,4438783.44691677,0.003066630762216524,0
actual,1745428329.4479744,394655.5811145917,4438783.447191789,0.0029534461602247295,0
actual,1745428329.5479062,394655.58102361555,4438783.44745472,0.0029228156318524276,0
actual,1745428329.6480074,394655.5809881531,4438783.447636574,0.002943864302631414,0
actual,1745428329.7479758,394655.5810794451,4438783.447799036,0.002925887411335871,0
actual,1745428329.848076,394655.5813223141,4438783.448069786,0.0029429218248352364,0
actual,1745428329.9479845,394655.58059857995,4438783.447165413,0.002973150927479849,0
actual,1745428330.0484192,394655.5808120622,4438783.446994323,0.0030069754083834215,0
actual,1745428330.1482525,394655.58109572285,4438783.447002543,0.0029929953210750234,0
actual,1745428330.2482548,394655.5808996954,4438783.446836971,0.0030935262859898113,0
actual,1745428330.3479357,394655.58036939893,4438783.446705052,0.0031210850348789183,0
actual,1745428330.4479933,394655.5794574525,4438783.44667861,0.003185801843542923,0
actual,1745428330.5479677,394655.5803274406,4438783.447727792,0.002854503444929215,0
actual,1745428330.6479552,394655.58051523607,4438783.44770209,0.002931071039214352,0
actual,1745428330.7481241,394655.58162360126,4438783.447544919,0.002988335291972059,0
actual,1745428330.8484437,394655.58361884573,4438783.447592003,0.0029647558937776213,0
actual,1745428330.9481094,394655.5788974396,4438783.447370675,0.0030956555876773253,0
actual,1745428331.0484617,394655.57991370745,4438783.447525738,0.0030160336672012205,0
actual,1745428331.1481385,394655.5804730968,4438783.447442392,0.003193533652129083,0
actual,1745428331.248046,394655.58005480067,4438783.447332034,0.003163444175824773,0
actual,1745428331.3479989,394655.57891872607,4438783.447380467,0.003159307745497573,0
actual,1745428331.447966,394655.58435230516,4438783.447113939,0.002961561941246599,0
actual,1745428331.5479798,394655.5843181029,4438783.447136643,0.002909376596612022,0
actual,1745428331.6479468,394655.58436131553,4438783.446715917,0.0030490552966491668,0
actual,1745428331.7484534,394655.5844611699,4438783.446645503,0.003007376834111359,0
actual,1745428331.8484263,394655.5846279106,4438783.446543131,0.0030718318433874815,0
actual,1745428331.948371,394655.5822644083,4438783.447027281,0.002877419618007833,0
actual,1745428332.049024,394655.58245936356,4438783.446962644,0.0029598340652870225,0
actual,1745428332.1483946,394655.58278197004,4438783.446933715,0.002956500486415697,0
actual,1745428332.2479908,394655.5831246673,4438783.446824774,0.0030180233425486794,0
actual,1745428332.3479822,394655.5834021926,4438783.446743519,0.0030667703885568273,0
actual,1745428332.4479544,394655.5831801469,4438783.446682133,0.003094451310493513,0
actual,1745428332.547947,394655.58267161343,4438783.446665523,0.003068760063904038,0
actual,1745428332.6480184,394655.580773185,4438783.446865888,0.002961561941246599,0
actual,1745428332.7480175,394655.580564581,4438783.446773938,0.0029892603164757606,0
actual,1745428332.8488903,394655.5807605547,4438783.446708204,0.003030275553897501,0
actual,1745428332.94796,394655.5803934208,4438783.447308856,0.0029913896181632746,0
actual,1745428333.04804,394655.58051438106,4438783.447429731,0.00300924433641099,0
actual,1745428333.1479597,394655.58054395235,4438783.447493133,0.0030144279642894713,0
actual,1745428333.2479577,394655.5802280743,4438783.447571615,0.003010431160302326,0
actual,1745428333.3479445,394655.5794656295,4438783.447613072,0.0030603650302020585,0
actual,1745428333.4479368,394655.58245419594,4438783.445682069,0.0030265580025909617,0
actual,1745428333.5479505,394655.58259156183,4438783.445491871,0.003032666654972897,0
actual,1745428333.6479633,394655.5829973334,4438783.4451107,0.003163828148260235,0
actual,1745428333.74814,394655.5837305971,4438783.445004654,0.0031220275126748478,0
actual,1745428333.848729,394655.58471481234,4438783.444717666,0.0032081769645533006,0
actual,1745428333.948021,394655.5829834109,4438783.445438503,0.0029305474404385874,0
actual,1745428334.0484765,394655.5828309475,4438783.4453613525,0.0030023153792807047,0
actual,1745428334.1479542,394655.5823885275,4438783.445421671,0.0030157718678135866,0
actual,1745428334.247868,394655.58163646306,4438783.445434106,0.0030278844528223527,0
actual,1745428334.3479545,394655.5806613684,4438783.445381603,0.003060103230814176,0
actual,1745428334.447859,394655.5796176857,4438783.445378488,0.0030740833181225743,0
actual,1745428334.5480418,394655.5830766167,4438783.444169939,0.002905781218352814,0
actual,1745428334.6482055,394655.58314782195,4438783.44420861,0.0027694186438945194,0
actual,1745428334.7487833,394655.58328691014,4438783.44388948,0.0030437320424303825,0
actual,1745428334.847986,394655.58356175164,4438783.443710149,0.0031212246612189734,0
actual,1745428334.9479504,394655.5825154324,4438783.443400605,0.0029379999963446376,0
actual,1745428335.0479567,394655.58275097364,4438783.443272266,0.0030157718678135866,0
actual,1745428335.1480176,394655.58310537145,4438783.443230816,0.003020292270576248,0
actual,1745428335.2479887,394655.5833985491,4438783.443139611,0.0030688996902443412,0
actual,1745428335.347997,394655.5834005695,4438783.443170258,0.0030798079980692956,0
actual,1745428335.4479988,394655.58511718403,4438783.444253879,0.0029967303256742866,0
actual,1745428335.5479481,394655.584305051,4438783.44439486,0.00285584734845333,0
actual,1745428335.6486712,394655.5828334748,4438783.444144314,0.0032084387639411825,0
actual,1745428335.748343,394655.5822960971,4438783.444429577,0.0030043050546279156,0
actual,1745428335.8479397,394655.5820192683,4438783.444436583,0.0030899309077308517,0
actual,1745428335.9479358,394655.58047443343,4438783.4438837655,0.0030694232890198575,0
actual,1745428336.048034,394655.5806755154,4438783.443893781,0.0029634294435462306,0
actual,1745428336.1480002,394655.5809748059,4438783.4437936945,0.0030703657668157873,0
actual,1745428336.2479978,394655.58110995777,4438783.44392065,0.0029613001418587167,0
actual,1745428336.3479943,394655.5811167163,4438783.4437785875,0.0030771550976062658,0
actual,1745428336.4479954,394655.5809680907,4438783.443823552,0.00302894910366611,0
actual,1745428336.5480053,394655.5804880583,4438783.443984519,0.0029826106120255853,0
actual,1745428336.6486275,394655.58029077156,4438783.444141811,0.0029305474404385874,0
actual,1745428336.7480164,394655.5801956577,4438783.444068648,0.0030160336672012205,0
actual,1745428336.848053,394655.58013585384,4438783.444135439,0.0030238876488352076,0
actual,1745428336.9479992,394655.5813160776,4438783.443338059,0.002905501965672456,0
actual,1745428337.0480301,394655.581358306,4438783.443216747,0.0029814063348417735,0
actual,1745428337.1480033,394655.58145214594,4438783.443112867,0.002980603483385899,0
actual,1745428337.2479434,394655.5815676227,4438783.443018704,0.0030213569214200047,0
actual,1745428337.3479457,394655.58157507365,4438783.442985351,0.0029866074160127304,0
actual,1745428337.4483922,394655.5819321277,4438783.44275524,0.002956378313368118,0
actual,1745428337.5480382,394655.581944791,4438783.442829339,0.0029650351464579794,0
actual,1745428337.6482477,394655.5819709803,4438783.4428349715,0.0029382617957325195,0
actual,1745428337.7485306,394655.5819930011,4438783.442840552,0.002989801368543753,0
actual,1745428337.847954,394655.5823317105,4438783.442874861,0.002973150927479849,0
actual,1745428337.9480512,394655.585139632,4438783.443731537,0.002927074235227207,0
actual,1745428338.047976,394655.590627235,4438783.443674665,0.0029663615966896185,0
actual,1745428338.1480322,394655.6000041453,4438783.443596266,0.00296023549101496,0
actual,1745428338.2479594,394655.6148310672,4438783.44351046,0.002925887411335871,0
actual,1745428338.347956,394655.63570048666,4438783.443287891,0.002978352008650806,0
actual,1745428338.4480307,394655.6639316376,4438783.442960228,0.0029096383959996562,0
actual,1745428338.5481875,394655.70178085525,4438783.44125709,0.0029182952290895178,0
actual,1745428338.6480694,394655.7482561268,4438783.4404460145,0.002908311945768265,0
actual,1745428338.7480044,394655.80489507667,4438783.439425672,0.0029598340652870225,0
actual,1745428338.8479452,394655.87239359855,4438783.438357018,0.0029443879014069306,0
actual,1745428338.9480433,394655.94894116296,4438783.436328778,0.002799909545926766,0
actual,1745428339.0479238,394656.0389836756,4438783.4348108815,0.00277940192721602,0
actual,1745428339.1479125,394656.1414089917,4438783.433229956,0.0027912527128369042,0
actual,1745428339.2481315,394656.2576489061,4438783.431336098,0.002806297450989059,0
actual,1745428339.3480277,394656.3878371305,4438783.429033934,0.0028927261555478697,0
actual,1745428339.4480271,394656.5354131556,4438783.426611888,0.0027506389011431017,0
actual,1745428339.5480351,394656.69402386993,4438783.423815157,0.002712957242592439,0
actual,1745428339.6479695,394656.86699007393,4438783.420843845,0.0026004358657164637,0
actual,1745428339.7479475,394657.05453501595,4438783.417773588,0.002329735298732036,0
actual,1745428339.8478868,394657.25547133293,4438783.413970211,0.002627471015829806,0
actual,1745428339.9479446,394657.45670089795,4438783.408893786,0.002711892591748682,0
actual,1745428340.0479527,394657.6685368106,4438783.404834079,0.0028655688323869486,0
actual,1745428340.1479523,394657.879851894,4438783.401249272,0.002868361359190034,0
actual,1745428340.24798,394658.09132265695,4438783.397869502,0.0029112266456191773,0
actual,1745428340.347958,394658.3027171349,4438783.394051697,0.002953184360837095,0
actual,1745428340.4481008,394658.527016872,4438783.391837008,0.0026226888136792617,0
actual,1745428340.5479426,394658.7391967375,4438783.387950523,0.0027791401278281377,0
actual,1745428340.6479797,394658.9512715554,4438783.3845012635,0.002526416452139253,0
actual,1745428340.747995,394659.1628545278,4438783.380598458,0.002713498294660679,0
actual,1745428340.8480384,394659.37338311505,4438783.377083391,0.0026999196330802187,0
actual,1745428340.9480126,394659.5763803911,4438783.370710335,0.002865691005434528,0
actual,1745428341.047973,394659.7840596001,4438783.367104795,0.002883929696117953,0
actual,1745428341.1479855,394659.9914789689,4438783.363187547,0.0030935262859898113,0
actual,1745428341.2479389,394660.1986557255,4438783.359330682,0.00272707695624114,0
actual,1745428341.3479705,394660.40533721633,4438783.355315963,0.0027519828046672166,0
actual,1745428341.4479704,394660.6169435873,4438783.351424779,0.0025328043572015466,0
actual,1745428341.5479543,394660.8222664287,4438783.347623103,0.002568094914677061,0
actual,1745428341.647941,394661.0270761828,4438783.343521292,0.0027577074846136898,0
actual,1745428341.7479508,394661.23176599835,4438783.339562205,0.002657298692746481,0
actual,1745428341.8479662,394661.4360043759,4438783.335658247,0.002770483294738276,0
actual,1745428341.947982,394661.6404324913,4438783.33224625,0.0027188215488792153,0
actual,1745428342.0479965,394661.8433544254,4438783.3293095315,0.0027322780374120967,0
actual,1745428342.1479163,394662.04645752005,4438783.325799846,0.0024449095760712895,0
actual,1745428342.2479389,394662.24847371224,4438783.321823995,0.002513884988110074,0
actual,1745428342.347952,394662.44945644826,4438783.318133354,0.0022604980873056177,0
actual,1745428342.447981,394662.6504355366,4438783.314090892,0.0024398481212403876,0
actual,1745428342.547959,394662.85094502417,4438783.309926012,0.00260630017200324,0
actual,1745428342.6479893,394663.05413493,4438783.3040353,0.002510429236191169,0
actual,1745428342.7479732,394663.2536410693,4438783.300057455,0.002705644313026692,0
actual,1745428342.8479714,394663.4526404096,4438783.296527062,0.0026115012531741973,0
actual,1745428342.9479737,394663.6508896799,4438783.292317164,0.0026743505595383226,0
actual,1745428343.0479467,394663.84931775345,4438783.291742714,0.0022691549203954797,0
actual,1745428343.147968,394664.0461165289,4438783.288089378,0.00223786116690711,0
actual,1745428343.2479367,394664.24262365606,4438783.284734727,0.002125601589418769,0
actual,1745428343.347959,394664.43787707156,4438783.280899212,0.002219884275611567,0
actual,1745428343.4479926,394664.63231602847,4438783.277218759,0.002328531021548224,0
actual,1745428343.5479662,394664.82405166357,4438783.270323697,0.002301234072047,0
actual,1745428343.6478465,394665.01639765705,4438783.266488659,0.002306295526877902,0
actual,1745428343.747943,394665.20783428586,4438783.262784442,0.002354763320205692,0
actual,1745428343.8480287,394665.39886593603,4438783.258748258,0.0023774002406041998,0
actual,1745428343.947978,394665.5892354437,4438783.254520448,0.002198434179104643,0
actual,1745428344.048027,394665.7796419839,4438783.253534378,0.002178327986121586,0
actual,1745428344.148003,394665.96813167166,4438783.249891596,0.0018865787483581724,0
actual,1745428344.2479932,394666.155866286,4438783.24596297,0.0020500986459776366,0
actual,1745428344.3479943,394666.3428520451,4438783.242190499,0.0020956342861620384,0
actual,1745428344.4479792,394666.5287549518,4438783.23855652,0.0019756603533800134,0
actual,1745428344.5479412,394666.7147404036,4438783.230678559,0.0022747399740016497,0
actual,1745428344.6478772,394666.89895417745,4438783.226773867,0.0020997707164892385,0
actual,1745428344.7479374,394667.0824453982,4438783.222712224,0.002294182941868887,0
actual,1745428344.848049,394667.2649767685,4438783.21876254,0.0020575512018836868,0
actual,1745428344.947998,394667.4477955309,4438783.2209036285,0.0018949737820604,0
actual,1745428345.047959,394667.6288178023,4438783.217328145,0.0019831303625785393,0
actual,1745428345.1480443,394667.8090858254,4438783.214594944,0.001733059587352933,0
actual,1745428345.2480116,394667.988536378,4438783.211267029,0.0019596905907241567,0
actual,1745428345.3479497,394668.16740862303,4438783.208235642,0.0019524998342059891,0
actual,1745428345.4479642,394668.35003178875,4438783.200939381,0.002121744411771927,0
actual,1745428345.5479653,394668.5279421893,4438783.196987595,0.002202308810043961,0
actual,1745428345.6480846,394668.7026035802,4438783.193849918,0.0022003016814042746,0
actual,1745428345.7480083,394668.8737207232,4438783.190277035,0.002443321326452016,0
actual,1745428345.847966,394669.0402887853,4438783.1869803835,0.002202029557363603,0
actual,1745428345.9479754,394669.1997131762,4438783.184541067,0.0020514250962090277,0
actual,1745428346.0479832,394669.352861425,4438783.181326821,0.0020129580394952144,0
actual,1745428346.1479585,394669.4994159323,4438783.178766556,0.0015889826576007057,0
actual,1745428346.2479804,394669.6388439795,4438783.175995004,0.0017939017650773718,0
actual,1745428346.3479404,394669.7711055215,4438783.173193681,0.0017676694664199041,0
actual,1745428346.448025,394669.8960981018,4438783.170653711,0.0017197427251601065,0
actual,1745428346.5479603,394670.0145160676,4438783.165939263,0.001985783263041569,0
actual,1745428346.6479886,394670.12453501846,4438783.163464449,0.0018626153777282735,0
actual,1745428346.7480083,394670.227204068,4438783.160820378,0.001954768762233558,0
actual,1745428346.8479598,394670.3200955524,4438783.158565381,0.0019156035738189733,0
actual,1745428346.9479623,394670.40700229,4438783.15859329,0.001667138501504868,0
actual,1745428347.0479436,394670.48279679276,4438783.156939514,0.0019289204360115517,0
actual,1745428347.1479397,394670.5511112147,4438783.155630705,0.0017907078125461013,0
actual,1745428347.248016,394670.6103838554,4438783.154171909,0.001944506226231947,0
actual,1745428347.347964,394670.66306230763,4438783.152924635,0.0018763336656490374,0
actual,1745428347.44796,394670.71106045344,4438783.153821419,0.0018060143500861381,0
actual,1745428347.547947,394670.7488824538,4438783.15296431,0.0018130829335567266,0
actual,1745428347.6480312,394670.7786755697,4438783.1525296485,0.0017696765950595906,0
actual,1745428347.7480013,394670.8010025946,4438783.152131015,0.0018213383409186512,0
actual,1745428347.847983,394670.81664558593,4438783.152038792,0.0017092183897706131,0
actual,1745428347.9479783,394670.82199648843,4438783.1492889915,0.001963949194099184,0
actual,1745428348.048076,394670.82406506164,4438783.148811079,0.0019687488495422037,0
actual,1745428348.1479933,394670.8225420264,4438783.14841565,0.0020205327684488434,0
actual,1745428348.2480137,394670.8218550538,4438783.148163317,0.0020045630057929868,0
actual,1745428348.3480062,394670.82167772774,4438783.147905829,0.0020192063182172043,0
actual,1745428348.4480038,394670.821715625,4438783.1474217875,0.001996831197206827,0
actual,1745428348.5479531,394670.8227283441,4438783.148149322,0.002032924606137968,0
actual,1745428348.6480448,394670.82276173745,4438783.147995359,0.002005488030296689,0
actual,1745428348.7479455,394670.8227796103,4438783.147635009,0.0020521057746173232,0
actual,1745428348.847951,394670.82276383886,4438783.147310909,0.002033448204913485,0
actual,1745428348.9479747,394670.8216291141,4438783.149882185,0.0021516942617361813,0
actual,1745428349.0480404,394670.8213918649,4438783.149989644,0.0021797940626932803,0
actual,1745428349.1479502,394670.8210516161,4438783.150196307,0.0021732665312909323,0
actual,1745428349.2479422,394670.8208613139,4438783.150430762,0.0022258707549459226,0
actual,1745428349.3479388,394670.82045087893,4438783.150601913,0.0022662227672520913,0
actual,1745428349.4479337,394670.8229756091,4438783.148338544,0.002075126667451292,0
actual,1745428349.5480137,394670.8231491397,4438783.148323658,0.0020820556245815776,0
actual,1745428349.6479418,394670.82318066433,4438783.148226569,0.0021098936261507947,0
actual,1745428349.7479544,394670.82320590306,4438783.148016034,0.002121081186656107,0
actual,1745428349.847988,394670.823267077,4438783.147966495,0.0020981650135774893,0
actual,1745428349.94795,394670.82349504856,4438783.148674003,0.0020676741115452425,0
actual,1745428350.047963,394670.82343558443,4438783.148597757,0.002041441812887775,0
actual,1745428350.1479483,394670.82346426835,4438783.148538714,0.002079804149846485,0
actual,1745428350.247977,394670.8234484299,4438783.148453432,0.0020984442662578475,0
actual,1745428350.3479755,394670.82338191185,4438783.148370403,0.0021042911192519003,0
actual,1745428350.447947,394670.82363387436,4438783.14901432,0.002067010886429423,0
actual,1745428350.5479264,394670.82356219296,4438783.148968618,0.002107362898735592,0
